gene,NA19099_Cardiomyocytes,NA18522_Cardiomyocytes,NA19093_Cardiomyocytes
ENSG00000291215,-12.905943043037476,-12.171560451298088,-12.691100977736427
LINC01409,-12.24708394874026,-12.030004068955616,-12.254224783287269
LINC00115,-12.305014502311588,-12.243740492010174,-12.496609350605704
LINC01128,-10.425817336275328,-10.59039825433228,-10.615687896658462
SAMD11,-11.855172041162305,-12.053170148970654,-11.961789171747974
NOC2L,-10.280892514568082,-10.476216644384744,-10.498025327730343
HES4,-10.655204204226544,-10.616337600280168,-11.581974844011095
ISG15,-11.286453527082314,-11.154105853405435,-11.109921477263237
AGRN,-11.556578936370723,-11.591947404893043,-12.118794814682715
C1orf159,-10.892171556305728,-11.070024401062785,-11.152321264476369
SDF4,-9.960797071434104,-10.164929798894775,-10.14967227768409
B3GALT6,-11.086015178594907,-11.150933059755138,-11.357055100811335
UBE2J2,-10.386104113927983,-10.41620601100582,-10.459765942203846
ACAP3,-11.778155951397482,-11.976883672962984,-12.167667227547485
PUSL1,-11.925808139680724,-12.01137567649889,-12.181606115935235
INTS11,-10.968169983988018,-11.220752186869905,-11.124514909355645
CPTP,-12.327076225851872,-12.28853128301979,-12.240019031981612
DVL1,-12.571936095355216,-12.65084787317566,-12.504372632552979
MXRA8,-11.559958655222726,-11.132057767418857,-11.72374398648468
AURKAIP1,-9.322592202220548,-9.424502181545561,-9.384365524274132
CCNL2,-9.208835091149881,-9.220405584816488,-9.526423739015085
MRPL20-AS1,-12.008787723982032,-11.969276935274262,-12.21309687312244
MRPL20,-8.947088603283234,-9.065576697772999,-9.076306388996619
VWA1,-12.268222580749125,-12.679188736419947,-12.849346178430872
ATAD3B,-12.034290978133983,-12.081091373038783,-12.085906104120317
ATAD3A,-11.41151538914653,-11.425362157414485,-11.545723154163806
TMEM240,-12.620257533686972,-12.4889813636807,-12.665776478077373
SSU72,-9.507234435448398,-9.486807102021864,-9.563948904350955
FNDC10,-12.007883498383855,-11.931163536287807,-12.46707564017503
ENSG00000272106,-11.396512232491935,-11.561469497660488,-11.60585572010256
MIB2,-11.242802323798998,-11.412440032456068,-11.375758598796434
MMP23B,-11.857531117467826,-11.9761575036474,-13.128003777517238
CDK11B,-10.408248657799252,-10.593396240006372,-10.58625225651123
SLC35E2B,-10.473631639907891,-10.47340854136969,-10.638056979230946
CDK11A,-10.700712536391213,-10.829489435662182,-10.923847704925
ENSG00000290854,-11.436827312737297,-11.415747016062882,-11.701488672231807
NADK,-11.311931788674494,-11.255070547114796,-11.39908180504087
GNB1,-8.734505242898058,-8.83077583838372,-8.927141349885392
PRKCZ,-10.940610207908415,-10.991817768555453,-11.07334141134602
FAAP20,-9.805101225333045,-10.029195740000024,-9.885698947689388
SKI,-10.588868850352284,-10.634125481884862,-10.712666131961633
MORN1,-11.601813539860048,-11.523535226402096,-11.766055720432144
RER1,-10.215788382440833,-10.292003919885696,-10.334969624978552
PEX10,-11.518061422767621,-11.543558885087828,-11.518933739704483
PANK4,-12.239251351052948,-12.199810442162796,-12.096251927020955
PRXL2B,-12.230350042562431,-12.130826186385333,-11.970750792080915
PRDM16-DT,-11.447600743958908,-11.933238687075802,-11.555604340659903
PRDM16,-9.369052563473804,-9.677540622988845,-9.40117018558657
MEGF6,-12.26996090232451,-12.45422819134837,-12.709092545506468
TPRG1L,-11.105715368418831,-11.09902915134844,-11.181056223002386
WRAP73,-11.726015509601417,-11.6789660506936,-11.663284845172898
SMIM1,-11.768089397179068,-11.800639122985075,-11.467955728392635
LRRC47,-10.402747373147538,-10.487096345692215,-10.470331362288817
CEP104,-10.585533112180496,-10.47203916222493,-10.58259350339184
DFFB,-12.110576707845054,-12.220835435112475,-12.224389257944026
C1orf174,-11.269278345154719,-11.251401403006685,-11.387902701806594
NPHP4,-11.294694912383429,-11.39131529218858,-11.21483607984452
KCNAB2,-12.574562195315217,-12.474181689020213,-12.186243200123457
RPL22,-7.111674187609785,-7.305699684309618,-7.28286454686496
RNF207,-9.909315967712852,-9.564268313541596,-9.81115844316807
ICMT,-10.368362292100299,-10.502417438081654,-10.586137923077938
GPR153,-12.6315318821163,-12.281427349602822,-12.244710835151656
ACOT7,-11.55907660979462,-11.781064106932684,-11.698938523272787
PLEKHG5,-12.159927162899999,-12.124084369519306,-12.200314991116075
NOL9,-10.208842746436567,-10.255334722619393,-10.383385704272781
ZBTB48,-11.91573771988536,-12.086708755041204,-12.135737708560487
KLHL21,-10.460130709443304,-10.479706059293516,-10.823102638743771
PHF13,-10.257057743044362,-10.221616857200068,-10.595440806596146
THAP3,-11.467281621113681,-11.496813532915857,-11.361293452198677
DNAJC11,-9.985616669079116,-10.043442720927567,-10.112263594080595
CAMTA1,-8.26013168532421,-8.189288053085201,-8.155486326234257
VAMP3,-9.942143127050702,-9.896970297613612,-10.011831063869595
PER3,-11.322869950386048,-11.119900443708639,-11.109809596866771
PARK7,-8.484466409087398,-8.642361372001465,-8.54251885503459
ERRFI1,-11.02448546326665,-11.06944323026934,-11.10817990048126
RERE,-7.4531548023489,-7.524357321767162,-7.671644927102927
ENO1,-7.141852327329117,-7.49971286345135,-6.765891225684371
GPR157,-11.601440758114759,-11.468817524627061,-11.842858257861911
MIR34AHG,-12.453283542342207,-12.590647292895078,-13.174874163462395
H6PD,-11.024581504470623,-10.907278937496194,-11.323900164234677
SLC25A33,-10.714136258392989,-10.607690329887893,-10.808257127641033
TMEM201,-12.274121523107127,-12.66149024537045,-12.45802464302502
PIK3CD,-12.900264109201945,-12.700616311787627,-12.92807578933491
PIK3CD-AS2,-12.213831312754008,-12.674074052561643,-11.966090104670617
CLSTN1,-10.026196944148632,-9.918940851395554,-10.229693171757164
CTNNBIP1,-10.016824143472393,-9.995841598003919,-10.143895889960383
LZIC,-9.468344716755306,-9.433303895701634,-9.449962060143077
NMNAT1,-10.974529891791303,-10.923700309009265,-10.854221554026644
UBE4B,-9.128847923627108,-9.101750183413957,-9.492618598386338
KIF1B,-8.490700199341937,-8.461555863594947,-8.755494054170722
PGD,-9.58640538970175,-9.715406955047817,-9.811064420361921
CENPS,-11.167134498533978,-11.3576029663061,-11.298233433847452
DFFA,-9.703254328368507,-9.914181389048784,-9.885847822238233
PEX14,-9.828381611496203,-9.920420940202703,-10.086884678995057
CASZ1,-9.031893032270295,-9.04365178419607,-9.199274694283448
TARDBP,-9.367363005931741,-9.44270477346297,-9.509762046854163
SRM,-9.952695717988455,-10.182955245049964,-10.13943411808298
EXOSC10,-9.747997674788648,-9.827530952983077,-9.894774127088239
MTOR,-9.903550754293754,-9.940714849376644,-10.00211893149355
UBIAD1,-11.236318788778686,-11.241962335558659,-11.31855366855318
FBXO2,-12.16320222917498,-12.29013578995947,-12.092868747256661
FBXO44,-11.792666728871646,-11.949276982504127,-11.491907327531642
MAD2L2,-10.80071765446929,-11.085984747761241,-10.488355805557495
FBXO6,-13.21715875681294,-13.183955246112532,-13.140939067159245
AGTRAP,-10.967169033835335,-11.015336749575786,-10.640178852770159
MTHFR,-10.48699964964397,-10.500246756364671,-10.723326075461316
CLCN6,-10.693778390709921,-10.754604284146515,-10.960246434678124
NPPA,-8.215460060309402,-8.459511817135624,-8.083260574832599
NPPB,-9.82547773003827,-10.206269642718526,-9.596187529696167
KIAA2013,-10.815176710795932,-10.936363400220104,-11.00798613876111
PLOD1,-10.582987333812703,-10.764956222197345,-10.553386438807296
MFN2,-10.140699570414265,-10.16471877770648,-10.333696673824523
MIIP,-12.395246892084485,-12.358672647381455,-12.596618343401008
VPS13D,-9.208448538237308,-9.369827797129034,-9.395757771233924
DHRS3,-10.57268650022459,-11.034224369453598,-11.488071188791604
PDPN,-12.50477199164883,-12.452329929941772,-11.593584880724407
PRDM2,-9.60559427647601,-9.561994314934191,-9.610049231531091
KAZN,-8.293713424886077,-8.263239741815523,-8.51837336841715
TMEM51-AS1,-11.50170515335432,-11.590411376291744,-11.050539734098054
TMEM51,-10.115519199641668,-10.426500577338567,-10.220428672981784
FHAD1,-11.726587233068985,-11.942213693459134,-11.604269563956295
EFHD2,-11.537002097309712,-11.817503749978458,-11.06197484001763
CASP9,-11.061853904505634,-11.182043915290851,-11.005467633679734
DNAJC16,-10.109816451000722,-10.114753152887694,-10.232227365795875
DDI2,-10.16600017076573,-10.204092503626482,-10.182021839178773
PLEKHM2,-9.908334399269455,-9.869875498418144,-10.063321768242563
FBLIM1,-10.067488272376993,-10.068394395297515,-10.158579299469134
UQCRHL,-12.075873034592579,-12.08797175800786,-11.941840238400244
SPEN-AS1,-11.101294854300507,-11.003524108004125,-11.000393277611767
SPEN,-9.156430652417535,-9.159045011767061,-9.317428750135075
ZBTB17,-11.715274102149596,-11.736431134910141,-11.947396153089185
HSPB7,-8.638115795170446,-8.828201665943016,-8.598430186730708
CLCNKA,-12.995287013949909,-12.99055641051749,-12.884973966742953
CLCNKB,-12.613955049388684,-13.11287829801438,-12.891088825531254
EPHA2,-12.19791676203925,-12.128091273781047,-12.596421140351096
FBXO42,-9.846149216398615,-10.08005387886606,-10.04757053896474
SZRD1,-10.084666794380459,-10.147158834890382,-10.265858943591622
NECAP2,-11.120313456843006,-11.192053141457746,-11.170191549747818
CROCCP3,-10.440738601481808,-10.422463526227967,-10.556926393640962
NBPF1,-10.35467507030929,-10.076783721729338,-10.232100890478764
CROCCP2,-10.888964923355283,-10.660224300256205,-11.23691385240154
CROCC,-11.206223767007414,-11.617928020495409,-10.824285949697291
ENSG00000238142,-12.118654798108711,-12.884147373348707,-11.823537943096438
MFAP2,-10.241407860919036,-10.31683432233667,-10.859762701148219
ATP13A2,-11.815531760243514,-12.07401644277117,-12.109401836600671
SDHB,-9.726016153868818,-9.835112741128354,-9.774906630023278
RCC2,-9.955217352342716,-10.125463602844897,-10.12369023034998
ARHGEF10L,-10.985153288238319,-11.044415588464306,-11.192989373268519
ALDH4A1,-11.128611261726137,-11.02717331657538,-11.077430581230296
IFFO2,-12.734436609198337,-12.663464565676831,-12.526640967318992
UBR4,-8.818087031893407,-8.94520034193452,-8.972006280149952
EMC1-AS1,-11.29222693725141,-11.25079976854498,-11.02429174242466
EMC1,-10.954051248699457,-11.071839161416623,-11.219786431418267
MRTO4,-10.267865889423197,-10.52316536442783,-10.378639081889757
AKR7A2,-10.062010347447554,-10.221214085755562,-10.107012477648246
SLC66A1,-11.999683245498046,-12.139961949932674,-12.19716998369641
CAPZB,-8.551400520706961,-8.621235552895204,-8.759761877280788
MICOS10,-8.575267830400074,-8.75551449551934,-8.582933841306202
OTUD3,-11.173279828169935,-11.340245048234165,-11.166866435928737
CAMK2N1,-12.376088613044736,-12.233702184355606,-12.515239029387612
MUL1,-11.41787790126346,-11.49902508153314,-11.434197055233428
PINK1,-10.483536144996048,-10.62406627075258,-10.511669457462334
PINK1-AS,-12.528050268727261,-12.400867567246513,-12.933898832263619
DDOST,-9.281619385661514,-9.427721498905017,-9.619289691274714
HP1BP3,-8.77862061344226,-8.839518256219419,-8.937075363557756
EIF4G3,-7.901819278013573,-7.966546137977016,-8.049300052081833
ECE1,-10.08327544157421,-10.160997250961818,-10.385958422682016
NBPF3,-11.340076455586958,-11.866088519603688,-11.645762871910467
USP48,-9.196922763812736,-9.250916362759325,-9.269890329058386
HSPG2,-9.892081672396849,-10.108696156982898,-10.114740704556601
LINC00339,-11.656224558707837,-12.044933925451764,-11.678469063580804
CDC42,-8.347786979444873,-8.387450469862348,-8.399639667283676
ZBTB40,-10.393373985681025,-10.459499783949214,-10.606639559154855
EPHB2,-9.971400899259576,-9.841015833684487,-10.111923936960626
KDM1A,-8.596993243435694,-8.77313471018967,-8.686201322521821
ENSG00000240553,-12.402876557919296,-12.36674117451728,-12.519910024678465
LUZP1,-9.326370383996093,-9.333500688570874,-9.383268880441802
LINC01355,-11.6682555017094,-11.71843793227133,-11.84698702879191
HNRNPR,-7.984851123627863,-8.127760027267305,-8.203099348820325
ZNF436,-10.804349037425762,-11.118360367564456,-11.269196835419692
ZNF436-AS1,-12.086552196958563,-11.655727436762946,-11.286150310445688
TCEA3,-9.06366640358933,-8.88979590455814,-8.871980528748733
ASAP3,-10.648663306299522,-10.712387657113453,-10.77670060762286
ID3,-8.63443207788528,-8.606868559738318,-8.725548487130785
RPL11,-6.487345224959567,-6.65952822326507,-6.58728936698238
ELOA-AS1,-11.057308173791212,-10.961165529183274,-10.903757716348002
ELOA,-9.972992469740554,-10.109507694596076,-10.172247044822008
PITHD1,-10.302724976354122,-10.445183406989111,-10.30770835709054
LYPLA2,-10.562072869795324,-10.711698077853816,-10.739360468958038
GALE,-11.299163095889183,-11.514622452410133,-11.292570894996052
HMGCL,-10.890276500297276,-11.10903578237307,-11.054657211155066
FUCA1,-11.629843262858836,-11.608345213938984,-11.58652777671175
PNRC2,-9.343456429705192,-9.467235869309036,-9.49695274211805
SRSF10,-8.661108457527899,-8.717508855673227,-8.719980781103564
IFNLR1,-11.574809991775913,-11.864947057761167,-11.837216835582565
STPG1,-11.779790387793524,-11.794747188336048,-11.621982114962728
NIPAL3,-10.848022907944928,-10.92697135268051,-11.08617636970758
RCAN3,-10.872749734762513,-10.791377043742205,-11.017597891641087
SRRM1,-8.35569735270735,-8.420067954820158,-8.34127575489626
CLIC4,-8.392232037375743,-8.543410544634575,-8.321462057090208
SYF2,-9.650643293497598,-9.765440213202472,-9.689652514557633
RSRP1,-8.76486668936386,-8.716685004856668,-8.7603090134337
TMEM50A,-8.708813344505693,-8.646062519310558,-8.738448189344252
MACO1,-9.765084223344711,-9.863185493600868,-9.87603776297637
LDLRAP1,-12.068778628436972,-12.30234245836466,-12.114320173231208
MAN1C1,-9.683453767843035,-10.001729697217565,-9.762460059764818
SELENON,-10.916026038570465,-10.99152795820183,-11.005348572896427
MTFR1L,-10.278588654786676,-10.268653664262134,-10.204287321781893
AUNIP,-12.362837198849686,-12.971014186593948,-12.675698990760932
PAQR7,-11.918256070671502,-12.074174536596434,-12.05795100546381
STMN1,-7.582371886182155,-7.778730192101118,-7.965380710868435
PAFAH2,-11.920872514466078,-11.816538621881174,-11.996233013915017
TRIM63,-10.802632944365952,-10.607688614834494,-10.690544644768023
PDIK1L,-11.254642816045832,-11.313884276787698,-11.24829233669748
FAM110D,-12.569428799644857,-12.214487091707769,-12.529948497744705
ZNF593,-10.732252452041145,-10.8881009393922,-10.73970161542217
CNKSR1,-12.966401648500097,-12.71019855182992,-12.893530950261495
CEP85,-10.85957872014473,-10.898536302460249,-11.011448756082276
SH3BGRL3,-10.373955226888626,-10.351714082257901,-10.27494904769977
UBXN11,-12.117177169076339,-12.274712772811997,-12.476677856765567
LIN28A,-11.156081379265828,-11.171775781943522,-11.40630848923427
DHDDS,-10.827132417081291,-10.929787006306892,-10.95067082300101
HMGN2,-7.821727185728064,-8.043442886695178,-8.063038187533534
RPS6KA1,-12.23034615550265,-12.248445747162622,-11.978670152994306
ARID1A,-8.856684274127836,-8.904413922358813,-8.996552846230335
PIGV,-12.665367455914053,-12.503544060131018,-12.482658997404586
ZDHHC18,-12.047800267094006,-12.06744019003003,-12.143437922708118
GPN2,-11.345389685408556,-11.33073538764567,-11.351902577175448
GPATCH3,-12.20790906543343,-12.406758512982513,-12.261088470586289
NUDC,-9.033613187497268,-9.190668497979091,-9.22056565836754
TRNP1,-10.791812618854612,-10.967492624838082,-10.93134574249885
SLC9A1,-12.008850991029714,-12.09711412914191,-12.226080228432089
WDTC1,-10.835586956118473,-10.823180619639693,-10.934857173794144
TMEM222,-11.073572127053412,-11.32282257962956,-11.235555913440335
SYTL1,-11.538876620655198,-11.542725683580985,-11.397447976347157
WASF2,-9.175501916518893,-9.309722088237578,-9.187350853708447
AHDC1,-10.176244624393055,-10.267329694500441,-10.333529125587486
IFI6,-12.394938556132468,-12.338068782024532,-12.183622246355961
FAM76A,-11.301331777662249,-11.286459324447387,-11.157982801097754
STX12,-10.163116368148344,-10.196987729942611,-10.194644071339836
PPP1R8,-10.679132017208639,-10.685287085339636,-10.82245517692572
RPA2,-10.190294042703513,-10.390976585447667,-10.271332696002288
SMPDL3B,-12.555637308940073,-12.77748216818263,-12.56114052249528
XKR8,-11.99974700862428,-11.799723970732119,-12.00560131238097
EYA3,-9.756634942522107,-9.803417151552697,-9.906336219131587
DNAJC8,-8.984086374063837,-9.029853149263685,-8.981903899378812
ATP5IF1,-8.547295645254719,-8.612957576821836,-8.512396914228976
SESN2,-11.303122287169451,-11.451651606943603,-11.438804364958813
MED18,-11.648277869575121,-11.686126955448415,-11.79785402211136
PHACTR4,-9.054091280436213,-9.130332452945884,-9.29361752084426
RCC1,-10.961911487987543,-11.19437001116853,-11.269718356172577
SNHG3,-10.626061071008941,-10.75596137968115,-10.874463114152736
TRNAU1AP,-10.413730639327161,-10.567393429958532,-10.504426996677399
SNHG12,-12.033213337014097,-11.898889584730739,-12.313935697254353
TAF12,-10.276844319352032,-10.32273679022394,-10.329085989094452
RAB42,-13.21730020052556,-13.15694604496553,-12.99204212482383
GMEB1,-10.891923681276566,-10.924753334555978,-11.019541184525384
YTHDF2,-9.34835426223577,-9.116259511207373,-9.392733064558374
EPB41,-9.369602364819393,-9.451124583974819,-9.493223987322558
TMEM200B,-12.455865733363206,-12.137679132175485,-12.411316963415171
SRSF4,-8.730061421315941,-8.721607801701081,-8.85898507246942
MECR,-10.989211407707439,-10.935449675364996,-10.955696306023139
PTPRU,-12.253494092486823,-12.279034142200326,-11.822989005033774
SDC3,-10.544062421952425,-10.77945569558009,-10.782668441610918
PUM1,-8.358511319135113,-8.438154777568267,-8.498578238002017
NKAIN1,-12.627023913036771,-13.115278614772954,-13.081109878976308
SNRNP40,-9.959520362738868,-10.02736412001457,-10.099889416312744
ZCCHC17,-9.70845209032871,-9.77913016013481,-9.736899319279988
FABP3,-9.273679995151426,-9.178625516579359,-9.237437195758242
PEF1,-10.39138576487555,-10.572326670401633,-10.427175882655266
COL16A1,-11.572123041519047,-11.439033641957149,-11.79765565025334
ADGRB2,-11.174736757802501,-11.23033580389252,-11.14209868785663
PTP4A2,-8.871121895262348,-8.808510882079819,-8.945190775986418
KHDRBS1,-8.068149345902473,-8.155715104836755,-8.170477628713824
TMEM39B,-11.410802730261999,-11.299993952439172,-11.650503836769717
KPNA6,-9.627406397576978,-9.682137998109864,-9.754592581937068
TXLNA,-10.460578871738583,-10.549360510005,-10.611473460371638
CCDC28B,-10.782414307459826,-10.712806379042338,-10.55200421347301
TMEM234,-11.91247346253388,-11.958270218439235,-11.9836239507404
EIF3I,-9.049221294484427,-9.204245132606239,-9.153677677506366
ENSG00000291132,-12.860779167803004,-12.7556727760849,-12.831124321721216
HDAC1,-9.72558779842677,-9.853298122382547,-10.021298780976965
MARCKSL1,-8.21729765380101,-8.424776284474605,-8.406558400750336
TSSK3,-12.755765810054267,-12.634515895295644,-12.97792435814952
FAM229A,-12.937143783359488,-12.832865110233152,-13.017295665832147
BSDC1,-10.331236586373361,-10.339299783345112,-10.569438653500017
ZBTB8B,-12.447347215552377,-12.40911298293907,-12.241298754596015
ZBTB8A,-10.633845580839555,-10.702500452840395,-10.808406487483673
ZBTB8OS,-9.782147534961444,-9.90290215151699,-10.06123784113887
RBBP4,-8.578254967138195,-8.679064418134997,-8.66141085697501
SYNC,-11.399157824406927,-11.723016292648115,-11.777605711579103
KIAA1522,-12.477180743380025,-12.45777693581211,-11.823429121247852
YARS1,-9.847251567457251,-9.86568899230695,-9.762915374872733
S100PBP,-10.06708333637514,-10.05547398766955,-10.137866733277155
FNDC5,-11.858714745627571,-11.728627966734825,-11.502878259556159
RNF19B,-11.500286953278263,-11.62854052798058,-11.547752429164929
AK2,-9.757171346221144,-9.930554622272751,-9.675328467044823
AZIN2,-12.507710701917416,-12.396443270994036,-11.959004743095996
TRIM62,-12.881862096758592,-12.88184368288923,-12.804218352461957
ZNF362,-10.463047127027018,-10.605548457452297,-10.793260118724262
PHC2,-10.241937340641504,-10.311340308404208,-10.313724098695086
ZSCAN20,-12.671673501889556,-12.684459319965733,-12.966149199120418
SMIM12,-10.674015652542314,-10.756944617531715,-10.639207115581462
TMEM35B,-11.116957211918935,-11.180183506490788,-11.185955766135256
ZMYM6,-10.30203978810221,-10.361205013052375,-10.17667270511572
ZMYM1,-10.238004130984264,-10.279031653330982,-10.213252231296797
ENSG00000284640,-12.619685111438871,-12.927088068535532,-13.099523831690144
SFPQ,-7.783926142418249,-7.940191353331446,-7.927560014392985
ZMYM4,-8.488244518830886,-8.495039523175013,-8.615956239922388
ZMYM4-AS1,-12.639526633408378,-12.615122152272368,-12.741523643938134
KIAA0319L,-9.291908281697886,-9.281821697592804,-9.446140546207777
NCDN,-11.969573435488154,-12.173013589806853,-12.001212451909476
PSMB2,-9.239694610003275,-9.460652661385366,-9.352675264399796
CLSPN,-10.724262047740892,-11.360624012144546,-10.955207709341572
AGO4,-9.661178153294392,-9.670160884634344,-9.760942746604446
AGO1,-10.337017525144956,-10.491729588983118,-10.546741702885358
AGO3,-9.051009667586552,-9.038050807558832,-9.227016120716907
ENSG00000271554,-13.027333938316453,-12.941707105950595,-12.930448412074208
ADPRS,-10.696926699601786,-10.896503645240722,-10.813203604106608
TRAPPC3,-10.363176657275082,-10.325224529933044,-10.31689116989424
MAP7D1,-10.61750799848744,-10.66394369362133,-10.78282360713739
THRAP3,-8.523137765180705,-8.632398008111398,-8.667796043592304
SH3D21,-11.476591970313676,-11.559682735766653,-11.10627178088698
EVA1B,-11.830183945702274,-11.910728573219323,-12.070475300842075
STK40,-10.923239947719415,-10.96037566020467,-11.081665289291129
LSM10,-10.659348785217313,-10.889353023431086,-10.775540223883638
OSCP1,-11.789658789122587,-12.044454969612225,-11.833187949858534
MRPS15,-9.803278825060685,-10.01231458023076,-9.919609649073903
MEAF6,-9.57014193504232,-9.593633597675998,-9.673127679743464
SNIP1,-10.821071155427559,-10.861460214417946,-10.924156100591253
DNALI1,-10.92610674950723,-10.990604275890282,-11.011800383059315
GNL2,-9.84820668687769,-10.007541322112068,-10.027095408616931
C1orf109,-10.913049907739683,-11.152472241160128,-11.018758625607955
CDCA8,-11.078652242256721,-11.562774376979654,-11.554350914813519
YRDC,-11.225779068122685,-11.344810481763268,-11.373930434446551
C1orf122,-9.956588516706699,-9.897394508545796,-10.01984875102175
MTF1,-11.553185002243294,-11.508788606289054,-11.586867403398722
INPP5B,-11.345002348500358,-11.216722453386721,-11.454728557057965
SF3A3,-9.687095241498504,-9.888782035028509,-9.843911249905496
FHL3,-11.131714200745174,-11.081150008030017,-11.293830778676726
UTP11,-9.817341897291456,-10.005894404226616,-9.909904987580102
RRAGC,-10.731560617685437,-10.86040178238673,-10.87239497528711
RRAGC-DT,-11.093800709350335,-10.72905037677315,-11.22802582115849
MYCBP,-10.468807520244193,-10.62658966727441,-10.557032553358713
AKIRIN1,-8.628908839443897,-8.776111024083919,-8.87597781769649
NDUFS5,-7.927078959603419,-8.102633065363666,-8.205734460107477
MACF1,-7.3195367956145025,-7.296631576626972,-7.5066670804796445
PPIEL,-12.180240838499023,-12.537082087337643,-13.104624420015227
PABPC4,-9.346091884908784,-9.705167981140416,-9.948398158428
PPIE,-10.648316151208768,-10.776116891289885,-10.753239331297365
TRIT1,-9.92577411593652,-10.118765401681133,-10.106601709216074
CAP1,-9.381330302313534,-9.510014025321823,-9.501169442482649
PPT1,-10.595524068051981,-10.642152276176947,-10.835722723314195
RLF,-9.073220440327237,-9.124736595024457,-9.154963311312027
ZMPSTE24-DT,-11.556566047086642,-12.083563865668513,-11.853326147121475
ZMPSTE24,-10.517017350199096,-10.49565400005131,-10.694422791065552
SMAP2,-10.75273232444344,-10.83069170524245,-10.83074397939928
ZFP69B,-12.282460448390783,-12.66300872440568,-12.68278399698834
ZFP69,-12.992100913323878,-12.775155030409923,-12.825045341191544
EXO5-DT,-11.708781126481135,-11.872291482279135,-11.912639733174869
EXO5,-12.887644489466615,-12.971562174481647,-12.699733914863534
ZNF684,-11.761507281162991,-11.606505904759354,-11.63719355279322
RIMS3,-12.207444565853084,-12.073912098822726,-12.035343892213506
NFYC-AS1,-12.56581032689768,-12.458948550359139,-12.599244327108279
NFYC,-9.406133313899131,-9.503531666611007,-9.545010381205467
CITED4,-10.192760275021314,-10.167290538837527,-9.912621403506538
CTPS1,-10.573980094153326,-10.779185072390543,-10.898150076816872
SLFNL1-AS1,-12.29312417776025,-12.382868589166375,-12.385054079655196
SCMH1,-7.683867175810716,-7.545252112742135,-7.947846096938602
HIVEP3,-11.42906008326485,-11.324760415260396,-10.982093090837305
FOXJ3,-8.913209455664793,-8.8983400817726,-9.028724445755797
RIMKLA,-11.02364753085757,-11.489826816569527,-11.099440321963657
PPCS,-10.0312743696617,-9.957516961105256,-9.874121182598804
CCDC30,-10.95731482163075,-10.663601104327855,-10.838804573789211
PPIH,-10.312615285866832,-10.453202711169077,-10.448784828763927
YBX1,-6.7823947460095155,-6.9884320091270205,-6.950677178543324
P3H1,-11.094877609812476,-11.171290671353674,-11.163399297368413
C1orf50,-10.643976132849449,-10.750685761248738,-10.723015851091414
SVBP,-9.711895766773736,-9.789125493244077,-9.756619754008709
ERMAP,-11.108108392501405,-11.257938696518748,-11.449482550573263
ZNF691-DT,-13.028432259974792,-13.090832874483178,-13.068981694763192
ZNF691,-11.806760862795024,-11.930851356633234,-12.150611794356793
SLC2A1,-10.049257220072107,-10.465514400205596,-9.962084541363726
SLC2A1-DT,-12.935688022902568,-11.91287018967103,-12.55774326887531
CFAP144,-12.659152565639149,-12.59347571084049,-12.55808385465603
EBNA1BP2,-10.085158680289956,-10.243019866944422,-10.204864615775048
CDC20,-10.927104205389236,-11.481240580612642,-11.400004292079958
ELOVL1,-12.074828127751651,-11.972565257707092,-11.974578906324629
MED8,-10.84946702594686,-10.983122609426838,-11.067099056514884
SZT2,-10.860091037540304,-10.885726810632256,-11.053974172662702
HYI,-11.74140081701885,-11.130444290390464,-11.63291105341429
PTPRF,-10.185105209784847,-10.257516114591779,-10.3114271241017
KDM4A,-10.111346778042535,-10.174376344901557,-10.192076596691384
KDM4A-AS1,-12.245421607717951,-12.232282878572601,-12.403924433623073
ST3GAL3,-9.100433816065493,-9.132014743805483,-9.35496850447357
IPO13,-12.29089671476081,-12.378014769979464,-12.621098299826627
DPH2,-12.39107088156713,-12.562975536443686,-12.393943524566202
ATP6V0B,-9.027217565042026,-8.874061955611493,-9.164618201189793
B4GALT2,-10.975527922271057,-11.095573168936188,-11.1378170284591
CCDC24,-11.711696706214967,-11.817928202323635,-11.915154856217114
SLC6A9,-12.864767404163338,-12.828316756466565,-12.793423898727452
DMAP1,-10.855775729281918,-10.886861695968014,-11.006365180816498
ERI3,-9.576963046832592,-9.597097548944722,-9.706372175222324
RNF220,-10.905804051193817,-10.429896554569078,-11.135431147196423
TMEM53,-11.990935833885693,-11.943382280463592,-11.803161381827692
ARMH1,-11.325358532149956,-11.687695714429388,-11.411879250393508
KIF2C,-10.94237096841356,-11.518207767292477,-11.378341734370316
RPS8,-5.7322265467031865,-5.8502014763016446,-5.704381238023664
PTCH2,-12.3548888279597,-12.429581296419062,-12.524045304865187
EIF2B3,-9.688573659980555,-9.768346577331236,-9.703716840615645
HECTD3,-12.698427236206221,-12.50372155349439,-12.64741355763466
UROD,-9.876469546599225,-10.073178441087004,-10.087643887061988
ZSWIM5,-9.626492231198368,-9.946716793250634,-9.988892993900608
MUTYH,-11.960657511612125,-12.10465544544093,-11.817264684558117
TOE1,-12.016357612764592,-12.129607245781006,-12.011793590692413
TESK2,-10.90415602372854,-11.073909777623287,-11.161235441542296
MMACHC,-12.145178818085533,-12.31912272951937,-12.419100040418922
PRDX1,-7.4393936136030305,-7.266684571373828,-7.36195233306847
AKR1A1,-9.96177520098849,-10.02420303564837,-10.06682577256385
NASP,-7.9911452485686825,-8.328655235128053,-8.25378994008701
GPBP1L1,-9.202128567443323,-9.197696011255832,-9.307715257927834
TMEM69,-10.283367690217803,-10.55018957896519,-10.44984022224555
IPP,-10.90462018699251,-10.80795884947784,-10.961926843587033
MAST2,-9.41373731973817,-9.528171349526598,-9.451861305084574
PIK3R3,-10.419064446963084,-10.577703179760725,-10.263762507702788
POMGNT1,-10.994648170956692,-10.896564690980458,-11.024072944433408
LURAP1,-12.807834901348945,-12.770969067788615,-12.3857237963041
RAD54L,-12.499440166877386,-13.049963046029566,-12.829346321418031
LRRC41,-10.006889796322344,-10.08655201047936,-10.08897143325756
UQCRH,-7.687847938403591,-7.85963939884898,-7.704331616015899
NSUN4,-11.169858207345928,-11.268780930451642,-11.46485562864414
FAAH,-12.801376376191424,-12.9309059500688,-13.047966055514017
MKNK1,-11.321961996401338,-11.197665750250463,-11.310973756484533
ATPAF1,-9.662425854935254,-9.670705510917744,-9.675338521217666
EFCAB14,-9.862262110518621,-9.855398033102313,-10.030959973925224
STIL,-11.262702226873433,-11.706780169712852,-11.846481669850387
CMPK1,-9.92238611313028,-10.015989999704528,-9.938381424498644
TRABD2B,-11.247092760968114,-11.340343327098852,-10.171040216286086
SPATA6,-9.67718440673593,-9.744448004576348,-9.71245452645069
AGBL4,-12.452665749812375,-12.87253850661957,-9.88146828709616
BEND5,-11.24481083098647,-11.706885785480074,-11.344919707797407
FAF1,-8.464670207362754,-8.583885156295318,-8.572271900124536
RNF11,-9.763575441192495,-9.760049362354728,-9.826687748378014
TTC39A,-12.875862874954748,-12.866577923508794,-12.55405188985426
EPS15,-8.469378489452588,-8.435370515333943,-8.569315326500842
EPS15-AS1,-10.926132598369337,-12.286300034189596,-12.521494660295268
OSBPL9,-8.494992030905006,-8.55985131917744,-8.686028978235191
NRDC,-8.733869148951115,-8.803411339248473,-8.850957786121711
RAB3B,-11.321852284222636,-11.521733244533158,-11.942799262016692
TXNDC12,-10.059419525078738,-10.02707971233444,-10.120617371582895
KTI12,-12.313004853679777,-12.393611566563266,-12.561681752551802
BTF3L4,-9.127439864094466,-9.290903084717469,-9.220283698706382
ZFYVE9,-9.339880225853918,-9.359517408083422,-9.398909641997957
CC2D1B,-11.997358933629119,-12.130777026954112,-12.10296996077615
ORC1,-12.625592956753396,-13.315402226177149,-13.045028130082644
PRPF38A,-9.92043774173588,-10.150890248322181,-10.111549862194618
TUT4,-8.18988119421321,-8.227499386106837,-8.263662630138292
GPX7,-11.112324395407436,-10.799843039363735,-11.243051244070818
COA7,-11.322624802118389,-11.418052579604185,-11.265296786968584
ZYG11B,-9.405323846602371,-9.435973674625867,-9.429388093110301
ECHDC2,-11.096913462510198,-10.632364415220877,-10.500631149445214
SCP2,-9.131197982850836,-9.217541602644669,-8.726236785145566
CPT2,-10.649647354578448,-10.766707918770205,-10.641103199337543
CZIB,-10.435687322431452,-10.622693348847228,-10.524304422130434
MAGOH,-9.887534995612032,-10.008138729465694,-9.939529715029902
LRP8,-11.199964431267109,-11.986074926843719,-11.349109892745744
NDC1,-10.65894141266376,-10.870977670314913,-10.761231359042256
YIPF1,-11.401878858720272,-11.429300604854717,-11.571624870362552
IFT25,-10.11057637929161,-10.193146334257598,-10.102464568804631
LRRC42,-10.567397588953774,-10.510065767249003,-10.500441860118006
TMEM59,-9.074635345355915,-9.07852179432577,-9.210647089418243
TCEANC2,-11.450069406262607,-11.41275897736923,-11.343688472855206
CYB5RL,-12.50802069389888,-12.559951354004774,-12.692270391433187
MRPL37,-10.273098279643555,-10.461100116828092,-10.448614265069546
SSBP3,-8.858426608986893,-8.924867027915836,-9.132403174687918
ACOT11,-10.019990060243456,-10.196004041819233,-9.603970447569433
MROH7,-10.753998323189878,-11.018636670999681,-10.305766229909262
TTC4,-10.45683281541676,-10.714776555249427,-10.34032167541081
PARS2,-13.02489881202794,-12.92762655993104,-12.97756636787914
DHCR24,-11.46322727254753,-11.55227102966411,-11.828859134638478
USP24,-9.369301601558874,-9.281144965360415,-9.430465505630934
ENSG00000260971,-12.032117816285423,-12.084660324337653,-12.07086361492504
PLPP3,-10.312486201716002,-10.320747242468805,-9.999945569998895
PRKAA2,-9.295375184990691,-9.318333882440504,-9.404065448227096
DAB1,-8.057310040354047,-7.600836547400704,-8.017462903708667
OMA1,-11.15385048781853,-11.268683075611854,-11.367474193155058
MYSM1,-9.485865831466086,-9.51514685639909,-9.523677113757884
JUN,-9.719556571852461,-8.897767335377663,-9.34298214836437
FGGY,-10.289099862922834,-10.37419346648301,-10.326364066657664
HOOK1,-10.79903858180553,-10.150632541437654,-9.83928244218846
CYP2J2,-12.97249303837028,-12.355501562907788,-13.161174905913809
NFIA,-7.987052947036745,-8.48979652526288,-8.337446976559262
TM2D1,-9.642328946194418,-9.610566421659646,-9.803512220029972
PATJ,-8.906855941599789,-9.03794636625589,-8.83891617823119
L1TD1,-12.527564960816939,-12.925564263241371,-12.166079964091498
KANK4,-11.21224598782695,-11.859606479407592,-11.606006768980576
USP1,-9.58632190451002,-9.889267221749863,-9.691937351805912
DOCK7,-8.70909120037507,-8.790592445601225,-8.820469865865686
DOCK7-DT,-11.786455135264088,-11.970486347909885,-12.167702217082446
ATG4C,-10.507139790710527,-10.40232022806691,-10.376413300702174
ALG6,-11.377467572393668,-11.436465608071055,-11.360863385762416
ITGB3BP,-10.174821166809554,-10.196397379807447,-10.287371864219276
EFCAB7,-10.657302951214701,-10.573460632889455,-10.811747356499822
DLEU2L,-12.84983834908497,-12.865209897376047,-13.112517007890148
PGM1,-9.262760546639127,-9.483677854181874,-9.148212167917588
ROR1,-8.308511238945986,-8.502113117482205,-8.342467576337251
ROR1-AS1,-12.541800303849833,-12.71587393242575,-12.756356331455713
CACHD1,-8.640474252715912,-9.09444500611568,-9.059947602971782
RAVER2,-9.74219687588826,-9.959987439426211,-9.966430246246755
JAK1,-9.036879239094063,-9.186962223132708,-9.234990757951696
AK4,-9.306176957008852,-9.62397745810911,-9.510924837494034
DNAJC6,-8.998618304664214,-9.233146638084056,-9.135234628819145
ENSG00000229294,-12.199816715227037,-12.30855679925465,-12.227563172283778
LEPROT,-9.176103160985114,-9.126843845976857,-9.240137334599495
LEPR,-10.15571941869603,-10.377607512090426,-10.278996366370128
PDE4B,-11.529014364074985,-11.6945224503872,-11.608376934662676
SGIP1,-11.272504725493368,-11.747686706539838,-10.404092935481788
DYNLT5,-12.941083328304344,-12.74099062335445,-12.225699994599
DNAI4,-10.475830775276945,-10.223306094729807,-10.595609047316067
MIER1,-9.198912646937039,-9.21496121139605,-9.303750254693684
SLC35D1,-9.910070947751313,-9.979672165115906,-9.842536354536517
SERBP1,-7.495892543244468,-7.7450049389933575,-7.578517141638108
GADD45A,-9.686248433676889,-9.908021205316142,-9.742355447479593
GNG12,-9.644592804862889,-9.709528157336536,-9.905610448443747
GNG12-AS1,-10.855828983378673,-10.733441508933243,-11.246451014386718
DIRAS3,-12.08197825415263,-12.087413551682307,-12.89111609805401
WLS,-8.285921776616837,-8.208668398072875,-8.859495662648037
DEPDC1,-10.452352618923854,-11.09741798300803,-10.944505780348747
ENSG00000285407,-13.094694646089373,-12.379226424932506,-11.509295259285953
LRRC7,-11.525681849551423,-12.003031267617805,-11.701909045911629
LRRC40,-10.296375379480802,-10.388355381241544,-10.278988051411378
SRSF11,-7.97782345678801,-8.052377061914575,-8.106235031141624
ANKRD13C,-9.433288384204136,-9.492926613511438,-9.586794682614348
HHLA3,-11.85382455666197,-11.701909803890484,-11.725206669868857
CTH,-11.990260899814903,-12.125294088617363,-11.984916177451161
PTGER3,-11.93825217650755,-11.340308476497327,-11.447269374740417
ZRANB2,-8.271386959293277,-8.327888116041876,-8.391281506722173
ZRANB2-DT,-10.121575644874351,-10.213176171341829,-10.427725641657538
NEGR1,-11.471670580112669,-10.784954678638792,-11.87254498260962
ENSG00000286863,-10.451988524279544,-10.650682501699054,-10.709959422919086
ENSG00000225087,-12.606019670416295,-11.5116201055748,-10.383050188363214
FPGT,-10.705355742671053,-10.541281067421304,-10.808344158161772
TNNI3K,-9.636198881221256,-10.18118774974639,-10.475624169437587
CRYZ,-10.132649450918242,-10.297991753615042,-10.364031260395704
TYW3,-9.559128846486162,-9.607310428613081,-9.821844229953578
SLC44A5,-11.29875187085626,-11.32726529287004,-11.413578457924343
ACADM,-8.835816110371114,-8.99390642671932,-8.87244087140213
RABGGTB,-10.28060401243992,-10.325806952640537,-10.270440595702123
MSH4,-11.95818994600749,-12.344245492883454,-11.97630092147052
ST6GALNAC3,-8.769557164727743,-8.938181797637037,-8.685483041392345
ST6GALNAC5,-10.81715552715808,-10.984849506491996,-11.447501259206065
PIGK,-10.340252377773787,-10.172240658065617,-10.436805053407635
ZZZ3,-9.021553428230984,-9.000783878301949,-9.150546291242327
USP33,-9.030424859665459,-9.029566358519586,-9.101705431520251
MIGA1,-10.0662635935575,-10.063569263156106,-10.203279105299908
NEXN-AS1,-11.777535545120072,-11.752628164572727,-12.203589605870892
NEXN,-7.232163605062905,-7.233727968107709,-7.440434172680665
FUBP1,-8.585895691423175,-8.689512664281896,-8.717774225110885
DNAJB4,-10.326823010225882,-10.280473333830564,-10.47726696411774
GIPC2,-12.02077634911685,-11.762181311195862,-12.0945750725592
ADGRL2,-8.3049736178518,-8.209963025623708,-8.561702882100683
TTLL7,-10.30742008001767,-10.536452869980817,-10.578331293595381
PRKACB-DT,-12.015889106957257,-11.901812345615697,-11.930463910702633
PRKACB,-8.804640904080342,-8.823704583844982,-8.82975852448408
SAMD13,-12.422580760925255,-12.52956705270868,-12.461647345579836
RPF1,-10.103992704104817,-10.25783171481656,-10.198628334967932
GNG5,-7.9353770660537295,-8.143325544099046,-8.044051942642588
SPATA1,-12.183872502992894,-11.959061749009647,-12.3635407199197
CTBS,-11.134474455649137,-11.180763845352445,-10.985421658178756
SSX2IP,-9.798419763421748,-9.881684675143893,-9.955253265638518
LPAR3,-11.221670883088624,-11.42370111690326,-11.94300052445443
DNAI3,-12.32035334358832,-12.393147991280667,-12.558500570287277
MCOLN3,-11.678541540803355,-11.79273983697664,-11.232539534439915
SYDE2,-9.247343140993335,-9.179736884554709,-9.459331087555416
C1orf52,-9.645521333103357,-9.569829583700441,-9.625538973275807
BCL10,-10.656029786447725,-10.588244739362134,-10.774110385726102
BCL10-AS1,-12.096472221968332,-11.73800576490032,-12.459583700404135
DDAH1,-10.14994775340498,-10.060492811073969,-11.68440671883439
CCN1,-9.489186112831645,-8.874720744110364,-10.181103292403417
ZNHIT6,-9.67816371182437,-9.74382261344544,-9.836461446217
COL24A1,-12.501921969725778,-12.237284054491594,-12.534933127679453
LINC02795,-11.747613881825288,-11.283505336397138,-11.36871384794574
ODF2L,-9.053023799302391,-9.002917278225668,-9.099620236382266
SH3GLB1,-8.585167277645004,-8.4796396130804,-8.619852620689898
SELENOF,-9.29457407141644,-9.328865934094296,-9.441040803275783
HS2ST1,-8.702365096694994,-8.719507846105099,-8.947803289341362
LMO4,-8.525137987780099,-8.670620454332207,-8.794003855141465
PKN2-AS1,-11.094520482525962,-11.217045031002952,-11.734684943434383
PKN2,-8.034794531866057,-8.07603280124814,-8.328850571232909
GTF2B,-9.998318789174473,-10.061108042761957,-10.129401018419903
KYAT3,-10.352197758501754,-10.524112521142506,-10.595710432014615
RBMXL1,-10.65746236940276,-10.657126309948584,-10.685726652552356
ENSG00000286802,-12.155417665584638,-12.672447630222928,-12.219062944647689
GBP4,-11.945817370672032,-12.289166239229333,-12.385653944902
LRRC8B,-10.738321814089963,-11.02548002305552,-10.833235532918799
LRRC8C-DT,-11.425886395186069,-11.464118774010547,-11.421735884566992
LRRC8C,-10.62937107408436,-10.63105498168819,-10.815793172074615
LRRC8D,-9.858412746952734,-10.01876180864367,-9.904222609367608
ZNF326,-8.813558534300153,-8.910788971779436,-8.925113876417075
LINC02609,-12.469779932327096,-12.642539065282332,-12.1985885503476
ZNF644,-8.449441458083461,-8.408690138188367,-8.561037958056538
HFM1,-10.203741907243788,-10.317757623696407,-10.27334874424837
CDC7,-10.848340154453023,-11.294197903441562,-11.436092423212521
TGFBR3,-10.013887503729245,-10.39423240426411,-10.417806359759945
EPHX4,-12.62599748045935,-13.297218462074444,-12.937134761759271
BTBD8,-10.600484440908158,-10.562298841005388,-10.952095895939236
GLMN,-9.397313033684956,-9.49473098515741,-9.604780099519173
RPAP2,-8.720439556306182,-8.786520431054873,-8.853868222316347
EVI5,-8.744342886749449,-8.742653544448215,-8.827083832484742
RPL5,-6.035384560189903,-6.2272970726884,-6.073547171924255
DIPK1A,-10.319880971663173,-10.185983573151002,-10.048650463889421
MTF2,-9.213707469558186,-9.240716969375487,-9.299804460848986
TMED5,-10.180109401610768,-10.155222085944553,-10.547942827222446
CCDC18,-10.410807093036757,-10.817357443118247,-10.724207637847265
CCDC18-AS1,-9.357699296588795,-9.380163712827185,-9.31069795702727
DR1,-10.21389930557829,-10.131674175183925,-10.257958754519574
FNBP1L,-9.880096914656976,-9.868402095276341,-9.915955637493074
BCAR3,-11.658162910020199,-11.62290856846477,-11.812932094918281
DNTTIP2,-9.536338435694192,-9.561808019525122,-9.538289102213252
GCLM,-11.301023702205251,-11.42848689876715,-11.313194778143684
ARHGAP29,-9.552677130509212,-10.080738816596057,-9.742620424553929
ABCD3,-9.783075027245367,-9.94433091759848,-9.888913159027602
F3,-13.133168272613847,-13.245578077479164,-12.909428794191014
SLC44A3,-12.229110501191515,-12.992091612291444,-12.597331680186496
CNN3,-8.876496279754978,-8.88442809935443,-9.13839525360947
CNN3-DT,-11.255210964878716,-11.25681626387442,-11.357805817629012
ALG14,-10.880801841369824,-10.79927313267535,-11.179786634427478
TLCD4,-9.688778131327622,-9.622618620479967,-9.942006541673845
RWDD3-DT,-12.259857731176739,-12.19677788616303,-12.718267994588182
RWDD3,-10.037074924250355,-10.06098518267576,-10.145259313066743
PTBP2,-8.062576434041755,-8.197932312732004,-8.216496404301024
DPYD,-10.016230513968432,-10.189352146685685,-10.1318307958462
SNX7,-9.9575723765635,-9.879555785805644,-10.0724822199044
PLPPR5,-12.656703154277974,-12.22734198187197,-12.773331436784897
PLPPR4,-10.179277831547395,-10.077779675957169,-11.550410932488399
FRRS1,-12.03829520466393,-11.977840369477393,-12.312774984054542
AGL,-8.066429995498021,-8.086636326421369,-8.504615742175746
SLC35A3,-10.41609481920031,-10.331759258915294,-10.543782032245867
MFSD14A,-10.10124821312808,-10.01376099102517,-10.185350481068154
SASS6,-10.814411599513589,-11.213591239894148,-11.126511399722093
TRMT13,-10.085779083453565,-10.138158142066228,-10.108899918758587
LRRC39,-10.331462449348722,-10.094942108404565,-10.398148224715165
DBT,-10.06887280986234,-10.038081460568652,-10.15256357287773
RTCA-AS1,-10.87931880827028,-10.80729734880678,-10.78290620462553
RTCA,-10.256476554913808,-10.36608310757872,-10.36106207965473
CDC14A,-9.682942934068814,-9.560001381543794,-9.722846543529219
VCAM1,-8.699182530045123,-8.716313519530251,-8.784630065845331
EXTL2,-9.772162847170156,-9.79851798895154,-9.832964240465268
SLC30A7,-10.196505556884238,-10.198477854855986,-10.239094754213879
DPH5,-10.10559274151494,-10.234792754843927,-10.120887200630285
DPH5-DT,-10.053413999145214,-10.207597330209321,-10.106623166199196
S1PR1,-9.82056560741239,-9.84410643665411,-10.031433098434329
COL11A1,-10.426495124991835,-10.63937502896031,-9.141523554088147
RNPC3-DT,-11.781793676802145,-11.8000568463204,-11.902632607076521
RNPC3,-8.87957886640615,-8.822807381380464,-9.037423810533966
AMY2B,-10.320239558305921,-10.349600198655363,-10.53697945905515
PRMT6,-10.87828369847873,-10.978777236942355,-11.01289794555474
VAV3,-12.680636297861705,-11.975164273796793,-12.398199995053286
SLC25A24,-10.056350036337463,-9.72021967254756,-10.035416980009872
EEIG2,-10.494388413497274,-10.432168187361547,-10.266464450327181
PRPF38B,-9.204993442970736,-9.304147556465562,-9.382915952612327
STXBP3,-9.795978200785907,-9.706999047503894,-9.84772919890227
GPSM2,-11.21418480671665,-11.450921321866165,-11.416378986756165
CLCC1,-10.671729819812398,-10.568806343286573,-10.710690261048189
WDR47,-11.25894331213885,-11.274464046457169,-11.23663010391583
TAF13,-11.148743074866156,-11.19903817045945,-11.168302446802794
TMEM167B,-10.697192606611113,-10.68868513554807,-10.749182562154349
SARS1,-10.036219679481068,-10.120416917236602,-9.956299280875925
CELSR2,-12.388752034215006,-12.215941241138772,-12.496512274453334
PSRC1,-12.445990177820654,-12.713781412752093,-12.600929910271345
SORT1,-9.874132882435998,-9.660924007872078,-10.124767215323352
PSMA5,-9.333418935716011,-9.41678999889327,-9.372801656773778
SYPL2,-11.832821249606186,-11.018572117815216,-11.279562811969528
ATXN7L2,-13.010706221336344,-12.559545047046875,-12.881260194007194
GNAI3,-9.546416229108953,-9.627176383341126,-9.578625230976984
AMPD2,-12.32829362260304,-12.398097559780249,-12.6957383461579
GSTM4,-10.608694426160529,-10.81105420087512,-10.518647790182742
GSTM2,-11.977677706860492,-11.833365298404651,-11.79666938189098
GSTM3,-10.085181606648522,-9.997378112303132,-9.986785401746477
CSF1,-12.279042100271134,-12.932309957255805,-12.826334859879466
AHCYL1,-9.63419511952854,-9.681164486446576,-9.600974002336109
STRIP1,-10.685121986611378,-10.61944080449405,-10.76087713563638
RBM15-AS1,-12.61694459284502,-13.101824476522026,-12.819007771302312
RBM15,-10.880919201277816,-10.958393415807993,-10.998598088833972
LAMTOR5-AS1,-10.590167292284859,-10.8181545238457,-10.739735645814513
SLC16A4,-12.335519110415017,-12.375715756525805,-12.409994397979972
SLC16A4-AS1,-12.380974516371802,-12.754047943335632,-12.67300514499631
LAMTOR5,-8.912077246062513,-8.998202312781228,-8.882281878952545
LRIF1,-10.216465093439888,-10.342946938659221,-10.349036570295828
DRAM2,-10.07035202450254,-10.04142363644363,-10.062917344248044
CEPT1,-9.991455129784626,-10.110675637713447,-10.226027958847249
PIFO,-11.112404651115053,-11.411237968555904,-11.200107768367271
ENSG00000260948,-13.073662080520858,-13.15794579850691,-13.000368541679917
WDR77,-10.607633411731346,-10.837307758766226,-10.975175236306137
ATP5PB,-8.391930960445213,-8.554842136143316,-8.449776653882516
RAP1A,-9.284645577378829,-9.367117150835977,-9.45265699214494
INKA2,-11.264698097478336,-11.360079480670278,-11.64700287788624
INKA2-AS1,-12.749806853704381,-12.813250515989843,-12.896225002370205
DDX20,-10.59251604634279,-10.635921506461337,-10.815293383394481
CTTNBP2NL,-9.877420601320674,-9.780096054709063,-9.907819586725154
WNT2B,-11.932341888320828,-11.46178800330963,-11.558847554874571
ST7L,-9.823505796955537,-9.809020518627232,-9.896792225044372
CAPZA1,-9.132617438699295,-9.134703793926075,-9.241020586497969
MOV10,-10.968151986841857,-11.01918117197191,-11.20267050386022
RHOC,-9.772298739665539,-9.712444529502866,-9.746882890507912
PPM1J,-13.016901601177645,-12.665737329249158,-12.780446891162281
SLC16A1,-8.662705055594445,-8.62847644405583,-8.926310335729045
SLC16A1-AS1,-9.335619221006224,-9.2389707923862,-9.45290304529083
LRIG2-DT,-11.71862667987516,-11.672283998829622,-11.7510714144213
LRIG2,-10.18181163324729,-10.219294293057981,-10.256928364518842
MAGI3,-8.891162488399392,-9.023018369780354,-9.036925788631063
PHTF1,-9.850704745398902,-9.854895340190168,-9.976089683473413
RSBN1,-10.042818203793779,-10.123472214564442,-10.107890012780066
AP4B1,-11.957605594273948,-12.062087810735218,-12.15609743800006
DCLRE1B,-12.406660969303545,-12.603842927608673,-12.602065594489739
HIPK1,-9.881183892034143,-9.871783939014737,-10.096799533362853
OLFML3,-11.844286569275082,-11.69553224500719,-12.173618819667592
TRIM33,-8.758507260741474,-8.790255540620622,-8.88116705241492
BCAS2,-9.799100374387677,-9.97421763614448,-9.899627200328636
DENND2C,-11.479184196512229,-11.538526770466605,-11.3642187542144
NRAS,-10.151066014752331,-10.169818359954112,-10.302453018254113
CSDE1,-7.740740941855844,-7.833104727293759,-7.949995133642577
SIKE1,-9.563599668801649,-9.604039094892391,-9.537461685924688
TSPAN2,-9.026594099727719,-9.11259731311498,-8.930304558425592
VANGL1,-11.261624787616489,-11.454445548017665,-11.402804710425846
SLC22A15,-10.733928009917456,-10.62711785192217,-10.727853811468563
ATP1A1,-8.159417050445258,-8.068777608681089,-8.00404951101853
ATP1A1-AS1,-11.799590868219987,-11.66656922959146,-11.67619102342924
LINC01762,-12.393598267163759,-11.88866290046844,-12.333739787002099
CD58,-10.72848972178662,-10.57290856345719,-10.92651350673613
IGSF3,-9.431304150054983,-9.813009279665442,-9.712151018334648
PTGFRN,-9.678051988249305,-10.002695399782574,-9.896600517661843
CD101,-12.726322937659743,-13.288817564486715,-12.959215004695096
TTF2,-10.711230823669172,-10.884899470893794,-10.807932943766897
TRIM45,-12.888007490284544,-12.713227174454508,-12.790074392233848
MAN1A2,-8.702470835051107,-8.699032549792172,-8.786631770798534
GDAP2,-10.26759948909338,-10.19588326636228,-10.279427487187295
WDR3,-10.369657839305145,-10.499172167028942,-10.34578713524044
SPAG17,-12.95934059882861,-12.872046733948185,-11.822596017937787
WARS2,-10.364504182167117,-10.288116736295551,-10.608259254556906
WARS2-AS1,-9.969966838724737,-9.710021330282377,-10.127069275368365
ZNF697,-11.753033557743409,-11.768430077326522,-11.989793880523884
PHGDH,-10.356108321638581,-10.556306850644411,-10.388389597268107
NOTCH2,-9.881545295561397,-9.798999331749823,-10.126671682850914
SEC22B,-10.28532351264311,-10.27381123273129,-10.375921917613868
NBPF8,-11.989019649123643,-12.221012860405637,-12.365116847034901
ENSG00000290999,-11.804498898252241,-11.694860918850061,-11.46743190269418
SRGAP2C,-10.755045208933295,-10.409424396339725,-11.171102971430082
LINC02798,-11.539742574158582,-11.118322184564585,-12.142829321725815
NBPF15,-11.48898598859425,-11.124966106997185,-11.012596689178375
SRGAP2B,-11.432111119273646,-10.741807848315776,-10.942272524795783
LINC01145,-12.017895688142811,-11.849990521940237,-11.923249245552883
NBPF20,-11.95628274591028,-11.925026915056687,-11.872054746778144
GPR89A,-11.145355751491833,-11.0174338314892,-11.019389689932483
RNF115,-8.792470082920044,-8.658935604945164,-9.00503376417501
POLR3C,-10.47073815759246,-10.471792032173878,-10.563704108527501
NUDT17,-11.980240428664212,-12.066526225739857,-12.122370239976384
PIAS3,-11.538624627947016,-11.430048360950837,-11.733285296077028
ITGA10,-12.443503400088481,-12.276967916778684,-12.819163146118143
PEX11B,-11.503532527724623,-11.540482454518052,-11.569451048442616
RBM8A,-8.849927698883576,-8.93635534285577,-8.915472312033359
LIX1L-AS1,-12.509926340532605,-12.455847888892153,-12.496849439425985
LIX1L,-10.532859668384493,-10.363133361616239,-10.594465237558628
POLR3GL,-9.983155055878976,-9.908082117621145,-9.962571958552566
TXNIP,-8.548810893701523,-8.549111225159853,-8.264445549404993
LINC01719,-12.493898021026826,-11.574063617539776,-12.06457507599656
NBPF10,-12.491206831639088,-11.706229357614006,-11.978411578177225
NOTCH2NLA,-11.353913251845249,-11.247693593445685,-11.636330379898011
NBPF12,-11.05750836381096,-11.09289507490045,-11.127209472534123
PRKAB2,-9.993725017558234,-10.011022896445,-10.17342030976402
ENSG00000237188,-11.949637455186837,-11.435873726719937,-11.413975309356541
FMO5,-12.957321705564457,-12.989079443582844,-13.021850503824494
CHD1L,-12.977695424187004,-12.950663382516767,-12.864454143528592
LINC00624,-12.071941848128827,-12.345636370666234,-12.338628503829566
BCL9,-9.703292145693064,-9.574675073496854,-9.75631741662601
ENSG00000289419,-12.242616681766682,-12.12973065112341,-12.332328563588417
ACP6,-10.83760063866039,-10.663074169380883,-10.974201459308
GJA5,-10.741565864410267,-11.906113068467368,-10.736695731114766
GPR89B,-11.140965527158551,-11.106505331877543,-11.006932048931716
NBPF11,-10.734012549536144,-10.721632830770519,-10.803223390408231
LINC01138,-10.976275403388481,-10.879741841030075,-11.100850872966365
ENSG00000291232,-12.931638697802384,-12.368239253666154,-12.737288725856732
NBPF14,-11.044774693044232,-11.073163293718212,-12.031617542004133
NUDT4B,-11.977787534039706,-11.858757013090706,-12.250479333722732
PDE4DIP,-9.486361249412242,-9.241422253616141,-9.408580198104366
NBPF9,-11.270981649831413,-11.248799191958968,-11.384938502752815
ENSG00000274265,-10.833022453106128,-10.969061622202394,-11.37638943769007
ENSG00000289614,-11.670711667133785,-12.325447562817812,-11.924558504924825
ENSG00000291233,-10.595010855496184,-10.709002607791152,-10.661655101933395
NOTCH2NLC,-12.031527727579945,-11.814854953104307,-12.061043938051883
NBPF19,-11.389223553544484,-11.358110006018926,-11.410689010541809
LINC00869,-11.590092308869657,-11.286973071356083,-11.70638574054948
H2BC18,-12.854432817246135,-12.676035853196863,-13.122112291156968
ENSG00000290791,-11.750187411171316,-11.747121139818113,-11.880077831076278
ENSG00000290792,-12.012365866266153,-12.202342543585619,-12.269122818776657
H2BC21,-11.131591464885421,-10.653337898082762,-11.48796252854517
H2AC20,-9.387146798378799,-9.843455745867347,-9.514336665807162
BOLA1,-11.788665043743773,-11.902416899162555,-11.7227385708058
SV2A,-11.783918605047454,-11.730903285273468,-11.698964083198723
SF3B4,-10.288921059944512,-10.299382800014783,-10.492765043299608
OTUD7B,-9.681756508343936,-9.620550266392042,-9.77296688949266
ENSG00000285184,-11.856746871858427,-11.55434030780845,-11.577840969650843
VPS45,-9.330554661365596,-9.35272140871994,-9.510308426794612
PLEKHO1,-9.415141170882267,-9.337760156235763,-9.52529026130982
ANP32E,-8.887869177898223,-8.919221012043813,-8.967825178335318
CA14,-11.190358751089892,-11.407097621259414,-10.954220534443783
APH1A,-10.079891109561691,-10.123581884046704,-10.291149456172427
C1orf54,-11.186369402307369,-10.976717471197384,-10.938215885051127
CIART,-11.888918110392858,-12.379907605704012,-12.191286937555843
MRPS21,-8.839115657209836,-9.11968770507773,-8.908587997945544
PRPF3,-10.605310658627008,-10.5323208788981,-10.638277487848793
RPRD2,-9.068471008053322,-8.999697540047778,-9.20911800853709
TARS2,-10.991974145754215,-11.063856506332003,-11.068046467957956
ADAMTSL4,-11.659653532645743,-11.527275183543672,-11.49646954031058
MCL1,-9.833501816900853,-9.708019975653375,-10.103865211127156
ENSA,-9.534915134233122,-9.42422634910674,-9.702427396540559
ENSG00000288880,-12.966143385285251,-12.492161858278884,-12.78546421496281
GOLPH3L,-10.88484886532364,-10.866687580687259,-11.067292475865482
CTSK,-12.587746912577312,-12.455136133939149,-12.819971374539117
ARNT,-9.989209142270948,-9.995068758177855,-10.11974220102481
SETDB1,-9.982042301982403,-10.01283895212989,-10.2042574829594
CERS2,-10.329900787322147,-10.473555920847943,-10.386610127457025
MINDY1,-11.890971115032226,-11.579235438498776,-12.068698734256474
PRUNE1,-10.959699817888977,-10.851671554568346,-11.004607352650126
C1orf56,-11.755442557294204,-11.634318744048413,-11.913048806222648
CDC42SE1,-10.418229784877328,-10.314537736144029,-10.473738481600122
MLLT11,-9.75274558503856,-9.613350446103388,-9.673025031646722
GABPB2,-11.298946126600374,-11.189124563051877,-11.262689106037959
SEMA6C,-12.748179322067962,-12.747980093646508,-12.745918596369677
SCNM1,-10.8102968224306,-10.754620261900355,-10.79568074036237
LYSMD1,-12.60458129532199,-12.070420373502397,-12.309648976734259
VPS72,-10.692088487928483,-10.65586865984733,-10.73128808281724
PIP5K1A,-9.570970682723662,-9.55748006867272,-9.805999133263288
PSMD4,-9.223943491049285,-9.323485446227027,-9.427245584096786
ZNF687,-12.239358976472895,-12.311922064629105,-12.371972563008004
PI4KB,-11.06007686465819,-11.05576000309204,-11.241630045970767
RFX5,-11.435689984102371,-11.546951181184493,-11.451043834030614
SELENBP1,-12.101473584178102,-12.146453178462277,-12.041793078097655
PSMB4,-9.167884792742512,-9.264082341430315,-9.408807723583696
POGZ,-8.877453029909757,-8.760452411167437,-9.01780982197364
TUFT1,-12.643230530855565,-12.589474490757452,-12.874408344279788
SNX27,-9.846181935438103,-9.8377988396461,-9.857115774720844
MRPL9,-10.247391952964852,-10.336249497512433,-10.360671375355347
TDRKH,-12.636412831372688,-12.179818129146382,-12.597900108207096
THEM4,-10.118865011598157,-10.221147766775882,-10.070395909156398
S100A10,-9.428635953651591,-9.798035710159139,-9.335015053403165
S100A11,-9.982099753623103,-10.147268982445235,-10.16657064986188
S100A6,-12.012179099488415,-11.162163953228832,-11.34247717971672
S100A4,-10.284150764599588,-10.223906107522243,-9.921030240448399
S100A16,-11.470398273784319,-11.680617945283316,-10.822047216847976
S100A13,-9.650680977918135,-9.68476751219393,-9.55552486381615
CHTOP,-9.938259854196803,-9.974055749253663,-9.977598031884032
SNAPIN,-10.475870117884353,-10.433983714419833,-10.487247974084912
ILF2,-8.88297586967413,-9.108811326944116,-9.054051941174066
INTS3,-10.346726931987224,-10.221943706084616,-10.345721547441936
SLC27A3,-12.47443075556752,-12.347720216032897,-12.578127981326825
GATAD2B,-9.2360964635647,-9.190671764020493,-9.427891413825765
DENND4B,-11.449727121968282,-11.492846641118895,-11.569750036463047
CRTC2,-12.60394367083813,-12.722176214464698,-12.87576259617236
SLC39A1,-10.885544087052711,-10.92280392515554,-10.958527211563869
CREB3L4,-11.630343054121486,-11.89640072163103,-11.364580621275861
JTB,-9.694860038696893,-9.722632712068835,-9.639683411378371
JTB-DT,-13.216538351680779,-13.049197381454889,-13.0387615743471
RAB13,-9.297218682506037,-9.361283372495045,-9.386868789621149
RPS27,-7.111184483413694,-7.185230550632584,-7.187575029227546
TPM3,-9.020486276312704,-9.113444493247757,-9.175179768431043
C1orf43,-9.535303663432273,-9.570096905354461,-9.71881153206138
UBAP2L,-9.467017168182986,-9.48984930308999,-9.603500006273626
HAX1,-10.26412022095109,-10.21069064912046,-10.270387657697745
ATP8B2,-10.792139473595828,-10.567326014665445,-10.819104423277437
IL6R,-12.88667751450732,-12.305385592769952,-12.128403992471751
UBE2Q1,-10.025370338822443,-9.949009509458538,-10.048718034968875
ADAR,-9.506790140601016,-9.468181485713252,-9.540579270415972
KCNN3,-12.925215943754017,-12.952896257085856,-12.43212731063304
PMVK,-10.557548369830606,-10.692578893341546,-10.516915663347302
PBXIP1,-10.492999854957029,-10.458701634820114,-10.571656045023012
PYGO2,-11.160796800326473,-11.133102852787392,-11.231533829778884
ENSG00000271380,-12.138589734775552,-12.532275602796672,-12.380506279838906
SHC1,-11.591768497923583,-11.48092541251405,-11.648761033045718
CKS1B,-9.557812220445927,-9.930845575597816,-9.79139225524243
FLAD1,-11.220784327636146,-11.233757115444504,-11.45913797582953
ADAM15,-12.873177658827183,-12.975251446773152,-12.52724269889661
EFNA4,-11.356558293678736,-11.2548321371402,-11.434846199649423
EFNA3,-12.45522536546648,-12.426712000829504,-12.39966388599807
EFNA1,-10.691768735093973,-10.561193470726497,-11.092491830433922
SLC50A1,-11.109752794542782,-11.114464454286212,-11.163175025697988
DPM3,-10.431603466013414,-10.458600481609997,-10.358955592859797
KRTCAP2,-9.544916588987004,-9.505238706595383,-9.591743576477635
MTX1,-11.378088544222365,-11.390863476004622,-11.45284169733786
ENTREP3,-11.49834407841374,-11.488695459065136,-11.746538519787292
SCAMP3,-10.9628848339986,-10.975157603701373,-11.137425171344306
CLK2,-10.693781087809246,-10.751440672073272,-10.868169183272776
FDPS,-9.848523924442029,-9.886042071905637,-10.071124872618007
RUSC1,-11.998371529724158,-11.848683808165308,-11.902879569031354
ASH1L,-8.133948949479429,-8.117940790799539,-8.310702806978561
ASH1L-AS1,-12.434904656334481,-12.480618821443068,-12.646849900427464
MSTO1,-10.727213324006318,-10.720126304903083,-10.809161084081175
YY1AP1,-10.25311601459471,-10.176524443335689,-10.534628253481307
DAP3,-9.24449324682114,-9.217321148921311,-9.396192719655257
GON4L,-9.763096034178615,-9.6509570570868,-9.849518072253973
SYT11,-12.631293601978248,-11.848980830742748,-11.697768203571396
RIT1,-10.199580600305833,-10.014264644568833,-10.131082072580444
KHDC4,-10.282060563016175,-10.231598656821255,-10.430807043873093
ARHGEF2,-10.85479799188759,-10.831642352194962,-10.905989999388714
SSR2,-9.0531555629858,-9.173082051183632,-9.128775760297978
UBQLN4,-11.28747771978098,-11.184893757920797,-11.273053359054176
LAMTOR2,-9.574785202080381,-9.55394538984516,-9.522252194230804
MEX3A,-9.807080318654716,-9.926104294945675,-10.151223835714925
LMNA,-9.843158430950707,-9.973199140687763,-10.146883564277118
SLC25A44,-12.16978831885277,-12.118449024057286,-12.531352792324958
PMF1,-9.76992104799001,-9.884878074204403,-10.006688288514125
BGLAP,-12.530819780280602,-12.531393183321029,-12.624984536182007
SMG5,-10.461788855390544,-10.433927063680558,-10.603791140085836
GLMP,-10.883706980971205,-10.86421239334231,-10.90177470690474
CCT3,-8.06090369607441,-8.206151128692508,-8.25865292856687
MEF2D,-10.862939990647439,-10.68302697811543,-11.026434757426804
IQGAP3,-11.995702659577853,-12.558625298978221,-12.36224008227779
NAXE,-9.880658384909509,-9.89558130742587,-9.735649856480839
GPATCH4,-10.407176833537555,-10.561651496344698,-10.784358809760914
NES,-8.462044386634922,-8.231128607154368,-8.565407207840188
CRABP2,-9.006776161260031,-9.056516587707954,-8.767252716448041
ISG20L2,-10.56652884671985,-10.617070803296068,-10.680814502778315
METTL25B,-11.63622982281837,-11.59829549359833,-11.667458598121602
MRPL24,-10.863319569260767,-11.053285758445531,-10.962119593357802
HDGF,-8.83341501303303,-8.921664109651866,-9.070256745938146
PRCC,-9.727277914007361,-9.633113660143204,-9.83008826257463
ARHGEF11,-9.346008470859214,-9.331256762890545,-9.539528590454578
ETV3,-10.847256660608902,-10.683867520052212,-10.864168534640676
KIRREL1,-10.258944616392089,-10.453766795999394,-10.63898561775941
CD1D,-13.212782225555724,-13.02706868287049,-13.068798192605714
IFI16,-10.979712673759668,-11.079387055592205,-10.233541234443805
DUSP23,-11.953880710326793,-11.426520944508974,-11.21833738076164
TAGLN2,-12.533975516101673,-13.002767882146935,-12.420594876994887
PIGM,-11.136831245041373,-11.104784824751862,-11.140198343153072
IGSF8,-12.172063462582512,-12.340806531393385,-12.20812088446873
ATP1A2,-12.448796365859666,-12.515127601474376,-11.75793634750775
PEA15,-10.364711086643808,-10.544703241132005,-10.121136451079238
DCAF8,-9.399132375036409,-9.322082565588646,-9.524102819071764
PEX19,-10.157335906952815,-10.186426045274766,-10.266722470657168
COPA,-9.070795962181515,-9.033190517810986,-9.115470025083086
NCSTN,-10.594624883959089,-10.434942826418741,-10.75873612437404
VANGL2,-11.25504672139319,-11.267264853856588,-11.44747525624064
F11R,-9.969698587505043,-10.24069178987411,-10.00814001516354
TSTD1,-9.318519392707932,-9.186743787753068,-8.98140530899912
USF1,-11.840000678734047,-12.101569688431633,-11.845054082884827
ENSG00000289121,-12.823226260781945,-13.057582226203015,-13.202122985914585
KLHDC9,-11.902808945329138,-11.650761067496726,-11.568637891564924
PFDN2,-9.335555168703937,-9.429496719845408,-9.373165996685259
NIT1,-11.08487660898646,-11.059463822957415,-11.02838829042968
DEDD,-11.081590727805626,-11.006739135851369,-11.147238968019856
UFC1,-9.331477738316012,-9.462610295681358,-9.4340221291557
USP21,-11.822077332703913,-11.7330179338171,-11.989910133271225
PPOX,-11.539681669456986,-11.629936933509956,-11.501661401554347
B4GALT3,-11.326651241149461,-11.270753838833473,-11.416570363686798
NDUFS2,-9.109744685408412,-9.161081444524553,-9.204176711517126
APOA2,-11.01132102152614,-11.12754230298772,-11.44094718331122
TOMM40L,-12.939940083281648,-12.712292455058337,-13.00388873988747
SDHC,-9.537699451527173,-9.584601207940771,-9.657027360209021
ENSG00000289106,-12.91977618368404,-12.930945583658056,-12.864492304116071
ENSG00000288670,-12.521454354224971,-12.234221223204669,-12.489888697116156
ENSG00000283696,-12.616223804833297,-12.606878207859612,-12.571149414909309
DUSP12,-10.246400873278537,-10.400710923182242,-10.69577584453659
ATF6,-9.01669588314177,-8.945008318847469,-9.14470278996198
NOS1AP,-9.539880794367658,-9.720487478245422,-9.744973971789618
C1orf226,-12.693574766572729,-12.948752646351556,-12.96170507106216
UHMK1,-10.356226830612139,-10.255886902589896,-10.399260609584854
UAP1,-10.68596695631803,-10.64909839535387,-10.698605639971223
DDR2,-12.173855723221985,-12.086784244944786,-11.438240339235264
HSD17B7,-11.857431310753748,-11.734804586778253,-11.79908382634327
RGS4,-11.84561077195104,-11.278562333395296,-12.327996536375293
RGS5,-8.494489940065364,-8.558079269022508,-8.706032256011
NUF2,-10.76566149163928,-11.359173698729073,-11.143581791227358
PBX1,-7.048500626837891,-6.99582748246092,-7.41029293461864
ENSG00000271917,-11.861147350965533,-11.864017945964527,-12.466652000663256
RXRG,-9.971812168485089,-10.197989818298876,-10.166786114983642
LRRC52-AS1,-10.782633567763334,-10.575524850494158,-11.172086111002196
MGST3,-7.86243232065079,-7.7983584061141595,-7.859831433316956
ALDH9A1,-10.060183492631236,-10.075021770369643,-10.107937049120668
TMCO1,-9.417561148819603,-9.449267734581857,-9.526811239833007
UCK2,-10.488618053755964,-10.848638901389561,-10.491311660929844
POGK,-10.056916055221281,-9.964847724157746,-10.109757202790266
TADA1,-11.094217621494334,-11.063408677753026,-11.176621460777671
ILDR2,-10.090215228084679,-10.139063642423027,-10.891140250283607
STYXL2,-10.05452395630294,-9.972404742511904,-10.295252998527035
POU2F1,-8.879116713238433,-8.916553358834989,-9.048503894002986
CREG1,-9.686019990371072,-9.820494032717336,-9.799234043667976
RCSD1,-9.328383552677204,-9.258492789184407,-9.229003591288045
MPZL1,-9.034901314213117,-9.091230641580744,-9.24920740770161
ADCY10,-12.765704535784753,-12.935429305181753,-12.499980256368193
MPC2,-9.421154577988956,-9.497086272378072,-9.379136795028703
DCAF6,-8.40723284230234,-8.312505565486516,-8.68232459362432
GPR161,-10.630272293533402,-10.77101307588185,-11.074079953412197
TIPRL,-9.24964229680491,-9.23153052370005,-9.298630660872602
SFT2D2,-10.506660701920424,-10.516968958960637,-10.635591765482785
ENSG00000285622,-11.829394774309135,-11.42713912793533,-11.027270265030904
ATP1B1,-7.700529607238779,-7.8212555737162415,-7.529510427451713
NME7,-9.383620673031505,-9.35493279393136,-9.516097094523145
BLZF1,-10.009896259832768,-9.916392964445809,-10.128474546960144
CCDC181,-11.577854425144753,-11.250116766923103,-11.2950244381599
SLC19A2,-10.838638339830133,-10.70672551930578,-10.825453183025953
ENSG00000213062,-12.24294587091021,-12.008640485558463,-12.068676027830234
C1orf112,-11.421940809134156,-11.658992626971605,-11.728389117643735
METTL18,-11.834071403261044,-11.836111736269826,-11.932203201314904
SCYL3,-10.973721308417442,-11.065056262174725,-11.270322088100055
KIFAP3,-8.952272763638488,-8.762754739435572,-8.910045484478443
GORAB,-11.222326252363045,-11.196467619212296,-11.2917659439138
PRRX1,-12.196365358928217,-12.020028137141516,-11.976205293812152
ENSG00000231424,-12.345947885127172,-11.912835317619018,-11.786468664875285
FMO4,-11.909416717302923,-11.708658298601508,-11.941642184366444
PRRC2C,-7.865865829145938,-7.853768088121488,-7.933223760108908
VAMP4,-11.44047607906322,-11.38569663824556,-11.423217025738449
METTL13,-11.708318837130383,-11.592594189306608,-11.644110158398831
DNM3,-11.241440103688731,-11.081127761652548,-11.171113094248886
PIGC,-10.519047916383881,-10.46025498185122,-10.598148258560208
C1orf105,-12.038978652931183,-11.22481099006888,-11.569637978225584
SUCO,-8.969050658064152,-8.88260672770118,-9.02204885256133
TNFSF4,-12.708390760149353,-12.442372755132002,-12.744512687673708
PRDX6-AS1,-9.897344429804438,-9.879747574730876,-10.330205898173134
PRDX6,-7.691079116584024,-7.794050194007266,-7.806555322016038
ANKRD45,-12.700699732651827,-13.116385219802448,-12.621724982771001
ENSG00000289426,-11.97392382305442,-12.604022938072243,-12.483733139671871
KLHL20,-9.689329334643988,-9.730261356533529,-9.786320625410557
CENPL,-11.319298794569526,-11.71508724680987,-11.818801265289038
DARS2,-10.945656729466405,-10.935874200922731,-11.150797419779511
GAS5,-7.458405695049421,-7.76385642335303,-7.881953995996631
ZBTB37,-10.380815882743834,-10.24450093205294,-10.439508011582493
RC3H1,-8.98687761142599,-8.925287454647293,-9.004100847340949
RABGAP1L,-8.054694644725688,-7.762086969185735,-7.7036061314558655
CACYBP,-8.76233338749367,-8.999108840426532,-8.827915679711621
MRPS14,-10.157260861616905,-10.284898706721146,-10.31635408148581
LINC02803,-12.062052678357517,-12.293786186745779,-12.45424304288979
COP1,-8.56312902330278,-8.528986543958823,-8.642626246358502
COP1-DT,-12.238516828503892,-12.451041715110092,-12.028616275098958
PAPPA2,-11.815752676234238,-12.150750799550039,-11.617781302749004
ASTN1,-11.73153112246501,-11.521002768492929,-11.555522459767028
BRINP2,-12.993251304025687,-12.509591578061297,-12.587318657953261
RASAL2,-8.479282100883944,-8.382693158340514,-8.687037075268263
RALGPS2,-8.770327813131484,-8.711834678716592,-8.775309627124587
ANGPTL1,-12.611503678405873,-12.500383926295031,-12.681508114383554
FAM20B,-10.155288713368417,-10.110220197935346,-10.241282822918148
TOR3A,-11.814600243566169,-11.998971063344639,-11.759034366676032
ABL2,-9.665043616340045,-9.668774066202925,-9.853838467707005
SOAT1,-10.925905262311234,-10.906507688594882,-10.922264814888026
TOR1AIP2,-9.448074750410584,-9.410555506121531,-9.643192123824496
TOR1AIP1,-10.561397867625038,-10.43925928977489,-10.74715032788597
CEP350,-8.54663672760946,-8.492147120763187,-8.654023373190077
QSOX1,-11.61496546556469,-11.883684995313473,-11.627027036967526
ACBD6,-8.774393856049096,-8.788383485909728,-8.93418222019829
XPR1,-8.64460314339611,-8.678478178164124,-8.875043694469571
STX6,-10.252059422747994,-10.240763087252484,-10.366601139555012
IER5,-12.082308571352025,-11.977111835205292,-12.598112159437653
GLUL,-10.349457538783067,-10.252250738388739,-10.21249473328791
NPL,-13.03205200796885,-12.674790069087834,-12.687770469191644
DHX9-AS1,-12.178826787061924,-12.303777283355531,-12.326088333618975
DHX9,-8.465156041927603,-8.526189652067783,-8.560456957655486
LAMC1,-8.93297444386615,-8.889922045064163,-9.01185610911424
SMG7,-9.35661439739918,-9.301129507758638,-9.446526374461172
ARPC5,-8.401938178778153,-8.38721391215664,-8.486739682412793
RGL1,-8.72667004295614,-8.605679642210266,-8.999782652307475
COLGALT2,-10.254888870641718,-9.780542789379952,-10.737728728965902
TSEN15,-9.986051976070213,-9.728804665844196,-9.998397977567995
C1orf21,-9.293968529601779,-8.92397813078051,-9.644684296624538
EDEM3,-9.871750905503628,-9.752774306734207,-9.967584963595863
NIBAN1,-12.377666567677236,-12.830497062417564,-12.88280965862524
RNF2,-9.96448311803971,-9.833939720222777,-10.176879514832379
TRMT1L,-10.27664661679948,-10.299858925243322,-10.359546436237144
SWT1,-10.525881932612664,-10.48251082803873,-10.609550584979118
IVNS1ABP,-9.326821732231005,-9.56108063844273,-9.754795704529332
HMCN1,-9.308457298080668,-9.070190808196502,-9.261288550643998
TPR,-7.920778125984605,-7.990338157766866,-8.088006624813223
ODR4,-9.853676475517888,-9.792738804554812,-9.916265232638555
PDC-AS1,-11.012006555867748,-10.838418655770498,-11.108892056993861
LINC01036,-11.051931730564794,-10.842799965636793,-11.523090262510953
BRINP3,-10.159232120448126,-10.746657264651594,-10.10866299639429
ENSG00000285280,-10.976766788701864,-11.13243955830669,-10.877006906137478
RGS13,-11.963039742407426,-12.97432158502587,-12.53303896571764
RGS2,-11.908686055877233,-11.96269825550281,-11.961763480316195
UCHL5,-9.7537677489405,-9.840200713698843,-9.77249059039402
RO60,-9.068966832854615,-8.990579175090753,-9.075220571639834
GLRX2,-10.805757548571444,-10.779646187805566,-10.96949738828081
CDC73,-8.93136486828455,-8.895278222973605,-9.059385997222174
ENSG00000227240,-12.145190468347542,-12.216917857370733,-12.289371631049312
KCNT2,-9.098204340859102,-9.062195895572657,-9.16412553163181
ASPM,-9.389150009474225,-9.892614606550058,-9.924019646271864
ZBTB41,-10.425483830958264,-10.245248443931057,-10.402128037621486
DENND1B,-9.074064970017028,-9.22614482912736,-9.164065895614604
C1orf53,-11.972752137655874,-12.082820821057272,-12.428806970619858
NEK7,-8.695278443206224,-8.69846334207695,-8.933816922828271
MIR181A1HG,-10.74217985262378,-11.10535449814922,-10.993208056889324
ENSG00000230623,-11.823560061815115,-12.422930355270763,-11.284540227079958
ZNF281,-10.118739424119338,-10.10059398438404,-10.241941272932621
KIF14,-10.30952820048254,-10.822173008039602,-10.90258198928812
DDX59,-10.635064799859816,-10.64070389972244,-10.73924567183951
CAMSAP2,-8.71291159339919,-8.692346298698748,-8.940910949387755
INAVA,-12.20581865622973,-12.60552836852151,-12.780745532799214
TMEM9,-10.085056118251908,-10.265321087005098,-10.062520758567517
TNNT2,-5.766845219453231,-5.7568772111917195,-5.574557620494577
LAD1,-12.70761037845107,-13.041304652874526,-12.69347226493088
TNNI1,-6.490951619835335,-6.508032987215613,-6.355459734270211
PHLDA3,-11.224156271105068,-11.365936439816434,-11.442686832018625
CSRP1,-10.96879805791911,-10.487922378686944,-10.778750345407756
NAV1,-7.7174214520000115,-7.771793478446813,-8.152477827827298
IPO9-AS1,-10.390992813527205,-10.471410201844318,-10.865541361480286
IPO9,-9.23781393504596,-9.230800693357438,-9.507795272104728
SHISA4,-12.92732293813705,-12.871953889547942,-13.014433698936655
LMOD1,-9.269784513022996,-8.900825827508552,-9.327542422938993
TIMM17A,-9.544261844740644,-9.669975287331722,-9.582972019777188
RNPEP,-10.906384505483093,-10.866000223154064,-10.89097491713247
ARL8A,-10.77546283852186,-10.623670668713412,-10.695809138702971
UBE2T,-10.299580358649576,-10.6304403591535,-10.578075697018232
PPP1R12B,-7.499747961326024,-7.038888954236917,-7.608850168238843
SYT2,-13.026625859763959,-12.640503946613963,-12.99981381090259
KDM5B,-8.195454998805092,-8.169821055996776,-8.309306668468023
PCAT6,-11.939170226557628,-11.637215182342839,-11.2472667604575
ENSG00000291234,-12.235212441816948,-12.297140622980416,-12.1382557374806
RABIF,-11.579660624339288,-11.340459541487657,-11.571151878794772
KLHL12,-11.034166391632711,-10.920220691995635,-11.131228546970185
ADIPOR1,-10.195617908732093,-10.210323331133765,-10.330258665191826
CYB5R1,-11.092656156358638,-11.02000966272203,-11.057949668585767
TMEM183A,-9.751969192236682,-9.798845934363037,-9.834351106097852
PPFIA4,-10.604675130615684,-10.622560331959303,-10.35518576085997
ADORA1,-12.271853677277816,-12.38851613379991,-11.782646288213657
BTG2,-10.296094371009868,-9.931152488661825,-9.959808033048402
ATP2B4,-9.158782744930035,-9.127146147828812,-9.086587308604765
ZC3H11A,-12.98015548305415,-12.904690038403059,-13.214994413961954
SNRPE,-8.574810298868867,-8.801804985064281,-8.754773819815705
SOX13,-11.61193580104694,-11.67377148622813,-12.083599094541905
ETNK2,-12.417978007282269,-12.41206286292793,-12.82455013593646
PLEKHA6,-9.998679784039968,-9.90936822956367,-9.932052506051997
PPP1R15B,-10.610275989790155,-10.631217366457753,-10.661986037944928
PIK3C2B,-11.06638295743199,-11.025504193920463,-11.239297314075325
MDM4,-9.228880382634655,-9.174634004955365,-9.370796548509968
LRRN2,-12.633268305059218,-12.506428489733755,-12.341689010495966
RBBP5,-10.948120987369075,-10.92467954386013,-11.124508852741819
DSTYK,-10.529623850231582,-10.453615028988386,-10.673281051979824
NUAK2,-13.276757311361662,-13.004874935778757,-13.220024171941896
CDK18,-11.882409408313684,-12.284254104041805,-11.890700594976558
ELK4,-10.889097814002668,-10.828294061739012,-10.914656792504536
NUCKS1,-7.299128976248938,-7.384559140282506,-7.495448259105267
RAB29,-12.278504562559835,-11.989201395443896,-11.906981181374332
SLC41A1,-10.53429986544248,-10.42069853277149,-10.639532465972282
ENSG00000286619,-12.790242419150008,-12.87962808933965,-12.225201787321403
RHEX,-12.594471666064376,-13.05489077994817,-12.090994148493067
SRGAP2,-9.729836641589248,-9.525231662051434,-9.941346970396044
IKBKE,-11.909231118961753,-12.462576639108327,-12.238590527147496
RASSF5,-10.345214230026356,-10.87712596926766,-10.410324415931742
EIF2D,-10.766310663637077,-10.793406436545508,-10.910669153281694
DYRK3,-10.822755137936564,-10.650803485503937,-10.816270181857453
MAPKAPK2,-9.702531583540843,-9.664932581717823,-9.727495473193184
PFKFB2,-12.581193499178793,-12.679954806106204,-12.629112310253714
YOD1,-11.4030888662255,-11.290493415039142,-11.410855309911883
CD55,-10.58462278658224,-10.34398028740391,-10.54552617764225
CD46,-8.933893633332373,-8.856733146510786,-9.08485830727851
MIR29B2CHG,-12.717916910841726,-12.270609133380361,-12.63711782976065
PLXNA2,-9.692873707497936,-9.831020645053702,-9.73748014281684
G0S2,-11.826463019795261,-12.292296022785486,-11.438229705596159
UTP25,-10.989922482470233,-11.312753367329773,-11.202839525644018
SYT14,-10.645843161124196,-11.107905185370557,-11.135432375054318
HHAT,-10.515170108846753,-10.609237097303584,-10.459313878167253
KCNH1,-11.45927609530252,-11.444217850154772,-10.79476805697438
RCOR3,-9.228725669119559,-9.228079806245802,-9.294015590813594
TRAF5,-11.433405186660348,-11.62485596739397,-10.643085302883671
LINC00467,-10.788286338595654,-11.373364509787072,-10.502569048981115
SLC30A1,-11.781952305433695,-12.051953058603258,-11.910293863842115
NEK2,-11.614229444268686,-12.010897738563264,-12.11930335450369
LPGAT1,-8.934413400222214,-9.065423606884282,-9.131350056743267
INTS7,-10.368839482184518,-10.378513668796217,-10.62196822638094
DTL,-10.735022065964612,-11.371956381781445,-11.197526967239273
PPP2R5A,-9.541189777719175,-9.510028181620747,-9.634068528006724
ENSG00000234915,-12.818812449458285,-12.735589045917596,-13.082636385105749
PACC1,-11.507471181416562,-11.418372217083487,-11.660848174172234
NENF,-10.76605686220094,-10.75494639259687,-10.711486089832539
ATF3,-11.24390505748848,-10.15613633555471,-10.75239324630188
NSL1,-9.434030257503917,-9.445860618593755,-9.47051830896338
TATDN3,-10.885716681873042,-11.04917168844317,-11.120308832329393
FLVCR1-DT,-12.592580968985,-12.732576137290897,-12.762401843221063
FLVCR1,-10.596155611173222,-10.600782167346093,-10.65162762845597
VASH2,-12.913131016820813,-13.243137879758905,-12.757824629514253
ANGEL2,-10.055364806793884,-10.047408112756965,-10.173513188340888
RPS6KC1,-9.271627795108438,-9.194827787800913,-9.260668044680685
PROX1-AS1,-10.679582500567797,-10.933359324627444,-10.912817897929028
PROX1,-8.946677148558285,-9.114990710672387,-9.38438741149227
SMYD2,-9.614177658117349,-9.856497817674128,-9.885299028625047
PTPN14,-10.013367283436898,-9.87085975768,-10.290563744164496
CENPF,-8.62723390571736,-9.048302226091597,-9.148391412549364
KCTD3,-9.604751823964925,-9.598437739682813,-9.761730209045455
USH2A,-11.549864430801266,-11.318304885628423,-11.861705713782865
ESRRG,-7.1592726322571965,-7.1927580655486265,-7.4580913964270374
GPATCH2,-8.953821557767201,-8.868768227840002,-9.04302111322758
SPATA17,-11.153703752186066,-11.004891806431107,-10.878219181477307
RRP15,-9.539887398428522,-9.793031475559197,-9.788938324550367
TGFB2,-7.8391356535384284,-7.838902254130918,-8.327577756360707
LYPLAL1-DT,-12.163716803714347,-12.29317452294566,-12.219545182571002
LYPLAL1,-9.22765042340784,-9.13358496823987,-9.07010090448568
EPRS1,-8.736189824395698,-8.836237264366387,-8.79087397537709
BPNT1,-10.824443185321188,-10.813376668254051,-10.936631256721448
IARS2,-9.123983657422006,-9.311823440008212,-9.310250043365595
RAB3GAP2,-9.330893609390806,-9.25249202281062,-9.420220612716134
MARK1,-8.7074476257388,-8.844694567042328,-9.101293991057979
MTARC2,-10.389793012410902,-10.426519579887803,-10.633719269713255
MTARC1,-10.78674835726378,-10.91229139606781,-11.7078360347457
DUSP10,-11.36746249445365,-11.290898922624397,-11.373922336225036
TAF1A,-11.631836863441936,-11.747382867777933,-11.680530023957754
TAF1A-AS1,-12.532215226161716,-12.723671425937908,-12.599698227226249
MIA3,-9.208137072044481,-9.17326030783447,-9.266655410371087
AIDA,-9.993857879770585,-10.017463620819552,-10.017416517228153
BROX,-10.103045139674725,-10.064782988076605,-10.144810318050226
DISP1,-9.598104855962857,-9.476659722549526,-9.621103642309691
SUSD4,-11.904821528744927,-10.14351408773148,-11.506206730164868
CAPN2,-10.053790196557957,-10.08392247113465,-10.245063699645732
TP53BP2,-9.254069166356919,-9.223735855369876,-9.364643683493057
ENSG00000291068,-12.002297861064543,-12.078555177055698,-12.239534663082326
ENSG00000290989,-11.672089663920616,-11.181029062396384,-11.225398915085595
FBXO28,-9.892068470593331,-9.95321561870756,-10.092339688225035
DEGS1,-10.075822367044088,-10.030192124919752,-10.234239283953592
NVL,-9.942287635297676,-9.956981876620114,-10.114891872476386
CNIH4,-9.853629623950395,-9.895031062773862,-9.964065014651624
WDR26,-9.37812334801692,-9.39292581923581,-9.566630261121466
CNIH3,-11.285987134546216,-11.409506166224096,-11.334958130240473
DNAH14,-9.191301415338591,-8.718105488512935,-8.60152164120643
LBR,-9.756115137618544,-9.82635305613067,-10.002664578883879
ENAH,-8.2036701699006,-8.160773052502531,-8.293390376707526
SRP9,-8.650532363024753,-8.7174423508024,-8.751851739729245
EPHX1,-11.788717749454031,-11.81902960265141,-12.022826179918942
ENSG00000242861,-12.261146722572319,-12.198529283491643,-12.532228665926025
TMEM63A,-11.31696930392151,-11.293299210650236,-11.431461668088323
PYCR2,-10.74865365699418,-10.796180599746105,-10.86283120005798
SDE2,-11.08057474758631,-11.16768430288782,-11.322821047084544
H3-3A-DT,-13.077936059894764,-12.316646316982116,-13.143839414555119
H3-3A,-6.808643492107853,-6.916041236671463,-6.929766922012196
ACBD3,-9.368576129010131,-9.246508790648715,-9.32327167829225
MIXL1,-12.62009718214718,-11.976748168975952,-11.969570130801877
LIN9,-10.131668922594473,-10.19634779421662,-10.413595820201369
PARP1,-8.74388469856007,-8.919457459894085,-8.828026712789887
STUM,-11.402371944933536,-11.819345666882612,-11.92017231705521
PSEN2,-11.399328621596476,-11.03439492986723,-11.284880359729952
COQ8A,-11.3561218986794,-11.695783708803928,-11.52783145683948
CDC42BPA,-8.571058204299112,-8.478166976127133,-8.746450936148145
ZNF678,-10.273272532743967,-10.225603019108368,-10.453030668432968
SNAP47,-11.33787390502992,-11.182864325606571,-11.323583339717974
JMJD4,-11.92323850209791,-12.114869080794074,-11.981814876374514
ARF1,-8.289912118485724,-8.269885278429554,-8.218928983626475
C1orf35,-10.296886487754078,-10.415409462901216,-10.481852434053804
MRPL55,-10.670132355805457,-10.67146816347036,-10.676586083239355
GUK1,-9.49955638363318,-9.517524039303574,-9.586945677042499
IBA57,-11.962475040772459,-11.977440788810213,-12.306329936869592
OBSCN,-9.169305376738594,-8.987499085913552,-9.156527275182547
ENSG00000269934,-13.005086559973806,-12.726796966661485,-12.52124276689304
TRIM11,-11.472547031943103,-11.586821475608279,-11.680978261391296
ENSG00000231563,-12.665110164012425,-12.549379410267495,-12.929412246318348
H2AC25,-10.34554390609257,-10.503242029566511,-11.235924049205885
RNF187,-10.284979991071975,-10.229017237434535,-10.253535966684993
RHOU,-12.063109678436012,-11.974539556111685,-11.421743187295364
RAB4A,-9.628164738738306,-9.51865007883519,-9.553995443756444
CCSAP,-11.716757851018237,-11.641240145724552,-11.744591231951041
ACTA1,-11.474446216238142,-9.774490591867897,-10.467879576749116
NUP133,-9.828918945301352,-9.839990922374387,-9.916879507760063
ABCB10,-10.661848057320315,-10.553852656457668,-10.834318957667294
TAF5L,-10.968272942466134,-10.746568758980384,-11.114401802906851
URB2,-11.549879301590034,-11.527741913994067,-11.65312554874249
GALNT2,-9.342572280152224,-9.28296509259666,-9.655112074848404
COG2,-10.172060966000672,-10.30550467776684,-10.27508389837399
AGT,-11.89350019413482,-11.983174313301173,-12.267771068625182
C1orf198,-10.546126110972322,-10.507198668875608,-10.987262909565342
ENSG00000223393,-12.226653008725714,-12.176609312770054,-12.301830893838618
TTC13,-10.676750017717108,-10.981902477885212,-10.94859496721717
ARV1,-10.29443199446272,-10.410013246843054,-10.334594063860694
FAM89A,-10.437519664025157,-10.308350877332815,-11.013560965842215
C1orf131,-10.616916137446909,-10.823000322529916,-10.587379133941853
GNPAT,-10.177010240730214,-10.273805809751925,-10.25905822312144
EXOC8,-11.725111452143985,-11.6929508841115,-11.73717637455555
SPRTN,-11.111177643613116,-11.027196753387733,-11.174103643879045
EGLN1,-9.351150263209261,-9.475835613328407,-9.436258874865562
TSNAX,-9.508169136289373,-9.52551405796272,-9.669533860581293
DISC1,-9.45626450687185,-9.83914675330196,-9.73382179328177
ENSG00000286071,-9.027413675222498,-8.797314810758246,-8.564396073984192
SIPA1L2,-7.715482388050211,-7.778406421957753,-7.735243364203377
MAP10,-12.379155667995397,-12.75233406110515,-11.178844467007918
NTPCR,-9.461761565478373,-9.460066499016277,-9.379415438814613
PCNX2,-10.168599508130747,-10.151757922543501,-10.146225476477555
MAP3K21,-12.5591590035491,-12.590485729822214,-12.035836255701012
KCNK1,-11.377229756197105,-12.24570770213766,-12.137925484558785
SLC35F3,-10.031710815047429,-10.062475040943315,-10.94697394668809
COA6,-10.030295430146438,-10.194284664689837,-9.961120533153235
TARBP1,-9.508205343297,-9.416310236823206,-9.548980185612804
IRF2BP2,-9.738957450173622,-9.569973515921236,-9.817447064717488
TOMM20,-8.000189855303223,-8.108198627030772,-8.10696717385786
RBM34,-11.852479841285287,-11.762193649573348,-11.858096311731444
ARID4B,-8.44608815693409,-8.44162379636808,-8.619072665065012
GGPS1,-9.80911876691392,-9.748855522525991,-9.936453069850643
TBCE,-10.446505937571718,-10.422243472392669,-10.599390646501227
B3GALNT2,-9.84443855090223,-9.830173818095346,-9.877192086832869
LYST,-10.155853741005489,-10.206837074546144,-10.182518787155365
NID1,-10.130561719423829,-10.670544574951519,-10.564087103615602
GPR137B,-12.454127845295838,-12.25813786601425,-12.508158456695087
ERO1B,-12.201052813610458,-12.118057612475152,-12.304289701425626
LGALS8,-11.366738775098478,-11.193960536266353,-11.028769411102047
ENSG00000230325,-12.156145781388888,-12.329362181459532,-12.444936223181362
HEATR1,-9.957431804185788,-9.968274222607754,-10.096752757653352
ACTN2,-7.847925815835952,-7.645528882637166,-8.100291040328024
MTR,-8.652383139626624,-8.716868907162388,-8.859019062328858
RYR2,-5.859620327299892,-5.931395151852739,-5.97735490269801
ENSG00000289628,-12.370367758726552,-12.321540639905265,-12.571121199730154
CHRM3,-12.243122136805374,-11.591593640056862,-10.549315939401705
FMN2,-11.976168839092542,-12.785873613605105,-12.307483499832092
GREM2,-10.143831013892335,-11.371920731151135,-10.538635743876199
RGS7,-12.911265193990815,-13.134234632776641,-12.786215037677943
FH,-9.490051217010882,-9.630739081146718,-9.493974855082785
OPN3,-10.871521929251609,-10.641396426893339,-10.689359133938481
CHML,-10.256292623176341,-10.316313648987352,-10.25713394721761
ENSG00000288723,-13.203081676682803,-12.905711256607715,-12.983935489552191
EXO1,-11.40092155737289,-12.264469077410956,-11.508284661490283
PLD5,-11.603283245973824,-11.082907501736736,-12.182148469022476
CEP170,-8.685772406775143,-8.698718784236329,-8.997506042206691
SDCCAG8,-8.922213946377415,-8.836585741675977,-8.96201855825759
AKT3,-8.606087917094811,-8.540370130974866,-9.020207211893725
ZBTB18,-11.3517622699984,-11.160032089572809,-11.384143382084956
ENSG00000240963,-12.064799157159742,-12.140522580985353,-12.209116898980191
ADSS2,-9.846108600682717,-9.795991263996838,-9.852960774627471
CATSPERE,-11.088698097144484,-10.700898941489614,-11.18175623477139
DESI2,-9.661973868700697,-9.644091605988834,-9.77341075384147
COX20,-9.319779524170798,-9.275407799654072,-9.211117834003627
HNRNPU,-7.41165157969454,-7.556879342693025,-7.610208567292279
EFCAB2,-8.94042673841018,-8.8082310677554,-8.871652836544422
KIF26B,-6.293550217117274,-6.434411911621789,-6.430150279182077
KIF26B-AS1,-10.354433943708665,-10.540495607753092,-10.508353713266768
SMYD3,-7.991540880765513,-8.068815712636322,-8.071676611422827
TFB2M,-11.025838782938932,-11.069630114954096,-11.235724576989
CNST,-10.143909310129148,-10.10480811390219,-10.259057356300293
SCCPDH,-9.656318934208587,-9.812818674816805,-9.806284864004857
LINC01341,-11.73846071981276,-11.8209978527838,-11.95043223225193
AHCTF1,-9.469723344552213,-9.539302143337213,-9.642268253826286
ZNF695,-12.552617022637088,-12.582515779735271,-12.669678831458874
ZNF670,-11.124875571817924,-11.30995358411457,-11.501419744803313
ZNF669,-11.861021645305927,-11.95114852414625,-12.077832865470212
ZNF124,-9.475266657303132,-9.66890318648032,-9.678592990608266
ENSG00000259865,-13.04838487125652,-12.581876576223662,-13.021421680369354
ENSG00000290683,-12.149959390993855,-12.283175660884554,-12.408114044834193
ZNF496,-10.760154208817864,-10.72364675523171,-10.966604891670308
ZNF496-DT,-10.190279942923793,-10.173296873713486,-10.360432611554717
TRIM58,-12.685841945994943,-12.34936350241681,-12.129460560397801
SH3BP5L,-12.00711693109709,-12.119448530321991,-12.194305346779469
ZNF672,-11.637719431965822,-11.529230682721053,-11.504268517529212
ZNF692,-11.763399837079312,-11.781704231329774,-11.90048619192436
PGBD2,-11.951559699874025,-11.667466625618806,-11.971255457512033
SH3YL1,-10.408763493213067,-10.391241110412796,-10.412724937988086
ACP1,-9.206398723960861,-9.374987598090327,-9.311462530220926
TMEM18,-9.899936698404927,-10.017754614024435,-10.247242831882533
SNTG2,-12.2174097884078,-12.00852405036458,-12.179705885620448
PXDN,-9.519583042200642,-9.459651663458809,-9.424197799247445
EIPR1,-10.673638627376635,-10.730212898505304,-10.828608124372499
TRAPPC12,-10.209578003551298,-10.221644486732153,-10.274384482652053
ADI1,-10.122945987799584,-10.166091239767974,-10.403565395116175
RNASEH1,-10.075179585494165,-10.337767957469051,-10.362847835363251
RNASEH1-DT,-10.791632539394532,-10.876014544697579,-11.026754127076805
RPS7,-6.343556898155158,-6.556739480469445,-6.402825573239919
COLEC11,-12.960340482466558,-12.838786017505976,-12.123891489083828
SOX11,-9.759890950719374,-9.599903123395151,-9.95708144848915
RNF144A,-10.302169876810819,-10.701451624396698,-10.214170303437019
LINC00299,-12.934277399787277,-13.001765191322923,-12.450562748024733
ID2-AS1,-12.5241128812769,-12.025541501570654,-11.913285667772882
ID2,-8.220550169385167,-8.22604310653594,-8.23969758081115
KIDINS220,-8.431256895586497,-8.521156115862082,-8.552749821962708
MBOAT2,-9.277557243728468,-9.259095350640528,-9.326224170146403
ASAP2,-9.42216649271005,-9.609988212266627,-9.878332672004708
ITGB1BP1,-9.894706726996858,-9.996057249232992,-10.051529890033882
CPSF3,-9.999828547383878,-10.046203360148839,-10.156472587661698
IAH1,-12.297906391159573,-10.436598713442079,-10.856378821155902
ADAM17,-9.524496380616423,-9.540903510350903,-9.655378335014612
YWHAQ,-8.25152376098352,-8.410862312236567,-8.513714848336306
TAF1B,-9.806567132227467,-9.876914159443531,-9.957331396597732
ENSG00000269973,-12.468242912173691,-12.710398317557418,-12.575161879930361
GRHL1,-13.108296658769211,-13.115068468020986,-13.199067475887436
ENSG00000260077,-12.171295623254679,-11.893902244647848,-12.222460849211172
KLF11,-10.97419555131341,-10.91731616496666,-10.96802175078132
RRM2,-10.89859998613791,-11.540581102694702,-11.427644004725273
HPCAL1,-11.8151939856005,-12.094667436894541,-11.986333915639783
ODC1,-9.124870465099221,-9.236219110062587,-9.177465111690632
NOL10,-9.602563175283434,-9.732157914004326,-9.747250777783318
PDIA6,-8.099983835010404,-8.093962914098197,-8.181578850759994
SLC66A3,-12.07116276716605,-11.939077779392566,-12.022001599077548
ROCK2,-8.657676791125994,-8.710004243086914,-8.755229067881459
E2F6,-10.64963001192277,-10.520772239893752,-10.598958069936387
GREB1,-9.301463765786329,-9.328731272685157,-9.753107664219579
LPIN1,-9.9149011857777,-9.987625024388137,-9.869772074696277
TRIB2,-10.018106798989244,-10.075164211390982,-10.415183551358624
LINC00276,-11.58703268455621,-11.455425309969954,-12.855653315797
LRATD1,-12.85129821756046,-12.93137765094003,-12.774366898338037
ENSG00000287291,-11.64338271113941,-11.810022762425994,-12.414495368340496
NBAS,-8.725446150684938,-8.778371077443833,-8.91024795025951
DDX1,-9.11850452539242,-9.090318248817162,-9.238056135851474
MYCNOS,-12.50126463714297,-13.165044100226808,-12.728394643066494
MYCN,-9.930240928719403,-10.444353280283323,-10.049145738595888
CYRIA,-12.953717749647211,-12.382594537534896,-12.920094335138407
SMC6,-9.392051734556423,-9.488020144783702,-9.434174992291474
GEN1,-10.347379144616216,-10.624448427846566,-10.684546389173851
RDH14,-10.054273254621046,-10.23602713609453,-9.915521586026186
LINC01376,-10.79990317453046,-10.871069518484436,-10.815482290722878
OSR1,-11.814804514670541,-11.98412646020961,-10.825339793914793
TTC32,-10.535601297954702,-10.548786946424467,-11.014284746010691
WDR35,-9.775030891884974,-9.82634807069441,-9.942072174404956
MATN3,-12.016719536451363,-12.801431690666439,-13.043594200088025
LAPTM4A,-8.498715251945615,-8.508068637988876,-8.67799876029244
PUM2,-8.39477442015095,-8.407022048467107,-8.512433484937695
RHOB,-10.793468129355364,-10.76940824002616,-10.85166866156692
HS1BP3,-12.624376020522886,-12.502757146559796,-12.446242843006123
LDAH,-9.676245424363922,-9.788857399707494,-9.694640732981116
APOB,-11.340525667551276,-11.835610876076167,-12.136653027824366
KLHL29,-11.667261113337924,-12.007659141115836,-11.335310719782019
ATAD2B,-9.012257601171662,-9.053761031472304,-9.118130144068905
UBXN2A,-9.248213463458582,-9.306559553150343,-9.375969178282705
WDCP,-11.393912349582003,-11.545197762360425,-11.492695096353051
FKBP1B,-11.00783288180113,-11.191780540719062,-11.100433438246053
SF3B6,-8.509525819123331,-8.709972837880338,-8.640868454772848
FAM228B,-9.702757087884864,-9.663181442631107,-9.656758860077497
TP53I3,-10.633083054742173,-10.816171305898308,-11.042495097605979
ITSN2,-8.834888789537784,-8.825308767681054,-9.095142520421312
NCOA1,-8.428203332502102,-8.428371055153903,-8.772050142202554
PTRHD1,-10.018687890659562,-10.165425069237472,-10.516570505918573
CENPO,-11.58446564205741,-12.0164325596685,-12.076201804315696
ADCY3,-12.482631649707546,-12.683212514873354,-12.703127222798132
DNAJC27,-10.859685260828886,-10.99779122760168,-10.834269766979903
DNAJC27-AS1,-12.111360784872275,-12.33670264145709,-12.012182813237324
EFR3B,-11.064367647651162,-11.103777760650198,-11.262028232349186
DNMT3A,-9.45200089465203,-9.484285906873767,-9.524629917357556
DTNB,-9.487731196733986,-9.439629406329281,-9.487023095792699
ASXL2,-9.487222733280591,-9.46722642283634,-9.619436969001908
KIF3C,-12.618082842764158,-12.645913899338565,-12.703802434211806
RAB10,-8.791578791127327,-8.776000900606087,-8.848735320287098
HADHA,-8.463178012202516,-8.579858237053527,-8.495814552272225
HADHB,-9.144053806065646,-9.19221197067734,-9.205602831136261
SELENOI,-10.193055343396022,-10.330010688925672,-10.227544632330538
SLC35F6,-12.103665238610457,-12.163328782979718,-12.22954257259704
CENPA,-11.915637317774042,-11.989602476987416,-12.18641119811131
DPYSL5,-13.10866506776394,-13.211768634175744,-13.083606116050955
MAPRE3,-9.849722992856695,-9.906129774815232,-9.850030889152748
TMEM214,-11.63982199006685,-11.745524177444844,-11.788693950095592
AGBL5,-11.137776007363374,-11.22336956996482,-11.34334285059062
OST4,-8.230478195930948,-8.285306070233421,-8.361003567619573
KHK,-12.282185073904499,-12.723764768376371,-12.171492429985967
PREB,-11.198310418139023,-11.390290131467804,-11.327676192002423
SLC5A6,-11.580226432077245,-11.607315952236357,-11.848013674122111
ATRAID,-9.39817210010214,-9.3925299838434,-9.411282170892617
CAD,-11.463125240340656,-11.458111210713168,-11.719086686210582
SLC30A3,-10.413116743550603,-10.70272004877058,-10.355473813030622
DNAJC5G,-11.338943371423085,-11.390166532570964,-11.153651886138716
TRIM54,-10.261900144178911,-10.078194100804382,-10.44316549836536
MPV17,-10.882172466144182,-10.918067170310314,-11.046372220786296
GTF3C2,-10.587182579468735,-10.710139210750548,-10.809042728715989
GTF3C2-AS2,-12.440173402471597,-12.37035070208353,-12.49401332537324
EIF2B4,-10.804354034002513,-10.943603525994769,-11.074595228533548
SNX17,-10.217892307524613,-10.382364385085852,-10.381879725803179
ZNF513,-12.395516396431988,-12.489169624239036,-12.488510666883593
PPM1G,-8.802562554265121,-8.989306236516354,-8.982805666303191
NRBP1,-9.70295227186528,-9.738362836018112,-9.776878249161262
IFT172,-10.651940954141976,-10.640705543825934,-10.703934553645041
FNDC4,-11.744298088322507,-11.628177661963637,-11.865812095231488
ZNF512,-10.41380687702646,-10.777304251951815,-10.460007890931998
CCDC121,-12.163107320324926,-12.03582737892911,-12.065632052352706
GPN1,-10.64960514139021,-10.91295366401858,-10.80769787944254
SUPT7L,-10.883748320215458,-10.915263709269897,-10.899699554831598
SLC4A1AP,-10.0582088707071,-10.06345835092452,-10.207287209130977
MRPL33,-9.34503227149724,-9.405128761979139,-9.421887951997443
RBKS,-11.226889140002905,-11.414607233330912,-11.195655667199505
BABAM2,-8.995876626245767,-8.926993514575566,-8.987444905154181
FOSL2,-12.872191894184867,-12.437247439368516,-12.57817870987908
PPP1CB-DT,-12.310619266615106,-12.466670517514185,-12.387105474273291
PPP1CB,-8.469923715524487,-8.523818217679723,-8.400209897133148
SPDYA,-12.302446394860475,-12.199846521123483,-12.192391817559976
TRMT61B,-10.56472153109235,-10.58947486509343,-10.66685272605152
WDR43,-9.186793799515915,-9.34165197355027,-9.262895083240481
CLIP4,-10.936271503203281,-10.990007567909426,-10.949600658394518
ALK,-10.852850855671498,-11.942118965344248,-11.652351756409168
YPEL5,-9.291495067177095,-9.22873596456636,-9.31491224970722
LBH,-8.195441559510446,-7.763940647800313,-8.12577255256821
LCLAT1,-8.95222575328114,-8.843992377642467,-9.085001157566753
GALNT14,-12.391040725006821,-12.331271248105102,-12.112057316965911
EHD3,-11.245627391456543,-11.32835516001253,-11.52417435790876
XDH,-12.418407526034395,-12.342829165092462,-11.065773466933715
MEMO1,-11.637588844275987,-11.576099193530501,-11.766337164497717
DPY30,-9.490087358310088,-9.60651723269095,-9.583911565287393
SPAST,-9.629368777108738,-9.584862320061125,-9.670733071893375
SLC30A6,-10.217337750650923,-10.203209471987622,-10.238835509529322
ENSG00000289727,-11.638493774263146,-11.652762031358895,-11.624541775340996
YIPF4,-9.559094638957548,-9.590635111469178,-9.735614090294842
BIRC6,-8.086847959578767,-8.145959409818811,-8.229381102997852
ENSG00000276334,-12.321825535908548,-12.37870137056107,-12.504640513627917
ENSG00000276517,-12.016551921547899,-11.951467434498715,-12.189052895946153
BIRC6-AS2,-11.870607952666093,-11.799361197440936,-12.026517862019526
TTC27,-10.185234186032803,-10.193865451919983,-10.336901705178704
LINC00486,-9.083395969157415,-9.107633724555045,-9.126594833334376
LTBP1,-7.509533363378629,-7.416216782105621,-7.722008469396844
RASGRP3,-11.874093141439277,-11.049534793553997,-11.346837782435088
FAM98A,-10.22945199727099,-10.191196997038439,-10.241782531507063
ENSG00000286415,-12.405664399941427,-12.218067018185618,-12.358820760195853
CRIM1,-10.276962952216643,-10.402162968722108,-10.064826937732215
FEZ2,-9.7025393934767,-9.822519312583527,-9.736052335188463
STRN,-9.172130967139443,-9.041836376661559,-8.849789220973348
HEATR5B,-9.96393501200882,-9.947072463706402,-9.950742806260518
GPATCH11,-10.992717747062645,-10.931888815471787,-10.905734846828125
EIF2AK2,-9.79637622475061,-9.700427115500736,-9.767246196706848
CEBPZ,-9.280792354277242,-9.342693680389896,-9.293783089284352
NDUFAF7,-10.464633641844353,-10.571870540986486,-10.504546068333086
PRKD3,-9.535830217578997,-9.592684180934372,-9.731307600632
CDC42EP3,-9.171831224288566,-9.112131174977634,-9.546524826104347
RMDN2,-11.080053671234179,-11.15943096474378,-11.343392750481833
ATL2,-9.853402420030019,-9.823357168075995,-9.982523364628056
HNRNPLL,-9.522231587462398,-9.518302325253002,-9.686209419556686
GALM,-10.503729606345937,-10.667743661743474,-10.649736789704628
SRSF7,-8.59569745794721,-8.809359647802353,-8.778847066186696
GEMIN6,-11.18909089238846,-11.214009977721595,-11.218511501882501
DHX57,-9.995544387932938,-10.068284873571594,-10.127414715337682
MORN2,-11.00257218281375,-10.952829448135438,-11.006296696536607
SOS1,-8.210852656403338,-8.282131283601117,-8.349154879053502
CDKL4,-12.630078064145321,-12.165617574606593,-12.596236700499018
MAP4K3,-8.580216549211233,-8.475372412648733,-8.594317615841394
MAP4K3-DT,-9.964107900269997,-9.912082953770598,-9.99444282802846
ENSG00000289003,-13.183132479782058,-12.978873093283935,-13.170848049689655
TMEM178A,-10.832011407843837,-11.354667345795399,-11.083142261685383
THUMPD2,-9.932892937233644,-10.056796475373,-9.851289357226273
SLC8A1-AS1,-9.404495555438231,-9.465753317090579,-9.387157354773514
SLC8A1,-5.513201818203901,-5.580615863614067,-5.535748696381775
ENSG00000289013,-10.274323209865576,-10.382063611503048,-10.326399552632381
ENSG00000287255,-13.037444440635799,-13.072650737611694,-13.153768402160003
PKDCC,-10.249004136836371,-10.221971716556926,-10.28406674036528
EML4,-8.386506128515947,-8.417845342697346,-8.561778284717038
COX7A2L,-8.967122523890264,-9.070856947353887,-9.099593070725232
MTA3,-9.097913189337769,-9.175768477957304,-9.303253504307403
ZFP36L2,-9.715937647750245,-10.052973827327586,-9.898843032140004
THADA,-9.685204153436601,-9.716548908310152,-9.814968788524123
PLEKHH2,-13.349531922270524,-13.216819819939998,-12.984831813783861
DYNC2LI1,-10.181403167817555,-10.054598107359086,-10.179031177668799
LRPPRC,-8.542921053721516,-8.604100577481182,-8.510294551668
PPM1B,-9.652067566151166,-9.622622637753416,-9.75741252886217
PREPL,-9.673544479033367,-9.581312823480602,-9.756807280446406
CAMKMT,-8.974671790653769,-8.960616719152378,-9.106133586345688
SRBD1,-9.593656137260812,-9.652074811998054,-9.648105851934842
PRKCE,-9.074529442926229,-9.097613370649785,-9.281609268338231
EPAS1,-13.052746531689966,-13.12945491503355,-12.56024319276907
ATP6V1E2,-11.407302956900644,-11.553995247062197,-11.355345783971083
RHOQ,-8.491541575295514,-8.672581419948212,-8.588182006216643
RHOQ-AS1,-12.412593036765658,-12.619262706294919,-12.661884683046367
PIGF,-10.195249329698646,-10.21657913689903,-10.11807229435633
CRIPT,-9.820660451406198,-9.931858279787253,-9.969316237102957
LINC01118,-11.959575369990507,-11.833615606112698,-12.50767427057446
SOCS5,-10.855425435259262,-10.783197184348674,-10.840438070009236
MCFD2,-9.803605149388645,-9.722710536341781,-9.777912922252021
TTC7A,-10.985673675880388,-10.904594301081048,-11.190784883116212
STPG4,-12.861142914039192,-13.213980197180124,-12.976744842819777
CALM2,-7.781667341221527,-7.927399516868749,-7.851088422031686
EPCAM-DT,-12.365842552043027,-12.543560724260347,-12.16502926345061
EPCAM,-11.678169445569436,-11.908084294846628,-11.381565293172056
MSH2,-9.068367113840766,-9.175285569627556,-9.244285987716786
MSH6,-9.09487213511424,-9.18350359302054,-9.193772716565652
FBXO11,-8.544502884348743,-8.587021938271105,-8.643156733859863
ENSG00000230773,-13.071194499718851,-13.00776696955578,-12.642767862758573
FOXN2,-10.731322299781645,-10.785741251296747,-10.813244725457805
PPP1R21,-10.04444658674169,-9.988922114406304,-10.118476319871672
STON1,-10.37325530150422,-10.555889273243025,-10.535000199712815
ENSG00000282890,-11.85429303997039,-12.87868485978463,-13.115307628424308
FSHR,-12.4409647002989,-12.152326119901725,-11.43239354825136
NRXN1,-8.561148416143299,-9.187371197422804,-8.301791035901923
ENSG00000228033,-9.486109964874439,-9.313413561133066,-9.498635967016678
ASB3,-9.055908114840607,-9.111031874036907,-9.338842816524744
CHAC2,-12.131032276972391,-12.259875834027662,-12.147062315716608
ERLEC1,-9.872081259057701,-9.7596498583614,-9.881059572509342
PSME4,-9.215162298819354,-9.190752952456869,-9.317146215671741
ACYP2,-9.001686619564909,-9.148850997098997,-9.185673750763895
SPTBN1,-7.4523768054333175,-7.388966555942697,-7.6754251962824895
SPTBN1-AS1,-12.662747482603894,-12.818760672780327,-12.924220120514772
EML6,-11.993360175712967,-12.22006841551809,-12.106884395546043
RTN4,-7.751058619987918,-7.734962641088454,-7.930905482115395
CLHC1,-10.03076634820133,-10.082856585516913,-10.23561148707621
RPS27A,-6.5042274849790855,-6.655085322347648,-6.674511099291774
MTIF2,-10.019495084341798,-10.10268624094236,-10.133788001793116
ENSG00000240401,-12.350748237983396,-12.432054004939546,-12.223230610933694
CCDC88A,-8.611750619751085,-8.589244461330756,-8.777105918644326
CFAP36,-10.39795849500444,-10.46052224450187,-10.335591563350347
PPP4R3B,-9.265652267103844,-9.368705490378597,-9.450354880515032
PNPT1,-9.752148492545365,-9.912463571331228,-9.996114557114703
CCDC85A,-11.11841769726443,-11.47101077835033,-10.948181883752774
ENSG00000285755,-12.243427963864614,-12.12879577690377,-12.15980901047835
VRK2,-9.975048324012029,-9.97380447891091,-9.876180646669617
ENSG00000287875,-12.812685216953895,-12.681226577038519,-12.819555889762489
FANCL,-9.55334003877528,-9.710398001600668,-9.617803122766327
LINC01122,-9.984883789649142,-10.116993202248633,-10.159034729334534
BCL11A,-9.60115935078817,-10.157607352220987,-9.670551430919199
PAPOLG,-10.221978571904536,-10.16689061233071,-10.310049416259586
REL-DT,-13.062784084473797,-12.995638040206352,-13.089289201237573
REL,-10.46096554521223,-10.526105313689998,-10.548199239410318
PUS10,-11.167427318724693,-11.293463305500486,-11.32867439711776
PEX13,-10.104708952480479,-10.167488770983065,-10.215882299652428
SANBR,-10.06684147325543,-10.176428074668763,-10.274642468851026
C2orf74-DT,-11.719739118280678,-11.872613607963686,-11.996054130758424
C2orf74,-10.70108256394159,-10.136894280909324,-10.751592343363983
USP34,-8.078760230207486,-8.100414561399722,-8.223034706108196
USP34-DT,-12.87478369261251,-12.631653153144343,-12.547586585759701
XPO1,-8.379209892543694,-8.401761946317771,-8.48179500822964
FAM161A,-10.16944263821641,-9.983253799332415,-10.21436169173795
CCT4,-8.266103862392255,-8.476490236412305,-8.34371439114376
COMMD1,-8.995015187026294,-8.996664211249644,-9.086240495742473
ENSG00000229839,-12.717001382929151,-12.559272506571578,-12.509175259212725
B3GNT2,-10.975851110543747,-10.741211595257644,-11.02822798176614
TMEM17,-12.165951027931634,-12.404431374578452,-12.492562226928595
EHBP1,-8.288906888543137,-8.256431183071964,-8.479205629768838
ENSG00000226605,-13.010128971035423,-13.036445748021993,-13.106032646160655
EHBP1-AS1,-12.782675153295,-12.43875817255439,-12.79183667026158
WDPCP,-8.730689189224494,-8.678105301542127,-9.044078223045188
MDH1,-7.493783573451923,-7.661166628704263,-7.642662400666829
UGP2,-7.878056247592166,-7.989241969281177,-8.040140316614174
VPS54,-9.069355023443759,-8.974262043279236,-9.17181450677414
PELI1,-10.723817222735443,-10.882249406479966,-10.933810356462919
LGALSL,-11.390424388298175,-11.56753727710681,-11.560302079456918
AFTPH,-9.860141298765813,-9.761140203930172,-9.836759196962023
SERTAD2,-9.903148152762112,-9.865137409141362,-10.15872785764046
LINC02245,-10.810978261021054,-10.814230393646813,-10.948746595885074
SLC1A4,-10.604981893176427,-10.982005304817907,-10.493224134281377
CEP68,-10.51546152935276,-10.591243389235816,-10.578418810670804
RAB1A,-9.108201061362283,-9.113016703100245,-9.157716071488878
ACTR2,-8.81915205854384,-8.843860594539258,-8.936409790976052
SPRED2,-10.352058797781325,-10.057930246774998,-10.292261988012237
LINC02934,-12.455384340446495,-11.655785332827545,-11.941557002556408
MEIS1-AS3,-12.715926594897454,-13.06340930172233,-12.152946285208973
MEIS1,-8.488334869671691,-8.452235766793034,-8.602915884523815
LINC01798,-10.446439965848466,-10.321846634379078,-10.312101212689837
LINC01799,-12.785919495941842,-12.469874439527953,-12.49161766862456
LINC01828,-11.544979698591114,-11.107355149991605,-10.81070362107757
LINC01829,-12.495422746386366,-12.761154225008449,-12.308308759907671
ETAA1,-10.533875265432703,-10.459537435977076,-10.61572312646377
C1D,-9.705365791873875,-9.642226331937215,-9.65096617430514
DNAAF10,-10.767765193427325,-10.827853953668727,-10.934131711573375
PNO1,-10.183868385950248,-10.280364203492335,-10.28057145098013
PPP3R1,-9.056223068932747,-8.999053693488875,-9.087274795044154
ENSG00000289156,-12.68003755829479,-12.703666284970101,-12.860850231843195
CNRIP1,-12.308451210746261,-11.496291703451478,-11.785743072338613
FBXO48,-12.964711761907637,-12.91128353010865,-12.850149318109082
APLF,-10.270184008562374,-10.062853768485635,-10.194306766984177
ARHGAP25,-12.684741327691928,-11.78010857225133,-11.371098616423973
BMP10,-11.650376078192137,-11.933600913501731,-12.509607723602734
ANTXR1,-8.727315995216484,-8.829280442547924,-9.017104549811888
GFPT1,-9.53443594420835,-9.443510100169771,-9.56935133194113
NFU1,-9.71840954167166,-9.865274358783859,-9.822833864288235
AAK1,-8.472835450496174,-8.409198275375532,-8.670154923997519
ANXA4,-9.880063202554394,-9.780862549374877,-10.07725038519214
SMANTIS,-12.007436479406557,-12.203515775534282,-12.615219683255832
GMCL1,-9.524346729625288,-9.625508232018507,-9.907655849715143
SNRNP27,-9.93429511705284,-10.007401665904649,-9.980787357368854
MXD1,-10.901789580405255,-10.94462494909196,-11.148100472865723
PCBP1-AS1,-9.936711291779808,-10.105866598290408,-10.28455722384938
PCBP1,-8.527021646924489,-8.754165835131339,-8.677853330536976
C2orf42,-11.689571037876167,-11.597689840973318,-11.893440194293587
TIA1,-9.119570482841313,-9.235286171215646,-9.227781826272187
PCYOX1,-9.510878172625807,-9.475463997315526,-9.605319605170788
SNRPG,-8.928573418095773,-9.090092438553459,-9.08808658605734
FAM136A,-9.414073278321519,-9.639266437261412,-9.409308844919597
ADD2,-11.656152593173541,-11.887013117854998,-11.016443910033196
TEX261,-11.535212868255927,-11.619568943124705,-11.654455598014843
NAGK,-10.593003716920016,-10.704945980432127,-10.612822057989836
MCEE,-10.22586973873791,-10.33625413411742,-10.428867155811174
MPHOSPH10,-9.644451880784192,-9.731655482156457,-9.77806741502278
PAIP2B,-10.346997298084803,-10.643053271686751,-10.46517668236666
ZNF638,-7.907248987927031,-7.968699960986632,-8.028208557329176
ENSG00000289463,-11.711711942485431,-11.637535223019174,-11.694578425854177
DYSF,-9.996035290310843,-9.97744484499838,-10.253690451360203
EXOC6B,-7.728671799802077,-7.481577876737395,-7.650948717317997
SPR,-12.41504627478166,-13.02838076915026,-12.747435860017827
SFXN5,-10.800006256112088,-10.769471412915804,-10.97851471945579
SMYD5,-11.942141285025293,-12.092748527361778,-12.217659328176756
PRADC1,-10.723930424088453,-10.79921289718861,-10.665431206748563
CCT7,-9.221327835228273,-9.381001778613632,-9.318783818956769
FBXO41,-12.387967101891073,-12.961415869932054,-13.006346897597306
ALMS1,-9.200516578210229,-9.247396327158661,-9.327902531808023
ALMS1P1,-12.656390492586898,-12.344058296464627,-12.556373374708011
TPRKB,-10.188968296691987,-10.354348941580595,-10.18813012419834
DUSP11,-10.682315789132979,-10.675115285727227,-10.787065939560149
STAMBP,-10.130957488736067,-10.275820711841465,-10.223073319240735
DGUOK,-9.549566770971657,-9.67971651863691,-9.67019745509786
TET3,-9.88080447783881,-10.046577201486574,-10.058804659547818
BOLA3,-10.32834704995625,-10.628093986419964,-10.541526982747236
BOLA3-DT,-11.893694418142816,-11.963536040990025,-11.788235374146456
MOB1A,-9.565971901421618,-9.576232705030167,-9.586733548522082
MTHFD2,-10.137825432692626,-10.310753679593834,-10.103105093045773
SLC4A5,-11.406333657684545,-11.241198208795408,-11.264987001839817
DCTN1,-9.85633886794168,-9.914888835362968,-9.959752410746335
C2orf81,-12.858560652841659,-12.788046835346746,-12.917204106229123
WDR54,-10.773208533176762,-10.92359494798907,-10.570440283438375
RTKN,-11.115386486271383,-11.277843449536338,-11.235887631429375
INO80B,-12.09274097700891,-12.217530461120313,-12.131172180694227
WBP1,-10.427971541434664,-10.547901973904183,-10.568294708274534
MOGS,-11.20911266834768,-11.268469256644115,-11.377342313456316
CCDC142,-12.027210082928379,-12.320667218070925,-12.322330872763935
TTC31,-11.805998071362048,-11.770582571478805,-12.13506841259469
PCGF1,-12.413885219004879,-12.410139543290928,-12.741534062715846
AUP1,-10.70938465819848,-10.888417196750522,-11.063551345975624
HTRA2,-11.050723854131453,-11.340606905402336,-11.20779319860671
LOXL3,-12.129485551862029,-12.202850064224835,-12.447385317249504
DOK1,-12.772541319022865,-12.802532553375553,-12.835836492669777
SEMA4F,-12.886306615335606,-12.831427873626538,-13.007558167056787
ENSG00000286739,-12.645835267268067,-12.11306418308459,-12.676169510385451
HK2-DT,-12.782416404824959,-12.953926172343214,-12.842704509668785
HK2,-10.092674671395095,-10.151347618665055,-10.149223491799304
POLE4,-10.180579413489895,-10.388335614133853,-10.607889953039782
ENSG00000270571,-11.79425948282636,-11.922334861492118,-12.728887100457676
MRPL19,-9.249580478949381,-9.385163819021583,-9.4132190276921
GCFC2,-10.229144509503074,-10.109438841597774,-10.00412873897071
LRRTM4,-8.164014969734545,-7.603086753008131,-8.341937956725891
CTNNA2,-9.749340603281693,-9.263109650472098,-10.30360895014744
LRRTM1,-12.916681187062327,-11.956225290425502,-12.628856644327547
SUCLG1,-9.117556742515122,-9.197837721182538,-9.088089371217176
DNAH6,-11.841245352764764,-11.940500384034447,-11.987820493300715
TMSB10,-7.8658073019929144,-8.080545266440751,-7.8395019796110414
KCMF1,-9.514540504195304,-9.497098830957338,-9.597981205482936
TCF7L1,-9.588744268645025,-9.662992290601041,-9.813906035215435
TGOLN2,-9.98892095130182,-10.11394881984921,-10.247758177780081
RETSAT,-12.353846855784475,-12.404731099510318,-12.607765336525832
ELMOD3,-11.360019639324804,-11.245663296899751,-11.236121867123332
PARTICL,-12.787501440952921,-12.967117207927942,-13.038304027816922
MAT2A,-8.9696957674142,-8.921101977243318,-8.968326897393412
GGCX,-11.214713980408021,-11.056849744721795,-11.228696732886661
VAMP8,-11.686770041556416,-11.565271910121565,-11.165596057028694
RNF181,-9.70024385349141,-9.745938771740372,-9.618452204436675
TMEM150A,-11.62401393249425,-11.36449444055948,-11.509701934604736
USP39,-10.383849821631577,-10.400335577355923,-10.520693108155132
C2orf68,-10.654798853192336,-10.758179863524832,-10.849471881432025
ST3GAL5,-12.019274313058709,-11.524391121760468,-11.550142696134195
POLR1A,-10.387534560688831,-10.457560554929747,-10.488040057399724
PTCD3,-9.335108945477554,-9.430285803372026,-9.557738780787286
IMMT,-8.705091627463146,-8.84116132286764,-8.748007875122585
ENSG00000273080,-12.568447383099137,-12.642720037175035,-12.8702558963967
MRPL35,-10.483057032909384,-10.416884838674887,-10.411495617123062
REEP1,-9.622109467742447,-9.720199999517416,-10.0128297750657
KDM3A,-9.03074044215194,-9.075087200256613,-9.219764243356563
CHMP3,-9.541793456676494,-9.61421377027206,-9.828181530430115
CHMP3-AS1,-12.942557317298077,-12.820140843823436,-12.940197277922447
RNF103,-10.63765779928539,-10.460907189364647,-10.856596692411987
RMND5A,-9.767010058878457,-9.757511933688267,-9.821495036399407
ENSG00000287763,-12.793636610471099,-12.879546782067218,-12.424777567329071
KRCC1,-9.662396255347144,-9.730024031919147,-9.794129203895217
SMYD1,-8.380383447775998,-8.393905770678476,-8.644654227094666
THNSL2,-13.085246537060847,-12.15840708211083,-11.227359198243184
EIF2AK3,-10.361059350306077,-10.215597745205022,-10.339601765391722
RPIA,-10.702814104709294,-10.846732612311117,-10.772897570008876
LSP1P5.1,-11.588526318726542,-12.162476769234853,-11.809375797750997
MRPS5,-9.167919166335448,-9.24099018619731,-9.147076679270638
ZNF514,-11.116062646555418,-11.083332742953493,-11.211773443678062
ZNF2,-12.261733766623387,-12.514373625251197,-12.436206794353955
ZNF892,-10.633048862606023,-10.313790033723857,-10.594801925599205
FAHD2A,-11.579967537255735,-11.576340968344226,-11.543412100397779
LINC00342,-9.218668004586078,-9.476289360949792,-9.433025040795336
ANKRD36C,-9.266027042428744,-9.55514092409126,-9.44117739458358
ENSG00000291176,-11.879684476331672,-11.744877079186246,-11.72433123699007
ADRA2B,-12.478633244264714,-12.832213626492836,-12.43764242942986
STARD7,-9.453834055114758,-9.480715185010466,-9.50201846230928
STARD7-AS1,-11.42296067122063,-11.336198252423198,-11.509832394602252
TMEM127,-10.47363733450429,-10.37566321766072,-10.562075766579895
CIAO1,-9.625425330923106,-9.71784893326202,-9.738505227853262
SNRNP200,-9.320728896540425,-9.403849518203057,-9.424827626766685
NCAPH,-11.456524905618775,-12.227987238415558,-11.869127895173667
KANSL3,-10.10304492513696,-10.198588013173238,-10.225077855195192
FER1L5,-12.846534345442306,-12.78339159825655,-12.48614626445938
LMAN2L,-10.70875781603027,-10.756411229181829,-10.812919061451032
CNNM4,-11.525503464645187,-11.452920891333774,-11.665166654437257
ENSG00000289135,-11.910392127364545,-11.880911341317312,-12.045672094711179
CNNM3,-11.480013992525343,-11.584603365357331,-11.93072965491624
ANKRD23,-12.049253449022252,-12.220084823419086,-12.412392233443349
ANKRD39,-11.47397353279764,-11.618010848401711,-11.536569377745803
SEMA4C,-11.685394276528369,-11.672161191171739,-12.18451551142776
FAHD2B,-11.583236151831308,-11.618892180837289,-11.580149455341928
ANKRD36,-8.983290731190758,-8.685262302176104,-9.035933037364916
ENSG00000277701,-11.276703169334372,-11.210883028183964,-11.399036588198317
APPAT,-9.48068511440557,-9.431702373025107,-9.604133150763264
ANKRD36B,-9.274337690370915,-9.430588926557189,-9.512412863725109
COX5B,-7.9006150247738685,-8.024020562383328,-7.857037159764076
ACTR1B,-10.873514681251248,-10.821974711364472,-11.014277396088172
C2orf92,-11.38761418426339,-11.143964602830495,-11.520180730804682
TMEM131,-8.812391770463543,-8.771991667704919,-8.900442328009458
INPP4A,-10.171363649702528,-10.21296264405698,-10.334585340125242
COA5,-10.025554259122824,-10.126232904595549,-9.967092677579169
UNC50,-10.524816823670717,-10.533357204416832,-10.609455543840959
MGAT4A,-11.271348982379347,-11.198269135127324,-11.302439419718526
TSGA10,-10.502200960988732,-10.593304345552035,-10.27259323472867
C2orf15,-12.654674780381963,-12.378024523646634,-12.172933177618294
LIPT1,-11.876563242976939,-12.068753632795596,-11.855605561936695
MITD1,-10.442335972238306,-10.530890211214091,-10.522948523321382
MRPL30,-9.988265514500192,-10.116112387094216,-10.036437169815045
LYG1,-12.735830266455016,-12.770277619937875,-12.589738263099688
TXNDC9,-10.165127494102398,-10.279484579293028,-10.324666062719409
EIF5B,-8.599225340523232,-8.641321043021762,-8.626760932912976
REV1,-9.288991538249613,-9.259134248677244,-9.425900576266182
AFF3,-8.136390441907961,-8.153610156905838,-8.406106036834002
CHST10,-11.775388862587752,-11.733892539184705,-11.821406321537026
PDCL3,-9.913012042285267,-9.91029146334152,-9.997483357010053
RPL31,-7.0894522536153115,-7.219863862937319,-7.201539631872154
TBC1D8,-10.120924944296485,-10.09037956772112,-10.497972079486399
TBC1D8-AS1,-12.848859131757603,-12.797569383385841,-12.954079212257662
CNOT11,-10.006923618530136,-9.859585567408931,-10.204969620070203
RNF149,-9.56930866615557,-9.34996468163639,-9.709649083604786
MAP4K4,-8.166276436907205,-8.226734911314626,-8.421459000593257
MFSD9,-11.695318615806162,-11.66056870573349,-11.851628444578132
TMEM182,-11.404809204568622,-11.064680014223477,-11.38704035122838
MRPS9-AS2,-12.7920919860487,-12.969171796124025,-12.776518868815842
MRPS9,-9.31628175965171,-9.443407512494133,-9.409891232924796
TGFBRAP1,-11.017759343282416,-11.179486521808393,-11.260656445342844
C2orf49-DT,-11.617111299867627,-11.676660113462114,-11.806484432973674
C2orf49,-10.410688152287042,-10.45024246534747,-10.287249141187662
FHL2,-8.641569003563246,-8.568590374235967,-8.567312788492554
NCK2,-9.938290788263188,-10.10868945718966,-10.093021234420881
UXS1,-10.320838086351118,-10.238707548602248,-10.418794985534571
ST6GAL2,-12.518504054891736,-12.768739095304774,-12.996537413334387
SULT1C2,-12.750587606035063,-13.107681950068583,-12.18057520850599
SULT1C4,-12.111554099933691,-11.390875463994087,-11.205005588956457
GCC2,-8.937174952908927,-9.029877289148661,-9.084709261844257
GCC2-AS1,-12.331930175995993,-12.564421041007003,-12.68149387308232
LIMS1,-9.124235831628367,-9.185348268738105,-9.297628564172241
RANBP2,-8.901367752129154,-8.916599872731984,-9.017402874253149
CCDC138,-9.415318353427342,-9.55137608455447,-9.62329467890884
SH3RF3,-11.387058380487108,-11.526110372388558,-12.157727160610195
SEPTIN10,-8.99040708405775,-9.010488896965654,-9.17365582752499
SOWAHC,-12.029416965975114,-11.983412478286265,-12.13597154961817
ENSG00000282033,-12.206639204659632,-12.017040858070771,-12.513296801846915
NPHP1,-10.852097355565657,-10.780163093104653,-10.929208291875426
MTLN,-11.322974276289404,-11.008177678060733,-10.599518283740048
RGPD6,-12.1822559834274,-11.979527635215373,-12.63038222341277
BUB1,-9.96096707022487,-10.522182789018341,-10.447701455184859
ACOXL,-10.527105034383634,-10.753763937624457,-10.544256559453329
MIR4435-2HG,-11.768003107387576,-11.595603336462913,-11.625304278101277
BCL2L11,-10.771672488559805,-10.87391644678936,-10.949890624938881
ANAPC1,-10.189736058245776,-10.329279005732552,-10.32519305408081
MERTK,-10.812682796961479,-10.529981128090036,-11.130228487446308
TMEM87B,-10.539089565739863,-10.521071915253378,-10.499962054369664
FBLN7,-12.801970686515546,-13.341079858837938,-13.115374589899304
ZC3H8,-10.026307338161315,-10.110926428558,-10.057370524634026
ZC3H6,-9.84598970008638,-9.80773515601507,-9.870849484004696
RGPD8,-12.734274312344018,-12.763974934110342,-13.096092060950852
TTL,-10.379886843669668,-10.37850963052391,-10.398042325469214
POLR1B,-10.544281987490514,-10.73637660362626,-10.605209524414592
CHCHD5,-10.544654490969307,-10.553931393714283,-10.650016976518257
ENSG00000243389,-12.967875768361383,-13.085721321909086,-13.014094736736718
SLC20A1,-10.378495764505516,-10.536307517674597,-10.472680709843985
CKAP2L,-11.313686550322272,-11.835561681226801,-11.785817682120594
ZNG1B,-10.231012242236083,-10.328076591081988,-10.169482081575604
WASH2P,-11.571522381401675,-11.751775871912036,-11.744780722768379
RABL2A,-11.27648193486167,-11.388961206786846,-11.487858150644238
SLC35F5,-9.549684656681912,-9.521885870591056,-9.685748625346436
ACTR3-AS1,-11.509440419588843,-11.407523219137259,-11.891533051616438
ENSG00000270019,-12.872456459638922,-12.88695000500507,-12.89079875369198
ACTR3,-8.809727300495783,-8.926313026324449,-9.001190163609921
DPP10,-9.114877532956447,-9.921483011027902,-9.401809565654334
DDX18,-9.385489912890646,-9.449956537780766,-9.299275801397558
ENSG00000236255,-12.82295775526347,-13.04295250073599,-13.199913650082907
CCDC93,-9.94631158698099,-10.014873099965003,-9.831363096854943
INSIG2,-10.197239421331417,-10.428103479715043,-10.222440939644134
C2orf76,-11.39724754775484,-11.34017317373718,-11.303832347290122
DBI,-9.165251570992265,-9.270544595816899,-9.280730165802956
CFAP221,-10.232046794681866,-10.28546425762768,-10.090854264951183
TMEM177,-12.00835663138565,-11.816003462059118,-11.839704708113402
PTPN4,-8.854263245905885,-8.853760170367138,-8.925614584853951
EPB41L5,-9.179536783948132,-9.139292690089725,-9.247987369155746
TMEM185B,-11.555533272580078,-11.521632119377685,-11.619571743250372
RALB,-10.724692050538614,-10.723533580484252,-10.653168429276496
GLI2,-9.930715959347484,-10.492494534001855,-10.926487799287676
CLASP1,-8.18708660920408,-8.677454804266944,-8.784479792551432
NIFK-AS1,-10.35919392808032,-10.788154338646091,-10.855842660833718
NIFK,-8.952667030815217,-9.579706353857663,-9.335344949225522
TSN,-9.801822147131032,-10.253785122415682,-10.223948427152196
CNTNAP5,-13.123632931783842,-11.753394643518513,-12.105774432589605
GYPC,-9.392447477079214,-9.8369274066777,-9.058820413668052
BIN1,-11.210519287205797,-11.28579721051239,-10.71586135305212
CYP27C1,-12.020790981134352,-11.986613631690156,-12.049838159463848
ERCC3,-10.540198015813823,-10.633628441627925,-10.619843822104084
ENSG00000286145,-12.195098699755144,-12.03668509343737,-12.133889428111024
MAP3K2,-9.302586964126823,-9.231424786071807,-9.261744739432102
MAP3K2-DT,-12.034481699711687,-12.011144231909881,-11.842543949888599
IWS1,-9.107118455670681,-9.106701572050447,-9.21413743011398
ENSG00000231731,-13.222648852324749,-12.774428357241153,-13.029953916108907
LIMS2,-10.354130802087054,-10.38746395898287,-10.737949391719019
WDR33,-9.209798066551684,-9.250307498933651,-9.300679906760486
SFT2D3,-11.309478136449394,-11.476673948762752,-11.51068269884893
POLR2D,-10.545580527777025,-10.61072004951572,-10.690206893609291
AMMECR1L,-11.184965530412798,-11.131934154238303,-11.283733738447943
ENSG00000272667,-12.684074647819122,-12.613889919563036,-12.612771633921497
SAP130,-10.090959118944081,-10.181219341118226,-10.146179722413175
UGGT1,-10.047108357583806,-10.057581194914922,-10.144816212288587
HS6ST1,-11.354338018116545,-11.69146751456627,-11.43333076308731
LINC02572,-12.795774253504472,-12.704414984266656,-12.833507944708819
CCDC74B,-12.628458211609832,-13.063923886033079,-13.103530009138108
SMPD4,-10.619436548778559,-10.7731294765749,-10.887202960641384
MZT2B,-8.937412069221658,-9.126682474873279,-8.93633491034169
CCDC115,-10.962413722984056,-11.055245053967218,-10.904408785588254
IMP4,-10.946160941915263,-11.047331861798849,-10.916165744337121
PTPN18,-11.687346787240637,-12.104060748978991,-11.488906909651126
ENSG00000290596,-12.870732551891786,-13.06867544911387,-11.400390370481196
CFC1,-12.469031339287293,-12.801711234598105,-11.393451586054702
FAM168B,-9.59703876618645,-9.614071084758969,-9.702356388946264
PLEKHB2,-10.396487941561459,-10.435597306876522,-10.175297817461919
MZT2A,-10.481441083914909,-9.97771496627586,-10.104712397291602
C2orf27A,-10.482384453919485,-10.972584053185477,-10.62919052383776
ENSG00000272769,-12.890676232396286,-12.641496283666978,-12.694797551148897
GPR39,-10.590545384622839,-11.177989565265865,-9.828785760566426
NCKAP5,-10.468806435017438,-10.579164654760806,-10.669350379427783
MGAT5,-8.686736538452767,-8.805295156812154,-8.592803673214942
TMEM163,-8.810707757815779,-9.516331420538085,-8.970620454935176
CCNT2-AS1,-10.849328445730102,-11.055069467503616,-11.296461703655101
CCNT2,-9.233653835702748,-9.258530135044593,-9.41560480702535
RAB3GAP1,-9.248320455036463,-9.167598663019206,-9.286874130433187
ZRANB3,-9.084209380487898,-9.227885431427808,-9.422448576219425
R3HDM1,-8.431860360280757,-8.4639808897676,-8.538972772598623
UBXN4,-8.41037969512499,-8.392885633623758,-8.40472985220531
MCM6,-10.337956657715141,-10.774684463940913,-10.74868147522125
DARS1,-8.774618160117155,-8.922993883574357,-8.699287135346578
DARS1-AS1,-12.108086562133774,-12.518759897385515,-12.194315281493969
HNMT,-12.113271884471002,-12.240063139539254,-11.727362345419756
SPOPL-DT,-10.686293188309136,-10.658027900916599,-10.923192417627178
SPOPL,-9.627849333420894,-9.726331146125123,-9.798639147948842
NXPH2,-9.568958640818597,-9.850681790136903,-10.53925965991218
LRP1B,-8.931167184273432,-8.848875092864716,-10.616956063948992
GTDC1,-9.581916643519307,-9.517368415324048,-9.787886484910022
ZEB2,-8.899690474784775,-9.041508574665842,-9.112141321182921
TEX41,-12.876432740299501,-12.320703756491564,-10.899762216452352
ACVR2A,-9.980382596709747,-9.884982670443762,-9.952841122313417
ORC4,-9.147162041369938,-9.526579903784391,-9.467912492668923
MBD5,-7.677203946223227,-7.668035061319467,-7.84778142928
EPC2,-9.043436685204053,-9.059252583078976,-9.234932217394025
KIF5C,-11.011816121418477,-11.058427821676839,-10.873913349571982
ENSG00000289474,-7.535094269167594,-7.524011987246492,-7.618257984324079
LYPD6B,-9.926605039337536,-9.992945803119506,-11.345839035805838
LYPD6,-9.088843624139368,-9.255620081694687,-10.256066382239807
MMADHC,-9.257833894472752,-9.276281878849087,-9.341940980808875
MMADHC-DT,-9.744634023179549,-9.798147506750409,-10.395019455240973
RND3,-11.646632713170431,-11.617673536168569,-11.498414347804365
RBM43,-13.173958313674916,-13.171139506373674,-12.7175889129221
RIF1,-8.826296270821574,-8.932942236825502,-8.982387794492949
NEB,-11.45205617538274,-10.798965654051829,-10.746729992063228
ARL5A,-9.253731190867056,-9.300175249218308,-9.15077126567134
ENSG00000288066,-13.12630115397668,-12.994999941469962,-12.943946559995696
CACNB4,-12.379410876657358,-12.11412245693435,-12.644122746054176
STAM2,-10.271680157078789,-10.128743499286257,-10.341048721060632
FMNL2,-9.45820059191811,-9.61092264682539,-9.409020126288528
PRPF40A,-8.455075007581847,-8.568011930007216,-8.592663261161526
ARL6IP6,-10.253049432572125,-10.198759646625101,-10.387864791950674
GALNT13,-10.244331401022773,-10.076891621457598,-9.58505326326748
KCNJ3,-11.416711725753768,-11.227433771249672,-10.540428959182357
LINC01876,-9.028056516030288,-8.746968498128107,-8.346758428443154
GPD2,-10.246310411251185,-10.57006796040138,-10.49263205167281
GALNT5,-12.61016990826369,-12.406872077381301,-12.710777278128283
ACVR1,-10.167939322575323,-10.438615923155847,-10.136621324078432
CCDC148,-11.232878848660238,-11.17978547718318,-11.323190433189525
PKP4,-8.96977226691863,-8.930875171846896,-9.019713280705345
DAPL1,-12.265396259435486,-12.384283900409992,-12.406033919107903
TANC1,-8.622219129789496,-8.753287213685033,-8.841216433192086
WDSUB1,-10.006880997476108,-10.236167119445506,-10.135384833422632
BAZ2B,-7.820958928494345,-7.844938894746156,-8.014320825655544
BAZ2B-AS1,-11.540247536726563,-11.527860298934858,-11.772049740657494
ENSG00000226266,-11.50860658996143,-11.546186411210812,-11.899611529589473
MARCHF7,-8.559004207730672,-8.607179928118672,-8.742122901157348
CD302,-12.299286147988816,-12.486127738806031,-12.225777310465316
RBMS1,-7.727441993024669,-7.902341919891378,-7.837911675547149
TANK,-9.515367692092141,-9.494980629808495,-9.529219829743136
PSMD14,-9.27621777657993,-9.316257871492418,-9.40069095624441
GCA,-10.40749273817652,-10.354513152002589,-10.386874476707131
KCNH7,-5.620378073991637,-6.245335004530247,-5.756748445343284
KCNH7-AS1,-10.55291063823171,-11.233945809450926,-10.507234836169506
FIGN,-7.696143926810248,-7.8735513767562315,-8.126667938274167
GRB14,-10.983382765131724,-10.82390619289631,-10.83640532679308
COBLL1,-9.246306577006123,-9.62508117381164,-9.462674482479956
CSRNP3,-8.844741921714723,-8.87377667400515,-9.290157950210878
TTC21B,-9.771102146775334,-9.924069807706946,-9.930894789686104
SCN9A,-11.238568442198824,-11.907441746736444,-11.536673241826039
SCN7A,-12.036625054378431,-12.649393241259096,-11.209106784367322
B3GALT1,-9.107148480997775,-8.82139591368783,-9.495796004271646
STK39,-8.32590728689058,-8.543060681773232,-8.702313629930838
CERS6,-8.222439851781544,-8.314075796864124,-8.427688118399729
NOSTRIN,-12.323929534128803,-12.877074160782671,-11.94367537172938
SPC25,-10.896206373538806,-11.444917046040821,-11.236360760567287
ABCB11,-11.569766725915075,-11.95422237860087,-12.433463626465244
LRP2,-10.084457795729636,-9.607688116910857,-11.31444873094594
BBS5,-11.291218475469801,-11.265812798397322,-11.680377265466065
KLHL41,-9.815263219875806,-9.64122731269051,-10.033812614471325
FASTKD1,-9.420336155756537,-9.341862227941157,-9.344424573660426
PPIG,-8.691931538517231,-8.773806093577322,-8.76196807372458
CFAP210,-12.471655838223882,-12.358530918822247,-12.552952852688154
PHOSPHO2,-11.740357740149113,-12.000377323146742,-11.822196458181029
KLHL23,-8.81177782035071,-8.877849725323317,-9.028251734852624
SSB,-8.076579689786442,-8.223811260120705,-8.122329474375585
METTL5,-9.393668416747172,-9.435609226535467,-9.536701600314954
UBR3,-8.198165838860875,-8.215551755844382,-8.519869264066735
ERICH2-DT,-12.882318274999761,-12.853007455979542,-12.866765633589612
ERICH2,-10.945334747192941,-11.075838531381283,-10.833744516547785
GORASP2,-9.77366829429474,-9.753539295467757,-9.768652056658294
TLK1,-8.729232571150927,-8.728763888697385,-8.9290395433701
METTL8,-10.134225003959433,-10.483440134107312,-10.456633208289773
DCAF17,-10.392348821956297,-10.411867291861295,-10.481040609942786
CYBRD1,-11.842545579162536,-11.970499561763267,-12.70917671530002
DYNC1I2,-8.823710073015686,-8.898753237513985,-8.84274938019684
SLC25A12,-9.195404240792353,-9.124606856446137,-9.28770398752775
HAT1,-9.85624767006874,-10.033992232626483,-9.987018270515511
METAP1D,-10.480397658994619,-10.660639473631566,-10.73348712696706
ITGA6,-9.605627904297371,-9.666613144031293,-9.86670882042562
PDK1-AS1,-10.639180896518376,-10.881685488268205,-10.884419878521314
PDK1,-8.13436985467195,-8.070923516581272,-7.890137988977234
RAPGEF4,-9.576104308621835,-9.839704460525489,-9.967073065910677
MAP3K20,-7.940729570592188,-8.02491980568425,-8.126911908135703
MAP3K20-AS1,-12.47126676700359,-12.467154850727724,-12.400035785596776
CDCA7,-10.807298172120817,-11.122210906481238,-10.992025361277285
SP3,-9.42367524145573,-9.469325172339072,-9.526774934238295
OLA1,-8.319781751336555,-8.392407605851886,-8.383040980737372
CIR1,-9.356752044360165,-9.476197680689873,-9.572557855816763
SCRN3,-10.166901060645435,-10.431335178087886,-10.005023677344433
GPR155,-10.697681625024634,-10.81044426316709,-10.603960510368674
GPR155-DT,-12.85793129468263,-13.044588408922776,-12.596714402319778
WIPF1,-10.491918775129767,-10.507725084995197,-10.4201067630753
CHN1,-8.885817695690521,-8.962372759490462,-9.029270793058734
ATF2,-9.071812182773037,-9.045683350268558,-9.149980185521425
ATP5MC3,-7.161874161930092,-7.305067516424892,-7.195801880524553
ENSG00000289349,-11.712037990683214,-10.417866586977262,-9.482114227234025
LNPK,-9.097934230012418,-9.288987578854735,-9.236208771458262
MTX2,-9.052766860897954,-9.224709389734882,-9.061817701759484
HNRNPA3,-7.4552806874948585,-7.6032888635914,-7.680063670667759
NFE2L2,-9.619668297778496,-9.509759587388478,-9.436237292861476
ENSG00000213963,-11.663554348113577,-11.550685076018434,-11.46212103713562
AGPS,-9.366177073885732,-9.455701203441087,-9.471098037610599
TTC30B,-12.48482963481035,-12.329949495597921,-12.29332420649291
TTC30A,-11.97008343743636,-12.19608859789267,-12.095345764798218
PDE11A,-12.288003853632807,-12.923608109171738,-12.0878848642412
RBM45,-11.19056104780589,-11.137915607120618,-11.121146931301745
OSBPL6,-11.947368622997184,-11.971760432908992,-12.048664866094752
CHROMR,-11.787712363567456,-11.643775384996376,-11.803457617725215
PRKRA,-9.876875639994498,-9.857278993294704,-9.883750099664192
PJVK,-11.748107960678599,-11.570901050755706,-11.677063675411926
FKBP7,-10.868850498209158,-11.203652591444772,-11.010043883396538
PLEKHA3,-10.097523123929642,-10.149568964816392,-10.200163078554413
TTN-AS1,-9.657879617305065,-9.422128443016199,-9.616434369430369
TTN,-4.167805569049761,-4.021300409419686,-4.238862314493466
ENSG00000267784,-12.68032953209482,-12.27516530635409,-12.457162614118817
ENSG00000287149,-10.594188273761608,-10.434160458346216,-10.565348882786598
CCDC141,-7.357666525412792,-7.272147128630552,-7.395769362091994
SESTD1,-9.61364565906092,-9.678736388435565,-9.658677730923587
ZNF385B,-10.865188841644422,-10.563769704913923,-9.34121744475589
CWC22,-9.887360324913507,-9.846224815833486,-9.825767291807608
UBE2E3,-8.494163037707516,-8.576689740657304,-8.622553686164025
LINC01934,-12.614795974741595,-12.538180592131503,-12.768970158541283
ITPRID2,-9.86451450715025,-9.831066352071328,-10.127073288992403
PPP1R1C,-11.563045572384668,-12.332557250613041,-11.697236518102018
PDE1A,-12.71206154077824,-11.632458628388965,-12.768203762369971
DNAJC10,-8.969839682289436,-8.765326140526335,-9.035991641852487
FRZB,-10.681926552831245,-10.461789684649064,-10.25036684087648
NCKAP1,-8.604308678965966,-8.583765949760227,-8.677606827012992
DUSP19,-12.450067126467438,-12.458857476040636,-12.18001426576807
NUP35,-10.706287376922594,-10.862290833353976,-10.844600127189862
ENSG00000272800,-11.427504203591692,-11.499258968823654,-11.586761755353205
ENSG00000287621,-11.856803058406369,-11.759937133156905,-11.745577532973789
ZNF804A,-10.609971379217985,-11.132301513382448,-10.903864032737868
ENSG00000286797,-9.331499226906775,-8.74809583149635,-8.546541198423753
FSIP2-AS1,-10.328439692159161,-10.055345281826602,-10.109732317253748
FSIP2,-9.692927310234431,-9.227973552314428,-9.10632953813626
ENSG00000287129,-12.870068576229448,-12.890211075336913,-12.80714799805766
LINC01473,-8.675051183963415,-8.614275037914222,-8.753379995213116
ZC3H15,-8.931649701523524,-9.015398585395266,-8.961918250338337
ITGAV,-8.972036647247927,-8.848268924897873,-9.48026330541128
FAM171B,-12.199616492861132,-12.126426349795656,-12.429406434107557
CALCRL,-11.073871547583845,-11.185145060058954,-11.005692990730672
TFPI,-10.819072263017375,-11.191677673495144,-10.732329889093801
GULP1,-9.237691408326244,-8.814361074763193,-9.10801127535015
COL3A1,-9.175743744730054,-9.558493198581504,-9.145214896249383
COL5A2,-10.34273951229231,-10.442484198662752,-10.30358862232142
WDR75,-10.003797036472276,-10.128810640944083,-9.937142421533155
SLC40A1,-10.455626159544131,-10.76005148132977,-10.427600496989397
ASNSD1,-10.763890100165895,-10.944362756157549,-10.810542685847432
ANKAR,-10.997121115162178,-10.915220153878241,-10.78610137047354
OSGEPL1,-11.187460394014876,-11.169121453517757,-11.200071599382314
ORMDL1,-9.023498181700472,-9.066615238509849,-9.107565051206322
PMS1,-9.482385860531814,-9.610882899163236,-9.631657658316753
C2orf88,-11.853994601274666,-11.780060889356013,-11.792506175940888
HIBCH,-8.918208665250319,-8.946099164421314,-9.044014592632058
INPP1,-12.076674963958983,-12.296433438086616,-12.194720639115049
NEMP2,-12.249111001690133,-12.430889206033962,-12.628130513806322
NEMP2-DT,-12.30206883155423,-12.756426078812808,-12.433147666513191
ENSG00000284052,-11.053234962351874,-11.854569157927825,-11.165989801674044
NAB1,-9.579783209990484,-9.832939198721272,-9.741161449779927
GLS,-8.65080639507506,-8.481847861234591,-8.809787026441262
STAT1,-9.812765873298531,-9.758151312500777,-9.924199356613853
STAT4,-11.864196162400743,-12.199962071736032,-11.692544777273353
MYO1B-AS1,-12.953140337230561,-13.069300570409778,-12.93268534494729
MYO1B,-8.954385132003882,-9.10920122930812,-9.360856222135455
NABP1,-12.18379984415259,-12.28613023483944,-11.94315276043785
TMEFF2,-12.868346652144357,-13.161560602271491,-13.026347689109818
SLC39A10,-8.851159276876167,-8.853799363794122,-9.040246495532537
DNAH7,-12.186827019667867,-11.945986397766157,-11.793261663823914
STK17B,-11.359364059839704,-11.587062341411043,-11.727972612649323
HECW2,-10.641020603459706,-10.657601887209088,-10.855776903627147
CCDC150,-11.287543835043962,-11.583145179666245,-11.38574232707809
GTF3C3,-9.882713889833097,-9.930565568132675,-9.944456602402411
PGAP1,-9.48487276016832,-9.430020552029788,-9.757178352960484
ANKRD44,-10.736038370554924,-10.543540067024376,-11.33655220890155
SF3B1,-8.254968146399994,-8.338813338676744,-8.361570089850852
COQ10B,-10.845026760864526,-10.74326400558033,-10.749729978542511
HSPD1,-7.042587241338583,-7.2841300285775175,-7.045737640932032
HSPE1,-7.916083480115435,-8.080494689356188,-7.969219157489637
MOB4,-9.26479464939158,-9.358855139796454,-9.31069040341455
RFTN2,-12.634985492412362,-12.07854801030003,-12.401052307509802
ENSG00000222017,-11.46868827088661,-11.250349557589395,-11.96878303917786
MARS2,-12.330052098738122,-12.17618732096897,-12.132550280484727
PLCL1,-9.312830416263461,-9.25871461586763,-9.393089712894337
SATB2,-11.706060279807302,-11.799428612004524,-11.72839821951634
FTCDNL1,-12.252797990619921,-12.2142311558375,-11.866531975199807
C2orf69,-11.100524084718035,-11.10953713708661,-11.166354081292114
TYW5,-10.617089494999542,-10.652822623514208,-10.725361842014744
MAIP1,-10.43140716995936,-10.501079484127876,-10.4656384194845
SPATS2L,-9.64047022007345,-9.803151845290175,-9.744886891641313
KCTD18,-11.827433755077893,-11.942151572278958,-11.727938065859648
SGO2,-10.263072588311752,-9.893481378013423,-10.565355653210055
BZW1,-8.515663455188339,-8.50238813270914,-8.49380927587338
CLK1,-9.91145574101858,-9.99634380425639,-9.988493299680663
PPIL3,-10.485207089015674,-11.001561109029359,-10.385445993459326
NIF3L1,-11.206737980829345,-11.299415301599891,-11.189371593302644
ORC2,-9.594487895674188,-9.666768427990807,-9.682252440656061
ENSG00000183308,-11.81308398221923,-11.664709150579501,-11.942494553307526
HYCC2,-10.219225563788019,-10.179432145315497,-10.323945206486494
NDUFB3,-9.36175095857584,-9.6032145666761,-9.29512795280324
CFLAR,-11.098824020171481,-10.202671720742426,-10.443796731836821
FLACC1,-11.36396282221813,-11.467798770214818,-11.532517692397052
TRAK2,-9.628024642550548,-9.898816560046855,-9.811887140653447
STRADB,-10.248624083589798,-10.515799352068989,-10.20833956036416
TMEM237,-10.029965615848733,-10.238815819943895,-10.212957525531527
ALS2,-10.213674628165366,-10.138682707183536,-10.198903299439738
FZD7,-12.07772604428585,-11.938778394261705,-11.296644356075962
SUMO1,-8.847425228832076,-8.980819588871045,-8.973052162700608
NOP58,-9.061322128985196,-9.224989365353993,-9.181755615935252
ENSG00000273456,-12.823560205630345,-12.734921950199555,-12.78208404261107
BMPR2,-8.494979524544508,-8.508629292708607,-8.673609774415294
FAM117B,-9.503972557844431,-9.664305048649403,-9.71243976981846
ICA1L,-10.562507664022405,-10.625389075324073,-11.032550158762973
WDR12,-9.66176712515873,-9.775573442015526,-9.675012443783993
CARF,-10.554138920204092,-10.552960227796916,-10.546427185495414
NBEAL1,-9.1294695283902,-9.07696677637696,-9.117865267228
ENSG00000289294,-11.704292019406118,-11.665609482748932,-11.633709250095187
CYP20A1,-9.673143081635304,-9.610802195268318,-9.803822408733888
ABI2,-8.736173219226961,-8.689989944599164,-8.860145448374018
RAPH1,-10.673445121516156,-10.508488859925455,-10.707061076304354
PARD3B,-8.590224007853973,-8.67359984007888,-8.953702974459032
NRP2,-8.347047675061798,-8.394886613056148,-8.713852506065866
INO80D,-9.7203041736516,-9.644033174038322,-9.874248623530788
INO80D-AS1,-11.558985879669349,-11.358852231664228,-11.656065550980458
NDUFS1,-8.90553107759341,-8.944655492462063,-9.040879357360701
EEF1B2,-7.326660349961209,-7.557690553983712,-7.482830406658113
ZDBF2,-9.602775483995504,-9.632102140441658,-9.834047438061349
ADAM23,-9.880981886021909,-9.872388042062159,-9.868602836720221
MDH1B,-12.721845039395221,-12.8770386612785,-13.035254180475956
FASTKD2,-9.971627830300815,-10.000149915400621,-9.998939647218059
ENSG00000229321,-11.388297627997131,-11.63138693858503,-11.787649363149294
KLF7,-9.889039558959198,-9.859814190498334,-9.98667806309541
CREB1,-9.284848343506741,-9.156298394474085,-9.21762354419779
METTL21A,-10.287852492114146,-10.287902040354002,-10.45063281660641
CCNYL1,-10.8866579610728,-10.843266087988308,-10.956081112584293
FZD5,-12.649623219049126,-12.79158075536953,-12.374689895715882
PLEKHM3,-10.221289566123074,-10.34366456268266,-10.416626748626799
IDH1,-9.693268115151655,-9.799454432551194,-9.781388585842205
PIKFYVE,-9.556846835586605,-9.553265877722568,-9.745641768530312
MAP2,-12.824285443287485,-12.616338961239874,-12.8472773073086
UNC80,-11.719544903018232,-11.713699975226461,-11.444066568087178
RPE,-10.36879571658855,-10.432058644942446,-10.50389779343907
KANSL1L,-9.047177043698166,-9.040750194464556,-9.169086312544755
ENSG00000272807,-12.931798077211543,-13.024503942061385,-13.053709985707028
KANSL1L-AS1,-10.700858019459217,-11.076360603569379,-10.99445672282929
ENSG00000279317,-12.052672677003747,-12.100728716650098,-12.209946848848926
LANCL1,-9.78065513152694,-9.846878762864698,-9.99117821840596
CPS1,-10.009290659488165,-10.19955514042215,-10.125716852408168
ERBB4,-5.790813345303114,-6.393991662872504,-6.181541174836432
ENSG00000273118,-10.464610790498414,-10.515658438837994,-10.740401335377001
IKZF2,-9.96127928056078,-9.931057265570411,-10.084114928977602
ENSG00000270659,-12.127577595373339,-12.500699383999438,-12.400452280185936
SPAG16,-8.830788919481073,-8.918987619023763,-8.864467377217995
ENSG00000197585,-10.089878263806064,-10.349677619727967,-10.346595852015136
BARD1,-9.572591092942881,-9.83038995018034,-9.694707619634224
SNHG31,-11.707511939994808,-12.13909451398474,-11.561617853293226
ATIC,-10.105549973729682,-10.121149812566983,-10.09414265547317
FN1,-8.314748623958046,-8.368684286303179,-9.384396769114247
MREG,-12.017590453524996,-11.932610017307802,-11.871848265707277
PECR,-11.794674308202579,-11.594405836200636,-11.59424594533342
XRCC5,-7.766451210520306,-7.919672854953836,-7.922794271260422
SMARCAL1,-10.447770101943608,-10.412339305705382,-10.46126776481474
RPL37A,-6.563730153736369,-6.817717189954341,-6.693443121090972
IGFBP2,-9.91766009634716,-9.742810066999626,-8.473631275213625
IGFBP5,-9.361114551623409,-9.33777818834035,-8.776630269555646
DIRC3-AS1,-11.55475898593562,-11.37552445643344,-10.664019110139453
DIRC3,-11.473665621426214,-12.575123984136155,-10.60200770276257
TNS1,-10.712791593555627,-11.040749508996553,-11.050276188745107
ARPC2,-8.370579293666657,-8.516876171159824,-8.481226392827695
AAMP,-10.098303866786788,-10.276557802188748,-10.110860048828968
PNKD,-9.355585283012969,-9.461580719978173,-9.420889149105012
TMBIM1,-12.735546984181111,-12.455390332126825,-12.385992634707216
CTDSP1,-10.42747406521379,-10.452142815655575,-10.551138800224443
USP37,-9.68426348069618,-9.842911000828934,-9.82128725060896
CNOT9,-10.425684592753672,-10.455624947822653,-10.44250495088428
ZNF142,-11.689120794802605,-11.717647185051552,-11.736282404224625
BCS1L,-11.727091248690884,-11.803225433535228,-11.74101952459674
RNF25,-11.819224336832006,-11.850134516740525,-11.869219160908779
STK36,-11.723133585089501,-11.951795812300022,-11.872197295107375
TTLL4,-11.106706763947878,-11.281509010665587,-11.276102027517876
CYP27A1,-10.40139302586192,-10.560629730842145,-10.210924814741745
NHEJ1,-11.381896508043383,-11.602090623571993,-11.597948114116457
CNPPD1,-11.257337956541987,-11.270058191589635,-11.265875503262816
RETREG2,-11.085844310696377,-11.1864325431294,-11.2655125201964
ZFAND2B,-11.53535634352882,-11.508343140043094,-11.659746209042895
ATG9A,-11.424083562735333,-11.463109217193155,-11.73670445616011
ANKZF1,-10.428074995840275,-10.593526145959093,-10.522741546339768
STK16,-11.366116067911058,-11.333292209779982,-11.36808544730417
DNAJB2,-10.807045453681965,-10.676188350919288,-10.645160885734041
DNPEP,-10.558467185097674,-10.674854272034683,-10.651190012262608
DES,-12.589523225651808,-11.542869203293442,-12.21351237944272
SPEG,-10.197956652846312,-10.291599940263188,-9.902724327324508
GMPPA,-11.86974970280782,-11.872335029104844,-12.013979377388988
CHPF,-11.14414171790133,-11.071690234888653,-11.255364784301028
OBSL1,-10.008530992138418,-10.040861000301458,-10.120703956843798
INHA,-12.906938368768992,-12.82379975465776,-12.490549676764402
STK11IP,-12.82858376281728,-12.968684062937713,-13.035903730119475
SLC4A3,-11.610261972489308,-11.663966462334004,-11.737160073934927
EPHA4,-8.287588441229701,-8.021292172504708,-8.74473127546619
PAX3,-13.288878430865303,-12.138465705719492,-12.32906251396051
ENSG00000288658,-11.672743486213218,-11.303230357952263,-11.750284807497152
CT75,-11.481791991500263,-11.357773703074317,-11.880836619751223
SGPP2,-9.510935899221975,-10.313747644803279,-9.485679239507961
FARSB,-9.920369722299194,-10.15027405883697,-10.040082927045587
ACSL3,-8.72016467210299,-8.623421313706347,-8.787804856285348
AP1S3,-12.247739559272365,-12.234923820076483,-12.661266480513893
WDFY1,-10.17249653798442,-10.163377278625223,-10.207826640815007
MRPL44,-10.08258239298052,-10.113284513433081,-10.165200518108069
SERPINE2,-11.156766678593533,-11.204540959869911,-10.313181961772335
CUL3,-8.484316757987827,-8.532481091958957,-8.571512773839016
IRS1,-9.455754430605298,-9.965802394593393,-10.200351971093468
RHBDD1,-10.11462872505255,-10.268374688776486,-10.352440596322174
MFF-DT,-12.191375117124224,-12.229388849707686,-12.22755059567763
MFF,-9.333130131346287,-9.33217066230106,-9.212585451500642
AGFG1,-9.24636140590903,-9.246651315993288,-9.3606940714684
SPHKAP,-8.339373567079416,-8.384039834339978,-9.099532631000248
PID1,-10.857211065692454,-11.750094747663034,-10.676360415806663
TRIP12,-8.530237792892681,-8.50169278661976,-8.627990558517707
FBXO36,-11.202638877360055,-11.321215587175836,-11.438960363481728
CAB39,-9.302396830884465,-9.256114614456013,-9.34662472093833
ITM2C,-9.191269768152278,-9.346259009223413,-9.270428273894295
PSMD1,-8.798113489734883,-8.890645064664811,-8.95125252931792
ARMC9,-10.162462354503514,-10.070399068991732,-10.295830773011184
NCL,-6.882027234127177,-7.032452912896785,-6.966274529581841
LINC00471,-12.910898097373627,-12.86213958630425,-12.596489657037495
PTMA,-6.722853377405636,-6.935096052178063,-6.538475008063549
PDE6D,-10.654654178932285,-10.531340412571424,-10.710446371012946
COPS7B,-10.898570245650944,-10.955092036364757,-10.962368624984705
DIS3L2,-9.387306557871982,-9.389103715538301,-9.458012984260085
TIGD1,-11.798755659410208,-11.656703551048567,-11.749331465626238
EIF4E2,-9.802593209949933,-9.737922492903541,-9.932156533803813
EFHD1,-11.42739978319512,-12.075560882644464,-12.664236892242013
GIGYF2,-8.86056568870377,-8.885751613458254,-8.955631321896705
SNORC,-12.881694319233754,-12.73209300946031,-12.880083085791657
ATG16L1,-11.185659382379276,-11.247824977030678,-11.279908128565022
DGKD,-9.957583238424526,-10.144454437586324,-10.120805478874622
USP40,-10.412371891493454,-10.358981033309005,-10.430301838473355
HJURP,-11.471833699016992,-12.052396779424893,-11.937602642939293
ARL4C,-11.392452950704921,-10.963605325897317,-10.852495998764978
ENSG00000235726,-12.548915762182832,-12.355204093896443,-11.365395740643743
SH3BP4,-9.92307969526059,-9.886534754184245,-10.258754552826721
AGAP1,-8.2739295499234,-8.456966796719326,-8.679055239760006
ACKR3,-12.171470692393683,-12.569896590511355,-12.29463176343435
COPS8-DT,-11.055444934448118,-11.145065351189828,-11.320398647544629
COPS8,-9.885232691378919,-9.944923937721288,-9.908517918318863
COL6A3,-12.326532732456995,-12.262709300538878,-12.473792809159367
LRRFIP1,-8.124403888220455,-8.225104019276301,-8.284936710544818
RAMP1,-12.808071585565989,-13.172537971460477,-12.784699903379167
UBE2F,-10.22152611318422,-10.362797759768204,-10.302131849027091
SCLY,-10.719585852992804,-10.776897602206738,-10.773902064363726
KLHL30,-12.573917752197124,-12.700163025275984,-13.006547663391839
ILKAP,-9.916231369770832,-10.032306155742205,-10.061344072063878
HES6,-12.545632440521603,-12.857067362396199,-13.182046841726862
PER2,-11.725901419359223,-11.575024137622622,-11.71889023268882
TRAF3IP1,-10.163359608378801,-10.142803872755358,-10.120925151209345
ASB1,-11.543598831111709,-11.622271465655968,-11.661191209281666
HDAC4,-10.191084866880812,-10.200742733667775,-10.299027503321284
NDUFA10,-9.019048812739943,-9.14091599610293,-9.115789957131096
COPS9,-9.02676393831927,-9.110401154418993,-9.131487336765591
GPC1,-10.759078039473769,-11.154031877657621,-10.890515611420398
ANKMY1,-10.736987286273923,-10.99873052878194,-11.158509262472863
DUSP28,-11.343105871514107,-11.467496129687012,-11.608644808024273
RNPEPL1,-11.897886224799908,-12.07531917731609,-12.074443508285691
CAPN10,-11.90109864385619,-11.959416357295446,-11.928265851439104
KIF1A,-13.269864415076661,-12.678501762878232,-13.12107279654304
MTERF4,-10.020380106043323,-10.130751565314648,-10.004768472519261
PASK,-12.763843883450807,-12.912377058190888,-12.659422970248233
PPP1R7,-9.898286167398227,-10.04702293076201,-9.998771873675574
HDLBP,-8.581891297705692,-8.68163043575953,-8.753216166904638
SEPTIN2,-8.001220140361829,-8.02995108864264,-8.0709058475591
FARP2,-10.198294670685698,-10.082458756101389,-10.255244929489104
STK25,-10.085202854916258,-10.277912478571336,-10.294504173238558
BOK,-11.458007082778556,-12.122805071785377,-12.006994372185858
THAP4,-10.868767839324697,-10.90238984020642,-10.566882693575845
ATG4B,-10.476041047626914,-10.459214865833838,-10.705743749809923
DTYMK,-10.306984657051048,-10.635037395734807,-10.613421686323472
ING5,-10.30843081478244,-10.366164368220442,-10.427747313957408
D2HGDH,-11.868384824667174,-11.817535353206159,-11.987391109468168
LINC01237,-12.154705653801928,-12.551330649858881,-11.7803085631128
ENSG00000291147,-10.889321076996735,-11.383408623308714,-11.28921987504647
LINC01266,-12.270919061124363,-11.948165085601168,-11.708916736605723
CNTN6,-11.395362357013372,-11.715254927961979,-12.137142272667926
CNTN4,-9.156331770605458,-9.141271321345029,-9.120170013870691
TRNT1,-9.841285249815899,-9.940922111819912,-10.092120749805362
CRBN,-9.63600591550971,-9.757510239547258,-9.79571490976437
ENSG00000223727,-10.207871797353645,-10.203240412401446,-10.44165376582714
SUMF1,-9.137622910033048,-8.981546106734488,-9.242309013108738
LRRN1,-11.688046151532252,-12.08863186024615,-12.362702435152043
ENSG00000287720,-13.138447173008839,-13.046893669006069,-12.985395662549667
SETMAR,-11.254431760304465,-11.28586546138063,-11.455072419614144
ITPR1,-8.982396980539129,-9.239750643925381,-9.545022200824233
ENSG00000235978,-12.917259295791625,-12.931885309654609,-13.121238600684336
BHLHE40,-11.709822768385779,-12.884253750554114,-11.788676255102072
ARL8B,-9.498115132270126,-9.54162685444503,-9.5003676834061
ENSG00000233912,-12.438623017322662,-12.580831023843063,-12.265802986188126
EDEM1,-11.90141930350382,-11.819249776191551,-11.707712663553068
ENSG00000189229,-10.206498313240097,-12.033319839042079,-10.471555913000225
GRM7,-11.529987961608068,-11.39891223125067,-10.973150934399222
LMCD1-AS1,-11.119045056769927,-10.726716518692035,-10.698466327815686
LMCD1,-11.104105688213473,-10.680889040129884,-11.05497144957541
OXTR,-12.099403649538164,-12.045654496056988,-12.981586684478264
RAD18,-10.026343874045471,-10.236936364811635,-10.3690616800466
SRGAP3,-11.316327399343933,-11.74940818130585,-11.360348891901326
THUMPD3-AS1,-9.878430739730502,-9.835217739449456,-10.007437004878321
THUMPD3,-10.557905826533963,-11.20789264486342,-10.021624136355959
SETD5,-8.317229312880302,-8.372050840270054,-8.450408478126164
MTMR14,-11.030653059165495,-11.136888214221807,-11.246549037882081
BRPF1,-11.760950096340439,-11.736724465522627,-11.825239046187555
OGG1,-11.04138717445159,-11.007851349920132,-11.161726926582018
CAMK1,-11.867004436801777,-12.016441645661022,-12.126121108182234
TADA3,-9.791521469583516,-9.756531138362323,-9.964958855305992
ARPC4,-10.016398706155748,-10.222546018535514,-10.205421333332156
TTLL3,-11.009851786731177,-11.10552835202462,-11.263842272116074
RPUSD3,-10.627506461314681,-10.76999923396084,-10.54355141237741
JAGN1,-10.348597866400016,-10.440498577640225,-10.431944828554633
IL17RC,-12.163202367288859,-12.25447993312763,-12.154417156933594
CRELD1,-10.803448885846972,-10.580358566250853,-10.81110077814311
PRRT3,-12.252842052028718,-12.49670134662334,-12.603994423975868
EMC3,-9.940176964149844,-9.949917125692833,-10.031059995566089
ENSG00000291224,-11.578615296937985,-11.991519491582036,-11.842200507886757
ENSG00000291078,-11.7275762021723,-11.88117597795304,-11.684114325857122
FANCD2,-11.061528696150145,-11.730620410014343,-11.510917614401784
BRK1,-8.861007436190494,-9.0905180297893,-8.929587500363505
VHL,-10.475098860818076,-10.435182353123507,-10.571438844121886
TATDN2,-11.414306288867826,-11.472165244072565,-11.413260756688743
SEC13,-9.649637565720338,-9.763124207790092,-9.74728868238378
ATG7,-9.842152226760456,-9.825310206048076,-10.089604565679426
VGLL4,-8.96094788047263,-9.154078450872099,-9.311558392285031
TAMM41,-10.480125150410535,-10.543535442994873,-10.613044666288248
SYN2,-11.4047043835392,-11.900836498403455,-11.51355541799557
TSEN2,-10.172315630182428,-10.114548317722981,-10.234934633511084
MKRN2,-10.616509428984564,-10.579193148151308,-10.725861684466139
RAF1,-9.459827388877027,-9.484739522160893,-9.588136732649094
CAND2,-10.811376847540165,-10.816084452821533,-11.143321167200568
RPL32,-6.390125548438286,-6.587405113474968,-6.498893268869375
IQSEC1,-10.464853238735573,-10.82149101273491,-10.77432115044828
NUP210,-10.606979057663404,-10.898620560235248,-10.922213604255743
HDAC11,-12.11310031661016,-12.20633274768843,-11.984940122822515
FBLN2,-11.739843336394703,-11.691655642810955,-12.209919275860981
CHCHD4,-11.166246244591488,-11.236653385775151,-10.990647643118265
TMEM43,-11.133092043060481,-11.187171056255606,-11.224110121582331
XPC,-10.055668290187901,-10.086949889414155,-10.166739469871567
LSM3,-9.5845793730566,-9.801052140614368,-9.639898385114549
SLC6A6,-11.671462168108249,-11.780494975668516,-11.4785194993594
CCDC174,-10.495254513820493,-10.521981538645742,-10.522692943957619
C3orf20,-12.592478677187342,-12.750677589706642,-12.606100974585544
FGD5-AS1,-9.326490128063538,-9.302793022707808,-9.549941349526524
NR2C2,-9.735321719031155,-9.750027031377954,-9.83606862527038
MRPS25,-9.472243379007534,-9.564429413335217,-9.428691477783968
RBSN,-10.80861462758017,-10.81040421002424,-10.856885879170258
CAPN7,-9.170593214471161,-9.131696070272616,-9.30809427060595
SH3BP5-AS1,-11.98575546963579,-12.083079900986588,-12.145687811571458
SH3BP5,-10.362686567708673,-10.137275675132111,-10.593651410283254
METTL6,-10.008291855727563,-10.015307140135347,-10.134367834122386
EAF1,-11.564829693832264,-11.638581667861773,-11.78258112572583
COLQ,-10.704695155314745,-10.629576992705731,-10.98701070012117
HACL1,-10.491219362108552,-10.79650696370411,-10.90699935560745
BTD,-10.459096727842775,-10.255292348739447,-10.53485972849714
ANKRD28,-9.416667112681921,-9.486015529597985,-9.415689142701746
ENSG00000287042,-10.45439924342181,-10.533315313774496,-10.45709549787449
DPH3,-10.03880600312292,-10.014373475619093,-10.065948932558229
OXNAD1,-9.541650424911095,-9.57603986243272,-9.501797466931395
RFTN1,-9.75753641028462,-9.50376601911727,-10.176372486543874
PLCL2,-7.842022612824883,-8.41836966638284,-7.595599820196233
ENSG00000285731,-12.961008050874538,-13.08085721794139,-12.840537987584696
TBC1D5,-7.932430621473451,-7.943564799491112,-7.97640434352365
BALR6,-13.094327894467348,-12.615619643961839,-11.315720669560358
SATB1,-10.243604543804596,-10.225829623466952,-10.475534140826781
SATB1-AS1,-11.034809799488944,-11.03132777560563,-11.055432102380088
KCNH8,-11.666342619372791,-11.687605227482834,-11.64487753829544
RAB5A,-9.379768320364112,-9.646707794503932,-9.738056393877308
KAT2B,-9.92462992624179,-9.863299001322138,-10.17789990189352
SGO1,-11.24143978608192,-11.812287389774657,-11.707846837992317
SGO1-AS1,-10.92629602468586,-10.924251808525348,-11.307829110473458
ZNF385D,-11.02899168702165,-10.320053445225858,-11.308933457548788
UBE2E2,-7.977559467210632,-7.9159982449835065,-8.22139991081142
UBE2E1,-8.600009808019244,-8.713216053382725,-8.843574386302762
NKIRAS1,-10.515529048343831,-10.48291127248381,-10.660752075103026
RPL15,-6.615756497299483,-6.846735974062499,-6.7809135395940965
NR1D2,-9.934817639416817,-10.08909774127827,-10.113406984149979
THRB,-11.99158502389859,-12.118901460076687,-12.288436282226876
RARB,-9.47276730106689,-9.150035493609277,-9.516735312164938
TOP2B,-8.55414683657746,-8.626863264250833,-8.678739170152085
NGLY1,-9.679812195961372,-9.692208180757632,-9.729037382964307
OXSM,-11.988592990470815,-11.882350787799178,-11.923742791858938
NEK10,-10.690164668983403,-11.27162228197047,-11.117241533675593
SLC4A7,-9.43755657777853,-9.581734005914003,-9.552749535555076
LINC01967,-12.201153354227136,-11.428310962559737,-11.20812527687563
CMC1,-9.773402068634507,-9.808277144791496,-9.744272386490502
AZI2,-9.49799406585319,-9.66318610352516,-9.575595327755838
ZCWPW2,-10.831358874649345,-10.5917263436563,-10.840463951027232
RBMS3,-7.796835884743103,-7.52800837588219,-8.457957912009048
RBMS3-AS3,-12.442093886924692,-12.150940876669873,-12.924737402296525
RBMS3-AS2,-12.288460979698517,-11.901555502158999,-12.75804546088271
TGFBR2,-9.980028220880872,-10.412134650548818,-10.383234546643491
GADL1,-10.285283422716343,-10.912871046168469,-11.343722742554988
STT3B,-8.533468516441676,-8.650567823586282,-8.923652483949242
OSBPL10,-10.820084878345714,-11.067268039659202,-11.967752002483028
GPD1L,-11.929305885323277,-11.999794748191716,-12.036384299850702
CMTM8,-10.674241408665257,-10.538308334456675,-10.715439940104487
CMTM7,-10.835132555282003,-10.927279271466949,-10.933034266568482
CMTM6,-9.782695114480214,-9.833001240916696,-9.859894047665467
DYNC1LI1,-9.222637979922462,-9.329775539645693,-9.282953742119217
CNOT10,-9.703826509063859,-9.812270577785721,-9.877363589015332
TRIM71,-10.37860878059752,-10.403561784276423,-10.411991573179503
GLB1,-10.225597650143152,-10.181091338546297,-10.231669947008864
CRTAP,-9.751359700978904,-9.749763753607798,-9.839224110931923
SUSD5,-11.812925100726858,-11.859621813350646,-12.156975413478282
FBXL2,-9.81175811836319,-9.654123503334146,-9.846266562389575
UBP1,-9.68908421840987,-9.731164636002527,-9.775693031865934
CLASP2,-8.564846741978373,-8.659293031482521,-8.699338301917436
PDCD6IP-DT,-11.474213245361737,-11.207337899382527,-11.85270539546457
PDCD6IP,-9.016341431560427,-8.971210909154806,-9.02473765003045
LINC01811,-12.034786979964442,-12.021606928674464,-11.499906338901955
STAC,-9.757258194583281,-9.69051817146992,-10.99412342000579
TRANK1,-11.018976776495874,-11.049648427597463,-10.595011577525941
EPM2AIP1,-9.580154444656252,-9.544073820158749,-9.539290411526952
MLH1,-10.411427615036473,-10.460808807044959,-10.489974530722815
LRRFIP2,-8.785180893454825,-8.952753392926116,-8.960172941538191
ENSG00000290046,-12.389512002938233,-12.121776317802109,-12.4828085525561
GOLGA4,-8.009151187780624,-8.077213773128193,-8.101478987154406
APRG1,-11.69000387684161,-11.55071813922755,-11.82376456137898
ITGA9,-10.205675809637768,-10.524697681298147,-10.948390097803616
ITGA9-AS1,-11.55599904325218,-11.797186158918988,-11.953849539559556
CTDSPL,-9.790377960770632,-9.900687947098984,-10.23880477292138
PLCD1,-12.6422337769172,-12.51934332444065,-12.44437032979675
ACAA1,-10.487019787681767,-10.630863351242425,-10.440179980121647
MYD88,-12.84800486831494,-12.897225283278804,-12.961000005688936
OXSR1,-9.215368696758494,-9.264257921363509,-9.318078558825807
XYLB,-11.522703849657397,-11.89987132449267,-11.920183468677127
ACVR2B,-9.39147286438011,-9.290522261834242,-9.435511741905543
EXOG,-10.741820370168407,-10.766304194902837,-11.195001375230259
SCN5A,-10.114218259349443,-10.076282096499108,-10.53517632267919
SCN11A,-10.67921413029801,-10.537522615502319,-10.651782808739403
WDR48,-9.698511408753445,-9.754987421367726,-9.863783642059191
GORASP1,-11.87013712385238,-11.889399821956793,-11.780079756888977
TTC21A,-12.674582105411886,-12.523997289661363,-12.810761680221805
XIRP1,-9.567437892256185,-9.494112512272935,-9.801019692203532
SLC25A38,-11.134601564915576,-11.249181025455472,-11.148704328532785
RPSA,-6.9864318218978365,-7.104666334042362,-7.236927148536941
MYRIP,-11.981266028458634,-12.146612247485786,-11.726336448360318
EIF1B-AS1,-10.428763707959932,-10.598364635058712,-10.55664979482139
EIF1B,-8.243760636318477,-8.553296611563685,-8.264739896599297
ENTPD3-AS1,-12.022059462797237,-11.626454603387252,-12.064308001882914
RPL14,-6.517485875698933,-6.684208015461013,-6.562468574332498
ZNF620,-10.952952897933772,-10.982616323536996,-10.896876377514038
ZNF621,-11.16705519599114,-11.102426429942659,-11.024845892773335
CTNNB1,-8.560419564304395,-8.54025311254674,-8.62342260779045
ULK4,-9.608235353803371,-9.600036588829669,-9.801740649539935
TRAK1,-9.906906530444521,-10.004294208142191,-10.035420676753949
SEC22C,-10.489924293582135,-10.623756595542199,-10.643899628475296
SS18L2,-10.789136962458775,-10.863361760098748,-10.809315887054625
ENSG00000289558,-12.832485916735854,-12.734929706171895,-12.675926107641931
NKTR,-8.685511274646304,-8.649886772145114,-8.755299335092658
ZBTB47-AS1,-11.993657968364737,-12.04090949842342,-11.983177185227937
ZBTB47,-12.15437171506097,-11.986857599341516,-12.519567435674409
HIGD1A,-9.447281998421097,-9.493578884548995,-9.534936385291225
POMGNT2,-12.211154002328112,-12.297407419945262,-12.242242642624145
SNRK,-10.726351569038071,-10.763639234173683,-10.838485653326348
ANO10,-9.616372402954088,-9.521996577126636,-9.804238599929318
ABHD5,-11.158911221498814,-11.221143345051148,-11.241298458452164
TCAIM,-10.012874641457506,-9.966754716186632,-10.142404569274673
ZNF445,-10.142538735085843,-10.1706821370805,-10.256878142716921
ZNF852,-11.331815154475864,-11.411580850011001,-11.602516919646247
ZKSCAN7,-11.783354590303002,-12.341019328722986,-11.891748316447481
ZKSCAN7-AS1,-11.634315697258899,-11.640734584267499,-11.686765903921852
ZNF660,-11.271369930076416,-11.22656204638633,-11.356221040787055
ZNF197,-9.615826811094692,-9.706307090187865,-9.810569960323583
ZNF35,-10.745927301167768,-10.888329562124637,-10.895625234261624
ZNF502,-12.784329163099995,-12.511471595957264,-13.02807619733343
ZNF501,-12.642368568828221,-12.893885609814285,-12.475062617243848
KIAA1143,-9.630882922994694,-9.729178327086348,-9.679459871591884
KIF15,-11.007908718675292,-11.477485084597086,-11.541958526398545
TMEM42,-11.587206438537846,-11.762631433267739,-11.387480551548267
ZDHHC3,-10.196904200694505,-10.08969511604048,-10.271572407847742
EXOSC7,-10.144678115541279,-10.19542432819323,-9.928629466557032
LARS2,-9.658907112930379,-9.641238599639978,-9.760570874294684
LIMD1,-10.948957373162216,-11.104762920729222,-11.168260350120766
LIMD1-AS1,-12.935747733590555,-13.08133858191312,-12.909592735042315
SACM1L,-9.61657924737135,-9.66650871234827,-9.772126038306835
LZTFL1,-10.40922916659391,-10.545934013725292,-10.491457169049248
FYCO1,-10.69008753772805,-10.729844386678204,-10.518987460159364
LRRC2,-11.793060612621906,-12.339548758188299,-12.497239626030193
TDGF1,-11.655593670882244,-12.592184261369894,-12.358924348521638
MYL3,-7.087656913889583,-7.261075546657865,-7.040990471538083
PTH1R,-10.46800305916042,-10.51829245501548,-10.719297834800049
CCDC12,-10.020356850423374,-10.012114752829303,-10.161561751661793
SETD2,-8.412162421207452,-8.445279884755486,-8.590334465625876
KIF9-AS1,-9.508587164825403,-9.401721614669011,-9.608045256630746
KIF9,-11.524205354349796,-11.687434735904667,-11.703530114950206
KLHL18,-10.685691723614417,-10.754765205975534,-10.832159002388266
PTPN23,-11.689889494097725,-11.726624974012434,-11.777295188365462
SCAP,-10.527613852847582,-10.592309735661214,-10.687040950295943
ELP6,-10.512032905791116,-10.577078227125266,-10.701497862148793
SMARCC1,-8.039342099515123,-8.135892528168275,-8.238494595583568
DHX30,-9.748942077393043,-9.85101977842798,-9.891474493222008
MAP4,-8.293040458885352,-8.165633950398028,-8.324745510511294
CDC25A,-11.504092036402838,-11.985586090637485,-11.720482673106478
ZNF589,-11.488251396102376,-11.338725416751373,-11.315848191204962
NME6,-10.509508020757783,-10.532901605130219,-10.546550555719937
PLXNB1,-12.102325709064127,-12.274291218763171,-12.346184178455207
CCDC51,-11.527832602664006,-11.709304900587439,-11.571957874662372
TMA7,-8.360754187976273,-8.455332678764972,-8.469246119923993
ATRIP,-11.671998759813752,-11.95422310610075,-11.819427566772234
SHISA5,-11.021773605645388,-10.922070484113524,-10.710394086423815
PFKFB4,-10.117663849848327,-11.003840837941686,-10.6233417490904
COL7A1,-11.628346891722238,-11.59053007019744,-12.125341244224643
UQCRC1,-9.397367287474152,-9.428355064522444,-9.475605341849747
SLC26A6,-12.322176603140148,-12.435938925263036,-12.409130155380796
NCKIPSD,-11.51237589541047,-11.98586937160213,-11.68482659793351
IP6K2,-9.495573703820195,-9.807131162724426,-9.719863283973464
PRKAR2A,-9.237535227599677,-9.232651829354767,-9.257750110756955
SLC25A20,-11.231966817867473,-11.330611156108771,-11.381294270910963
ARIH2OS,-13.260847507860165,-13.236369209814177,-13.11344408605707
ARIH2,-9.461823894109761,-9.564282670965275,-9.658507821769193
P4HTM,-11.390732369634245,-11.423686092553325,-11.316155717720465
WDR6,-10.400599781180881,-10.535664226756035,-10.570393643638397
DALRD3,-11.084173594612173,-11.069903384642407,-11.041647307476188
NDUFAF3,-9.480639833479012,-9.695083125464116,-9.611863671548551
IMPDH2,-9.33139848762979,-9.459851514149156,-9.420314671998334
QRICH1,-10.027075643352273,-10.067102038666958,-10.317767749401183
QARS1,-9.918598896937967,-10.018999480850702,-10.044164125885718
USP19,-11.438379195060833,-11.401397751213187,-11.471449849285529
LAMB2,-10.293225683409327,-10.363306384817102,-10.506297711525434
CCDC71,-12.352803365858792,-12.506214245429863,-12.510089963353328
KLHDC8B,-10.393394160551738,-10.541221736030204,-10.566302382982098
C3orf62,-11.29426803600467,-11.340200316834702,-11.658511395873289
USP4,-9.973677953610043,-9.969376867613521,-10.030243974854136
GPX1,-8.846763323911116,-9.005722084373268,-8.948354072380884
RHOA,-8.245607039471908,-8.409553903627643,-8.289922801791887
TCTA,-11.038137485275344,-11.112186745897967,-11.16703647582346
AMT,-12.31265787379011,-11.56984557751298,-10.759207163079603
NICN1,-12.190378289646496,-12.08799838010198,-12.021490286342974
DAG1,-9.51484816941766,-9.437059959352393,-9.751296644463796
APEH,-10.851885638635776,-10.920913778961078,-10.887362619544527
MST1,-12.428818465536732,-12.329765590769906,-12.25277854291833
RNF123,-12.212647488756385,-12.224847862559402,-12.42664078176157
GMPPB,-12.863058682218885,-13.137327241601701,-12.863353315267144
IP6K1,-10.183763893652065,-10.158429857086738,-10.386243011552445
TRAIP,-12.67109707584744,-13.233093131731916,-13.134895596897644
MON1A,-12.82640414504314,-12.862520364748834,-12.783952288724297
RBM6,-8.756617557941956,-8.851603220775365,-8.93055327977691
RBM5,-8.958233925291385,-8.911277529873585,-9.110343271819398
GNAI2,-9.470328212172367,-9.448142251795701,-9.439651141467309
SEMA3B,-12.80494896715313,-12.494705737619116,-13.059380851251383
IFRD2,-10.761781935818503,-10.983101458730589,-10.940454251266859
NAA80,-12.746516321781627,-12.93000250019718,-12.738542824791377
HYAL2,-10.470072107943958,-10.3561921704767,-10.7258974524113
TUSC2,-10.780146225258576,-10.8158557307865,-10.889353071725099
RASSF1,-11.799828394006465,-11.846488535173249,-11.952429699307126
NPRL2,-11.642946511326741,-11.768191051021219,-11.596925504685824
CYB561D2,-12.18568368619359,-12.1420765907171,-12.332384877179956
TMEM115,-11.373208187017084,-11.377581049245494,-11.398305875351074
CACNA2D2,-11.570551759793696,-12.070094770032838,-11.24380625995733
C3orf18,-12.536249481269122,-12.622604027434365,-12.326417887102732
HEMK1,-11.884397989696343,-11.948018171504392,-11.942039762580137
MAPKAPK3,-11.167543400721533,-11.132830856652339,-11.123764282796882
DOCK3,-10.462959034210233,-11.000173816534602,-10.451829781859844
MANF,-9.778626836870025,-9.93157076653035,-9.714851287023157
RBM15B,-10.611440858492418,-10.713407522922804,-10.682802543114434
DCAF1,-10.318186351849866,-10.365325460845877,-10.607301163167678
RAD54L2,-9.87267434739172,-9.893390932969945,-9.902814693760876
TEX264,-10.693432301986064,-10.691281030576427,-10.708184861070361
RRP9,-11.642929685687264,-11.84531599053033,-11.599055737834849
PARP3,-12.616344762364188,-13.016929043926142,-13.027405565413556
PCBP4,-11.075524736891023,-11.2124680342425,-11.200876674077966
ABHD14B,-12.641644032900382,-12.494458363258204,-12.751194277333758
ABHD14A,-10.77309092635699,-10.796413290647024,-10.88123050173308
ACY1,-11.093577820797602,-11.327774837460609,-11.055572461764665
RPL29,-6.912419480769061,-7.125460397963682,-6.998140504902293
DUSP7,-12.605116398027945,-12.65248092646293,-12.604564315759905
POC1A,-12.223154421894584,-12.832762732324403,-12.668589197285332
ALAS1,-10.203756852839298,-10.29257108631057,-10.20270105745911
TWF2,-11.213938615720627,-11.383724517118775,-11.199408908201294
WDR82,-9.663949323940969,-9.691562985943904,-9.769232310228798
BAP1,-11.69439591756783,-11.69041979971206,-11.853950402089064
PHF7,-11.135671819578917,-11.140085199520396,-10.801425874329029
TNNC1,-7.255843235808904,-7.2357277622038865,-7.2368078643686395
NISCH,-10.189466525814678,-10.283258305143505,-10.379111399508743
NT5DC2,-9.799094768857238,-10.03598346282664,-10.223273180201298
UQCC5,-10.288394866176745,-10.504127752657887,-10.303482156943847
PBRM1,-8.427176852805394,-8.501324310618314,-8.611804644182731
GNL3,-9.521324055148208,-9.734469799928458,-9.57029842443127
GLT8D1,-10.64902133228272,-10.715948447744559,-10.841284235001407
SPCS1,-8.89933631882749,-8.92256105191512,-9.106243607977826
NEK4,-10.69322988874685,-10.768160032072268,-10.617906884901034
STIMATE,-11.680502787307967,-11.803219504931105,-11.876901255736655
SFMBT1,-10.968123221159724,-11.06214140635338,-11.264191988907838
RFT1,-11.906305627611415,-11.813894077377899,-11.81323857683061
TKT,-10.164394211723115,-10.185138012905336,-9.908708673412963
DCP1A,-9.272070529173531,-9.291236524566402,-9.414921832433599
CACNA1D,-8.195212514289196,-8.175555703117794,-7.601064873192669
CHDH,-11.658906475185542,-11.974371898519069,-11.512803589919828
IL17RB,-12.630380455434832,-13.0104814303746,-12.4256222766164
ENSG00000271976,-12.369509780063462,-12.14270216922578,-12.489718941117948
ACTR8,-10.372959582325969,-10.47535761426407,-10.742603035750676
SELENOK,-9.312613184579753,-9.271389616226536,-9.320326039037049
CACNA2D3,-11.589613846509414,-11.108400850050813,-12.155520847419204
WNT5A,-9.207753986173635,-9.337258507532221,-9.840634149893038
ERC2,-8.318120158010553,-8.244237835299066,-7.927430572980563
CCDC66,-9.465058314763967,-9.406505461793168,-9.49252741857632
TASOR,-9.366824791823293,-9.316291379937079,-9.482151613650728
ARHGEF3,-9.550506849363853,-9.901814278832287,-9.819133849109768
IL17RD,-9.581110685971748,-10.01819944417732,-10.051580155915605
HESX1,-12.000625722921985,-12.062168001065674,-12.19798302479437
APPL1,-9.271575576598286,-9.401916699720319,-9.265146844848385
DNAH12,-12.522032432622598,-12.020053507299288,-12.615062662305842
PDE12,-11.573157634667135,-13.015918212994432,-11.332735127654084
ARF4,-8.833855604495675,-8.88149738802611,-9.038831048019809
DENND6A,-10.195633902684719,-10.202128894783636,-10.301231478714817
DENND6A-AS1,-12.776226161488019,-13.055487601076024,-12.81423755018761
SLMAP,-9.041591063219924,-9.112535466605566,-9.23937753370029
FLNB,-10.668337531315332,-10.57400451266833,-10.592675989276705
ABHD6,-11.533376300100779,-11.23898708632651,-11.410173913465277
RPP14,-12.607589252924944,-12.542686368952758,-12.892215357825801
PXK,-10.23538629076375,-10.47946656893261,-10.25054888194917
PDHB,-9.08721600415216,-9.104586898936672,-9.322163108380835
KCTD6,-11.50714362404437,-11.493486966037343,-11.379997103784214
ACOX2,-12.488699114683454,-12.703874408183323,-12.361992096269526
CFAP20DC,-11.841628128906152,-11.912674117590152,-10.358340188246368
FHIT,-8.685467708459377,-8.483626552443752,-8.25717926183594
PTPRG,-7.78434068691588,-8.059944141749174,-7.853149013258134
PTPRG-AS1,-12.59963850459096,-12.39446657045501,-12.167420798584446
C3orf14,-13.067829800042531,-12.672177638281376,-12.469173762695961
CADPS,-7.650431391473172,-7.521862220329782,-8.01113677877844
SYNPR,-12.436072840280906,-12.672004094477057,-12.863853122150259
THOC7,-9.226298335784413,-9.408421763032571,-9.285446203575589
ATXN7,-9.71956600699893,-9.801822846118064,-10.030666193909694
PSMD6-AS2,-12.010681515604317,-12.16042301703393,-12.37602824104265
PSMD6,-9.341265427310718,-9.50212002233043,-9.441147428192004
PRICKLE2,-9.714935410220724,-10.470570741286185,-10.187175153351392
ADAMTS9,-9.076459163635567,-8.547507093128168,-8.775078943953282
ADAMTS9-AS1,-13.270567233902,-12.669046839976108,-12.713119294462084
ADAMTS9-AS2,-9.673183593454032,-9.715585012464109,-9.574770718555639
MAGI1,-7.552361986068548,-7.55795848948719,-7.897502718054955
MAGI1-AS1,-12.50755647239531,-12.4396203837196,-12.805972643127728
SLC25A26,-9.92225970084274,-10.069696666567646,-10.324592001137061
LRIG1,-10.152299714056939,-10.414201211081046,-9.976749511679069
KBTBD8,-11.686300371263833,-11.68888498603005,-11.520131482074584
SUCLG2,-9.16605639131924,-9.7268358603137,-9.208090317423089
SUCLG2-DT,-10.729513657079773,-10.981384892410299,-10.307796519836167
TAFA1,-12.119536994146461,-13.294208297168613,-11.986680316634141
TAFA4,-8.81155772797242,-8.82950413806788,-8.683628044462344
EOGT,-11.235826289385363,-11.401997508282502,-11.406219489551765
EOGT-DT,-13.008318668426005,-12.953714763839633,-13.001476141821946
TMF1,-9.561512027608806,-9.564881022011626,-9.650586379709841
UBA3,-9.476172651963022,-9.524237426667945,-9.522693569182998
ARL6IP5,-8.361013873016795,-8.458088534432303,-8.451955367423626
FRMD4B,-8.014421648352345,-8.22679017533425,-8.09970400642278
MITF,-8.098729822634166,-8.354163096204914,-8.058379815847251
FOXP1,-7.2396277082404765,-7.394787208101061,-7.506150832218326
FOXP1-IT1,-12.164361152247853,-12.478561829816508,-12.596343135705178
ENSG00000277855,-11.22419252563169,-11.35631277839448,-11.275002535271964
FOXP1-DT,-12.174670980910161,-12.326530070569587,-12.27459656546956
EIF4E3,-11.205384892454235,-11.823324448726325,-11.465257326169848
GPR27,-12.30767061663865,-12.691868850960832,-12.909223602421443
LINC00877,-12.51806158530215,-12.512125466196167,-13.18274362287527
RYBP,-9.235908787343428,-9.31179242679201,-9.343490462557853
SHQ1,-10.507148269740194,-10.56142640788146,-10.654413218982388
GXYLT2,-9.382896901463116,-9.572769012087937,-9.704412084450933
PPP4R2,-8.902452907305763,-8.952963520649638,-9.048238131842133
EBLN2,-12.284813187211153,-12.382244258974648,-12.298314599399971
PDZRN3,-7.7996478321713685,-7.937806202763518,-8.17065551333937
CNTN3,-12.132467447470987,-11.89270590349669,-12.269929350709873
FAM86DP,-11.487060405520582,-11.522735366680154,-11.487781636788572
LINC02018,-11.039105809414034,-10.768618942974058,-11.461960454456666
LINC00960,-12.173457906172,-12.513425193991102,-11.27960827724106
ZNF717,-11.006108179035653,-10.65588952209667,-10.27360763377601
ROBO2,-7.852165550733175,-7.921325866439301,-8.38747389160253
ROBO1,-8.57375119556353,-8.857128851134625,-8.889270204326667
GBE1,-8.669799424747866,-8.716123192385577,-9.17043724218358
ENSG00000287158,-11.844419154860033,-11.084944288208225,-11.678414864709817
CADM2,-11.826148347061665,-12.025131625052873,-12.255883251236884
CHMP2B,-9.89475358964909,-9.860246375128881,-9.860766786910922
CGGBP1,-9.159773576770831,-9.220808915999982,-9.236958845042217
ZNF654,-9.169817110063043,-9.282961115823511,-9.337600408505047
C3orf38,-10.141173136828657,-10.120960697294691,-10.27841084067741
EPHA3,-9.526748511340843,-10.178635743235512,-10.278242813190014
PROS1,-9.860686508306955,-9.9737931439632,-10.481469213277254
ARL13B,-10.26879431221528,-10.161224557406168,-10.423901130369801
DHFR2,-12.796358864488742,-12.544494259898425,-12.572470481599636
NSUN3,-10.425889801490793,-10.465313804051501,-10.571598097961525
EPHA6,-11.87863866286222,-11.945917340890734,-11.017833198048914
ARL6,-10.737600344129081,-10.766490033647452,-10.80129930948978
CRYBG3,-9.407714963891797,-9.531068480277261,-9.721286131745165
RIOX2,-10.970384722534154,-10.881926462662001,-11.09871827712073
CLDND1,-10.138163112575711,-10.171241479340463,-10.187592101344023
CPOX,-11.520903837387559,-11.792067351778137,-11.792938423717914
ST3GAL6-AS1,-11.546540140004153,-11.676633041498423,-12.042154561529918
ST3GAL6,-8.932432477208048,-9.095889240658513,-9.345207680821458
DCBLD2,-8.527822575425166,-8.575303911462013,-8.907420943194866
ENSG00000239462,-12.870342560350899,-12.641443274281846,-13.218867392486382
CMSS1,-8.905516222848448,-9.094061507098944,-9.140936382671352
FILIP1L,-10.696049244774892,-10.702913509013186,-11.343763820479476
TBC1D23,-10.122809341277156,-10.196053173380175,-10.228771939825526
NIT2,-10.059588654020947,-10.382586744282007,-10.364158950660686
TOMM70,-9.351912752995338,-9.49532556963147,-9.419681375329295
LNP1,-11.173403970599445,-11.093053763362592,-11.144531101594083
TMEM45A,-10.005178915287251,-10.362546920092113,-10.061312358574835
TFG,-8.985527731594967,-8.975075403428141,-9.064220573686514
IMPG2,-11.547836310437106,-11.691336800202194,-11.880332753061145
SENP7,-9.255987219731137,-9.364884814036413,-9.283268912834403
TRMT10C,-9.777376444368342,-9.841576040427562,-9.770372048593684
PCNP,-8.873345960808267,-8.953359595916815,-8.94313427227819
ZBTB11,-10.493672541264464,-10.482422337070624,-10.684309491287836
ZBTB11-AS1,-12.529682151086,-12.351556457872805,-12.668841323825017
RPL24,-6.559049828295117,-6.77148918956665,-6.651490657187141
CEP97,-10.272501390359023,-10.302754957107615,-10.398434073817764
NXPE3,-11.474077524827582,-11.415959362900955,-11.426662312274473
NFKBIZ,-10.491909890996746,-10.567931841149996,-10.055945459798668
ZPLD1,-12.580232523634583,-12.859405519746792,-12.879240084481903
ALCAM,-8.237948807794362,-8.421757908879096,-9.009067631294563
CBLB,-8.77016560689166,-8.703365717917665,-8.616956418750913
LINC00882,-11.260419624074972,-11.071611242149258,-11.503838163087678
DUBR,-10.94901837305022,-10.84814469859037,-11.030283280695583
CCDC54-AS1,-11.86979773246455,-11.493830916559865,-12.254632409157042
BBX,-8.055575534027907,-8.206286273444254,-8.2955968876708
CD47,-10.33711521399966,-10.383303749348514,-10.298431260904444
IFT57,-9.84614284997258,-9.93748260429834,-9.92349920919606
CIP2A,-10.713282325530287,-11.143120765269673,-11.137311232703524
DZIP3,-9.294552369650965,-9.209456526916089,-9.254676328598233
DPPA4,-12.86904573098374,-12.609416060532872,-12.247975185409853
NECTIN3-AS1,-11.489987368002911,-11.42163925844219,-11.742662722332579
NECTIN3,-9.11252672332567,-9.025785043955116,-9.377601987336375
PLCXD2,-12.85230870347203,-12.928761435243892,-12.930026091819826
PHLDB2,-10.259146671021778,-10.434037122104781,-10.54173339317301
ABHD10,-10.942688149609399,-11.086943810453478,-10.918671786049567
C3orf52,-10.718448574300131,-10.487824600659318,-10.520670282829812
SLC9C1,-12.515942832067212,-12.225152735168116,-11.990771327502342
ENSG00000239482,-10.707559548928385,-10.624906432250942,-10.190307665699065
CD200,-11.766038295750656,-11.968860334821683,-11.462239121683643
ATG3,-10.153128042028413,-10.272123362733026,-10.121809094747846
SLC35A5,-10.791466381623101,-10.91166143366042,-10.997532991049752
CCDC80,-9.668151792096824,-9.730411490330516,-9.589182171037095
GTPBP8,-10.040355003345509,-10.142767016143834,-10.24267765513139
NEPRO,-9.829812340397424,-9.82728240159692,-9.87107250678065
NEPRO-AS1,-10.543930706335024,-10.52225172714274,-11.114663015362767
BOC,-11.718659845688451,-11.501737210418462,-11.90401782380992
CFAP44,-10.105615832809043,-10.18837369738742,-10.402573931246419
SPICE1,-10.470882543759737,-10.500718936872069,-10.574638292261817
USF3,-10.31629289459628,-10.180089674246247,-10.390281398427126
NAA50,-9.265579533382105,-9.353193324373585,-9.318562994785806
ATP6V1A,-9.747742724244851,-9.842879486275294,-9.848132678004028
ZDHHC23,-11.89118762045056,-12.002628050417174,-11.796554175953371
CCDC191,-10.859527448555825,-10.845724128244157,-10.986356348609853
QTRT2,-10.927040449883819,-11.2038465208042,-11.080700399052906
ZBTB20,-8.180261261860423,-8.191129314478667,-7.989607029517741
ENSG00000242880,-12.559223593918148,-12.652733108154274,-11.809875368640505
GAP43,-12.581213708356449,-12.303633639378429,-12.245085278139799
LSAMP,-8.100948788884601,-7.551765737967017,-8.935654544386509
LINC03051,-9.22245959229139,-8.725012957339096,-10.216938887737184
IGSF11,-9.872083675031154,-10.84518444286666,-9.87816650451368
B4GALT4,-10.483698942223123,-10.512446178604304,-10.539472486043117
ARHGAP31,-8.592131296801437,-8.7641563017202,-8.740558059710306
TMEM39A,-10.471858186673247,-10.412911629776268,-10.5643881735517
POGLUT1,-10.244614023081414,-10.315606101543526,-10.390942751723697
TIMMDC1,-9.372050995229541,-9.423254239113351,-9.426424927845527
POPDC2,-9.158822032809333,-9.337306036238196,-9.42474047165409
ENSG00000289134,-11.732701743610411,-11.917809935335816,-12.187178547637192
COX17,-9.41093189814479,-9.356610204625197,-9.131293730413162
CFAP91,-12.672901362801776,-12.552962475652137,-12.088697005291706
GSK3B,-8.77136339521525,-8.742572500177067,-8.877479460368969
GSK3B-DT,-11.915254542990892,-11.84683674146373,-11.984004535523459
GPR156,-12.921613072664101,-13.235081756403543,-12.585171353020478
LRRC58,-10.122431643154219,-10.252029737469694,-10.121935777263332
FSTL1,-8.634170349726284,-8.854523794721795,-8.665403191360975
NDUFB4,-8.926922316784134,-8.946015142852335,-8.894840670651654
RABL3,-10.842002109676713,-10.717281491115008,-10.922970230568298
GTF2E1,-10.981990658404907,-10.957107150026532,-11.036318542940148
STXBP5L,-11.666892591994634,-11.764552774142599,-12.340073580067365
POLQ,-10.73496446722055,-11.441034278298142,-11.101330555944289
FBXO40,-11.701854781017062,-11.443301320396188,-11.336730142923887
GOLGB1,-7.870120066944836,-7.943755313149832,-8.068288023958846
IQCB1,-9.596591325886651,-9.694081482249551,-9.73128801147318
EAF2,-12.026020899961182,-12.026012742135418,-12.497501692898842
MIX23,-10.344684102439334,-10.601808399748883,-10.490560363865901
FAM162A,-8.514847388028025,-8.867641998870004,-8.112831377231396
WDR5B,-12.326037584799346,-12.44958084680762,-12.47854532293249
WDR5B-DT,-11.881045330797058,-11.897224357813013,-11.702274579548568
KPNA1,-9.261624171701481,-9.241849870518944,-9.393615176234182
PARP14,-11.906073727420038,-11.83337808726983,-12.069772996290396
HSPBAP1,-11.190051889071663,-11.242640654066733,-11.401670730026094
SLC49A4,-10.399024925352556,-10.501346515557701,-10.596246478813299
LINC02035,-12.879247023749995,-13.105944474789629,-12.932514646101207
PDIA5,-11.602235588758493,-11.834669670648761,-11.593238656605406
SEC22A,-10.320797204805357,-10.292030888390796,-10.411024654178624
ADCY5,-10.150291968128398,-10.017970999922412,-9.776805707132482
HACD2,-10.384459184614496,-10.24206083147836,-10.486717502475255
MYLK-AS1,-11.685999332647967,-11.46956183070875,-11.75125721103689
MYLK,-11.85780612576813,-11.376926979150543,-11.873500081247117
CCDC14,-9.010296918862505,-9.153853935510329,-9.123470381096128
KALRN,-9.615105666011344,-9.76879694707406,-9.897868104147303
UMPS,-10.544371582039123,-10.684103240486426,-10.484549153288445
ITGB5,-10.57659094311862,-10.638292006592506,-10.726401480083563
HEG1,-9.576659350818232,-9.427498414814641,-9.798788512009601
SLC12A8,-11.972591970198561,-11.635342010186925,-12.069178913061112
ZNF148,-8.444672964150602,-8.47913935459834,-8.570051810608032
SNX4,-9.47780052754333,-9.472747376419068,-9.52293366957346
OSBPL11,-10.040294168053133,-10.05593222815075,-10.071989854171022
ENSG00000284624,-11.851277224107697,-11.595284106652954,-11.964822292199672
LINC02614,-10.93360204071809,-10.68071545080918,-10.876152733387222
SLC41A3,-10.917740896870203,-11.126149662065295,-11.134834402212636
SLC41A3-AS1,-13.110571947774455,-12.991889978880854,-13.067962693581098
KLF15,-12.648799771845582,-12.917804738024259,-12.680690972940884
ZXDC,-9.830640026824707,-9.82029313344228,-9.909162527528514
TXNRD3,-10.492504156301457,-10.438564834531835,-10.262076405396757
CHCHD6,-10.028505250655853,-9.857440797979393,-9.685331142259011
PLXNA1,-11.06073402368728,-10.868700146769319,-11.234679314274844
TPRA1,-11.2859669177377,-11.400799259715333,-11.530499425397563
MCM2,-11.193715545421227,-11.946748898295796,-11.656967383516527
PODXL2,-11.91288185955021,-12.054628469401871,-12.283841423196924
ABTB1,-12.442637540486919,-12.57941202736623,-12.791005405904832
MGLL,-12.297400259626118,-12.215887707277464,-12.336356054029576
SEC61A1,-10.422114790933035,-10.482667000059461,-10.50818917230809
RUVBL1,-9.588304064592682,-9.7250489654135,-9.67542497841809
EEFSEC,-10.084037856508187,-10.172078051369754,-10.218152450196923
GATA2-AS1,-12.461087267454007,-12.52030243492983,-12.805620610839481
RPN1,-9.630555121178622,-9.645074688829022,-9.815277449642885
RAB7A,-8.966587363102626,-8.979970538149525,-8.999184595883055
ACAD9-DT,-12.720578623829823,-12.91595067416896,-12.731479961847365
ACAD9,-10.265436436717392,-10.34850688531895,-10.403698885885037
CFAP92,-12.288832185967948,-12.674076026855595,-12.665301645178028
RAB43,-12.493675579153464,-12.430314330310177,-12.415078156605057
ISY1,-10.310675427868265,-10.447490452319869,-10.400353801457628
CNBP,-8.308101213470321,-8.458639178252206,-8.351310620571871
ENSG00000289469,-12.257787400105498,-12.18346006409099,-12.304999956701664
COPG1,-10.563662976432916,-10.664439848203525,-10.744122276749824
HMCES,-10.367924075868055,-10.298156273656073,-10.533150295063304
H1-10,-8.673072685385973,-8.883860362455884,-8.77624023115714
ENSG00000290993,-10.69594297355277,-10.600854297548947,-10.815645169103938
IFT122,-10.838786539914123,-10.77887327070651,-10.977649054898047
MBD4,-10.18724425588408,-10.10777885765109,-10.108627170332992
PLXND1,-13.01415831355238,-12.990216490526338,-12.527441577637344
TMCC1,-8.726368837558509,-8.785719266392537,-8.865375076561126
TMCC1-DT,-11.797127473845995,-11.709086184371179,-11.553055674962419
ENSG00000250643,-13.04003940454592,-13.089713897414402,-13.092192911925814
TRH,-9.868367432730446,-10.031287691416946,-9.147615610156647
ALG1L2,-12.438020126289922,-12.731948201794975,-12.55674041617109
ENSG00000291081,-12.174429012215509,-12.20751111742089,-12.218446948574021
LINC02021,-12.064556142702148,-11.58158726153167,-11.723527518943937
PIK3R4,-10.404029130044187,-10.477286425201275,-10.512999059005981
ATP2C1,-9.398567439201116,-9.394455596393097,-9.533384858663283
ASTE1,-12.180277351969693,-12.592952162092713,-12.140350550772887
NEK11,-11.389959395854845,-11.294106746147646,-10.9735504494037
NUDT16-DT,-11.955397338462555,-11.795296938930742,-11.72403526600102
NUDT16,-10.747335174291013,-10.746609433212646,-10.658069475380483
MRPL3,-9.278954517267533,-9.39129381075517,-9.324570020784433
CPNE4,-10.182771467462048,-9.719430422833165,-8.941843112746641
ACP3,-11.168932107462252,-11.23305830928903,-10.601539402640368
DNAJC13,-9.232602187481866,-9.152191519865262,-9.47278793100044
ACAD11,-10.386202136065066,-10.39715915076853,-10.448342969245626
UBA5,-9.877498745013133,-9.960380407113064,-9.966098979078247
NPHP3,-9.57081791363828,-9.645933606812031,-9.713714238198351
TMEM108,-12.243128823509783,-12.106013014438156,-12.131224164381003
CDV3,-8.912433122424709,-8.920982418936818,-8.987255729394738
TOPBP1,-9.641150446177276,-9.858002363670716,-9.78918168701137
ENSG00000291042,-12.420880890922732,-12.223863518052717,-12.606898557110746
SRPRB,-10.87285115865786,-11.001660722407571,-11.051208245951184
RAB6B,-12.167501767931087,-12.222024687700602,-12.035898892564964
SLCO2A1,-12.21604983110423,-13.250383996658481,-12.218530688912796
RYK,-8.70557628092894,-8.559719332818045,-8.69061946919153
AMOTL2,-10.750390022710313,-10.640046292253135,-11.18727034950492
ANAPC13,-9.568438106048898,-9.772419365652015,-9.900772735414025
CEP63,-10.706870388388023,-10.882663257610526,-10.884991999124503
ENSG00000288700,-11.193853281889396,-10.989851123489919,-11.278888158146945
EPHB1,-12.861120843361691,-12.127324708796445,-12.775561594988208
PPP2R3A,-7.999017750375408,-7.932628490056308,-8.104915370843761
MSL2,-10.546058408813463,-10.499679602142672,-10.664890775393262
PCCB,-10.05631259236202,-10.00731302638578,-10.178873196630352
STAG1,-8.133906339145387,-8.161120166566416,-8.270986350309952
NCK1-DT,-11.371404062390091,-11.20220513461892,-11.405477578571688
NCK1,-10.005570979628223,-9.923240042776623,-10.0298335024419
IL20RB,-12.704902736487746,-12.652206120126452,-12.721983011064246
DZIP1L,-10.344893825474523,-10.390944902217711,-10.415303229946918
DBR1,-11.588531174229557,-11.833842853630518,-11.752632336137523
ARMC8,-9.27943196592853,-9.349125415808118,-9.368284234568478
NME9,-11.974027015049616,-11.907235107297645,-12.275797195815265
MRAS,-9.572800549447747,-9.398191500788393,-9.757361479255893
CEP70,-10.089038049871492,-10.141575753906883,-10.013714420646338
FAIM,-11.216012281457523,-11.195845979958413,-11.40920802114259
PIK3CB,-9.947664981353197,-9.84161799335066,-10.129445660863329
MRPS22,-9.833794057996808,-9.926520368733657,-9.883894421984373
COPB2,-9.01669851137163,-9.057402280218469,-9.068501076467825
COPB2-DT,-9.288609336255822,-9.703939808159735,-9.238703118771017
RBP1,-9.510478410038187,-9.473480520158567,-9.096212809416452
NMNAT3,-10.874207721524227,-11.335625703662533,-10.629444942202095
CLSTN2,-10.12699477599238,-9.566669250792014,-8.656534173967557
SLC25A36,-8.601021701930176,-8.740441347455743,-8.69765340945776
SPSB4,-9.91727845520711,-10.050264185847968,-9.939702824061554
PXYLP1,-10.903558983437573,-10.878923497990396,-10.825131661239388
ZBTB38,-10.441030647151008,-10.349451395122696,-10.413012810688318
RASA2,-9.308558862598108,-9.363691042161932,-9.409119850331024
RNF7,-8.678448446109334,-8.798980875625203,-8.710325823994765
ATP1B3,-9.562842735506068,-9.632973057976054,-9.5271262698464
TFDP2,-8.650480697771037,-8.69916727701383,-8.983393864400092
GK5,-10.900489457954087,-10.823910924430422,-10.940638392954833
XRN1,-8.758136212229743,-8.753513587521123,-8.91769701415489
ATR,-9.598096458646156,-9.606945342137553,-9.825346470409158
PLS1,-11.08526027609533,-11.050985579748012,-11.329388552814626
ENSG00000287045,-11.845027794090967,-11.662318656850818,-12.127256107913068
TRPC1,-9.289401573720697,-9.213241842667212,-9.287840440653001
PCOLCE2,-11.687977757980946,-11.883240837654311,-12.136509688462812
U2SURP,-8.668837801956874,-8.751276922124934,-8.674919844585101
ENSG00000268129,-12.874866812848342,-13.048575551356032,-12.847405444047565
SLC9A9,-10.791945634030572,-11.422846870843271,-11.611188294318639
DIPK2A,-9.537034218922187,-9.586097305203655,-9.67468355248714
ENSG00000289986,-12.239896117520386,-11.712612007513503,-12.166824786834836
PLOD2,-8.077800600823817,-8.469456190724618,-7.943766998367736
ENSG00000243415,-12.685589289821355,-13.077169667962828,-12.466466337021622
PLSCR4,-10.882729628481822,-11.20844338477456,-11.707996510026026
PLSCR1,-10.847211126204558,-11.43952272514623,-11.06188501812767
PLSCR5,-10.633549455501592,-11.348632425997849,-11.612728423330584
GYG1,-9.704318373644991,-9.889200616888026,-10.510381775942285
HLTF,-8.832783998345418,-8.822201718723923,-8.85172740776777
HPS3,-11.171315411106233,-11.07490615871965,-11.23294341810639
WWTR1,-8.474727946511678,-8.606755262355245,-8.488741264291178
COMMD2,-9.762075505474593,-9.822760695805632,-9.776336950795855
ANKUB1,-11.0526532683381,-10.937330647213825,-11.001900732091167
RNF13,-9.61248300055071,-9.657846371628557,-9.81324822654572
PFN2,-9.633575304590648,-9.760068442140224,-9.79990247795592
TSC22D2,-8.79543516823336,-9.008579672505476,-8.962289058744878
SERP1,-9.40851926284295,-9.525177401183623,-9.338652292687593
EIF2A,-9.220252100612875,-9.292960382267397,-9.438589388709882
SELENOT,-9.501963381791231,-9.528848155226381,-9.600289210524915
ERICH6-AS1,-12.447151585854874,-12.443906288833878,-12.498502786484043
SIAH2,-11.167073734384763,-11.143526180775712,-11.09172841984164
MED12L,-9.453032359251806,-9.514972673060857,-10.215574393056736
MBNL1,-8.375870445416666,-8.51176684938874,-8.582951909883443
P2RY1,-11.991828485530247,-11.84854204630694,-12.337967855994815
RAP2B,-10.97659236770071,-11.273176854105849,-11.16794448969798
ARHGEF26-AS1,-12.688506529991155,-13.214550672872456,-12.727016048096713
ARHGEF26,-11.275789183291554,-11.534104497313871,-11.204735817494472
DHX36,-8.720749621455713,-8.769990153995067,-8.749805013590025
PLCH1,-11.642978083925293,-11.93671392438145,-11.487964302575675
C3orf33,-11.314117009293764,-11.37646675341807,-11.541189164493838
SLC33A1,-10.56655862434106,-10.639700769424188,-10.579168000615303
GMPS,-9.283045707731315,-9.441087976049639,-9.385126737210403
ENSG00000287916,-12.81788752729449,-12.812909981499256,-12.991110624477864
SSR3,-8.300837609862825,-8.37964676065678,-8.473609566744525
TIPARP-AS1,-13.058104084334806,-13.185326743194198,-12.877142221295646
TIPARP,-9.225091962990971,-9.355272572915256,-9.001671396716649
LINC00886,-12.555685448881666,-12.181983698374532,-12.689362197990285
LEKR1,-11.923265060378435,-11.847805045580309,-11.794613879100881
LINC00880,-13.164067972561202,-12.84113039197728,-12.303713131815073
LINC00881,-10.588735491394132,-11.348916247611236,-9.975939409837183
CCNL1,-9.305706390391093,-9.241597375762758,-9.273253989455442
ENSG00000243176,-12.176864178206458,-12.238764679643317,-11.477507890841995
VEPH1,-12.067308167577966,-12.338601445632696,-12.496522526350782
RSRC1,-9.161679269873092,-9.235294684258681,-9.228851511795757
MLF1,-9.570920996658646,-8.587506521661162,-8.659410285099126
GFM1,-9.772503686934801,-9.7704611204835,-9.958129594283598
LXN,-11.558164106834507,-11.653312483974744,-11.230017789383217
MFSD1,-10.582795799159108,-10.378572368564628,-10.813177387304258
IQCJ,-11.391560397752396,-10.90978996489676,-11.154468927401169
SCHIP1,-9.598987280930675,-9.626502312972871,-9.639218821113543
IFT80,-9.606985102066753,-9.649603885214198,-9.800175061328485
SMC4,-8.925857277411852,-9.300560368225035,-9.273618096020659
TRIM59,-10.662233895476756,-10.926620961945307,-10.929239204310212
KPNA4,-8.881245641595529,-8.871367069943085,-8.984797885077787
PPM1L,-9.738730123516618,-9.767662184759896,-9.718545292101851
B3GALNT1,-12.180331360517918,-11.840828831923636,-11.591217448933026
NMD3,-9.889989517604056,-9.917435476769928,-9.739170063070446
BCHE,-11.564100241829223,-10.963135855065318,-10.991575473226456
ZBBX,-11.777168070704695,-11.891858135846226,-11.352632499299819
WDR49,-12.85103658195781,-13.061530146956056,-13.159927154538709
PDCD10,-9.468308926377082,-9.471609466328639,-9.458741047374078
SERPINI1,-10.175049500062393,-10.608463410178807,-10.704012872368398
GOLIM4,-8.793101708740231,-8.67011729903473,-8.843633888392375
ENSG00000286994,-13.236901925921305,-13.110420098158254,-12.870972414312641
LINC02082,-9.965439510373182,-10.58006827831034,-10.34591269491167
MECOM,-8.785497179216499,-8.373655268905082,-10.008576654111174
MYNN,-10.764960083817416,-10.775159498538912,-10.807040492004553
LRRC34,-13.005563475246863,-12.67702213392993,-12.629775611949743
SEC62,-8.584982560405466,-8.5890344780197,-8.632543312632643
PHC3,-9.21380939487868,-9.202153582067229,-9.311320015525238
PRKCI,-9.568434874079696,-9.520255280878782,-9.639401969282646
SKIL,-9.12157444796111,-8.987830958766798,-9.28222771237846
RPL22L1,-9.259311369636274,-9.716232531608808,-9.195682816290732
EIF5A2,-12.428545472788317,-12.704250550675553,-12.102243321870008
TNIK,-7.930678148558144,-8.178559118400475,-8.368181890131837
ENSG00000240497,-10.904575902048071,-11.223924318498346,-11.423896469354752
PLD1,-9.732193593194447,-9.410597451599852,-9.93296728073644
FNDC3B,-7.898650218491423,-7.763665988791361,-8.281792900777926
NCEH1,-11.546599628843005,-11.399137390197948,-11.08205304582923
ECT2,-10.19061118813701,-10.642375848130309,-10.508726637457471
NLGN1,-8.76060397988075,-8.946242463836578,-9.184846036853797
NAALADL2,-9.398055230206857,-9.229106456506587,-9.63189190814035
TBL1XR1,-8.284166082063885,-8.37849301919306,-8.537293219486996
KCNMB2,-12.798149258487047,-12.558301123856522,-12.248514570969407
KCNMB2-AS1,-11.363383567838849,-11.041948865636368,-10.199587959430135
ZMAT3,-10.029655462499974,-10.369263958015434,-10.360440106855874
PIK3CA,-9.160588406289541,-9.168882086292975,-9.41926068101508
KCNMB3,-11.60532003416622,-11.49366882988803,-11.284662417793466
ZNF639,-10.064983025136828,-10.149046858268363,-10.15291352738088
MFN1,-9.763519085809337,-9.833434709771016,-9.79711395591889
ENSG00000289574,-12.584123498748006,-12.51000303359016,-12.820438403803218
GNB4,-9.529397432117129,-9.640411610898978,-9.875496349491703
ACTL6A,-10.073592593376562,-10.411240002721287,-10.365214798349289
MRPL47,-9.35522048619879,-9.510132537451591,-9.527056210674104
NDUFB5,-8.620008682690367,-8.731140941551525,-8.667772629158714
USP13,-9.35366417271888,-9.290751885527595,-9.675294475837397
PEX5L,-12.29975688783022,-12.380912870343886,-12.163161241607392
TTC14,-9.270983995996808,-9.30283880729051,-9.432174230897889
FXR1,-7.923144226272296,-7.980279337185851,-8.022474817441772
DNAJC19,-9.656694058869725,-9.717478739473385,-9.640100600561235
SOX2-OT,-11.530428431867334,-11.392992703876288,-11.445204791145622
ATP11B,-9.29042598475671,-9.359875055484766,-9.40996042309023
DCUN1D1,-9.62032740116127,-9.594157799189613,-9.694496664841683
MCCC1,-9.980152781560822,-9.99671998424256,-10.13169443979235
MCF2L2,-9.893409799485521,-9.985744562273094,-10.147198261563286
B3GNT5,-12.093422035354159,-12.370916237909853,-12.20021496774946
LINC00888,-10.021003816284471,-10.181437274132797,-10.075781018416565
KLHL24,-8.758992410806352,-8.852892439215527,-9.106911667400286
YEATS2,-9.45002654745224,-9.497932030411128,-9.640230803445807
PARL,-9.982767433365531,-10.082544247803458,-10.033225342104462
ABCC5,-9.54002678051532,-9.570458578772191,-9.62689098770721
EIF2B5,-10.663245371501098,-10.840316289707731,-10.880549287299297
DVL3,-9.962194958563396,-10.061909309956405,-10.195420946118578
AP2M1,-9.251450869302067,-9.33286325359948,-9.386850614861997
ABCF3,-11.522471563586553,-11.628233060806815,-11.568183049669464
ALG3,-11.431848984352806,-11.490460820846707,-11.58464032620799
EEF1AKMT4,-12.52661381489105,-12.828206420546383,-12.522617276206063
PSMD2,-9.349351803508386,-9.425374978691863,-9.53262508738144
EIF4G1,-9.126517078701996,-9.225463961222607,-9.338124173095293
FAM131A,-12.325773890379265,-12.312328526076373,-12.554809445989855
CLCN2,-12.753414824246102,-12.751763022185937,-12.989721268312326
POLR2H,-10.034159066394706,-10.375250294097707,-10.163980210387153
EPHB3,-10.551635037603381,-10.768148265632961,-10.762861709774889
MAGEF1,-9.104438059922979,-9.410845583827907,-9.26577270449583
ENSG00000272970,-10.792390486155746,-10.590058437692598,-10.90233707723157
VPS8,-9.029996107695467,-9.189913691280719,-9.219345620657567
C3orf70,-12.736945123050912,-12.4343342211778,-13.217174567908184
EHHADH,-12.955156871900439,-12.020894186065492,-11.947284015700694
MAP3K13,-10.197503154574852,-9.547992684215991,-9.583353141774504
TMEM41A,-10.154087983175357,-9.947385224056202,-10.142655761424866
SENP2,-9.826178076385244,-9.86229414944051,-10.010844575994756
IGF2BP2,-7.713714789731904,-7.711464195029138,-7.7712790621353
TRA2B,-8.965395747535593,-8.990234482347185,-8.896527251670584
ETV5,-10.534657730478449,-10.595158622041312,-11.267279069431693
TBCCD1,-12.219496994738945,-12.141075020503534,-11.987620740514458
DNAJB11,-9.755479640548247,-9.760734709212715,-9.892095265339176
AHSG,-12.27604697867352,-12.595981465679296,-12.807890969853784
EIF4A2,-7.833300793502433,-7.873047145765199,-7.997372843844387
RFC4,-10.819010318825063,-10.972502096875708,-10.918318076584262
ST6GAL1,-9.432836544665268,-9.359307146905754,-9.415962872462838
RPL39L,-11.131276626012347,-11.182352584533087,-11.098841727277286
MASP1,-8.903312513997564,-9.049059877421657,-9.209005797896015
ENSG00000283175,-13.054819120536814,-12.997651559048213,-12.924419714078917
BCL6,-11.849159878630468,-11.651898505232717,-11.937064190003415
LPP-AS2,-13.017774782712994,-13.015897063715952,-12.940959177960245
LPP,-7.729173720679713,-7.709508229281671,-7.867414328422243
TPRG1,-12.179774571642948,-11.993206168954293,-12.215894885897086
P3H2,-8.938833517067817,-8.850291972108492,-9.744306897076262
P3H2-AS1,-11.619777416811562,-11.35981685988307,-12.373242785884234
IL1RAP,-11.06561979926402,-10.882725654054006,-11.55857498445609
CCDC50,-9.28758106834034,-9.317038667411138,-9.46407554116769
FGF12,-8.299990871619768,-9.121617592927393,-8.180949138174268
ENSG00000289165,-11.698329170255967,-12.76317632485967,-11.896889116537503
MB21D2,-10.599404224172563,-10.779300723806745,-10.793859755452235
PLAAT1,-11.434735937323188,-10.222866390147137,-10.163457818320847
OPA1,-9.200728588998018,-9.183819543312229,-9.069751903463612
HES1,-9.70948853079338,-9.463542615169885,-10.026800829986316
ATP13A3,-8.621694061885359,-8.473840193237205,-8.484103368236461
ATP13A3-DT,-12.277112756233405,-11.864876817601596,-11.376246744119436
TMEM44-AS1,-11.71706499101346,-11.70601984393913,-11.727339531728509
TMEM44,-11.630983569837934,-11.595153371417195,-11.744531599562597
LSG1,-10.414647559470806,-10.473511833372921,-10.404621236792947
XXYLT1,-9.882265625120047,-9.946053118189482,-10.002785159388113
ACAP2,-8.994664290773514,-8.982443062148048,-8.980661976484207
PPP1R2,-9.256254624211461,-9.349174845261924,-9.277194949289866
MUC20,-12.16324051032994,-11.505650538455544,-12.339033704082498
TNK2,-11.190518941585488,-11.392753915336739,-11.222415983061323
ENSG00000290762,-11.766132392076605,-11.806505023000536,-11.949613029956517
SDHAP1,-10.593405929842477,-10.623479989413635,-10.78695761068523
TFRC,-9.914530059892371,-9.912979477227125,-10.191689190525407
PCYT1A,-9.933925943677279,-9.949494039990732,-9.978579399343454
DYNLT2B,-9.825160107652152,-9.912811410440481,-10.037733750518676
UBXN7,-9.421862572516241,-9.521379694726788,-9.622908882724293
RNF168,-10.230021173350005,-10.156368714773595,-10.382814068269408
WDR53,-11.914531241237585,-12.097531572569782,-12.022885091126051
FBXO45,-10.945431783156904,-10.888661969459253,-10.959637644299603
PIGX,-10.461920858416006,-10.328409790035769,-10.462814157880883
CEP19,-11.951309227363161,-11.901639003865592,-12.052050202252971
PAK2,-8.59960201857281,-8.73393486704379,-8.769822589926132
SENP5,-9.297274467199653,-9.343505406785635,-9.381222372966384
ENSG00000230732,-12.533125320351324,-12.486382250104871,-12.501877786124904
NCBP2,-9.61288158875694,-9.68069861311752,-9.689780206634863
NCBP2AS2,-10.266073088527332,-10.364341172754834,-10.239294807379673
MELTF-AS1,-13.0317118997158,-13.101663410232133,-13.139790030578705
DLG1,-8.391012870519994,-8.418940318362809,-8.532324190492304
ENSG00000289396,-12.453622509109529,-12.430267136944602,-12.63372035156531
BDH1,-11.620454629208947,-11.694375456448103,-11.502825664028093
SDHAP4,-10.367981127587482,-10.000182684054419,-9.96068342129124
RUBCN,-11.128043221535792,-11.16486131517033,-11.390165254091778
FYTTD1,-9.294694211442808,-9.346860754232535,-9.395925082656877
LRCH3,-9.210308322827292,-9.15339065174995,-9.266937166613182
IQCG,-11.301729515369306,-11.11222214242744,-11.301420021221343
RPL35A,-6.66066943753765,-6.868030285065128,-6.74127263605749
LMLN,-11.301804251375302,-11.13053241482135,-11.322602619785979
ZNF595,-11.875089811254597,-11.124468514821805,-11.40856145887216
ZNF718,-9.941540682993042,-9.932830854797247,-10.16593883336906
ZNF876P,-11.82274655236254,-11.734495016283848,-11.966830876933152
ZNF141,-9.785828022995034,-9.85148191518324,-10.059503654765418
ZNF721,-9.413505295219277,-9.360101592880346,-9.498761308559544
PIGG,-10.855964126194834,-10.832752728962804,-10.979582718131896
PDE6B,-11.765727292660042,-12.045251453046363,-11.671644084568555
ENSG00000272927,-13.267001615839888,-12.986033674138213,-12.906313032330509
ATP5ME,-8.658194130746477,-8.758515367294267,-8.661560786437954
MYL5,-11.525199723395358,-11.79811527636362,-11.995942892554915
PCGF3,-10.548542356986205,-10.702358532505375,-10.763977593209624
PCGF3-AS1,-10.222283300293446,-10.117328263188798,-10.247288287339043
GAK,-10.524303030143768,-10.49041065083348,-10.586329858505746
TMEM175,-11.941212812935484,-12.061933207899408,-12.316087843070786
DGKQ,-13.157807146979996,-13.099669008200076,-13.154832217607082
IDUA,-12.518975720320963,-12.40223166538161,-13.107725087974348
FGFRL1,-12.399731057332321,-12.499555497139168,-12.416355869846145
ENSG00000251652,-13.135908430457135,-12.520467559607557,-12.197094168919492
CTBP1,-10.30636030157747,-10.359365857020087,-10.412158676894611
CTBP1-DT,-11.57576045284155,-11.454008101853676,-11.392823936759138
MAEA,-10.17712564542614,-10.301232778702527,-10.312761452947509
UVSSA,-11.304805161741482,-11.455930035271768,-11.512043593742657
FAM53A,-13.135823116725538,-13.111090769611092,-13.147546202278315
SLBP,-9.84265018377002,-9.971879153124274,-9.970649325231932
TACC3,-10.890778630527972,-11.26781709013221,-11.358831105213131
TMEM129,-11.176147004225616,-11.217749984748078,-11.256633853312417
FGFR3,-12.134197067115817,-12.117150886437006,-12.759472283527337
LETM1,-11.059109902986885,-11.130319330692648,-11.196722002936106
NSD2,-8.898658003640934,-9.04137305067739,-9.10924947868983
NELFA,-10.091160777168566,-10.05487400626042,-10.445101288753875
C4orf48,-9.38357998194506,-9.31868059534423,-9.630953400736818
NAT8L,-12.333443952230867,-12.46483397797752,-12.686446514716812
POLN,-10.95264230775841,-11.134530164428252,-10.994126147051404
HAUS3,-11.14616131459625,-11.241889558250524,-11.116643227330728
MXD4,-10.324576988521073,-10.733906253094606,-10.714539178218509
ZFYVE28,-12.6611047295895,-12.66813399739166,-12.899120075923378
RNF4,-10.116301820951039,-10.2454424057366,-10.138475777688289
FAM193A,-9.29643217250896,-9.287730513108343,-9.466818745671656
TNIP2,-10.777146270131876,-10.916032417385415,-10.983036028500186
SH3BP2,-11.825765505008238,-12.090236923533002,-12.079460474790487
ADD1,-8.636372289030446,-8.65346021341541,-8.918603261798506
MFSD10,-10.490667325146834,-10.435827222610001,-10.78131685934619
NOP14-AS1,-12.11201257222042,-12.122903926409213,-12.19073058356896
NOP14,-9.971165186284052,-10.207183439552523,-10.161907029687926
GRK4,-10.316211188405267,-10.259305750651533,-10.428301090651836
HTT,-9.585530689696432,-9.50119431953481,-9.81143122828758
RGS12,-9.935047164337695,-9.92219251946242,-10.042266894876573
LRPAP1,-9.525083738970809,-9.563222544814339,-9.611200281133879
FAM86EP,-12.533913392748724,-12.478636783298425,-12.328671284666123
ENSG00000290888,-11.439942712473933,-11.247498197432163,-12.105554224572227
TMEM128,-10.912264347892933,-11.0734037388656,-11.014982825923635
LYAR,-10.23433609706778,-10.625436529961092,-10.821234178137876
ZBTB49,-11.800894519606702,-11.887292594251424,-12.04693742177815
NSG1,-12.236072886451927,-12.499564260514427,-12.538552629986581
STX18,-9.970842003897587,-10.015626111841437,-9.9844877208469
STX18-AS1,-9.782156875619215,-9.753888724794061,-9.63322589207192
MSX1,-11.212476981620458,-11.365915323762103,-12.358586122524235
EVC2,-12.051228326014838,-11.91166913639254,-11.843588464573113
EVC,-11.089582438303548,-11.014776809506406,-11.10912887179476
CRMP1,-10.462004411915267,-10.943147597943746,-11.411983380516558
WFS1,-12.447805471748872,-12.184189381788531,-12.488089376753422
MRFAP1,-8.832289224139753,-8.966844155122072,-8.865738804828785
LINC02482,-12.51054436165217,-12.190489264789406,-11.861943528129444
ENSG00000170846,-11.95614725224684,-11.872682771918765,-11.582067989146314
MRFAP1L1,-9.893710377244082,-9.927145878250968,-9.858285646304495
BLOC1S4,-10.454557745494398,-10.483509788458319,-10.44812004805726
KIAA0232,-8.864517038085054,-8.79426459634813,-8.83606358558443
TBC1D14,-10.366977570127046,-10.454632512649825,-10.585725847469842
ENSG00000287104,-12.168663635249558,-12.522207448171333,-12.43745253963656
TADA2B,-11.058606941569108,-11.06925992477873,-11.200679078525907
GRPEL1,-10.077323671553785,-10.42037562950217,-10.312358981126915
SORCS2,-11.183316774766928,-11.620174906551288,-11.96560408943062
AFAP1,-9.993601232598827,-10.085461803838985,-9.956704384102009
ABLIM2,-12.427038200835755,-12.498462958708615,-12.66296985220356
ACOX3,-10.965621079799913,-10.792932174164546,-11.028490913952588
TRMT44,-11.295496944813754,-11.154550081170472,-11.45784635189115
ENSG00000288075,-12.396847204453302,-9.745462145188823,-9.65782843797133
ENSG00000287117,-11.518421511308619,-11.18409606527959,-11.973065583467735
WDR1,-9.45054044992816,-9.472853445624294,-9.58391596178456
ZNF518B,-10.680768374224563,-10.397968300674297,-10.336870254676652
ENSG00000250371,-12.90837072246218,-12.953417646608527,-13.184599083596497
RAB28,-9.289569804838221,-9.319519461450817,-9.322112492031385
BOD1L1,-8.524791683892579,-8.601255595579971,-8.681351120935863
LINC01182,-11.396098776069694,-11.73537084439445,-11.855586649693823
LINC00504,-13.083027097621008,-12.297042709180102,-12.619055291439969
CPEB2-DT,-12.806284509072396,-12.208948891554613,-12.411637130039496
CPEB2,-9.335559180467495,-8.961400184105136,-9.546067891176016
C1QTNF7-AS1,-11.097768645893481,-9.942807132650636,-9.912616333973133
CC2D2A,-9.858546228736174,-10.222974655779984,-9.88491691129386
FBXL5,-9.20798150010992,-9.324771551947453,-9.24002547913567
FAM200B,-10.168018503925369,-10.21664322817199,-10.056373587445249
PROM1,-10.913125085994144,-11.016460356501803,-11.084793926511551
TAPT1,-10.210117025987614,-10.204806070891182,-10.229095522556676
TAPT1-AS1,-9.877743179491302,-10.037209708182743,-9.959325840094627
LDB2,-10.453527327457737,-10.892278873205195,-10.229584631611102
QDPR,-9.932600772913023,-10.103961693491856,-10.153146086928142
LAP3,-9.909653372075988,-9.878656055300382,-9.958515632914837
MED28,-9.73673614726703,-9.872245026121941,-9.921219042923473
FAM184B,-13.007487411368519,-12.739996958529764,-12.940459055397588
DCAF16,-10.037773002289883,-10.149313675774573,-10.245165773318684
NCAPG,-10.523861719947845,-11.115272102624267,-10.96934779967784
LCORL,-8.507153447989623,-8.522334195582898,-8.632170491635215
SLIT2,-6.739351966582158,-6.948209542726211,-6.660499052518805
PACRGL,-10.424778057886646,-10.372756556645982,-10.497585571306804
KCNIP4,-6.851398914684442,-7.054759895107958,-7.1174817141500055
ENSG00000250243,-11.752832519777165,-11.857240566368336,-11.927359952515497
ENSG00000286318,-11.715137270101541,-12.020449783442093,-12.03892276559149
KCNIP4-IT1,-13.030745413585588,-12.749011245663924,-12.816783543830786
ADGRA3,-9.095618972489042,-9.025441319499288,-9.150733137093056
PPARGC1A,-9.154119601277728,-9.152722470536487,-9.206149615169462
ENSG00000289201,-13.013670967744213,-13.01143132134115,-12.826591343649948
DHX15,-9.152747614265015,-9.262760447667947,-9.26308001330612
SOD3,-11.954770364307851,-12.141753689596516,-11.968678588472715
CCDC149,-11.105227933765066,-11.043417007474272,-11.482912029781037
LGI2,-10.539491211051901,-10.416266658275022,-11.710431564249882
SEPSECS,-11.137308233825808,-11.271142482512492,-11.497633541993133
SEPSECS-AS1,-12.593099857104503,-13.206428021078032,-12.789397630652505
PI4K2B,-10.61342688017926,-10.789060826198234,-10.92046369746973
ZCCHC4,-11.105207728343599,-10.963743957274055,-11.367083665631665
ANAPC4,-10.015896236827246,-10.036605925285398,-10.059964489896219
SEL1L3,-11.41241489081726,-11.337297872986605,-11.904186956193767
SMIM20,-10.151569031660385,-10.132219113192683,-10.152012242972962
RBPJ,-8.867322247959175,-8.977215631365135,-8.934763939971875
TBC1D19,-9.927228284641021,-9.881292725007857,-10.013182539583896
STIM2,-9.686522268286074,-9.716950812152792,-9.960076681841304
PCDH7,-6.277472012903054,-6.302339454567913,-7.07941050907261
ENSG00000249678,-12.140300577944688,-11.981415258641086,-12.702099775306417
ARAP2,-11.017947322884519,-11.955800767915182,-11.802066665730909
C4orf19,-12.542279938090996,-12.942447100216981,-13.06088172811239
RELL1,-11.55558801251877,-11.198851872122642,-11.745697497300686
PGM2,-10.914808127005779,-11.138678229321675,-10.930845260251695
TBC1D1,-9.769303013026335,-10.060558284019876,-9.986697012035746
KLF3-AS1,-11.043095609099906,-11.212378125160923,-11.346678232395169
KLF3,-10.134864643222038,-10.233061668424629,-10.22097288081094
FAM114A1,-10.521170789043582,-10.499788054634433,-10.298414484437862
KLHL5,-9.5357506120032,-9.569168898649014,-9.772147935734036
ENSG00000249207,-12.480055106385453,-12.291258102191696,-12.453598088395648
WDR19,-10.25959942972377,-10.213213107132807,-10.402277431029571
RFC1,-9.128417686889188,-9.304176151404103,-9.209128271234258
RPL9,-6.380826281642655,-6.55011597540849,-6.46227378386378
LIAS,-10.762833397520408,-10.853658485874389,-10.861780081149357
UGDH,-10.523091755999328,-10.567947570120308,-10.476335501787696
UGDH-AS1,-11.107674123399875,-10.987030712075073,-11.068716232517541
SMIM14,-10.084442691742037,-9.986381580352012,-10.382958511916181
UBE2K,-8.506089182627706,-8.549311343006393,-8.657528662434437
PDS5A,-8.912605501605839,-8.9541297859261,-9.0390709797586
N4BP2,-9.047071768428344,-9.12203947773438,-9.185914370092934
ENSG00000260296,-13.035644765518658,-12.725083968853319,-12.831997012577572
RBM47,-11.912275995048471,-12.041307908884558,-11.724037904336782
NSUN7,-10.974928358537765,-10.92149489667931,-10.661436500568353
APBB2,-10.159375836149444,-10.094484916033112,-10.383723687798994
UCHL1,-11.088616939842625,-10.78709389182496,-11.097969791430542
LIMCH1,-11.623195300670425,-10.724141356717213,-11.621941093234351
TMEM33,-10.05763980677016,-10.149029989267929,-10.113645003869978
SLC30A9,-9.0896231161906,-9.092993933354391,-9.159170093880771
ATP8A1,-9.67292387281547,-9.469808432089348,-10.128791154073447
KCTD8,-11.86456178188789,-11.27380871205203,-10.566318451693302
YIPF7,-12.613305602870975,-12.492660086762706,-12.80484160334387
GUF1,-10.051710711158423,-10.19564336232003,-10.055132208005851
GNPDA2,-10.716114354321803,-10.805860469476677,-10.785363796225324
GABRA2,-12.953408817348521,-12.942648603329982,-12.886524505367678
COMMD8,-10.740005399119353,-10.68439209151329,-10.562863164352729
ATP10D,-10.794942014102913,-11.044713495170715,-10.803086023945637
CORIN,-7.830552606295342,-8.015771158517866,-7.83584544221544
ENSG00000282917,-10.393940120452829,-10.36430786255922,-9.308129837969236
ENSG00000259959,-12.937388953276509,-13.124101426973557,-12.99494479514354
NFXL1,-9.980713790060282,-10.008093913917449,-9.91739365914511
NIPAL1,-10.959910371355072,-11.12788072264627,-10.939539306395542
CNGA1,-12.444134824687461,-12.444592843018569,-12.443402289891724
TXK,-11.262805950482823,-11.866485238570252,-11.113985961219448
TEC,-10.629787346033927,-11.08195790413704,-10.473199899505484
SLAIN2,-9.21412778763121,-9.142350425273822,-9.261676419111359
FRYL,-8.63989095689528,-8.717933575282647,-8.79182287226484
OCIAD1,-8.327929168173172,-8.377440067630616,-8.46875316045071
OCIAD2,-10.145148469665836,-10.38650657547492,-10.055252657069135
DCUN1D4,-9.7762857464896,-9.708108944881712,-9.643150652614853
LRRC66,-12.047194342036283,-12.371445042680296,-12.012971626616354
SGCB,-9.582713953105053,-9.612646920490672,-9.828774360923264
USP46,-9.490059567599607,-9.537008949032467,-9.612342442604799
USP46-DT,-12.366176792976672,-12.496104162997199,-12.655560509590067
DANCR,-8.988096345704863,-9.115495193122934,-9.171277844418908
RASL11B,-12.669330193010074,-12.303591254742877,-12.720670550148363
SCFD2,-9.718596423896466,-9.785516535684444,-9.816754164000633
FIP1L1,-9.118108392247624,-9.084006617094872,-9.086246176175587
CHIC2,-9.57685409456271,-9.628467459431153,-9.536219874843493
PDGFRA,-9.558306984807686,-9.018086295653669,-8.690777353685638
KDR,-9.660840459125195,-10.086471755505428,-9.068511909144194
SRD5A3,-11.189186908715348,-11.330361056988327,-11.402983217090478
TMEM165,-9.107861731407576,-9.137328628799256,-9.247485434637726
CLOCK,-8.967855506937623,-9.014975758733886,-9.096130042191268
EXOC1,-9.748886101231097,-9.806892894148845,-9.730891806887525
CEP135,-10.465261204475366,-10.595739015609288,-10.6873461164623
CRACD,-9.049551340016613,-9.508467426233615,-9.697798932834244
AASDH,-10.375888184529042,-10.313533941461932,-10.600456892120272
PPAT,-9.974488721555746,-10.21377857757929,-10.145828505118589
PAICS,-8.892119840844009,-9.2032183267068,-8.987288016652789
SRP72,-9.10679351138911,-9.249878112361642,-9.237710998755297
REST,-8.77290284682413,-8.747315256315376,-8.915833518130222
NOA1,-11.180482323802435,-11.101737149328322,-11.144722026791001
POLR2B,-9.141310740904574,-9.145987699265829,-9.140199240214198
IGFBP7,-8.551779952676899,-8.770512812733525,-9.876584663929403
ADGRL3,-8.162159165234213,-8.397611779213806,-8.831777384428253
TECRL,-6.363483390128087,-6.770498367213905,-6.2659665799649975
ENSG00000249413,-10.906049675832094,-10.895991126363338,-9.44680174604666
ENSG00000250075,-10.974003557761582,-11.041026524947629,-11.211825841095976
CENPC,-9.333338821682146,-9.522549487057786,-9.521522273034188
UBA6,-9.371490657629845,-9.353550029360717,-9.431798865682978
UBA6-DT,-8.644807675715978,-9.228836560671208,-8.9903947246912
YTHDC1,-8.775724743445323,-8.760518424870202,-8.836681589248137
ODAM,-10.747201643552906,-11.410099491539842,-11.094944516981363
UTP3,-10.225222930617003,-10.254847065406215,-10.2199771635231
RUFY3,-9.332375668978326,-9.317869930628609,-9.453979715462474
GRSF1,-8.74849933898501,-8.896844905543363,-8.948981138970668
ENSG00000289019,-12.720847184993856,-13.108776988162639,-12.605362274700447
MOB1B,-9.008707854610964,-9.068644465694389,-9.106741234399168
DCK,-11.7354364836962,-11.993906842830462,-11.886989633634123
SLC4A4,-9.187354138533282,-9.35236633563194,-10.243645499299694
ADAMTS3,-9.823602260372304,-9.602238197861425,-9.656917637760348
COX18,-10.995192564352564,-11.193127836609667,-11.13851702531751
ANKRD17,-7.956588251092124,-7.983976310512144,-8.06489980540761
ANKRD17-DT,-10.126173931333321,-10.024322047010303,-10.198337484475243
AFP,-9.476136964917425,-9.55284057660549,-9.816131463168666
PF4,-13.092429365446703,-12.960948772012527,-12.956527754634356
PPBP,-13.266215026952842,-13.013137765295358,-12.952939366686614
MTHFD2L,-9.453032976566249,-9.519469203656005,-9.471646418654716
PARM1,-9.832768360443952,-9.930989659371082,-9.252221249124615
RCHY1,-10.125440332217227,-10.17183460951639,-10.1347914779266
THAP6,-10.19357883491362,-10.183128212265197,-10.258360598321492
CDKL2,-12.078099959701454,-12.114915695662074,-11.464554173415607
G3BP2,-8.219630040038503,-8.190656343826008,-8.305279173791602
USO1,-9.255758479457386,-9.153273380335065,-9.20598613975732
NAAA,-11.899483243568104,-11.841440502894322,-11.960088043745579
SDAD1,-9.583890035345446,-9.594896564886,-9.653455519345998
ART3,-12.06487798935684,-11.268395857215694,-12.060398400498238
NUP54,-9.717797846303615,-9.79014736946339,-9.798217492111881
SCARB2,-9.618758149637614,-9.49993497028212,-9.56338625652082
FAM47E,-13.086227795030302,-12.958099820853723,-12.730070510114746
ENSG00000289515,-13.045006683662292,-13.085604673534633,-12.923261482650364
STBD1,-10.739334317619042,-10.861832529618574,-10.726473705061364
SHROOM3,-9.927587788431131,-10.26794535334934,-10.507317111878356
ENSG00000289586,-11.368826688195494,-11.335523303349701,-11.596964497862333
SEPTIN11,-8.80352290389336,-8.880182468360053,-9.16691661166032
CCNI,-8.284207193845917,-8.31929545062486,-8.407965114947949
CCNG2,-10.560829062195486,-10.950154075288792,-10.887977685082314
CNOT6L,-9.792156028653931,-9.85081067615282,-9.854848590409174
MRPL1,-9.515275251696847,-9.607153227206533,-9.623839797286738
FRAS1,-7.941713029292103,-8.210259833580592,-8.429392653559917
ANXA3,-9.958513426431937,-9.939818712704731,-9.87028598307202
BMP2K,-9.314327377510148,-9.389367167333978,-9.100055473633482
PAQR3,-10.534980581558836,-10.495355402586044,-10.740334583447117
LINC01088,-10.466917369452064,-10.261573933760374,-10.560726504601469
ANTXR2,-8.48784990581159,-8.58225206293864,-9.000624158517013
PRDM8,-11.987228704500547,-12.218215827160456,-12.283356034828511
CFAP299,-11.103574507487162,-11.40097858046861,-12.014599708279226
RASGEF1B,-11.722037056656802,-11.322798755779296,-11.74357494436333
HNRNPD,-7.631751736168711,-7.784628220665972,-7.800906801483448
HNRNPD-DT,-12.54637455937395,-12.508738567618224,-12.545825841369204
HNRNPDL,-7.540030450540971,-7.682620440925485,-7.7937300062462915
ENOPH1,-10.603727072212655,-10.786835881708255,-10.671441180406301
TMEM150C,-11.572033806884956,-11.775358601050762,-11.489795337644942
SCD5,-11.756503998679694,-11.303224064105631,-12.824332359124789
SEC31A,-8.686035659647633,-8.69428404313431,-8.819145551446155
THAP9-AS1,-10.726960370666356,-10.93501686750437,-11.064585517167535
THAP9,-11.054941859436724,-11.122530136327844,-11.018506327706023
LIN54,-10.505215949039322,-10.525462664387755,-10.635164837883403
COPS4,-9.754322113408211,-9.868153088691194,-9.818865012392516
COQ2,-11.265408159213946,-11.195639642461806,-11.276907957084571
HELQ,-10.507139082139444,-10.527046393134869,-10.579096688636497
MRPS18C,-9.921385540137477,-10.02416396344531,-9.950582950450714
ABRAXAS1,-10.347474047669268,-10.271801652197352,-10.392287810598232
GPAT3,-12.200349644861246,-12.36913644019177,-12.34721265938091
CDS1,-10.78694650275158,-11.4701249911207,-11.059829942434218
WDFY3,-8.316171996335727,-8.462559446075431,-8.618538264278088
WDFY3-AS2,-11.903175940626081,-11.958504153393259,-12.189510223547131
ARHGAP24,-9.149179760419837,-9.440003793010115,-9.627180949088228
MAPK10,-9.391642929366482,-9.42296047429402,-9.126800270602724
MAPK10-AS1,-12.868369202032264,-12.389124657324762,-13.222480811487403
PTPN13,-8.522304163231336,-8.378098663308206,-8.697405656012027
ENSG00000284968,-11.606111593920303,-11.605008604208598,-11.623388857240762
AFF1,-9.003134739346775,-8.98984292286361,-8.96261060353007
KLHL8,-10.678894079765184,-10.686181109121595,-10.886442522068142
HSD17B11,-10.475083455210324,-10.570199597024295,-10.914191237898477
NUDT9,-10.04522699130599,-10.064723468695673,-10.095471468736575
PKD2,-9.246005328996056,-9.241185415891929,-9.435664762572914
PPM1K,-9.37940232589853,-9.110713225001016,-9.08133803869944
HERC6,-11.741970971969794,-12.119235070686475,-11.66747054118714
HERC5,-12.196246918446644,-12.056529546026972,-11.751620003869425
HERC3,-10.032013274023916,-9.96540693542331,-10.034103552651096
NAP1L5,-11.905255716623595,-11.913584498398306,-11.74709250999581
FAM13A-AS1,-12.2495183029899,-11.91014499471703,-12.179097348547028
FAM13A,-8.483538494634615,-8.613918271571999,-8.500667053130302
TIGD2,-11.65053893416603,-11.726893593973678,-11.710216417143489
GPRIN3,-9.888776493330674,-10.56941772535641,-11.109618145854085
ENSG00000251095,-11.450647936945964,-11.969033540010386,-12.054654873239285
SNCA,-9.554534894779692,-9.491837468090345,-9.968908556658063
CCSER1,-9.972482094191163,-10.347396646740481,-9.979565732209995
GRID2,-11.073247718501403,-10.87051104195518,-10.081392289787914
SMARCAD1,-9.037764790050861,-9.107544662663706,-9.151444211561847
PDLIM5,-6.403676714384722,-6.4270551803827916,-6.7390507414407725
BMPR1B,-11.095983695215685,-11.76569839265457,-12.144713118529754
UNC5C,-7.33999451368794,-7.485125889565891,-8.388487181193014
STPG2,-10.495105737307751,-10.824882146711516,-10.434861825594993
RAP1GDS1,-8.63188235162633,-8.818189777730984,-8.57330843329765
TSPAN5,-9.151476743310235,-9.407580637432611,-9.35922355201857
EIF4E,-9.391791088095204,-9.43369271050796,-9.401595301240175
METAP1,-9.737290395591332,-9.830987690083052,-9.838983836785548
ADH5,-8.677791301930789,-8.824088403448794,-8.835955130383722
ENSG00000246090,-10.858820898583557,-10.881859004485172,-10.780422519865482
TRMT10A,-11.549332201481393,-11.75614094395801,-11.706157437135744
LAMTOR3,-10.009068238444339,-10.106458242781516,-10.086503217478436
DNAJB14,-9.140659476676994,-9.076641639391196,-9.270038609255112
H2AZ1,-8.275143425075113,-8.528681123385965,-8.50166759467084
DDIT4L,-11.875389639839451,-11.65937229349476,-12.085802342492002
EMCN,-11.338692900377541,-11.523933600914456,-12.46949413016664
PPP3CA,-8.18093044556715,-8.134995637483483,-8.616806362627326
SLC39A8,-10.111399116222916,-10.420159280122563,-10.296092151552719
NFKB1,-9.446430055269914,-9.552206047008438,-9.689510663320174
MANBA,-8.919212470969788,-8.816305037145755,-9.256374190363891
UBE2D3,-7.9964853899412125,-8.039018661696279,-8.10810478379125
ENSG00000286242,-12.640428004557009,-12.609958193306344,-12.712743222000881
UBE2D3-AS1,-11.357880245359837,-11.48833736386428,-11.595583033839777
CISD2,-9.799143864449928,-9.843276299880044,-9.801467590845723
SLC9B1,-12.748324114727385,-12.571850305250914,-12.562010472028835
SLC9B2,-10.574619735864156,-10.7290366383626,-10.967518946829456
BDH2,-9.815014074745818,-9.970782966851235,-9.823445089705805
CENPE,-9.76830545765396,-10.28800519875628,-10.328440465264563
LINC02428,-11.071308450090465,-9.939045494016646,-9.69459245089758
TACR3-AS1,-12.947158229661628,-11.637843761538763,-11.475284659215633
CXXC4,-9.698549391674549,-9.562602181890334,-9.903807932100948
CXXC4-AS1,-11.509272749947138,-11.340061701827224,-11.617071792918214
TET2,-8.657778248120696,-8.743533824039059,-8.923562135233958
PPA2,-8.895019464082033,-8.946843541296506,-9.017094967293108
INTS12,-10.420780436456484,-10.438975362439335,-10.586070674564732
GSTCD,-9.93114756067574,-9.981751457093472,-10.039570841554937
NPNT,-10.38397745811339,-10.321135789042556,-10.15790975610222
ENSG00000249635,-11.985565267388072,-12.027703069196454,-11.915796328777482
TBCK,-8.591176945436617,-8.593241726962809,-8.543609759507854
AIMP1,-9.546233305618395,-9.575386501449785,-9.533375560406892
PAPSS1,-10.116177875563347,-9.958880048030375,-9.863849509876799
CYP2U1,-12.165402587075704,-11.90582802900482,-12.126042983950311
HADH,-9.82568420022432,-9.787802302471523,-9.84602463222196
LEF1,-9.02830099478475,-9.437847793926123,-9.613092935714484
RPL34-DT,-12.132590582952146,-12.22873284729248,-12.537801901940421
RPL34,-6.424072287858874,-6.908432448176154,-6.735857385762931
OSTC,-8.642809969699021,-8.677808972396774,-8.728294186856592
COL25A1,-9.7986643055493,-10.32720229020161,-9.953423615123718
SEC24B-AS1,-11.581350047601259,-11.472458785970082,-11.259916914453063
SEC24B,-9.314821512205977,-9.335575709146957,-9.369218696210266
MCUB,-11.5253310402491,-12.425713432656806,-12.375560440347193
CASP6,-10.556442080113547,-10.647933053709618,-10.474687941397052
PLA2G12A,-9.473468447026686,-9.63898636196733,-9.361837180932099
GAR1,-9.92128878648179,-10.061698224256224,-10.010145722307772
EGF,-12.69780618507148,-12.865081698523495,-11.899960686000037
ELOVL6,-9.070632234796921,-9.091522006717975,-9.072093676933793
ENPEP,-11.931148696120243,-11.313176522805682,-10.307993535895385
PANCR,-12.128366664759291,-11.973816232781756,-10.869216772162584
PITX2,-11.65084790779836,-11.443204927281291,-10.954300557278472
ENSG00000288692,-12.709334451367324,-11.943286374637765,-10.028156297790465
ENSG00000250855,-11.791408502397712,-12.328925856295518,-10.806319554263805
LINC02945,-12.976578551000447,-13.26265846306463,-12.49802099150544
FAM241A,-10.412191580872339,-10.580887702895934,-10.74659618521652
AP1AR,-10.114351804185137,-10.073622716207362,-10.127312219759146
TIFA,-12.49957835207353,-12.628594150279906,-12.370209367317804
ZGRF1,-10.715489527903118,-11.083008563701174,-11.145557963496953
LARP7,-9.024667991204254,-9.091503529493046,-9.1772102854616
ANK2,-7.840185406692051,-7.9363067360939725,-8.24839680129878
ANK2-AS1,-11.945046235562215,-12.280739511110308,-12.349716113399365
CAMK2D,-7.963337420373064,-7.963916795931144,-8.230299290104822
TRAM1L1,-13.086889935779752,-12.960266965630913,-12.864170749156136
SNHG8,-9.725864710306725,-9.52420098334284,-9.609555629716924
ENSG00000291201,-11.216797136649,-11.696744543140321,-11.340491526494464
METTL14,-10.222972379894532,-10.276044335899632,-10.31011630958468
SEC24D,-10.287128046597202,-10.085859356678974,-10.57957547311964
SYNPO2,-8.755138847476267,-8.676287816142974,-9.201242972729412
MYOZ2,-8.733595381619601,-8.665080659811926,-8.891664751465301
USP53,-8.457320260283073,-8.63878273182736,-8.825849726667297
C4orf3,-8.285040566576441,-8.89477371667102,-8.094601749225939
ENSG00000291202,-11.85039822265715,-12.294846215376097,-12.293155428744393
ENSG00000291203,-7.66670881366508,-7.895696136949525,-7.4905699990875
PDE5A,-9.474744552178905,-9.936749802715557,-9.220723187211496
MAD2L1,-10.437091024121951,-10.954425332037111,-10.723438759168156
MAD2L1-DT,-11.147874098202063,-10.851184913261733,-10.776691728181468
PRDM5,-9.424914621964625,-9.616330864065658,-9.755292442056929
NDNF,-10.737129768584175,-11.670984638692934,-11.673762793311434
ANXA5,-9.149962735430169,-9.14832878965503,-9.055523210380173
EXOSC9,-10.251277093757654,-10.493880447144084,-10.329121816022703
CCNA2,-10.360622740496252,-10.974717817218947,-10.812200441058447
BBS7,-10.673803937118336,-10.723650911603452,-10.739601739222092
TRPC3,-9.856115765366457,-9.93160710461382,-9.934919433711457
ENSG00000289342,-12.670765140175194,-13.203304538161744,-13.070611488011416
BLTP1,-8.331753669723275,-8.291840199822742,-8.406144844316236
BBS12,-12.270470887423969,-12.07244235606813,-12.226882266047058
FGF2,-11.508505962693828,-11.802981931009944,-12.012860268758159
NUDT6,-10.937826521027905,-11.127941145628908,-10.973825898779193
SPATA5,-9.297114755384499,-9.377778720375051,-9.469746411324582
SPRY1,-10.83128827050909,-10.636530791657858,-10.922277661233712
LINC01091,-11.71054432908064,-12.059842733147462,-11.553337884526387
LINC02516,-12.40668137799877,-12.787626224358597,-13.177669336473288
ANKRD50,-9.76037175598264,-9.695996092465553,-9.711537543274174
FAT4,-10.383322806345648,-10.451106416629916,-11.214903600963313
INTU,-9.888248086446916,-9.858270964336384,-9.855563853270358
HSPA4L,-11.70224427731487,-12.357117304443241,-11.963731366776603
PLK4,-11.704081548914054,-12.217400060786684,-12.187064429248409
MFSD8,-10.037880194257992,-10.07981970969557,-10.263352650142926
ABHD18,-9.149705216200058,-9.255171158049043,-9.436825170682788
LARP1B,-9.510122786126288,-9.471259318450475,-9.612254871839983
PGRMC2,-9.422215127846727,-9.509743847395157,-9.69433436227432
LINC02615,-11.457774508072882,-11.488787875364485,-11.72475281988137
JADE1,-10.491045712639508,-10.806244175412687,-11.071510270191933
SCLT1,-9.176899721477476,-9.29400688769949,-9.31020776350707
C4orf33,-12.759221415438148,-12.470817510824526,-12.159065212185869
PCDH18,-12.625703979382536,-12.567731322525399,-12.528700049635786
SLC7A11,-12.275028701426482,-12.197827706857398,-12.0047388855329
ENSG00000250195,-12.158214276513242,-11.252911558103376,-11.724458560997318
NOCT,-11.564745019297028,-11.620719469926748,-11.637162271256045
ELF2,-8.343487859313194,-8.257067987360768,-8.54806128036756
NDUFC1,-8.845443866330864,-8.954926273224826,-8.834988294388339
NAA15,-9.209009284578098,-9.386292086419752,-9.319551743043638
RAB33B-AS1,-9.918675815101677,-9.79143891962788,-9.780846087949842
RAB33B,-11.415825788215278,-11.474604521476838,-11.472539318047302
SETD7,-10.62892379176106,-10.66318384353191,-10.738681447496631
MGST2,-9.59645768214933,-9.643336579346952,-9.78103065551319
MAML3,-7.8867359713695935,-7.709959112622048,-8.35260106905717
SCOC,-9.201886906403605,-9.245212647102806,-9.11503158426726
SCOC-AS1,-12.487698089070966,-12.070686558808182,-12.102344343428657
CLGN,-9.685010572207528,-10.054600891799533,-9.627327673701435
ELMOD2,-9.778216279082995,-9.78495756763735,-9.882410636558827
TBC1D9,-10.632291464238744,-10.63373948440794,-10.96800892151278
RNF150,-7.712966689890702,-8.222918088966061,-8.079567380240288
ZNF330,-9.083684874529519,-9.467825199549726,-9.624300812018843
INPP4B,-8.995562614950858,-9.185222301498612,-9.783532974095184
USP38-DT,-11.55759562386691,-12.177453602709573,-11.51545370934073
USP38,-10.427250411813414,-10.516531823126591,-10.508158514277206
GAB1,-8.599799885270352,-8.612919000674673,-8.947298661658616
SMARCA5,-8.246340375904218,-8.300806190720321,-8.321364334395382
ENSG00000251600,-12.088505100750265,-11.925850494407172,-10.179488132384918
ENSG00000285783,-10.54349683479349,-10.235854677147318,-10.679573866819783
HHIP,-10.939392972498538,-11.810672161377417,-12.747313979380271
ANAPC10,-9.504599301130503,-9.56249248400308,-9.679057773221677
ABCE1,-9.171111389333142,-9.319696316450527,-9.323591115904275
OTUD4,-9.788141663609425,-9.789269246878128,-9.857390440778351
SMAD1,-9.667223062728466,-9.713447840435878,-9.804548991769407
MMAA,-12.808754671228945,-12.461801418175071,-12.432235606241763
ZNF827,-8.432425517472215,-8.532531900296577,-8.61901596445149
LSM6,-10.18213144605365,-10.324289201314132,-10.226441666453347
SLC10A7,-10.433640812580045,-10.453981053065814,-10.700848223763693
EDNRA,-8.908213274970812,-8.813002490625603,-9.195162290678704
TMEM184C,-10.236791024863068,-10.151885425223327,-10.32737899968652
PRMT9,-10.647812824826204,-10.701561271923014,-10.76342808081136
ARHGAP10,-9.597772358852954,-9.508207452852947,-9.89668043184901
NR3C2,-11.083983786777681,-10.602993960610561,-11.03032923587826
DCLK2,-10.44117341592309,-10.683028316033296,-10.473328855819549
LRBA,-7.736908071294617,-7.937977911775385,-7.797105938371279
MAB21L2,-11.44712322622544,-12.00832199548023,-11.166799522794935
RPS3A,-6.155400049257434,-6.328297680369728,-6.2146925751597495
SH3D19,-9.004509711250819,-9.019465121163847,-9.283236351758
FHIP1A,-10.518074227608844,-10.041416259072548,-10.11565637922754
GATB,-10.856462096137758,-10.94136082886312,-11.002429150307826
FBXW7,-9.121939591929946,-9.2377492320715,-9.281786283123536
ENSG00000287555,-12.204728092892106,-12.497601946079898,-12.37323543857674
TIGD4,-12.446152346856987,-12.35387208789874,-12.54584276455633
ARFIP1,-9.495274885549598,-9.506660757388659,-9.582319399848467
TRIM2,-9.82484273605214,-9.714373862553941,-9.79436731454745
MND1,-11.016300780269944,-11.792963962067331,-11.334332792895044
TMEM131L,-10.398719192574053,-10.829548016783376,-10.43868315926741
RNF175,-12.677396226872473,-12.635927140131445,-12.146220718456622
SFRP2,-12.058479316755893,-12.070225560341342,-13.164876531311629
PLRG1,-10.025335197869337,-10.111198983070404,-10.015272419702296
FGB,-11.182561531111748,-11.529799805588919,-11.862039499520536
FGG,-11.93937069038862,-12.227440749849315,-12.873508420474819
LRAT,-11.875907934651972,-12.254314410335292,-10.641137943067413
MAP9,-9.317827569783166,-9.374251453952287,-9.305835384305468
GUCY1A1,-7.905668574475491,-8.405110381474703,-8.54446592770643
GUCY1B1,-11.049314860576107,-10.850802298623131,-11.122779351013063
CTSO,-13.01686294164381,-12.205323557887958,-12.468620860607205
PDGFC,-10.841369223751434,-10.593285456642633,-10.728283294519112
GLRB,-12.746104088033347,-12.717402174493156,-12.944395805452109
GASK1B,-11.788455279237299,-11.512800038963123,-11.88241790475933
TMEM144,-11.169754789890385,-11.370040126377988,-10.942016902875551
C4orf46,-11.7101011757232,-11.976598450351984,-11.532806814726285
ETFDH,-10.202846011734255,-10.38823094660229,-10.477050912831212
PPID,-9.322234022995886,-9.53529483788844,-9.478101142269765
FNIP2,-8.715249914673233,-8.758937877337747,-8.814315569226503
C4orf45,-11.660261595661451,-12.344750743800398,-11.891964479181336
RAPGEF2,-8.006794598231036,-7.942987036962634,-8.330623231526536
FSTL5,-12.158930395612803,-11.553026234700305,-11.958560491482451
NAF1,-10.164396743205122,-10.138692880754155,-10.140627059780554
NPY1R,-11.46116735996376,-12.116713049132173,-11.200559672602271
TMA16,-9.764264361894117,-9.896444961235721,-9.785340152344038
MARCHF1,-11.63908056844383,-11.916550576679063,-12.04570625538577
APELA,-11.06059697483975,-11.881079717020594,-11.64068945917799
TRIM61,-11.779206007430343,-12.309743006682638,-12.16698931558949
FAM218A,-12.079304794263667,-12.673059850484481,-12.21282453521248
TMEM192,-10.31724882622026,-10.45087634956037,-10.406301214919825
KLHL2,-9.175966305880385,-9.830195249656548,-9.723213588257739
MSMO1,-9.864005932224462,-10.012477987504981,-10.094753154614764
CPE,-8.62286947314647,-8.802179308552844,-8.479996679800983
TLL1,-11.52285047071783,-12.861860660360453,-12.75208255878708
SPOCK3,-11.487003540678357,-11.092521069611912,-11.765123147876146
DDX60,-12.395249968753282,-12.687675879106997,-12.655961616949782
DDX60L,-11.602805285088465,-11.464135204685148,-11.697393554712939
PALLD,-6.312195215566555,-6.286784316642473,-6.628524685760704
CBR4,-9.18983104145773,-9.154380639401264,-9.300262111070937
SH3RF1,-10.358017043286843,-10.493180799517853,-10.93637103843972
NEK1,-9.034280708407078,-9.124370999915165,-9.218108649883236
CLCN3,-9.351082813987265,-9.364785147105675,-9.380067607871048
HPF1,-9.646177015998633,-9.575444264705496,-9.617481852068812
MFAP3L,-12.725313856331667,-12.73769144620119,-13.004539506587117
AADAT,-11.0647643873948,-11.347839296806203,-11.158209807327154
GALNT7-DT,-12.219981517202871,-11.92904814944014,-12.033148220389569
GALNT7,-9.713686160013319,-9.701007630590778,-9.741261057074205
HMGB2,-8.321077673158126,-8.728077971701333,-8.640350096651611
SAP30-DT,-11.71937864957173,-12.200093513628646,-12.008423750321503
SAP30,-9.983460795985884,-10.324584145048075,-10.299405250469729
SCRG1,-12.579069171863724,-12.57929981045173,-12.42997058519238
ENSG00000288025,-12.34641815131797,-12.344568861482882,-12.238624229984843
ENSG00000286039,-13.139261707388327,-13.207073564082897,-13.040910630603422
ENSG00000288776,-10.820434595209464,-10.950356964599433,-11.485568415673386
HAND2,-9.120905790438306,-9.245793316750309,-9.299974505009157
HAND2-AS1,-9.210026344314876,-9.396525926561651,-9.220370795942163
LINC02269,-13.033995672299676,-13.034220937789573,-12.937018783585104
ENSG00000251216,-12.601705947553071,-12.795290752473658,-12.812685220962717
LINC02268,-11.53342964801837,-11.861007227386487,-11.566352752514879
FBXO8,-11.198571249213268,-11.289044873615655,-11.379809086095287
CEP44,-10.056102499707318,-10.223361476743932,-10.298288937264337
GPM6A,-10.20148226432091,-10.549915378848327,-10.621121659621986
WDR17,-12.652603380371982,-12.59235914652788,-12.35695376021953
SPCS3-AS1,-12.80156843320711,-13.058719663071681,-12.850597801725355
SPCS3,-9.189423482398155,-9.191607312165095,-9.201253539870443
VEGFC,-10.063810095253746,-10.350659586480958,-10.368902417822715
NEIL3,-11.623577211411577,-12.222931518618344,-12.016442440798611
AGA,-12.088787683828475,-12.07877157711211,-12.496834781699343
AGA-DT,-11.247932180743964,-11.12565523102604,-10.53747577777793
LINC01098,-11.412070902236499,-11.74958778509311,-11.09754319981726
LINC01099,-8.209626808522547,-8.927485495652308,-8.096773201972793
TENM3-AS1,-11.434844312414223,-12.331591736662022,-11.891431026635855
TENM3,-7.8913706460170445,-8.524931544884089,-8.47953803729595
DCTD,-10.447413629860131,-10.49129721382146,-10.545710385309839
WWC2,-8.8137823751565,-8.90117519377494,-9.136400686691356
CDKN2AIP,-10.341875316139948,-10.537633601890237,-10.395707960845911
ING2-DT,-11.525504854877589,-11.549376875890099,-11.571653316826367
ING2,-10.378112038671365,-10.644877999761938,-10.438717083540148
RWDD4,-10.161945104189195,-10.18063941778705,-10.227119282923976
TRAPPC11,-10.077355190902164,-10.12603892452854,-10.191802332029775
STOX2,-10.034953261181222,-10.088749804785161,-10.144775432019362
IRF2,-10.380144143476304,-10.452019299851823,-10.496157527597337
LINC02427,-12.853626859676309,-12.541594607129715,-12.35598519171791
CASP3,-9.738903327441584,-9.732579598916702,-9.665244728205819
PRIMPOL,-10.7320786444332,-10.546523335015786,-10.68019688098052
CENPU,-10.460010925210847,-11.256406476795105,-10.947998386079245
ACSL1,-10.311322042667257,-10.268335466312196,-9.913980727610847
SLC25A4,-8.169181371539889,-8.137333816297494,-8.04819379539555
CFAP97,-9.625568525249639,-9.685548889237397,-9.627292401600911
SNX25,-9.735558369162657,-9.770005003145217,-9.848909741425445
LRP2BP,-12.867185825703446,-12.631922550148136,-12.660386400269754
LRP2BP-AS1,-11.954131679148986,-12.129761440846188,-12.244380040473393
ANKRD37,-11.474051195602659,-12.094294766470872,-12.000607026319866
UFSP2,-9.980112875703634,-10.049002052855444,-9.89091249027165
C4orf47,-11.639471579098778,-11.844200704218187,-11.357474033167076
PDLIM3,-12.071437954878709,-11.50921180490067,-11.491541942869537
SORBS2,-6.523399096327116,-6.54297789887931,-6.999741636491762
ENSG00000235902,-12.559524963054457,-12.375531849420517,-13.050745829308653
FAM149A,-12.497163376686188,-12.947158646239119,-12.95480513308295
CYP4V2,-10.899346930694476,-12.589618970751166,-11.718394574006501
FAT1,-8.758424090992552,-8.67271706787261,-9.460255492911664
LINC01060,-10.943687014196508,-12.991194183131576,-13.027736613614023
FRG1-DT,-11.828549158100378,-11.477481859943108,-10.984774068915684
FRG1,-9.487039430678085,-9.752647053550138,-9.600380719946402
PLEKHG4B,-9.585213053830378,-9.853806145026818,-10.104854276471608
CCDC127,-10.328433467311777,-10.34961509087528,-10.455064948507763
SDHA,-9.392510256528805,-9.364256156473987,-9.429677400945833
PDCD6,-9.528068046916035,-9.631170030975742,-9.596332850041629
EXOC3-AS1,-11.707819347770707,-12.087277940353532,-11.736269327192163
EXOC3,-10.528269668884175,-10.571918686889434,-10.634553749787518
SLC9A3-AS1,-12.116535309043263,-12.237917350679263,-12.138274832993378
CEP72,-12.563314911422781,-12.953196742249546,-12.90093265281608
ZDHHC11B,-12.866227461362682,-11.911373032843647,-12.257070057857659
ZDHHC11,-11.531725034596237,-11.460131020096362,-11.658982319610216
BRD9,-10.290607468213786,-10.316497849163484,-10.417316758476485
TRIP13,-11.718188941224282,-12.526567515192111,-11.982478202003875
SLC12A7,-12.128010780645033,-12.345071196173754,-12.263056363111183
CLPTM1L,-10.095198759301898,-10.170821389991012,-10.24430587550971
ENSG00000286388,-12.548988252733135,-12.67071962203655,-12.708195311617882
LPCAT1,-11.2868711149628,-11.299783185502225,-11.54901789495078
ENSG00000291055,-10.04474902596889,-10.200365688822233,-10.128622709640053
ENSG00000291079,-11.247226573145484,-10.963376232320595,-10.584966300363517
MRPL36,-9.480045308992711,-9.77318493817927,-9.609197314262746
NDUFS6,-8.193879549675184,-8.384538488076238,-8.298464541675775
IRX4,-9.876485154905799,-10.564532524568419,-9.88548869577744
IRX4-AS1,-11.252986111774518,-11.486565912834033,-11.48261483660881
ENSG00000248994,-9.789151254302686,-10.241171027689132,-9.508657328598009
IRX2,-9.542200255404953,-9.282727539178284,-9.616989304489802
IRX2-DT,-10.509842508533024,-10.453842845561612,-10.77385789835516
IRX1,-10.65700199445614,-10.387838460242772,-10.819880394934575
ENSG00000248973,-12.964399343316598,-12.462263939609453,-11.97264684270422
ENSG00000286753,-12.482307690096262,-11.970151002870567,-12.590831673009598
ICE1,-9.329363535291625,-9.388127564648583,-9.371040306279633
MED10,-10.311624587358496,-10.287196726515145,-10.402019448812469
UBE2QL1,-13.018067784060708,-11.957205958136731,-12.422715874473012
NSUN2,-10.279842567985648,-10.505759959161418,-10.37074144921803
SRD5A1,-11.303985767858403,-11.571533013868391,-11.39077357336441
TENT4A,-10.7684502678206,-10.908023919385291,-10.795055549949996
ADCY2,-12.018685639196118,-11.427417194163509,-12.633533046486823
MTRR,-10.760323806918494,-10.920112022815546,-10.884181394474348
FASTKD3,-12.175400611000615,-12.054966678763815,-12.166187767358666
SEMA5A,-8.386327098152362,-8.774335194911208,-8.3258178455222
SNHG18,-11.158654700714203,-11.00862213306234,-10.769429510154179
LINC02112,-13.165581436292861,-13.22462604873527,-12.43714570452832
ATPSCKMT,-10.835557718682258,-10.798805956619669,-10.850899453332504
CCT5,-8.49290778188801,-8.729185666192969,-8.709961110505684
CMBL,-11.70387738975081,-11.595753815939776,-11.90408882063471
MARCHF6-DT,-12.190660819294706,-12.02533029335179,-12.423384201818992
MARCHF6,-8.801522526463787,-8.785130086103123,-8.890865516317467
ANKRD33B,-10.403119668285841,-9.983526904402526,-10.991488108768184
DAP,-10.122734778630695,-10.134723375730227,-10.147010006716501
CTNND2,-8.753475299331475,-8.988240780016275,-9.310591150433352
TRIO,-8.33672575866599,-8.354854278382993,-8.442057353194226
OTULINL,-12.534434237256171,-12.820181183264577,-13.096641442550192
OTULIN,-10.665997469784541,-10.693200570596881,-10.788160047561915
ANKH,-10.22181512991913,-10.326080043693718,-9.97867145818673
FBXL7,-7.415840760442413,-7.843760331637446,-7.761314439300234
MARCHF11,-11.151924719119048,-11.482106415843186,-11.381216055109409
ZNF622,-10.5421166198387,-10.65709552749099,-10.630554569249234
RETREG1,-10.587379910316274,-10.317290044755435,-10.444363370215925
MYO10,-10.20514732943374,-9.929212925334408,-10.142314276284566
BASP1,-9.618301178250743,-9.379469293268327,-9.878792577059984
BASP1-AS1,-12.647427600639357,-11.872010005973658,-12.47956674481727
CDH18,-12.025410202591399,-10.976572472747518,-10.317864354707822
GUSBP1,-9.930088228771327,-9.862227751065118,-9.80876459207327
ENSG00000253766,-12.76896575510558,-12.027535002384049,-12.515702324055692
CDH12,-12.197811320278674,-11.733349655414465,-12.630605226635351
CDH10,-10.265937658382137,-10.42681275158485,-11.087185588952519
PURPL,-9.61172541807432,-10.237407112521215,-8.709014092228282
DROSHA,-9.89212444382538,-10.025960802389498,-10.056348779971042
C5orf22,-10.37460812454396,-10.309704195140258,-10.485502160336637
PDZD2,-11.062575133074,-10.49986595360576,-10.684848358886505
ENSG00000250764,-12.815474991239798,-12.657907249536983,-13.055557024752016
GOLPH3,-9.800836216121063,-9.692796058854343,-9.826116558392869
GOLPH3-DT,-12.49269016471821,-12.69456635509058,-12.69450305505034
MTMR12,-10.50915732520754,-10.42154467823515,-10.53858433184513
ZFR,-8.420013701314724,-8.469225310657809,-8.558497514151005
SUB1,-8.39497074229163,-8.51922768386608,-8.430726692527669
TARS1,-9.264304089841369,-9.392912619560619,-9.229971947377049
ADAMTS12,-8.610430343375151,-8.558434884990499,-9.139696736441348
AMACR,-11.089319630584907,-11.208966436204678,-11.244515741938082
C1QTNF3,-11.902699907203083,-12.155355216163064,-12.445846159618068
ENSG00000290548,-10.459083242610031,-10.407125420575085,-10.519853747035754
RAI14,-9.380041610408025,-9.480984120042939,-9.854273718790633
TTC23L,-12.038566227566943,-11.936289147751854,-11.741482398011792
RAD1,-10.653166330450087,-10.67033672535299,-10.901713062946369
BRIX1,-10.172480096179568,-10.366071173899233,-10.30162036567077
DNAJC21,-9.120258776976627,-9.13343138568082,-9.197396156659865
SPEF2,-10.557046629513755,-10.60754991188117,-10.727816384010117
UGT3A2,-12.794889393476376,-12.522889759400826,-12.461624506669665
LMBRD2,-10.63633078061871,-10.648464287917147,-10.801089848605594
SKP2,-10.400981043279755,-10.528933703213502,-10.657759137070721
NADK2,-10.152285459697119,-10.215870119767729,-10.19044178290449
SLC1A3,-8.424247083407614,-9.000392323257511,-9.232271782704462
ENSG00000274441,-12.456830697767938,-13.047887544098115,-13.162051198648276
NIPBL-DT,-10.811147287750805,-10.710704383018696,-10.820751603777186
NIPBL,-7.866453953371666,-7.878263867171663,-8.052391877958238
CPLANE1,-9.159659377093774,-9.146092297539033,-9.237169977137384
NUP155,-10.560636593389274,-10.647312170428972,-10.64493568753052
WDR70,-8.88557941148072,-8.959453144272869,-9.059039973129694
LIFR,-9.500174001820149,-9.648428307369029,-9.246889349131624
LIFR-AS1,-11.879278438465697,-11.683687706538874,-11.520422395183331
RICTOR,-9.08333439788541,-9.088893916038325,-9.29624346973447
DAB2,-10.841227927043676,-10.764727483049551,-11.001540049328906
TTC33,-10.24570503553028,-10.15848188719269,-10.31440796179893
PRKAA1,-10.140513109387342,-10.121469304808993,-10.320298869196863
RPL37,-6.604788126989961,-6.852546769645803,-6.773262879451907
C7,-10.495966069147187,-10.999581824984784,-11.372100034622777
PLCXD3,-8.571489165051874,-9.438197809196643,-8.554423982866949
OXCT1,-9.482942534198184,-9.585664780862928,-9.726658708990941
RIMOC1,-10.055584823159384,-10.143901179341583,-10.109703658358114
FBXO4,-12.07046903634994,-11.955457784355476,-11.779390571016346
GHR,-9.64785070270518,-9.444282382264317,-9.52667100665412
SELENOP,-9.940247582667176,-9.939831780408817,-9.8260015972628
ANXA2R-OT1,-12.390017118910224,-12.243035160320487,-12.461809682998222
ZNF131,-9.257921966169894,-9.271750438891008,-9.33127081849158
NIM1K,-12.285790223481547,-13.030654861325472,-12.780692899616579
HMGCS1,-9.647719584331544,-9.609702569412388,-9.820438825242233
TMEM267,-10.842400919316919,-10.95660638174078,-10.897617917933786
ENSG00000249492,-12.221408452525461,-12.165564077930153,-12.16663153137842
C5orf34,-11.772399040822698,-12.167367934488928,-12.110113812223974
PAIP1,-8.498579004019717,-8.644589589975716,-8.66271840120068
NNT-AS1,-10.160856767966875,-10.10986486605614,-10.047226521948595
NNT,-8.94571530462312,-9.122370661805077,-9.146125468293333
FGF10,-9.317853646124778,-8.985661894513482,-10.520307073605833
FGF10-AS1,-11.660071195412964,-11.396720871801236,-12.662066129192137
MRPS30-DT,-9.935985297100197,-9.863139896580147,-10.018928447730744
MRPS30,-9.699780984963938,-9.786222073225353,-9.723272497593026
ENSG00000272335,-12.250601103581735,-12.161129722269061,-12.37687204077881
HCN1,-7.973789612023747,-8.089069457337866,-8.332305562048248
EMB,-10.971471747911105,-11.292819616580505,-10.957308953590946
PARP8,-9.275013227190843,-9.487765848291282,-9.6750566150484
ISL1-DT,-12.170265693340582,-11.809265467150002,-13.041070218546004
ISL1,-10.022591054728991,-9.792287569287485,-11.30750792615422
ENSG00000288035,-10.645493574207793,-12.546373131757116,-12.453196257224167
PELO,-11.444375498061065,-11.35676238742657,-11.415521109669333
ITGA1,-11.468134373435726,-12.022694659695665,-11.948187473188357
ITGA2,-11.980898976680527,-11.818842669312529,-11.927711191723978
MOCS2,-9.4787178327003,-9.604010251898153,-9.445335525796851
MOCS2-DT,-12.833863136899067,-12.887924235488386,-12.611926738611496
FST,-10.95083580787597,-10.454879550086018,-11.270255416897118
NDUFS4,-9.105051982217377,-9.1343345772074,-9.083933504101944
ARL15,-7.958775410445662,-8.068987567633423,-7.9917817566959926
HSPB3,-11.401247389674163,-11.817595510865203,-12.052690306979851
SNX18,-10.41575901793594,-10.42839923961115,-10.87525347992467
GPX8,-9.60543232059128,-9.659888172232145,-9.769464512364321
DHX29,-9.492381833151551,-9.515233792097682,-9.559064626591042
MTREX,-9.234391038211164,-9.303619697900368,-9.317216942036449
PLPP1,-9.741346023972344,-9.749933159658774,-9.815548466132634
SLC38A9,-10.049623352012121,-10.048873122720597,-10.280849487302303
IL6ST,-8.788899131931894,-8.859111301344411,-8.997672894268247
MAP3K1,-9.565296299954252,-9.812775397748888,-9.766561059294379
SETD9,-11.448773224858755,-12.01271995072337,-12.959323824122821
MIER3,-10.393158097679658,-10.304720522539723,-10.52933567030778
GPBP1,-8.689439094102303,-8.72532771752533,-8.746561162609684
PLK2,-10.94624263911061,-10.907432033720784,-11.266436594128193
RAB3C,-12.535460476544426,-12.30375432535013,-12.541224843942723
PDE4D,-7.67908631636157,-7.775268712800103,-7.508936854283728
DEPDC1B,-11.097236875313655,-11.707050353375351,-11.48807659965481
ELOVL7,-12.630259711419953,-13.073667982506404,-12.759596046257675
ERCC8,-9.64380783137516,-9.588541805580878,-9.702818495622024
NDUFAF2,-9.402939706126707,-9.615360551286553,-9.508656619084856
SMIM15,-10.223703722414285,-10.307103370057694,-10.124056309619842
SMIM15-AS1,-12.49068698370323,-12.555751905938813,-12.226018963678312
ZSWIM6,-9.195328481860065,-9.20554710193772,-9.43032326858284
KIF2A,-8.936031886312238,-8.920879505154334,-8.987280440297726
DIMT1,-10.503663061619214,-10.530542537626532,-10.431392384501294
IPO11,-9.781010503423772,-9.832784579625311,-9.94884076487615
RNF180,-9.906837747102713,-9.959421704330751,-9.723732383236692
SREK1IP1,-9.705467182405819,-9.719298097696651,-9.852809741478838
CWC27,-8.820643754394812,-9.01126187538265,-8.861774032806261
ADAMTS6,-7.13953335648048,-7.706961798482713,-7.316563199095847
CENPK,-10.33647853213385,-10.746661543168058,-10.65096836539033
PPWD1,-9.950917369229025,-10.043392717023037,-9.996208709174741
TRIM23,-10.086218797335231,-10.066267628700082,-10.172194757193484
TRAPPC13,-10.342935714164687,-10.341578805948275,-10.498385066160722
SGTB,-10.931379077521182,-10.836229604388826,-10.834044185362828
NLN,-9.518530715066298,-9.840519583301496,-9.724395352493556
ERBIN,-8.266348434798813,-8.357374866884074,-8.54811720032973
ENSG00000286314,-12.326618826719141,-12.382274661488841,-12.674665478026633
ENSG00000285999,-11.221437686900252,-11.312471703084297,-11.607979028844486
SREK1,-8.961177553395512,-9.045732575777093,-9.088743946870162
MAST4,-8.307693587307215,-8.589803654441159,-8.501658444972321
LINC02997,-13.115064148013465,-12.348389595107546,-12.28495841414819
ENSG00000250421,-12.69623771349733,-10.426811225261135,-10.383172767767757
PIK3R1,-9.41896997441785,-9.551984182431733,-9.77344791761666
SLC30A5,-10.05372878754683,-9.845504859016616,-10.105004957874648
ENSG00000248664,-12.577913093500522,-12.131020503495812,-12.793053578066097
CCNB1,-9.95712267144496,-10.373412904808362,-10.421915147334758
CENPH,-10.614139395765864,-11.172867677927414,-10.794846087671988
MRPS36,-9.423976324344846,-9.475592571606457,-9.390027467592313
CDK7,-10.740614350889492,-10.75906401138109,-10.890894176241403
CCDC125,-11.74749586068994,-11.589108246176016,-11.645418965292464
AK6,-10.424628122219533,-10.534112020186537,-10.522144586037273
TAF9,-9.586717508825576,-9.692009520760864,-9.751542968789922
RAD17,-9.95190800037618,-9.956062850133714,-9.984692546260291
MARVELD2,-11.725059968319679,-11.768875645672063,-11.71848570385767
OCLN,-11.707906992857215,-11.632879434535694,-11.661470760449703
GTF2H2C,-11.536371369050926,-11.680036432410006,-11.129349400524523
ENSG00000290560,-11.69636872835483,-11.55706508246694,-11.975724179403464
ENSG00000291220,-12.915981358027611,-12.416640412747842,-11.739185086915647
SMN1,-11.71238510843915,-11.843929828704482,-11.98246077370899
NAIP,-11.699328994010067,-11.31149326910608,-11.373684720599702
GTF2H2,-11.306911919281799,-11.251189063693388,-10.422993421617642
LINC02197,-11.879315282381967,-11.38389689501424,-12.084809937309647
BDP1,-8.519473064112734,-8.528671898085335,-8.691004605904999
MCCC2,-10.149677639859847,-10.240764930601268,-10.321299543637986
MAP1B,-8.509993597914383,-8.321723106989786,-8.415818152950267
MRPS27,-9.823155922375124,-9.870992232100372,-10.052928545806667
PTCD2,-10.899229594003437,-11.022268023067072,-10.935346356856613
TNPO1,-8.845633989150098,-8.899322551081994,-8.952163849112353
FCHO2,-9.588299017560976,-9.553176496180317,-9.671281653141675
BTF3,-7.372647366948612,-7.592857440835124,-7.458940748374217
ANKRA2,-10.836852596111989,-10.794598892284803,-10.887912811062902
UTP15,-11.402168531259163,-11.456420073193568,-11.508200513624491
ENC1,-10.767839654425217,-10.908919781453497,-11.536752396080136
HEXB,-11.384427213449689,-11.486462035496322,-11.436603704733267
GFM2,-10.022836105997994,-10.08309006408344,-10.008157253399522
NSA2,-8.819567445776945,-9.053636974506883,-9.04811512112777
FAM169A,-10.357337225281407,-10.256556678702761,-10.495164583690052
HMGCR,-10.166269674318153,-10.029344814388654,-10.337565619526629
CERT1,-9.269965426657603,-9.343904958193635,-9.401009831052841
POLK,-9.783755825768242,-9.755019721160298,-9.846877682707822
POC5,-11.056340523763462,-11.102444484512882,-11.257331399807839
IQGAP2,-11.102853060081031,-10.90036701069158,-10.360154092560515
F2R,-11.123210243063562,-11.534160631134831,-11.224086132530472
S100Z,-12.753213919293204,-12.499911888936545,-11.46408235267201
CRHBP,-11.780735386914165,-10.899026856660425,-10.282801202251681
AGGF1,-9.922205519862851,-9.942024012992213,-9.785512531819045
ZBED3,-10.813205785920122,-10.99889578790367,-10.909795193791043
ZBED3-AS1,-10.399677079556628,-10.36672437402066,-10.399971003830625
PDE8B,-11.8992894686143,-11.797826857660024,-11.975471874181975
WDR41,-9.766518168446561,-9.784218352701942,-9.821276925551501
TBCA,-8.325013241063928,-8.408446464714814,-8.271435821326953
AP3B1,-8.606902397871592,-8.738511826512275,-8.83051630632393
SCAMP1-AS1,-11.69223824608019,-11.829809140397233,-11.946832132376544
SCAMP1,-9.230149489588031,-9.381572376332455,-9.346395242580007
LHFPL2,-8.331565088282034,-8.213967298870582,-8.512194886770489
ARSB,-10.099593927218391,-10.126366819449235,-10.429922823734561
DMGDH,-10.989906074756943,-11.0404682240232,-11.16236862756121
JMY,-9.796336870225222,-9.952223577368574,-10.11809003316022
HOMER1,-9.241163966156696,-9.19129643902959,-9.49586428862851
TENT2,-8.907909978056304,-8.99740687994554,-9.096262298120168
CMYA5,-9.04084421968602,-7.650675558028501,-7.999086440812037
MTX3,-10.332399845805899,-10.412402967368017,-10.415172512739089
THBS4,-10.797419536771432,-10.649821232317581,-10.888340253611485
SERINC5,-8.772334412823682,-8.703329775168397,-9.440037264956862
ZFYVE16,-8.670767211528752,-8.55181394740348,-8.813011057461214
FAM151B-DT,-10.948313924631075,-10.966923781551007,-11.234561776151272
FAM151B,-12.048132245221407,-11.97334203524671,-12.016179846763816
DHFR,-9.30674116584155,-9.537579995570871,-9.532989282194936
MSH3,-9.270018579608248,-9.358601974421212,-9.380387847762721
CKMT2-AS1,-10.110091448923257,-10.224772443825673,-10.368366319399579
CKMT2,-11.680610034803628,-11.578363003263373,-11.320439343339235
ZCCHC9,-10.595737838178048,-10.729384931838382,-10.752103072077311
ENSG00000286721,-12.940162559189298,-12.642488533581437,-13.095525886809755
SSBP2,-7.651641145432603,-7.592715696928457,-7.80670972285192
ATG10,-9.218066923436883,-9.333152941389585,-9.334721223916024
RPS23,-6.1700769676202585,-6.364981108012761,-6.274356759140544
LINC01338,-11.943403607193233,-12.055715275254475,-12.5318515794383
TMEM167A,-8.619677858604817,-8.657401566771973,-8.884140256218322
XRCC4,-9.61252351200407,-9.191837192024247,-9.483235661410008
VCAN,-5.753483317084596,-5.619606943919408,-6.337480440162578
VCAN-AS1,-11.176740812073222,-11.01538272889526,-11.473306359195472
HAPLN1,-10.128704276889039,-9.850523967497963,-11.303593586670132
EDIL3,-11.191312848144102,-10.479986767833676,-11.69350451556376
COX7C,-7.2674577238953235,-7.4012887915598,-7.28193247804137
RASA1,-9.181365627056584,-9.143113774977031,-9.231433002546554
CCNH,-9.059542671714828,-8.99560210702744,-9.027878700932165
ENSG00000287862,-11.290098360616934,-13.110101696422674,-11.420127119394214
TMEM161B,-10.204792854812874,-10.177389902494133,-10.127413024223557
TMEM161B-DT,-9.220397847375475,-9.27426052838835,-9.041974709478525
MEF2C-AS2,-12.402659495172927,-12.374075684738887,-12.422265591317924
MEF2C,-7.62980353735836,-7.62139771577621,-7.838284557620097
MEF2C-AS1,-9.859634817117898,-9.677990869623553,-9.48990820914897
CETN3,-10.146890516550306,-10.262036301834314,-10.05464793150902
MBLAC2,-11.113304413081773,-11.256144400491438,-11.16425220677143
POLR3G,-11.594936268928311,-11.930494553946687,-11.792481982480775
LYSMD3,-10.43045030131616,-10.383951294714473,-10.399322788622802
ADGRV1,-9.208040479409625,-9.518807967555954,-9.3281879598577
LUCAT1,-13.02719910432404,-12.958940596123675,-12.719428737914898
ARRDC3,-9.952914815976113,-10.190569438743042,-10.168399908137063
ARRDC3-AS1,-10.071922166531117,-10.104782418626316,-9.969139129635524
ENSG00000286121,-11.347049008179825,-11.302402942983514,-11.182867175799057
ENSG00000249776,-11.519150266050726,-12.371541291241082,-12.643381203513615
FAM172A,-9.054443988784756,-9.085763127843107,-9.163905780454577
KIAA0825,-10.038394109100755,-10.00743461232956,-10.306390446038616
SLF1,-10.162842917021054,-10.339827227187877,-10.510010573495437
SKIC3,-8.773109787462298,-8.684021845302835,-8.789031641705847
ARSK,-10.560607627962764,-10.539469112275102,-10.728914972066471
SPATA9,-12.596180357072774,-12.283768155309748,-12.883497923122803
RHOBTB3,-8.00781235905745,-7.793738770186823,-8.04709139538104
GLRX,-10.26542993443234,-10.77315369171099,-10.18674719847991
ELL2,-9.17045479450394,-9.200755089116406,-9.19306181967452
ENSG00000251314,-10.075027844408826,-10.063128205546539,-10.055845370363292
CAST,-8.503727657128234,-8.524159283997124,-8.538491683393497
ERAP1,-11.422587816553516,-11.464568818949886,-11.400974662750956
ENSG00000247121,-10.84381135808546,-10.63858243197254,-10.820743510969987
LNPEP,-8.997657300558599,-8.928118639594683,-9.21274907899679
LIX1-AS1,-10.863490316834575,-10.739239927860707,-10.33751286172648
LIX1,-8.816552252261356,-9.055102514060792,-8.745032439523651
RIOK2,-10.042554066254631,-10.191237929883192,-10.177429534380616
LINC01340,-12.596413670883653,-12.588184152207095,-11.628310560469043
LINC02234,-12.957402229914061,-12.845416600467722,-12.250661818055661
RGMB,-11.832204285862549,-11.913269615875475,-11.97537480337578
CHD1,-8.973281936114969,-9.031035811064624,-9.014961965036226
CHD1-DT,-10.761937103267469,-10.678532019655671,-11.044999319512224
FAM174A-DT,-11.530777858443681,-11.618990074502324,-12.197072029049936
FAM174A,-10.93132776420728,-11.054786065338886,-11.592181907901205
SLCO6A1,-12.593171629960482,-12.316517002667144,-10.411352947834695
LINC00491,-12.98218915030871,-12.994056971574377,-10.619815174758957
PAM,-8.125247339149496,-8.168031663522745,-8.00807749499654
GIN1,-11.152060014373061,-11.208927924144138,-11.13970035420433
PPIP5K2,-9.07416385684985,-9.287577123846702,-9.085118798292083
MACIR,-11.120862037555062,-11.239387916576016,-11.22657030136642
NUDT12,-11.251306618022717,-12.022003717000786,-11.108937873477073
NIHCOLE,-12.525050408428033,-11.105555823008956,-10.671591581507045
EFNA5,-8.612769746724384,-8.9062049665271,-8.582075885272568
FBXL17,-8.093073230452507,-8.007213611005984,-8.30406815724313
ENSG00000286503,-11.909160689518881,-11.967899012308292,-12.313436243412317
FER,-8.056778073280894,-7.911067574322027,-8.161513107228929
PJA2,-8.593915163091314,-8.464689707269974,-8.69994949204399
MAN2A1,-9.905617448455201,-9.729241963294644,-10.514010292535827
TMEM232,-9.586763076912606,-9.875348565854374,-9.388457066565113
SLC25A46,-9.808038991911294,-9.759283126470393,-9.756155640136882
WDR36,-10.006919467276049,-10.096964480431383,-10.058107551530059
CAMK4,-12.528988004292646,-12.906512425547671,-12.667222115891805
STARD4,-10.11715514028094,-10.575159787569135,-10.310584590384101
STARD4-AS1,-9.555507370150588,-10.050328427269525,-9.640970119455044
NREP,-6.957885372290917,-7.410959966657767,-6.917847254943075
EPB41L4A,-8.695252268749593,-9.000001897925323,-9.311761865270782
EPB41L4A-AS1,-9.57332876400886,-9.840088673738508,-9.586868003614391
APC,-8.978562031989963,-9.054715250573347,-9.183280084683554
SRP19,-9.270242995299537,-9.366261221344416,-9.355420274324041
REEP5,-9.297871576292335,-9.300901409440312,-9.425742827693215
DCP2,-9.457185340501727,-9.417999871852771,-9.513829597603292
MCC,-8.202942755144358,-8.232620568901192,-8.4030054875754
ENSG00000232633,-12.378050222948506,-12.208800185525103,-12.40897985968909
YTHDC2,-9.482458125921838,-9.545692892278696,-9.587865561941038
KCNN2,-8.069500774861385,-7.792713600770663,-8.36028058318899
TRIM36,-11.353936814829149,-12.136616360765125,-12.315459981571417
PGGT1B,-10.085394350312432,-10.137049345398399,-10.139075206387819
CCDC112,-9.927555088343286,-10.14125773635048,-10.022811439867246
FEM1C,-10.7555422040527,-10.76492808984425,-11.005312134728197
TICAM2,-11.84141614994789,-11.939785180588295,-11.97876357544955
TMED7,-9.889632688778363,-9.838912432837247,-9.9460910758241
CDO1,-10.758178724335306,-11.482395837044026,-11.257822103846767
ATG12,-9.671247275390739,-9.91901089571126,-9.7609778569872
AP3S1,-9.444514405493317,-9.630388065009095,-9.561095326221364
COMMD10,-8.538386209352725,-8.54742094718893,-8.776509363099066
SEMA6A,-9.643929766343883,-10.00510495703326,-9.902922203140694
SEMA6A-AS1,-11.231742291987036,-11.080027949577632,-11.117650320705401
LINC02208,-11.430204189655104,-11.65568619768004,-10.951699385785197
DTWD2,-10.238974123198986,-10.205262692544276,-10.325990527093303
DMXL1-DT,-11.74383764014172,-11.814296710917903,-11.594384407115603
DMXL1,-8.989731410962227,-8.990449442044158,-8.956894896439453
TNFAIP8,-9.665455047772411,-9.676199155078844,-9.676984282033049
HSD17B4,-9.349216988976007,-9.292032683345907,-9.368591513889319
PRR16,-11.31164469974048,-11.186605212466215,-11.25595258632756
SRFBP1,-10.047279405230544,-10.020727130326373,-9.885286523754715
SNCAIP,-10.011255523063095,-10.649281534850077,-9.898217427630536
SNX2,-9.427314974437515,-9.42924906991987,-9.38959907440199
SNX24,-9.685014589029407,-9.700173031049243,-9.756611180281345
PPIC,-8.707781033786558,-8.701113319667883,-8.732325317855862
PPIC-AS1,-12.748731531902271,-13.120180385713356,-12.899698916553676
PRDM6,-9.73688566762135,-10.515278064108458,-9.9909393369101
CEP120,-10.337727399940768,-10.378585966266815,-10.498444031132474
ENSG00000288766,-12.246570122405284,-12.537962677332057,-12.80885672656186
CSNK1G3,-9.316423669980571,-9.318333879093084,-9.513826863208465
LINC01170,-10.105002155784188,-10.093532357542312,-10.139789108889081
ENSG00000248296,-11.667928072747573,-11.765827261887932,-11.843829492011235
ZNF608,-8.096016106453801,-8.065088624002334,-8.412149708739898
ENSG00000249112,-12.592663466834773,-12.613555091203102,-12.907147041201794
GRAMD2B,-10.891399844727978,-11.004488332524945,-11.116247210851357
ALDH7A1,-9.033907150285966,-9.11722740364631,-9.167960476701019
PHAX,-9.958488396448027,-10.093788713474657,-10.098878951774594
LMNB1,-9.641971252369189,-10.080169725171519,-10.033966756320213
MARCHF3,-9.410709388815517,-9.540743211364045,-9.167736364620527
ENSG00000286615,-12.942709782714678,-13.091149694075828,-12.702884712810025
MEGF10,-10.602763648982306,-10.918974165889413,-10.439661470656382
PRRC1,-10.1311596483461,-10.11924022108641,-10.075929385895344
SLC12A2-DT,-9.965955007202137,-10.043909003224174,-10.02721671113604
SLC12A2,-10.261172611634644,-10.405259670230745,-10.352577310877871
FBN2,-5.942858172249101,-5.785475962894343,-6.233279400343439
SLC27A6,-9.679986718339924,-9.31944507504369,-9.443345148545054
ISOC1,-9.309914177137209,-9.46614470175165,-9.375637929181805
ADAMTS19-AS1,-10.750103022276944,-11.039267550294616,-10.744993588657087
ADAMTS19,-7.0496453260898475,-7.332795492778451,-7.121931588297692
ENSG00000251680,-10.270730934367805,-10.473075279765961,-10.24030157109006
MINAR2,-12.624505416668645,-13.185816838110885,-12.334502786305183
CHSY3,-10.026557008408556,-10.362925531599915,-10.496332460288794
HINT1,-7.791956508890421,-8.038880577964056,-7.894864754812106
LYRM7,-10.372562869474896,-10.465943140260297,-10.338607327170834
CDC42SE2,-9.98098414879388,-9.807857282368538,-9.968890866844154
RAPGEF6,-8.838002941409766,-8.946608405194143,-8.953289906915616
FNIP1,-8.87141045012036,-8.940458386381339,-8.985570360316853
P4HA2,-10.878855826488994,-11.15104497639698,-10.773702257620018
PDLIM4,-12.297356052514743,-12.387231690464853,-12.116302854623836
MIR3936HG,-10.947201163312682,-11.218132705420674,-11.249622002335432
SLC22A5,-12.050309308677063,-12.251257125046166,-12.219760117067871
IRF1-AS1,-12.19208648924311,-12.536236245066892,-12.49006499940696
IRF1,-12.279899586493592,-12.953143380256993,-12.704369561954099
RAD50,-9.15133544262339,-9.171932154488845,-9.072736766029081
KIF3A,-10.149111071682386,-10.291587350779018,-10.319273391146456
SEPTIN8,-11.0049525028382,-11.128002754653568,-11.234761056004
UQCRQ,-8.75616025008855,-8.887906248121643,-8.835202991924099
AFF4,-8.680812643461937,-8.626574884971358,-8.726742378863916
ZCCHC10,-10.38124080527253,-10.399886597427896,-10.525899713245506
HSPA4,-8.484237231330836,-8.535255414367523,-8.589184360654558
C5orf15,-9.731062883379865,-9.751376331199896,-9.944253578761034
VDAC1,-8.403292963539567,-8.509733383462448,-8.35112759290319
ENSG00000271737,-13.008712211500214,-13.059589957694062,-13.122772853954885
TCF7,-11.437121297672125,-11.651626804524833,-11.691820062921392
SKP1,-7.79786118513399,-7.821917334347199,-7.794535783743997
PPP2CA,-8.977474180184258,-8.972791129379388,-9.03375926540991
CDKL3,-10.493908490060788,-10.53559184674075,-10.74110654282427
UBE2B,-8.807020288162127,-8.830054749508758,-8.961161694836482
CDKN2AIPNL,-10.665299901170863,-10.774721050689733,-10.762054068939479
JADE2,-12.672475143380222,-12.699637635081489,-12.406909075256735
SAR1B,-10.02998816295257,-10.046058362388312,-10.182645412980325
SEC24A,-10.495579488727055,-10.49217452037651,-10.555300575454561
CAMLG,-9.698423585804576,-9.78157162469173,-9.691362358641385
DDX46,-8.637005329336828,-8.752356236436464,-8.744000159935986
C5orf24,-9.085934783895752,-9.118737500744611,-9.337787734753208
TXNDC15,-9.991265435071275,-10.096077377303752,-10.18267755774085
PCBD2,-10.211896944192015,-10.426238772533852,-10.487545880982998
PITX1-AS1,-13.07359084826314,-13.004952181819451,-12.905064293378073
MACROH2A1,-8.440063383146509,-8.372895240890943,-8.419631866481279
CXCL14,-10.988649533987344,-11.459042099120307,-10.004549301531556
SMAD5,-9.058593722110622,-9.145085337346002,-9.054823135821938
SPOCK1,-9.889591900752999,-10.801927230337263,-9.579801495082735
KLHL3,-10.438316182675978,-10.798807155948005,-10.133926811297748
HNRNPA0,-8.983282781555129,-9.088666425249444,-8.99568857621802
FAM13B,-9.068781295727662,-8.994550188520167,-9.209178252055409
NME5,-11.232421956101856,-11.070753639505424,-11.284667889960598
BRD8,-9.556655797059426,-9.65742016672538,-9.882010993116019
KIF20A,-11.201647046371237,-11.785533292853534,-11.813759616868492
CDC23,-10.406622560232593,-10.482530557598215,-10.553122642731998
CDC25C,-11.188203512030487,-11.806598773775612,-11.896676651210282
FAM53C,-11.001274588105694,-10.913439943272275,-11.09364583903211
KDM3B,-9.202294172575748,-9.262241786830478,-9.4539053952257
REEP2,-11.689541472589605,-11.721801193327595,-11.86447788439224
EGR1,-9.70264107984185,-9.17607745615476,-9.978680171785152
ETF1,-9.38572535401293,-9.499529903745426,-9.453181582422179
HSPA9,-8.723303796522291,-8.832967633575914,-8.661867392665515
CTNNA1,-8.34005330536377,-8.339305363511606,-8.46400460374786
SIL1,-10.018327289962727,-9.99066118300394,-9.91637506040144
SNHG4,-11.78620204978295,-11.112196783778195,-11.694749947349084
MATR3,-7.52744375290928,-7.562543474801973,-7.670501213996302
PAIP2,-8.889641250571154,-8.858722504575335,-8.976174897325057
SPATA24,-11.475404923007353,-11.621641652805591,-11.464798965541904
DNAJC18,-10.410482307955375,-10.532681676590176,-10.568948077486322
STING1,-12.212800366806889,-12.15867442517761,-12.393336015647346
UBE2D2,-8.732701119292413,-8.82244716205066,-8.8332144480929
CXXC5,-9.805264809522614,-9.88691614543552,-9.884345817391354
NRG2,-10.938789987771218,-10.374340369531623,-10.646370827070085
PURA,-10.058917215090482,-9.942800714470192,-9.93627340205574
IGIP,-12.795905736166016,-12.47988530405556,-12.738185996322088
CYSTM1,-10.374136515172994,-10.349569055865793,-10.306103605414984
PFDN1,-9.520083797945636,-9.513351224056054,-9.685777829446764
ANKHD1,-8.946995412771704,-9.042014450480494,-9.052850394052964
SRA1,-10.05205577658234,-10.321860553166948,-10.225005664474102
EIF4EBP3,-12.352952396799317,-12.352332635886079,-12.102720199054788
APBB3,-12.46171333601624,-12.380068800360835,-12.59126991137406
SLC35A4,-11.8717534395749,-11.84377652658646,-11.89926116077166
NDUFA2,-9.000164190877259,-9.07277674763788,-9.069878543870177
TMCO6,-12.732323828001423,-12.921835887510287,-12.993533437966747
IK,-8.748080599304219,-8.836115929655358,-8.88543010586796
WDR55,-11.705205437335824,-11.515506429870204,-11.923741658305937
HARS1,-10.297679119579103,-10.467033573289434,-10.40916770214883
HARS2,-11.380805062915405,-11.545723362204901,-11.509662933925489
ZMAT2,-9.541943328367708,-9.624110738948886,-9.723331228413803
ENSG00000279726,-11.894393854047912,-11.656336747980607,-11.841500762921012
PCDHA4,-13.224251228255751,-12.881173782984561,-12.530555052880818
PCDHA10,-12.2667628080515,-11.86506283286957,-10.697248793078513
PCDHA12,-11.257498267331952,-11.183259897655006,-11.931897276897018
PCDHB2,-10.777698343090561,-10.552951177803113,-11.432483222160107
PCDHB10,-12.120900362502226,-12.598608258067502,-12.680121147566041
PCDHB14,-12.358600409900133,-12.512112817205352,-12.496670135657116
PCDHB15,-12.152086673573068,-12.786337088980096,-12.527732940378272
TAF7,-8.62156325055654,-8.600356442383383,-8.71063321744127
PCDHGB6,-10.644892150890998,-10.53153076314865,-10.966563618586912
PCDHGA10,-12.422182405348295,-11.265545904865638,-11.64075985529662
PCDHGB7,-11.828660525639508,-12.226807520416365,-12.984192444084533
PCDHGC3,-13.164735170282265,-12.951460125741457,-12.881897461057903
DIAPH1,-10.013687278701497,-9.953137078857623,-10.169738254932847
HDAC3,-10.233751286405475,-10.242457828440116,-10.264174565070293
DELE1,-10.351346978397197,-10.394743492382453,-10.445724236527418
RNF14,-10.530449773700925,-10.521949624948142,-10.242250156518256
GNPDA1,-9.883991570948828,-10.012023218827101,-9.904229424488536
NDFIP1,-9.002032849549812,-9.007597403701318,-8.99846426021897
SPRY4,-12.051324403935919,-11.735790065278671,-12.28319295585963
SPRY4-AS1,-12.135187953007806,-11.775451196260983,-11.996535078902486
LINC01844,-12.34702618420434,-12.990392361609764,-11.742805578101335
ARHGAP26,-8.470535335411638,-8.522060492405831,-8.455579953067105
NR3C1,-9.179991714506459,-9.731985333640363,-9.412129045554972
YIPF5,-9.785138128933424,-9.849936411102087,-9.876799614247881
KCTD16,-12.040441549528795,-11.875756028222035,-12.024156568811193
ENSG00000251031,-10.818214128774985,-10.433112755172365,-10.461224918989124
ENSG00000250842,-11.335134891331347,-11.215910248344198,-11.101440743176228
PRELID2,-9.133909158364029,-8.964685951082501,-8.999623666192912
SH3RF2,-9.465503827065442,-9.553453683707803,-9.772883694464841
PLAC8L1,-12.306223006700561,-12.40622185376105,-12.325858682196088
LARS1,-8.627531909483233,-8.681030413600203,-8.652017787620796
RBM27,-9.094939245985167,-9.090821829394946,-9.157783772337817
TCERG1,-8.810972033869765,-8.93891160410876,-8.922514288287003
PPP2R2B,-8.452113601724125,-8.648284058822462,-9.654559062259633
STK32A,-12.511913322990745,-12.471757079055994,-12.647215889189827
DPYSL3,-8.609418179154085,-8.399801702019472,-8.891820705479342
JAKMIP2,-10.906837903731802,-10.670027642409265,-10.709777675106837
FBXO38-DT,-10.224598692736553,-10.111025081321193,-9.86309698344724
FBXO38,-9.961753454477202,-10.013780925482239,-10.06527698341908
HTR4,-10.91524281613797,-11.011722031686181,-9.673856775888039
ADRB2,-12.306170581151976,-11.922399431119675,-11.76186505433913
AFAP1L1,-10.815180411349566,-10.657929607131644,-11.228180949681953
GRPEL2,-12.454781267323026,-12.488497831878654,-12.551721824688597
PCYOX1L,-11.535069476944086,-11.565461850200006,-11.851057210865763
CARMN,-10.163205089254395,-10.241927384510637,-10.409618747525645
CSNK1A1,-7.8793920444788235,-7.93138727127643,-8.052534075891195
ARHGEF37,-12.11272413101723,-12.544675976136295,-12.24897679757367
PPARGC1B,-10.974003264396718,-11.21141252169034,-10.977497976453726
SLC26A2,-10.463286934121456,-10.485315355016613,-10.437940141554678
TIGD6,-13.032451996338734,-12.984911299436511,-13.128588708635611
HMGXB3,-10.034339249215352,-10.033967468831348,-10.198080476931715
CAMK2A,-10.484757076996456,-10.464493698663814,-10.42897356736405
TCOF1,-10.335566825203648,-10.488929079926928,-10.551501075361537
CD74,-12.282571849684077,-12.25314437233561,-11.661001397603979
RPS14,-6.1440938985811355,-6.43655340950922,-6.172965743471352
NDST1,-10.746191420398775,-10.809624232758502,-10.909473017387755
RBM22,-10.254651609150523,-10.247995376469378,-10.449894892203023
DCTN4,-9.690540272401755,-9.71414778694365,-9.833323831628034
SMIM3,-11.519315310672157,-11.438923067166208,-11.472417005666266
ZNF300,-12.069815078527117,-12.249405058758642,-12.054824336832171
GPX3,-12.198654497970642,-12.147971698775454,-11.797769747136993
TNIP1,-10.374014911360739,-10.545225693784303,-10.440544556738056
ANXA6,-9.05470556317726,-9.146321342107612,-8.9421418397278
CCDC69,-9.586499760419533,-9.824238508603086,-9.707573681023106
GM2A,-10.883496472271535,-10.916387373956953,-10.525026340231836
SLC36A1,-11.218578802176202,-11.437886150974798,-11.79835191267421
SPARC,-9.161130366118437,-9.24183091573154,-9.19499834042273
ATOX1,-9.607865192183397,-9.724901932145448,-9.648926149075757
G3BP1,-8.617498067549436,-8.697029141446547,-8.728431767907049
LINC01933,-12.921465205877269,-12.351252578405436,-12.551135170073321
GRIA1,-11.891379476483248,-10.887904275527701,-11.683572746143906
FAM114A2,-10.608676454133978,-10.70445950404209,-10.70411768304637
MFAP3,-10.523048726954245,-10.731213839929872,-10.709874587393342
GALNT10,-10.413424141322512,-10.243866536038597,-10.731829656989827
SAP30L-AS1,-11.905541692290955,-12.29197193814411,-12.021104427782646
SAP30L,-10.611114542317546,-10.736183988631714,-10.717943899820678
HAND1,-9.271769131078575,-10.009598830762046,-8.866058512379013
LARP1,-8.881950703307783,-8.954864876383187,-8.941783359959427
FAXDC2,-10.41859637155251,-10.45243037133581,-10.61467074421139
CNOT8,-10.712961253283988,-10.717801632181702,-10.842631923438464
GEMIN5,-10.380312923308336,-10.59757366231246,-10.48328348335899
MRPL22,-9.82009905933053,-9.965236599808385,-9.881650122390878
SGCD,-11.99147049964862,-12.299333651714457,-13.209878931618851
HAVCR2,-11.907446659888286,-12.147479854922429,-12.123143610311123
MED7,-11.122942758130142,-11.205431452244309,-11.04512855648556
CYFIP2,-9.019612465237014,-9.55280224013175,-9.201792834115754
ADAM19,-10.38466507786002,-10.500995280845386,-10.954709772182317
THG1L,-10.690896121219948,-10.77908081534596,-10.970842684410195
LSM11,-11.779717335865817,-11.925938460887743,-11.955229358375687
CLINT1,-8.865028135205272,-8.946005502114623,-8.928627391802893
RNF145,-9.344092062639213,-9.342967834411121,-9.557310337559494
UBLCP1,-9.905335648499031,-9.947604431753202,-9.900880472433325
ENSG00000249738,-11.74609355035208,-12.576280709689554,-11.431755907992363
TTC1,-9.632501012655478,-9.642865698195198,-9.65280857091604
PWWP2A,-9.766217105699905,-9.727433883413482,-9.69606665364013
CCNJL,-10.841035337979012,-11.043499456397484,-10.909365938524784
FAM200C,-11.975714144404481,-11.967553380408594,-12.003326896843692
SLU7,-10.07264704931854,-10.230547429610219,-10.287207708800059
PTTG1,-9.339692100070922,-9.80864714596183,-9.86483450613309
GABRB2,-10.284264461057594,-10.898182644488823,-11.12157280429163
ENSG00000254186,-10.679007149737,-10.691629669669135,-10.030929931444847
CCNG1,-8.964136120674745,-9.071572565151381,-8.978818511856165
NUDCD2,-9.879975227832324,-9.926433932014689,-9.920061279242775
HMMR,-10.430685982058645,-11.096610586010208,-10.91641951443949
MAT2B,-10.640205762043944,-10.82978418864327,-10.882242588541962
LINC03000,-9.592730480166102,-9.041057032496255,-9.194909583552212
ENSG00000253693,-11.164353345091579,-10.441281196787864,-10.415485781924241
TENM2,-9.809452828433304,-10.14560628763595,-10.000419057509186
WWC1,-11.118774252921188,-11.522718132848949,-10.910946153997774
RARS1,-9.421251375425777,-9.613485652205277,-9.469339313365538
PANK3,-9.310371030165511,-9.35254838291114,-9.315764940899667
SLIT3,-7.10322968537717,-7.09178536944548,-8.181827124805215
SLIT3-AS1,-12.102943836925455,-12.307668751939476,-13.167204737029461
SPDL1,-9.973699894976782,-10.209413763798565,-10.06426324450099
DOCK2,-11.73084506700715,-12.269320488796321,-11.62669167790766
INSYN2B,-10.584656429666106,-11.223507944792471,-10.427173500634106
KCNMB1,-13.222073378967753,-12.999711016645593,-12.69360816538663
RANBP17,-9.073189979929385,-8.48872036452854,-8.645853185612514
NPM1,-6.788215584019604,-7.074342731491297,-6.899145982353914
FGF18,-10.046580999877905,-10.158131078339677,-10.906063941748348
FBXW11,-8.910351428237636,-9.014872285997617,-9.017331572059668
STK10,-11.35366945829177,-11.551366404776255,-11.65348770786509
UBTD2,-9.627709381380837,-9.60788193929726,-9.681423741433909
SH3PXD2B,-10.318064556999312,-10.32278436201365,-10.438147776470313
NEURL1B,-10.249824226706162,-10.430185884003784,-10.327798570146813
DUSP1,-11.301351594188334,-11.139433826664135,-11.293519379959337
ERGIC1,-10.082600244333829,-10.114926675899206,-10.201433929148045
RPL26L1,-9.574939606241061,-9.774741200726607,-9.619316949860044
ATP6V0E1,-9.084466688670533,-9.086366745373297,-9.12506846099963
CREBRF,-10.033039321745017,-10.073239754710356,-10.311379155670092
BNIP1,-11.469867794708565,-11.521304206002464,-11.794103547719642
NKX2-5,-7.858086671955346,-7.981195446413488,-7.929180393477315
ENSG00000289493,-8.552328379124768,-8.345835821798458,-8.665794169465146
STC2,-10.624944240032129,-11.28857679804638,-10.959696411355417
BOD1,-9.371091344284528,-9.536273115336732,-9.526968715092847
CPEB4,-8.899019894180345,-8.77091851286316,-8.991779252357064
ENSG00000289085,-12.427898281282788,-12.309466421613607,-12.55630281296268
LINC01411,-13.174431047320544,-13.125416305524276,-12.975966394670913
MSX2,-10.356125265172937,-10.400095520660171,-10.048863199234695
DRD1,-13.010893566312689,-12.897798395788072,-11.686852921950537
SFXN1,-9.00647012568006,-9.197150661837147,-8.9139071946524
HRH2,-10.866449068446556,-10.69790815178154,-10.628102754465383
THOC3,-11.247175487107647,-11.038728573099624,-11.154342299362206
SIMC1,-10.07962181554167,-10.295937801947742,-10.158895443930243
KIAA1191,-9.902379343061366,-9.991193249849339,-9.916625224795538
ARL10,-10.720826168760903,-10.796238779437978,-10.856238285391216
NOP16,-10.704367107700396,-10.867083773878313,-10.73808431816983
HIGD2A,-8.582843347983104,-8.669699367246881,-8.594117959357488
CLTB,-9.507899249549231,-9.605953215640525,-9.580695652654184
FAF2,-9.616284640532156,-9.660857340823792,-9.752461136010995
RNF44,-10.787645438002583,-10.95299668119168,-10.931706674579774
TSPAN17,-11.825760328091453,-11.80521015659337,-11.904487712045196
UIMC1,-9.713446349793351,-9.795222749717954,-9.893814771106056
ZNF346,-10.37074391462892,-10.443277016872505,-10.556175128670684
NSD1,-8.827636753333374,-8.779722956101711,-8.991406504111172
RAB24,-12.812916474394772,-12.96395492734371,-12.634886268990323
MXD3,-12.247551230208183,-12.528889524639567,-12.71901967097653
PRELID1,-9.483363824830938,-9.609680358209246,-9.51907840913896
LMAN2,-9.596471963460475,-9.618110890770748,-9.682675288687294
RGS14,-12.869444145803154,-13.268401019529486,-12.77670743978667
GRK6,-11.26185022816469,-11.441408829430634,-11.367053793508218
PRR7,-12.244261306604601,-12.207843214285464,-12.072622115620495
DBN1,-9.681156254912898,-9.649257467771315,-9.847029673241543
PDLIM7,-9.925176814231014,-9.883417971020759,-10.244069323672484
DDX41,-10.916556075288725,-11.086290285044539,-10.94876488438919
FAM193B,-10.59457107398614,-10.671479141419404,-10.752679938751522
TMED9,-9.077709227423881,-9.117100649505133,-9.186482660711286
B4GALT7,-11.615724984065272,-11.775875341111277,-11.849909657011267
ENSG00000291283,-11.053525586054821,-11.530728366914207,-11.174332662129746
ENSG00000290968,-11.350508139743212,-11.618473328328324,-11.434822621481384
ENSG00000291113,-10.84498534387912,-11.346098936756466,-11.242770759316203
ENSG00000250101,-10.848200582163354,-11.158083915922223,-10.806610228056469
FAM153CP,-12.797213695899327,-13.07372106794216,-11.911590640931726
N4BP3,-12.787079812859611,-12.413983092612009,-12.723428245799221
RMND5B,-10.874363723462055,-10.85176107101498,-10.93809626284174
NHP2,-9.330793270386287,-9.489825204825028,-9.441683624823728
HNRNPAB,-8.24430170477063,-8.52330276192608,-8.334082974329545
PHYKPL,-11.161812238538918,-10.636595095372254,-10.306034335409331
COL23A1,-9.887402228426474,-10.744656899900798,-10.097910479128858
CLK4,-10.11857584497343,-10.153995052566836,-10.142998452479599
ZNF354A,-10.693811683420678,-10.724009591048032,-10.68663782605838
ZNF354B,-10.97629975994055,-10.878748630904559,-10.878067878842959
ZFP2,-12.438567726882964,-12.263162829175569,-12.593343712869062
ZNF879,-12.557063867287981,-12.113172438811656,-12.423325548037328
ZNF354C,-11.68196218150835,-12.67401328601514,-11.606520291033014
ADAMTS2,-11.708155566458895,-12.277212426778656,-12.154573619283411
RUFY1,-10.230344950985488,-10.078138280019418,-10.228048888226489
HNRNPH1,-8.551563067816334,-8.672113749952,-8.702408601639362
CANX,-7.946024459548961,-7.850784703435536,-7.923218501958037
MAML1,-10.20763432391103,-10.236676487492398,-10.404300340410549
LTC4S,-12.9843860037267,-12.856549429660145,-12.821239587431114
MGAT4B,-10.221986378301956,-10.147373575978179,-10.436809012593622
SQSTM1,-9.660325598451287,-9.674466933605025,-9.770747716809808
MRNIP,-10.961254852574998,-11.193029670768608,-11.076876470655376
MRNIP-DT,-12.856121962500826,-12.945907684921497,-12.872363450586953
TBC1D9B,-10.581651343314315,-10.624034381798953,-10.72969223085274
RNF130,-8.721614099740215,-8.795529947569008,-8.755631564499916
RASGEF1C,-12.419417330318458,-12.603298592728775,-13.016122976184118
MAPK9,-9.749058497837519,-9.724971156879002,-9.777127056382446
ENSG00000248367,-12.307556022201807,-12.455660874718612,-12.019785141048432
GFPT2,-11.047099747285737,-11.557200888653913,-10.922416391540512
CNOT6,-9.567070874511517,-9.56700417432473,-9.713583476143162
MGAT1,-11.22263942552592,-11.22111151446833,-11.141097536090975
HEIH,-12.518340810081144,-12.313388671438558,-12.05514509110019
ZFP62,-11.181607935659652,-11.270090543899972,-11.291150815585759
TRIM7-AS2,-12.27235672483638,-12.216304137648363,-11.810822132925704
TRIM41,-11.88514864729476,-11.98510491360775,-12.235783255798799
RACK1,-6.74814624293561,-6.976142901688874,-6.80788864947599
CTC-338M12.4,-10.987840516549388,-11.105571939776665,-11.22442164818472
TRIM52,-11.127596358608557,-11.059465302759387,-11.338159614528108
TRIM52-AS1,-11.283872321294503,-11.115131359619573,-11.438007508705637
ENSG00000248103,-11.974471031265756,-11.85948858524343,-11.917105685704344
DUSP22,-10.571663384687874,-10.610872582755716,-10.637703674153688
EXOC2,-9.51887084109162,-9.539229115520872,-9.642815100911557
ENSG00000271727,-12.583857539315698,-12.543450762648854,-12.23572200208578
GMDS,-10.15217377215499,-9.998033602983105,-10.232903689635041
GMDS-DT,-8.868484597379824,-9.143029841487252,-8.799619638089768
MYLK4,-11.890111746961043,-12.142923355098127,-12.471076267227378
WRNIP1,-10.042454963971032,-10.089162140649197,-10.096950451700959
SERPINB1,-12.00507879265099,-11.390025376037965,-11.168923723595933
SERPINB9,-11.01207324058614,-11.419712968305232,-10.524977638739426
SERPINB6,-9.62299667587884,-9.993545156165817,-9.700345801405192
NQO2,-10.090282352235572,-10.418581046240625,-10.610163097653983
RIPK1,-10.725045796483977,-10.663768741610365,-10.8613474189035
ENSG00000272277,-12.711254185804595,-13.054516697761404,-13.149681274281834
BPHL,-10.515922735196156,-10.630960315971,-10.474585517012766
TUBB2A,-11.262232519837898,-11.339859827079101,-11.514990678867248
TUBB2B,-11.527787949155814,-11.365821503039475,-11.59773370588596
PSMG4,-10.701538161203345,-10.67092346235495,-10.748492441796307
SLC22A23,-10.17290702957006,-9.933235292109776,-9.771428797544958
PXDC1,-11.818151509408542,-11.854249766025596,-12.291875561241454
ENSG00000288904,-12.256977791200214,-12.406332609923348,-12.381108964437901
PRPF4B,-8.786827406276958,-8.876150741737398,-8.859961847521403
ECI2,-9.166902719386574,-9.330025099327452,-9.159271280831321
CDYL,-9.059107229590655,-9.013761394657921,-9.166584390678993
RPP40,-11.525031317544773,-11.781355633727435,-11.728529024172081
LYRM4-AS1,-12.66625468894787,-13.065182946499338,-12.901593364553642
LYRM4,-9.474026359441691,-9.455288010471321,-9.959534441656757
FARS2,-9.055014811098948,-9.043751088920631,-9.341911096329662
RREB1,-9.400084604094506,-9.417839669522074,-9.543927734733924
SSR1,-9.774489104845568,-9.670118072208252,-9.809595415969936
RIOK1,-10.543859348019208,-10.50482918190245,-10.622717294969913
DSP-AS1,-10.639402473885234,-10.447033678851874,-10.405949762463441
DSP,-7.179937359531602,-7.131245046740275,-7.273691431731082
SNRNP48,-10.377141746954928,-10.217765575481334,-10.544721902581417
TXNDC5,-10.353737193671906,-10.474675502216094,-10.389699257363565
BLOC1S5,-10.534977181102786,-10.641566662156695,-10.669859931970839
EEF1E1,-9.585312820534826,-9.811931955555668,-9.722299127789208
SLC35B3,-10.459283555094697,-10.462115369697742,-10.427578468676733
HULC,-10.626154022608398,-10.729021947292715,-10.406714152618946
GCNT2,-8.952208046015246,-8.971375154352964,-9.395855096083967
PAK1IP1,-10.339719412931492,-10.471356375151307,-10.395797146970638
TMEM14C,-8.248949140407497,-8.204170394837789,-8.041238287187474
TMEM14B,-7.863224620360057,-7.751932530722976,-7.9280321333506425
MAK,-11.380821461194571,-11.061451439171046,-11.440892608270723
SYCP2L,-11.13182469334732,-11.120364393361212,-11.45904905094246
SMIM13,-11.084383298326044,-11.038534732426378,-10.995647277269573
ENSG00000247925,-12.354684453682301,-12.315750243830362,-12.425555971812605
NEDD9,-10.450065641082055,-9.996774702301842,-10.321868127801485
TMEM170B,-11.66392128879737,-11.470815675005342,-11.546046241321944
HIVEP1,-9.243278474390895,-9.264655311092643,-9.391216555886746
EDN1,-12.674435183157573,-12.783015110481207,-13.179555780291714
PHACTR1,-8.24308673259178,-8.344516227164775,-9.420115276044841
TBC1D7,-10.347782244077676,-10.417101198070704,-10.483501658922284
GFOD1,-10.25574430404757,-10.339910187163312,-10.702314746753101
SIRT5,-10.369718654788342,-10.3394336123109,-10.366321989798328
NOL7,-8.753133104859982,-8.94006587326198,-8.84326896872205
RANBP9,-9.279861710228591,-9.361380120269322,-9.39318978948133
MCUR1,-9.467204338338936,-9.538763644287751,-9.61088494932542
CD83,-12.744798819651374,-12.996228202229336,-12.412390146128619
JARID2,-9.003459602532677,-9.162214441330331,-9.11073648276023
DTNBP1,-9.865041562288038,-9.917096883721419,-9.971570446419138
MYLIP,-9.775857687660764,-9.910602186798869,-9.900710062693388
GMPR,-10.426237255437847,-10.887840689791961,-10.423972621850067
ATXN1,-8.083147924003665,-8.070342464498742,-8.316051220634753
ATXN1-AS1,-11.90295442926861,-11.655470619214928,-11.979566283783361
ENSG00000272341,-12.650457568324251,-12.497653806812208,-12.813255912940392
RBM24,-8.481945161635512,-8.561697144761103,-8.31644911870552
CAP2,-7.952780014761879,-7.913830409305655,-8.008443237630905
FAM8A1,-10.3373073841612,-10.390289520976086,-10.478810713671388
NUP153,-9.72028116760658,-9.799208591987066,-9.799556230980128
KIF13A,-7.570724603056141,-7.8425268770810606,-7.799589064580603
TPMT,-10.70043737796066,-10.860458321096765,-10.987707785090288
KDM1B,-11.096788987633156,-11.137996205917833,-11.304585604232063
DEK,-8.215712848900068,-8.445751415959759,-8.434840389250258
RNF144B,-12.878997906086935,-13.068634252159246,-13.13573006573919
ENSG00000231662,-13.120851676770318,-13.037323698842574,-12.799887941526626
LNC-LBCS,-9.612514786106058,-9.677614418373548,-9.385461926896552
ID4,-8.923940359656658,-8.589267367932072,-8.635156902077268
MBOAT1,-11.435063470511295,-11.130516792775783,-11.414221381490337
E2F3,-9.500049892311386,-9.56307894357942,-9.627599548959497
CDKAL1,-8.560332917611463,-8.662331414883626,-8.720277062560518
SOX4,-9.12106072017612,-9.140148820044553,-9.04968809829526
CASC15,-10.853166042721915,-10.899396298114613,-10.944734989023518
MRS2,-9.978069841374516,-10.139988733056981,-10.038878095991985
GPLD1,-12.089547893902967,-12.252131454377126,-12.398300028261888
ALDH5A1,-10.825338525893292,-10.811562493614879,-11.180447680118114
KIAA0319,-11.706042156451309,-11.071768005791917,-11.862716251776353
TDP2,-9.911401386101556,-9.804516754586608,-9.964033249564105
ACOT13,-9.612078493255417,-9.654881852894688,-9.569534464301556
C6orf62,-9.717351576503672,-9.710670947420711,-9.859138598199984
GMNN,-9.908986298023981,-10.273096685250792,-10.033009866093268
RIPOR2,-10.21818582404833,-10.633770533481034,-11.055005050181622
CARMIL1,-8.22611266035736,-8.218579676365174,-7.98515718783646
H3C2,-11.405411445159462,-12.338039007848801,-11.67548872383852
H1-2,-8.653080358515092,-9.24256985115277,-9.202289406699153
H2BC4,-12.312657943429123,-11.904563574794686,-12.96771659883895
H4C3,-8.749120623419499,-9.416330809925332,-9.033307270233752
H2AC6,-10.508218078563482,-10.181819317662525,-10.683489483189673
H1-4,-9.339454684644217,-9.907905625073212,-9.777715223541406
H2BC5,-11.097035455113621,-10.855493044998454,-11.110046564895361
H2BC6,-12.410181362045837,-12.072881789943489,-12.746196380169211
H3C4,-11.420995664728737,-12.645552642748092,-11.738927269709253
H2AC7,-12.74731610992797,-12.884620568264051,-12.826654345222916
H4C5,-11.117562749647595,-11.441618329206081,-11.406241016795686
H2AC8,-11.578746795025973,-11.969340081061889,-11.661557560408871
H3C6,-11.782472069418365,-12.452515129792069,-11.904123970736896
H1-3,-10.234645075727697,-10.727387076923735,-9.483982478364007
H2BC9,-12.549733759699253,-13.110971807872426,-12.712406211673256
H3C8,-12.543245063303004,-13.33013222636398,-12.924038091080224
H4C8,-12.214596758109204,-12.552948965896622,-12.536221899044929
BTN2A2,-11.795798483559771,-12.379405145239453,-11.681547499024589
BTN2A3P,-12.748124856738144,-13.088668433364191,-12.759559800639089
BTN2A1,-10.451763547699578,-10.450746993614688,-10.453361065764273
HCG11,-12.322744361361258,-12.053529903366721,-11.857769331086294
HMGN4,-10.482428658009583,-10.55545134190099,-10.49630945855345
ABT1,-10.726885610575035,-10.891198670479513,-10.760265412174649
ZNF322,-10.099730369686878,-10.133732546360276,-10.143379009294309
GUSBP2,-10.815774113031937,-10.770717998136849,-11.527165857135271
LINC00240,-12.984907081945739,-12.906256836776123,-12.549498618925227
LARRPM,-12.208519933805386,-12.108711973046779,-11.535773489941253
H2BC11,-12.900155266104107,-12.837154085255523,-13.160969734314369
H2AC11,-11.697508895698084,-12.416871523659383,-12.27608123512116
ENSG00000290032,-11.04587817544478,-10.900998042880008,-11.617116722689312
H2AC12,-11.16316449342606,-12.1311418492531,-11.388678234557062
ENSG00000291112,-10.811782859973176,-10.94403136618396,-10.642772657675117
ZNF391,-11.939067851106435,-12.156969492929598,-11.84328083856322
ZNF184,-11.590388476834672,-11.553888784498518,-11.617501420834586
ENSG00000286652,-12.828077270534333,-12.901644459132827,-12.77203777357644
LINC01012,-12.418430600251984,-12.955607596058469,-12.565311617578832
H2AC14,-12.110428020073808,-13.12349005033457,-12.255665088724326
H2AC15,-12.367969669834721,-12.357171983375942,-12.863442715496022
H2BC15,-12.412277996453613,-12.48220475606225,-12.53659821878267
H1-5,-10.055943396252859,-10.761276924757695,-10.059695309206333
H2AC17,-11.434527387278667,-12.152530969178661,-11.757695027065019
ZSCAN16-AS1,-10.399117527197982,-10.379274252031909,-10.489658408534464
ZSCAN16,-12.018701687880727,-12.653406714320813,-11.932835061423793
ZKSCAN8,-10.152794430220869,-10.058249289829876,-10.235906057359957
ZKSCAN8P1,-12.880889442265692,-12.715464986093213,-12.764065295947884
ZSCAN9,-11.08459023371198,-11.121070096106424,-11.151649533244864
ZKSCAN4,-12.154091956657213,-12.357196250551583,-12.233139653556037
ZSCAN26,-10.707245247124085,-10.718722911067323,-10.881118510977101
PGBD1,-10.671795852840702,-10.604499949015626,-10.709439480502219
ZSCAN31,-12.58688656392758,-12.420133052296467,-12.468076427264263
ENSG00000290051,-13.017423188308873,-12.678734699322746,-12.78647983719973
ZKSCAN3,-11.73799021604369,-11.795548384056087,-12.116056363218679
ZSCAN12,-11.168261706652732,-11.298523085028977,-11.26423325879885
ZSCAN23,-11.036805076052435,-10.983622597250768,-10.987957681529284
SCAND3,-11.536685949725152,-11.46321140171213,-11.528955884089719
TRIM27,-9.753746821832234,-9.874299473092771,-9.852785221759378
GABBR1,-9.6713064980122,-9.545934679761611,-9.537706525866787
ZFP57,-12.744990554133592,-13.041309454960778,-12.721884644598521
HLA-A,-10.128503808704728,-10.641450962830241,-10.341844392923068
POLR1H,-10.699666821930911,-10.81958281747914,-10.57488825178082
PPP1R11,-10.913564984376714,-10.890418768581071,-10.931158630117505
TRIM26,-11.214102532188553,-11.234378484150731,-11.202370014919913
HCG17,-9.302368201032978,-9.465263323068342,-9.356958014015722
HLA-L,-12.779256009889394,-12.94715232365952,-12.76579189642644
HCG18,-9.599941612653495,-9.761840724543903,-9.760777518690814
TRIM39,-11.929244929386813,-12.114532336002405,-12.137510269108972
RPP21,-10.466943758732464,-10.511203061559122,-10.413877313896034
HLA-E,-12.017708184256842,-11.93916258938793,-11.992931740792905
GNL1,-10.959110421857035,-10.969795030939895,-11.218672392456087
PRR3,-11.001621166136934,-11.089238811442495,-11.139513613097042
ABCF1,-9.335731981260917,-9.43169959802166,-9.412960621221558
PPP1R10,-9.454658728147383,-9.415618266723158,-9.448378950805166
MRPS18B,-9.660903466842777,-9.778077879577083,-9.763085066921105
ATAT1,-11.263468092480581,-11.172666804433904,-11.392567791754184
C6orf136,-11.54199289464529,-11.666552995154214,-11.701419898753834
DHX16,-10.901341574456918,-10.90151630571728,-11.054991693792068
PPP1R18,-11.729859703926621,-11.820730683184811,-11.95429722276573
NRM,-11.797202803438005,-11.863619982211139,-11.82016788690264
MDC1,-10.639873835811484,-10.89190234128809,-10.995257657911193
TUBB,-7.633245151067205,-7.850811685870072,-7.862183304993684
FLOT1,-9.670703050740302,-9.751175964311615,-9.820198388042549
IER3,-11.063544700041078,-10.757228706512599,-11.101690050664713
DDR1,-11.222655417302166,-11.154495859521926,-11.480187544858865
GTF2H4,-11.48079732102532,-11.488121088374388,-11.419700736588648
VARS2,-12.388216378402912,-12.513433001665353,-12.541200584233746
CCHCR1,-11.890629348358535,-12.007309455737515,-11.9876573688091
HLA-C,-10.70558994967722,-10.856824434725159,-11.76572453332664
HLA-B,-11.98607342424533,-12.66884359174293,-12.321508600994507
MICA,-12.761221253693126,-12.554215608785876,-12.256735118173436
DDX39B,-8.62055951354995,-8.747142704925018,-8.700573025197256
ATP6V1G2,-11.555273197089404,-11.739643865704195,-11.338930224509573
NFKBIL1,-11.114019822822138,-11.179631938213658,-11.289820786299014
PRRC2A,-10.066412606931229,-10.161150089596855,-10.230927568749307
BAG6,-10.303784198053,-10.366228899686462,-10.408166863558348
APOM,-12.376920927315242,-12.567639180901816,-12.47978636063008
C6orf47,-11.519659225743899,-11.485954974536918,-11.421389210796386
GPANK1,-10.698646502914713,-10.809509409308069,-11.037461418177845
CSNK2B,-8.793084206193363,-8.993805366915664,-8.954092249537833
ABHD16A,-11.326970346939293,-11.002161159862785,-11.251871072776474
DDAH2,-10.075035835296486,-9.834540594453355,-10.148859551740683
CLIC1,-9.036463230494315,-9.02510306556745,-9.088356412835203
MSH5,-11.256324009287402,-11.231715108238838,-11.401150399866395
VARS1,-11.17246935264555,-11.29798287395748,-11.325970912549215
LSM2,-9.735866636007977,-9.921795658363303,-9.748906404646448
HSPA1A,-12.583916876946496,-12.390487807829553,-9.947393255197767
HSPA1B,-9.939332853540824,-10.546278213883829,-9.919488520158719
SNHG32,-8.729477380276306,-8.810878570770962,-8.424714646534554
NEU1,-11.60198494796901,-11.441353348800588,-11.613121582901476
EHMT2,-10.039252439802462,-10.10055592197919,-10.185917715603683
C2,-13.02466433550311,-12.784593192974851,-13.027114997116298
ZBTB12,-12.359306194792305,-12.462473592299625,-12.460605133981149
NELFE,-10.370726292541539,-10.491361916254794,-10.460596128248287
SKIC2,-11.706467408069098,-11.73820162472735,-11.717007723881007
DXO,-11.812236139958157,-12.034132308182349,-11.967621192612256
STK19,-10.944444892053419,-11.065310008740232,-11.112057915482538
ATF6B,-11.052530119393808,-11.014128865147777,-11.221516849209127
FKBPL,-12.91690723279337,-12.964469432200774,-13.026115835504992
ENSG00000284954,-12.894182152466675,-12.899690567940928,-13.093714806340948
PPT2,-11.557616562534285,-11.561782654760764,-11.8363581375249
EGFL8,-12.394480960457901,-12.176313714810853,-12.420108923425799
AGPAT1,-10.239719279426987,-10.237272178470638,-10.285184111181652
RNF5,-9.445877265759473,-9.622836646884116,-9.376679636504747
PBX2,-10.376094413442166,-10.245694062892053,-10.49222052200188
ENSG00000289047,-10.972248974557825,-11.156070565916087,-10.999865856301192
HLA-DMA,-13.134481370622144,-10.986329275542195,-13.113167267045746
BRD2,-9.627302785816047,-9.68076824903001,-9.783631638635574
HLA-DPB1,-12.848490474864418,-12.7752164536492,-12.689848346775136
COL11A2,-11.954209390410982,-12.065556516437017,-12.094199879338056
RXRB,-11.628990237232266,-11.737374388126911,-11.762220994254799
SLC39A7,-9.544376291686826,-9.489691629936921,-9.751522018742001
HSD17B8,-11.623932457969136,-11.910883473478712,-11.854797637391835
RING1,-10.521950729179789,-10.491707290383218,-10.701515085168223
VPS52,-11.212503633333593,-11.314975623766895,-11.390782776582283
RPS18,-6.2403331718580715,-6.436200998785231,-6.353874273459801
B3GALT4,-12.65187582052472,-12.554631029095663,-12.782575923781392
WDR46,-11.079252178194297,-11.236046268666856,-11.25103783264224
PFDN6,-10.064457426515398,-10.161723676357939,-10.167573483201847
RGL2,-11.75517281016886,-11.72112821844631,-11.839928259822651
ENSG00000289100,-11.843579004946616,-11.776664368986262,-12.032367157308013
TAPBP,-12.07912106341057,-12.078601270561503,-12.317002241321017
ZBTB22,-11.999562748163775,-12.021746086763615,-12.09846897164372
DAXX,-10.924464021298567,-11.135930389345658,-11.211958471698091
KIFC1,-11.26729105663542,-11.816348560539476,-11.664209146369666
PHF1,-11.418347869178989,-11.239211449577812,-11.326744150092711
CUTA,-8.621405232877834,-8.728641664159985,-8.702096493095247
SYNGAP1,-10.705856348683906,-10.570330962971546,-11.057086997250977
ZBTB9,-12.630391500716712,-12.906312505420686,-12.947764249046875
BAK1,-11.656231308666264,-11.616061513004379,-11.66147821873753
UQCC2,-9.39085616703468,-9.548159145130475,-9.491456238498278
LEMD2,-10.904207111931825,-10.977978534615177,-11.015637238618163
HMGA1,-8.546883296419878,-8.70566601741226,-8.698428948564668
SMIM29,-12.521889001615541,-12.494207415344013,-12.37397948766025
ENSG00000225339,-12.46055552490997,-12.477102679033933,-12.642135548251018
NUDT3,-9.025730361132267,-9.015301140836481,-9.106611880693611
RPS10,-6.690606474265453,-6.910418378737894,-6.755405201878938
ILRUN,-10.104606630468053,-9.961861403594822,-10.012061572644436
ILRUN-AS1,-12.586425373873046,-12.83762177622144,-12.577841306584451
SNRPC,-9.11030563308175,-9.320332862693316,-9.25246158882963
BLTP3A,-10.043112236267824,-10.100943221818358,-10.19762553278483
TAF11,-10.01869474247779,-10.105414462409868,-10.207452127750502
ANKS1A,-9.335343162776132,-9.368633549401771,-9.443691618698534
SCUBE3,-9.22250700757703,-9.595321325584983,-9.524296290243862
ZNF76,-10.913709719975733,-11.021404440570432,-10.964300540706388
PPARD,-11.05000270146599,-11.159592785309995,-11.012446793214401
FANCE,-11.951412828645166,-12.15069670567099,-11.93018068478929
RPL10A,-6.552246551013036,-6.714328725267063,-6.699018992184092
TEAD3,-10.259554882806876,-10.206811494710431,-10.492479126780022
FKBP5,-9.062984335779895,-9.336936220948786,-9.256182055094893
LHFPL5,-12.803825598177914,-12.987332953663985,-12.713094837878005
SRPK1,-9.405512096902156,-9.50606022724447,-9.378143737038293
MAPK14,-9.418640651139368,-9.366280494156449,-9.260585224721854
BRPF3-AS1,-12.470832770664163,-12.154994087510026,-11.889755446988755
BRPF3,-10.683960789493268,-10.723438357447383,-10.91067583540983
KCTD20,-9.949126931259968,-10.02820530880157,-10.113754758369547
STK38,-9.632547750748333,-9.578403403810833,-9.725829846496113
SRSF3,-8.172258897058425,-8.338128571301635,-8.381743243286547
CDKN1A,-11.501399073257117,-12.101981328797477,-12.308827615432774
CPNE5,-10.299768261222882,-10.324834559993702,-9.964360132478891
PPIL1,-10.024423134676963,-10.253171551610686,-10.121707944736263
C6orf89,-10.128743739145918,-10.12266364686033,-10.18652403849777
MTCH1,-9.116593552362582,-9.26771022762055,-9.208401115073233
PIM1,-11.518747366921426,-11.385973188821051,-11.745335297651161
TBC1D22B,-11.009470652342346,-10.915973836757374,-10.924538908003377
RNF8,-9.647154481173713,-9.862590351606482,-9.549314072255202
CMTR1,-10.843671323732105,-10.978046948165556,-10.870944339176226
CCDC167,-10.841732298774144,-10.821013030915232,-10.757656570974683
ZFAND3,-8.04120911294276,-8.04711324154996,-8.130007947318157
BTBD9,-8.784561931801353,-8.757683418687996,-8.964243516044016
GLO1,-8.808041180159343,-8.963580532533529,-8.918680203264504
SAYSD1,-11.408052463310142,-11.47138337593799,-11.510986609870377
KIF6,-11.364051599162094,-11.465467839131781,-11.399470957278172
DAAM2,-12.323248890425127,-12.246465086362015,-11.97910570019713
MOCS1,-12.124183909584087,-12.0578659324398,-12.093262580521278
OARD1,-9.8031577378435,-9.880376048948104,-9.90467422889557
APOBEC2,-10.360527451554663,-10.682770574652434,-9.78498290047218
NFYA,-11.047749301603195,-10.898380234081458,-10.863240975615001
ADCY10P1,-11.882955743981016,-11.908650855653084,-11.708454576318456
FOXP4-AS1,-12.51292523344229,-12.483234989895998,-12.543760326579775
FOXP4,-11.34329385267295,-11.295289149318284,-11.720391378328744
MDFI,-11.011164789312078,-11.225626545043426,-11.142468937131614
TFEB,-11.50437404837764,-11.543633253916989,-11.410466458182178
FRS3,-12.881560243598857,-12.791219270290355,-12.76089377822596
PRICKLE4,-12.922075175047238,-12.673122281662623,-12.986991520660732
TOMM6,-8.821847587037833,-8.995456997877396,-9.007736032354337
USP49,-10.421899515256838,-10.590166070561457,-10.595698704213513
MED20,-11.529048629847058,-11.661659158441712,-11.704549827423099
BYSL,-11.53190376627855,-11.74697231356592,-11.73231246459467
CCND3,-11.356963613430306,-11.702343546147103,-11.841034221209334
TAF8,-10.820808177510177,-10.770472414338357,-11.047117577057241
GUCA1B,-12.754725038412593,-12.780329692229147,-13.141853919477587
MRPS10,-10.109494914107655,-10.240615927302292,-10.335334255947023
TRERF1,-9.848349698654529,-9.955600218480091,-9.910259124048437
UBR2,-8.893135503791394,-8.99504362199568,-8.957950638883675
TBCC,-10.928353495669436,-11.070981839238371,-11.18939227767745
BICRAL,-10.396582397675143,-10.323617879085521,-10.423508151552868
RPL7L1,-8.916569400929294,-9.049703971050546,-9.060200022680817
C6orf226,-11.622565542206104,-11.768540846740292,-11.743907624854625
ENSG00000287825,-12.591190936409921,-12.67508174754586,-12.795511574615
CNPY3,-10.733054412719977,-10.773159281345466,-10.74975737236893
LINC02976,-12.177751107415762,-12.273426560727025,-12.54564150395668
PEX6,-11.65658273916126,-11.69262466457082,-11.771667764612566
PPP2R5D,-11.14785557593541,-11.298135867583236,-11.217672820666813
MEA1,-10.047548528321709,-10.204793254130204,-10.156995348133648
KLHDC3,-9.665860391282314,-9.63096880552477,-9.892876983215546
RRP36,-10.020428735036731,-10.112724126075376,-10.144329240477921
CUL7,-11.398349825268605,-11.413676121393596,-11.636864579026067
KLC4,-11.174186666455387,-11.144391252488731,-11.378123598284564
MRPL2,-10.457433017510178,-10.601022296702393,-10.404035307329176
PTK7,-10.265302708487932,-10.327230660205005,-10.51535354027637
SRF,-10.258467160456627,-10.367233036716536,-10.464368350697605
CUL9,-11.669822517229427,-11.656801537503982,-11.780701531818329
DNPH1,-9.71662289899034,-9.905639493854917,-9.759429671636275
ZNF318,-10.31168129180748,-10.27382494659975,-10.318368462973424
ABCC10,-11.620147107233358,-11.750876607863235,-11.775032212315788
TJAP1,-11.459993441106405,-11.57363740899203,-11.565379815488601
POLR1C,-10.527176372718696,-10.23837439988679,-10.673642290534039
YIPF3,-10.341241102366448,-10.383194022056793,-10.399681153243103
XPO5,-10.145416223351967,-10.270648053996819,-10.274913126714143
POLH,-11.047034467153754,-11.223678452279028,-11.326213380384697
GTPBP2,-11.657948710517363,-11.740312879346323,-11.791482655555766
MAD2L1BP,-11.274504430257066,-11.291431564014143,-11.257491048303756
RSPH9,-12.92961111069627,-12.686006013073142,-12.587257103087985
MRPS18A,-10.555843907422815,-10.637943063194468,-10.669574005992889
VEGFA,-9.402866440020244,-9.35483763205587,-9.017324074811523
SCIRT,-12.657435979556025,-12.903953239567013,-12.559461021826849
ENSG00000287562,-12.283408608706782,-11.981662015961385,-11.968924614267143
MRPL14,-9.525671383892853,-9.653870126337184,-9.41050964225444
TMEM63B,-10.849785538032114,-10.774618870995536,-10.992898707691614
SLC29A1,-11.324552348439262,-11.378572012728043,-11.492170445451846
HSP90AB1,-6.293337746317232,-6.481674113813168,-6.37239574222157
SLC35B2,-11.4559218182492,-11.552049390099187,-11.578354299579459
NFKBIE,-12.830636625984676,-13.078010117931088,-12.790615070418594
AARS2,-11.560965656560644,-11.757149727245626,-11.677566264253741
CDC5L,-9.14300201817638,-9.226341604711935,-9.198734537662284
SUPT3H,-8.378720183487772,-8.231521149391876,-8.2691544893875
RUNX2,-11.833294886756041,-12.165619596627733,-11.645958076724371
CLIC5,-9.88251217773563,-10.047028149362058,-10.042663785358545
ENPP4,-11.417477046125994,-11.278192039126697,-11.4306284938522
ENPP5,-12.177470518014905,-12.291950119550027,-11.870305348008934
RCAN2,-8.429523804144083,-8.571219816392237,-8.390383556337838
CYP39A1,-10.99865374131576,-11.003231568546889,-10.983905478810788
SLC25A27,-9.937682449512787,-9.939542389173054,-9.984786958207565
TNFRSF21,-11.598913153370544,-11.508259138187947,-11.144284726882896
CD2AP,-9.194410844307745,-9.18250153792948,-9.24767619607344
PTCHD4,-10.785122330446896,-10.886060343853009,-10.901405978815914
MMUT,-10.395386528044105,-10.359848933626173,-10.445259043235174
CENPQ,-11.451907127008399,-11.695334566399149,-11.57507403224938
MCM3,-9.761003494392975,-10.040301139903669,-9.96349358885328
PAQR8,-11.56173100437095,-11.71510793300445,-11.590430472374706
EFHC1,-10.51638354878749,-10.47403228333591,-10.544580738398242
TRAM2,-10.801637890325395,-10.75267635262826,-11.362119312541543
TRAM2-AS1,-11.285188322088933,-11.387617404072504,-11.340635572369692
TMEM14A,-11.124200079874601,-10.952196915019854,-11.160242228463142
GSTA4,-10.219878143989256,-10.223056607942018,-10.15011889936857
CILK1,-9.890638475220879,-9.955093196897973,-10.194623357403396
FBXO9,-9.041082767940495,-8.93477191026003,-9.000145891394663
ELOVL5,-10.23069149260636,-10.143312065858504,-10.0905179964755
GCLC,-10.357530663184106,-10.178078270067143,-10.29606027780507
KLHL31,-11.092495265736225,-11.077096501470024,-10.436818769036725
ENSG00000227885,-10.997311107736056,-11.011685919369423,-11.088490308977034
LRRC1,-10.284540737425337,-10.466653023449956,-10.496156961493757
MLIP,-8.587276856570194,-8.73083329646099,-9.375865019096615
FAM83B,-11.80812376937566,-12.249187983654757,-11.559914033591264
HMGCLL1,-10.533983575046719,-10.777846675978303,-10.379933650773513
BMP5,-7.091398800241373,-7.675597142604778,-7.0630698586940905
COL21A1,-11.158465679503255,-11.532544909737002,-10.8185175980841
DST,-7.859507622341963,-7.937896320136135,-7.665475064536203
KIAA1586,-9.631895493199535,-9.72256550646555,-9.648356007351252
ZNF451,-9.289649504690484,-9.318592871346834,-9.347569379505165
ZNF451-AS1,-11.984654079070616,-11.902707587469092,-11.895043518667288
BAG2,-10.215432191738353,-10.164866894723689,-10.251363426905023
RAB23,-10.91846029217258,-10.847202814818518,-10.914116573807927
PRIM2,-9.972482784100311,-10.212260354431688,-10.158641581935854
ENSG00000272316,-11.530972231337852,-11.507838024209175,-12.032936744269636
LINC00680,-11.468329074180048,-11.510608479792447,-12.004958023222082
KHDRBS2,-10.203030516444173,-9.849379380405425,-9.270624355693538
PHF3,-8.180354289223917,-8.257508498293848,-8.359150554011112
EYS,-12.075498292435881,-12.206977869571917,-11.941149868067557
ADGRB3,-9.994978333663132,-10.010849012284497,-10.185721205895737
LMBRD1,-9.837050152861776,-9.762941563155207,-9.937896692557722
COL9A1,-11.397380715255775,-11.81391293857173,-12.121135496281058
FAM135A,-9.302101738218449,-9.347530414918497,-9.421140321648819
SDHAF4,-11.231653526715498,-11.294272786121448,-11.062007532181665
SMAP1,-8.981503439269513,-9.133766426597893,-8.990020566921483
B3GAT2,-11.823991382438678,-12.219336874690795,-12.166161944130739
LINC00472,-10.026481872675241,-10.086805675726094,-10.24161883942373
OGFRL1,-11.182125980056934,-11.419234112477065,-11.362773846333011
RIMS1,-11.835989496378943,-12.1007283543896,-12.474677773690422
KCNQ5,-5.634326209275808,-5.9934700721020215,-6.1961887571686445
KHDC1,-12.100295430321005,-11.854670811554284,-11.760254693747672
KHDC1-AS1,-10.889987207666552,-10.892794790525683,-11.063539244897173
OOEP,-12.171804740521361,-12.358522542382458,-12.279031922657085
MTO1,-11.541729534025464,-11.611859986367216,-11.542454339751458
EEF1A1,-5.111165405384522,-5.220898364099734,-5.208128564094057
SLC17A5,-11.451095212719252,-11.341478418883705,-11.660772019560204
CD109,-12.89601415305458,-12.813933869621264,-12.226800719193035
COX7A2,-8.329636816120177,-8.467877748762183,-8.268242594227514
TMEM30A,-9.598232571570831,-9.672741171672097,-9.909248241125484
TMEM30A-DT,-12.636782014387954,-12.515703402490107,-13.119235134719034
FILIP1,-7.069017018097112,-6.988299265815685,-7.238196516140953
SENP6,-8.03557552452553,-8.069475842649375,-8.155936576656071
MYO6,-8.962622837857461,-8.91299722682393,-8.847066772079973
ENSG00000271945,-10.162296551795425,-10.98038756614347,-11.066610753531794
IRAK1BP1,-9.675082794302124,-9.635659435590924,-9.476617285339408
PHIP,-8.204401647937402,-8.221713322788219,-8.48378434913531
HMGN3,-7.881491458252029,-7.848303637989708,-8.014721920426283
HMGN3-AS1,-12.640160214156127,-13.063458063604903,-12.94359753811924
LCA5,-10.944234393723384,-10.684995810714682,-10.910228493650413
ENSG00000287811,-11.271670050475525,-10.86265914298055,-11.16659875362852
SH3BGRL2,-10.335068879537042,-9.96693257229889,-10.407389518566116
ELOVL4,-11.137729386419592,-11.071006450720743,-11.225881652825928
TTK,-10.847940335722077,-11.492541338298748,-11.35506233997591
BCKDHB,-8.553127772387457,-8.505863895902552,-8.739060835080044
ENSG00000233967,-11.61142045743567,-11.310839851705234,-11.843017325387619
TENT5A,-9.518562782229518,-9.41311329330135,-9.441685559144306
IBTK,-9.313557510996738,-9.372049642064614,-9.400338248034148
TPBG,-11.995385100124773,-11.819821899032442,-12.336745098756303
UBE3D,-9.214794437445374,-9.261555728937614,-9.31014700851073
DOP1A,-9.22716224248448,-9.322759542435978,-9.316520205805373
PGM3,-10.164366653089374,-10.013742620682097,-10.12681647884301
RWDD2A,-11.390298887275735,-11.235735456081821,-11.307167179864152
ME1,-10.871936461506602,-11.009734726982359,-11.336461549116997
PRSS35,-9.886680004090106,-9.630904865249843,-10.262900630151027
SNAP91,-9.516139183983126,-9.438434432544566,-9.79109737869977
CYB5R4,-10.674390842998,-10.651322294583547,-10.812910973906908
MRAP2,-12.152242986825115,-11.609238731267618,-11.750951992806563
CEP162,-9.619918118173548,-9.639409775372993,-9.766064639582702
LINC01611,-13.24907407942834,-13.24526688664349,-12.877350798890076
TBX18,-12.354887941768743,-12.50408696795101,-12.431790612358585
SNX14,-9.23426586609326,-9.256363467621432,-9.376531081205787
SYNCRIP,-8.709094888769737,-8.83100219264617,-8.826037319295631
SNHG5,-8.559614911228202,-8.835025996112853,-9.337733545868973
ZNF292,-8.026114021046784,-8.161435121409594,-8.15144673618302
SMIM8,-9.42725934116667,-9.7289372345877,-9.406905364375822
C6orf163,-12.621890905370746,-13.098545315698681,-12.64045681673352
SLC35A1,-10.51827023314709,-10.464715233851317,-10.544353846664649
RARS2,-9.356278998161098,-9.393663087563885,-9.471256338903144
ORC3,-9.614932761459665,-9.696416414184592,-9.721876415710982
AKIRIN2,-9.8292978093894,-9.86238290522142,-9.971794594382672
RNGTT,-9.373247455307713,-9.43875659626299,-9.54221538912204
PNRC1,-7.887690566706349,-7.886438252710986,-7.89427250601888
SRSF12,-10.628467570672477,-10.696065357216863,-10.86754549031692
PM20D2,-10.587528251221908,-10.85191514164028,-10.979526485389904
GABRR2,-13.213633871791949,-12.93711446502999,-13.115671719743116
UBE2J1,-9.698031118984495,-9.760541033985394,-10.028675847940072
RRAGD,-9.419027965059634,-9.625303471164807,-9.54569733896115
ANKRD6,-9.75665564378594,-10.026778744588064,-10.28022810675556
LYRM2,-9.63434479883051,-9.742267202041953,-9.78891523028569
MDN1,-9.369879217618683,-9.424772555219338,-9.49244161469342
CASP8AP2,-9.877427970183005,-9.935258239434118,-9.955751365690285
BACH2,-9.021932911539563,-9.169382334569706,-9.226984808836969
MAP3K7,-9.398047020742617,-9.393318271990458,-9.597129858551998
EPHA7,-8.31695724188219,-8.137457546798506,-8.393254219291753
ENSG00000287683,-8.527652254422238,-8.985804900305832,-8.607546228048744
ENSG00000288085,-11.198867685391516,-11.853081305419346,-10.90711923951084
MANEA,-10.810937888989887,-10.670692588064375,-10.844263683283552
UFL1-AS1,-11.330395478733648,-11.290624593872385,-11.121260233553595
UFL1,-9.335464301856742,-9.41212511939029,-9.295290693999993
GPR63,-12.368698783198036,-12.326748287584321,-12.25948364173458
NDUFAF4,-9.82008597955361,-9.894119423090945,-9.730590015427671
KLHL32,-12.147132143176284,-12.42362815392641,-11.932358443719426
MMS22L,-9.683631575514285,-10.101243756029888,-9.902411200851102
ENSG00000271860,-11.943370738467422,-12.055452940570019,-12.031758566682194
FBXL4,-9.690911179726225,-9.821812432404792,-9.756130897040602
FAXC,-12.561467706627313,-12.835295380210837,-12.899896069728065
COQ3,-12.384339728061939,-12.210923205562551,-11.9451222245276
PNISR,-7.939774049098695,-7.880967560474678,-7.907043903643293
PNISR-AS1,-11.82990557098169,-11.725275937310796,-11.953837995875435
USP45,-10.173358800607195,-10.134122544121782,-10.09018781468964
TSTD3,-9.714729882731197,-9.71269722078312,-9.905139191342744
CCNC,-9.690268469610844,-9.720697882244309,-9.692786375792561
ASCC3,-8.3825475742743,-8.66530078188485,-8.771883268662929
ENSG00000260000,-12.744731769741794,-12.813467818003323,-12.64583831917752
GRIK2,-10.7539990893373,-10.91136791163218,-11.68085741972817
HACE1,-10.014829375668455,-10.144827421416837,-10.166600407315064
LIN28B-AS1,-12.647604152050983,-12.636085328921515,-12.59536142958416
LIN28B,-8.839302265992078,-8.947392040161471,-9.063772042462833
BVES,-9.160329536864444,-9.183773507314097,-8.989443761118062
BVES-AS1,-11.091543542383826,-11.361292630972244,-10.858370296152623
POPDC3,-9.55116458786365,-9.703332519201627,-9.264796368466781
PREP,-9.54898394413231,-9.721918922377746,-9.522231334990463
ENSG00000286084,-12.885535037701139,-12.278577716548655,-12.65357572100039
PRDM1,-13.142415360040289,-12.251637601608223,-13.066009738724604
ATG5,-9.482785116438501,-9.473287695224096,-9.461257632873824
RTN4IP1,-11.19173367595817,-11.000604259160848,-11.253578050962032
QRSL1,-10.078234906206932,-10.082501308150714,-10.213898425976456
CD24,-9.292006016023363,-9.004911626399977,-9.533978647654182
MTRES1,-10.453596172068757,-10.469054699727758,-10.467478080578802
BEND3,-11.708572379574518,-11.857745410340605,-11.840150707074027
PDSS2,-8.88292512587322,-9.00961472397675,-9.131246366021255
SOBP,-8.162160036336257,-8.5687666307933,-8.218266783298077
SEC63,-8.9567496176604,-8.959699376578351,-9.010905189406323
OSTM1,-10.303746427504034,-10.253860256878776,-10.540630861415519
SNX3,-8.661452762198712,-8.729445728756682,-8.583161206529681
AFG1L,-10.301693943460384,-10.33064002987388,-10.278262235089542
FOXO3,-9.693486305721775,-9.715794037183192,-9.767981310845345
ENSG00000286511,-12.941909411628414,-12.892586477826296,-13.06689411443455
ARMC2,-10.98339972910874,-10.877865449266864,-10.801561458126622
SESN1,-9.619474698205341,-9.650992024410343,-9.762971156454467
CEP57L1,-10.10982575972299,-10.184317793968514,-10.259270536921301
CD164,-8.703051703193113,-8.756294164373164,-8.87908089488665
PPIL6,-11.352366007444575,-11.235012837488426,-11.051186169026789
SMPD2,-12.697246000840522,-12.804392367630186,-12.922569396339512
ZBTB24,-11.062277428655914,-11.135573631028771,-11.241104690550337
AK9,-10.443968439906211,-10.30137943784456,-10.617045635453062
FIG4,-10.608547925732665,-10.593688775455078,-10.64880467883252
WASF1,-8.900285423512251,-8.88964415134715,-9.395070643316
CDC40,-9.491318813980797,-9.576343804027562,-9.73224256939569
METTL24,-10.130302513636384,-9.92403710481665,-11.294414574983064
CDK19,-9.37641499842423,-9.470002962320127,-9.577937410926594
AMD1,-9.615050020070399,-9.623419420281621,-9.63642770213982
GTF3C6,-9.516900348319698,-9.578420078283575,-9.53067877966444
RPF2,-10.152277164046318,-10.243566695979558,-10.121637847596935
SLC16A10,-10.10366577239777,-10.163093288036238,-10.482250755364026
MFSD4B,-9.892828679032284,-9.828736155248377,-9.933015766257068
REV3L,-8.142241889217614,-8.15451330512138,-8.469881527967454
TRAF3IP2-AS1,-8.998823958176834,-9.046406233810599,-9.28972285186497
TRAF3IP2,-11.279483809689259,-11.278561088330157,-11.651565952342072
FYN,-9.260382738140429,-9.137934625603043,-9.383416008025653
TUBE1,-10.818879970524973,-10.818564498121853,-10.88071665793864
FAM229B,-10.591579698109165,-10.55167170182668,-10.564348647907263
LAMA4,-8.281619105271005,-8.801873927995521,-8.613831189626005
MARCKS,-9.663480263524868,-9.849891941595715,-9.449808483068827
HDAC2,-8.240560629653842,-8.449118140540412,-8.312867184359842
HDAC2-AS2,-9.83546493253046,-10.087854454128651,-9.947940439460547
HS3ST5,-9.347937971548603,-9.675293413335307,-10.081676961946538
ENSG00000287097,-12.172108166611453,-12.111720229956951,-10.746316884385445
ENSG00000289376,-12.995702681764941,-12.460036561422562,-11.792383597145957
NT5DC1,-9.084793550252893,-9.24426124294231,-9.122415366716572
TSPYL4,-10.404405464144942,-10.353356127876816,-10.388444314563765
DSE,-9.628629471695179,-9.554237165939492,-9.745797123275661
TSPYL1,-10.53638755475912,-10.60061751617736,-10.63290733659789
CALHM6,-12.319867299432191,-12.967071517384865,-12.724354432175835
RWDD1,-9.04633472536827,-9.14825916838661,-9.069932029812756
ZUP1,-11.058373169916182,-11.042705985409137,-11.183377370458427
KPNA5,-10.086380572620321,-10.024720333882986,-10.276103004956617
DCBLD1,-11.444912008233665,-11.56990447425628,-11.617801143257596
GOPC,-9.193551584497564,-9.865145909593043,-9.207898735686989
NUS1,-9.956608614153561,-10.0018325701538,-9.980070065938635
SLC35F1,-8.345371352794698,-8.38574531653966,-8.759188936021292
CEP85L,-9.697377574307378,-9.66999822706891,-9.647244576333796
PLN,-7.54571516915671,-7.69420300889255,-7.4470846976042155
MCM9,-10.171972476896384,-10.13800267742533,-10.218371988289881
ASF1A,-10.525970119604244,-10.6679650219796,-10.644183770892411
ENSG00000253194,-11.303904647173507,-12.170159492150416,-11.185830329543933
FAM184A,-9.806669985003822,-9.676263742055188,-9.733567064323811
MAN1A1,-9.169566683828556,-9.482855417358635,-9.103481041744454
ENSG00000287100,-10.75974253795826,-11.21891294087051,-10.53500805339463
TBC1D32,-9.878804345335146,-9.9057437910341,-10.119770839726623
GJA1,-9.88743201546691,-10.72083229833778,-10.9432087319079
HSF2,-9.88140755743455,-9.868606191830409,-9.865685550525352
SERINC1,-8.915454796868726,-8.922176280349492,-9.131908596941667
PKIB,-12.288960909912356,-9.695231255930299,-10.901152955462978
SMPDL3A,-11.639836024227296,-11.735496725535317,-12.215619752140414
TRDN,-7.30899047699345,-7.324982225982678,-7.492925010477357
TRDN-AS1,-9.038709119125947,-10.145147239569749,-10.613469804680621
ENSG00000285941,-12.022330339016538,-12.021201677113572,-12.060587681158415
NKAIN2,-9.391607774113995,-9.866214847730275,-11.013054071179827
RNF217-AS1,-11.302588143817456,-11.699767885416978,-11.461181425772157
RNF217,-9.125476936324151,-9.356180916276244,-9.510816824967486
TPD52L1,-9.449881410775514,-10.04515853790711,-9.68995317976418
HDDC2,-9.395597404732127,-9.742944914781896,-9.491189577100204
ENSG00000226409,-12.368230036028208,-13.12208098431515,-12.660930172076288
HEY2-AS1,-9.767295507983638,-10.484374506942435,-10.374320621600837
HEY2,-8.997341060249727,-9.920477849509648,-9.599105666527421
NCOA7,-10.345652445658844,-10.73028765456458,-10.604490944124553
HINT3,-10.411209780937492,-10.456367673139288,-10.391683269737078
TRMT11,-8.805690145431175,-8.845615485759547,-8.820673142946573
CENPW,-11.097505899565999,-11.581636322632873,-11.278922465056793
RSPO3,-9.439953617011241,-9.925010454665868,-10.129090544641427
RNF146,-10.11465825342728,-10.0684422612232,-10.139585171638908
ECHDC1,-9.226176857301823,-9.324832721281544,-9.45680270480316
C6orf58,-12.836264942123854,-13.089767405838334,-13.061189792243136
PTPRK,-6.822315389069468,-6.9737185028171655,-6.737082782891776
PTPRK-AS1,-12.907000911911874,-12.67717543528682,-12.323287320431277
LAMA2,-7.208227186904863,-7.841052070750329,-7.454038637933395
ENSG00000226149,-12.812452807463238,-13.17375152980723,-12.877649211859218
ARHGAP18,-12.750763091926649,-12.655275235110798,-12.452340665634136
L3MBTL3,-11.201204566030263,-11.2465779507891,-11.205111407049166
EPB41L2,-9.341952297482706,-9.468365099411734,-9.979630217236615
AKAP7,-10.495200485131813,-10.461881946800307,-10.443569393150169
MED23,-10.124457951186171,-10.139689758118013,-10.190867855919217
ENPP1,-12.2927254489213,-12.128353967905628,-12.406513643004313
LINC01013,-10.307917466887954,-10.285616685071236,-10.66133985566519
CCN2,-9.839582283805573,-9.126862626731642,-10.562108137312162
MOXD1,-11.663174480677055,-11.4356315674909,-11.98073461595029
STX7,-9.76935353547735,-9.72000862929988,-9.818047526128879
SLC18B1,-11.122055429265906,-11.578850844270123,-11.032369407183053
RPS12,-6.2481084155653015,-6.427858792572169,-6.407819409006417
TARID,-13.077496530593956,-12.68384342278927,-12.815015773911542
TBPL1,-10.962045848941857,-11.101571673022791,-11.003017888813416
SLC2A12,-11.716441103826936,-11.689957394068648,-12.0150151298601
SGK1,-12.419081092397692,-12.83141758488388,-13.096429319685999
ALDH8A1,-12.666281570775343,-12.873507057611953,-12.109498659366103
HBS1L,-9.451366211092914,-9.522026641024137,-9.461143740004053
AHI1,-9.234855626017737,-9.454948931422203,-9.179217206709591
AHI1-DT,-11.098055834565228,-11.432831327837972,-11.140440083412399
PDE7B,-12.165759074789207,-13.070620460515798,-12.660747921451765
BCLAF1,-8.209902221554344,-8.272499284430399,-8.40303328551789
MAP7,-10.38244509951058,-10.862319606551937,-10.115736237432195
MAP3K5,-11.173325360398458,-11.818045971240961,-11.194866170981838
PEX7,-10.77407833264065,-10.73573522196625,-10.624555644748385
IFNGR1,-10.261428763412598,-10.221121628759992,-10.291978399986396
WAKMAR2,-12.034873565678701,-11.288042705139217,-10.97747787403505
TNFAIP3,-12.391744783419938,-11.925939501366733,-11.697760360044366
PERP,-9.048850864751499,-9.086348452483188,-9.158082886461543
ARFGEF3,-11.659551325473432,-12.198432182352482,-11.279348017508417
HEBP2,-9.372482408355182,-9.587669292471364,-9.311245265925956
NHSL1,-9.333703750171258,-9.785751418366493,-9.687214789990142
NHSL1-AS1,-12.251282916910508,-12.696044803919724,-12.597972241512878
CCDC28A-AS1,-11.978866211913669,-12.384733845444217,-12.994163131518313
CCDC28A,-10.99228093057411,-11.241610121566758,-11.223101224896585
REPS1,-9.371179035475347,-9.438965341183506,-9.436617449480465
ABRACL,-10.423656710441639,-10.581063297114328,-10.601270507730549
HECA,-10.967094311684107,-10.979830202243337,-11.088798645606975
TXLNB,-10.681556408196606,-10.134062099194596,-10.714081692360581
ENSG00000226571,-12.181318294515428,-12.613140420958583,-12.202664882959704
CITED2,-8.766511974862123,-8.820423598579923,-8.844546388560978
VTA1,-9.518735206427708,-9.58941750362874,-9.590961375806504
ADGRG6,-10.52349702944966,-10.408167053095363,-11.351078114902977
HIVEP2,-9.52067402624854,-9.52378692055767,-9.671544675222348
LINC01277,-11.86722057630651,-11.919575539310276,-11.743845086397519
AIG1,-9.197906139556698,-9.304044824818138,-9.152995887468586
ADAT2,-11.103550266700884,-11.065073002607791,-10.958972399095297
PEX3,-10.204697897586327,-10.381088061952587,-10.32582685956863
FUCA2,-10.77339824336354,-10.441056108826908,-10.55140345596018
PHACTR2,-8.469349987512144,-8.554753462211975,-8.812219965079214
LTV1,-10.324893823482507,-10.387481517833782,-10.318564193439272
ZC2HC1B,-12.957070012051755,-12.527805360723464,-12.141988355981386
PLAGL1,-10.068991686766239,-10.27034006025349,-10.677791583532205
HYMAI,-11.780492982256455,-12.056023590911302,-12.399838894211351
SF3B5,-9.096948929338904,-9.293196752419016,-9.140163332661809
UTRN,-7.9052285972855625,-7.90705937118691,-8.296691989170874
EPM2A,-9.721307027420062,-9.688069027794793,-9.89249263813004
FBXO30,-10.274859812470071,-10.340558884375426,-10.283954058844786
EPM2A-DT,-10.969023166355598,-11.074331758281112,-10.767379093328131
SHPRH,-8.725764458217384,-8.756964663201272,-8.800806512906018
RAB32,-11.377860240026935,-11.756877949468159,-11.51087988403257
STXBP5-AS1,-12.172778550340468,-12.217259726542787,-12.5157125317328
STXBP5,-9.434919072975811,-9.500408316687912,-9.643688445142942
SAMD5,-10.786213937450434,-11.292145422093263,-10.775873816291623
ENSG00000227681,-11.033516956240579,-11.494207511152931,-11.030882581113499
SASH1,-9.640100714777823,-9.880276486641877,-9.81286607443826
UST,-9.838801954782003,-10.077492816108535,-9.916336187470955
TAB2,-8.729767241720538,-8.709528288910773,-8.809503057517231
SUMO4,-12.090509142966374,-12.043491077656508,-12.079017565653427
ENSG00000289045,-12.687971541538822,-12.647720020735772,-12.7265075861746
PPIL4,-9.170104072675958,-9.250370281335327,-9.26496255918636
GINM1,-9.390683163556522,-9.446848880844353,-9.54545236550151
KATNA1,-10.393188266120179,-10.525133355195399,-10.560181097428885
LATS1,-9.921724938717045,-9.882204073794984,-10.14416711825756
NUP43,-10.533258432211484,-10.768342636029733,-10.765174634211972
PCMT1,-9.369395288115768,-9.391431130903594,-9.387713657596349
LRP11,-11.523003154055417,-11.506042984382299,-11.549454889671134
ULBP3,-12.454175643037237,-12.53405139261506,-12.79027489520473
PPP1R14C,-8.690271779405553,-8.888467187139476,-8.411381122078252
PLEKHG1,-9.958993259413818,-10.462820459528647,-10.41441219657913
MTHFD1L,-8.972664077287948,-8.961383342645224,-9.065979671503825
AKAP12,-8.395639003561804,-8.475354934457103,-8.599793180931862
ZBTB2,-11.42258660496672,-11.434521812849395,-11.661255013953507
RMND1,-10.09536516429639,-10.324671450233714,-10.318722237967213
ARMT1,-10.11227737073899,-10.34086743694939,-10.276086970913873
ESR1,-10.94110996668682,-11.361246659151657,-13.051010552831642
SYNE1,-9.044030650183927,-9.09893998867446,-9.35173144963856
FBXO5,-10.620318887181012,-10.82418263835043,-10.77848529432207
ENSG00000227627,-12.01479857021615,-11.936234574758517,-12.15709809488389
MTRF1L,-10.19526328496886,-10.173563374605592,-10.27756982660911
RGS17,-11.967012452527685,-12.160914443847785,-11.737905562065663
IPCEF1,-12.311518207167277,-12.218213529253521,-13.015177002827496
CNKSR3,-10.363423522270146,-10.433674415950465,-10.259283459409746
SCAF8,-8.902198237379814,-8.91609035522136,-9.024330821512539
TIAM2,-9.474600658022737,-9.41427197802637,-9.562152774744746
ENSG00000235381,-12.84226785961568,-12.830931843268488,-12.823862280901402
TFB1M,-9.867465710563327,-9.95879214210937,-9.751183559313322
ARID1B,-7.842024868442387,-7.937925905536783,-8.062807748787886
TMEM242,-10.354102521691177,-10.486308006290702,-10.522849458724119
ZDHHC14,-10.303956908262347,-10.335327992466373,-10.5651672377243
SNX9,-9.434068936558647,-9.39315601772131,-9.409825506614787
SYNJ2,-11.177848380968433,-11.123805168550618,-11.681914608049238
SERAC1,-11.11735304237094,-11.2197694498889,-11.206801184057518
GTF2H5,-9.53890497513858,-9.572060553675026,-9.487015742559676
TULP4,-9.09138335410028,-8.996454841427365,-9.24744500434138
TMEM181,-9.443020357973952,-9.30288268540118,-9.676496836430614
DYNLT1,-8.70309371616155,-8.716898972513487,-8.786813932002255
SYTL3,-11.094050816274981,-10.932355991291324,-11.194405922307567
EZR,-7.636364159859045,-7.801704986416465,-7.592170539672928
RSPH3,-10.209368968271914,-10.269284565132086,-10.353892638045979
TAGAP-AS1,-11.65901782859322,-11.354196896636164,-11.36953883870337
ENSG00000286533,-11.782719850068126,-11.158455985094399,-11.420082106749994
SOD2,-9.310034033722976,-9.286735541483667,-9.302412972401171
WTAP,-9.150215160942516,-9.293621407256428,-9.262566115544898
ACAT2,-10.86876101976983,-11.065237571252585,-11.069705315096362
TCP1,-9.006733695899023,-9.187975473218907,-9.163284407802355
MRPL18,-9.941488553540957,-10.039530289457916,-10.051042946907431
IGF2R,-9.029169100717201,-8.91951621546399,-9.24992154527813
LPAL2,-12.610992003217708,-12.52826022669047,-12.678996952061631
MAP3K4-AS1,-12.601662627527517,-12.751185319641863,-12.693923223221097
MAP3K4,-9.460430529832205,-9.429822325799897,-9.516760879927292
AGPAT4,-9.585253838417739,-9.714476041079882,-9.677032418728867
PRKN,-8.325156848635226,-8.332035289131204,-8.356179535916368
PACRG,-9.861579594421995,-9.673529331686858,-9.678888101041226
CAHM,-11.983037608788797,-11.916085217375528,-11.873200742102417
QKI,-6.787381977335697,-6.915027389740348,-6.704790160313624
PDE10A,-9.730066399065432,-10.359709179793281,-10.223240307542557
SFT2D1,-10.371343657424559,-10.37590923164007,-10.524723565027166
MPC1,-9.81097780904529,-9.87058142970656,-9.748913292169476
MPC1-DT,-12.847845011176783,-12.810931135343212,-12.789106216832694
RPS6KA2,-9.534096056559221,-9.689434349091506,-9.595772468930534
RNASET2,-11.280408168857626,-11.22242721368029,-11.047685088323966
ENSG00000227598,-11.352546321516217,-11.766772596074441,-11.913426687748636
CEP43,-9.99790541704888,-10.038715574917074,-10.158187058234072
ENSG00000287594,-12.285190379828075,-12.870133271603828,-12.555455779229295
AFDN-DT,-11.042290325625219,-11.438934712923336,-11.366745637939278
AFDN,-7.786243106918922,-7.975617839497715,-7.918303740312591
SMOC2,-12.531050982949484,-12.135405926697379,-12.239253786703477
WDR27,-9.794260694842615,-9.675188245389181,-9.834124080692934
C6orf120,-10.244135176848204,-10.186022361338539,-10.281519272722965
PHF10,-9.77393973718932,-9.812667194037067,-10.008097458386771
ENSG00000227704,-10.795703892155544,-11.158184456661097,-10.985087001670921
DYNLT2,-12.251272078310599,-12.46526943810447,-12.328953337514738
ERMARD,-11.172588917280791,-11.271576802116043,-11.312794216258114
FAM120B,-9.265835827270454,-9.2207885178252,-9.298443090661458
PSMB1,-8.485685263351723,-8.61547211127334,-8.542484681722712
TBP,-10.826793975450682,-10.913951747909483,-10.957154943722275
PDCD2,-9.723145272169601,-9.846389899540693,-9.927674457806676
LINC03015,-11.998675385822299,-12.30788746260632,-12.442400959711934
FAM20C,-12.354811089760831,-12.762967831733496,-12.594889814995943
PDGFA,-11.368964587509279,-11.183836262999176,-11.79949601546101
PRKAR1B,-10.703045629474877,-10.713391878590446,-10.797358079755297
DNAAF5,-10.630225535012208,-10.725052893280006,-10.77279057228953
SUN1,-9.504090039946831,-9.494366804358577,-9.548523417039085
COX19,-10.55466879380312,-10.519511046906018,-10.689699323581026
C7orf50,-9.689568368567162,-9.849605954139879,-9.819534013631241
GPR146,-12.453083535938362,-13.224219902223656,-12.993528255583165
ZFAND2A,-11.601885868731388,-11.8333902125014,-11.624168520715353
MICALL2,-12.96292884534731,-12.798897775638801,-12.965641551497535
INTS1,-11.603482317125092,-11.666199234030058,-11.585481941561984
PSMG3,-10.538331797473015,-11.323193656244138,-11.30496245617678
PSMG3-AS1,-12.150069834795657,-12.75155941956918,-12.865399550482525
ELFN1,-11.580179715070193,-11.592839716486946,-11.570063368044199
MAD1L1,-10.148438405394735,-10.264766024144299,-10.370725977978651
MRM2,-10.580315425314545,-10.782081546455514,-10.657972006241382
NUDT1,-11.348061031300842,-11.805622317416026,-11.552708227322798
SNX8,-11.24752726587744,-11.313813465678802,-11.474736505114265
EIF3B,-9.580984443672234,-9.76992345436609,-9.638266102971347
CHST12,-11.121673107205575,-11.212695469852585,-11.11667906604294
BRAT1,-11.116334956050627,-11.172520770631866,-11.269690259307156
IQCE,-10.611784334865641,-10.532777785066417,-10.920790052271103
TTYH3,-10.899035446465508,-11.031090688850131,-11.176728608494159
AMZ1,-12.294178952239566,-11.943148691311746,-11.60033155212152
GNA12,-9.73284863968903,-9.651751048551494,-9.870658114013406
SDK1,-7.501857205382937,-7.627941426960443,-7.803264104325297
FOXK1,-10.360784494148323,-10.462989389873117,-10.554507790826918
AP5Z1,-11.92623737631532,-12.209599130976631,-12.21573587388764
RADIL,-9.813499620170635,-10.077438139857188,-10.24432578671967
PAPOLB,-12.321770425761766,-12.529966393853877,-12.736982316346031
RNF216P1,-10.023525247398453,-9.995791508403736,-9.9757599523805
RBAK,-10.55053070061716,-10.565379978322966,-10.683173186199088
WIPI2,-9.859251074276367,-9.923301192684892,-10.043689115615368
SLC29A4,-12.882926741008655,-12.78602826328442,-12.672759570695378
TNRC18,-9.451671902635423,-9.4226339189466,-9.811179297267358
ENSG00000272953,-12.578613769112353,-12.376164873409088,-12.438575688281835
FBXL18,-11.800877221057883,-11.793284929839395,-11.974212540370138
ACTB,-7.144426018168443,-7.301626552667841,-7.357982281035005
FSCN1,-9.593222176455825,-9.739794251206735,-9.719753731197315
RNF216,-9.288339645649224,-9.27156643329,-9.344776432334825
ENSG00000291099,-12.79061057183461,-12.561577684671374,-12.767381178847316
CCZ1,-10.895608547365661,-10.959101455142255,-11.278649893474713
PMS2,-11.072074759850839,-11.342494571812262,-11.234980617547548
AIMP2,-10.03719155173321,-10.160537324649914,-10.183325337257894
EIF2AK1,-9.197662054360833,-9.431071383037793,-9.323384606745611
USP42,-10.353381535692295,-10.296095178565194,-10.441193846975843
CYTH3,-10.30143667703629,-10.27426010527104,-10.283230921472757
RAC1,-8.340427531425535,-8.55100154704221,-8.432891095245212
DAGLB,-11.823770121967524,-11.98270341426507,-12.002761143365744
KDELR2,-9.543145181850988,-9.56030459364005,-9.707898613472976
ZDHHC4,-10.576215823739608,-10.560569618321397,-10.489582177093606
INTS15,-11.123895330755493,-11.233918920521182,-11.259165750521234
ZNF853,-12.079977069791143,-12.172334946306057,-12.296300237210062
ZNF316,-11.710041266617104,-11.77834475170627,-11.837509116812846
ENSG00000228010,-12.545158489842306,-12.27910983317763,-12.053042693763166
ZNF12,-10.535576691561348,-10.522529894902108,-10.5586999141561
ENSG00000290835,-11.92512046294238,-12.09601763263438,-12.104479491026805
CCZ1B,-11.05216985559724,-11.21053271523759,-10.90765955109434
C1GALT1,-9.58325459294431,-9.693419932888155,-9.70701642169557
MIOS-DT,-13.257796566455053,-13.130594930427188,-12.769774581038794
MIOS,-10.094868754043699,-10.194516231551189,-10.298894817025747
RPA3,-10.18454179913216,-10.461035888072455,-10.384358169940965
UMAD1,-9.656652513319608,-9.598870779447163,-9.863715388003751
GLCCI1,-9.504706505072187,-9.592385682198465,-9.129876068453598
ICA1,-9.974806141323306,-9.740239281510148,-9.825600256702376
ICA1-AS1,-12.030936901832023,-11.789544037259988,-12.342559431438568
NDUFA4,-7.38176538438255,-7.495087161139354,-7.409017727572019
PHF14,-8.60972397581137,-8.801936246554716,-8.80582351469731
ENSG00000230333,-11.413735086156878,-12.028781743035765,-11.269556636872426
THSD7A,-8.595670549668288,-9.172414432916579,-9.225647877900467
TMEM106B,-9.371726674083765,-9.326457467226668,-9.310966137250084
VWDE,-8.355580037179656,-7.984743991629796,-8.268126248057287
ARL4A,-11.257755981141036,-11.459719554481117,-11.119285026023988
ENSG00000229618,-12.375643554678577,-11.126629375567116,-11.31917622401198
ETV1,-8.007425909011197,-8.60444219555199,-8.753760981228105
DGKB,-11.749006629573127,-10.929303965428876,-11.316086635814381
ENSG00000286376,-11.782714130494803,-12.24672781980774,-12.711390660330645
CRPPA,-8.706213319150379,-8.905425390486565,-9.017538859553413
ANKMY2,-9.591439171509895,-9.535048675579974,-9.403987031862917
BZW2,-7.936091413579728,-7.83959179793399,-8.007210389344731
TSPAN13,-9.725459686067103,-9.838626085452402,-10.40981208649927
AHR,-11.631572284302695,-11.744562695485373,-11.379469652628057
SNX13,-9.181935575023337,-9.332490679861422,-9.36483010278857
HDAC9,-8.227233394581273,-8.210841326082557,-8.758854681932386
TWIST1,-10.545027436853243,-10.639181340304264,-10.692687930911406
POLR1F,-10.44981354213534,-10.493867144919232,-10.331317846382781
ITGB8,-12.615243223630944,-12.690993474246572,-11.91716572893709
SP4,-10.187223066331908,-10.295994835704407,-10.366556737673086
DNAH11,-10.06649789335297,-11.324206047024331,-10.75218793996677
CDCA7L,-9.650499202002079,-10.368573335841017,-9.73864429220074
RAPGEF5,-12.738953083717362,-13.296304764865178,-13.17680216458253
STEAP1B,-11.831731576770656,-12.732995296855737,-12.32250745741595
TOMM7,-8.495358645046233,-8.440494208193943,-8.621505816606993
HYCC1,-9.68585136125262,-9.67767344263097,-9.92148036935237
KLHL7,-9.470021654139005,-9.491220630280173,-9.734338698826155
NUP42,-10.1522671384432,-10.10662337779032,-10.061885240287202
MALSU1,-10.300398151316278,-10.367466010473384,-10.307307860223327
IGF2BP3,-8.311630792845483,-8.42903063197353,-8.479922904110738
ENSG00000289109,-12.361412275530883,-12.797958265296401,-12.457210063003318
TRA2A,-8.490916055501119,-8.575435577998386,-8.623214347512565
CCDC126,-10.959303663037192,-10.843093923953706,-10.993010171916634
FAM221A,-12.273811697969567,-12.152354697817266,-11.696608424041074
NPY,-12.80422935752318,-12.1636097468437,-11.655613287332784
PALS2,-9.74984721630332,-9.508258640413496,-9.616034451024758
GSDME,-12.330740723163908,-12.160590930218936,-12.549549848361597
OSBPL3,-10.357977173028656,-10.282104849072827,-10.178423137795837
CYCS,-8.627790021749794,-8.596570914784861,-8.586034224425763
C7orf31,-11.776105248756245,-11.562103623098507,-11.709694109878546
NFE2L3,-12.953971844568335,-12.93587646439565,-12.928355750043666
HNRNPA2B1,-6.759898488064414,-6.906496585509114,-6.939997183231313
CBX3,-8.07037952650594,-8.217911846003162,-8.043430565163906
SNX10,-12.173305141135168,-12.20877391960623,-11.988462055954102
LINC02981,-11.550128190799942,-11.852154010482742,-10.840789867074957
SKAP2,-12.513104641363766,-12.076275683968,-11.70685084336514
HIBADH,-9.155426252459192,-9.135510762057256,-9.224454723145499
TAX1BP1,-8.256574852895366,-8.31446091692778,-8.353825972695759
JAZF1,-9.10992596072085,-9.295610974443566,-9.62194591818578
CREB5,-10.216208615208442,-9.669205373309456,-10.468632658484506
CPVL,-10.113757508860456,-9.742401783464745,-9.593031594394802
CHN2,-9.693367868758699,-9.281758563891195,-9.709704189663215
PRR15-DT,-12.39261869097537,-12.067530530826492,-13.009873572659943
ENSG00000288973,-11.240704204110713,-11.411402188856785,-11.774906684338642
DPY19L2P3,-10.946527741896773,-11.354514897361229,-11.423554154843275
WIPF3,-10.696863839760777,-11.725189181187229,-11.11147374244361
SCRN1,-10.242581955180347,-10.330246244702295,-10.2305666901969
FKBP14,-10.400611973005189,-10.534967325251074,-10.58391230430915
PLEKHA8,-9.519369097227974,-9.656634347458533,-9.61562423082334
MTURN,-10.08886479733813,-10.19796692022319,-10.877343921724853
ZNRF2,-9.221605778649938,-9.3691983721263,-9.719200650549524
LINC01176,-11.683782493736976,-11.88396954224165,-12.332752528423585
NOD1,-9.730455986872025,-10.24202931741748,-10.258258308315176
GGCT,-9.531354474778293,-10.100907201642787,-9.580720866623746
GARS1-DT,-10.292775757145172,-10.39163051737377,-10.566179419308869
GARS1,-9.565629111116031,-9.658946772812952,-9.473837782799322
MINDY4,-11.4268435982387,-11.50182241503982,-11.507273213651793
AQP1,-12.3749910936892,-12.903334863683543,-11.286685701995243
PDE1C,-11.746762645699661,-12.42979306831894,-11.667746465171621
LSM5,-9.438316797553547,-9.58892634546364,-9.40943499028177
AVL9,-9.494610332856954,-9.479136300488289,-9.590286906208286
ENSG00000273014,-12.395040846519784,-12.24653824446232,-12.748489943935093
LINC00997,-12.65859947232002,-12.50300333182595,-12.73378875003949
KBTBD2,-9.89145668683497,-9.890937296294974,-10.078226745196362
RP9P,-10.808865119033353,-10.80360485341173,-10.913617276275623
FKBP9,-10.866900835138573,-10.811668991095214,-10.98463952426331
NT5C3A,-9.72860833078109,-9.863914322092944,-9.818363180983617
RP9,-10.102596302391722,-10.256092953725489,-10.044591840832375
BBS9,-9.152407843112124,-9.12387435878805,-9.159940916388395
BMPER,-8.725456474279813,-8.526228544798663,-8.636773357606698
ENSG00000236212,-12.106227918928564,-11.088233576494176,-11.37458313045999
DPY19L1,-9.919489878599213,-9.815367851191297,-9.933734213268405
ENSG00000287249,-11.938910227045518,-11.963135478669244,-11.993437503679864
ENSG00000291133,-8.70186049569728,-8.597551129528279,-8.56536938913287
ENSG00000289089,-8.701862217810943,-9.29544070070698,-8.710816915283809
ENSG00000288947,-10.70778808710766,-11.281392655822469,-10.596709587395436
TBX20,-7.646747499268449,-8.076212216383471,-7.562051563443506
ENSG00000289335,-13.06098031974194,-12.848051346140814,-12.326430121272962
HERPUD2,-10.174892018906268,-10.23851728674288,-10.28892254082251
HERPUD2-AS1,-11.678300519672622,-11.643972489383145,-11.727870094330594
LINC03013,-12.067490449600633,-11.88155835721865,-13.078933600712347
SEPTIN7-DT,-11.912385908875667,-12.006913376195428,-11.67769851157556
SEPTIN7,-7.328840199247937,-7.345467121589624,-7.535024721831552
EEPD1,-10.781854905069416,-11.174601212873302,-10.878860942669512
MATCAP2,-10.88376532901834,-10.72226721814449,-10.929030567554245
ANLN,-9.954786715621093,-10.476560111419996,-10.385279683669692
ELMO1,-9.703877132858288,-9.905217236738068,-9.786734169593263
EPDR1,-11.679252934744989,-12.260347264619798,-11.865398246697481
STARD3NL,-9.6590370739234,-9.74307491203364,-9.803606255892618
AMPH,-12.625183985332129,-13.043655514127805,-13.04662304404606
VPS41,-9.229408803578567,-9.488330116825466,-9.35449936701333
POU6F2,-11.417290374427386,-10.871678252365829,-10.362786175162846
YAE1,-10.504181226700922,-10.53783352696932,-10.382750763988083
RALA,-9.326330515000254,-9.421579244272102,-9.364806822914236
CDK13,-8.741441338778005,-8.748386936074933,-8.806085580238964
MPLKIP,-9.483485700352238,-9.610599046799084,-9.651142428193879
SUGCT,-9.521008212010655,-9.443869072669077,-9.90184756382562
INHBA,-11.737028966747681,-11.551452895455785,-11.412064260797646
GLI3,-9.638752144043963,-9.27291713413897,-9.732905667059558
C7orf25,-11.970279254475633,-12.009034154715408,-11.968041203463095
PSMA2,-8.485977591236194,-8.69279717356876,-8.614602355317182
MRPL32,-9.657650592358912,-9.868284999831403,-9.744620227306191
STK17A,-10.283776938114134,-10.221676592691672,-10.073007933682923
COA1,-8.437455405798717,-8.521412991025603,-8.480827942986016
BLVRA,-10.281512138754278,-10.483703098078214,-10.359564892148734
MRPS24,-9.498949283123828,-9.668576022916797,-9.568953632819088
URGCP,-10.37577159466632,-10.349510052631558,-10.396808265136569
UBE2D4,-11.507288677698599,-11.42528565834427,-11.492617286632711
ENSG00000228434,-10.909585926659108,-11.57892528163118,-11.560441684111543
ENSG00000290872,-12.137843754685129,-12.345605056385812,-12.526542540568816
DBNL,-10.526706253245154,-10.626402785163775,-10.711908614415082
PGAM2,-10.874384760457867,-10.13627023596844,-10.45066000511995
POLM,-11.959358972006928,-11.976014196016381,-12.249917778085866
AEBP1,-10.25282675027975,-9.952431292051072,-10.486600985609217
POLD2,-10.19673476796659,-10.27730447642494,-10.293946619772418
MYL7,-5.237516444494218,-5.056030860364999,-5.365630236117889
GCK,-12.292427656782031,-11.693192521968523,-12.121675920460659
YKT6,-10.226507020556909,-10.209188841315827,-10.554937446135709
CAMK2B,-11.65268371365863,-11.673058452149007,-11.542029888929596
NUDCD3,-9.856577745704758,-9.880205480403815,-9.993589361794058
DDX56,-10.790677535041246,-10.85341144083386,-10.98996146549688
TMED4,-9.340655885458824,-9.33320183221821,-9.416983146593374
OGDH,-9.644989621178192,-9.681614056035347,-9.633083020953029
ZMIZ2,-11.299626714550875,-11.46120635164798,-11.307069599393976
PPIA,-7.051234382301702,-7.312253101483408,-7.243720699986433
H2AZ2,-8.581650358276079,-8.653496201684556,-8.762604122016246
PURB,-9.559429542638236,-9.56693554309816,-9.676196518542708
SNHG15,-11.253833717088852,-11.199453161784673,-11.110814125118175
CCM2,-10.227923089242045,-10.174247494678408,-10.2981177911495
TBRG4,-11.215947879937769,-11.22971808942728,-11.255182366615548
ADCY1,-10.597620256526787,-10.367463977211534,-10.888568390508901
ENSG00000291207,-10.388579063795767,-10.456299410183963,-10.491903185932577
IGFBP3,-11.42741712061613,-10.848571975207948,-10.427502768096918
TNS3,-10.18142579516762,-10.640196161503729,-11.158413059136686
HUS1,-10.705116762267684,-10.722551132785396,-10.81699898540477
UPP1,-11.57452090891606,-11.679425700158344,-11.603877795698628
VWC2,-10.533463801345633,-10.023760626453239,-11.729441772852558
FIGNL1,-11.83564053819032,-12.010603808003655,-11.597973649727734
GRB10,-9.066442870014752,-9.373015458092086,-9.610464048563909
COBL,-11.254064296609528,-12.00002300317009,-10.85625957894019
SEC61G,-8.56414685264332,-8.724303401323297,-8.515424039901083
LANCL2,-10.21814191212306,-10.320753455949815,-10.503727840154744
VOPP1,-10.350585517283163,-10.3110425724468,-10.510516692422796
ZNF713,-10.379838268699972,-10.280750603798491,-10.633181988301244
NIPSNAP2,-8.514598859053981,-8.556238295285738,-8.46020044483802
MRPS17,-10.33557127795879,-10.436523616396247,-10.412011807381123
PSPH,-10.644252737263393,-10.601858117862891,-10.532567294948802
CCT6A,-8.172308158534456,-8.361123264160861,-8.388041894655682
SUMF2,-10.869412159603957,-10.669023409945602,-11.078121844821933
CHCHD2,-8.935293889815386,-8.376160052032795,-8.203070496245793
ZNF680,-10.855097737793917,-10.827519728625276,-11.126413516863252
ZNF107,-10.636197274737693,-10.777744079489606,-11.229670305190133
ZNF138,-10.283428284850464,-10.190697719661102,-10.231241608033374
ZNF273,-11.838753574354184,-11.982509464790462,-12.268550045117214
ZNF117,-11.16230965005949,-11.945843827519285,-11.18793367133551
ERV3-1,-11.305768266447545,-11.812897985642115,-11.262138335076779
CCT6P3,-11.509802688811755,-11.352343609213186,-11.550332061488433
ZNF92,-10.743186396123267,-10.77818736317838,-10.68819363522396
LINC03006,-10.463373274363983,-10.48403206299501,-10.534005837432362
ENSG00000291124,-11.478357621455608,-11.628003359860848,-11.737754085453965
VKORC1L1,-9.867140864257697,-9.873299148012018,-9.924755786131245
GUSB,-11.171765309480646,-11.41220665100798,-11.429995689826345
ASL,-11.392589523699884,-11.550363703256977,-11.608664865379156
CRCP,-9.902974065663733,-9.963803153082585,-10.077803886010447
ENSG00000234185,-12.899032126398568,-13.103058480840527,-13.05361053236202
TPST1,-9.951945995297306,-10.002141767219332,-9.98802143539807
LINC00174,-10.578343783192198,-10.44441937005085,-10.451125601031208
LINC03011,-12.248403261959442,-12.277406081386756,-11.90404045530726
ENSG00000291136,-9.966025921882945,-9.87261236953772,-10.071171511946986
KCTD7,-11.458286070727562,-11.33614759282109,-11.527448117885806
ENSG00000226824,-9.906065598894434,-9.785278029734615,-10.103854209555426
RABGEF1,-9.279069898077312,-9.153642166768146,-9.490067433891925
ENSG00000272831,-11.02279203401324,-11.298439158158422,-11.1945301292159
ENSG00000289177,-13.004395185553795,-12.810678025428789,-12.796166313166335
TMEM248,-10.224182784422148,-10.295790967274222,-10.311171557243453
SBDS,-9.313706357656866,-9.276158717370238,-9.353253923089804
TYW1,-9.948728402668358,-9.868132279580395,-9.991968379697461
PMS2P4,-10.33119668902673,-10.154366606786239,-10.254617900426593
STAG3L4,-9.919107486503204,-9.895276467456986,-9.860577764937625
ENSG00000273448,-12.432997873687059,-12.902283715451315,-12.501332246603846
AUTS2,-6.933117740102902,-6.92086365483789,-6.893032239706859
GALNT17,-9.601995518928355,-9.696650650543427,-10.258344893784606
CALN1,-11.863673371433856,-12.042761698553416,-12.677362938045704
TYW1B,-9.973984298287998,-9.99264905519044,-10.265863256560687
SBDSP1,-10.842351859762461,-10.904292344999273,-11.01652778048451
POM121,-9.981237664658632,-9.975046249892065,-10.108256254938926
NSUN5P2,-11.928953008884484,-12.045486603975165,-12.223210794552408
ENSG00000290832,-11.600473944612501,-11.495080478371355,-11.636428917001519
NSUN5,-11.356416492900761,-11.618575084728157,-11.614456791873543
BAZ1B,-8.890885165512534,-8.955569742991983,-9.006855362389272
BCL7B,-10.96509735411681,-11.0471501044738,-11.197867875420357
TBL2,-11.244591518272266,-11.26268591528723,-11.219911823009237
VPS37D,-12.491465363805577,-12.635387181093376,-12.395473065548735
DNAJC30,-11.214629658893948,-11.448621354568237,-11.358173669419545
BUD23,-9.499923777732004,-9.60421794443331,-9.616517822008285
ABHD11,-11.45189107588043,-11.595450751224762,-11.44290592204341
LIMK1,-11.512020550358775,-11.654716424697542,-11.714065834677413
EIF4H,-9.18771756946741,-9.354718599926358,-9.291044457556781
RFC2,-10.69709813698322,-11.072840855673576,-10.892073740864559
CLIP2,-12.2466679034784,-12.313522619628625,-12.438045082119313
GTF2IRD1,-10.149123299453976,-10.099790405368877,-10.157398836026642
GTF2I,-8.390568190057154,-8.401067613546363,-8.52867412237141
GTF2I-AS1,-11.642531138905138,-11.7348849772744,-11.727041679684563
GTF2IRD2,-11.636362752390848,-11.508893484221984,-11.576153186563536
ENSG00000290833,-10.843428800287386,-10.733416704348938,-10.97089865277791
CASTOR2,-10.97316181488305,-10.915229610816512,-11.3021971989016
RCC1L,-10.534208627177012,-10.750795422084932,-10.774150662911675
GTF2IRD2B,-10.957169648008422,-11.01365363186329,-11.155512732776861
GTF2IP1,-10.42143377460865,-10.173140710917014,-10.446090036976646
ENSG00000290951,-12.307958170709135,-12.730724700885865,-12.902355676446021
NSUN5P1,-11.294103442354542,-11.321711510618787,-11.49241297617811
POM121C,-10.031651973275837,-10.113774890178886,-10.238151545595839
PMS2P3,-11.952910647815813,-11.956076259098168,-12.161219160122226
HIP1,-8.909408907305695,-8.888493832408695,-9.196304829434315
RHBDD2,-10.904666880320526,-10.980758769773209,-10.927639259025232
POR,-10.877299459592418,-10.923096464380759,-10.70176440756027
TMEM120A,-11.267603987405145,-11.455545363163784,-11.039206759766694
STYXL1,-10.63880810025933,-10.671027927661761,-10.719633290658098
MDH2,-8.309061080460472,-8.495315020061327,-8.05137084479823
HSPB1,-7.044766313849124,-7.018264540682798,-6.9171511427261025
YWHAG,-9.079030717526075,-9.115198849956338,-9.244705128625712
SSC4D,-12.411098657915314,-12.106152656900914,-11.805892860195243
DTX2,-12.498453435975208,-12.49733893097297,-12.578718721087077
LINC03009,-8.761793041767975,-8.8507836181894,-9.016666402906836
POMZP3,-12.195456101355244,-11.871351543691267,-11.934663332689928
ENSG00000291121,-11.83616254617412,-11.93393745949766,-12.093413227442856
CCDC146,-10.419890712564134,-9.959561334330207,-10.653549177154856
GSAP,-11.436510259218139,-11.490960335284989,-11.92465678486365
PTPN12,-9.277587162890992,-9.421517587613836,-9.378522515728166
APTR,-10.59630762448443,-10.51773451913523,-10.674202016520711
RSBN1L,-9.153833582654105,-9.20230074711302,-9.351482714356958
TMEM60,-10.615212539335776,-10.582890614350145,-10.584017556905998
PHTF2,-8.958856207917343,-9.04261167810763,-9.091609785821744
MAGI2,-6.820516986851744,-7.227970097426494,-7.329032493385509
MAGI2-AS3,-9.017618537033567,-9.356215515669904,-9.593678743777035
GNAI1,-10.143249702474076,-10.260984084564063,-10.163805533933475
CD36,-12.668115675122452,-13.044999486701856,-12.173661478696053
SEMA3C,-8.568301050745987,-8.743913845789036,-9.477553380248757
CACNA2D1,-8.550439650401993,-8.654332162562463,-8.794360725080313
PCLO,-10.41121979656581,-10.66583718786379,-10.447015015899527
SEMA3E,-11.62174794766033,-12.205855059334123,-12.036428471953343
SEMA3A,-8.114033965800038,-8.314804941953494,-8.54221193393714
SEMA3D,-10.873963153854088,-11.272765998669385,-11.661810391575036
GRM3,-12.28259356329144,-12.350678490020028,-12.853144485811626
GRM3-AS1,-11.298211085923581,-11.136123939892775,-11.38790454509801
ELAPOR2,-8.380833342900772,-8.493730994796602,-8.288137889320375
DMTF1-AS1,-12.966480954440962,-13.261024700848514,-13.154198734690718
DMTF1,-9.24710910246026,-9.353369980052317,-9.347376815393824
TMEM243,-11.327561248013623,-11.608636809075586,-11.557621326073562
TP53TG1,-11.138897832277367,-11.499785657551248,-11.259162861114177
CROT,-10.67043559414175,-10.858449059793598,-10.969625736430638
ABCB4,-11.999699740265754,-11.843419688532613,-12.544319174808264
RUNDC3B,-12.29597805330139,-13.050918383355581,-12.620129221663815
SLC25A40,-10.434113090321777,-10.51599960882574,-10.558704121837803
DBF4,-9.889703237088634,-10.171677609611645,-9.931956091085537
ADAM22,-10.314183976687724,-10.628057699020873,-10.604569341252022
SRI,-8.735479836743702,-8.653022558802732,-8.685157270212482
ENSG00000228113,-12.308531681917705,-12.433993922356253,-12.706582847612045
ENSG00000233420,-11.81722957879614,-11.996523660986341,-12.156420493578043
ZNF804B,-12.524486508753382,-13.205867684665172,-12.834133331173234
STEAP2-AS1,-12.95859639920141,-12.830596795787315,-12.385006805278046
STEAP2,-12.202203876415554,-12.407880065460915,-11.702040993584491
CFAP69,-11.071426881924406,-10.947425025853544,-11.001530409375494
GTPBP10,-10.448781630545946,-10.475829254983386,-10.42461845132699
CLDN12,-10.958148380575736,-10.861328615080307,-11.059513115729388
CDK14,-7.858029250436372,-7.82381042802825,-8.093532519312893
FZD1,-11.54049411580385,-11.929974282329933,-12.146833668648004
ENSG00000235450,-11.373750997904121,-11.554591485617792,-11.851135448140388
MTERF1,-10.246870345626808,-10.431545539928669,-10.611736038729958
AKAP9,-8.128689980532018,-8.095962033113421,-8.31078602542663
CYP51A1,-9.348055185266107,-9.084419198996908,-9.355471838920913
LRRD1,-12.43407463556594,-12.102368497358574,-12.267253869760664
KRIT1,-9.267891640050346,-9.305873256517671,-9.477522207817518
ANKIB1,-8.871562642979448,-8.860273240409867,-8.990361071485145
GATAD1,-9.505287987762662,-9.605196631058112,-9.634977146323815
ENSG00000244055,-10.502738461030823,-10.563710976629666,-10.409240183811594
PEX1,-10.073783695296736,-10.151515544963518,-10.081854126320867
RBM48,-10.821083897535377,-10.750492797379405,-10.983226220601287
FAM133B,-9.263787324263385,-9.256224679622665,-9.302260094503234
CDK6,-7.670808794554212,-7.63633944013589,-8.317904210063672
CDK6-AS1,-10.121529579513858,-10.045998474473729,-11.180197595279243
VPS50,-9.835900399545476,-9.82551538475805,-10.049343788516115
GNGT1,-12.783468036843693,-12.683735325871266,-11.009745433225405
TFPI2,-11.541604723447074,-11.651050686929164,-11.718225595678843
GNG11,-11.091177855966826,-10.944896143748517,-10.988545181484284
BET1,-10.501422534788874,-10.570203758531406,-10.477306005565124
ENSG00000285090,-11.741526852794602,-12.178860800803218,-13.060556052235128
COL1A2,-9.849711265177682,-10.002158785315336,-10.112261509415385
CASD1,-8.645233164116835,-8.77953149386608,-8.834788238094593
SGCE,-9.730043533742082,-9.859604515307552,-9.928850580975583
PEG10,-8.9900773833498,-9.082006045867136,-8.944649895080921
PPP1R9A,-7.903188589145954,-8.028536128857246,-8.17776502174405
PPP1R9A-AS1,-11.483718017188071,-11.864009581449892,-11.86712371107468
PON2,-9.42545620883268,-9.400751308924793,-9.63325682383931
PDK4,-11.55557627912821,-11.76243331193476,-12.108397061640902
DYNC1I1,-9.284848788388393,-8.920396282846049,-9.674223650210537
SLC25A13,-9.248474994615275,-9.274067098039312,-9.280373106743022
SEM1,-8.834212840994187,-8.930698159238151,-8.878454882508398
SDHAF3,-10.335885397709708,-10.486588078806644,-10.322917520626152
ENSG00000284707,-9.54701897545054,-9.499607529953696,-9.73819685044974
LMTK2,-9.579036526039703,-9.455270989298812,-9.683664488351639
TECPR1,-11.587629783235371,-11.575875989203535,-11.761016852063008
BRI3,-8.929004753876221,-9.067208952594061,-8.832536563188041
BAIAP2L1,-9.98593769163232,-10.440992616053576,-10.042778661109635
TRRAP,-9.209030221404507,-9.260682126241793,-9.264559139680804
SMURF1,-9.661934904504445,-9.592666051626813,-9.7139146169156
ENSG00000284523,-12.445934035790334,-12.752823015780574,-12.407093327994431
ARPC1A,-8.937906714089127,-8.889822908424433,-8.992608999767855
ARPC1B,-10.937338634169375,-10.94807719599909,-11.091297585475283
PDAP1,-9.173358486989487,-9.249556951879237,-9.222551952550642
BUD31,-9.691398426567615,-9.947705410682424,-9.879586457624889
PTCD1,-11.572970200962628,-11.60411139652736,-11.521804417494387
CPSF4,-10.886387513815647,-11.10099515706215,-11.077938122380402
ATP5MF,-8.614571859103576,-8.731702429269324,-8.702413191822554
ZNF789,-10.752616481009841,-10.656588981179995,-10.986660593613394
ZNF394,-11.155209500823142,-11.248922288342694,-11.392817430332201
ZKSCAN5,-11.529159031951403,-11.414012475652513,-11.632425557490707
FAM200A,-10.856827740338774,-10.996554100331792,-10.954003388568593
ZNF655,-9.70595756174648,-9.703309261394963,-9.801237614175477
ZSCAN25,-11.64701738980358,-11.800083499647586,-11.970594869452109
ZKSCAN1,-9.306901429631274,-9.290031339830737,-9.475397110254095
ZSCAN21,-11.743265708361944,-11.628336827022371,-11.731146055345729
ZNF3,-10.973021272260057,-11.06552025117864,-10.987812412593659
COPS6,-9.559296338169705,-9.612062090962985,-9.564693290795427
MCM7,-10.344017011940853,-10.933248015232556,-10.773597861151975
AP4M1,-11.617958570762315,-11.726490902138138,-11.746767621925127
TAF6,-10.898074040045824,-10.966208432211788,-11.051600596292044
CNPY4,-11.721153635198768,-11.82327129898615,-11.826843911269295
LAMTOR4,-9.713513222619188,-9.683444075383365,-9.643507568487458
TRAPPC14,-12.511333984638004,-12.592215453836204,-12.84425355404491
GPC2,-11.277266982919148,-11.350287186086936,-11.293908176007497
CASTOR3P,-10.260191970759553,-10.172656370056385,-10.571195849015785
ENSG00000291178,-10.321689037834462,-10.346496778459692,-10.490861379307287
SPDYE3,-12.984473445570323,-12.917639654777213,-13.000084375058172
STAG3L5P,-10.115865247386614,-9.982129071164607,-10.321277795724683
PILRB,-10.915270489034654,-10.910009117707103,-11.14588334664117
PILRA,-11.995256431278246,-11.719398267269497,-11.928749064324935
ZCWPW1,-11.291855873925654,-11.082240698360488,-11.298274866753625
MEPCE,-11.893117357724769,-11.731661641702132,-11.902181257826275
PPP1R35,-10.811753121094625,-10.899122193303558,-10.772271353729565
TSC22D4,-10.617705660201658,-10.945867433774062,-10.887366470095737
AGFG2,-12.331651379405207,-12.456965489573868,-12.30001990820906
LRCH4,-12.60078322074953,-12.532470009599834,-12.717022128922437
PCOLCE,-11.72635490542761,-11.54635808048829,-11.637130634791626
MOSPD3,-11.521577087075249,-11.437794507531612,-11.473556247816742
GNB2,-9.491165789112824,-9.618044458208297,-9.517902874591428
GIGYF1,-10.360121604016221,-10.537171198002296,-10.583608833167794
POP7,-11.074012553254047,-11.268491272939311,-11.110639924741875
EPHB4,-11.312189820043422,-11.454008203457882,-11.642037027603598
SLC12A9,-11.025258873615659,-11.10410714927777,-11.19980239733817
TRIP6,-10.89663239220417,-10.97398224092047,-11.220471270217004
SRRT,-9.923867023382067,-10.028487028517276,-10.124787820626723
TRIM56,-10.804854615057788,-10.87566558484172,-10.979879893613733
AP1S1,-11.07399475891797,-11.162960985227178,-11.172963480651713
PLOD3,-11.223627872757996,-11.3361912492474,-11.364877411738565
ZNHIT1,-9.528278532024004,-9.700202569127773,-9.599029463765127
FIS1,-9.106503404532491,-9.190243515177661,-9.28914282134278
EMSLR,-11.976908470292098,-12.746512870024281,-12.668730034875631
IFT22,-10.388322024084902,-10.440080552145252,-10.445467147513089
COL26A1,-12.204328038684414,-12.129844424039074,-12.46389720853365
CUX1,-8.108919562130623,-8.175030752374086,-8.339316939648672
PRKRIP1,-9.582424498423997,-9.64813566547933,-9.784473636440998
ORAI2,-11.082130937895963,-11.117427101392675,-11.375608501971678
ALKBH4,-11.072757945203115,-11.099912412989573,-11.068495381168542
LRWD1,-11.838427610924425,-12.141211440714441,-11.868434097741693
POLR2J,-9.804389472311023,-9.885042209380515,-9.934042505493062
UPK3BL2,-12.772520779988646,-13.026919857899328,-13.01749402958742
POLR2J3,-8.383003114147094,-9.185285732795235,-9.0045288876779
ENSG00000279168,-10.651200115753182,-11.522523095269941,-11.437938814368925
UPK3BL1,-10.729599467184395,-11.638037102504779,-11.24327955951386
POLR2J2,-11.577719937333708,-12.226573500091074,-12.303435754217807
ENSG00000286830,-12.721177647149705,-12.64182383188634,-13.01928077010389
FAM185A,-10.543022538590836,-10.780495849147963,-10.688563149572902
FBXL13,-9.944810195857025,-9.943451996449475,-10.187678089856712
LRRC17,-12.396233720986984,-12.329240891716498,-11.74945329708647
ARMC10,-9.905627366630164,-9.790673904236606,-9.691863716212374
NAPEPLD,-10.207438581390118,-10.298495178584739,-10.440157740553419
ENSG00000289956,-10.386767436240266,-10.484564295692458,-10.290545449284162
DPY19L2P2,-10.58342344874012,-10.800116695991047,-10.861345310334169
PMPCB,-9.244331030928466,-9.40011664304716,-9.395544233068765
DNAJC2,-9.508150615641254,-9.584677901592258,-9.67169082720382
PSMC2,-9.915084795935991,-10.002309511639462,-10.036176463477695
RELN,-9.277742418086032,-9.462866826581092,-9.259722686496692
ORC5,-10.035771235009886,-10.04820175285401,-9.908507540828298
KMT2E,-8.334638325466445,-8.383769424950136,-8.45822740962454
LINC01004,-9.968260684492046,-9.946476012000932,-10.152320027759115
KMT2E-AS1,-12.238364623529375,-12.262895694156196,-12.339518941505032
SRPK2,-8.55612140984814,-8.618445614713975,-8.73494800213131
PUS7,-9.739815553827349,-9.849421498017197,-9.873199764886925
RINT1,-10.745599412064315,-10.775713327219366,-10.766782375691353
EFCAB10,-12.290887856195113,-12.438670346714842,-12.442627767049542
ATXN7L1,-9.36183105590121,-9.445334656647034,-9.670889453030327
CDHR3,-10.422447292177141,-10.825429224747694,-11.244297865466823
SYPL1,-9.860858224250217,-9.848429348015227,-9.85591107996015
NAMPT,-9.65217165744808,-9.808260706369497,-9.581758641583043
CCDC71L,-12.091728529900033,-12.01540574859753,-11.897911568196344
PRKAR2B,-8.989926587158786,-9.068435285637387,-8.987493121027441
PRKAR2B-AS1,-12.97637711514149,-13.27351545470816,-13.077823851467338
HBP1,-9.522260414635031,-9.632093172376962,-10.047801737649863
COG5,-8.609386227584581,-8.620832660450999,-8.817149738636724
DUS4L,-11.123878355118267,-11.06831693198004,-11.103747914606313
BCAP29,-9.242553908505165,-9.232365877107782,-9.585045374636985
CBLL1,-10.655506492899518,-10.61702064807178,-10.642449439110619
SLC26A3,-12.218033909979125,-12.246720371150746,-12.33544314692953
DLD,-9.456806235750095,-9.528111234827527,-9.533717171640033
LAMB1,-8.923945284395133,-8.951455329098875,-9.826541115956406
NRCAM,-11.325802264365597,-11.1881570946553,-11.698637865155622
PNPLA8,-9.574586223646504,-9.471505511201604,-9.624608989890122
THAP5,-10.552807495037195,-10.560385431757641,-10.538976136880281
DNAJB9,-9.925318952819243,-9.918984290140873,-10.0260552905233
ENSG00000226965,-11.67079856340094,-12.368058691072656,-12.363215192956932
IMMP2L,-8.494577589870536,-8.584627078457762,-8.709105272014291
LRRN3,-10.652939645297224,-10.461339138278012,-10.392183141766946
DOCK4,-9.353976643366956,-9.548111082561705,-9.21195380707403
ZNF277,-9.679873447479016,-9.81945556004479,-9.746548693468405
IFRD1,-10.288304657567688,-10.26706592925588,-10.392175995853622
LINC03076,-11.041421404999616,-10.94230503700612,-11.19342674618615
TMEM168,-9.766456302478737,-9.589291203652081,-9.77656333555979
BMT2,-8.416730640150817,-8.650702504865123,-8.69167343530499
SMIM30,-8.71485497577149,-8.785107015437596,-8.827925411188751
PPP1R3A,-11.623710487602926,-10.487017596866826,-11.390734032443259
FOXP2,-12.624678826828827,-12.276498880492083,-12.46626416998769
MDFIC,-10.2255926375248,-10.265323604682084,-10.319492752582901
TES,-10.714204811879863,-10.699454791599079,-10.357776247933622
ENSG00000237813,-12.785081267635588,-12.449801947692023,-11.93581321479391
CAV2,-11.151465230065796,-10.977886866410637,-10.635134027478113
CAV1,-11.986656454478922,-11.622007606714622,-10.736012609494955
MET,-12.565123780640493,-13.148924333983919,-12.520072847010653
CAPZA2,-8.360999307448385,-8.360061330791504,-8.417797085458153
ST7-AS1,-11.161495212707386,-11.207319392514375,-11.364382393391603
ST7,-8.947600644260602,-8.942566577579706,-8.849923376571116
ST7-OT4,-12.327711748493144,-12.1871765245296,-12.381956499472233
ST7-AS2,-11.820632948764441,-11.710502568130513,-11.634959545818425
WNT2,-9.857517675790564,-9.383373956307532,-9.27166351384416
CFTR,-10.881783643098428,-10.852191836531723,-10.661249374221704
CTTNBP2,-8.612689127245117,-8.729220174946699,-8.75202526665408
LSM8,-9.17821782127366,-9.39027646967724,-9.498917131748073
KCND2,-10.96432837672421,-11.363337449667798,-11.668079572983164
TSPAN12,-11.385988778439344,-11.388792455349941,-11.522858136682967
ING3,-10.338014431208217,-10.366694100540235,-10.465046052217497
CPED1,-11.033732015548027,-11.723091137343655,-11.204603632315786
FAM3C,-9.78129009404679,-9.605884801084965,-9.634544751443338
PTPRZ1,-12.379904877762634,-12.332498378853629,-11.820216523604461
AASS,-9.346049362595494,-9.34371399898762,-9.448470460290828
ENSG00000234418,-12.449792547715077,-12.209618310776104,-12.014547911361065
CADPS2,-9.257842754826907,-8.914580832225221,-9.332286137339834
IQUB,-11.986521711997755,-11.948354709318068,-11.787148566770778
NDUFA5,-8.953999933802848,-9.01785585359687,-8.941514551654
LMOD2,-11.166989970881946,-9.4336230441775,-10.976983537758
WASL,-8.758086670603852,-8.81079204171686,-8.866018588581191
WASL-DT,-11.320441280263513,-11.466379570232984,-11.307797487763048
ENSG00000242593,-12.415561073777985,-11.876733643755813,-12.998023340043071
GPR37,-12.63927965459954,-12.117609774455023,-12.414691003561371
POT1,-10.22023372748449,-10.186569164089772,-10.249961791187017
POT1-AS1,-10.13559871091011,-9.143258959331972,-9.737986563087402
GRM8,-10.17664190732802,-11.435919043376149,-11.043047101709522
ZNF800,-9.893150257983537,-9.969481469601643,-9.97604428869723
GCC1,-12.34361937976386,-12.29789132341863,-12.474313056727393
ARF5,-10.040091181523715,-10.15506595268666,-10.087747279144285
SND1,-9.015642025790564,-9.021583599396243,-9.132853951132518
SND1-IT1,-12.40915893484869,-12.395992561945617,-12.572947974636822
LRRC4,-11.919235854162917,-11.456814308841643,-11.763484490481504
RBM28,-9.535238136130438,-9.658491491885918,-9.63865683440455
IMPDH1,-12.042972183922075,-12.283463448689032,-12.383372024581691
HILPDA,-10.48406971846589,-11.088305933761024,-10.74778195971431
METTL2B,-9.885250791803065,-10.130752654572179,-10.126789147818007
LINC03072,-12.172852616474191,-12.13928165289911,-12.293992156416572
GARIN1A,-12.33141613889394,-12.306654878687315,-12.6519351063315
CALU,-8.580043350556855,-8.521580971458798,-8.687836135751446
CCDC136,-11.143210449305242,-11.154734276608595,-11.244004276002201
FLNC,-9.305484912113288,-9.11780962865164,-9.408131997213477
ATP6V1F,-9.368322935764922,-9.306617013887577,-9.249381108035749
TNPO3,-9.740946013565136,-9.764965607311971,-9.893561544550632
TSPAN33,-12.712653520294335,-13.243453743221647,-13.176500644389314
SMO,-9.777721711160693,-9.839880168443035,-10.001478175254627
AHCYL2,-9.123292246861856,-9.165072627741015,-9.336495742179476
STRIP2,-10.356905435570532,-10.085177084293887,-10.513392892732782
ENSG00000273329,-11.461364190166154,-11.545375805724342,-11.633635058600591
NRF1,-9.808136489353029,-9.805659144712171,-9.804264125446183
UBE2H,-8.240675403132203,-8.209108523324941,-8.389814604923657
ZC3HC1,-10.797016464379535,-10.910508898631555,-11.072710877752845
KLHDC10,-9.770155677352381,-9.773995905405704,-9.936696307456375
TMEM209,-10.497076271091782,-10.562005678214296,-10.75163632264882
CEP41,-10.96161824098767,-10.968866366673458,-11.074654702290259
MEST,-10.896932506949765,-9.796032391550053,-9.730758966995834
COPG2,-9.706063731068136,-9.770866313964127,-9.881202217147322
COPG2IT1,-11.39454810363442,-10.204568527462666,-10.072654943610369
LINC-PINT,-11.087017897429797,-10.944004944581586,-11.504987978058466
MKLN1,-8.543797151026997,-8.549165962208075,-8.652638935297606
MKLN1-AS,-12.73672464956958,-12.501127221018342,-12.696053160211903
PODXL,-10.22131924754803,-10.096791235698937,-10.307144575646667
PLXNA4,-8.820232339048655,-9.312937564469667,-9.172570172371477
CHCHD3,-8.61785434515032,-8.699654914329109,-8.578202623031705
EXOC4,-8.356890970259172,-8.36032389320934,-8.469785384891669
LRGUK,-11.70085974985131,-11.659804796780142,-12.379202860435964
SLC35B4,-10.564022919671002,-10.58304313334942,-10.512222246255003
AKR1B1,-9.341299767693924,-9.69045424646418,-9.069284958199388
BPGM,-11.393866853005386,-11.433577915942323,-11.2354488569061
CALD1,-7.510520637503437,-7.6915403767351425,-8.055649106059205
ENSG00000286458,-10.748873301129379,-10.61634310627794,-10.697482155777344
AGBL3,-11.155080981432828,-11.110494562208725,-11.081329460926105
CYREN,-9.958543928181077,-9.861613434732963,-9.876705391079959
TMEM140,-13.172244773059855,-12.894977049595319,-13.063554570293926
ENSG00000287733,-12.587462355421032,-12.39768236234781,-12.52933369779747
WDR91,-11.795076449412353,-11.85995849948179,-11.673537310527145
CNOT4,-9.090658363319363,-9.058976039506923,-9.157539413778506
NUP205,-10.216028594658761,-10.401586257769722,-10.398396875767672
STMP1,-9.047309037510303,-8.885769919571004,-9.101634795217526
MTPN,-8.576470033516438,-8.54770538733246,-8.82526755542955
ENSG00000232053,-11.669223756149348,-12.236840134019138,-11.964457789352604
ENSG00000234352,-10.328802103172006,-10.453449906912464,-10.059151057653203
CHRM2,-7.436156519806828,-7.610385632273345,-7.945588056317186
PTN,-9.482915649529637,-8.945146724630648,-9.81501810990966
DGKI,-8.825234603430177,-8.762063037468286,-8.925102993203712
CREB3L2,-9.615105916262069,-9.719791845483096,-9.901825174565701
TRIM24,-7.739252913248191,-7.719191684537678,-7.861870031868852
KIAA1549,-9.814601725370885,-9.807343335593032,-9.96398818709585
ZC3HAV1L,-12.174803474085053,-12.091815896904613,-11.795566613543757
ZC3HAV1,-10.557981196916565,-10.245999903292068,-10.416332675368084
TTC26,-11.114412979166675,-11.18704506237378,-11.253378873129416
UBN2,-9.431867995879362,-9.390998298571347,-9.489487794023303
FMC1,-9.718535745808241,-9.975291608843609,-9.72952802016369
LUC7L2,-8.489419011400262,-8.562430115612644,-8.633634971036216
HIPK2,-8.268711089980632,-8.276217835753604,-8.389486539033408
TBXAS1,-11.936511903979367,-12.114070682075665,-12.150007853888164
KDM7A,-9.622596572028375,-9.700033139647667,-9.78361569256047
KDM7A-DT,-12.333535374186194,-12.028559782474867,-11.959309030132005
SLC37A3,-10.259857303110348,-10.468063559115107,-10.519590293208552
MKRN1,-9.743330836507218,-9.778200653599303,-9.864416976039163
DENND2A,-10.164039539183698,-10.112654459924,-10.439340916969684
ADCK2,-12.417577552693693,-12.50403709059498,-12.289614883966275
NDUFB2,-8.586150158066323,-8.69260268861667,-8.585811607429148
BRAF,-8.510885552646334,-8.455061554477927,-8.643742543878119
ENSG00000289788,-12.830434070891842,-12.726296801525018,-12.896586438368617
MRPS33,-9.820920111125295,-9.92212353254984,-9.838797826354115
TMEM178B,-12.656080396867019,-12.179152200477143,-12.688850489686445
AGK,-10.538110256571104,-10.597658350033166,-10.532175478527256
DENND11,-10.81905757517555,-10.940848279536004,-11.104636868666402
SSBP1,-8.582665428863496,-8.808889836232199,-8.686314288022041
TAS2R4,-12.900946905392997,-12.955086316590824,-13.03172787991337
EPHB6,-12.032745946179856,-11.890301410811379,-11.994602635309846
KEL,-12.11457085602404,-12.452335219708454,-10.871336786510714
GSTK1,-9.592704176384734,-9.524856818517133,-9.5480589978372
CASP2,-10.867685797547336,-11.070071876575893,-11.049127414803529
FAM131B-AS2,-12.037513131142724,-11.685886854549127,-11.737016206495243
ZYX,-10.176435687815262,-10.17896252706655,-10.43173110318348
TCAF1,-9.060528704245302,-9.134841641419344,-9.145452117979936
TPK1,-10.298767854364376,-10.690237212592319,-10.885986919495638
CNTNAP2,-10.367853101946324,-10.813866427603546,-10.756497515290235
ENSG00000273314,-12.381755539686829,-12.493257079612825,-12.641031220970511
CUL1,-8.88229845912894,-9.031051706326956,-9.008493761964223
EZH2,-9.58122571722812,-9.902837349028912,-9.789786040094066
PDIA4,-9.260937150288372,-9.26942081700463,-9.368110820680295
ZNF786,-11.498630527125398,-11.53366382277213,-11.594609767614521
ZNF425,-11.849370364101494,-11.989573667966845,-12.115572222212757
ZNF398,-10.867456377458154,-10.841111482983266,-10.823987502800698
ZNF282,-11.573658475394986,-11.633048257787722,-11.756542611948882
ZNF212,-11.401830710495545,-11.897562777284765,-11.728251397796331
ZNF783,-12.59910414442854,-12.781072445772699,-12.875231815071901
ZNF777,-11.391721907836171,-11.555928138561256,-11.586763958111913
ZNF746,-11.467438310159704,-11.597429365394516,-11.68456212448971
ZNF767P,-10.029878055071835,-10.004548218922169,-10.067163374550262
KRBA1,-12.38732075482699,-12.879555295023948,-12.49757729199404
ZNF467,-11.931322025408079,-11.908810349845274,-11.977572237800635
ZNF862,-11.078780657160182,-10.916545162161896,-10.892443325529351
ATP6V0E2-AS1,-13.158212024215251,-13.037121037759494,-12.944756314703653
ATP6V0E2,-10.788678184290436,-10.71965264815873,-10.832881762620518
RARRES2,-12.658819564910376,-12.783056292917248,-12.179552642312839
REPIN1,-10.774804760220942,-10.894874422316944,-11.038423273184783
ZNF775,-11.781045238705149,-11.797793676618555,-11.974220224582291
TMEM176B,-12.133284371293103,-12.653982592963727,-11.981994711610836
TMEM176A,-12.310565929911128,-12.948279844526136,-12.564195276857081
KCNH2,-10.878150178184875,-10.87983134755061,-10.816013052044648
ABCB8,-11.945602908411837,-11.984045639648498,-12.230306493464594
CDK5,-11.542905225511895,-11.65099592172158,-11.748512193194856
SLC4A2,-11.466036401822155,-11.531904979350163,-11.614171644931748
FASTK,-11.067181877547029,-11.136228869922846,-11.185647895419468
TMUB1,-11.034695306465807,-11.172072723855441,-11.150934009336288
AGAP3,-10.716575916379504,-10.671405696449225,-10.834297599531032
ABCF2,-10.703869552071918,-10.705452431612489,-10.748741997159353
CHPF2,-12.020026029101055,-12.090260494494173,-12.391037647070045
SMARCD3,-9.985273889014218,-10.013363230316374,-10.281951213499763
NUB1,-9.763882531902876,-9.82518917540416,-9.812229251174706
WDR86,-10.9347085105315,-10.526697715253043,-11.199087731588417
WDR86-AS1,-13.06466807924484,-12.82984966648053,-12.951814062684141
RHEB,-8.977641327234844,-8.861245750558725,-9.08823323308209
PRKAG2,-8.713789188264547,-8.626683607452572,-8.519147224485467
GALNT11,-10.071925847200962,-10.05179722494986,-10.217853186854454
KMT2C,-8.209688346543862,-8.211589718990185,-8.357509989500524
LINC01003,-11.568931553888863,-11.445042852151941,-11.233576013413474
XRCC2,-11.235766089242189,-11.865164750446601,-11.65702442900231
ACTR3B,-10.908497795245529,-10.887025204660334,-10.96531757304466
DPP6,-12.189121472560666,-12.478068476505761,-12.665672671054857
PAXIP1,-10.683119088086494,-10.617689099978481,-10.679865898175022
PAXIP1-DT,-10.81073209985822,-10.989859061679425,-11.067025548529026
INSIG1,-11.76084498501726,-11.690449547915378,-11.89805749993595
ENSG00000283128,-12.761265068469394,-12.443723269835491,-12.297590267265457
RBM33-DT,-12.307748728370736,-12.234821228264085,-12.30765454706963
RBM33,-9.189063997422515,-9.190664387018924,-9.327236212703536
RNF32-DT,-11.097869739937746,-11.389072190026681,-11.309557870859186
RNF32,-12.629935873018065,-12.699579466401675,-12.769568380041115
RNF32-AS1,-12.899981836450658,-13.089804540632315,-13.09377065115471
LMBR1,-8.858583197881284,-8.997146975748858,-9.022228888489025
NOM1,-10.451430368939276,-10.62430670336497,-10.78146475140774
UBE3C,-9.251201741833965,-9.311499625648414,-9.388396703243712
DNAJB6,-9.267588241764583,-9.282231754899023,-9.301510924794071
NCAPG2,-10.708546446416145,-11.17304588676359,-11.034768727738689
ESYT2,-9.715593355188764,-9.871063652252863,-9.756271577598397
DYNC2I1,-9.311794266331825,-9.192273267854203,-9.224052292932928
VIPR2,-12.69882518103154,-12.31275519251453,-12.169273187608942
ZNF596,-11.734014585287554,-11.906935392012402,-11.999539654517688
FBXO25,-10.694941736358603,-10.753345868839427,-10.724641629579995
TDRP,-10.001673292352441,-9.829735717352806,-9.735644668167886
ERICH1,-9.597702185554976,-9.585180287635323,-9.60418864129248
CLN8,-11.406879065093142,-11.2096874090227,-11.385583000397261
CLN8-AS1,-10.768659689313322,-10.56553322197803,-10.474599984312349
ARHGEF10,-9.944818626924684,-9.768405061390636,-10.17395237335748
KBTBD11,-12.485005209507758,-12.51884036058736,-12.939887802257578
MYOM2,-12.115205374979121,-11.31280671735713,-11.168890546555803
CSMD1,-8.959849491978037,-9.691364745306949,-9.15361778014794
MCPH1-DT,-12.536573173656784,-12.101498150022683,-12.493347239577194
MCPH1,-9.46145206127062,-9.499077998400763,-9.637184221770088
ANGPT2,-11.06419189430094,-11.480518024774833,-12.388055806161224
MCPH1-AS1,-10.911768778889382,-11.025894492766668,-10.892907979276071
AGPAT5,-9.137382673689135,-9.230398008238785,-9.472253213195422
ENSG00000290357,-12.956925007138413,-12.462072235389288,-12.07695005434835
FAM85B,-12.32982871722395,-12.142848977630633,-12.360976353583226
PRAG1,-10.887208709434287,-11.679447129090791,-11.336789171359245
MFHAS1,-10.267005664585298,-10.547715310148423,-10.413918772876842
ERI1,-10.569494957470141,-10.794597045002615,-10.826550409154876
PPP1R3B,-9.881669092909673,-10.026505167366054,-10.102750295191449
TNKS,-8.600819029117726,-8.577501797001723,-8.7654903034685
MSRA,-9.974962394769513,-10.180078276115553,-10.225398434136952
PINX1,-10.803018569760413,-10.960197605729658,-10.779507443480009
XKR6,-8.721651307869154,-8.760772748388744,-8.99210800509117
ENSG00000269918,-11.951921198728112,-12.02294169188296,-12.38941593347719
ENSG00000255310,-13.153077149477106,-13.118770462330993,-13.046209042176635
ENSG00000254936,-12.680619378585984,-12.767298049061477,-12.894358202437898
MTMR9,-10.374332169770152,-10.365358907522678,-10.49237628512725
GATA4,-7.969715315722308,-7.854998242857126,-7.885480432616264
NEIL2,-11.70058922059816,-11.471348338514458,-11.706803015207775
FDFT1,-9.568743188056846,-9.563294707063804,-9.857139875939936
CTSB,-9.924755616752963,-9.75905306179496,-10.021061522930038
ENSG00000290829,-12.91042971641072,-13.035082352707605,-12.872279527415706
ENSG00000255495,-11.373405618320344,-12.28055248115663,-11.97158411747642
ENSG00000283674,-7.310473571611769,-7.150318436557947,-7.461625903862603
LONRF1,-10.906790030491203,-10.885987725351463,-10.586859785044823
TRMT9B,-9.94534947871423,-10.434290016412712,-10.391509653205825
DLC1,-8.55308984749773,-9.159060105039543,-9.254792037808173
TUSC3,-8.437808222219365,-8.526891121517563,-8.472322904245825
MICU3,-10.097332121989023,-10.227807805157987,-10.067446806699941
ZDHHC2,-10.349880176091018,-10.345534810767822,-10.391707648008813
CNOT7,-9.38292921513219,-9.420169557645805,-9.552706188411015
ENSG00000289145,-12.869822710403374,-12.796351470014905,-13.150714505277158
VPS37A,-9.822658781224485,-9.859372074899296,-9.757143777098708
SLC7A2,-10.438430600055502,-10.429747196339932,-10.173132949777013
MTUS1,-9.63348420639934,-10.33423176666151,-9.350748243386917
PCM1,-7.954502191919576,-7.992105791307265,-8.165543709290327
ASAH1,-9.63138930174508,-9.432939098330905,-9.421137170406514
ASAH1-AS1,-13.088370634797675,-13.205562186839344,-12.896678298739026
PSD3,-7.658522229188715,-7.964712263810922,-7.7445527221317585
SH2D4A,-12.616453579960956,-12.779495001279653,-12.791606283565365
INTS10,-10.022263257138949,-10.11694133543771,-10.02713148065962
ATP6V1B2,-10.491123124672129,-10.64592327146192,-10.673418444306224
LZTS1,-11.809292326199206,-13.145208050925419,-11.797553564834436
GFRA2,-12.36216080484595,-12.197548961501822,-12.435511398648249
XPO7,-9.62264696087701,-9.695875436354159,-9.743145308281516
FHIP2B,-11.750625815050993,-11.831247653702693,-11.844127726534445
REEP4,-12.370520125860041,-12.441255283680883,-12.287007782900536
BMP1,-11.81254671005748,-12.02346097483922,-12.079231596033372
POLR3D,-10.49044605454907,-10.508417646436541,-10.466301214435614
SLC39A14,-11.035213412169787,-10.78835690831891,-10.83628944850913
PPP3CC,-10.129480243086288,-10.118179113319744,-10.20608283120013
SORBS3,-11.796825358988155,-11.734924359711203,-11.850388686468483
PDLIM2,-11.537377072923993,-11.633628316505904,-11.180560165117733
C8orf58,-12.328797308810863,-12.575430225608693,-12.402540231115694
CCAR2,-11.09795682955781,-11.192133655992869,-11.288761747874265
BIN3,-11.28223436796779,-11.180180230622213,-11.454884353203639
PEBP4,-11.831211048527914,-11.668653556174132,-11.832586306857618
RHOBTB2,-11.214615952235226,-11.132549477207851,-11.228051738403549
TNFRSF10B,-10.118055394083129,-10.36278019343366,-10.41347424045395
TNFRSF10C,-12.686245078673315,-12.894642370178245,-13.042816371350948
TNFRSF10D,-12.14725455093703,-12.234857960531913,-12.08499724366529
CHMP7,-11.154946490337155,-11.204720413597386,-11.323042908710542
R3HCC1,-10.638502502927523,-10.617656105519899,-10.721076965011543
LOXL2,-10.332667495140958,-10.42921316921685,-10.715907015623593
ENTPD4,-9.294918057813153,-9.249712438706844,-9.414063029820667
SLC25A37,-9.344620613760808,-9.459841536140981,-9.368842733035844
NKX3-1,-12.029120220847654,-11.610960580353165,-12.222973984506716
NKX2-6,-10.67559806638786,-10.413026839392543,-10.96754147296896
ENSG00000253471,-9.081686599710508,-8.551041013249005,-9.197201867264571
ENSG00000254002,-12.246667570284467,-11.798290045918053,-12.322583621843972
STC1,-11.63360632392854,-11.898963599299966,-11.611822691570167
ADAM28,-10.18853609997326,-9.596917535067869,-10.121708900780963
ADAM7-AS1,-12.384374388277992,-11.734657902823402,-12.038991766263493
NEFM,-11.775629041616622,-11.825006798650533,-11.668523013909155
NEFL,-10.943261539961265,-11.315246469100748,-11.066866504612308
DOCK5,-10.653453544030231,-10.848991366016115,-11.364777910329096
KCTD9,-10.469259807778014,-10.656244663188332,-10.734765866107681
CDCA2,-10.548649513911348,-11.08487773647493,-11.11644737368829
PPP2R2A,-9.037495171770567,-9.159040387051853,-9.069503970656706
BNIP3L,-8.665392673265224,-8.931987282796186,-8.814104601939539
PNMA2,-11.900435104163305,-11.852820715088985,-12.456948000600772
DPYSL2,-9.921133047491713,-10.004867116093312,-10.239456208316163
TRIM35,-12.30430904241642,-12.342674333580693,-12.068973232235106
PTK2B,-12.151901276975572,-11.82315906912367,-12.451406379751601
EPHX2,-10.848797124298564,-11.088500652083084,-10.87350533380068
CLU,-11.456031464880205,-11.068998062001224,-11.792530231705141
CCDC25,-10.104172525791501,-10.2414672923281,-10.13691290853964
ESCO2,-11.83483473802226,-12.446102697908053,-12.114000511370415
PBK,-11.218270492197309,-11.994721298698035,-11.789746427514022
ELP3,-10.070993331548049,-10.095672148329209,-10.331122158559845
ZNF395,-11.110716539962443,-11.531913892505553,-11.279233363123048
FBXO16,-10.61176630079538,-10.552921462300175,-10.806021994286933
FZD3,-9.589953302859698,-9.604829238091156,-9.736925047420106
EXTL3,-9.550143358597916,-9.67100146083302,-9.991528415154024
EXTL3-AS1,-12.714540146514416,-12.841838911667667,-12.988933346565803
INTS9,-10.649261875020215,-10.751172610679474,-10.670432258394559
HMBOX1,-8.927516378812687,-8.968958524203904,-8.853999883209877
KIF13B,-10.284563300370925,-10.364481828329478,-10.225978751664416
SARAF,-8.94863996402072,-8.842653288046586,-8.979195319142528
LEPROTL1,-9.820904204786057,-9.851038431595988,-9.776203945680308
DCTN6-DT,-12.902791544725668,-12.991847861893751,-13.10076605636124
DCTN6,-9.964223950386227,-10.029736944160568,-10.142252047154168
ENSG00000285669,-12.574157512579752,-12.563354588079802,-12.439219193054303
RBPMS,-7.145924072030704,-7.293908551018578,-7.356226399360775
GTF2E2,-10.194631821430432,-10.225497360025932,-10.233971550547217
GSR,-10.315083746509696,-10.352484320454506,-10.357495023096186
UBXN8,-12.18045115770878,-11.975725107618457,-12.380217861152776
PPP2CB,-9.556795813523884,-9.470689842649035,-9.623852781308585
PURG,-10.368163994731132,-10.331570100141638,-10.612275668134433
WRN,-9.077083411698855,-9.16067674793449,-9.20979976097192
NRG1,-10.709807394370639,-10.78042243187069,-11.143533416699816
ENSG00000247134,-9.41854093853954,-9.52680194800136,-9.289144664362095
FUT10,-10.473306976928122,-10.328656710583669,-10.441730636237802
TTI2,-11.187599825644973,-11.068460121202575,-11.297506614646396
MAK16,-10.780693462848497,-10.868664309926638,-10.854839642056184
RNF122,-12.492503784688921,-12.619028339071457,-12.659176605411007
DUSP26,-12.35910252764478,-11.662763944322315,-11.996182452074924
UNC5D,-9.08890127234853,-8.875756716803915,-9.349390383955798
ENSG00000253363,-11.92619550639409,-12.107498237218937,-10.61529147859854
ZNF703,-12.497198773481639,-11.99010691955369,-12.058581029912505
ERLIN2,-10.11688139909595,-10.204865151999376,-10.234206953855848
PLPBP,-10.301828380637575,-10.475332042275053,-10.350435935668255
ADGRA2,-11.357278142263521,-11.600319639514256,-11.727728168701026
BRF2,-11.915318114040685,-11.953434111407235,-11.98024163202144
RAB11FIP1,-10.318654364748403,-10.361916586978936,-10.022925278249186
EIF4EBP1,-9.6353950540183,-9.75519627889643,-9.548908659049589
ENSG00000286677,-12.743607866547318,-12.68243594926167,-12.781165101952215
ASH2L,-9.847627186319363,-9.91137391774692,-9.948198722727886
LSM1,-9.73959944536418,-9.787751713806314,-9.80185471871685
BAG4,-10.65329201429852,-10.678150722186565,-10.690653448488346
DDHD2,-10.188767728643866,-10.231686217684341,-10.287734804577829
PLPP5,-10.909916428351394,-11.026931183936842,-11.442243491890155
NSD3,-8.47277673912179,-8.516601019790427,-8.656952602064422
LETM2,-12.659387331277907,-12.628884030483425,-12.508114644607856
FGFR1,-9.395477016388826,-9.334373639728186,-9.633840224288518
TACC1,-10.541124468289466,-10.725075441658504,-10.414612779672309
PLEKHA2,-11.320876146224043,-11.887993703234741,-11.042179366923424
TM2D2,-10.700597080628885,-10.658319663732051,-10.721058079545584
ADAM9,-10.247582161128424,-10.10037609117834,-10.262679885956116
ADAM32,-12.237564443364926,-12.080427721324948,-11.940615203234271
ZMAT4,-9.48563162445757,-9.992803759990656,-9.969558468081528
SFRP1,-8.400830062065328,-8.531239888688308,-7.535222977598662
GOLGA7,-9.451046141769018,-9.521593239801355,-9.468213251091155
GPAT4-AS1,-12.725957274967746,-12.644036048869927,-12.812189013124781
GINS4,-11.842818334348582,-12.102339274893916,-12.166284159748605
GPAT4,-11.38046373454923,-11.257013685194796,-11.32766367923647
KAT6A,-8.911416408805817,-8.933978383678651,-8.934352750010842
AP3M2,-10.692703476368116,-10.772310478552,-10.661449760168276
PLAT,-12.144949016035167,-11.986080319385913,-11.324654671050942
IKBKB,-10.995896445955898,-11.034032603626578,-11.109614449902013
POLB,-10.218336194504252,-10.347472610011804,-10.26529354395204
VDAC3,-9.058494600415372,-9.181821423043415,-9.00146014884177
SLC20A2,-8.408953602852813,-8.303888482210628,-8.560571862258975
SMIM19,-9.525598395485227,-9.61316804863605,-9.55762151164933
THAP1,-10.949289014571903,-11.00284111389246,-11.126689979356943
RNF170,-10.404745368093424,-10.340928585154204,-10.539458585338908
HOOK3,-9.331117529221366,-9.269206871792022,-9.378685090089014
FNTA,-9.734651955627543,-9.73048128059674,-9.75902160045247
POMK,-10.672214573543148,-10.564924419053241,-10.908277338671992
HGSNAT,-10.150255404069403,-10.002908954799553,-10.271621134092774
SPIDR,-8.78172935645144,-8.809519174989958,-9.035072467615509
CEBPD,-10.134046760574536,-10.463944051404912,-10.59488951447365
PRKDC,-7.95938754373569,-8.034003703893736,-8.13033384062854
MCM4,-9.919175730467561,-10.308453531863668,-10.169474889704775
UBE2V2,-9.367890324133155,-9.4120432713774,-9.466406508307049
SNAI2,-12.947821729893786,-12.76356587214873,-12.15855809761961
PXDNL,-11.766936283008347,-11.619401132697364,-11.813751603543011
PCMTD1,-8.714611113167729,-8.783462787649729,-8.837164818865064
PCMTD1-DT,-11.5431918859798,-11.302574978456276,-11.505147213433144
RB1CC1,-8.68786398173202,-8.768430942995868,-8.852028154143602
ENSG00000288818,-11.580661078995623,-11.5877304901089,-11.481784837818822
ATP6V1H,-9.379674171727439,-9.464488484880839,-9.477530868618615
RGS20,-12.075906769388133,-12.254599293962395,-12.758153511529597
TCEA1,-8.71026161428502,-8.794203248547207,-8.704132253796116
LYPLA1,-8.886341884152987,-9.015079352042239,-9.098482769397501
MRPL15,-9.42479295721524,-9.549661798241747,-9.767455934893496
XKR4,-11.646863693963772,-11.370586584916387,-13.076409724193917
TMEM68,-10.609954479362047,-10.6159001232905,-10.750215334401386
TGS1,-10.176823571138334,-10.147866737833256,-10.204886288820576
LYN,-10.301332332816152,-10.357313141781338,-10.232022745127008
RPS20,-6.849793128488558,-7.156291025642955,-7.071331323645908
PLAG1,-9.58487566358773,-9.518284563746759,-9.71628832528628
CHCHD7,-10.369494631040224,-10.422525133237338,-10.211798656257741
BPNT2,-9.753702625781985,-9.627492116035016,-9.995503851078222
FAM110B,-10.079680907359378,-9.992505797819618,-10.132771035271851
UBXN2B,-10.191470461069592,-10.196672246110898,-10.271105924810112
SDCBP,-9.143610139499922,-9.074632782600398,-9.22987062283165
NSMAF,-9.87678831981238,-10.03036595908992,-10.151629309163896
TOX,-9.056462215338962,-9.33766459477232,-9.99465236799462
TOX-DT,-11.676294061985587,-11.85052215820591,-11.954258075822665
CA8,-11.643071648272407,-12.382546687274335,-12.434708554533426
LINC01301,-11.517475798852576,-11.256063962639232,-11.05357231070529
RAB2A,-8.413989800958879,-8.361306764460801,-8.54412382751238
CHD7,-8.388868733710591,-8.508804092289813,-8.590678416637346
ASPH,-7.9768610729497755,-7.902039210379188,-7.9805119480802205
NKAIN3,-10.805615994072312,-10.911985905873859,-11.905614295188398
GGH,-10.904843345693928,-11.229508907701863,-11.234593301463255
YTHDF3,-9.462887945297274,-9.428215432891573,-9.555229878486502
CYP7B1,-10.767742038903299,-10.943171144727067,-10.932834705167343
ARMC1,-9.935656337851455,-10.055988302601847,-10.04487583543134
MTFR1,-10.845632565817015,-10.738359945165572,-10.70591516546066
PDE7A,-9.270544071654978,-9.313195621494653,-9.470819286838273
TRIM55,-8.317638004463774,-8.304107988468946,-8.159909686855157
ENSG00000287127,-12.449349272596539,-12.676781329543108,-12.403793228375891
RRS1,-10.699668195333654,-10.802701826164085,-10.663039025721902
ADHFE1,-10.926956329799111,-10.759048849380514,-11.017665301574706
MYBL1,-11.958943320539065,-12.456590877056998,-12.452398023153933
VCPIP1,-10.72872399612229,-10.85562357406294,-10.909223980729465
C8orf44,-10.37275834857905,-10.323611077141432,-10.518783175023609
SGK3,-11.191301573897007,-11.4543301570194,-11.135140025775103
SNHG6,-8.592882632783583,-8.657621872286903,-8.598934949658926
PPP1R42,-12.910087128191567,-12.652563877068484,-12.873413677145882
COPS5,-9.71519955749395,-9.869479227709222,-9.896287117347436
CSPP1,-8.922053824952028,-9.05108158097195,-9.178163001672848
ARFGEF1,-8.683063241562836,-8.688968545804599,-8.855110396852718
PREX2,-10.682681616430978,-10.577691468551572,-10.639272115047271
SULF1,-12.418349805749372,-12.679547562568553,-13.168009513942943
NCOA2,-8.35281881051889,-8.362225381170619,-8.602831022574943
TRAM1,-9.185225176775544,-9.204545648552559,-9.212507997175782
LACTB2,-11.112498565893475,-10.911407232979359,-10.758324003729516
EYA1,-10.99630551783239,-10.558867851196707,-11.019800957115663
KCNB2,-11.664418058471648,-11.617430224290295,-12.415552069217428
TERF1,-9.644399224602502,-9.79990523130183,-9.782442814995967
ENSG00000253636,-11.796569763279905,-11.955027103610869,-12.019395200698531
RPL7,-6.661585650108761,-6.92736360316901,-6.747034839663678
RDH10,-10.507611236678825,-10.813098675395318,-10.434258476966363
STAU2,-8.394108745183711,-8.410841794660616,-8.480483193754813
ENSG00000254538,-11.942579874130113,-11.88181344990754,-11.773499988446444
UBE2W,-9.226128533970867,-9.156013072886877,-9.38361725191626
ELOC,-9.09050110996995,-9.160554879834685,-9.172851313662969
TMEM70,-10.473615526025588,-10.527597332483925,-10.443109374493407
JPH1,-9.511686368162811,-9.588647391726528,-9.792115960774243
GDAP1,-9.866334511201329,-9.987862215379353,-10.327054096236877
MIR2052HG,-12.025662782907089,-12.045800353505122,-11.613470862301723
CRISPLD1,-10.060899876390378,-9.952884007749335,-10.493242643580173
CASC9,-8.940211715898128,-7.774508517018053,-7.922118934446564
ZFHX4,-10.306213071555641,-10.378869666494746,-10.506154263826849
PEX2,-10.069713485591935,-10.1731815848761,-10.110502445906281
PKIA-AS1,-12.138544463934418,-12.15742373860292,-12.20478100497926
PKIA,-8.302076164344012,-8.331377517281027,-8.612240352585495
ZC2HC1A,-9.136258742903355,-8.863007023948118,-9.157233489801762
IL7,-11.969314364433348,-11.653360384183094,-11.798313309973729
STMN2,-12.398107894754416,-12.094172301002512,-11.951401058323972
HEY1,-11.313085316997316,-11.321929504922426,-10.534005933588665
MRPS28,-9.275688750284223,-9.285587699691805,-9.412387969285668
TPD52,-9.705981397620974,-10.063191368986555,-9.651120533853735
ENSG00000251867,-12.5690527850552,-12.5818666627759,-13.00797698269358
ZBTB10,-9.940296570293732,-9.868478440150811,-9.958688057881316
ZNF704,-8.09888286610416,-7.915605352002796,-8.305074194891906
PAG1,-10.971255068670088,-10.971681775848763,-11.431177061569418
FABP5,-8.556838561742598,-9.15685118280354,-8.580306231252992
IMPA1,-9.77636379497884,-9.794699181765294,-9.774850352699664
ZFAND1,-10.471332859399729,-10.475751529617355,-10.456132335762264
CHMP4C,-11.388033953771266,-11.258317464184227,-11.269272935595206
SNX16,-10.93411922760971,-10.893233972696164,-11.010673151937485
LINC02235,-11.358725702561943,-11.34240570057101,-11.347708137794994
ENSG00000254394,-12.538928946356604,-12.389355750234191,-12.459887484808762
ENSG00000254202,-6.416388773480158,-7.44281426086449,-7.815281792937377
RALYL,-8.132947593880834,-8.953332094236963,-9.102434742974062
LRRCC1,-11.173495595054193,-11.292596018366632,-10.973839484062104
E2F5,-10.042380371344244,-9.963823524939171,-9.979474097114387
RBIS,-9.416334017219256,-9.55143008853618,-9.39809331296624
CA13,-11.962948671376589,-11.598103054870892,-11.860826373284459
CA3,-12.091989704250025,-12.106102678288911,-11.653657616516872
CA3-AS1,-13.115077139700945,-12.923361510319655,-12.758330282219436
CA2,-11.890645521550338,-11.919809064622001,-11.386939840455293
WWP1,-8.880951429893663,-8.794686764457728,-8.844651693656644
RMDN1,-9.35469043211917,-9.399097762223878,-9.527485158338076
CPNE3,-9.120326952072986,-9.292446568421113,-9.037484103751321
MMP16,-9.617152839474167,-9.953972334297376,-9.975347116529239
ENSG00000253553,-9.753595211248088,-9.868549401685328,-9.678718337085126
RIPK2-DT,-8.777087274016067,-8.632015264312166,-9.049263412907063
RIPK2,-10.902797262990145,-10.938752918873849,-11.067862714429177
OSGIN2,-11.147366167081794,-11.115383468843238,-11.268604576871795
NBN,-9.804472667126255,-9.886002893404992,-10.001328750681678
DECR1,-9.297099349151896,-9.53859525423366,-9.239902668254
ENSG00000254180,-11.076249472394052,-10.9541912636807,-10.934346064450985
LINC00534,-12.300868299370128,-12.3723121597171,-12.431050102263203
TMEM64,-10.846134489591714,-11.064907941698436,-10.813558418651454
NECAB1,-12.465266599836113,-12.521834554946881,-12.041943637606176
ENSG00000289502,-12.634788460325694,-12.554985200541601,-12.315211703109034
C8orf88,-10.326502100666982,-10.279731377396553,-10.330973297485247
PIP4P2,-9.247711289853788,-9.29782841418806,-9.414596356567861
OTUD6B-AS1,-9.831421842066215,-9.825688097391106,-9.789333625769281
OTUD6B,-10.603879008866183,-10.593141473496631,-10.482312225425314
LRRC69,-11.37848035046975,-11.260070890396635,-11.025224759571815
RUNX1T1,-7.290592184812018,-7.4604639733500795,-7.634910113330952
FLJ46284,-11.803714609855446,-11.920492520254587,-11.910254680544384
ENSG00000253197,-13.087516730937768,-12.786864722237398,-12.686108216718964
TRIQK,-9.71177606151757,-9.661747392906804,-9.661632030041849
CIBAR1-DT,-11.464427400834307,-11.364701358966975,-11.46053322626483
CIBAR1,-9.418649807973653,-9.620496916867772,-9.532750283375915
ENSG00000271971,-12.812859775317296,-12.747248505008859,-12.78574065913586
RBM12B,-9.821852945268596,-9.896291466278047,-9.83667728690487
TMEM67,-9.86853509769831,-10.094122938763142,-10.047923212552899
PDP1,-11.651941186412886,-11.763350979621768,-11.639287966567485
GEM,-12.812898849551274,-12.966896300352817,-12.977696977136228
RAD54B,-11.598608498654919,-11.81557353785,-11.759073278186621
FSBP,-12.054942478134176,-11.825599761112786,-12.071604179128768
VIRMA,-9.671795349227446,-9.75661584472762,-9.831189308434395
VIRMA-DT,-12.50446110237891,-12.457215727697863,-12.360450917021506
DPY19L4,-9.794562672980993,-9.740981664860103,-9.921315431972985
INTS8,-10.324950916045967,-10.321799943982986,-10.367376879043281
CCNE2,-12.274282488405499,-12.937677647711945,-13.022058564291825
NDUFAF6,-9.747498737266657,-9.920379853710944,-9.945938493186572
TP53INP1,-10.628808816280765,-10.83707512420235,-10.879355412918725
PLEKHF2,-11.325563556688774,-11.280347875307775,-11.44296822071403
CFAP418-AS1,-11.212519463321566,-11.77262821934372,-11.11938320659869
CFAP418,-11.859062805355958,-11.474994906048689,-11.754020400897666
UQCRB,-7.754507795460204,-7.950617182897418,-7.741257546658695
MTERF3,-10.959656077264754,-11.183750886801922,-10.945709635020062
PTDSS1,-10.964181229334645,-11.175308599788153,-11.234193314406108
SDC2,-9.490464755939747,-9.576829504228396,-10.059547643124803
CPQ,-10.96370486146947,-11.086477203185492,-10.696508690781435
TSPYL5,-12.800864787484748,-12.375482121370396,-12.199242564404152
MTDH,-8.492034972816246,-8.587810828467465,-8.559506666854427
LAPTM4B,-7.162901424128676,-7.249414757203609,-7.455978119149777
MATN2,-9.448024356336052,-9.906925988732377,-9.369303519206989
RPL30,-6.579471421813102,-6.7617288212872735,-6.693881907952758
ERICH5,-12.602493416727283,-13.273326620100883,-13.117408883663735
RIDA,-10.273948312559048,-10.533396033835219,-10.200598153894246
POP1,-11.116380614524136,-11.339346724105186,-11.19343978534246
NIPAL2,-11.470173280334416,-11.426738809369105,-11.571160326074052
STK3,-8.701913852297647,-8.628692924691888,-8.774239593542244
VPS13B-DT,-10.75637059110954,-10.646152676219467,-10.715559866638179
VPS13B,-8.453088313264884,-8.440829046505193,-8.62913283031298
COX6C,-7.912978768016681,-8.020553194333585,-7.901510830744579
POLR2K,-10.038184257517894,-10.083244048039617,-10.08218281960157
SPAG1,-11.66774496833916,-11.568907930496474,-11.818053953889969
RNF19A,-9.09492112212344,-9.017508211537342,-9.07017261642208
ANKRD46,-10.54331725921541,-10.517879925994494,-10.46893537071375
PABPC1,-7.624603532662392,-7.886980970527558,-7.79513710845303
YWHAZ,-7.615935770265122,-7.589422804391226,-7.695450810627648
ZNF706,-9.537299215487183,-9.543795464227221,-9.533778757371861
NCALD,-8.734785644162821,-8.827946090637555,-9.027914320385747
RRM2B,-10.741842928230158,-10.825348647434724,-10.857886503882689
UBR5-DT,-12.13250803830789,-12.08503058937814,-12.198452164197336
UBR5,-8.359992586862255,-8.386296089038204,-8.508418615209523
KLF10,-11.400894156909827,-11.73098007605331,-11.14304014851506
AZIN1,-9.766056130728783,-9.614142032013767,-9.609170834135536
MAILR,-9.890721536885499,-9.877812347217779,-9.920767817382238
ATP6V1C1,-9.951739278889171,-10.02662163771804,-10.069972457739087
BAALC,-11.433404851274538,-12.128762142386716,-11.098189123795512
BAALC-AS1,-10.261021001125743,-10.886122947887866,-10.539575724592112
FZD6,-9.154903906523437,-9.640293372594838,-9.511904729615901
CTHRC1,-12.578630568590684,-12.761611927383935,-11.205331982476597
SLC25A32,-10.285531065905602,-10.341362815562094,-10.31474145996696
DCAF13,-9.754837248034816,-9.909858734149475,-9.765401398235447
RIMS2,-9.504280179379048,-9.952092272237092,-9.763609023437764
LRP12,-10.09257068825202,-10.257540109559779,-10.319265591284982
ZFPM2,-7.682224409788447,-7.7023553845333135,-7.67639025731535
ZFPM2-AS1,-10.972571761851102,-10.939422849726832,-10.942763320232618
OXR1,-9.196118425892253,-9.044854394743302,-9.482151157479022
OXR1-AS1,-12.640172318541149,-12.683092530849006,-12.841996127663997
ANGPT1,-6.98068711919025,-8.022610969800093,-7.546674510174996
RSPO2,-10.8345491795298,-11.802231353239785,-11.064704113187672
EIF3E,-7.623102804205467,-7.854192978531404,-7.712963836465923
EMC2,-9.721658171544078,-9.834414737197493,-9.743604606641927
ENSG00000253796,-12.169871397958177,-12.698796233001058,-12.103924153280527
NUDCD1,-9.91061851975402,-10.06587065635768,-9.98100889995159
ENY2,-9.022085459772256,-9.205608565178512,-9.1078819650931
EBAG9,-10.42895146523124,-10.538369247349342,-10.43176957811496
LINC02237,-10.535201536677102,-10.379452431393135,-11.630035597722317
TRPS1,-8.889284507283346,-9.223277346514879,-9.059670641782125
EIF3H,-8.215564707019434,-8.426504912192621,-8.380349520532107
UTP23,-10.206823600127075,-10.313369766885266,-10.274285133362977
RAD21,-8.414709024583148,-8.473507179016625,-8.708145455460878
AARD,-12.534944200507718,-12.192662768702831,-12.822003568234802
MED30,-10.996102975976992,-10.980608228167949,-10.8960324474282
EXT1,-7.854218672360666,-7.95972758846447,-8.01268380673094
SAMD12,-10.080673504114097,-10.078613787269436,-9.90631320758805
ENPP2,-13.266108327043963,-13.372992743706579,-12.821716363081794
TAF2,-9.7476688466871,-9.783046056302359,-9.899780845475318
DSCC1,-11.797548102441075,-12.58531338740071,-12.176873879161482
COL14A1,-9.2452141200978,-9.463557356978056,-9.264120686287123
MRPL13,-9.24467326223694,-9.443560669785409,-9.286987501911522
MTBP,-10.693797064158078,-10.969953890667865,-10.955708986040277
SNTB1,-12.558268130250099,-13.119766417069933,-13.11554036866058
HAS2,-9.183973479546985,-8.962925006195649,-9.1093903015651
HAS2-AS1,-12.016371802167718,-11.934165286536512,-11.41155070014074
ZHX2,-9.125885242395109,-9.200366118484649,-9.657937284683564
DERL1,-10.347946748515563,-10.55463637884863,-10.49120053204601
TBC1D31,-10.557960662975669,-10.699748637786238,-10.676722774531898
C8orf76,-10.50569071248441,-10.481520747919399,-10.574939069882355
ZHX1,-9.533300797678532,-9.493228861443562,-9.541725127095468
ATAD2,-9.36273554665514,-9.616985154131804,-9.475231924621603
NTAQ1,-10.968582405678093,-11.05676752153642,-10.99236083198522
FBXO32,-8.80137586959564,-9.134121895474616,-8.554389060780945
FAM91A1,-10.259162635958347,-10.327548935136036,-10.339528845188273
TMEM65,-9.024970869466479,-9.110949257621924,-9.156434111653178
TRMT12,-11.777119734634924,-11.769176729025915,-11.752083801270192
RNF139-DT,-13.05086213354204,-12.520517476639853,-12.800522770895466
RNF139,-10.97654730690731,-11.00650512015846,-11.136034372049366
TATDN1,-9.643673220537478,-9.779868772836233,-9.653065920469865
NDUFB9,-8.682531398399709,-8.785123445053053,-8.632231257906854
MTSS1,-8.44692092692386,-8.732707521398423,-8.621324252997317
LINC00964,-12.187999489032686,-12.67592310216403,-12.283666672178029
SQLE,-9.705130513149266,-9.607708789275927,-9.908178272243289
WASHC5,-10.297633061955471,-10.331818153519478,-10.38141773310183
NSMCE2,-8.592129768720856,-8.604761922041334,-8.740761203859256
TRIB1,-11.011376472678682,-10.943757147352423,-11.559597355090094
LINC00861,-10.593611464738693,-10.020017502210433,-12.928029965446482
LRATD2,-9.857893490461556,-9.905557929466804,-10.607923337212819
PCAT1,-8.692104964397817,-8.815707393570683,-9.646026316325221
PVT1,-11.450184492188619,-11.902043013923217,-11.725272563918638
CYRIB,-9.06973177225307,-9.121302516987871,-9.205006459523903
ASAP1,-7.846170692869814,-8.096926767570652,-7.9870405477571795
ADCY8,-10.505835875059763,-10.396651482712196,-11.72048764795912
EFR3A,-9.381050511168624,-9.28374108717878,-9.4828621040803
KCNQ3,-10.664074499423856,-10.90699330546818,-10.249398505556467
DNAAF11,-11.386009135778142,-11.311856742741032,-11.670277110292211
TMEM71,-12.500906245055258,-12.850710649370438,-13.180433859302859
PHF20L1,-8.832206731863616,-8.769304725018788,-8.908307112566549
NDRG1,-12.343252652853312,-13.13118449705596,-12.477554787954872
ST3GAL1,-9.993576184374744,-10.381549920346261,-10.1510301692837
ZFAT,-10.95702588568571,-11.166909790274019,-11.211353584457255
ENSG00000289405,-10.118278044005715,-10.464767200048037,-10.082864179144842
KHDRBS3,-10.82868314546318,-13.148735195172707,-10.599505770288854
TRAPPC9,-9.160750825312808,-8.951535858757671,-9.14253879524868
CHRAC1,-10.690028757171719,-10.587107189160797,-10.771523147010468
AGO2,-9.175206336886127,-9.190707093300798,-9.31481856759775
PTK2,-8.12220105334767,-8.178673203329607,-8.247639572088445
DENND3,-12.401326386461891,-12.569794836143085,-12.912394166060233
SLC45A4,-11.808242081049757,-11.825664447364872,-11.847097374945692
PTP4A3,-10.86863884500621,-10.872577679530385,-10.732474936452324
TSNARE1,-11.244313063006292,-11.410077441471214,-11.423338130256994
JRK,-11.611445726463,-11.613264785975707,-11.926576057054021
THEM6,-12.100592861079065,-13.177870368258878,-12.233757137128087
LY6E-DT,-13.14392041020477,-12.781234619176649,-12.971359319152123
LY6E,-10.424614702901495,-10.607130389862798,-10.47569768378523
LINC02904,-12.177533708284175,-12.677322160789897,-12.479029305254523
ZFP41,-11.601959985803152,-11.79625867739451,-11.951750034454065
GLI4,-11.734434621263915,-11.634674754433583,-11.741528870436255
MINCR,-12.041134427442916,-11.843926485530742,-12.013623932896094
ZNF696,-11.80526922398173,-11.715789444909072,-11.977272159619286
TOP1MT,-11.781608946513092,-11.899678194751823,-12.324727086630212
ZC3H3,-11.594456644601518,-11.872365421435283,-11.768146182432552
EEF1D,-8.539919573179299,-8.691454865182585,-8.801268274262075
TIGD5,-11.921608865660252,-11.933165740933877,-11.925712258460747
PYCR3,-12.857648174974493,-13.041491394666805,-13.04934984388501
GFUS,-11.305996644183727,-11.479838540928302,-11.705482410937332
ZNF623,-11.398391158611965,-11.262954024941699,-11.654483290740847
ZNF707,-12.182870920946078,-12.383215363611972,-12.540520381097187
FAM83H,-12.754576957004796,-12.900597746876723,-12.937162561874429
IQANK1,-12.034807602693661,-12.169580739187788,-12.224171019591415
SCRIB,-11.766564211222223,-11.861806093462754,-11.964956289288978
PUF60,-9.742841367178913,-9.887451522941248,-9.921263334910048
ENSG00000287222,-12.181753965925532,-12.303263366365469,-12.425704500786068
NRBP2,-11.313603233568534,-11.336769971555633,-11.53370927573914
PLEC,-11.091235695264771,-11.038775054133637,-11.352931486703278
GRINA,-10.553474974577503,-10.466537315388107,-10.680842049891059
EXOSC4,-10.669376658956962,-10.806244174759302,-10.792557612410997
GPAA1,-10.664226554841228,-10.659302635463227,-10.747916587173975
CYC1,-9.14193030486035,-9.39095726548518,-9.193989381138998
SHARPIN,-11.078701461750416,-11.096553523387028,-11.133415837722263
MAF1,-10.146826647501728,-10.33202709668621,-10.314482986930766
HGH1,-12.422377168826564,-12.961533336476029,-12.528200025344466
MROH1,-10.92392810731438,-11.182946008003634,-11.059349626065574
BOP1,-12.222697308857994,-12.504295960230971,-12.456455171933406
HSF1,-10.476035139085631,-10.614082828705154,-10.429800478697354
DGAT1,-11.81944475597737,-11.885997696357904,-11.867639648043394
SLC52A2,-11.492942678614705,-11.574982367861079,-11.65197892983896
FBXL6,-12.294579748862505,-12.506149145432765,-12.72844951221427
ADCK5,-11.78856470287201,-11.817936049587681,-12.025713645574642
CPSF1,-10.883147422669348,-11.125165019576851,-11.190198402962958
VPS28,-9.463326426392353,-9.580701364951683,-9.660211932242474
TONSL,-12.374464415906042,-12.510308735846808,-12.658140629282757
ZFTRAF1,-12.687654534462862,-12.453984950610657,-12.770994093129572
TMEM276,-10.85618363826159,-10.762844882141248,-10.872780664965521
KIFC2,-12.367726294847595,-12.261469533798163,-12.58392759793045
FOXH1,-11.454649365100146,-11.361811993785915,-11.25516657225528
PPP1R16A,-11.41732456008218,-10.491503412432007,-10.15322011757062
MFSD3,-11.26678061102343,-11.356092865145529,-11.21279975298588
LRRC14,-11.981161355111151,-12.067891882737094,-12.329622769140535
C8orf82,-11.358389082923333,-11.362529272340222,-11.55064465604249
ARHGAP39,-10.702207900919367,-10.65633598841176,-10.878545038731309
ZNF251,-10.26969919815126,-10.278545475825876,-10.408905667640353
ZNF34,-12.246062508364908,-11.920043782645923,-12.171716257105622
RPL8,-6.5711067050280105,-6.7535267835575645,-6.624019639300261
ZNF7,-11.298169431229926,-11.31942626719053,-11.405032682453884
COMMD5,-11.103145398004393,-11.200007800859105,-11.153265243053601
ENSG00000286681,-12.761953286840887,-12.64214071871226,-13.007575811116777
ZNF250,-11.363532660134059,-11.373232293920712,-11.431369832825027
ZNF16,-11.295119763627032,-11.194416531554172,-11.475796711709355
ZNF252P,-10.610091404482107,-10.580592977089319,-10.671383766589303
C8orf33,-10.315503069150031,-10.267573948217773,-10.279837504627158
WASHC1,-12.605803745787826,-12.49351744791471,-12.62552419196414
ZNG1A,-10.18034253568584,-10.241458262715968,-10.194731401433504
DOCK8,-12.88554211210107,-12.829784872958859,-13.195793020497982
KANK1,-8.639783459471232,-8.26695841869735,-8.896271337399147
SMARCA2,-9.728740469934994,-9.773304540071447,-9.802603171379467
VLDLR-AS1,-10.034567225676664,-9.765408301620397,-10.02238602363101
VLDLR,-10.530185591680105,-10.32460698100374,-10.700941354804698
PUM3,-9.203548383266336,-9.337009961766384,-9.345307729456886
RFX3,-8.823310403169248,-8.834727984439184,-8.968863792602296
RFX3-DT,-10.254578931175832,-9.502108712195845,-9.201729146920727
GLIS3,-10.44956129761885,-10.969567115612891,-9.84527784888552
SLC1A1,-11.769336845646459,-12.775247452557736,-12.074893469474503
SPATA6L,-11.904024878227812,-12.495048990689009,-11.941678953760157
PLPP6,-11.918034093922167,-11.970151338540894,-11.935019777074777
CDC37L1-DT,-12.310755176236308,-12.269545739710653,-12.945715867192972
CDC37L1,-10.141170634712985,-9.972277736214615,-10.041986223757101
AK3,-9.178589079108917,-9.156618346307354,-9.14529334320443
ENSG00000287759,-11.95738202564774,-10.5940071056615,-12.952246337181503
RCL1,-10.756498092639156,-10.78527998055379,-10.835870972707525
JAK2,-10.124454006859333,-10.27743470020849,-10.235300178188256
PLGRKT,-10.763947063473857,-10.760977754261889,-10.573661251739741
ENSG00000286162,-11.401891526989889,-11.232756573590837,-11.45227598714256
RIC1,-9.573793727485542,-9.531208241387093,-9.649208674018936
ERMP1,-10.347993459415642,-10.393245472240714,-10.298570426285497
KIAA2026,-9.073625623127247,-9.01864929094914,-9.157704874409525
RANBP6,-10.311918623146136,-10.303974901079625,-10.337172362818546
UHRF2,-9.795856230981423,-9.907254154967378,-9.860757561399044
GLDC,-11.904021042504846,-11.578319241515569,-12.179899783784329
ENSG00000236924,-12.517728316269725,-12.600588956862472,-12.659611775997927
KDM4C,-9.161864044974715,-9.333676969454539,-9.286843773170714
DMAC1,-8.940322596191743,-9.044774434382788,-8.911983315190014
PTPRD,-6.80299363940082,-6.703730877693508,-6.985851868888653
PTPRD-AS1,-11.286465858244991,-11.309931092179783,-11.34112401592491
LURAP1L,-11.845191283544924,-12.250193183786378,-12.715323257394056
MPDZ,-8.480777585980707,-8.583661477362442,-8.685034348187319
NFIB,-9.773961027752367,-10.110797864540027,-9.656485420890041
ZDHHC21,-9.414398441267325,-9.440192446193468,-9.525068237595347
FREM1,-8.421436178465754,-8.859037257374826,-8.396776307674488
ENSG00000291185,-11.734349098885374,-11.37806581595316,-11.225596315386568
TTC39B,-11.733589797200281,-11.427909960590632,-11.562316214964293
SNAPC3,-9.665655505963766,-9.697849784444148,-9.71541798689122
PSIP1,-8.35987222959155,-8.537657815436223,-8.45470400766186
CCDC171,-9.619931224626276,-9.494085033141276,-9.583743807195212
BNC2,-10.79688353020654,-10.802277555882858,-10.430006156690029
CNTLN,-9.434914515670842,-9.946598792624227,-9.632483637066745
SH3GL2,-12.96558167328428,-13.052803505816316,-12.273353849682815
ADAMTSL1,-8.52599523756321,-9.658839621974865,-9.103088824200599
SAXO1,-12.74231821208099,-13.094850364634906,-12.645283031302991
RRAGA,-10.091762813014117,-10.109060145691119,-10.055708573592996
HAUS6,-10.215957849189415,-10.412627210584631,-10.30880841665245
PLIN2,-9.769369113647528,-9.351563824189297,-9.610795633726834
DENND4C,-8.720489219992489,-8.566158723540685,-8.87313177385904
RPS6,-6.218913170925133,-6.493859823266459,-6.4243828753621885
ACER2,-12.113250642896826,-12.437467070230584,-12.278321829183403
MLLT3,-7.664581779890304,-7.978466209869404,-7.616120679394466
FOCAD,-8.490122409817152,-8.44992774197932,-8.47983308847885
KLHL9,-10.143002349097664,-10.176179098490827,-10.182864151516723
MTAP,-8.991588290234644,-9.102283566794267,-9.105142051172303
DMRTA1,-12.46199380723541,-12.364798086080677,-12.297843043771312
LINC01239,-12.953965902405507,-12.271157393141896,-11.96203652766329
ENSG00000283982,-12.0308653862162,-12.140634953456342,-12.363734556806412
ELAVL2,-11.155499422846903,-11.114153409295016,-11.435184273488602
TUSC1,-12.690884983838096,-11.450941395156027,-11.05971336294948
CAAP1,-9.549745751891486,-9.625195125235606,-9.716183521188901
PLAA,-10.062190468802982,-10.244784843510129,-10.113468544233996
IFT74,-9.51233970959141,-9.64913295035877,-9.654220199758601
TEK,-13.053034997784295,-13.191466473938876,-12.483753817867102
MOB3B,-11.240104616072893,-11.276806248558312,-11.453370602834605
C9orf72,-10.958624407889046,-10.921861577445675,-10.980839749303508
LINGO2,-10.73624283021816,-10.1156664601934,-9.157738917296008
ACO1,-10.166342120075152,-10.15926073792341,-9.999573433101137
RIGI,-11.323415828001135,-11.236658238146633,-11.413427363177956
TOPORS,-10.132904110518615,-10.144861073561954,-10.31837903698091
SMIM27,-11.586324136278167,-11.440806781567856,-11.4310052090108
NDUFB6,-9.060198187661973,-9.129428846867985,-9.069435984315744
APTX,-9.996641624342917,-9.892162574485305,-10.031478369544756
DNAJA1,-8.035757164914722,-8.132422204013732,-8.206939014762765
SMU1,-9.53035629242079,-9.512985840827614,-9.546172731942823
B4GALT1,-10.471631691113352,-10.299522293831968,-10.427381238890266
BAG1,-8.975615387181366,-9.196326900945085,-9.151129702854524
CHMP5,-9.297887107316468,-9.41626802554814,-9.38718904762237
NFX1,-9.675164141831432,-9.746828270040266,-9.832443238886928
NOL6,-12.47121797512695,-12.521591256103571,-12.438343748086348
ANKRD18B,-12.26991792786683,-12.973646744132255,-12.76021917728566
PTENP1-AS,-12.352925663058949,-12.688877134477202,-12.915577722709555
UBE2R2-AS1,-12.127193592542136,-12.370089414416585,-12.761737742980616
UBE2R2,-8.736433575115408,-8.785323625195288,-8.839072960230446
UBAP2,-9.315119097505967,-9.29054907555158,-9.459769188305
DCAF12,-10.508609137950662,-10.460694023586735,-10.575587809057941
UBAP1,-9.65684754322368,-9.605113156276762,-9.740454703076356
KIF24,-11.83293841013073,-12.115777058606463,-12.07004147489548
NUDT2,-10.759756299214793,-10.794612456676962,-10.92475206358354
FAM219A,-11.72845200359855,-11.825198705088773,-11.836641118118179
ENHO,-13.172246343059228,-13.179694483454812,-13.042118484066876
CNTFR,-11.844461625989528,-11.977200234380659,-11.686406948499737
RPP25L,-10.497096950572706,-10.675448827620503,-10.4861763755134
DCTN3,-9.814991278282347,-9.934619010620489,-9.947880054288952
SIGMAR1,-10.695057249848253,-10.879360929527243,-10.843086058032547
GALT,-10.838652988186155,-10.971161729099853,-10.969020002653725
IL11RA,-11.432249181867903,-11.468570308032549,-11.444639692787417
ENSG00000187186,-11.703667593354208,-11.798111252937128,-11.534718317042028
ENSG00000230074,-12.079097896091547,-12.641106550822844,-12.437582482170829
DNAJB5,-11.6510468030783,-11.482053650477042,-11.627826218465541
VCP,-8.83781371068302,-8.838967318240575,-8.90009762061831
FANCG,-12.227183906146749,-12.758744240677082,-12.491119906642261
PIGO,-12.294705387467644,-12.199643340131354,-12.431462536809985
STOML2,-9.395188291086397,-9.60907502054366,-9.421647064033444
ATOSB,-12.51700696085105,-12.516740439276477,-12.443994640416465
UNC13B,-9.848885788965987,-9.872764696180008,-9.869906195556855
RUSC2,-10.789198241480488,-10.56984800592781,-11.004120224131917
TESK1,-12.274965158061264,-12.195029229444314,-12.308399647158264
CD72,-13.002848507573967,-12.908711115200257,-12.928198996137727
CCDC107,-10.36476029520627,-10.227102242909936,-10.512967205839416
ARHGEF39,-12.507692269691923,-12.868457774718546,-12.873688274502182
TPM2,-8.0555334219651,-8.038209954282461,-8.21106605318128
TLN1,-8.6869163261889,-8.663407387735964,-8.854790661796391
CREB3,-10.829339793215093,-10.71833735302902,-10.933157654962667
GBA2,-10.253522208634804,-10.196052726604153,-10.177701890906553
RGP1,-11.028496845169489,-11.07190354076708,-11.197027773508623
ENSG00000227388,-12.623007422910405,-12.947833186304416,-12.817253333708372
NPR2,-12.840807133963242,-12.777068077395551,-12.978740855612006
HINT2,-10.256767699724145,-10.413531581316743,-10.341474115275826
TMEM8B,-11.973557985922922,-11.895244586841818,-11.87245209218586
RECK,-9.773147967233804,-9.878995080086671,-9.944661796585562
GLIPR2,-11.006267282374337,-11.52294095140518,-11.23266506754889
CLTA,-8.712469327761527,-8.892764737007578,-8.76588504769926
GNE,-11.469931906933088,-11.367449561595784,-11.44031088120078
RNF38,-9.162557792566119,-9.24533627085426,-9.240880820133988
MELK,-11.047687772026897,-11.656450386541819,-11.719779548618229
EBLN3P,-10.144080646569167,-9.999229987393562,-10.197256039264555
ZCCHC7,-8.368621010434813,-8.3804072728141,-8.548130355459472
GRHPR,-9.402491950330734,-9.493735458893159,-9.486797914892632
ZBTB5,-11.096779191127391,-10.892132427222492,-11.277926709108424
POLR1E,-11.253289461226027,-11.368790990018326,-11.230067856564212
FBXO10,-10.938519834834857,-10.938693596693907,-11.009871777662342
TOMM5,-9.165345542238008,-9.372989428214403,-9.279308155333647
TRMT10B,-11.02958072327031,-10.974414861941906,-11.121474279476868
EXOSC3,-10.187521232717,-10.150439190148408,-10.21524271640743
DCAF10,-9.270665983245818,-9.17323091931314,-9.238976002028842
SLC25A51,-10.739773041260989,-10.655842844462244,-10.87286056041948
SHB,-10.548942449087503,-10.569375222138534,-10.698924980523648
ALDH1B1,-11.70373118783242,-11.84349402069159,-11.897517388112357
IGFBPL1,-12.543946219690511,-12.504463952744725,-12.723915189297992
ENSG00000291061,-12.553731560048021,-12.186466022452107,-11.589769093499319
ANKRD18A,-10.095961386557715,-10.510106178060173,-10.418019806286646
CNTNAP3,-11.717370308399836,-11.583615771191784,-11.877741697299028
GLIDR,-11.534117008686117,-11.826049472931569,-12.450321134494395
ENSG00000291075,-9.403407587229522,-9.619310677956314,-10.541938411296433
PGM5P2,-10.724291062665337,-11.176291124528806,-11.718834318126444
ZNG1F,-11.663071944229584,-11.794474134474388,-12.603867910965803
ENSG00000288891,-11.566598042549835,-11.101693846365285,-11.627120991825917
CNTNAP3B,-11.299962109625769,-11.485192413355811,-11.417054258692481
FAM27C,-11.557857778770721,-11.679699968711247,-12.018899472652281
ZNG1E,-10.908965614898685,-11.114807685863338,-10.883533021500881
ZNF658,-12.01860112918202,-11.951411157034194,-11.966567569360622
ZNG1C,-11.396029934634129,-11.486893416818088,-11.794404341803364
PGM5,-8.884917569635851,-9.060052120131502,-9.24047476251849
ENSG00000229019,-12.908564773122052,-12.91858747090532,-12.983793400666533
PIP5K1B,-10.658579066095376,-10.625224810126836,-10.357106479683184
PABIR1,-10.7771816855749,-10.84506186286977,-10.816906107062573
FXN,-10.132869545679204,-10.221648300882986,-10.10347583485164
TJP2,-9.96044269291035,-9.912965993470374,-10.230878985976227
BANCR,-10.990265833080432,-11.037721275865652,-10.755833628501762
ENTREP1,-7.6266394791458465,-7.6506313324157125,-7.88536878461967
APBA1,-12.362324792478663,-12.03310503711108,-12.51552103989612
PTAR1,-9.557195501119766,-9.605408123397147,-9.601385644005857
MAMDC2-AS1,-12.029510154737691,-11.962899069045132,-12.077475564337716
MAMDC2,-12.988169617267458,-13.180038444979738,-12.855915923843163
SMC5-DT,-11.49102756828065,-11.417725849153262,-11.633425208803954
SMC5,-8.970869562549582,-8.989473736344452,-8.99432633616435
TRPM3,-9.224078268623323,-8.800456352922165,-10.615931970242736
CEMIP2,-9.511333943634057,-9.73677592782698,-9.768982229508381
ABHD17B,-9.972331433665351,-10.04841870990665,-10.024775495057943
C9orf85,-9.887457894102074,-9.949145443971927,-9.960077538538416
ZFAND5,-8.808639780854318,-8.788352929072266,-8.82527963632288
ANXA1,-11.910746725963424,-11.967686532862261,-12.001529764925966
ENSG00000232590,-12.279755670488008,-12.492956772814045,-12.374944217502406
C9orf40,-11.739827395420727,-11.74320279618346,-11.698510541025968
CARNMT1,-9.978460506022396,-9.81514561983766,-9.913545728881163
NMRK1,-11.902649124417893,-12.098061943724453,-11.830396486324569
OSTF1,-11.041747363071952,-11.05107193754352,-11.06518630574896
PCSK5,-10.783998670010279,-10.710588614329586,-10.79210267900739
RFK,-10.645316267887587,-10.668891028166797,-10.416933308963122
GCNT1,-12.06769794206494,-12.256901691449853,-11.795157572014467
PRUNE2,-11.841965276860359,-12.04409343335418,-11.35001191504828
VPS13A,-8.766692598624505,-8.5718866658032,-8.986199975600641
GNAQ,-8.443092565460425,-8.448636573503872,-8.63992565680757
ENSG00000289440,-12.468872952926361,-12.950012376718647,-12.751915101386496
CEP78,-9.910957038176566,-10.034925684712416,-9.970172958427883
PSAT1,-10.615348084242829,-10.879678653921165,-10.560550044385296
TLE4,-9.724869649701995,-9.683836746800463,-10.061331823377103
TLE1,-12.14793343425247,-12.05117813713275,-11.939115266625905
FRMD3-AS1,-12.322878793672695,-12.0668372987879,-12.570808487267042
FRMD3,-9.730989105022323,-9.345142775533489,-9.724271264940104
IDNK,-11.995678429309033,-12.281042744198345,-12.095136934211371
UBQLN1,-9.38877228741625,-9.400503862605937,-9.448683455738102
UBQLN1-AS1,-13.02512306087459,-13.181901766330611,-13.062656298176867
GKAP1,-9.887829199847152,-9.847084980982677,-9.957307813242036
KIF27,-10.924289978976036,-10.802814652637041,-10.911634586467153
HNRNPK,-7.744021205807479,-7.846279722846685,-7.823843965881567
RMI1,-10.895639344831322,-11.015531308269157,-10.917737261170403
NTRK2,-11.852422652684846,-11.791308205255703,-12.079442936468965
AGTPBP1,-9.017025925226985,-8.999754770938425,-9.275151486010857
ENSG00000230303,-11.700628083317769,-11.301022745806469,-11.69673377125208
ENSG00000290924,-10.572888694634921,-10.680175113828412,-10.635823387619602
NAA35,-9.167502985376986,-9.209414007436745,-9.19488853560399
GOLM1,-9.53476218148617,-9.47878270486212,-9.570418642081053
C9orf153,-11.937254620071535,-11.763093769000891,-11.612797907726318
ISCA1,-9.88041457669307,-9.915946212328045,-9.925252967360027
TUT7,-9.999406619713428,-10.006698759235855,-10.034888815062228
GAS1,-11.901073163504316,-11.615897050562092,-11.488262438494765
GAS1RR,-12.895798245073818,-12.906149265361451,-13.142147417040057
DAPK1,-9.787477129581179,-9.842383677801912,-9.923662354457754
CTSL,-10.085778926140991,-9.899369412857805,-9.881041468281097
CDK20,-12.874348463989051,-12.857276813553627,-12.788107135463358
SPIN1,-9.063935415450343,-9.046161191600307,-9.08953832079022
S1PR3,-12.211884571561335,-12.123115019537257,-11.892532789835249
CKS2,-9.835428660938751,-10.175080832464356,-10.023842401219914
SECISBP2,-9.569369024074392,-9.567843670897089,-9.62931011180592
SEMA4D,-10.712913743343602,-10.78860082904218,-11.009194455812858
GADD45G,-11.055394120025332,-11.186820448222589,-11.030159565086503
LINC01508,-10.70928674667428,-12.311483573541665,-10.852652915795321
LINC02937,-11.888243133990372,-12.087389206223301,-11.801109427248736
AUH,-8.933373558021856,-9.117950634234782,-9.145093169394167
NFIL3,-10.362104654821165,-10.387950514362782,-10.518737498401892
ROR2,-8.83007806997642,-9.100799036133163,-8.727736643144489
SPTLC1,-9.942547422904555,-9.95939090464849,-10.081427679252721
IARS1,-9.069446506420569,-9.066215194933047,-8.989813930545006
NOL8,-9.906863434118682,-9.93543107028598,-9.969453348547578
CENPP,-9.629104733042945,-9.926718021794093,-9.712859162484843
IPPK,-11.610427459048815,-11.676690723027878,-11.698860815196198
BICD2,-10.865675361529618,-10.803387454299518,-10.792100951313591
ZNF484,-11.225287548534416,-11.275680586701224,-11.482547699382476
CARD19,-11.347867604583678,-11.610311363965765,-11.207484520419749
NINJ1,-12.056492884008765,-12.084284166597461,-11.970456658709724
WNK2,-9.378978005470668,-9.535230312186515,-9.337202845868402
FAM120AOS,-9.566935497046737,-9.7089352507649,-9.759578940365254
FAM120A,-9.407423683546195,-9.569719608924327,-9.604554374875853
PHF2,-10.556034638039252,-10.64610293390454,-10.837370183720381
PTPDC1,-11.150959156381527,-11.122337846086534,-11.093227894999444
MIRLET7A1HG,-10.522682257790184,-10.376181590034737,-10.598730584773902
ZNF169,-11.946891185736414,-11.845822821014167,-12.26470632893313
ENSG00000232063,-12.296675977549937,-11.78570045215408,-12.818417935322413
MFSD14B,-10.190745092825944,-10.213041081572726,-10.364490047606619
ENSG00000286850,-10.174882421919024,-10.578173480119355,-10.863116649871984
PCAT7,-9.893579314200352,-10.305946525733155,-10.591353429553982
AOPEP,-8.801264906843421,-8.69509075346218,-9.06491446437099
FANCC,-9.281629045153236,-9.461883913141058,-9.413649890854062
PTCH1,-9.87807509583951,-10.128615280719382,-10.602932176247887
ENSG00000271155,-12.73849493860741,-12.622098622454528,-12.957045090330118
ERCC6L2-AS1,-9.93287332697476,-10.088864376465862,-10.56490820345476
ERCC6L2,-8.865142371625643,-8.85653677288937,-9.080899211055364
HSD17B3,-12.180496470741495,-11.933315573641073,-11.938821782889848
SLC35D2,-10.331414865917388,-10.200709842740633,-10.5219899215252
ZNF367,-11.812951907009284,-12.344969283201017,-12.272885057902645
HABP4,-9.883373372537834,-9.82936644704746,-9.99877523913287
CDC14B,-8.867625139007293,-8.835629482572616,-9.085708592592812
PRXL2C,-10.518772437381681,-10.49376184340347,-10.553430181566656
ENSG00000224848,-11.623203039238344,-11.407857013848156,-11.64043537770242
ZNF510,-10.95904283547424,-10.996348581730215,-11.056668439006998
ZNF782,-10.259699284557309,-10.384623803603887,-10.21403911135107
MFSD14CP,-9.229850369770864,-9.312263612400342,-9.375800926450575
CTSV,-9.29644704748344,-9.70517328892515,-9.036660239761831
ENSG00000203279,-10.990709053004094,-11.187371328193125,-11.410359118147818
CCDC180,-11.19625676674569,-11.2802275048503,-11.448279259514141
TDRD7,-11.792987873186522,-11.731986010397952,-11.880149568371458
TMOD1,-8.371491735237012,-8.519728529015575,-8.442854616362906
TSTD2,-10.027750132451589,-10.011823615393464,-10.13887183928627
NCBP1,-9.873472027721741,-10.021952992416818,-9.956023689084759
XPA,-9.998467928626354,-9.94047003980205,-9.823316952889526
TRMO,-12.154834702284331,-12.062858324113487,-12.034859771828753
ANP32B,-8.18226487508774,-8.3713146856158,-8.264317761353162
NANS,-10.720886702920165,-10.869507165962006,-10.70413991903417
TRIM14,-12.909695792852764,-13.283819146171716,-12.603970426286944
CORO2A,-12.519043734426898,-12.141915677405525,-12.184746984225407
ANKS6,-10.667590364480109,-10.707266506740982,-10.670087006473471
GALNT12,-12.442222494607462,-12.52217944837386,-12.021596416213162
TGFBR1,-9.77654603641628,-9.872973078850244,-9.824905317444742
ALG2,-10.247266735146237,-10.233698308886193,-10.212414918570667
SEC61B,-8.793201436341649,-8.968707245434896,-8.808741193893772
ENSG00000237461,-12.290473448200066,-12.325425584802131,-12.423068752928595
STX17-DT,-12.440407096304707,-11.906498669739685,-12.128268215338608
NR4A3,-10.984342561526768,-9.791786085025395,-10.73750206035991
STX17,-10.00627535400802,-10.019288847499393,-9.918261844632202
ERP44,-9.42900250817853,-9.46339245778397,-9.495074427471009
INVS,-9.093589025409576,-9.129628757014745,-9.176054440178653
TEX10,-9.965790558208683,-9.995501694973436,-10.060615833575774
MSANTD3,-10.138778967283049,-10.204892635842793,-10.220690468890663
TMEFF1,-9.684437913198822,-9.762329781834376,-9.81602219017983
CAVIN4,-11.52042482320621,-11.523961345522295,-11.806188833331307
PLPPR1,-11.426356465881154,-12.220367266776472,-12.552643958146726
MRPL50,-10.317798119551341,-10.37082297197227,-10.386985656291099
ZNF189,-10.558831553037033,-10.446555871379582,-10.59341846210759
PGAP4,-12.534345845696516,-11.94260763257319,-11.630266228553626
RNF20,-10.075053459006467,-10.114078452666869,-10.16745566312126
SMC2,-9.544259003922791,-9.963458608634546,-9.771781103614178
NIPSNAP3A,-9.970516565426319,-10.31234252131319,-10.192598994119857
NIPSNAP3B,-11.557849790475052,-11.726081943646387,-11.734168173878794
ABCA1,-8.89141508817826,-9.036483612421488,-9.271420426490131
SLC44A1,-9.466916760157863,-9.368850468950425,-9.568115096098492
FSD1L,-9.800342291511217,-9.864760855971934,-9.896627052163042
FKTN,-10.034659714938506,-10.153631362160327,-10.093486584710647
TMEM38B,-9.891550329446591,-10.088703742901023,-9.77986490393074
LINC01505,-9.802149048550437,-9.803409826891134,-9.543594955316
ZNF462,-8.792585786122558,-8.798204662118874,-8.930490549090697
RAD23B,-8.797853120474299,-8.810959706205931,-8.848728194187778
ELP1,-10.1818642397538,-10.224993401729712,-10.32731178249616
ABITRAM,-10.74310077776643,-10.820376154847155,-10.761425745168856
CTNNAL1,-9.204431704613375,-9.443913913094521,-9.387459831272182
TMEM245,-8.691917497987491,-8.736967895097854,-8.941201992917804
EPB41L4B,-12.257896013286816,-12.286168295537307,-12.539543976116573
PTPN3,-12.059321678136495,-12.199126566887722,-12.40991791566839
PALM2AKAP2,-6.784002687325452,-6.858950414720965,-7.06138261298481
ENSG00000232939,-11.365739736859604,-11.010729712196401,-10.849451816027543
TXN,-8.625425531314413,-8.905960041636714,-8.577788836330301
SVEP1,-9.851298028849472,-10.141360528020606,-10.74481935133566
LPAR1,-12.124805652502706,-12.495375489113592,-12.28241767927658
ECPAS,-9.226631598919152,-9.20507348950666,-9.235042515784347
ZNF483,-11.353873056276498,-11.226206091706338,-11.534692178318076
PTGR1,-10.375145016169151,-9.705595715736587,-10.64852659676029
DNAJC25,-10.222833254945623,-10.292196875057662,-10.40209929368968
GNG10,-9.38362214433638,-9.553781271759304,-9.569935957790333
SHOC1,-11.65524123310357,-11.650387737316427,-11.59711189733355
UGCG,-10.135089741986024,-10.126527594810966,-10.257088749758573
LINC02977,-12.53150538226238,-12.28927053671132,-13.165675395947463
SUSD1,-10.208624436894652,-10.157343255744863,-10.79688864563882
PTBP3,-9.605764360010733,-9.580860166643669,-9.738670845417156
HSDL2,-8.884813598214594,-8.88563932407724,-9.14106840670195
HSDL2-AS1,-11.382995450349002,-11.361928303836255,-11.458907676030432
KIAA1958,-8.620684468742532,-8.696422137713032,-8.827216898079545
INIP,-10.650421692968342,-10.611440263310588,-10.618581083208234
SNX30,-11.025504721563156,-10.996974670069399,-11.02129890977831
ENSG00000291094,-13.010824782962118,-12.517664259585544,-12.538177508330818
ZNF883,-11.67934751680678,-11.354078652273104,-11.601142675659071
ZFP37,-12.288953405119852,-11.173448239295912,-11.470979480880542
FKBP15,-10.400641440026888,-10.556018226363062,-10.559825837848251
SLC31A1,-10.03753520399019,-10.01926007798858,-9.949135196068832
CDC26,-10.361434124351115,-10.48550075367386,-10.36998896996806
PRPF4,-10.442743238871168,-10.508878096583384,-10.458206910924892
WDR31,-11.4744404351664,-11.243361883701295,-11.48435297234042
HDHD3,-11.261413949102025,-10.928562137730317,-11.17411821468647
ALAD,-11.31472429520118,-11.34209089077119,-11.447346224586926
POLE3,-10.15886001727591,-10.407084657015982,-10.303308544930678
RGS3,-10.490023095521488,-10.771631059866602,-10.926259708935296
ZNF618,-9.588278910199515,-9.602951034992842,-9.72858094472472
COL27A1,-10.95629037469828,-11.291806613891232,-10.892095189649769
AKNA,-12.028917034739193,-12.142233376459238,-11.92881720224567
WHRN,-12.071280474884787,-12.284548206537805,-12.08017139249868
ATP6V1G1,-8.411860410131366,-8.527109691616218,-8.478408446289533
TMEM268,-13.022906132150945,-13.154439118722063,-12.993729172093547
DELEC1,-13.007564481675864,-13.120769680069957,-12.698009325607876
TNC,-10.587584828082468,-10.453181567082929,-10.300321943353723
PAPPA,-11.725894310465145,-11.343808280234763,-11.161506928572999
ASTN2,-10.700273007767676,-11.17441005308296,-10.775423407845416
TRIM32,-12.362349215157899,-12.312543163679305,-12.221303197543776
BRINP1,-12.304395115923686,-12.01677253636594,-12.343130221117613
CDK5RAP2,-9.387810868307582,-9.396624870930706,-9.578546904419156
MEGF9,-11.574547935095756,-11.420851630551052,-11.699409812940115
FBXW2,-9.968117455877492,-9.95985627777067,-10.115093902139384
B3GALT9,-12.36444119246677,-12.499304619812742,-12.402689029407643
PSMD5,-9.952416170939271,-9.921190924998744,-10.76322152289277
PHF19,-11.555178751694305,-12.090286276017093,-12.016435278187501
TRAF1,-13.251292880487659,-13.085711864415149,-12.971444598800202
C5,-11.82578566916145,-12.229039596601126,-12.36371697008478
CNTRL,-9.993817321044405,-10.083824560589592,-10.430425195673633
RAB14,-9.362019625460015,-9.390149714190976,-9.427270267875898
GSN,-9.969296575846048,-9.98521359377793,-9.960507035681507
STOM,-11.517318007270735,-11.489715597877414,-12.051436304931707
DAB2IP,-9.84249033212084,-9.860343513510557,-10.070151693709581
TTLL11,-11.348018938005946,-11.495617062913755,-11.492966128440944
NDUFA8,-9.200984244959,-9.314377170327576,-9.067920132643575
RBM18,-10.292071814869562,-10.356760925265155,-10.371673059276938
MRRF,-10.092353167209561,-10.127725348954494,-10.190272486775365
PDCL,-10.711305334103027,-10.676835962882867,-10.81237803797759
RC3H2,-9.322076542465469,-9.241569641758698,-9.349590210505093
ZBTB6,-11.865158379049374,-11.4754614461313,-11.673636483761337
ZBTB26,-11.348443436666427,-11.10694470005624,-11.250830826804185
ENSG00000261094,-13.007247397273986,-12.824530240986778,-12.982686983321152
RABGAP1,-8.663953696294021,-8.625712521852432,-8.813739243134979
STRBP,-8.880893169515321,-8.955364032775577,-8.969176758923759
CRB2,-10.862470415942022,-11.067280559843427,-11.010330188787673
DENND1A,-8.97769400431484,-9.069531408009059,-9.171332420819756
NEK6,-11.399018479877837,-11.484652273933643,-11.557548873451188
PSMB7,-8.978266889861642,-9.160163163204436,-9.177568095343286
NR6A1,-8.43679004517622,-8.422610155566694,-8.618315191900987
MIR181A2HG,-10.188986538316428,-10.58541689745114,-10.307637273645776
RPL35,-7.00932214126353,-7.268057669398022,-7.071434613858723
ARPC5L,-9.599780347921241,-9.693700908344349,-9.618620246634688
GOLGA1,-10.409367572383376,-10.457258806719688,-10.434632041183491
SCAI,-9.58372668827968,-9.560564144859734,-9.72608474779275
PPP6C,-10.096902616091885,-10.168262799138637,-10.29067908435196
RABEPK,-11.409686751342203,-11.514473077204604,-11.57746549277131
HSPA5,-7.772408232133075,-7.673000401314898,-7.768830760354532
GAPVD1,-9.20506527216257,-9.204438996746008,-9.369700792480952
MAPKAP1,-8.878162711417698,-8.909278818633553,-8.993741337996838
PBX3,-8.221195355308051,-7.972038991643015,-7.686398098814917
MVB12B,-10.029502192889515,-10.084309566488137,-10.073955601965062
ZBTB43,-9.951260998351417,-9.998134692620651,-10.133810910220092
ENSG00000288995,-12.694730073437047,-12.688964272711452,-12.792393041403427
ZBTB34,-11.591765543803074,-11.595108249742427,-11.565855588425618
RALGPS1,-10.34192647429749,-10.330904328649783,-10.28628043732775
ANGPTL2,-12.921271256475782,-12.93382864285372,-12.66600086238646
GARNL3,-10.035077425393986,-10.020335850982235,-10.142722322637903
SLC2A8,-11.77083096884052,-11.865356020560258,-11.83508269976762
ZNF79,-13.007925130353932,-12.84899139102827,-12.976793376146123
RPL12,-6.471089129463528,-6.864474748704532,-6.750191943437257
LRSAM1,-10.583397007595853,-10.73301358959273,-10.740343725143628
NIBAN2,-11.684581063318253,-11.798555614664238,-11.679253391690322
STXBP1,-11.053372382740639,-11.137031254159055,-11.08738997009718
PTRH1,-11.790124364412508,-11.929192163478518,-11.84089866504187
TOR2A,-12.248301774101323,-12.119708523745647,-12.198642862058767
CDK9,-10.705695022371414,-10.872641008111636,-10.674827256457899
FPGS,-11.034452774528134,-11.018219409505113,-10.91991610885573
AK1,-10.008362670546148,-10.065658365887348,-9.998548659284648
ST6GALNAC6,-11.36993060132482,-11.422734537400867,-11.495597156175634
ST6GALNAC4,-11.428587678420238,-11.361569371115833,-11.202972028346545
DPM2,-10.915678224044527,-11.139929629496418,-10.910682236464213
EEIG1,-10.936358150654767,-10.980757108547062,-11.013969836604662
NAIF1,-12.884535662002634,-12.901220683206928,-13.011715914990326
SLC25A25,-11.77620933170252,-11.82370287624139,-11.65737243457928
SLC25A25-AS1,-12.816876301046538,-12.744442974456714,-12.820644762601356
PTGES2,-10.322113257243332,-10.418533745193736,-10.336241526445903
BBLN,-9.375751381279203,-9.542787076422151,-9.547869427574057
CIZ1,-10.363614316290406,-10.435228858298878,-10.507213206618667
DNM1,-10.979842781401938,-10.852193295938001,-10.9144138655936
GOLGA2,-9.853273853871238,-9.79476610636485,-9.96250252910732
SWI5,-10.579555626731262,-10.468380595045186,-10.592300919773766
TRUB2,-10.525507106202456,-10.72473270548258,-10.734729699567765
COQ4,-10.314328855028029,-10.473494879116968,-10.57945756484151
SLC27A4,-12.120458214264282,-12.01832421444018,-12.18898649364616
URM1,-10.658178569415814,-10.787335000220676,-10.880474117990156
CERCAM,-12.101434250328897,-12.050075917225936,-11.98439469626851
ODF2,-10.642085029401214,-10.682864022294227,-10.841766389530749
GLE1,-11.08646237640058,-11.099900654906104,-11.133277763106705
SPTAN1,-8.773623827947963,-8.671603734218065,-9.060677299501837
DYNC2I2,-11.231186477117117,-11.308151575407942,-11.50741607004164
HMGA1P4,-11.690789547563032,-11.755851996610582,-11.772126857556964
SET,-7.483898072210095,-7.632409673310913,-7.668077661895646
PKN3,-12.38116330002447,-12.70365045804216,-12.725053394455603
ZDHHC12,-11.072866641834018,-11.122416134786162,-11.153733784095506
ZER1,-10.40956509459464,-10.457107729351957,-10.693992848181226
TBC1D13,-11.420065357756513,-11.466835783490666,-11.70995920979025
ENDOG,-9.998730274744442,-10.225802637851064,-9.862370432008406
SPOUT1,-11.696078110192659,-12.05653388769624,-12.089471115057279
KYAT1,-11.33178220458904,-11.447821945458484,-11.464609987203191
LRRC8A,-11.041112379284149,-11.065330925617355,-11.09900695450358
PHYHD1,-11.099397329159522,-11.242606480535809,-11.299893347313612
DOLK,-11.990009024211554,-11.769712904740404,-12.023463607209962
NUP188,-10.685241785259812,-10.7815057105012,-10.94088806963447
SH3GLB2,-10.854169665127364,-11.080859572111036,-10.999508361963922
MIGA2,-11.863392787888895,-11.779635861102978,-11.819384146800926
DOLPP1,-12.049642227257953,-12.074251836411571,-12.126730016790912
CRAT,-11.475353795789346,-11.679124462032343,-11.44322626157719
PTPA,-10.223738777285911,-10.267276809061944,-10.266815698497775
IER5L,-11.242792739462947,-11.327251178561943,-11.504463385862405
LINC01503,-12.40832429955666,-12.552267102317103,-12.366813099455712
LINC00963,-12.159492898643691,-11.966488575128798,-12.071282951410012
NTMT1,-10.832285285269066,-10.937355681673852,-10.82843246227561
ASB6,-12.454174656869736,-12.62426481827812,-12.752024193734588
PRRX2,-13.012325569583712,-12.553630200088147,-12.685655821956715
TOR1B,-11.86443828340314,-11.815955176520593,-11.974547325461787
TOR1A,-11.245783873732794,-11.128836261522629,-11.3106713509256
C9orf78,-9.797446168812515,-9.811531139931311,-9.912140561390057
USP20,-11.391649411546373,-11.693752238024565,-11.655466278461358
FNBP1,-9.198203200322544,-9.212028545086975,-9.417984494818107
GPR107,-10.245698441377485,-10.186396301689475,-10.466664989691012
NCS1,-10.011659920608626,-10.105845906120875,-10.360414058341679
ASS1,-11.553548637653131,-12.03042523145631,-10.749823928114381
FUBP3,-9.453047594084193,-9.379384130840021,-9.485177735832355
EXOSC2,-10.858303318443443,-11.042335138252088,-10.853659042721791
ABL1,-9.302651863224188,-9.282515561316881,-9.422075364365108
AIF1L,-11.564061218939795,-11.115083575041883,-11.357063842294618
NUP214,-9.65442039101246,-9.62648231861434,-9.743496091677608
FAM78A,-11.064439983187022,-10.568633104125363,-10.791698712991268
PLPP7,-12.603333515519653,-12.352374443517657,-12.48755597949709
PRRC2B,-8.585402576240385,-8.592841440250613,-8.715513464583612
POMT1,-11.447909491522374,-11.462666159828343,-11.601798355254868
UCK1,-11.653716174842813,-11.882919686273794,-11.707262916752672
RAPGEF1,-9.760345065215391,-9.883797670714584,-9.996724894699454
MED27,-9.574459626985423,-9.63925075169069,-9.793429891192716
SETX,-8.77691595965226,-8.78783081281459,-8.912516104469947
TTF1,-10.384204104139279,-10.397508054216624,-10.410654657314524
DDX31,-10.749012372066112,-10.822661461681058,-10.834730808355385
GTF3C4,-10.147685800113363,-10.32922910616867,-10.311174062713404
AK8,-13.082976735946911,-13.19146357263657,-12.93779497674217
SPACA9,-12.617316294028855,-12.451982435161346,-12.550885723239132
TSC1,-9.993071056399733,-10.040141423532347,-10.253757101331837
GTF3C5,-10.958794775373828,-11.151955681422915,-11.14091148039392
RALGDS,-11.11152408674385,-11.30318691036093,-11.427213501340022
SURF6,-10.512809653245746,-10.59278090375645,-10.70021066278173
MED22,-11.249174189519996,-11.488330032446317,-11.146342147706926
RPL7A,-6.383054068149755,-6.544389792252378,-6.442211419669161
SURF1,-10.574042460079692,-10.951877844512046,-10.619051269372049
SURF2,-10.814257159446482,-11.000192206324623,-10.978354338742013
SURF4,-10.016138796885732,-10.045549920847522,-10.119805816910754
REXO4,-10.252757980068138,-10.448803868765,-10.404817184158848
ADAMTS13,-12.50206940589718,-12.728342421392185,-12.938400512423714
CACFD1,-11.498540697948194,-11.508762734141593,-11.545030779316415
ADAMTSL2,-12.408891884823426,-12.798299337236756,-13.002253539902838
VAV2,-10.982510559759588,-11.339807542083413,-11.058270624978043
BRD3OS,-11.679760260685514,-11.726774532858649,-11.802915874428178
BRD3,-9.655670820692485,-9.802494783601885,-9.917028225436221
WDR5,-10.939223747425986,-10.976446337545678,-10.962866866868628
RXRA,-10.960642230229704,-11.084259357651506,-11.087096919417013
COL5A1,-9.886973069402183,-10.081889576075486,-10.087586964832164
PPP1R26-AS1,-11.66426835414621,-11.813978839432634,-11.766863026120529
PPP1R26,-11.662246434137007,-11.7110641880784,-11.842867179561363
PIERCE1,-11.815552346679212,-12.062906292128313,-11.796370360625222
MRPS2,-10.270961167544096,-10.522766285330377,-10.367904464894474
CAMSAP1,-9.96032188089304,-10.070847568631232,-10.143213489356551
CAMSAP1-DT,-11.936212461857265,-12.039056518359827,-12.132230509693986
UBAC1,-10.473788022592496,-10.505097536351794,-10.386831191723642
NACC2,-11.798501209265634,-11.84720167741663,-12.085308316597578
TMEM250,-11.909739300977147,-11.919467703079356,-12.027902025473619
QSOX2,-11.45198597261101,-11.63989913459399,-11.957957761577532
GPSM1,-11.40795208678344,-11.599757709230031,-11.71379620662569
DNLZ,-11.661028866336009,-11.412159924030592,-11.921934479329034
SNAPC4,-11.564390708216669,-11.469744888034466,-11.699355154545723
ENTR1,-10.563235389196816,-10.656041698686758,-10.840117953590399
PMPCA,-10.520491394672469,-10.639506570526528,-10.551335826823875
INPP5E,-12.259206944875178,-12.220438662656642,-12.287931335860737
SEC16A,-10.549498108820606,-10.517446061142403,-10.733596260422699
NOTCH1,-11.858583219938906,-11.996695112347139,-11.980078944615192
EGFL7,-11.154748711134468,-11.075273940931561,-11.2634813867256
AGPAT2,-11.348093438041394,-11.146358161650811,-11.020221469510178
DIPK1B,-10.45227669310713,-10.641804941015723,-10.412879327041997
SNHG7,-9.483236849002346,-9.39205974344226,-9.676534612857246
TMEM141,-9.292112149319111,-9.143028043943831,-9.427887538500192
CCDC183,-10.114427626358724,-9.923725689807434,-10.691620963280235
RABL6,-8.83739312570301,-8.783686508587737,-9.28247603759671
AJM1,-12.18167751867887,-12.303549136678079,-12.61815957889494
PHPT1,-8.5234792086978,-8.54134170106806,-8.651175738182769
EDF1,-8.573806405667355,-8.723642481773632,-8.745859402217922
TRAF2,-12.030423240692699,-11.897590328057738,-12.249546642473714
FBXW5,-11.038711483538114,-11.281949780168185,-11.364453365547606
PAXX,-10.478264125887245,-10.498832548717008,-10.695750635046789
ABCA2,-11.962186998884706,-12.012438406059312,-12.135371960931364
NPDC1,-10.682903260924101,-10.710897546060234,-11.000395309499828
UAP1L1,-12.723219325508163,-13.151765330945544,-12.896926678241135
MAN1B1-DT,-12.668903910842506,-12.615398353620112,-12.970150349450122
MAN1B1,-11.098548821937655,-11.19592621022709,-11.431313569442008
DPP7,-10.551547091578616,-10.507744557679525,-10.8717118559844
SSNA1,-10.37823731084224,-10.419500246512714,-10.466375818199882
TPRN,-11.887561061242216,-11.803758112008248,-12.090098114761107
TMEM203,-10.925868424335697,-10.983099307931198,-10.932665400519612
NDOR1,-12.22211733521032,-12.318231476898932,-12.529345184316353
RNF208,-11.703350472604756,-11.645433079095678,-11.719493083289052
TUBB4B,-8.832943687793689,-8.934634585589718,-9.127494200560275
NELFB,-10.78645110121008,-10.964378874756529,-11.008874023990934
EXD3,-10.91677943788986,-10.94358107259619,-10.995274030889096
NOXA1,-13.183284429684422,-13.048005914550396,-12.658408240071148
NSMF,-11.56239679586519,-11.578627527391294,-11.66654004664553
PNPLA7,-11.89424275315266,-11.549346269643223,-11.87710406326194
MRPL41,-9.166364085178063,-9.316618264859452,-9.230665437875148
DPH7,-10.928000452260951,-10.88554355079462,-11.046605998301526
ZMYND19,-11.179003415336659,-11.33287484489346,-11.238395749112655
ARRDC1,-11.572505591445395,-11.543469433386012,-11.794519423434629
ARRDC1-AS1,-11.900083630886833,-11.83031992082005,-11.945219515940174
EHMT1,-8.926630105289153,-8.990646275759751,-9.091598470949133
CACNA1B,-11.671130250037761,-11.646956563208896,-11.564580842343457
ENSG00000290588,-12.223600072937801,-13.005047229347856,-12.477449285028648
ZMYND11,-8.839699662062749,-8.885050795980806,-8.979337115993015
DIP2C,-9.145159951540943,-9.307970818390148,-9.265067049928906
LARP4B,-9.339069690730492,-9.390222523974737,-9.550220180710886
ENSG00000205740,-13.176740549257005,-13.211011316798665,-13.013069092304427
GTPBP4,-9.373146980320652,-9.422912827728094,-9.442836687061336
IDI1,-10.207876768415309,-10.083198420338862,-10.424075324536737
WDR37,-10.273360862123498,-10.320475226167188,-10.400148988211628
ADARB2,-9.880132929637059,-10.57014166587209,-9.869476369920328
PFKP-DT,-12.829781132671428,-12.84239833455463,-12.897225782012672
PFKP,-8.158281984117819,-8.42801441478258,-8.308862681183825
PITRM1,-10.854231930776834,-10.817351559076558,-10.854648588315804
PITRM1-AS1,-12.157403946925763,-12.614726714506963,-12.686490125191895
KLF6,-10.524008899544212,-10.46396409406869,-10.622339058396854
AKR1E2,-12.762926580873724,-12.383657518581787,-11.813281467720017
AKR1C1,-12.278154024253459,-11.806218173681357,-12.472285721194984
NET1,-10.42030044799979,-10.716036773673135,-10.403657974950129
ASB13,-12.261164028685759,-12.065514129229577,-11.97910753024367
TASOR2,-8.989789704455768,-9.088530923437082,-9.037254148658915
ENSG00000226647,-12.826420006683415,-13.037565179119643,-12.658210658649844
GDI2,-8.58964411078516,-8.807025678517642,-8.688960234552095
ANKRD16,-10.32877062991343,-10.251838718456732,-10.37618291746536
FBH1,-9.54107430514973,-9.52245185483943,-9.737985889830032
RBM17,-9.019653115229262,-9.07846908826187,-9.064383557811453
PFKFB3,-10.018524782079078,-10.055553823831964,-10.342497442900944
LINC02649,-11.69410212139421,-11.415995842168599,-11.62706426802763
PRKCQ,-11.571634871653405,-11.553119645659107,-11.70740793513226
PRKCQ-AS1,-11.869000703713207,-11.98685620300028,-11.88257820144469
SFMBT2,-10.237340072104503,-10.716456662216125,-10.036964945871645
KIN,-10.044458499083875,-10.080708540153726,-10.084835069822095
ATP5F1C,-7.98853149378732,-8.073706925909521,-7.962597040188358
TAF3,-9.512402027420462,-9.572754067958476,-9.741878580951047
GATA3,-12.452225361093422,-12.81167604745379,-12.806215636119125
CELF2,-8.001873687010391,-7.767263932094851,-8.230126880393533
USP6NL,-9.503088217155343,-9.529678134450618,-9.56019558018461
PROSER2,-11.984926956627518,-11.732575923193835,-12.275073417105746
UPF2,-9.173995199575154,-9.225599695293468,-9.309396428422062
DHTKD1,-10.465068935199854,-10.736662299632542,-10.61168519451072
SEC61A2,-10.807786235411335,-10.69931996187224,-10.75454031588555
NUDT5,-9.310764208260562,-9.293019309510257,-9.554553728264873
CDC123,-9.292754740153935,-9.392870800481566,-9.48521049237474
CAMK1D,-10.300968017597713,-10.421053390495137,-11.00934102577007
CCDC3,-11.95193415357033,-10.471404035976319,-11.470752856770488
OPTN,-10.303965261436351,-10.474830105745037,-10.242369514625599
MCM10,-11.354348316965051,-12.23507780089347,-11.712592465079892
PHYH,-10.610334816740544,-10.860698327582268,-10.567813234855695
SEPHS1,-10.041773818415031,-10.18685702054929,-10.222420723862784
BEND7,-9.901139669719317,-10.249457500382457,-10.097235724107662
PRPF18,-10.27290961270484,-10.382538704969818,-10.403918637816888
FRMD4A,-9.988487304158383,-9.802273673105493,-10.040917004553286
FAM107B,-10.380492264241434,-10.919941767617926,-10.501077158782934
CDNF,-12.596757257666336,-12.757396915002717,-12.784760412454604
MSANTD7,-11.56205882828138,-11.606189737983017,-11.515829431774728
HSPA14,-10.730834587949378,-10.758899909765615,-10.779968760146028
SUV39H2,-10.930797860860734,-11.132592621316958,-11.143354532826589
DCLRE1C,-11.025157216076739,-11.09124274540634,-11.138946467934286
RPP38,-10.506458794191081,-10.595701621621899,-10.653515072751489
NMT2,-10.619539434185313,-10.837885233271606,-10.658369129161633
FAM171A1,-9.594479531027654,-9.83585314026306,-9.565755081112682
ITGA8,-12.178805683659771,-12.077280969251625,-12.052896880731332
MINDY3,-9.855749381435706,-9.939857383305027,-10.009981962937418
PTER,-11.70762947047215,-11.491715774528988,-11.483405354569088
RSU1,-9.338575782172125,-9.442336403172968,-9.56346073588152
CUBN,-11.438847326529705,-11.317634832888443,-11.378715967328644
TRDMT1,-10.309219190898723,-10.354398455121643,-10.517117294395145
VIM-AS1,-12.626078390014884,-12.453512885095426,-12.472098688173448
VIM,-7.031596136645147,-7.3255337089008625,-7.225104714688048
HACD1,-8.19007534455795,-8.219866642849045,-8.50460258420815
STAM,-9.789013495691202,-9.922516802827479,-9.826595286813738
CACNB2,-6.823866654344569,-6.950916019786747,-6.837424072295016
ENSG00000235020,-11.067806924470476,-11.222421693630421,-10.866235578021143
ENSG00000240291,-11.037126272166228,-11.059130078533912,-11.165349687885833
NSUN6,-9.67297584754601,-9.682578510215665,-9.813025939106502
ARL5B,-9.558979213847236,-9.591203729286923,-9.58311099928628
MALRD1,-12.29494232275879,-12.250629602223647,-11.669398566246713
PLXDC2,-8.26495403899023,-8.57793796157669,-8.562347055395525
NEBL,-6.447931844189147,-6.544737361378265,-6.4791237814579
MIR1915HG,-10.696807509065478,-10.678962466626134,-11.11834256943291
SKIDA1,-10.833432854136468,-10.800370727102438,-11.31004906809682
MLLT10,-8.43801736477586,-8.480483968185096,-8.685350763943312
ENSG00000289528,-12.419295940743087,-12.435903376911016,-12.663331082457875
DNAJC1,-9.021154632560247,-9.318867452051846,-9.464913519027737
COMMD3,-10.128981052773806,-10.325364224600486,-10.26017239950333
BMI1,-10.430609100557364,-10.384987172140509,-10.579174323783736
PIP4K2A,-8.99108640431394,-9.102163432397722,-9.511708944880015
MSRB2,-9.375271859894005,-9.446936485556854,-9.258232187606014
OTUD1,-12.291005983860021,-11.790803220993347,-12.382430660833856
KIAA1217,-8.898044290396431,-9.042749888067325,-8.841845814684609
ARHGAP21,-8.928490507928515,-9.018548247109669,-9.099325733573828
PRTFDC1,-10.991972820322875,-11.268967057870144,-11.551178286560036
THNSL1,-11.654568172050862,-11.414162591312046,-11.57847147196345
GPR158,-11.30764398391011,-11.709693756678437,-11.600651320301074
MYO3A,-11.702082658570177,-12.476073229917093,-12.054936668342663
PDSS1,-10.974322553047939,-11.107108321995918,-11.074900549324967
ABI1,-9.346610664651946,-9.350042445398985,-9.543938353215504
ANKRD26,-8.769065992848962,-8.616180493396046,-8.73168491154641
YME1L1,-8.562969304789972,-8.651602190180057,-8.750056918143503
MASTL,-11.193129577362475,-11.718922065798237,-11.625464434867268
ACBD5,-10.025573071092639,-10.151409721686113,-10.124388520805839
RAB18,-9.538428407393372,-9.552333278216187,-9.5396768424932
LINC02680,-12.636369225892292,-12.648357886410965,-12.911089149934162
ODAD2,-12.350987999176438,-12.841297355352344,-12.497596439666768
MPP7,-9.367713358600302,-9.411850134388235,-9.326552103877292
WAC-AS1,-9.98238822044879,-9.910217687606899,-9.512213039395652
WAC,-8.241966309115835,-8.323873903247733,-8.33805015914857
BAMBI,-8.349418102838934,-8.232995588550594,-8.436238475843636
SVIL-AS1,-11.00951433939163,-11.248140625598062,-11.114282229708106
SVIL,-7.033694626841532,-6.9788671395807516,-7.116674208825949
JCAD,-9.984560860809681,-9.880176167818695,-9.715307230848074
MTPAP,-10.613252787080633,-10.56773559783558,-10.592484929746423
MAP3K8,-11.625133471725322,-11.921055166092628,-11.509300044909393
ZNF438,-10.548180758539425,-10.24317684350131,-10.245255027997551
ZEB1-AS1,-11.439414135497474,-11.252989439879915,-11.53155893476726
ZEB1,-8.635082753698615,-8.387447182780257,-8.732160620770149
ARHGAP12,-9.378747091781715,-9.364324869000574,-9.398156975575203
KIF5B,-8.283594972419234,-8.275643269693752,-8.469783030250634
EPC1,-8.621570588541328,-8.613805004617582,-8.73166420385414
CCDC7,-10.473003653091071,-10.445144765998258,-10.552180230733779
ITGB1,-8.018258874724049,-7.87185163129179,-8.042060954157511
ITGB1-DT,-12.647886255547075,-12.886523126381881,-12.696187398322575
NRP1,-7.591387686860866,-7.827844787770746,-7.777388773321833
PARD3,-7.684174360225745,-7.811776116028809,-7.852665614723599
CUL2,-9.40520125157788,-9.494651760414664,-9.589628053865555
CREM,-7.863837125906166,-7.938192378167569,-7.952100787311616
CCNY,-8.618976147915436,-8.730260827450696,-8.751592930743453
CCNY-AS1,-11.056408876501415,-10.951879740970012,-11.207786769666596
FZD8,-11.847319650884721,-11.798504444274249,-11.736757680648404
ZNF248,-9.553545655772922,-10.377035120474744,-9.968141259209212
ZNF25,-12.261926062358494,-12.353821424642055,-12.682221675074764
ZNF33A,-8.93973805847949,-9.040840649572125,-9.178377137136428
ZNF37A,-9.488993831134318,-10.279229297501603,-9.788136867427946
ZNF33B,-9.3583660563038,-9.357211101234771,-9.63241557670887
BMS1,-9.710789664119194,-9.753117225927266,-9.744327765417218
CSGALNACT2,-10.60571851694524,-10.64183018717938,-10.693668838822706
HNRNPF,-9.096364294127435,-9.235159304940161,-9.181103655714796
ZNF487,-12.375902986778637,-12.235711953658493,-11.971489770759126
ZNF239,-12.98469809900591,-11.937685496909564,-12.076610774198713
ZNF485,-12.565958818326557,-12.489685037133373,-12.512108502673026
ZNF32,-10.833518546581479,-10.899724005487121,-10.701330130885802
CXCL12,-10.261812079768529,-10.640844872979097,-10.246714930059087
TMEM72-AS1,-11.263335079398924,-11.152073536066471,-11.248968489088458
RASSF4,-10.3206911299267,-10.406682400545106,-10.351927669961533
DEPP1,-12.219526909333755,-11.838476477386651,-12.183805815215356
ZNF22,-10.359884982401786,-10.324421491675308,-10.04398707489358
MARCHF8,-10.292659010071931,-10.257163165394793,-10.312766619713205
ZFAND4,-11.115622343609429,-11.073795264257928,-11.016329953651667
WASHC2C,-10.230974438392668,-10.188452816968024,-10.3113755521059
AGAP4,-11.846005952308008,-11.877951016228792,-12.075689062410982
ENSG00000290921,-9.848460750571805,-9.814229534117754,-9.913785764400549
TIMM23,-9.97748462324102,-10.052118563821038,-10.067415362414906
NCOA4,-9.122426840016068,-9.150726407842587,-9.009142051082026
LINC00842,-12.890516894013233,-12.956222589112903,-11.509957235216314
GLUD1P2,-11.599312774322685,-11.509899845570102,-11.652683313061424
BMS1P1,-10.708234815660372,-10.707749996702432,-10.83456690436557
AGAP9,-12.016872276873661,-11.90784743887817,-11.52196429982207
ENSG00000290453,-11.280485043770408,-11.058235527944762,-10.687711406615385
ENSG00000276850,-12.515903096619276,-13.098602752554394,-12.223381482067197
FRMPD2,-11.84335155994601,-13.21683324573435,-11.2452930462055
MAPK8,-8.303903705526288,-8.384515844738836,-8.267181520018466
ARHGAP22,-12.058306937814734,-12.534678534453718,-12.273540299107825
VSTM4,-12.360795250426571,-12.368787464234375,-12.796148454055668
C10orf71,-11.40537281348259,-11.340315139932468,-11.279727692203526
ERCC6,-10.183246317934241,-10.225784664242076,-10.23041062351124
OGDHL,-11.871417079731096,-11.97967442598403,-11.954301400619045
PARG,-9.676843308224239,-9.681815245782735,-9.734358792703
TIMM23B,-9.790749761736073,-9.766138243716737,-9.927888793975901
AGAP6,-11.261508498678051,-11.18859593667184,-11.464315773012318
WASHC2A,-10.30028321579405,-10.414779560081845,-10.607829605373427
SGMS1,-8.869788765705852,-9.265215821065134,-9.10762884345379
SGMS1-AS1,-12.480135225638403,-12.576523218568962,-12.393754488579534
ASAH2B,-11.387606182751123,-11.408833289658867,-11.30219315736443
PRKG1,-8.239627014272193,-8.151170251815167,-8.588169279180137
CSTF2T,-11.03080220418602,-11.031567272761283,-11.079403973112612
PRKG1-AS1,-12.027835864004654,-12.764504091344168,-12.374233033124115
DKK1,-11.545846340286062,-11.46403356475202,-12.183239808915815
PCDH15,-11.51683350976298,-11.074190091842793,-11.270981418199586
ZWINT,-10.908856008867646,-11.823069101583032,-11.348588079668684
IPMK,-10.333407733086572,-10.385371136777664,-10.469558302170363
CISD1,-9.008424430935996,-9.107650225708001,-8.862883359958547
UBE2D1,-9.874339169813153,-9.891472337913246,-9.812407414273059
TFAM,-9.238076496577385,-9.373388616631233,-9.184941561894016
BICC1,-8.710996360297349,-8.643591346323758,-8.998686744134078
FAM13C,-9.743694969063974,-10.643242288526602,-10.054856143510875
SLC16A9,-11.115069254549617,-11.533456244841906,-11.046967915480105
CCDC6,-9.273090452900188,-9.4265725396712,-9.211440442730543
ANK3,-7.6222272086375025,-7.646850374806509,-8.100770704679272
CDK1,-10.481301033301069,-11.117126999986388,-10.876328276438635
RHOBTB1,-10.834417216523883,-10.97188294999792,-10.76703286396004
CABCOCO1,-11.759823456841804,-11.365016474716285,-13.04309609093998
ARID5B,-11.059363874276864,-11.232904187086078,-11.078180836443364
RTKN2,-11.168717403677984,-11.6396949409276,-11.393308919746298
ADO,-11.131174629690161,-11.23782201164898,-11.171821564428225
NRBF2,-10.361221205220565,-10.280815683033122,-10.3509930861764
JMJD1C,-7.311987660493823,-7.295067741072826,-7.494993682477638
JMJD1C-AS1,-12.41551514382217,-12.89035250343827,-12.7462210068814
REEP3,-8.95273845120833,-8.931514826000791,-9.021129292573631
ENSG00000228566,-12.716857693153678,-12.491705424353126,-12.69795565326669
LINC01515,-10.18966658182566,-9.658065626731345,-8.653602551794995
CTNNA3,-5.90785341285138,-5.794276163978391,-6.295156511958619
LRRTM3,-9.66413849265528,-9.424839601996329,-9.28325638684256
SIRT1,-9.859810431541908,-9.95263652573167,-10.025834112804555
HERC4,-8.709377448301543,-8.671831398000277,-8.811672874936459
MYPN,-11.558142615328238,-11.456517469437564,-11.40697752438529
PBLD,-11.47421567610725,-11.509065257499412,-11.889222031606723
HNRNPH3,-8.65942737347195,-8.822044370338316,-8.793714581244815
RUFY2,-9.890857728613371,-9.876759551250482,-10.058704317776696
DNA2,-10.78615728435935,-11.180046987878338,-11.222456141713419
SLC25A16,-10.678339958723527,-10.683559740466047,-10.900588979104958
TET1,-8.009658293586478,-8.296451197369853,-8.2718801305892
ENSG00000260400,-10.855172178441954,-11.140259540863743,-11.29292531014136
CCAR1,-8.696276375139592,-8.782676258187994,-8.844775261440681
STOX1,-11.493134090349056,-11.324916561692584,-11.721941771796228
DDX50,-9.372633399341005,-9.526321901290876,-9.490113314679082
DDX21,-9.356433731359251,-9.496442286506342,-9.413457665364154
KIFBP,-10.14151815317331,-10.147461067103078,-10.206959009131463
VPS26A,-9.718718357246113,-9.847817143656826,-9.842158171231135
SUPV3L1,-10.516996564831524,-10.607008287671977,-10.730443199566368
HK1,-9.051966298959238,-9.238719780668495,-9.007486333016661
TSPAN15,-10.276778804688837,-10.831586961662177,-9.898089016533914
ENSG00000287306,-11.541457698460977,-11.189591539332783,-10.879635431555052
FAM241B,-11.345423435654391,-11.8119289927035,-11.339097527872719
COL13A1,-10.022201115845139,-10.075716538664834,-9.769891979887763
MACROH2A2,-8.971327554242142,-9.09700841323801,-9.176361192726565
AIFM2,-12.682444659690026,-12.720802164367386,-12.55819398290793
TYSND1,-12.036001696298984,-12.161877959237785,-12.042383294842075
SAR1A,-9.753263337602718,-9.813444950489455,-9.840458458096839
PPA1,-9.675452271401529,-9.936079602559648,-9.556772434061209
LRRC20,-11.366837862225184,-10.98330361743481,-11.130079283835077
EIF4EBP2,-9.490206131370906,-9.54709297290508,-9.619431496895395
PALD1,-12.143976213995922,-12.76531876328112,-12.067944874956643
SGPL1,-9.96286605971284,-10.01176575588333,-10.073556140194707
PCBD1,-9.26113894117463,-9.303829638294957,-9.281242661239197
UNC5B,-9.439586000857386,-9.378544381270824,-9.35679319299212
UNC5B-AS1,-11.159633396317993,-10.974956330098843,-10.370545268294812
SLC29A3,-12.744642019474787,-12.92131734664313,-12.362104355887656
PSAP,-8.735838698839386,-8.730179976332916,-8.751313332988586
CHST3,-11.581055046337076,-11.937864072005143,-11.977321657641271
ASCC1,-10.101564061986645,-10.16291147732274,-10.155023320984142
ANAPC16,-8.643045803616474,-8.749595727130135,-8.626518613669495
DDIT4,-9.956449211161459,-10.887153659408462,-9.584763642605266
DNAJB12,-10.566109705490463,-10.684845631677476,-10.741156253872266
MICU1,-9.230026966775608,-9.348586567188175,-9.395611872613573
MCU,-9.859336244245004,-9.984000866293973,-9.915085485270602
P4HA1,-8.554761402160292,-8.750163258877873,-8.545559605029633
NUDT13,-12.533729766482713,-12.609830343474563,-12.496093364260632
ECD,-10.107576983412647,-10.136619109260614,-10.214650599082331
FAM149B1,-10.478532681027874,-10.354047175147967,-10.538533763619744
DNAJC9,-9.811129689684686,-10.071135219330177,-10.000294223883879
MRPS16,-9.642709077920241,-9.794827825338047,-9.77892634754627
DNAJC9-AS1.1,-12.866496770994011,-13.003549703924502,-12.908683129308681
CFAP70,-10.620709226926317,-11.263943637932064,-10.69159874797458
ANXA7,-9.862425649911264,-9.99466216972217,-9.997879747372522
MSS51,-12.114393738663866,-12.253285674302235,-12.347986271694909
PPP3CB,-9.439565221157071,-9.4964202072874,-9.701040139914415
PPP3CB-AS1,-12.864146391837314,-12.883640778928518,-13.032540809268852
USP54,-10.42037076022454,-10.447643089838905,-10.539211730145416
ENSG00000268584,-12.529244886832716,-12.666385813875111,-12.821496181078224
MYOZ1,-12.554488782059328,-11.889352489961867,-12.505129379048082
SYNPO2L,-10.234252104187226,-9.612866122131136,-10.286382040455658
SYNPO2L-AS1,-12.906496391715782,-12.42653486463138,-12.736559057944294
AGAP5,-12.148967691410965,-12.080008475793102,-12.144277900010467
ENSG00000272140,-13.060367389704252,-13.058848165102814,-13.130781854307129
ENSG00000290737,-11.368258429130657,-11.282033544439276,-11.410278145761385
GLUD1P3,-11.079840113744513,-11.032795174997592,-11.377008683876737
SEC24C,-10.91195935813446,-10.982788071227924,-11.068211685866734
FUT11,-10.092898727805766,-10.37407870891161,-10.323931365940958
CHCHD1,-9.873173026471715,-10.071211506218727,-9.958069155563466
ZSWIM8,-11.132755746798686,-11.125098322633812,-11.262076253458876
NDST2,-12.494366799403318,-12.457260952315574,-12.56098007713645
CAMK2G,-10.403867951202841,-10.248611848112422,-10.588396937930222
VCL,-8.276998722542027,-8.099302534164806,-8.367677019146868
AP3M1,-10.268518057976943,-10.349234167187792,-10.380243793549035
ADK,-8.38788858425938,-8.51519578008331,-8.54385316622047
KAT6B,-8.230185052467647,-8.35589848314792,-8.423212607949878
SAMD8,-10.444584039765854,-10.411531603777,-10.50140825257839
VDAC2,-8.310318017830003,-8.396875189821188,-8.355781499792341
COMTD1,-10.618571413444023,-11.205818674035138,-10.678289515887029
ZNF503,-10.179458102368468,-9.943690144936946,-9.578188392424485
ZNF503-AS2,-12.284432114655969,-11.652661535813023,-11.69452608338778
LRMDA,-9.244196717350366,-8.970095493500173,-9.136792967607029
KCNMA1,-11.753493779423724,-11.315295745008164,-11.796005249538378
DLG5,-10.205339757719033,-10.294808822423612,-10.48827301233062
POLR3A,-9.986305560918636,-10.014459998308963,-10.060848324561842
RPS24,-6.290560309139855,-6.381561476541346,-6.270972368342145
ZMIZ1,-9.115887592709502,-9.250023077948661,-9.234454668239946
PPIF,-9.780063787136818,-10.116751092165002,-9.526972249556453
ZCCHC24,-9.706630953642463,-9.910667144443348,-9.96547223275664
NUTM2B-AS1,-9.169256404112126,-9.204099028956978,-9.52106128187437
ENSG00000272447,-12.146466388945411,-12.166635694114403,-12.110783490147
NUTM2E,-12.244601194131826,-12.190564283485765,-12.417388997201266
ENSG00000283913,-11.173529827032798,-11.333885461450244,-11.393765307567037
TMEM254,-11.697472867207617,-11.731399527498827,-11.803660179711848
ANXA11,-10.347774843641554,-10.47383823037738,-10.235241416975532
PRXL2A,-9.165101547697349,-9.055391587102937,-8.971688464642392
TSPAN14,-10.798046528788877,-10.746543091959065,-10.850239037796536
NRG3,-9.136312485332763,-9.340775212636787,-9.78889848742887
GHITM,-8.875096138470077,-8.930973836880685,-8.792236779830708
CCSER2,-9.17234030347994,-9.210243208884048,-9.212644171372895
GRID1,-9.131867524283253,-9.68985247366811,-9.401481457676553
WAPL,-9.07200782270474,-9.10219762630594,-9.176185678842096
LDB3,-7.612589132031489,-7.69319010107679,-7.674553361986998
BMPR1A,-8.331334891877933,-8.225983726609126,-8.547815326323292
GLUD1,-9.389975029475245,-9.519225964260142,-9.503979923877177
SHLD2,-9.564009231162862,-9.58773185797965,-9.731080768244336
NUTM2A-AS1,-9.515736299524646,-9.300649211411224,-9.407595287741326
LINC00863,-11.515885172229455,-11.398803427705008,-11.791735673867871
MINPP1,-10.230403862354004,-10.450350742457086,-10.598480498307888
PAPSS2,-11.824777708164492,-11.97703276018517,-11.922523227213176
ATAD1,-8.946518762678892,-8.929155605172964,-8.978230696496716
CFL1P1,-11.960639892844439,-11.902857802560428,-12.01526947659907
PTEN,-8.500075655338081,-8.518055200924449,-8.75754747068683
RNLS,-10.99497376194,-11.12656331336214,-10.409943176001496
STAMBPL1,-9.865600912916156,-10.073758373308046,-9.9990428984429
ACTA2,-7.129568395309346,-7.422793442184232,-7.357902048713514
FAS,-12.367208332108962,-13.022315766928722,-12.890597551146854
LIPA,-10.41429619303431,-10.470896179909124,-10.2872359431687
IFIT1,-10.563870362060557,-10.840589291113547,-10.816662455647906
IFIT5,-11.873059313595382,-11.708035338185462,-11.135235811031762
SLC16A12,-10.249494033312978,-10.196207803246402,-9.755224086754863
PANK1,-9.87335670377835,-9.978729767447367,-10.147066479830736
ENSG00000235100,-12.099707982987127,-12.362389725719721,-12.157566956631541
KIF20B,-9.893810140633,-10.306779618038545,-10.203264048577353
RPP30,-9.879100104435041,-10.14613231325871,-10.131453012914852
ANKRD1,-8.012350591503267,-7.530433064100616,-8.646931177470702
PCGF5,-9.168563877117228,-9.163607782068093,-9.78210472926567
ENSG00000289228,-11.605147921938489,-11.292268334651002,-10.985667841422128
HECTD2,-9.41606391048829,-9.315815755489462,-9.973359585551318
PPP1R3C,-10.07842419913821,-9.932680305971886,-9.688894389783455
TNKS2,-8.770651762368656,-8.825221605640285,-8.873658168501676
FGFBP3,-11.85281162209809,-11.854455608424706,-12.279805186038105
BTAF1,-9.151275751544196,-9.157980110150968,-9.283125483600482
CPEB3,-9.485707875800582,-9.545602740568826,-9.651923713978373
MARCHF5,-9.72274593593638,-9.677036681813698,-9.724720559458182
IDE,-9.72662744295438,-9.639847663660554,-9.820824110137915
KIF11,-10.33451971575868,-10.873065157935699,-10.701385955626664
EXOC6,-9.372536199997601,-9.349374789471941,-9.482479743234123
MYOF,-9.418387140748122,-9.253387818018584,-10.597352369533345
CEP55,-11.062128230340138,-11.650482127037888,-11.582164867313402
RBP4,-12.271976903198347,-12.538158791886309,-12.896724288786656
FRA10AC1,-9.846461229932439,-9.872258907012146,-9.811048160819034
SLC35G1,-11.300554019679216,-10.858322815813635,-10.927698673565645
PLCE1,-11.434646239121625,-10.939254280946727,-10.896554766850679
NOC3L,-10.241792151006557,-10.37120491171373,-10.158526256867537
TBC1D12,-10.76003629741911,-10.70180814112867,-10.701525462881243
HELLS,-9.556393229281571,-9.886579637784193,-9.878982956622227
ENSG00000288526,-12.741492470091464,-12.781668297773047,-12.595194357568062
PDLIM1,-9.122611590812026,-9.237589490382986,-9.380077050821436
SORBS1,-9.130343447636081,-9.392890546350404,-9.727684699766824
ALDH18A1,-10.415159097790571,-10.566207579579304,-10.5205600218824
TCTN3,-10.564352759674845,-10.471357208244406,-10.560541920388415
ENTPD1-AS1,-10.501163390534753,-10.392209760520226,-9.837622093746374
CC2D2B,-12.869939126633987,-13.167919706690624,-13.089100315664158
CCNJ,-10.552586299252821,-10.584330147171206,-10.612314426508151
ZNF518A,-8.810520641096067,-8.83006922256749,-8.893884827577207
TM9SF3,-8.831182246435935,-8.731509005832642,-9.008189262454938
LCOR,-8.869362925762308,-8.826749148775018,-8.934279244510945
SLIT1,-11.844728256271763,-12.074748146593958,-12.362950269173497
ARHGAP19,-10.622337927046173,-10.696831295719383,-10.670400697097465
FRAT1,-12.721388904865996,-12.632072972710425,-12.783948950832258
FRAT2,-11.4258623788315,-11.464460575391904,-11.569398168807838
RRP12,-11.682973910398367,-11.566259459195605,-11.885563439338034
PGAM1,-9.011861459580777,-9.151916257025777,-8.839860228855208
EXOSC1,-10.5093617331958,-10.623723599460591,-10.69209710250628
ZDHHC16,-11.12810078972605,-11.142799295629999,-11.212624642700815
MMS19,-10.528797091247556,-10.567059545063115,-10.632047885478242
UBTD1,-12.591076602927002,-12.326616310529642,-12.543683338905998
MORN4,-11.125639705464353,-11.061897908182422,-10.987915618230222
PI4K2A,-11.141598588410547,-11.129301490265911,-11.146553141181776
AVPI1,-12.368160039311165,-12.348229468254571,-12.592936301048836
MARVELD1,-11.287873333707235,-11.09926974589229,-11.772743788060087
ZFYVE27,-10.98457441745013,-10.878512804284318,-10.980053478033177
SFRP5,-12.1576302115202,-11.871246621874883,-10.333637300113272
R3HCC1L,-9.971472534767123,-10.066457752530857,-10.09428509148443
PYROXD2,-11.157794667559413,-11.757152314615546,-10.996864290503254
HPS1,-10.728091785979094,-10.83658803779936,-10.629118245194745
HPSE2,-8.817089718107232,-9.59551047859098,-9.447994834244161
CNNM1,-12.69090059195784,-13.131544454341762,-12.957268749198423
GOT1,-9.576782159591685,-9.604234060781742,-9.392959899636924
GOT1-DT,-12.43328395939643,-12.174166239927823,-12.058162348227597
SLC25A28,-11.181418972846421,-11.21595220199798,-11.10740381545467
ENTPD7,-11.608446921322322,-11.556904305798648,-11.560531891643105
CUTC,-10.734416947299618,-10.848059097715876,-10.74562031088822
COX15,-10.288952059054427,-10.38798048162544,-10.397843940625508
DNMBP,-10.377507552325712,-10.433975729989344,-10.480491303228762
ERLIN1,-10.961548985130396,-11.019533356916057,-10.975136007007455
CHUK,-10.800071119307342,-10.765430419869013,-10.871680728180499
CWF19L1,-10.558913632955752,-10.645506520068245,-10.79892961316539
BLOC1S2,-10.37849090720711,-10.534326139091851,-10.365533375777217
SCD,-9.7673137620211,-9.727108806091238,-9.812940870121635
OLMALINC,-11.16990437164774,-10.825607085762632,-10.986001318449745
SEC31B,-11.019632884463016,-11.163462249927779,-11.312247664108726
NDUFB8,-8.708150425810551,-8.84282251890596,-8.694762783116108
HIF1AN,-10.677070694688165,-10.661334786593361,-10.824421186821423
SLF2,-8.809641642160157,-9.055216658980383,-8.815297873265502
MRPL43,-9.82703909073112,-9.906767625221185,-9.858961296574778
SEMA4G,-12.482544896503109,-12.58579520647578,-12.544725869124537
TWNK,-11.732422812425828,-11.972003697363668,-12.016130263941925
LZTS2,-10.631521837042289,-10.779527394732792,-10.769763130357163
BTRC,-8.973576295633011,-8.995839370618635,-9.140577959617133
DPCD,-10.511995129654602,-10.623759461906458,-10.520980518926356
POLL,-11.429527093682658,-11.645991127248234,-11.640785408672814
FBXW4,-9.763892277804361,-9.634782032670673,-9.948325956079502
ENSG00000286489,-12.86861379011211,-12.78178382201667,-13.01477003284719
NPM3,-9.862347353117698,-9.944562489392611,-10.289095389759769
OGA,-8.703272632407437,-8.690309313275744,-8.95772716358237
KCNIP2,-12.405945995583798,-11.756999518926564,-11.993296825774143
ARMH3,-9.76807142814411,-9.794133643944642,-9.985518929347135
HPS6,-12.49327159195624,-12.508933752851496,-12.156505048335056
LDB1,-10.39949339484658,-10.474339593856948,-10.647850157282962
PPRC1,-11.073578526001382,-11.200883694200266,-11.360736070983814
NOLC1,-9.41462343040611,-9.56439742181847,-9.508632583081104
GBF1,-9.32407603753877,-9.302130466123469,-9.57610126132396
NFKB2,-12.486664591488571,-12.572843023871457,-12.645392708928284
PSD,-11.656667962261919,-12.12409307194146,-11.763844644869453
FBXL15,-11.295301270656237,-11.505819284679907,-11.297303097107893
CUEDC2,-10.070300785976345,-10.27678057519603,-10.111443798901174
C10orf95-AS1,-11.494005525334856,-11.727223529020563,-11.639440683800066
ACTR1A,-10.097355637670878,-10.24566197776553,-10.194063200231646
SUFU,-10.473714353518641,-10.613401551463019,-10.626758543539788
TRIM8,-10.329421624020659,-10.299870374628764,-10.557122438543603
ARL3,-9.036519891695807,-9.051456702401577,-9.02258571807822
SFXN2,-11.030740408164423,-11.138564862166769,-11.387564565866544
WBP1L,-10.749529502265547,-10.73921325782531,-11.011247241205899
BORCS7,-10.126845535686426,-10.227737112043794,-10.446750716516723
AS3MT,-10.788206865259578,-11.210551971257159,-10.873526654713793
CNNM2,-10.465043937042426,-10.477386272026667,-11.086689164366168
NT5C2,-9.02432250945278,-8.876050455947325,-9.46961548558855
PCGF6,-10.290230611736776,-10.385287608490062,-10.369596032256537
TAF5,-11.885428440915259,-12.294533044227542,-12.132819189750837
ATP5MK,-8.476626099173275,-8.618614728251742,-8.52559713632825
PDCD11,-10.229739162943321,-10.295060231515071,-10.294509863558465
SH3PXD2A,-8.89909381330444,-8.946196913836149,-8.842348932534042
STN1,-10.799729458143448,-10.901214478868516,-10.800301642834564
SLK,-9.086599831385918,-9.121423762496523,-8.973297987836338
SFR1,-11.960786693336614,-12.158963179090856,-12.069644162834283
CFAP43,-12.309927500228047,-12.468408214280288,-12.02651936736621
GSTO1,-8.856004338347285,-9.652324135344212,-8.736445888675666
GSTO2,-13.124317706557132,-12.99380754872365,-12.799117741605992
ITPRIP,-10.821789806718378,-10.662928756066764,-11.076738213859793
CFAP58,-12.21562721267779,-11.800469379490435,-12.213462333271915
SORCS3,-8.699895296159921,-8.721431528296547,-8.699412868684178
SORCS1,-8.048677317705517,-8.048938441945852,-8.448452056988696
XPNPEP1,-10.38851606051601,-10.492348040838507,-10.469766578571203
ADD3-AS1,-12.339902931932714,-12.252562636653675,-12.221237085686367
ADD3,-8.501096220890453,-8.60484303360027,-8.638818357197572
MXI1,-8.843394889914684,-9.111416684142418,-9.122351913710029
SMNDC1,-9.668919215719537,-9.691354327701356,-9.672179533652033
DUSP5-DT,-13.001633959834079,-12.773540421553811,-12.885953701489486
DUSP5,-9.492053945247006,-9.587376876874323,-9.48739040670453
SMC3,-8.226210107942238,-8.376830699326884,-8.45246399836312
RBM20,-7.765596038208049,-7.7851384618572075,-8.214953615637686
PDCD4-AS1,-12.948340494193348,-12.694425040252714,-13.084246418072443
PDCD4,-9.076365812756736,-9.181088561404614,-9.47251619328599
BBIP1,-10.480713098171066,-10.460080336308602,-10.614045654906947
SHOC2,-8.798549803775698,-8.762864890636497,-8.980983754152144
ENSG00000287231,-12.188945063569358,-11.468168749477,-11.718028657912715
GPAM,-10.555873665798705,-10.447926295542198,-10.406435015086888
ZDHHC6,-10.710069755800662,-10.809557289821562,-10.830132857947497
VTI1A,-8.880819551513833,-8.8859712339341,-9.081485354715452
TCF7L2,-8.144314564800382,-8.487699014600148,-8.726175240839195
CASP7,-12.00985278456576,-12.130381587579631,-12.34411697165819
DCLRE1A,-11.8417078218256,-11.971755198624136,-11.932584557146294
NHLRC2,-9.184665622690776,-9.21646210839405,-9.261726946509613
CCDC186,-9.730410062346756,-9.821531181664774,-9.946376688160534
AFAP1L2,-12.691434187798366,-13.307405034972431,-12.360391553756875
ABLIM1,-7.687919831435207,-8.00222142229162,-7.437389353350962
FHIP2A,-10.059984549393628,-10.169525540979212,-9.865319965228265
TRUB1,-10.544686311794646,-10.711137444307942,-10.739125353979938
ATRNL1,-9.576328035528016,-10.096271808518194,-10.149980749190014
GFRA1,-12.361469003058135,-12.27701952537034,-12.82440204177869
C10orf82,-11.951599799728902,-12.763602296316359,-11.854061570035025
HSPA12A,-10.714398447939303,-11.4086209144093,-10.738910858010243
ENO4,-12.408659787196767,-12.496328194732333,-12.48275203258479
SHTN1,-9.991706987891272,-10.237128641998602,-10.317582282609857
PDZD8,-9.582987924014441,-9.72708853231802,-9.77204160294136
RAB11FIP2,-9.873377473848976,-9.873272574283227,-9.836861642952526
CASC2,-10.746022509849086,-10.88883416118482,-10.81934651917313
FAM204A,-9.43235318214216,-9.547412054273103,-9.576345963123764
LINC00867,-12.86169217511142,-12.92153128598014,-13.115054189262988
CACUL1,-9.318852173739266,-9.31141565389189,-9.459579041577127
NANOS1,-13.201692752175171,-12.873543385531782,-12.872024815773257
EIF3A,-7.903412882802082,-8.02805318172904,-8.004027336514508
DENND10,-10.00966492642783,-10.067634958381408,-10.05037297071865
SFXN4,-10.187223361554448,-10.27815808614857,-10.322218999633982
PRDX3,-9.044354784550702,-9.091824380143569,-9.103496293498997
GRK5,-10.353235613316414,-10.198524090582817,-9.827032420610758
TIAL1,-9.282367713143177,-9.294002716092582,-9.402808015442767
BAG3,-10.31097410116356,-10.497564702082066,-10.232288969334363
INPP5F,-10.42875374226877,-10.420504455688762,-10.200510887691982
MCMBP,-10.178234320205659,-10.323742439620617,-10.261615245488732
SEC23IP,-9.800764557797278,-9.870254032671305,-9.96696002313778
WDR11-DT,-11.508629539829972,-11.679930925008206,-11.583786706314925
WDR11,-9.891586733198752,-9.936957057115434,-10.061548987126702
FGFR2,-9.665137252707304,-9.75963292239387,-9.474955325267175
ATE1,-8.805135692938956,-8.905697593558891,-8.890045236928346
NSMCE4A,-10.138153508769678,-10.30502059268778,-10.227950410908624
TACC2,-8.806125510184247,-9.081452086777592,-8.745884153968287
PLEKHA1,-9.850976841904643,-9.829347831929066,-9.820884870030184
HTRA1,-9.831706543713569,-9.984692627835981,-9.958887427690263
C10orf88,-10.88504070575274,-10.76394005976057,-10.892108672077983
PSTK,-11.042567122933667,-11.080556505340555,-11.19335353612261
IKZF5,-11.10218698226872,-11.178556195637592,-11.314846033401327
ACADSB,-10.266835872409224,-10.121643697102877,-10.12142297073534
BUB3,-9.679529930593116,-9.957375458395417,-9.88805044777921
LINC02641,-11.580236763243612,-11.25747784259137,-11.330559274139526
OAT,-10.827212937545813,-10.988640991019995,-10.633717050835068
LHPP,-10.90059304344251,-11.087087329421488,-10.994934805050738
FAM53B,-11.204933605738566,-11.595277513935452,-11.447730462341655
EEF1AKMT2,-10.130717007323465,-10.251478060181878,-10.279502537983797
ABRAXAS2,-10.534814812905973,-10.56357676089745,-10.641631914202696
ENSG00000249456,-10.740511891126586,-10.724131494919611,-10.878869077572777
ZRANB1,-9.714048840449435,-9.739868794215814,-9.924200114861328
CTBP2,-9.008848427629898,-9.071469915933,-9.210828948063027
EDRF1,-10.022333982435748,-10.000606335908705,-10.661507828575258
UROS,-9.66908490208951,-9.829959065413238,-9.758671931651573
BCCIP,-9.29922206069398,-9.483992952487702,-9.396552241196222
DHX32,-9.585867085914968,-9.516099745452099,-9.460991319873731
FANK1,-11.037018773291269,-11.036008872313857,-10.889055741368907
ADAM12,-12.50807147056822,-12.617169104456439,-11.831627238809784
DOCK1,-8.800163569182605,-8.881934427537272,-9.068886921558553
INSYN2A,-12.23793206382252,-12.692753142770087,-12.23830423878458
PTPRE,-11.602339650043204,-12.05730072006451,-11.749042963724758
MKI67,-9.434150077292239,-10.05775897252721,-10.107002837357383
MGMT,-10.023011822517338,-9.833839689180538,-9.83328656104508
LINC02666,-11.810703455595279,-11.518654259750651,-11.68673970328761
C10orf143,-12.608942145611312,-12.364347112960585,-12.577163302239482
GLRX3,-9.414212211785758,-9.587886489415812,-9.514816333081818
LINC02646,-12.01953465975566,-11.446328617703701,-12.171018150332015
TCERG1L,-12.253896121924424,-12.685811302669885,-12.591904933044576
PPP2R2D,-9.824462549087484,-9.869591692099155,-9.932395640982955
BNIP3,-7.996361689477123,-8.225152832691611,-7.457063409801852
DPYSL4,-12.646957939145079,-12.94038557500714,-12.383279178922962
STK32C,-11.50371601231015,-11.557454393561517,-11.512683478960962
LRRC27,-11.37322976975423,-11.248477857353322,-11.345941341027485
PWWP2B,-12.554918668050464,-12.654554862059529,-12.626394565091383
ENSG00000226900,-10.995490467595747,-10.979595347356279,-10.323409730381409
INPP5A,-9.375499530162381,-9.46708439777291,-9.581623332596767
CFAP46,-11.003026178309218,-11.147714980016794,-11.00020110124881
KNDC1,-11.378833267195859,-11.448801325937982,-11.522727587553875
TUBGCP2,-9.528191205456583,-9.537479198679945,-9.655106436620173
ZNF511,-10.028617627210963,-10.044813840659838,-10.042588957516909
FUOM,-11.437669033998725,-11.588491399231748,-11.87805766652219
ECHS1,-9.182657403338146,-9.378415720435632,-9.264629040676969
PAOX,-12.087747251538422,-12.135435038328547,-12.53519308421236
MTG1,-9.832281809927927,-9.894946701079268,-10.000814396888792
SCART1,-12.306553351931825,-11.907016713593515,-12.47809284020969
BET1L,-11.513332922707328,-11.650399058285617,-11.71013204096508
RIC8A,-11.250685290360419,-11.297939843491173,-11.425691847218848
SIRT3,-11.12799966681008,-11.163683461458644,-11.270638487556502
PSMD13,-10.0332791665317,-10.23311243672956,-10.154298148343955
PGGHG,-12.111285791504224,-11.904157134633817,-12.440690722215491
IFITM2,-9.928883020464149,-10.05709039190106,-10.054966694265023
IFITM1,-10.758263829021157,-10.583494318457292,-10.831197121630435
IFITM3,-8.525104139311512,-8.64559592590374,-8.706190902332958
B4GALNT4,-12.072389501484528,-12.342085356575504,-12.23458789436824
SIGIRR,-11.445418823545156,-10.89810065018617,-10.677546723241774
PTDSS2,-10.830026526226991,-10.895057564605686,-10.929565272206105
RNH1,-10.153898372676084,-10.171732102991028,-10.244863951772466
HRAS,-10.740577125493143,-10.905272103913974,-11.026892535816057
RASSF7,-11.97617650960899,-12.159202511272133,-12.112473957817247
MIR210HG,-11.46882933943536,-11.834821419531632,-11.285774414700905
PHRF1,-10.684114228022182,-10.696371839692745,-10.886339078975762
SCT,-11.507171871615185,-11.127772706717439,-11.4482667865399
DEAF1,-10.313515965267891,-10.438928852541299,-10.603847627950238
EPS8L2,-12.947701210287011,-13.127670831506848,-12.78500884113376
TMEM80,-10.60233643136204,-10.566395116434226,-10.879731950527564
TALDO1,-9.401283945520664,-9.533338808997382,-9.509649690890738
GATD1,-11.092463252793317,-11.10507509975135,-11.294658084581512
GATD1-DT,-11.186607853406683,-11.173368506044488,-11.243810900626686
SLC25A22,-12.720697615277091,-12.653823632469381,-12.512721689852286
RPLP2,-6.778475075459888,-6.928930053799844,-6.889376396371536
PNPLA2,-10.730816418161902,-10.782457028936824,-10.971460324766293
CRACR2B,-12.288089920374906,-12.026437228594965,-12.304102472522127
CD151,-9.999412658072632,-10.213500559056417,-9.947961340558578
POLR2L,-8.936096494839152,-8.890321835425972,-9.145927531739144
TSPAN4,-10.872746758416874,-10.944258735420863,-11.050634707261434
CHID1,-10.128119350829945,-10.220117634752734,-10.20096565634634
AP2A2,-9.954336687750823,-10.008368244161392,-10.03520112828731
TOLLIP,-11.114536699462045,-11.33393042021094,-11.143867833760702
MOB2,-11.020289624964754,-11.010874471220479,-11.154582445197379
CTSD,-10.255049194089228,-10.366202175170388,-10.372797610119283
MRPL23,-10.85519762631783,-11.122263232214403,-10.915556056111864
H19,-10.026816451316856,-10.339474380681402,-9.742443814254191
IGF2,-10.884373692037167,-10.974864348461546,-10.364826315295593
TSPAN32,-11.480843846808305,-11.072219026795205,-11.337073739945746
CD81,-8.941772395695608,-8.93857265097054,-9.023736514619006
TSSC4,-10.864398788537516,-10.994208611641817,-11.125148191256844
KCNQ1,-11.22024412794072,-11.64148022799645,-11.296168500613616
KCNQ1OT1,-7.943539693782127,-8.057957683724169,-8.086351151901493
CDKN1C,-9.230615523356299,-9.449610913755905,-9.542910884603707
SLC22A18,-12.467779464772022,-12.344933318771218,-12.254775461203229
NAP1L4,-8.484034858985023,-8.584455873005425,-8.588905565323769
CARS1,-10.86220810789663,-10.935917847369735,-10.871161782576177
OSBPL5,-11.159552452490201,-11.455266760920049,-11.486733932757883
ZNF195,-10.178711264287156,-10.247969329892237,-10.305106485518452
ENSG00000290960,-13.178278708599896,-12.746470013119524,-13.017104579939623
ENSG00000255367,-10.964547320587428,-10.436288434023309,-11.341329982331613
ART5,-11.668660548378638,-11.007223133386036,-12.08648420760158
NUP98,-9.678411325730268,-9.585612597146191,-9.82168183381787
PGAP2,-11.004524234920872,-10.85606393516155,-10.983035593964548
RHOG,-11.597304418125272,-11.758131647383598,-11.753187237770149
STIM1,-10.501144113958581,-10.360068177539363,-10.753176529069577
RRM1,-10.050574830276913,-10.505253904948313,-10.320068509260942
TRIM21,-12.99003663032838,-13.103329292185432,-12.575815386967896
TRIM68,-12.97322862302829,-13.209391183723726,-12.884449380097662
HBG2,-12.08784823509342,-12.721246305891844,-12.639136442109498
HBE1,-10.237463144470714,-10.942462390876562,-10.817140854989713
TRIM6,-13.045158010495232,-13.185034829278997,-12.281761460094133
TRIM5,-10.546405435010334,-10.659746469482197,-10.250893584134044
FHIP1B,-11.566929913030833,-11.430967658336375,-11.358210143175498
CCKBR,-13.058660660060076,-12.828875531738856,-12.223988914637038
CAVIN3,-11.25586105423148,-11.42643610546737,-10.989469675329891
ENSG00000282556,-10.506047940044388,-10.229943117973393,-10.040461986890806
SMPD1,-12.098558842756738,-11.914598305892358,-11.963768743761346
APBB1,-10.540204310164192,-10.678471753537778,-10.758732746642302
TRIM3,-12.5542891022796,-12.413573540602556,-12.614782266731131
ARFIP2,-11.11153774662717,-11.373857922345115,-11.290881977657504
TIMM10B,-10.933063896231324,-10.976701225745593,-11.011645184617818
DNHD1,-10.778408287482035,-10.73981488026864,-11.031964031492379
RRP8,-10.774989587878837,-10.7997974339971,-11.010184988466326
ILK,-9.656233751411344,-9.5978349259397,-9.778710812749713
TAF10,-9.444199827223233,-9.56739868337571,-9.655299329513879
TPP1,-11.479347839107865,-11.372995294499301,-11.56940568541822
DCHS1,-11.43232597400792,-11.606826967999261,-11.638939993657978
MRPL17,-10.017104570617692,-10.184257637040535,-10.244038205459693
ENSG00000283415,-11.548425821316178,-11.840755240755803,-11.567942226412137
ZNF215,-12.66134142414032,-13.03921111278381,-12.328647533499465
ZNF214,-11.97128700485442,-11.645855480408377,-11.817758043412477
SYT9,-10.018045863328185,-11.418888144715613,-11.6930838677995
SYT9-AS1,-12.329462915418988,-12.26193417988618,-12.222912949716859
PPFIBP2,-11.932635882112757,-12.075225935458958,-11.966520683575506
EIF3F,-8.152408927194866,-8.314979325878296,-8.333917797595088
TUB,-11.901509929226362,-11.845960419635238,-12.108600156779392
RIC3,-10.627744560983304,-10.830656080205038,-10.995759712676435
STK33,-8.768211780249867,-8.941862505330679,-8.897690621421939
TRIM66,-11.37373484890794,-11.528341364605156,-11.449849666171625
RPL27A,-6.869606941145417,-7.01445396393371,-6.978502575946845
DENND2B,-9.963507089055527,-9.93453693403579,-10.330020581029212
AKIP1,-11.351822292705481,-11.379642636336493,-11.451123749947822
TMEM9B,-10.885282983523867,-10.780375581956077,-10.953343968940077
TMEM9B-AS1,-11.796565148980996,-11.336619533511577,-11.235838950712193
SCUBE2,-12.220747779677652,-12.05097654195061,-12.726013634603756
DENND5A,-9.097357975745181,-9.017193616750328,-9.168115902329479
TMEM41B,-9.2126881861299,-9.148180699076587,-9.338311606328277
IPO7,-8.448405727524763,-8.442068199713953,-8.629967033066665
ZNF143,-10.531226527646224,-10.511370410870663,-10.626248288542877
WEE1,-9.427685529703924,-9.344579435896355,-9.456208619625455
SWAP70,-10.18928103985121,-10.084547707278805,-10.218843533771105
SBF2-AS1,-11.568911893079857,-11.674467111943773,-11.034505490103381
SBF2,-8.18907933063756,-8.232039640545967,-8.273904229347016
ENSG00000255476,-12.550304056349557,-12.456254664430949,-12.527181637428262
ADM,-11.374279361631018,-11.357965825783818,-10.668271734321655
AMPD3,-12.292815132625915,-12.911223301825755,-12.421394182852355
RNF141,-10.963294476927388,-11.053835821630912,-11.07937426443158
IRAG1,-11.611380598959999,-11.815570597213801,-11.633286252316447
CTR9,-9.67210229690434,-9.67354230069386,-9.65173583315392
EIF4G2,-7.649468318368642,-7.708776638237144,-7.810945566823316
ZBED5,-9.779658770434128,-9.844517907489628,-9.904407969408714
ZBED5-AS1,-11.90362133712312,-11.787162421652765,-11.951692448220037
GALNT18,-11.659983975465343,-11.602683987356063,-11.276631984963641
USP47,-8.335857612725242,-8.338670984228678,-8.355987424503509
DKK3,-9.613485584734176,-9.449212508319805,-9.347421781717312
MICAL2,-9.394403118010057,-9.350660841153363,-9.261179386344306
PARVA,-9.487394293391738,-9.53838920448203,-9.730768732528546
TEAD1,-8.38771571736986,-8.440004399690316,-8.486501371581829
BMAL1,-11.750669520705692,-11.952735129883473,-11.668778461935903
BTBD10,-9.904835703902734,-9.841376717452505,-9.894720081300624
FAR1,-9.329169107592994,-9.319927503249197,-9.281144008116934
SPON1,-11.482435293229578,-10.983436843368253,-10.866653863002357
RRAS2,-9.381340569896942,-9.368798756778649,-9.542094104579958
COPB1,-9.07792690085587,-9.066812502693132,-9.121851286775819
PSMA1,-8.666845657494289,-8.776493014061796,-8.686237243651941
PDE3B,-9.369034854980912,-9.545236492922541,-9.409749672729617
CYP2R1,-11.298248987996043,-11.431889484093272,-11.001125554756193
SOX6,-9.166592853070577,-9.709649711319186,-9.460113186949346
C11orf58,-8.27714388963719,-8.393562800988835,-8.37560068666765
PLEKHA7,-8.92360346076412,-9.228350847993443,-8.81107312775256
ENSG00000290957,-11.929586107173023,-12.116276007074955,-11.673137904928591
RPS13,-6.708924611185228,-6.738410989828589,-6.876564598964179
PIK3C2A,-8.898190132505118,-8.875508811738987,-9.01119903022064
NUCB2,-9.519151537100454,-9.54542876950284,-9.351096849034237
NCR3LG1,-11.734776456851277,-11.930100335705566,-11.454918745348865
SERGEF,-10.25793914351815,-10.353452011395763,-10.338349881922507
SAAL1,-10.988200153682957,-11.11569683770589,-10.966185845740585
HPS5,-10.843901995997385,-10.926322668402204,-10.981790411825687
GTF2H1,-9.830741698633922,-9.911685255973035,-9.981257896690073
LDHA,-7.7319301454736316,-7.977816840280599,-7.210365005825792
TSG101,-9.093843751821508,-9.138568055243756,-9.20206049317319
UEVLD,-10.973125904157659,-10.914383497452688,-10.972484860313958
MISFA,-11.467700883710059,-11.508622338870033,-11.65955915104846
SPTY2D1,-10.316733487042995,-10.351348400933432,-10.3264409764149
ZDHHC13,-10.510976355740834,-10.498365618133993,-10.483720883983207
CSRP3,-9.250302468830819,-9.113254707194422,-8.934032745548558
E2F8,-10.635819911435243,-10.67610574469259,-10.776209157991394
NAV2,-7.803527538068949,-8.047252445924943,-8.385291325734103
NAV2-AS2,-11.723689872106329,-11.409910571411608,-12.321581120947387
HTATIP2,-12.896289072792387,-12.71983994873225,-12.5064655016824
PRMT3,-10.020023501939965,-10.074457421067228,-10.103972452195615
NELL1,-11.340220967179704,-10.582932224940244,-11.794960233160126
ANO5,-10.717266808786869,-10.425207701969377,-10.80152620607004
FANCF,-11.200625748587964,-11.162785158113985,-11.26439117570343
GAS2,-11.112438143414751,-10.644496987823812,-10.911047155533199
SVIP,-10.800431895704119,-10.942973673878651,-10.941018537300145
LUZP2,-12.799628953941976,-12.474002525986755,-11.727309550667696
SLC5A12,-11.616260975573667,-11.56409943884271,-10.862431978523723
FIBIN,-12.325172447951212,-12.09728469708166,-12.748305516192335
BBOX1-AS1,-11.083023490895147,-10.823617832294499,-10.434854004066803
CCDC34,-9.096273926434915,-9.394303936683912,-9.972285400475712
LGR4,-7.856807843927459,-7.911396772522682,-8.681078657036919
LIN7C,-10.655982213295118,-10.65652094887646,-10.659955304554282
BDNF-AS,-11.201984658052709,-11.20575642796323,-11.087082286695757
KIF18A,-10.480950459031273,-11.124117521730966,-10.86542202456899
METTL15,-9.008517568388715,-9.013017564417034,-9.006659848092605
LINC02755,-12.644297299116717,-11.999031099565897,-12.734458316765098
KCNA4,-12.824576375200952,-12.116320781154252,-12.9815826273031
ARL14EP,-9.84543150205793,-9.814260441898282,-9.716286842666127
MPPED2,-7.644688479171449,-7.723340032145808,-7.880262169092689
MPPED2-AS1,-13.126801800567868,-13.170950342162639,-13.200891486884984
DCDC1,-11.556054853780799,-11.35540603997968,-11.961173985795337
DNAJC24,-10.250938075672229,-10.229985864478145,-10.42344416058956
IMMP1L,-9.435591547958508,-9.469619159925376,-9.430063792303214
ELP4,-9.504707478890317,-9.453192180867847,-9.530455259814408
ENSG00000228061,-12.683375437023052,-12.527237417765116,-12.484757204882918
RCN1,-9.40780698791127,-9.556407885916933,-9.43219125328394
EIF3M,-8.420931163365571,-8.618733176337583,-8.579372302569537
QSER1,-9.112888659305835,-9.152016457650902,-9.200233246058186
TCP11L1,-10.94244165278231,-11.000909189638802,-11.270877035200499
CSTF3,-9.139324809000328,-9.258159380964509,-9.262254195242758
HIPK3,-8.05874814839058,-8.088163032880457,-8.10494787947285
KIAA1549L,-11.342844400882647,-11.345959770219963,-11.418880898587576
CD59,-9.358135762623498,-9.406823072232855,-9.537633160092817
FBXO3,-10.438149425258848,-10.573984714847715,-10.600376830236268
LMO2,-10.904968954815098,-10.725851885420877,-12.38273372344361
CAPRIN1,-8.514688991735817,-8.594131844901332,-8.698520733464262
NAT10,-10.650165462446449,-10.711754823795419,-10.684592535042787
ABTB2,-9.315663719546704,-9.582738041395872,-9.209272543205136
APIP,-9.834774568367608,-9.906071085932254,-10.321176187791782
PDHX,-9.266611402692392,-9.371113929250798,-9.3168152115882
CD44,-11.931451413104782,-12.287421963471319,-12.137486069747101
FJX1,-12.184681932860295,-12.44003055768362,-12.577402973957044
TRIM44,-8.70216530142298,-8.856840717813546,-8.85888012296279
LDLRAD3,-9.568794679799717,-9.89176403224448,-9.90344321449612
COMMD9,-10.671533197226813,-10.84040935433438,-10.886937539741243
PRR5L,-12.856267272187484,-12.824594000801,-12.645700275875221
TRAF6,-10.61857208888635,-10.558369630568436,-10.71265065995678
IFTAP,-9.934550543454746,-10.069565178045611,-10.007299218883933
LRRC4C,-11.2972426137141,-12.1254460404462,-11.98491419976347
LINC02745,-12.943916796684626,-12.59570579820919,-12.61071820716247
LINC02740,-12.865241669826963,-12.431581310352964,-12.500281031224318
API5,-9.4954742742163,-9.63802790935374,-9.587413791773667
TTC17,-8.298605627513291,-8.300554057377783,-8.459085358070002
ENSG00000283341,-12.964184717519151,-12.939139951842508,-13.123284796063544
HSD17B12,-9.472009978515604,-9.348759978274858,-9.49376815169378
ENSG00000246250,-13.215199084503178,-13.209402621473757,-13.133865470197692
ALKBH3,-11.105856619009863,-11.176381829953632,-11.188343774908223
C11orf96,-11.526676111785084,-11.318428786385445,-11.893189225797752
EXT2,-9.797226831244837,-10.01996485440026,-10.079532105624356
CD82,-12.441351523753056,-12.780770911865693,-12.11330834063102
TSPAN18,-9.52914178938032,-9.758885308492824,-9.48605185929699
TP53I11,-10.525820289362617,-10.676308776659994,-10.685119942630479
PRDM11,-10.791879915550904,-10.895548056931343,-11.084706106342612
SLC35C1,-12.692372062639143,-12.688333001030902,-12.787053066026962
CRY2,-11.123473722700215,-11.0929478240745,-11.165757396423217
PEX16,-11.849233042171404,-11.890225752963914,-12.045325956594237
PHF21A,-8.005298722744827,-8.123921903882835,-8.298340326742135
CREB3L1,-12.473052160888,-12.365678458364888,-12.272531223433855
DGKZ,-10.635326102283091,-10.76499598384678,-10.594173954314707
MDK,-6.779016730582562,-6.889328385582318,-6.706951409729049
AMBRA1,-9.718970712816436,-9.749979775559451,-9.87744408496119
HARBI1,-12.989289938211892,-12.999741288157876,-13.135952723326788
ATG13,-10.357229861076126,-10.498689362197194,-10.653840937745407
ARHGAP1,-10.23088799999423,-10.097372142079102,-10.41996992178089
ZNF408,-12.679867470771699,-12.729997583765638,-12.851479728189592
CKAP5,-9.05344055828165,-9.168598512637214,-9.14046600673409
LRP4,-11.217264420785769,-11.089110070967783,-11.54651594521419
CSTPP1,-9.2390136865969,-9.188338050031351,-9.425999629664677
ARFGAP2,-10.313232642204229,-10.317230516082601,-10.532672904134778
PACSIN3,-11.365277615882945,-11.543317108903846,-11.125276853541566
DDB2,-10.935814839077977,-11.164989949177215,-11.360210364194216
ACP2,-11.209007733818487,-11.28890327876381,-11.266128652092899
NR1H3,-12.252179093583509,-12.169127146706256,-12.1124899243016
MADD,-10.681384466430279,-10.782496988526667,-10.795416047843212
MYBPC3,-8.602699170100435,-8.411595402262684,-8.50543248399981
SLC39A13,-11.576540741809055,-11.789231602253519,-11.75685191148542
PSMC3,-9.641037455167352,-9.85261772858711,-9.876321790074869
CELF1,-8.57359138707076,-8.647210098982407,-8.724367808374689
NDUFS3,-9.385353201355283,-9.57556106890716,-9.510271383909254
PTPMT1,-10.800614714914332,-10.796115554928582,-10.784049889317961
KBTBD4,-11.9816267984926,-12.01617054663158,-12.174624326473928
C1QTNF4,-11.655755270405484,-11.30163038076591,-11.144824127288596
MTCH2,-9.1058159925649,-9.230258493510776,-9.101470844486828
FNBP4,-8.79422256354993,-8.765838409675114,-8.92234995893866
NUP160,-9.955597991839044,-10.060024441743812,-10.120582389381005
PTPRJ,-9.853369393583469,-9.986558189507015,-9.95404772077456
TNKS1BP1,-11.153699610087159,-10.995738421053431,-11.18195948853732
SSRP1,-9.37745377414217,-9.669732091335927,-9.569345914281156
SLC43A1,-12.883375764318652,-13.057632542183624,-12.683668504304574
TIMM10,-11.014639042135915,-11.193270866474668,-10.580117051316288
UBE2L6,-10.179809458624907,-10.486520522744604,-10.069721920279928
SERPING1,-11.01582330325843,-10.651926618563117,-10.880188047206264
MIR130AHG,-11.371778975844327,-11.150801370174548,-11.503141169152453
CLP1,-11.409698510061379,-11.353380235554926,-11.363610828710973
ZDHHC5,-10.45238663175109,-10.37472319037819,-10.452662082124599
MED19,-10.304551774083615,-10.40154619189848,-10.456429615848762
TMX2,-9.818924486095764,-9.816747598238596,-9.905003236015919
SELENOH,-8.46834095344628,-8.574978599902396,-8.584164214290738
CTNND1,-8.547502575687025,-8.45214060191947,-8.707686224303743
LPXN,-11.424712084838378,-11.661454198834425,-11.4486778173963
ZFP91,-9.556384327178119,-9.601460239832559,-9.607465089753894
FAM111B,-11.638724247507971,-12.124976770659735,-11.937584373253483
FAM111A,-12.281750224269775,-12.610878932908346,-12.63961404296656
DTX4,-12.767200989683628,-13.29463940720261,-12.9309969219218
ENSG00000255139,-12.637027422237743,-12.61987990568439,-12.530275899485465
OSBP,-9.822802692444537,-9.802973762800905,-9.936495095555964
PATL1,-10.777136558085635,-10.76128665926747,-10.816646775928007
STX3,-10.110339101068954,-10.36127339662223,-10.165676893442075
MRPL16,-9.716497657224009,-9.791408387482239,-9.660922817860763
CCDC86,-11.77553186597287,-11.828857399265699,-11.856796878187032
PRPF19,-10.641810120349387,-10.828735168356907,-10.797568464838012
TMEM109,-11.057522135697162,-11.17146500455079,-10.921123345599248
TMEM132A,-11.424305858109769,-11.667811966440569,-11.78303895484118
VPS37C,-11.785263827044002,-11.871869753713797,-12.085413906059792
VWCE,-12.562736962206317,-12.89653663939363,-12.955940453146246
DDB1,-9.241434481377272,-9.37373964730117,-9.34044934429675
TKFC,-11.987070982709874,-11.89900451730213,-12.152260923138837
CYB561A3,-12.468251047533734,-12.391049466830228,-12.868223081834739
TMEM138,-11.414064231657909,-11.419097175474864,-11.466999264522967
TMEM216,-11.529722400935757,-11.567215738839744,-11.613893140796497
CPSF7,-9.987284923723331,-9.973392834720144,-10.10372897559028
SDHAF2,-10.226520303003332,-10.324161953491444,-10.433724837483982
SYT7,-12.18121244582507,-12.300270778626935,-11.779154400952233
MYRF,-10.985996296265746,-11.003517251715648,-11.174936098348986
TMEM258,-8.737819780546856,-8.820333771462801,-8.82056346932598
FEN1,-11.029723533922754,-11.56356916432567,-11.450654486121099
FADS2,-10.792360806448235,-10.925581735335058,-10.931033044100323
FADS1,-9.424970983174735,-9.606646508160418,-9.564618929400904
FADS3,-11.818566474832563,-11.830135779135924,-11.716651705630474
FTH1,-6.812085429429743,-6.92700889360034,-6.634097930545783
INCENP,-11.911164004919348,-12.226418897298192,-12.195322676332278
ASRGL1,-11.700044736207985,-11.918186123965404,-11.689524372393342
AHNAK,-9.152395158916283,-9.193304027537753,-9.627017363885503
EEF1G,-7.067209438073451,-7.163251751684769,-7.123918961382386
TUT1,-11.964839648642664,-12.009972257901907,-12.147291043071288
MTA2,-11.146928983356064,-11.31957316426319,-11.194714366073594
EML3,-13.159859902553373,-13.079081721451663,-13.142693806769927
B3GAT3,-11.214001738099737,-11.297991339116143,-11.337244825275661
GANAB,-9.961219781421919,-10.058897771848997,-10.213456093240803
INTS5,-11.932478098033169,-12.016357872676993,-11.939657100567889
C11orf98,-11.99423881512049,-11.929806660778784,-11.901495005115995
CSKMT,-12.441646340418991,-11.558019744552892,-12.007319731921257
UQCC3,-10.689111950619548,-10.862871677875914,-10.669664201221591
UBXN1,-9.24355824121436,-9.323442614898333,-9.40715823650476
BSCL2,-10.784346700206845,-10.85642698364839,-10.887954053414587
HNRNPUL2,-9.673192667533804,-9.797962702983662,-9.846111303995349
TTC9C,-10.619110663641967,-10.610018231764768,-10.68894682059821
ZBTB3,-12.90842031814207,-12.826388475260595,-12.950293468820286
POLR2G,-9.951226751611648,-10.107627793796294,-10.032228451711692
TAF6L,-11.847171707938553,-11.883164698684041,-11.921527208676485
TMEM223,-9.983506727728308,-10.152013157336862,-10.004616842813329
TMEM179B,-10.305464628588343,-10.35579212463817,-10.456580059199547
NXF1,-10.751892384763913,-10.662966967582477,-10.95661650794227
STX5,-10.541832292152524,-10.616604028489883,-10.720254004514377
WDR74,-11.190738344350299,-11.378885708697307,-11.402359030320113
SNHG1,-10.316952709520478,-10.44828694777656,-10.549556193346733
SLC3A2,-10.405972088323894,-10.453707499486546,-10.243399982753942
PLAAT3,-11.343427655825119,-11.507017716353195,-10.886515149056
ATL3,-11.20652292611542,-11.231618094289564,-11.440994408859737
RTN3,-8.421490777292558,-8.431918382218491,-8.583831196794351
ZFTA,-11.629050002935932,-11.536542429760349,-11.818224640410333
SPINDOC,-10.914765737046828,-11.038620383131548,-11.047287682996714
MARK2,-10.00431339205334,-10.009098180134261,-10.076339283025295
RCOR2,-11.184370272113732,-11.468333567071252,-11.202042130819056
NAA40,-10.633754262373339,-10.703192601837758,-10.783116098095668
COX8A,-8.160601945131052,-8.331221101206964,-8.1414999564369
OTUB1,-9.687991877732491,-9.853882355294186,-9.87464935683603
MACROD1,-10.46212739905227,-10.531618252393441,-10.561305797009846
STIP1,-8.910728229399519,-9.057470609351169,-9.104399388439449
TRPT1,-10.592180883942504,-10.801001263740066,-10.639304710434747
NUDT22,-11.295820581017946,-11.33710665842892,-11.23461689696301
DNAJC4,-10.564206913655351,-10.718234474958384,-10.568558425605646
VEGFB,-9.518861316331009,-9.572197585591514,-9.423356113591378
FKBP2,-12.322947493321088,-12.416616872057533,-12.213942005226592
PPP1R14B,-9.029017850145534,-9.188976639162512,-9.06921911686548
PLCB3,-12.680923480346985,-12.723989693737781,-12.707686351479351
BAD,-10.352696518862828,-10.490439950252263,-10.21244250238939
GPR137,-11.627482625475444,-11.659437483496427,-11.91049821690927
ESRRA,-10.731495288286817,-10.920921248267442,-10.873644851686205
TRMT112,-8.729324991742168,-8.792138670268201,-8.810348154438765
PRDX5,-8.489605534859917,-8.540248932151291,-8.456059080951414
RPS6KA4,-12.638008979800166,-12.7448271891527,-12.71243436537546
RASGRP2,-10.719230969506079,-10.423553214918563,-10.97956044404216
PYGM,-10.705302235113571,-10.739768452742627,-10.59038273174833
SF1,-8.652560219152548,-8.711708286538611,-8.759437642393777
SF1-DT,-12.875940834719373,-13.025258915013229,-13.138513354886516
MAP4K2,-12.398219659750719,-12.43748441073129,-12.344218965770288
MEN1,-11.783032398952423,-11.865597799432999,-11.842547046014479
EHD1,-10.806242396614739,-10.89748990004585,-11.069216065233066
ATG2A,-11.842955230250613,-11.90003757438649,-12.032400102841075
PPP2R5B,-12.60304209288209,-12.55985601494287,-12.673948755275157
ARL2,-9.956253223431153,-9.997688090786754,-9.845631208737483
SNX15,-11.092701220961127,-11.16701138144929,-11.409514168678129
SAC3D1,-10.924533240196284,-11.099700390142727,-11.152927620740035
CDCA5,-11.812469776231975,-12.47124743671555,-12.218834676941563
ZFPL1,-11.272095944872497,-11.323110208268528,-11.41308599801561
VPS51,-10.43250999716688,-10.42900588151672,-10.664248526145027
TM7SF2,-10.250999415544163,-10.15268658793043,-10.59202498009003
ZNHIT2,-12.239245927631222,-12.296101425738486,-12.210983458034095
FAU,-7.163772800487043,-7.280022624726757,-7.223467902723233
SYVN1,-12.046770507569747,-12.01848337530942,-12.137934862749663
MRPL49,-11.011744892409995,-11.246569387290524,-11.232809705936534
CAPN1-AS1,-12.871035562921755,-12.113069242802178,-13.086270768453671
CAPN1,-10.764391993766377,-10.8198610873579,-10.909374561595104
POLA2,-11.447763608355036,-11.961040250311274,-11.851494834015096
DPF2,-10.331197718707152,-10.38484526870755,-10.542565781756373
FRMD8,-12.02366339087002,-12.017785263619926,-12.213141787813404
NEAT1,-10.296232211746581,-9.722965468873744,-9.609131148495125
ENSG00000291174,-12.404933520149228,-11.859403244020466,-12.167239484936314
MALAT1,-3.7936033204073896,-3.671727950027885,-3.7394057454879883
TALAM1,-7.746011485612908,-7.647840772238746,-7.897162964194555
SCYL1,-10.589914451306084,-10.646504458178688,-10.733061311774689
LTBP3,-11.046655122864504,-11.18521393073179,-11.561557390998155
ZNRD2,-11.09676830912985,-11.290160175910108,-11.328712009448486
FAM89B,-10.751598435237877,-10.972148403134328,-10.870872059294774
EHBP1L1,-11.645198828689871,-11.972242819401318,-12.660012663633454
MAP3K11,-11.87463797922328,-11.747134576170815,-12.112645208352564
PCNX3,-12.016038931799512,-11.814127924952066,-12.328106626312378
SIPA1,-12.959595320978178,-13.199687689130482,-13.067958698775248
RELA,-11.56288153065715,-11.686376477511551,-11.771408436079287
RELA-DT,-12.507820387891108,-12.4152328072641,-12.3695530446014
KAT5,-11.11821552967778,-11.10459839641849,-11.315091613547178
RNASEH2C,-10.007855476125725,-10.255579518003147,-10.004048987426861
AP5B1,-12.622735139313733,-12.34317016899108,-12.471831904740936
CFL1,-7.436496954448951,-7.547337324167521,-7.648469780178585
SNX32,-11.54060571996154,-11.964719318355213,-11.63255008438296
MUS81,-11.353638817733904,-11.335797155768686,-11.391974528363566
EFEMP2,-10.233796265736036,-10.22251985315716,-10.438512499580067
FIBP,-9.833262908761466,-10.0286744185102,-10.003676504980778
CCDC85B,-10.14820499551383,-10.212664212774401,-10.104128382248943
C11orf68,-11.09207218861965,-11.246608753861626,-11.318372944343043
DRAP1,-9.317313225994766,-9.365405587437476,-9.340322181881811
SART1,-10.89238145856078,-11.069294629235863,-11.054684129600108
EIF1AD,-12.017711890519783,-12.243659816896402,-12.150778990835045
BANF1,-8.45230948419771,-8.615280791074168,-8.497088762984406
GAL3ST3,-12.966493661064831,-12.760543579907027,-12.741536726856086
SF3B2,-8.882662595809197,-9.013024346302009,-9.073730979930323
PACS1,-8.823577595941371,-8.790782926969193,-8.906986359767338
KLC2,-11.814178142670345,-11.717727349274732,-11.863038453225634
RAB1B,-10.527973515289553,-10.640009219580291,-10.740058166651135
YIF1A,-10.29733557984878,-10.247350645285971,-10.295480040366478
CD248,-13.261687738172881,-13.18403810468202,-12.936946224013996
BRMS1,-11.53807694211275,-11.634545733492976,-11.879319279815386
B4GAT1,-10.802607945093827,-10.690309198764263,-10.766733862457487
B4GAT1-DT,-12.279541349772282,-12.339429093601108,-12.670444644534092
SLC29A2,-12.0067165713051,-11.813661159523773,-11.801045663813458
ENSG00000254510,-12.51381994187577,-12.266456820752131,-12.558251248511015
MRPL11,-10.037996154731774,-10.192001680042278,-10.168348368867616
DPP3-DT,-12.841034239454272,-12.768381957734672,-12.9205909422114
DPP3,-12.213754779433515,-12.710916299417306,-12.235796592614387
BBS1,-10.898795187853024,-10.84647414155393,-11.057311619955879
ZDHHC24,-11.593531099588871,-11.796657008906887,-11.801147593087697
ACTN3,-12.127418959889672,-11.758198827753652,-11.77604617155557
CCS,-10.408532980009674,-10.604903748627478,-10.212388424905663
RBM14,-10.841347260640605,-10.880476368729958,-10.9883765960715
RBM4,-9.130763909625166,-9.25069744045871,-9.264631085058202
RBM4B,-10.848795648374162,-10.827379565134702,-10.80717645851779
SPTBN2,-11.4153113913489,-11.617964434502795,-11.090741208178851
C11orf80,-10.47659274108214,-10.284230143493193,-10.435294169925266
RCE1,-11.862908936711124,-11.996578702900067,-12.018102511155217
PC,-12.561614226782075,-12.784491598354883,-12.706285005785466
LRFN4,-12.020151996909973,-12.009422898561128,-12.258450250940161
RHOD,-11.351469929095504,-11.192485805712318,-11.449240319721934
KDM2A,-8.769314342540001,-8.859068596250642,-8.92945170199165
GRK2,-11.537702326950487,-11.527834871301687,-11.654955957236313
ANKRD13D,-11.12557361649225,-11.117538272402268,-11.196357575394998
SSH3,-12.65268677684308,-12.734844171099116,-12.731493809805462
RAD9A,-10.760249208092745,-10.710373532544958,-10.88837081357763
POLD4,-10.977622306186518,-11.120947715862144,-11.012278536306539
PPP1CA,-9.691447655410807,-9.798199734856674,-9.89058681514397
RPS6KB2,-11.148585028459234,-11.36647080037573,-11.370708108137544
CORO1B,-11.212863135587435,-11.370460485632927,-11.420106315971232
TMEM134,-10.189860141464576,-10.24041552198426,-10.23094992949633
AIP,-10.948408031513555,-11.035953345810483,-11.043891234811023
CDK2AP2,-10.838857753618454,-10.950385690407781,-10.969431039485771
GSTP1,-7.902060142284431,-8.173929756568928,-8.000241888718646
NDUFV1,-9.65951942878505,-9.714623796423835,-9.73855648431097
NUDT8,-11.667039556940356,-11.460888061064386,-12.050534505153346
FAM86C2P,-12.498443421971611,-12.41250498784225,-12.66772313317178
NDUFS8,-9.132298794281214,-9.255098162872892,-9.244152826692034
CHKA,-9.071055095747827,-9.05533802818328,-9.152855446901112
KMT5B,-8.979523289269158,-9.030457242411746,-9.203197326319595
C11orf24,-11.673469181595237,-11.90017396822731,-11.864544698070448
LRP5,-10.666784284832483,-10.798836798884187,-11.022431774656768
PPP6R3,-8.564571824559357,-8.632434242432348,-8.806402063327058
TESMIN,-12.681745602682637,-12.95556865566256,-12.435438763931316
CPT1A,-10.083248067723813,-10.352658922934474,-10.484707959732797
MRPL21,-9.032419953216715,-9.399737392149671,-9.311399221852495
IGHMBP2,-11.192084546506532,-11.249895623346779,-11.266924396897323
TPCN2,-10.643396461962434,-10.927147277114074,-10.594602730141025
CCND1,-10.059106865202025,-10.384181598345723,-9.910564014275625
LTO1,-11.228542710155029,-11.366951053282458,-11.500628082691666
FADD,-11.556763921214557,-11.788893597600621,-11.492040363057638
PPFIA1,-9.236596392038964,-9.272588729987117,-9.235265360314104
ENSG00000254604,-12.095128241504915,-12.087904498063725,-12.108046251758948
CTTN-DT,-12.209335086532267,-12.410530093502052,-12.223735452263517
CTTN,-9.484415460711364,-9.562292659434757,-9.602484293151882
SHANK2,-13.086822683321582,-13.29289544165883,-12.661247955418856
DHCR7,-11.921684576041953,-11.972792178169485,-11.657654099060467
NADSYN1,-11.380962101844347,-11.453685374134107,-11.334001883666078
ALG1L9P,-12.554453614987713,-12.72591087963348,-12.510307827448386
ENSG00000291247,-12.557946458966027,-12.699662700333121,-12.663655349696521
ENSG00000291186,-12.06680885386485,-12.77632879130471,-12.18234166219361
XNDC1N,-10.559838380281665,-10.754486755989777,-10.658769375805857
RNF121,-10.361999601343344,-10.36320709197587,-10.498092941873274
NUMA1,-9.579252184997301,-9.624587754533565,-9.790068644764135
LRRC51,-13.135195440362702,-13.02571486652718,-13.009169947846658
LAMTOR1,-9.02306197643796,-9.155809378147888,-9.089424523231994
ANAPC15,-10.452700892789167,-10.59270596586143,-10.603901811743157
INPPL1,-10.926419359213108,-10.945245822740441,-11.178885692818666
CLPB,-11.264719402211249,-11.204213755492379,-11.478178353980125
ARAP1,-11.353587483464857,-11.488674424366327,-11.316249426864804
STARD10,-11.28045111588317,-11.440348440682177,-11.218027443492346
ENSG00000285693,-13.060906720648768,-13.134933528603062,-12.995616387318512
ATG16L2,-11.560232448562497,-11.553829515145123,-11.27214311964001
FCHSD2,-8.518448372949088,-8.629109886428413,-8.687590399333688
ARHGEF17,-10.643073570932389,-10.642954462845164,-11.03653855654768
RELT,-12.437558143476636,-13.093091831099995,-12.838431883503302
FAM168A,-9.1732999110237,-9.232439528517821,-9.4299070326109
RAB6A,-9.317898397447152,-9.327904284025667,-9.385919929401783
MRPL48,-10.553155935988991,-10.628577349191037,-10.69870106069301
COA4,-9.267694019225312,-9.498534287854387,-9.371002339841997
PAAF1,-10.304951403977412,-10.373333455769858,-10.399272282714126
UCP2,-12.645837237288783,-12.717281739513838,-13.01829581325713
C2CD3,-10.292726249740682,-10.333266754881496,-10.38353420040145
PPME1,-9.41837644522964,-9.627981219303356,-9.542075181561279
P4HA3,-12.881058603700032,-13.115390267059421,-13.181017130746017
PGM2L1,-10.631315711811878,-10.796520556505417,-10.673498578867893
LIPT2,-11.90156860282057,-12.084395255727173,-11.869647878075247
LIPT2-AS1,-11.36452098387127,-11.449126392951621,-11.512004016924672
POLD3,-10.139795864531747,-10.295526021932087,-10.304142078261316
RNF169,-9.792277756113329,-9.825693536567925,-9.781800644914144
XRRA1,-10.773314290169294,-10.811398416167282,-10.86258298359572
SPCS2,-8.652343550867306,-8.67254748964766,-8.714668725055665
NEU3,-11.544084972505186,-11.650910335207373,-11.707960034719504
ARRB1,-11.350446821862509,-11.876257338529072,-11.412407166411256
RPS3,-6.703818682225225,-6.824434717055863,-6.752212706208699
SERPINH1,-8.811786024847946,-8.826037234689025,-8.7570006058153
MAP6,-13.029699486904478,-12.690322971328625,-12.56730705203293
DGAT2,-12.549427819608121,-12.437705857690633,-11.890399941616094
UVRAG,-8.854665651388574,-8.872776353465976,-8.590319657741432
WNT11,-10.631009098100977,-10.857146100156392,-11.389733686490148
THAP12,-10.021720706004361,-10.044684278927985,-10.06518483823554
GVQW3,-10.951411755965895,-10.945477598389287,-11.067196134465032
EMSY-DT,-10.896941807832082,-10.939849034206159,-10.637749643848668
EMSY,-9.269337255596488,-9.255226155950725,-9.448484190508646
TSKU,-12.069903032283202,-12.319496355953437,-12.248574461755016
ACER3,-9.710321058137499,-9.76703258896182,-9.847652601432712
PAK1,-10.000194657179573,-9.987015612900715,-9.741410531223716
CLNS1A,-9.055575236122833,-9.241335339043333,-9.21446237899971
AQP11,-12.350983113439412,-12.446734708705197,-12.053304521832198
RSF1,-8.117562513883625,-8.124707285445513,-8.27945454576209
AAMDC,-9.80384174561191,-9.739164156579163,-9.991157623021303
ENSG00000254459,-11.61898573804982,-11.860562289811387,-12.113860343949456
INTS4,-10.371518548989053,-10.350509539894075,-10.631948803684468
NDUFC2,-8.273794436186286,-8.372961248716482,-8.340946854806711
ALG8,-10.13203416773218,-10.317500039691007,-10.358092401966188
KCTD21-AS1,-11.619235992306603,-11.552983590935428,-12.068444694869278
KCTD21,-12.301312784807237,-12.480604051785962,-12.262879106271633
USP35,-12.03974287289363,-12.472665911643682,-12.500517830219612
GAB2,-9.455338440414351,-9.683942187104593,-9.719061426932495
ENSG00000254420,-11.806734459803312,-12.172449457051325,-12.052082000159027
NARS2,-9.617019643815295,-9.51321642371033,-9.561743848940951
TENM4,-8.389767054531758,-8.61247216268944,-8.146598092431644
PRCP,-10.092275102993721,-10.070848068745287,-9.907392881637078
DDIAS,-11.99319838801583,-12.817511393667457,-12.507261453819758
RAB30,-11.20133276461404,-11.324744684758436,-11.387275960530358
RAB30-DT,-9.793651491278581,-9.927897171223634,-10.00006845818981
PCF11,-9.675888072327014,-9.745139197497815,-9.730174877157676
ANKRD42-DT,-11.088065920563455,-11.146678669377843,-11.257347114843014
ANKRD42,-11.789488553644947,-11.728763209098469,-12.053143295404038
CCDC90B,-9.495500295985158,-9.583571901042916,-9.553022337076317
CCDC90B-AS1,-11.198758476367097,-11.443983668335505,-11.574975170435634
DLG2,-7.343408962059055,-7.9556236096353,-7.421252505607305
ENSG00000254787,-12.067837692589691,-12.796746057569749,-12.05001670498918
TMEM126B,-9.85642337208966,-9.972294383752626,-9.87781750374585
TMEM126A,-10.417781146376976,-10.499298803876014,-10.701888195218112
CREBZF,-10.233446531292342,-10.241901119466963,-10.306818790234225
SYTL2,-12.491248702124418,-12.361364802927552,-12.494377529565035
PICALM,-8.628660457357672,-8.566563769838625,-8.699189131518251
EED,-10.259108582332482,-10.318132625899112,-10.425448311788816
HIKESHI,-9.598540182055572,-9.669275035950038,-9.619727422018899
CCDC81,-12.291919205825401,-12.184285282262946,-12.669013130289528
ENSG00000254733,-11.93838041888803,-11.839540998692675,-12.357341356776283
ME3,-12.089657495988194,-12.140700993156594,-12.282397767914581
PRSS23,-9.096057054933876,-8.815431408205189,-9.295549040160637
PRSS23-AS1,-10.551187935891335,-9.933431566584897,-9.959768765522549
FZD4,-10.888291981031134,-10.684279770865894,-10.868444967636165
FZD4-DT,-11.454344562668156,-11.524165418563243,-11.62668512122419
TMEM135,-8.331040407496827,-8.5187623343947,-8.683773094353542
ENSG00000285835,-11.999137775545366,-11.494558830597716,-11.26100956879783
RAB38,-11.849547917855157,-11.720245743916648,-11.35439891694922
CTSC,-9.41703334860882,-9.27891061993153,-9.27609800303199
ENSG00000288018,-11.703000869509273,-12.03375440025099,-11.685264067978354
NOX4,-11.982241284490962,-12.032264216519136,-12.448164951605662
NAALAD2,-9.480869834915614,-9.926770013135965,-10.265939172726666
CHORDC1,-9.407297024481009,-9.573191711697596,-9.496312608572694
DISC1FP1,-10.388739535725911,-9.997942660451695,-10.481489044817517
FAT3,-10.132102687708501,-9.938261431791231,-10.822117702359943
SLC36A4,-9.362461531778852,-9.273073966446619,-9.304301399186048
DEUP1,-12.33981643678767,-12.527930279014848,-12.23190693775739
SMCO4,-9.72820935862477,-10.059066427934102,-10.108664801240398
CEP295,-9.897524123726802,-10.046649506333425,-10.077066444733655
TAF1D,-9.010145272709009,-9.089893843216027,-9.21298372870314
C11orf54,-9.731121854989434,-9.724809289133503,-9.642130566475435
MED17,-10.006500676216366,-9.925122388051895,-9.999642613451122
PANX1,-11.393222685721819,-11.498016510911741,-11.828648192531924
MRE11,-9.870383772830724,-10.103194578046919,-10.131076515288862
ANKRD49,-11.49660923787403,-11.444595404527442,-11.625445059984427
PIWIL4,-12.389978848249278,-12.472762193424002,-12.326458342559523
AMOTL1,-11.393976351305533,-11.432315419202476,-11.006258942907005
CWC15,-9.587731156572115,-9.688495887291385,-9.437351605678051
KDM4D,-12.45753594204356,-12.465214054846488,-12.605293580092352
SRSF8,-10.611645262167793,-10.748088098147493,-10.620689383247086
ENDOD1,-12.768836213308926,-12.70670122965313,-12.416875725788763
LNCRNA-IUR,-12.69565152332677,-12.365788147530465,-12.67794145202152
SESN3,-9.403923403867998,-9.287712797439935,-9.542764671698441
FAM76B,-10.277140437997984,-10.271141761317992,-10.302927058558353
CEP57,-8.869831719243031,-8.936504116597472,-8.976878097113168
MTMR2,-9.837979519529005,-9.941781073678303,-10.001601353785352
MAML2,-8.925885346805561,-8.898646175356303,-9.330998129583781
CCDC82,-10.018779147859432,-9.896697827625648,-9.909276540358112
JRKL,-11.715384098365382,-11.554343600089188,-11.55855549428675
CNTN5,-7.130427453063076,-6.230117490468493,-7.410107573817575
ARHGAP42,-7.52469535525166,-7.5931423682235755,-7.932200392997025
CEP126,-10.79427773596474,-10.845688736205776,-10.880656681118438
CFAP300,-12.774829393990869,-12.676668641703971,-12.57093907483275
YAP1,-8.072005305293807,-8.179727343125972,-8.4767994564093
BIRC2,-10.014328624372363,-10.02862535525192,-10.015177154168772
TMEM123,-8.552315811663442,-8.654435129879364,-8.75041043901445
DCUN1D5,-9.252684492942679,-9.362288660528293,-9.251139273818607
DYNC2H1,-9.321766234021727,-9.262029702337163,-9.471343517400518
ENSG00000254987,-10.016624210606862,-10.665792403905645,-10.441976443492328
PDGFD,-7.702241771509263,-8.274985724338626,-8.291800975460658
LINC02552,-13.172207315366672,-12.921553645033447,-12.824007096978626
GRIA4,-10.229274179300573,-9.817356679641838,-11.049311021795722
MSANTD4,-10.458160558809304,-10.429928691305749,-10.440561106539368
KBTBD3,-11.829127351249001,-11.725397263775303,-11.682439874674243
AASDHPPT,-8.756730367792926,-8.871314846737377,-8.919908919036887
GUCY1A2,-9.618828164654913,-9.694120822834355,-10.360530108194256
CWF19L2,-9.684831962588964,-9.72093949345836,-9.757002118025063
ALKBH8,-10.954153734978933,-11.113463291781668,-11.13156973120303
ELMOD1,-13.153499884866063,-13.094949585076995,-12.940646889194554
SLC35F2,-11.859016822904918,-12.010745080233395,-11.666272924284899
CUL5,-8.827089609531933,-8.813382931540994,-8.944369422270432
ENSG00000255467,-12.7635019478496,-12.789684702547392,-12.769986654660428
ACAT1,-9.608007587513908,-9.761035871231162,-9.675683943250103
NPAT,-10.322248972748966,-10.367788876228172,-10.384424999369356
ATM,-9.040366341311099,-9.018645775604258,-9.138174983970934
C11orf65,-11.760384096248423,-11.877588308922034,-11.666873289666764
POGLUT3,-11.478468098612034,-11.217280564741854,-11.727838394319164
EXPH5,-10.793781914347418,-10.56009916804231,-11.28728675013365
DDX10,-9.281927703385378,-9.331237499205002,-9.423558549087986
RDX,-8.129108116949359,-8.255412745310219,-8.199572767433375
ZC3H12C,-10.445884493497209,-10.441527656436866,-10.531039851313412
FDX1,-10.020393811127944,-10.137619776720811,-9.952067756585743
ARHGAP20,-13.138643886557297,-12.63841883568645,-12.531625830376298
SIK2,-9.712190294326723,-9.698554073752772,-9.816278862932881
PPP2R1B,-11.114055210971044,-11.241330686838616,-11.412904833107762
ALG9,-10.683494136209612,-10.749473328485836,-10.728784962608257
CFAP68,-10.832764527532282,-10.918657030996853,-10.679353139957202
CRYAB,-10.19775626094829,-10.39161483413243,-10.22549107507355
HSPB2,-12.482304446876334,-11.741085942353156,-10.219069400886328
DIXDC1,-9.250935283638853,-9.041362427038338,-9.457025612588026
DLAT,-9.512328703025224,-9.642978367164542,-9.65373851390916
PIH1D2,-12.478628609521998,-12.352766433531889,-12.612195874446227
NKAPD1,-10.163461350474861,-10.302990917695684,-10.216499833896686
TIMM8B,-9.052370790836283,-9.278161510030838,-9.24343926356689
SDHD,-9.48584126065116,-9.571903573818464,-9.513225298509965
BCO2,-9.914016229352073,-9.666563674727692,-9.098638025491226
PTS,-9.778309070455714,-9.851438930010847,-9.773621827521795
LINC02762,-11.777163697716329,-11.683325505548133,-11.840064438854656
LINC02763,-12.535030981842219,-12.933458100405641,-13.181064826844336
NCAM1,-7.964423479536092,-8.093796554943575,-8.251895917495581
TTC12,-10.97930228256695,-10.844622445417821,-11.056028536695294
ZW10,-10.78676331846891,-10.939765940130021,-10.925813058618617
USP28,-8.562382125606758,-8.531214241862552,-8.591792208929299
ZBTB16,-11.312465375389007,-11.076299982128871,-11.339829187680571
C11orf71,-11.681115713272293,-11.8158188473476,-11.729876744472703
RBM7,-10.32695355024441,-10.356829978318576,-10.360927199783688
REXO2,-9.713143837193897,-9.810803670605535,-9.831182232302716
CADM1,-7.888947771920541,-8.118652954880169,-8.246610329494846
ENSG00000255580,-11.971012920775067,-12.231833409597515,-12.348463171651886
BUD13,-11.124969432980365,-11.095162373121713,-11.211916056965086
ZPR1,-11.094723417508284,-11.223237337104655,-11.097112378464024
APOC3,-11.588661207617244,-11.753326665440042,-11.944004620482362
APOA1,-10.31985628347427,-10.554612569923194,-10.33975764520276
SIK3,-8.390980061310966,-8.350268100972885,-8.47612740943377
PAFAH1B2,-9.376882595805158,-9.405039213982837,-9.60348118075786
SIDT2,-11.646883772706806,-11.583529510477792,-11.927506163207836
TAGLN,-8.831295373108581,-8.65214930074293,-9.698536697972225
PCSK7,-11.079665949992132,-11.024274766711903,-11.3058440547904
RNF214,-9.63663178905622,-9.73603647737853,-9.782975051599065
BACE1,-10.473343364867228,-10.60404635743456,-10.342681210904205
BACE1-AS,-12.084725807475827,-12.112605826541209,-12.321321348160671
CEP164,-10.783154945910853,-11.05044611923172,-10.756140669231012
DSCAML1,-12.384735107349726,-12.553976397071855,-12.147277862825275
FXYD6,-9.061828793668342,-9.363072820958052,-9.0495317910968
UBE4A,-9.847491041386983,-9.908183626349837,-9.972777740154433
ATP5MG,-7.793545279264818,-7.9152661988734465,-7.79112709179941
KMT2A,-8.64262110259045,-8.619063866231873,-8.806367506212458
TTC36-AS1,-12.826518318592118,-12.886108419113613,-12.77135831614421
TMEM25,-11.377311891675186,-11.49515063023119,-11.473117029647913
IFT46,-11.321254476135218,-11.444060317204565,-11.394725155950157
ARCN1,-9.396129981107904,-9.45668000235168,-9.438676105717487
PHLDB1,-11.072016279480732,-11.001144471079469,-11.349658211986826
DDX6,-8.58066135033181,-8.521367010798711,-8.71000449352325
BCL9L,-10.967151914355153,-10.937306707568409,-11.118536364220303
CENATAC-DT,-13.119636583747438,-12.600578704847553,-12.862825847698334
CENATAC,-10.635403946325706,-10.650642733476683,-10.80367870189606
RPS25,-6.866692759181775,-7.015747819634345,-6.973681640749581
TRAPPC4,-10.127988393861038,-10.32990376291265,-10.269620097841075
SLC37A4,-12.211472273096787,-12.436618949805489,-12.245412784502031
HYOU1,-10.474390739498936,-10.38645145195247,-10.601947613208612
VPS11,-11.540886935197097,-11.712873193103219,-11.766796180697725
HMBS,-11.17438474062728,-11.355841306439515,-11.505680258405725
H2AX,-10.262816204484658,-10.654897882162839,-10.47903810050774
DPAGT1,-11.602010453044064,-11.671887403083703,-11.763549913147248
C2CD2L,-13.068910001497663,-13.157795024805921,-13.060677895233319
HINFP,-11.552036840193939,-11.668615735568535,-11.772383738972314
NLRX1,-12.953864561659428,-12.946679424089163,-13.020011206933779
CBL,-9.548956078982004,-9.554615962530034,-9.646235571481526
MCAM,-12.04047405100581,-11.724188098233196,-12.468270918558257
RNF26,-11.92739681161932,-12.060898111580308,-12.288496076403604
USP2,-10.680388978843467,-10.523960395601815,-10.7093918483342
USP2-AS1,-11.548503426605883,-11.565838781281931,-11.575980815233136
NECTIN1,-11.01943933308504,-11.605961964036057,-11.50995504304894
TLCD5,-10.709021817503029,-10.692134686565652,-10.761834443261368
ARHGEF12,-8.980057491137735,-8.951057023813576,-9.063577461743956
GRIK4,-12.224086828718377,-11.90871107214428,-12.747918867429075
TBCEL,-9.95900900637743,-9.970509631958011,-10.084278750475125
TECTA,-11.829709148528583,-11.952029101548892,-12.191826796789927
SC5D,-8.751592315488795,-8.222018821083031,-8.769828830709553
SORL1,-11.442677303395424,-11.126388750675554,-11.190933325307556
MIR100HG,-7.865022822591014,-8.146010519822074,-7.852446727916159
JHY,-11.98296660223605,-12.090021083618383,-11.815606372428176
HSPA8,-8.07733822074111,-8.163369396177602,-8.130865895656731
ENSG00000288061,-12.585158496369502,-12.691505656746614,-12.456451257127172
CLMP,-12.299817170901399,-11.817200590281914,-11.97787175389023
GRAMD1B,-9.885781234657491,-9.780853742908935,-9.787003057827878
ZNF202,-11.867507068338199,-11.75122665163123,-11.847307069975258
VWA5A,-11.942841657521063,-12.011845800071299,-11.702063723954021
TBRG1,-10.101553154669284,-10.067833091138688,-10.227754536269908
SIAE,-12.08941041140256,-12.026162311524178,-11.784924191729692
SPA17,-11.35221161607865,-11.932853842245306,-11.499055622993044
MSANTD2,-10.127422705193222,-10.156143709143329,-10.31992003715818
ENSG00000279342,-12.429078452135828,-12.566402439748611,-12.744262052637705
MSANTD2-AS1,-11.985891675042,-12.055731798034957,-12.469083563144022
CCDC15,-12.228495540138303,-12.549681016588275,-12.477050382930647
TMEM218,-11.234745999716287,-11.256362232477885,-11.265149802952486
PKNOX2,-11.147478806749104,-11.232457179682777,-11.083444726994507
FEZ1,-11.307815477097028,-11.01135695837964,-10.74347013077564
EI24,-9.773713300927318,-9.968153063113569,-9.941884588431083
STT3A,-10.42675691445065,-10.505395714718253,-10.54715078605689
ENSG00000288907,-12.730929685824806,-12.26557441413765,-12.158879881470563
CHEK1,-10.50033607465672,-10.838860787492111,-10.654269847599124
HYLS1,-12.700203593912647,-12.44718083156319,-12.136503951581277
PUS3,-11.531055740335788,-11.602609697750117,-11.329521977629145
DDX25,-12.205791951562711,-12.244646214958827,-11.96470451394727
CDON,-10.666322039364582,-10.812827550215045,-10.992479239684886
RPUSD4,-10.912943771525036,-11.043693449763879,-11.201968494691602
FAM118B,-10.75733414873533,-10.778129454201386,-10.869345093154203
SRPRA,-9.968740597665493,-9.907422436523104,-10.072976761000444
FOXRED1,-10.738390837788495,-10.73488462079297,-10.787799691640279
TIRAP,-12.186435674846345,-12.098855797735657,-12.368363581593645
TIRAP-AS1,-12.820734621463698,-12.994482209023928,-13.177306112746429
DCPS,-11.554256429557565,-11.538300584589429,-11.501794439037802
ST3GAL4,-11.522410668053762,-11.781412850102276,-11.53248727248694
ETS1,-11.838231951715047,-12.469894630743415,-11.210078092715923
KCNJ5,-10.289878417142145,-10.554082932791816,-11.090607815819698
ARHGAP32,-9.225453629231835,-9.45686794883112,-9.297648632498959
BARX2,-13.157853490234135,-12.619636982518577,-13.011773193788578
NFRKB,-10.422928111278592,-10.370744717210687,-10.465021803921324
PRDM10,-11.008191958961755,-10.935336910394481,-11.318427343965098
APLP2,-8.007139162380849,-7.789727996201365,-8.273241160435292
ZBTB44,-9.313463202702277,-9.35856800527989,-9.355956962150763
ADAMTS8,-12.352507573845147,-12.124414967003668,-12.169573984417681
ADAMTS15,-12.781585395746864,-12.38341452227928,-12.428055246436081
SNX19,-10.431748465403262,-10.600915583291952,-10.505705313537138
NTM,-11.327125261084271,-11.506951354922585,-11.23038745701744
OPCML,-11.523345969251581,-11.173553324917945,-11.76068791344181
IGSF9B,-12.495158148090916,-12.173920520013244,-13.040106802484292
JAM3,-9.343327899900487,-9.41890487470191,-9.624847331982972
NCAPD3,-10.182148574778257,-10.378833686854186,-10.400199055957984
VPS26B,-10.95141987817707,-11.079104191016976,-10.968396865797867
THYN1,-9.786534303855861,-9.860127771549912,-9.937261501631559
ACAD8,-10.829641749667237,-10.843032588072646,-10.893982961227843
ENSG00000261799,-11.783867521780827,-11.639545901054376,-12.018690585291509
ENSG00000290285,-12.757953045280765,-12.50484313275455,-12.62592835431968
KDM5A,-8.926701157584302,-8.636122477621303,-9.077279125967163
CCDC77,-10.679134504266157,-10.53586472269278,-10.96301060828504
B4GALNT3,-9.681821987614466,-9.961475008691416,-9.458335376838054
NINJ2-AS1,-12.863035963811498,-12.283600398253599,-13.076884081408082
WNK1,-8.394828463606922,-8.20639953676888,-8.352667794236183
RAD52,-10.999098758905522,-10.981039574536064,-11.148476530616042
ENSG00000250132,-12.766069617981092,-12.78436189190145,-13.137864073488007
ERC1,-7.8517222138775375,-7.918648032663069,-8.211476860342362
WNT5B,-8.328939676197521,-8.41496055278188,-9.104179407439934
FBXL14,-11.055275433301345,-11.215441070399425,-11.698199304888906
ADIPOR2,-9.514903355919653,-9.513787675930956,-9.768438429802753
DCP1B,-10.653208295633933,-10.342781632138136,-10.575096227471589
CACNA1C,-6.634777589690824,-7.0382897985418245,-6.941068676798245
FKBP4,-9.859550757443102,-10.042048399695068,-9.868345352514254
ITFG2-AS1,-11.393241873608954,-11.44500797967596,-11.60892063157271
ITFG2,-10.028978864686989,-10.119977299378347,-10.31330614289498
FOXM1,-11.818249017291853,-12.367019188349285,-12.22164660828008
RHNO1,-11.09184413903297,-11.231032311270049,-11.205212403911448
TULP3,-10.34283892069156,-10.355393626135754,-10.699769482068175
TEAD4,-11.370727187726077,-11.369024418049364,-11.953053174522752
TSPAN9,-10.17504288307291,-10.350307576147536,-10.213001541110524
PARP11,-10.386415348234436,-10.344147740051117,-10.413591000980643
CCND2-AS1,-11.504270180935237,-11.529580091927825,-11.63402615155405
CCND2,-8.08185605826385,-8.847129312032367,-8.745862751777079
TIGAR,-10.136646242612882,-10.109862308581949,-10.307685729310938
C12orf4,-10.42941103438935,-10.529757708372205,-10.528332721139842
RAD51AP1,-10.84706443066106,-11.603221418431092,-11.1870000296005
DYRK4,-10.423748952786832,-10.630281307106227,-10.398284518563031
NDUFA9,-9.641366095129854,-9.7685511411661,-9.68351645297335
GALNT8,-11.124391490760074,-10.922851677428113,-10.714939277193745
KCNA5,-12.913725510053053,-12.594418233206676,-12.359316009834247
ENSG00000256417,-13.052535750070337,-12.437128726037626,-10.454588534504424
NTF3,-11.758183445587349,-11.614156875245707,-11.627080724116954
ANO2,-12.031165952590156,-12.302700538751667,-12.426778719674303
CD9,-12.867647714213028,-12.93090978166198,-12.00671157582313
TNFRSF1A,-11.46606413141033,-11.583228430635057,-11.495616448655174
CD27-AS1,-11.396451317462832,-11.236535994132566,-11.029056345242344
VAMP1,-13.202838015063056,-13.101691197169309,-13.09296621050225
MRPL51,-8.956957899674135,-9.203086897748952,-9.14151255063069
NCAPD2,-10.246065389169132,-10.606820387860894,-10.585285490466317
GAPDH,-6.280079043302779,-6.524293004406893,-6.1108838379589985
IFFO1,-12.187529426474057,-12.25286566210794,-12.26272866484418
NOP2,-11.1799003722996,-11.28721386742009,-11.221988502480674
CHD4,-8.051096474203897,-8.121009699384027,-8.220465261430286
ING4,-10.200135386183002,-10.34049130985846,-10.46424277106698
ZNF384,-11.174667506328356,-11.179321549960866,-11.371837195329064
COPS7A,-10.660443992154068,-10.647017273005753,-10.80859717252006
MLF2,-9.187036669234606,-9.240540853468271,-9.301755283911989
PTMS,-8.619246111775201,-8.652025360477,-8.626049657567386
GPR162,-12.893930414529898,-13.000039799712154,-12.844767970318438
P3H3,-12.877281914461308,-12.807770792492475,-12.941890666908611
CDCA3,-11.389363250165367,-12.091750102697118,-11.86622967499319
USP5,-10.943190844852047,-11.098553037592549,-11.132522853797798
TPI1,-7.59989901060078,-7.863414214434726,-7.376558416038364
SPSB2,-12.618847468829998,-12.638165681500436,-12.759856066632901
LRRC23,-11.515764359672124,-11.391990383870223,-11.367010519382175
ENO2,-11.800092343694406,-11.641318030917507,-10.577001993392294
ATN1,-10.667614092349304,-10.645855371526618,-10.930547936915367
C12orf57,-9.301706029524608,-9.657551136732934,-9.512700706695725
PTPN6,-12.194981730317675,-12.32188778050276,-12.233422136466517
PHB2,-8.859081917587996,-9.045724289338976,-8.910570595824785
EMG1,-10.884538898973434,-11.075111754143158,-11.235919390841332
LPCAT3,-10.67610270043956,-10.807810905359618,-11.031060341116868
C1S,-11.437216430021405,-11.383302264836102,-11.309372793867606
C1RL,-11.942921242636716,-12.078578446930925,-11.93679885735041
CLSTN3,-11.883416847030686,-11.749160783668946,-11.87352347196222
PEX5,-11.763601789582431,-11.704330485430892,-11.789994598091205
SLC2A3,-8.876481316937214,-8.843244469052657,-9.292058141247015
FOXJ2,-11.229334586660539,-11.396689194352208,-11.459317836333508
NECAP1,-11.108089659690402,-11.112667326785434,-11.097962568087796
FAM66C,-11.348753843280319,-11.829021901356612,-11.612331734452736
ENSG00000290940,-12.833356071932542,-13.033768878068377,-12.786956107771854
ENSG00000286895,-11.089920316566,-11.062552432167605,-11.296285944348863
LINC00937,-9.986813669071095,-10.193336422056298,-10.686127483300128
RIMKLB,-9.704836232305412,-9.66600385323565,-9.724292052823033
A2ML1-AS1,-12.612754513892144,-12.440318063886513,-12.283170359302291
ENSG00000282022,-12.828841568934864,-12.584592761981654,-12.794932523411797
PHC1,-10.548734830091966,-10.469550989709477,-10.641233293427904
M6PR,-9.551241607293818,-9.505044908179011,-9.661616947891321
KLRG1,-10.826281982483742,-10.864917414346127,-10.89817283684839
A2M-AS1,-12.064560804033432,-12.823374953199334,-11.535577553406045
A2M,-10.180608222884672,-10.66638303000254,-11.128188033848751
PZP,-13.187298567806273,-13.046082918772234,-12.74755738469409
LINC00987,-11.860081847060599,-11.474299975535239,-11.650100289399274
ENSG00000284634,-10.89190337798318,-10.978144122941858,-11.566169143528354
ENSG00000291107,-12.23842968677822,-12.407359445252306,-12.415501116545936
CLEC2D,-9.529817241860568,-9.64464982886943,-9.92569210930389
GABARAPL1,-10.616047382901655,-10.549598412059824,-10.372063543851834
KLRD1,-12.329944012171204,-11.894676333663028,-12.039115934774019
ENSG00000290537,-12.928437038202938,-13.097347724461523,-12.80484666440544
MAGOHB,-10.084838414941748,-10.246988464859289,-10.122117530379644
YBX3,-8.601867490261707,-8.769955581280934,-8.768234106957188
PRH1,-9.812797767921282,-9.828212870673365,-10.130637846454853
TAS2R14,-12.206767084271716,-12.19699432102271,-12.539217074303544
TAS2R20,-12.40431917306353,-12.646879329784195,-12.682892144419432
SMIM10L1,-9.449425588529289,-9.432652336291097,-9.30061438411485
ENSG00000275119,-10.949563508745882,-10.999788872100648,-11.937658538300498
ETV6,-9.013347302385073,-9.134847494663493,-9.231061392500205
BCL2L14,-11.810238451885597,-11.755137375565484,-11.857234988997611
LRP6,-9.240572312472949,-9.216684448037467,-9.329223555481839
MANSC1,-11.885646969173521,-12.162898989828717,-12.162937358401537
BORCS5,-10.846612840937363,-11.208141602695282,-10.967652267371362
DUSP16,-9.594303077628172,-9.49741649097902,-9.64142672880329
CREBL2,-10.895614669920384,-10.913909419968224,-10.898192254604323
GPR19,-12.095519962200024,-12.422694875388917,-11.851998377603575
CDKN1B,-9.572284705881128,-9.63351424109588,-9.631808773705103
APOLD1,-9.922734217123246,-10.067550663267939,-10.376643537393145
HEBP1,-10.413340519633245,-10.541981083835383,-10.052674378634135
FAM234B,-12.589600301561472,-12.85622997780728,-12.307289792733506
GRIN2B,-11.745412258874316,-12.502354452703441,-11.076198699320654
ATF7IP,-8.68225073693765,-8.647175799671567,-8.792763589838808
PLBD1,-12.175762431916054,-12.165859321915994,-11.825116383750187
H2AJ,-11.316850110017224,-10.916105159798034,-10.346179622779731
WBP11,-9.045890713572984,-9.097737354362206,-9.058225667621151
RERG,-9.931926252732199,-10.172258448201726,-9.722872119263268
EPS8,-10.32320330093037,-10.79092062547809,-10.530116605816874
STRAP,-8.814688052848417,-8.939023565267718,-8.932634522342202
DERA,-9.640530525970544,-9.769530964208068,-9.98482003284582
MGST1,-9.476670680699065,-9.34042898301591,-9.579497892031007
LMO3,-9.65157943141925,-10.047082739419903,-10.984286001722113
PLEKHA5,-7.491525700952416,-7.425995502936325,-7.059104890087957
ENSG00000253284,-12.494671281657789,-12.33286806129291,-12.01142137172587
AEBP2,-8.863514738237857,-8.89693382939219,-8.906677263467627
ENSG00000255910,-10.98999193917704,-10.765434079601274,-10.974280782670412
LINC02398,-11.730648158551748,-11.67158806991047,-12.037684606018564
ENSG00000287075,-11.96926028936637,-12.049999468787076,-12.161015612043984
PDE3A,-9.164115983294002,-9.608743345614204,-10.316562646646767
PYROXD1,-11.168770018983023,-11.07188684173978,-11.181833597523704
RECQL,-10.324203948575954,-10.676842619080874,-10.701579720644053
GOLT1B,-10.92674873038254,-11.054669726808331,-11.098257240312108
LDHB,-7.467456442519127,-7.590512673493904,-7.440368790856946
KCNJ8,-11.710563878708582,-11.885195400972991,-12.016753972977641
CMAS,-9.744823502710181,-9.72281394667533,-9.636614442616379
ST8SIA1,-10.575108973167525,-10.69587675448509,-9.969102833692356
C2CD5-AS1,-12.227051897511398,-12.298940642721103,-12.230767612555882
C2CD5,-9.423411976834268,-9.468010462754293,-9.481490339098842
ETNK1,-9.0469417423881,-9.015650007606125,-9.118124118702353
LINC02955,-12.455944341074913,-11.791460952956827,-12.157473073839272
SOX5,-7.73503629757986,-7.895392675496475,-8.042425733372017
BCAT1,-10.398812771435022,-10.577093696699498,-9.580233074654627
DNAI7,-12.58874509701201,-11.846398545743616,-12.605293363979744
ETFRF1,-10.539832779083248,-10.580948007844173,-10.671677784249454
KRAS,-9.356849414947305,-9.412155615009858,-9.436846625097909
RASSF8-AS1,-9.925241636781461,-9.885797383111708,-9.852396526833433
RASSF8,-8.794557586081249,-8.751244310493327,-8.45725191560411
SSPN,-11.395081608967308,-11.5963032328848,-11.571159467603668
ITPR2,-9.172703642873222,-9.449257191074713,-9.53501955628472
INTS13,-10.17232014870782,-10.299413100892227,-10.48194862911818
FGFR1OP2,-9.532014195210168,-9.587341814225445,-9.613284227231846
TM7SF3,-10.027753086487914,-10.042121596215967,-10.331994538979023
MED21,-10.025194112651821,-10.072926467610129,-10.33991146830219
ENSG00000275764,-12.135062819094623,-12.290558244506888,-12.623043570847097
STK38L,-9.656285860594021,-9.729208361019706,-9.883977568528442
BMAL2,-11.663259946774508,-12.182591720238,-12.306461754087435
PPFIBP1,-9.025257207225472,-9.07217755057803,-9.287578941491338
MRPS35,-9.216226654641241,-9.30801845778204,-9.295449346155797
KLHL42,-9.765679404642519,-9.751814439746543,-10.153074835414825
CCDC91,-8.863845079493407,-8.986612089786902,-9.093978798557318
ENSG00000247934,-12.790779034171207,-12.512828410595525,-12.689750871457013
ENSG00000257176,-12.60626729232987,-11.743190320302537,-12.406478938129125
ERGIC2,-9.446217262380205,-9.504098695257658,-9.584020195933997
OVCH1,-12.777337667096244,-12.779162031528488,-13.160891900339745
TMTC1,-9.497111387617869,-9.394287620079503,-9.653178826685227
IPO8,-9.989478724302543,-10.080339129355437,-10.11345366102483
CAPRIN2,-10.405386887405824,-10.365638363613076,-10.397031331537336
TSPAN11,-11.814867252869949,-12.318447190835727,-12.166500820772843
DDX11-AS1,-12.082789312511599,-12.086334530405367,-11.907090536650164
DDX11,-11.066066455729338,-11.102770345304812,-11.627006746245893
SINHCAF,-8.786872603058185,-8.810912404862954,-8.870711291053306
DENND5B,-7.792962478691674,-7.764855545189361,-7.822964177612145
ETFBKMT,-12.956239810622872,-12.840197082765131,-12.833302724131512
AMN1,-11.199723219226216,-11.08288615906535,-11.215965991093542
RESF1,-9.51004930033291,-9.336090626141557,-9.706356668555712
BICD1,-8.677229551958915,-8.636092371934184,-8.659499644375556
ENSG00000274964,-12.47402125079845,-12.37027649949283,-12.624607665453754
ENSG00000276115,-12.028829530096585,-11.926812789519493,-12.023619087597408
FGD4,-10.98535384358274,-10.611846829619903,-10.374766993815909
DNM1L,-9.012261623699722,-8.970075738506868,-9.040352039722173
YARS2,-10.0675224698308,-10.220351188288735,-10.390467116840064
PKP2,-7.284362340169149,-7.398499145325856,-7.647564747444877
SYT10,-10.892777710132638,-10.695801717116497,-11.417163146514525
ALG10,-11.806713055920653,-11.740875140157785,-11.958674219181216
ALG10B,-11.626629652783214,-11.517078634466282,-11.4352254782971
CPNE8,-12.411603159479201,-12.213790568921256,-13.014610454375635
KIF21A,-8.644004224624695,-8.690355836547917,-8.967208299846659
SLC2A13,-9.359694403132305,-9.798408432298565,-9.282161169594033
LRRK2,-11.64234517890038,-11.761289252964268,-10.916898988928796
CNTN1,-12.39055957910994,-11.115928688477132,-12.565109110846754
PDZRN4,-12.0648931525422,-10.786199566341406,-10.973921263344874
GXYLT1,-9.894893184903438,-10.052731058312453,-10.05684829428694
YAF2,-9.086675884593403,-9.182729876878655,-9.20150558315628
PPHLN1,-9.155497239557842,-9.268897173344566,-9.314994905197903
ZCRB1,-9.582650697525272,-9.648083752780993,-9.578187930655973
PRICKLE1,-6.974009617355785,-7.2054238083607025,-7.4503300864982105
ADAMTS20,-11.652182450464563,-12.911294587557519,-12.343610233280733
PUS7L,-10.27669898700808,-10.524573309900303,-10.835846551296264
IRAK4,-11.616855341695112,-11.750079326159888,-12.44074758119362
TWF1,-10.060111635722722,-10.112134984400125,-9.998708015119307
TMEM117,-8.810084842989049,-9.085784171885754,-9.334576903511904
NELL2,-12.087972509385521,-11.761818654028625,-11.590955973448912
ANO6,-8.990402896480159,-8.903039563864619,-9.205930149177533
LINC00938,-11.002015689408443,-10.885445629845279,-11.084347710843465
ARID2,-8.478134397909233,-8.469128988656676,-8.71273493870776
SCAF11,-8.129819688788638,-8.079689930592405,-8.206625425079086
SLC38A1,-8.193101570065894,-8.165425982434066,-8.349143479615629
SLC38A2,-8.88858351125808,-8.798123054884147,-9.044403788682626
SLC38A4-AS1,-8.894504513219328,-8.678137233240804,-8.617861793328581
ENSG00000257496,-11.633473060262078,-11.307289774210545,-11.445817639422938
AMIGO2,-13.268193781490561,-13.167921867329866,-13.1455015332425
RPAP3,-9.385941921070973,-9.421040946870484,-9.41528891669818
SLC48A1,-12.095122529306753,-12.242095948124609,-12.077668674639902
HDAC7,-10.576852583197331,-10.569905956629318,-10.794940222146533
TMEM106C,-10.10420080855553,-10.23870249739089,-10.204425263456114
COL2A1,-9.109623468939692,-8.561778030892638,-9.961061327966268
SENP1,-10.00796558888315,-10.101844749305473,-10.098013798981079
PFKM,-9.581459924710202,-9.753702701372058,-9.691929722829686
ASB8,-10.336042243740595,-10.361300339345387,-10.389674017909124
ZNF641,-11.634565337471672,-11.468520819771594,-11.4609950769193
ENSG00000257735,-12.114746194203258,-11.964071517961438,-12.486441498335866
KANSL2,-10.470215168986792,-10.501220376287506,-10.611674258344316
CCNT1,-10.370250413602728,-10.383222953548778,-10.497389561245692
ADCY6,-10.557183270503963,-10.703215896802217,-10.345829939375637
CACNB3,-12.599850217008544,-12.578247304572667,-12.624819339296657
DDX23,-10.624406793088799,-10.745444708313341,-10.781515006989885
CCDC65,-12.238808057842826,-12.074977487746875,-12.431498095908893
FKBP11,-11.925404328039129,-11.87011433547337,-12.237998458015197
ARF3,-10.124241431566094,-10.187052165823339,-10.224830525585023
DDN-AS1,-13.191668612916175,-13.072252968503767,-13.107324949183681
PRKAG1,-10.372837178026703,-10.503032800872736,-10.5206205650702
KMT2D,-10.521795640214085,-10.583659439493921,-10.804228656169135
LMBR1L,-11.188702849778238,-11.18905531126203,-11.337658396812174
TUBA1B,-7.615547371755706,-7.889150949200979,-7.917136131317352
TUBA1B-AS1,-11.279906721852837,-11.2624551723123,-11.382026179993106
TUBA1A,-8.178988659280273,-8.25519048757069,-8.493005200840635
TUBA1C,-10.359015814230403,-10.62977331544315,-10.560420764918266
TROAP,-11.623362543920319,-12.189075836508632,-12.202405744918051
SPATS2,-9.278267794961476,-9.232846106215861,-9.455577643692553
MCRS1,-10.344788667857733,-10.441623261594854,-10.603804334173514
PRPF40B,-9.70602188856428,-9.670346606930595,-9.833962951223644
FMNL3,-11.585448629380165,-11.843300459525324,-12.020122887842893
TMBIM6,-8.52141233917484,-8.539220667256306,-8.653167040504382
NCKAP5L,-10.796043120264383,-10.842191104672464,-10.91643121325721
BCDIN3D,-11.38337596581516,-11.497142843848184,-11.445205068987939
RACGAP1,-11.084382235219755,-11.496391823267443,-11.412072095488254
ASIC1,-12.318913718830835,-12.518766287966983,-12.473320005075603
SMARCD1,-10.178802309669779,-10.20401704916113,-10.311850627285244
COX14,-9.573567338045784,-9.560094569352641,-9.639547956674749
ENSG00000272368,-11.46241242595404,-11.450689117117152,-11.618711183244756
CERS5,-10.243052661610456,-10.144452124268337,-10.381912715897215
LIMA1,-10.126642126585462,-10.215456678715412,-10.135069768035036
LARP4,-8.94624283590472,-9.02113872486043,-9.0220001267321
DIP2B,-8.933606823018328,-8.889042310973016,-9.080056923952984
ATF1,-9.912472747195109,-9.950298447547992,-9.992847469642134
METTL7A,-11.783804875569095,-12.473632098163186,-11.81425792259772
SLC11A2,-10.339896680756711,-10.447760271096248,-10.44785707372847
LETMD1,-10.678946288183406,-10.897259527049103,-10.814039855528787
CSRNP2,-11.16260740234862,-11.249516653239684,-11.298910671331697
TFCP2,-9.877433638769084,-9.91692660952569,-9.968659314241542
POU6F1,-12.789297488241337,-12.663546203884707,-13.081631137951847
DAZAP2,-10.343747968533838,-10.300669210239011,-10.428887675237815
SMAGP,-12.548689094375401,-12.826384580216454,-12.902408624415068
GALNT6,-12.715220179705106,-13.110167074130647,-13.211081277402975
SLC4A8,-11.108866369050995,-11.28129594149476,-11.393131998301373
SCN8A,-10.58645648281154,-10.772126239799038,-11.0993559277372
FIGNL2,-11.857488319475616,-11.979814070430256,-12.243177841366672
ACVR1B,-10.140840843625062,-10.224126839812234,-10.144357961201758
NR4A1,-11.265532634961955,-10.411378699773534,-10.919630584413353
ATG101,-11.12179374872434,-11.056434188745358,-11.160936882022606
KRT8,-8.079285068297924,-8.05748588443848,-8.376986412676366
KRT18,-8.261852136341,-8.25535077983017,-8.70398306993412
EIF4B,-8.044307669015408,-8.134085809920283,-8.162243700799754
TNS2-AS1,-12.130573948504539,-11.887005115040962,-12.311617554575887
SPRYD3,-12.851904701309229,-12.924115795393629,-12.526508230184822
IGFBP6,-12.018479303436543,-12.57978262709585,-10.821562094575473
CSAD,-10.542121673991689,-10.553583526774593,-10.681306720627932
ZNF740,-10.83811353394919,-10.832873445038377,-10.989802561364296
RARG,-12.510614890312137,-12.535334428093238,-12.411549726557254
MFSD5,-12.143793564526094,-12.105918645603108,-12.347662365770468
PFDN5,-8.102407878794272,-8.236248377358235,-8.239964885826565
MYG1,-10.612856767601546,-10.763796869887601,-10.79479702475743
AAAS,-10.684700041742419,-10.865293739886665,-10.897900052163237
SP1,-10.368046223667491,-10.318977976207098,-10.528248270702043
AMHR2,-11.432153281338167,-11.352894926382353,-10.865490426368757
PRR13,-9.915975542839174,-9.971755766558585,-9.952095748367249
PCBP2,-8.003233061620021,-8.169500395573136,-8.190519786271873
MAP3K12,-12.138440973173802,-12.014292223377938,-12.259984932007047
TARBP2,-11.272183927909857,-11.34337562806834,-11.532668387177049
ATF7,-9.888891789601708,-9.917411237002888,-10.036347149911192
ENSG00000285692,-12.328708986467001,-12.16039717418867,-12.55711118122007
ATP5MC2,-7.600213351851051,-7.699215042621141,-7.7045820890161805
CALCOCO1,-10.172333355796495,-10.228025440075767,-10.325053738338703
SMUG1,-11.657947084381046,-11.753487116243742,-11.684118572935285
LINC02381,-13.334726171301325,-12.706466439392795,-12.29718298875104
CBX5,-8.218512875724624,-8.410225693460509,-8.35550466600324
ENSG00000289154,-12.469865908110814,-12.534128679873891,-12.599136721082047
HNRNPA1,-7.096364118608637,-7.373128523872201,-7.249920587522169
COPZ1,-9.588130737016403,-9.75115972242332,-9.579727402202959
ZNF385A,-11.935091424078754,-12.247475054931352,-11.871425193391811
ITGA5,-11.754965251640812,-11.809364293291171,-11.510342999694366
PPP1R1A,-8.624403299721314,-8.893981341817149,-8.151740785749615
ITGA7,-11.406533906741721,-10.866947090039448,-11.224170061043646
BLOC1S1,-9.694295357958817,-9.835441109993393,-9.803482680459481
RDH5,-12.550633998597595,-12.532544311766715,-12.709459769406221
CD63,-7.88315108430662,-7.791296751416077,-7.817141739045746
CD63-AS1,-12.161969669531583,-12.484375140278342,-11.863055590975083
GDF11,-9.959701802009379,-9.708979935245821,-9.936134291807853
SARNP,-8.799328052819826,-8.919983993436864,-8.922085631545727
ORMDL2,-10.901517355587899,-10.878303481721767,-11.054903125005346
DNAJC14,-11.883744387754698,-11.78615466350488,-11.922497707194706
PYM1,-10.382581580170728,-10.457365814516121,-10.530538358687066
DGKA,-12.237020086005286,-12.389346694518157,-12.369778759269185
PMEL,-12.770283248796433,-12.331515584371562,-11.487667837378325
CDK2,-11.330968237643653,-11.61203480815414,-11.617061564137357
RAB5B,-10.119313925610735,-10.075356146176166,-10.29462219328768
SUOX,-11.65373020807349,-11.429514691234218,-11.59109752642235
IKZF4,-10.842324831134789,-10.750545687304506,-11.1547436492434
RPS26,-6.729936232505301,-6.828262442795997,-6.7898225036751
ERBB3,-12.050835061760662,-11.639935063510437,-12.10660668513723
PA2G4,-8.665185504251896,-8.808735904638358,-8.78192009537621
RPL41,-6.0930221719545905,-6.292211615196063,-6.3088936169985335
ESYT1,-11.08962100338655,-10.785487196152639,-11.5111878014246
ZC3H10,-12.197016947824736,-12.266126206615013,-12.134830786576325
MYL6B,-9.556274039304853,-9.755450570488136,-9.78352912168732
MYL6,-6.382856918697589,-6.362455819017902,-6.507771085006885
SMARCC2,-9.551672143492944,-9.511275675204491,-9.777243517261065
RNF41,-10.874097963845992,-10.885899316065986,-11.021844965708583
NABP2,-11.705445978855627,-11.843895699400697,-12.02837046535297
ANKRD52,-11.196525576704785,-11.085827789356175,-11.18250312459705
COQ10A,-11.240310867936174,-11.162621603520236,-11.130256928283185
CS,-9.477125026131544,-9.556883145273671,-9.506829835141206
CNPY2-AS1,-11.977500596009426,-12.095908751081021,-12.071145492989853
CNPY2,-8.996295567062186,-9.086383580259882,-9.095721523514227
PAN2,-11.259515983353001,-11.290635387294229,-11.478491965821746
STAT2,-10.725465783868941,-10.700016664711793,-10.83952451126594
TIMELESS,-11.131524745364358,-11.522161665656593,-11.483757429461862
SPRYD4,-11.297102743873163,-11.417029769158697,-11.496371857919044
RBMS2,-10.326703280105122,-10.173215914046386,-10.452616643573844
BAZ2A,-9.474318304012565,-9.377099744624491,-9.576610884695802
ATP5F1B,-7.563704377643201,-7.696556593508752,-7.6965231416334
PTGES3,-8.010794696643094,-8.132429992575531,-8.063357828024136
NACA,-6.773083773948406,-7.022086794774817,-6.958659721863579
PRIM1,-10.956711151529294,-11.406525347279578,-11.201802035518794
ZBTB39,-11.644872855476166,-11.72908133248025,-11.506691215290427
TAC3,-12.57713851029486,-12.905100559172878,-12.107245383498997
NEMP1,-11.311653050477878,-11.689477929944596,-11.59709420850224
NAB2,-11.640881554388283,-11.585003783885924,-11.750932605163648
STAT6,-11.518354433048227,-11.424831911473529,-10.823883787918525
LRP1,-10.102237739013582,-10.213228564510644,-10.241914947384817
SHMT2,-10.770883174493006,-11.014174318641532,-10.546644388056713
STAC3,-13.296578925414526,-12.983227597041042,-13.185212018131558
R3HDM2,-8.778078469543027,-8.704067675699275,-8.880076426258785
MARS1,-10.328903210923063,-10.374033815408866,-10.3949943343353
DDIT3,-11.232791167111317,-11.24648183618545,-10.98502682554114
MBD6,-11.675992745445125,-11.89870284090512,-11.985751672112464
DCTN2,-9.636694806917006,-9.745252401957229,-9.708915848921574
PIP4K2C,-11.799657574336864,-11.870560179180506,-11.897825860896104
DTX3,-11.656062393148709,-11.749455524478995,-11.875659682199164
ARHGEF25,-12.736310090916325,-12.836182132715846,-12.584440764135152
OS9,-10.073283428496826,-10.021247151169325,-10.255558571993244
TSPAN31,-10.561992426265551,-10.435788374608256,-10.51238446249969
CDK4,-9.642899526735661,-9.757823700598783,-9.650549485685783
MARCHF9,-11.722887857842732,-11.830669804172265,-12.039256815189988
METTL1,-11.83509393013292,-11.928753490594328,-11.895018590531357
TSFM,-10.327305883909728,-10.484004970870783,-10.408924908027116
AVIL,-12.092153771391825,-12.183613902975353,-12.758433628172762
CTDSP2,-9.939192015860458,-9.939150755940263,-10.196461099692582
ATP23,-11.522895201388677,-11.864122829632635,-11.661879028723801
GIHCG,-11.00259500491712,-10.930382727670617,-11.01904272925306
LRIG3,-10.272074507368007,-10.242038091947041,-10.739924684754966
LRIG3-DT,-13.01451389909823,-12.567233519895998,-12.975569672661452
SLC16A7,-10.21955991954392,-10.461813989924478,-10.269025345220792
TAFA2,-10.193901247031297,-10.090622494376845,-10.284202646831934
USP15,-8.68421342719341,-8.737248865335912,-8.621985586502136
MON2,-8.991648435523045,-8.993409883017028,-9.089026443387224
MIRLET7IHG,-11.333921259211909,-11.48574268178437,-11.692198907343208
PPM1H,-10.25341111708363,-10.47163405590729,-10.547355029211454
DPY19L2,-10.495840301876614,-10.437199362820868,-10.330671582263406
RXYLT1,-10.335477912533007,-10.279261266213936,-10.449644384868796
SRGAP1,-9.529179761864986,-9.59900887734622,-9.984243648396143
KICS2,-12.546619787732473,-12.46551460128838,-12.469326742138207
XPOT,-10.239470619113668,-10.217243850334716,-10.05515950563705
TBK1,-10.249001995277226,-10.318519847256336,-10.267186911663282
RASSF3,-10.001637073821241,-10.035263870450839,-9.968081714833117
GNS,-10.1225432346754,-10.149286792021815,-10.236865009294354
TBC1D30,-11.707610055677698,-11.801580040004296,-12.024315882207237
LEMD3,-9.76771229075959,-9.713957964213712,-9.831287676572451
MSRB3,-8.160682654917359,-8.068982929672663,-8.475700678066538
ENSG00000250280,-10.848441518513114,-10.681137144210696,-11.256711728015528
HMGA2,-8.634511114999745,-8.934728121821133,-8.651222884400493
HMGA2-AS1,-12.758749958333253,-12.743023551665777,-12.500892134985119
LLPH,-10.172652050180806,-10.292072969148043,-10.361272331930518
LLPH-DT,-13.128222815233938,-12.607548784366259,-12.774341335627943
TMBIM4,-10.025798432252516,-9.845568880448935,-9.881445408523899
HELB,-11.337168711681038,-11.534299413013663,-11.713299818184034
GRIP1,-8.656891925535732,-8.70956428749328,-8.698411231054557
CAND1,-9.023639922062866,-9.091710039659333,-9.018690743452002
DYRK2,-9.490693285581445,-9.517869418668548,-9.632842213724729
MDM1,-10.787423892891239,-10.847391277380895,-10.868618764461994
RAP1B,-9.293357709814293,-9.358272936466323,-9.402839560885337
NUP107,-9.881073740645695,-9.972312231404757,-9.974552584660044
SLC35E3,-10.250411929316352,-10.198034163916297,-10.373890416230752
MDM2,-9.27378796403142,-9.485389847089898,-9.643230597874245
CPM,-12.59199438821397,-12.865755371978883,-11.720276885261281
CPSF6,-8.720368286577804,-8.789430757827446,-8.764766845511254
YEATS4,-10.148863869679635,-10.582733555676896,-10.461794316815825
FRS2,-9.255878910303403,-9.250641118206028,-9.367123150456903
CCT2,-7.906068783880409,-8.071080474330232,-8.125036561182263
LRRC10,-10.846247143507721,-11.044467140864667,-11.198033979835213
ENSG00000247131,-12.019949003125735,-12.607976078518265,-12.629829338288626
RAB3IP,-8.095797418543992,-8.378445869915708,-8.521274995955684
MYRFL,-10.044584220785593,-10.47416939124736,-10.747265351548117
PRANCR,-9.744857585433415,-9.210461323094464,-9.314868733173094
CNOT2,-8.869131791314603,-8.882982282758737,-8.988023626938089
KCNMB4,-9.801041272073308,-9.963610516393206,-9.79710972713784
ZFC3H1,-9.313398223179885,-9.185201359715265,-9.333308258545301
THAP2,-10.98868919169716,-10.928699487147961,-10.825454025917864
TMEM19,-10.932321464164337,-10.834176475822119,-11.066769056453891
RAB21,-9.574414862492192,-9.604059845518869,-9.70262460205253
TBC1D15,-9.901327657584213,-10.068571136273176,-9.983483797085718
TRHDE,-12.29127458261992,-13.207587809139332,-12.793511558113602
LINC02444,-11.591475683652366,-11.899999406724717,-11.97558264449001
ATXN7L3B,-8.877955999745025,-8.909326970463551,-8.89410326907413
CAPS2,-12.082611658587831,-11.490264315325188,-11.070120367101461
GLIPR1L2,-12.9510182328326,-12.585555418550983,-11.981559047201726
GLIPR1,-13.158482466639695,-13.152513351552678,-12.92200137185937
KRR1,-9.559723726811367,-9.632949636558141,-9.60954146077031
PHLDA1,-11.136138614134245,-10.917394924960734,-11.523170524981513
NAP1L1,-6.5557371132360425,-6.568466710587475,-6.57553078739868
BBS10,-11.370555104953448,-11.253625965257308,-11.28187823392785
OSBPL8,-8.38517050338456,-8.512537511414198,-8.621594003067617
ENSG00000257526,-11.919901171753136,-11.568550818730078,-11.920001086554752
ZDHHC17,-9.532358536806932,-9.52584939807759,-9.636307199046772
CSRP2,-7.836007663694013,-8.325266518661133,-7.6752148163519465
E2F7,-11.710764754304437,-12.42494831191987,-12.273082390198212
NAV3,-9.80048854384399,-9.858274089074925,-9.698106166937132
SYT1,-11.557925893824608,-10.707766054500615,-9.36469982616236
ENSG00000257894,-10.602177278300875,-10.56144488778074,-10.900199888392308
PAWR,-8.859339482683556,-8.922368305881118,-8.97383589080401
PPP1R12A-AS2,-12.117453577931487,-12.072207035999122,-12.250479441058896
PPP1R12A,-7.871067267706745,-7.865143802882731,-7.972758767389761
PPP1R12A-AS1,-12.027129393062078,-12.068397302500175,-12.171998492777245
OTOGL,-9.702046699242224,-10.497081881468434,-9.651444881745732
PTPRQ,-11.016334244944659,-12.101426158467365,-10.867083011451975
LIN7A,-10.768607939490389,-11.372587093069287,-11.09982923862763
ACSS3,-9.640465909099422,-9.629492678927964,-9.47351132431008
PPFIA2,-9.848561884956958,-9.629784947558749,-9.847840101414373
CCDC59,-9.993367582225797,-10.191995601366159,-10.037841561560928
METTL25,-9.312015695308618,-9.284703664157934,-9.449635242884094
TMTC2,-8.269372853492914,-8.188717284923895,-8.143082407312576
ENSG00000288941,-9.552389842427,-10.243366959646414,-9.25178148377547
ENSG00000289309,-11.041232233043477,-11.78309269481183,-11.302524598956767
LRRIQ1,-11.561239467324974,-11.300374204250128,-11.853053277121647
MGAT4C,-9.655773000219533,-10.42870714594223,-9.426043919979415
C12orf29,-10.663336781266965,-10.681699323548756,-10.611515521627872
CEP290,-9.079874975875988,-9.071491489577935,-9.075932280113612
TMTC3,-10.027180798179893,-10.006928955646336,-9.96830851494299
KITLG,-11.367725634212386,-12.138820915826884,-11.881148030860471
LINC02458,-11.83549071813647,-11.936949222518885,-11.870494307753036
DUSP6,-9.064069069753332,-9.048256465458765,-9.477827202719519
ENSG00000286608,-11.345233125627479,-11.137274272995116,-11.249784929973819
POC1B,-10.506848514797044,-10.625562711830666,-10.61382727884994
GALNT4,-11.721998671378797,-11.642396338212784,-11.806459262827646
POC1B-AS1,-11.777138349933601,-11.800292187116506,-11.831267350828375
ENSG00000258302,-12.95787409263501,-12.943150534548057,-12.76202937201681
ATP2B1,-8.512393448808135,-8.759847289932514,-8.73074893040089
ATP2B1-AS1,-11.747574170393763,-12.294210237268592,-11.620552564484486
ENSG00000258216,-12.60160084041486,-13.149146241650602,-12.860980518357952
LUM,-11.077195656088074,-10.981602081065514,-10.430267669039065
DCN,-10.959420282735438,-11.052873182213993,-10.054686044031891
LINC01619,-10.382990210133837,-10.153982707106161,-10.512937025358118
BTG1,-8.217853832037786,-8.19600366436886,-8.267271537115539
BTG1-DT,-11.958773402208395,-11.698343320821873,-11.707048705443821
EEA1,-8.778369513776914,-8.822924819192268,-8.985149305900137
ENSG00000257322,-10.176295170276717,-10.347540990313345,-10.092937978648807
ENSG00000257252,-10.70200280466755,-11.430471631622105,-11.172678555166785
NUDT4,-8.724402352895593,-8.757387281636717,-9.329085869838572
UBE2N,-9.137394077003528,-9.263305763986509,-9.30582984227572
MRPL42,-9.466135725536574,-9.585281541912211,-9.537794677013698
SOCS2-AS1,-11.803908906679712,-12.003145594005684,-12.159646410744427
SOCS2,-10.78261467661132,-11.073838249258849,-10.814464524903673
CRADD,-9.511765067812386,-9.44826427299151,-9.615016659744079
PLXNC1,-11.951514356105104,-11.913767644181464,-11.618751499008011
CEP83,-9.407269145636109,-9.334912053560556,-9.348369111351726
NDUFA12,-8.849124119042362,-8.9997646806332,-8.886768010770288
NR2C1,-9.416124851639175,-9.453330667359609,-9.58595192081807
FGD6,-9.153088090550117,-9.198503570386652,-9.545868585144836
VEZT,-8.863053990480488,-8.867870134069074,-9.037432849741565
ENSG00000289437,-12.769314216890793,-13.013248956281576,-12.964784037274976
METAP2,-8.73649501711674,-8.889152418275907,-8.782713599862834
USP44,-13.323956875386163,-12.408672914880544,-12.951366357978179
SNRPF,-8.840741130578873,-9.07148499562471,-8.921477849967575
LTA4H,-9.596974081137613,-9.777974146571633,-9.553062420576719
ELK3,-10.662632346527525,-10.95211598902729,-10.958034460179398
CDK17,-9.620916829849028,-9.819342786665167,-9.797004841033973
CFAP54,-12.738033204089817,-12.593428941795533,-13.084449897704935
NEDD1,-10.106258585716732,-10.116025191115652,-10.283523659664036
RMST,-12.290458731438424,-12.200670859950634,-13.080152718280223
TMPO-AS1,-12.913499795197955,-13.04916128859191,-12.869794620620056
TMPO,-9.113240735769931,-9.301992274400224,-9.271095037963395
SLC25A3,-7.675400638298865,-7.809217404960901,-7.80767430555641
IKBIP,-9.82024460676939,-9.982484254043968,-9.937570088771846
APAF1,-10.560186641640554,-10.59501920713799,-10.650813585341394
ANKS1B,-10.799516391414189,-10.622365035167322,-10.300865268664182
BLTP3B,-9.611662870605699,-9.71748313535621,-9.58496694970704
GOLGA2P5,-11.947780813512061,-11.985418814744504,-12.27027232482569
ENSG00000290576,-12.780955038754707,-12.641020012956707,-12.905014889626434
ACTR6,-10.212938187608838,-10.306191617144624,-10.147330755086367
DEPDC4,-12.017688202715108,-11.991988331512129,-12.088502012037473
SCYL2,-9.36655468765231,-9.328544282486618,-9.362443225668024
GAS2L3,-11.365613716919638,-11.868159345143006,-12.055751940094304
UTP20,-10.427111818108079,-10.31645189902156,-10.62376700984548
ARL1,-9.824533319028369,-9.817534087688909,-9.75296594636309
CHPT1,-10.28964301411821,-10.211777504706413,-10.046883838900548
GNPTAB,-11.250304657115333,-10.998633923360382,-11.322293703311011
WASHC3,-10.346574419003355,-10.346703998535189,-10.292367369423154
NUP37,-10.441198345195453,-10.576745048984765,-10.589637670496925
PARPBP,-11.006014105611731,-11.481338649806148,-11.415274415952002
HELLPAR,-12.414515645812179,-13.061954239112088,-12.652860715351013
NT5DC3,-11.93349449164164,-12.316988779353714,-12.261243412975505
HSP90B1,-7.133666478629226,-7.182729087694477,-7.249197235405438
UQCC6,-10.790944268288001,-10.751106359415807,-10.797656857318827
TDG,-9.625598029359269,-9.617328533230898,-9.789463835426188
ENSG00000288744,-11.342171029007192,-11.222232510355818,-11.607289897433995
GLT8D2,-12.006351546411198,-12.139459896898817,-12.26001319635597
HCFC2,-10.232545615106321,-10.234596036608396,-10.414702108286615
NFYB,-9.415308102404358,-9.370427263360025,-9.366259267934401
TXNRD1,-9.282446860962642,-9.385496957576779,-9.373912491853313
CHST11,-9.084081250341477,-9.147574780172237,-9.558339837943173
SLC41A2,-11.069033125153824,-11.112978492339524,-11.7695876095095
NOPCHAP1,-9.841861502022278,-9.82272551382021,-10.06953902274715
ALDH1L2,-12.963766650700807,-12.66120975798128,-12.546451248636243
WASHC4,-9.663170464750372,-9.678722745996813,-9.7489507006796
APPL2,-9.783888783633406,-9.802781183752348,-9.879062705971812
C12orf75,-9.770787043569575,-9.45508631696939,-9.78978154879946
NUAK1,-10.092179998387486,-10.476881672930462,-10.570258529646765
CKAP4,-9.294808871367415,-9.356021344944416,-9.475104633544277
TCP11L2,-10.723079284634073,-10.743451292176676,-10.901334506038243
POLR3B,-10.204532726478789,-10.130612844290821,-10.169369099896846
ENSG00000257545,-12.15999506170614,-12.115703210153779,-12.420978798247464
RIC8B,-9.757078580599796,-9.572054251764204,-9.796252674605936
TMEM263-DT,-12.639704925535465,-12.600336170834634,-12.401156539177274
TMEM263,-9.458621138464485,-9.296804800241869,-9.428995263578749
MTERF2,-10.355466532545519,-10.240876029339578,-10.240956663609596
CRY1,-10.423549225731188,-10.152382949965963,-10.355236459169062
ABTB3,-12.444055505864071,-12.506508657120916,-11.82584499535627
PWP1,-10.108980137528944,-10.244413594062728,-10.167822668920012
PRDM4,-10.93814678918966,-10.973593784105102,-11.013661097026024
SART3,-10.169839105149938,-10.297334727434073,-10.41361635576332
ISCU,-9.69764343569131,-9.765731227378147,-9.941552554702733
CORO1C,-9.247073762081614,-9.206111269055297,-9.32231757859788
SSH1,-10.070788863766598,-10.072829879654783,-10.189596225284406
USP30,-11.197242747609215,-11.316164365279002,-11.187295331443028
ALKBH2,-11.033827816972458,-11.223401838022452,-10.918503240911349
UNG,-10.123494694072098,-10.419484310996934,-10.24322873646191
ACACB,-9.546539084632846,-9.525839942173954,-9.658451542785507
KCTD10,-10.183560955454322,-10.159050057320542,-10.41484858928428
UBE3B,-10.567594738680455,-10.650488241273793,-10.86372558895349
MMAB,-10.100394719970163,-10.349132150300841,-10.326000974740607
MVK,-11.525061081846175,-11.73354083637172,-11.613584427332452
FAM222A,-11.8451568665745,-11.71211115362116,-11.853068175959695
GLTP,-10.618962866376268,-10.975249209592842,-10.725243240136875
TCHP,-10.311604220588892,-10.365939347058683,-10.405912110043106
GIT2,-10.13974086187851,-10.146241472587695,-10.343727462090104
ANKRD13A,-10.519006957811078,-10.544466278127503,-10.676272315047155
C12orf76,-11.226488380319907,-10.941739321214826,-11.050048773079574
IFT81,-8.867257024357757,-8.861970591994817,-9.081685101497024
ENSG00000289311,-13.13919209041282,-12.924174185502007,-13.066095924797532
ATP2A2,-7.939906746883303,-7.993459201434567,-8.105607396724796
ANAPC7,-9.932013823285631,-10.04509341506845,-10.26889915883415
ARPC3,-8.816091942892552,-8.951676194041593,-8.97961638279393
GPN3,-9.879883530966339,-10.05553747608704,-9.946633209320563
FAM216A,-10.386967835814701,-10.641788024842944,-10.46939012597571
VPS29,-9.219437030241403,-9.423468750521362,-9.410934307923734
RAD9B,-12.623181674870013,-12.789029468442719,-13.029103559954017
PPTC7,-10.054795054496301,-10.134494856799948,-10.265650210144328
TCTN1,-10.480184149797491,-10.404484369520718,-10.522479056849418
PPP1CC,-8.686644629265563,-8.92492957222291,-8.884638050945657
LINC01405,-11.352339374660108,-10.572844656118809,-11.552706117726187
CUX2,-10.587294036817358,-10.674189989305432,-11.51922001019754
PHETA1,-13.146427238129744,-13.102825491694576,-12.958250080253023
SH2B3,-12.682167669418805,-12.674853373820477,-12.349840679528329
ATXN2,-8.73328741736075,-8.785282335763068,-8.907301283055807
BRAP,-10.532310434151723,-10.596358537115545,-10.690096789090209
ACAD10,-10.61023753619291,-10.63202026453321,-10.712194459059958
ALDH2,-9.861687934038383,-10.16418002765373,-9.769661824183288
MAPKAPK5-AS1,-10.942232176520847,-11.004129724736503,-10.855576385240774
MAPKAPK5,-10.140110909281194,-10.15175988855106,-10.388989021292963
TMEM116,-11.055585408215224,-11.09462437642554,-11.241075383799748
ERP29,-9.165365132669963,-9.201129529010068,-9.295912795276731
NAA25,-9.311458726203803,-9.297871629791317,-9.371406403559753
TRAFD1,-10.981145666241751,-10.936405114503907,-10.887571312003004
HECTD4,-8.934995773916222,-9.004909322649633,-9.08206174437887
RPL6,-6.342582292961566,-6.574138635255085,-6.42325880174951
PTPN11,-9.271791322937142,-9.158635456643676,-9.324669642219197
DDX54,-10.624536834039377,-10.804495640082965,-10.796035114950055
RITA1,-11.355159354841382,-11.575935541698023,-11.419376668274458
TPCN1,-11.575575179032224,-11.555660728047805,-11.431932070951383
PLBD2,-12.072996181600946,-12.186176517691633,-12.23366264264654
SDSL,-12.291292420727029,-12.99427787221094,-12.920267033500187
RBM19,-10.50016383063036,-10.620975639995777,-10.755982068734893
TBX5,-8.702099412725538,-9.043791438971153,-8.233915991414863
ENSG00000289101,-11.752632412508856,-11.964813730444043,-10.63749081981248
TBX3,-10.773500406816936,-10.799717816941756,-9.787820999875933
MED13L,-7.8876145946750915,-7.91951426177984,-8.055353913404279
LINC00173,-12.519855575909206,-11.993642839607132,-11.602914631597958
MAP1LC3B2,-12.085441661201244,-11.593263284421292,-11.833348426012442
SPRING1,-11.246889831516754,-11.172336393339036,-11.308811846109611
RNFT2,-11.659929983313596,-11.513168679802735,-11.706728454668625
FBXW8,-9.999494107420244,-10.003645491653975,-10.14543836365617
ENSG00000257279,-13.127177808783756,-13.287009491196093,-13.028141945561286
TESC,-11.41536445414536,-10.769620019052892,-10.581162476417802
FBXO21,-9.359785385488177,-9.496958493000461,-9.421485295627752
KSR2,-13.10194368095045,-12.82368301236259,-13.222927094073041
RFC5,-11.182211052415495,-11.64832372974667,-11.211778565394598
WSB2,-10.910848039103138,-11.098652384254349,-11.13747024926477
VSIG10,-11.046965449832966,-11.150776852475795,-11.108143666777247
PEBP1,-7.795882935407473,-7.944315084324739,-7.867327690284982
TAOK3,-9.950977587507888,-9.902439118924233,-10.029100205577725
SUDS3,-9.50769922400482,-9.522897425267775,-9.532327184804434
SRRM4,-11.555084603121339,-11.323296890977543,-11.378561940862136
HSPB8,-10.33317158413181,-10.043176110419157,-10.150842848146574
CCDC60,-11.428386833957783,-11.438825784978956,-10.479125194842306
ENSG00000248636,-13.178385485970699,-13.062929804728489,-12.625391850898877
PRKAB1,-11.167486804477765,-11.300555461181252,-11.208080663869895
CIT,-10.972576857821144,-11.744850738096963,-11.511224489438776
RAB35,-11.028617122292461,-11.071567791286464,-11.114676500510578
RAB35-AS1,-12.496120838606743,-12.737573544921476,-12.823380457655924
GCN1,-10.477769386555691,-10.52674282566351,-10.63353857631787
RPLP0,-6.50307334218372,-6.560555954951981,-6.548323900350744
PXN-AS1,-11.932613761722225,-11.81657433061514,-12.144404392152715
PXN,-10.839788856783361,-10.936131456817424,-10.751259004908967
SIRT4,-12.028996030042372,-12.046818468726853,-12.219876116806553
MSI1,-10.88866107442185,-10.910142420632974,-11.122415879049251
COX6A1,-8.013944289016537,-8.193239045565228,-7.928485616358528
TRIAP1,-10.584421863516402,-10.799427780239242,-10.849261486906617
GATC,-10.761698408712304,-10.67710400361105,-10.747869289669326
SRSF9,-9.183231173472011,-9.263695866722847,-9.280784390622422
DYNLL1,-7.91042264340773,-8.015018304276225,-8.06917499839972
NRAV,-12.72947926212504,-12.704559966699946,-12.686226021460941
COQ5,-10.61089665874425,-10.884259911057997,-10.913512110294127
RNF10,-9.630203551015564,-9.656906346853402,-9.726754511792148
POP5,-10.374784269274558,-10.429931349355723,-10.558238301422984
MLEC,-8.702538286869673,-8.756967061603701,-8.8392675545603
UNC119B,-11.640266338848418,-11.641359544305386,-11.7092204883563
ACADS,-11.589821200196798,-11.791055620711287,-11.693715478079172
SPPL3,-8.555875417986037,-8.700646518913931,-8.907434429936876
HNF1A-AS1,-11.410337454643477,-11.559505625830875,-11.479232933720615
C12orf43,-10.910706275500177,-11.008149122064037,-11.090146229619174
P2RX4,-11.609713841747945,-11.844241226743133,-11.9597229367742
CAMKK2,-11.446245130487982,-11.392866102057674,-11.504059162532016
ANAPC5,-9.316299166404153,-9.37081781854458,-9.396294284073806
RNF34,-10.057920651233134,-10.007269073216595,-10.102792543626494
KDM2B,-10.18418501272566,-10.223214355257607,-10.510069559046066
KDM2B-DT,-11.837832286579841,-11.816964465762998,-12.329196760638837
ORAI1,-10.81950423315067,-10.898280345409614,-10.666391627741067
TMEM120B,-10.469409227026954,-10.55722502833684,-10.708426693830257
RHOF,-12.168023517671909,-12.115942277355279,-11.858951221138307
LINC01089,-12.033786437051877,-11.965125160393818,-12.41116942813933
SETD1B,-10.869107340704321,-10.93398922132384,-11.0321396719211
PSMD9,-9.743910441939448,-9.902975814582598,-9.88487001156569
CFAP251,-12.37873324344313,-12.598898074817411,-12.306483778924717
ENSG00000255856,-12.68807386480979,-12.834370672628703,-12.873762912281606
BCL7A,-10.207482116628766,-10.336356601731472,-10.47193526093856
LINC02985,-12.698815644448882,-12.900422176163808,-12.282787870444421
MLXIP,-11.142042066537147,-11.277237191160145,-10.966840333486783
VPS33A,-10.483659087617104,-10.636562613129646,-10.699020324251176
CLIP1,-9.358068585944045,-9.27960058515965,-9.405369056926332
ZCCHC8,-9.942758083133093,-10.014088322059338,-10.092444386210918
RSRC2,-8.68156593054202,-8.756105346291573,-8.813854653307763
KNTC1,-10.657767552670222,-11.041238866044166,-10.970704068732253
DENR,-9.207702882204337,-9.236173860395493,-9.232877606709499
CCDC62,-13.001331437753025,-12.557128870671558,-12.453574804964905
HIP1R,-12.13198481427819,-12.288144158406228,-12.364001786854773
VPS37B,-10.45816815777337,-10.332371982190791,-10.519702571269544
ABCB9,-12.602620017836733,-12.536281828331893,-12.837715456801535
OGFOD2,-12.673588176785085,-12.641327139785341,-12.842417072472193
ARL6IP4,-9.16093625855165,-9.3325055935308,-9.415599964583395
PITPNM2,-11.702387785867716,-11.636285351698724,-11.631100256827661
MPHOSPH9,-9.68908638638447,-9.671281316567223,-9.860527502971607
MTRFR,-10.101000030312365,-10.206071950863267,-10.194142165968412
CDK2AP1,-9.781534724704706,-10.016018853615913,-10.146980771669233
SBNO1,-9.501627626350645,-9.552064192295106,-9.62331259222388
SBNO1-AS1,-11.756696265287042,-11.961018790391192,-11.568633906962775
KMT5A,-10.082984719523022,-10.142042220752288,-10.165665062927701
RILPL2,-11.340595616516959,-11.522338991156339,-11.418748556824296
SNRNP35,-10.873522287603185,-10.802532475431216,-10.936293626534983
RILPL1,-9.865967500518098,-9.797828504854468,-10.079976115038686
TMED2,-9.540231927684196,-9.609988137258835,-9.615945526721177
DDX55,-10.977683092560872,-11.316943674664229,-11.01361123821316
EIF2B1,-10.90786863454567,-11.025486729408978,-10.992538671657648
GTF2H3,-10.018729905370614,-10.143323685323109,-10.160855611541823
TCTN2,-12.050201979457356,-12.032659912224881,-12.27023875179054
ATP6V0A2,-10.066376512664782,-10.102354277144213,-10.157514409257315
DNAH10,-12.315790729502185,-12.450869445206562,-12.915107293759407
CCDC92,-9.71791727024452,-9.65116859480843,-9.854750432470334
ENSG00000270130,-13.194640330388381,-13.048524709557471,-13.170577281277467
ZNF664,-9.693888755360195,-9.831513643492054,-9.778634028662305
RFLNA,-10.913848504506221,-10.81983191436701,-10.91519316751775
NCOR2,-9.519193359437164,-9.562662493221158,-9.726287772880731
SCARB1,-11.388638919220055,-11.432837838352363,-11.600882366945818
UBC,-8.179022528211405,-8.351178207567411,-8.321612575545437
DHX37,-11.985630728164976,-12.148661175722143,-12.327334087401576
BRI3BP,-11.31703237613927,-11.498524206810066,-11.620002951127988
AACS,-11.209359407176922,-11.207103504226756,-11.120139639634356
TMEM132B,-11.115289908600188,-11.057889546377368,-11.50179407729927
TMEM132C,-10.024390349582053,-9.747671416495923,-10.498937809146176
SLC15A4,-11.22791057087331,-11.30614029288097,-11.121623052384459
GLT1D1,-12.693968683850741,-12.57839698247729,-12.45150135810873
RIMBP2,-12.937553919377978,-12.308338927128023,-12.20347025182492
STX2,-10.471989341878269,-10.497316128885092,-10.52979389077998
RAN,-7.892340416060552,-8.157657664017202,-8.10272503873702
ADGRD1,-10.094446905821528,-10.272544515026722,-10.00992813233351
SFSWAP,-9.681415016352593,-9.723273032134925,-9.801374100021565
ULK1,-11.018474143131826,-11.110530154052649,-11.25689371872729
PUS1,-11.90553774392648,-11.964671975457714,-12.114831514106644
EP400,-9.779598548001252,-9.825515913724832,-9.901685557385703
ENSG00000291171,-10.334384746865643,-10.639494553965976,-10.941317723697738
DDX51,-11.690435578173197,-11.856724939158854,-11.829641848558381
NOC4L,-12.04184449237538,-12.364422602688482,-12.291320283601733
FBRSL1,-10.94235080546457,-11.181234158273282,-11.087588013399072
POLE,-11.03290185377188,-11.422858049885354,-11.321937203149211
PXMP2,-10.346444522311794,-10.568524865554421,-10.366100049064482
PGAM5,-11.846176111142155,-11.917799104192603,-11.937583753750264
ANKLE2,-9.621884989541698,-9.602889324792564,-9.733454304172424
GOLGA3,-10.262130688082728,-10.239695095047887,-10.378333807436492
CHFR,-10.539712110716444,-10.497873176856693,-10.779534230284659
ZNF605,-10.564652479215852,-10.415675173416421,-10.768222095126536
ZNF26,-11.355597083963595,-11.183599632655842,-11.575612440902926
ZNF84,-9.938836813523636,-9.977533999517894,-9.998011948986864
ZNF140,-10.85308965890319,-10.848873640954494,-11.031593096804405
ZNF891,-11.01580375910659,-11.008980898878916,-11.006863550396453
ZNF10,-10.246122721116794,-10.150455748337366,-10.431066957676201
ZNF268,-10.849724626976874,-10.832189697625905,-10.83203105490908
MPHOSPH8,-9.30587535576776,-9.280064564869603,-9.277951623929342
PSPC1,-8.886845238083893,-8.935603641200457,-9.090059573724282
ZMYM5,-10.015405279003673,-10.079832870106895,-10.373252151406096
ENSG00000275964,-11.753467165460886,-11.820790302721676,-13.043139370390755
ZMYM2,-8.21658724414642,-8.230474753354452,-8.34780297616177
GJA3,-9.713849807964941,-10.065856456043665,-9.690383730408891
CRYL1,-11.22717267233223,-11.36312569976155,-11.336371881852632
IFT88,-9.399710775574937,-9.543684173378084,-9.615479005019651
ENSG00000278291,-11.400295309581285,-11.279190164781324,-11.409672494673888
IL17D,-11.58332725885291,-11.666966986587983,-11.899653588920016
EEF1AKMT1,-10.956877696197411,-10.897451323958059,-10.827141161982654
XPO4,-8.471574887498926,-8.542348262764532,-8.710859708568318
LATS2,-10.076393353254991,-9.882856556103803,-10.45776445995547
SAP18,-8.68826492328577,-8.768717233976508,-8.757027174784366
SKA3,-11.825063062271385,-12.635895092633419,-12.240323831554676
MRPL57,-9.205566692956443,-9.410114104945293,-9.267939293648828
ENSG00000291046,-12.149750667000342,-12.333682831709906,-12.108072020778225
ZDHHC20,-9.176188082750462,-9.157351143950427,-9.226011134989847
MICU2,-8.932317752415226,-8.79618062705848,-8.879870680390468
ENSG00000289860,-12.316207421046093,-13.144101762245999,-12.514656537723894
FGF9,-10.924665372423329,-11.174724895817361,-10.689889118744036
LINC00621,-12.355393689669121,-12.05419925168281,-11.842256216830169
SACS,-9.30390854790609,-9.514924620170044,-9.47782107501408
LINC00327,-12.157753475655637,-12.888269034501853,-12.319688724423417
TNFRSF19,-7.958711337253614,-8.735232716418517,-8.477841354559644
MIPEP,-10.345576491152446,-10.513419414826124,-10.291475815741592
SPATA13,-9.287587731810092,-9.878757492130557,-9.280081365837828
PARP4,-9.821614054892693,-9.92691661434684,-9.983071866313436
CENPJ,-10.480918636906186,-10.837648910366555,-10.690673772664551
ENSG00000291041,-11.775732414642217,-12.2480547255526,-12.096292094063081
MTMR6,-10.340214813653871,-10.483132061630302,-10.43269524179504
NUP58,-9.477925206423308,-9.596686353785126,-9.615728326120857
ATP8A2,-11.572478815893886,-11.52622823324058,-11.926336628507967
SHISA2,-12.644028919142823,-12.522890157591563,-12.24274367979007
RNF6,-10.803438110940533,-10.673218925355073,-10.731215033088723
CDK8,-9.089680803681098,-9.050876640713753,-9.09986291115762
WASF3,-9.638791192012262,-9.653722793187058,-9.55686481150385
USP12,-9.72963240594168,-9.682403126836615,-9.82571538031866
LINC02340,-12.201150391264505,-12.943122687617821,-11.775506242050085
RPL21,-6.6838933147540605,-6.918565343889663,-6.77549866362794
GTF3A,-9.380930762141343,-9.477528546625665,-9.509023266274758
MTIF3,-9.690589652889477,-9.762433157490442,-9.964196322570254
LNX2,-10.726616036057159,-10.872103870963507,-10.847608439172955
POLR1D,-9.234029148716285,-9.352700220932487,-9.180129012724052
PAN3,-8.524830959386604,-8.475144405396566,-8.754225205652094
FLT1,-10.253599265336693,-10.176433537279808,-10.885495982793095
POMP,-8.7889575057059,-8.879712443226195,-8.877788439058584
SLC46A3,-12.123196069054991,-12.24835582696755,-11.65416252016048
MTUS2,-7.51327028673401,-7.6906114531895575,-7.79370969978864
SLC7A1,-10.322413479710448,-10.37041633500068,-10.476159649598555
UBL3,-9.618108045351846,-9.587833234281247,-9.652436100571032
KATNAL1,-10.00284758455835,-10.074307638776007,-10.271907292385642
HMGB1,-7.1612653429582895,-7.265490227695369,-7.310076795334314
USPL1,-10.221723256445848,-10.1439754047094,-10.242529882852551
HSPH1,-8.885396305142349,-9.093892838923288,-9.103252163798777
B3GLCT,-10.56667233991691,-10.685838630106193,-10.791530261438792
FRY,-9.495045400868253,-9.699995198041032,-10.075394251669934
BRCA2,-10.61817326856104,-11.435494156838093,-11.020691857121118
N4BP2L1,-11.940310906775538,-12.12078473405247,-11.989843922747266
N4BP2L2,-8.271105265322278,-8.217122880004593,-8.403182196094406
N4BP2L2-IT2,-12.541800848234422,-12.251309608014902,-12.56104654196022
PDS5B,-8.697263265852946,-8.694833869644695,-8.907707574938746
STARD13,-9.392080022051378,-9.281444219825088,-9.608205467267199
STARD13-AS,-12.745818473517613,-12.87679027853377,-12.946226419629893
ENSG00000230490,-12.23094676957075,-13.012585821357412,-12.748597142004938
RFC3,-9.528707580918349,-9.730062200018178,-9.77974761188516
ENSG00000276672,-12.474931061541788,-12.770971699346159,-12.826435111139004
NBEA,-8.271664558481202,-8.361545066006018,-8.355028809609902
DCLK1,-13.1817733753351,-13.23252309004853,-12.857094817543201
SOHLH2,-11.814865674686205,-12.350478603944335,-11.999032693449836
CCDC169,-11.839629612754452,-11.452129163776151,-11.13173927252944
SPART,-9.827578390901541,-9.704695116416163,-9.699827903520019
SPART-AS1,-12.10975332237992,-12.408664374537516,-12.423868054500234
RFXAP,-10.649979745374052,-10.770771111047152,-10.70755000688206
SMAD9,-9.136912106353124,-9.018507070043064,-9.155658810949513
SMAD9-IT1,-12.744777586108013,-12.670587680990522,-12.9107556411751
ALG5,-10.070429300190415,-10.097659789284412,-10.156859409725218
EXOSC8,-9.5140130814054,-9.83138408933386,-9.613144087952405
SUPT20H,-9.417615887260528,-9.433536029643257,-9.496216226510242
POSTN,-10.743168724918267,-10.052615263335005,-10.189282378758179
TRPC4,-11.191624674515644,-12.846604902943472,-11.872941862308508
LINC00571,-10.702108524623478,-10.929960116791653,-10.884384609224162
UFM1,-9.522736615127293,-9.567466153609866,-9.57947155523996
FREM2,-8.449876573484177,-9.124274642851823,-8.473191015184396
PROSER1,-11.193740066957016,-11.196588502295683,-11.30303339166584
NHLRC3,-10.437001030342167,-10.521905976838626,-10.516120709142987
LHFPL6,-9.519597066727576,-9.5069472282505,-10.061464640180398
COG6,-9.409769485885004,-9.390825869760004,-9.456035735109507
LINC00598,-11.743158402069733,-11.423199278264137,-12.024812926787435
FOXO1,-9.964450968083797,-9.83362060138211,-10.224013888637087
MRPS31,-9.54544692200272,-9.562882706681606,-9.445300038183172
SLC25A15,-11.559955142805306,-11.681708388043933,-11.856255775383255
ENSG00000290476,-11.874148066428512,-11.735004036510178,-11.6416844295144
ELF1,-9.400871475208728,-9.345624202310253,-9.560191613531192
WBP4,-9.809011171483105,-9.910221795963714,-9.927798574019004
KBTBD6,-11.448157614618244,-11.561352271816363,-11.568031758225029
ENSG00000278390,-11.692858464203278,-11.67897466811919,-11.640347419385328
KBTBD7,-11.1244531664573,-11.092128320498889,-11.075562386335122
MTRF1,-11.097281981370614,-11.148739900207284,-11.180979799173404
NAA16,-9.680657759185335,-9.75507710951758,-9.727604799768818
VWA8,-8.428722898354392,-8.516486000901617,-8.507021973310914
DGKH,-8.740760928336226,-9.118328032371117,-9.031653993175517
AKAP11,-9.72496419300559,-9.73653599639178,-9.786369705086061
EPSTI1,-10.329955352103076,-10.651454506611072,-10.821248377090447
DNAJC15,-9.504758197528679,-8.777605170826558,-8.927493388964086
ENOX1,-8.590441687028559,-8.582900307234024,-9.120762938387498
CCDC122,-10.149361287424162,-10.162411203342636,-10.052725300603216
LACC1,-11.665313422756114,-11.515254218767005,-12.145475929909685
SMIM2-AS1,-12.11744371636709,-12.7246426245008,-11.738651719790028
SERP2,-12.26951961160003,-12.104374451463446,-11.914176618512247
TSC22D1,-7.802641462733953,-8.027971997833712,-7.997251509435967
NUFIP1,-10.345929480328591,-10.461808853271476,-10.420462893901552
ENSG00000223732,-12.820995898519744,-12.828621776139462,-12.716852134339462
GPALPP1,-9.828696201314365,-9.811094889522117,-9.904296942111042
GTF2F2,-9.338361293886654,-9.379174336930735,-9.372007494621805
TPT1,-5.78181245503895,-5.8808691262995225,-5.901046422474719
TPT1-AS1,-9.902314975109752,-9.967514490081465,-10.012895795370385
SLC25A30,-12.057883409353712,-12.012733482095618,-12.117811121094064
COG3,-10.182206274399213,-10.207103877751447,-10.31768246034866
ZC3H13,-8.41868588081828,-8.477996417517998,-8.578893590606828
CPB2-AS1,-12.935952670217853,-12.964474254113341,-13.043261043935239
LCP1,-12.155755093350608,-12.326093782913542,-11.781649822923608
LRRC63,-11.661172725496224,-10.852145948972595,-10.681773066658971
LRCH1,-9.690780070703232,-9.77648431372478,-9.796654700646537
ESD,-8.875401879565572,-8.965948521112637,-8.838291240471998
SUCLA2,-9.119727824576923,-9.141888345863872,-9.076279386839067
NUDT15,-10.891975194159524,-11.055193456857403,-11.236884925262137
MED4,-9.359677597521742,-9.297095546221751,-9.40205780777489
ITM2B,-8.174520115615584,-8.164412150789705,-8.33371752773051
RB1,-8.95942039430948,-9.00506893218683,-9.160979180352136
LPAR6,-12.403052188497144,-12.523028319242396,-12.075168199268084
RCBTB2,-10.6090110718595,-10.587689761885263,-10.667077980123569
CYSLTR2,-11.080514981462834,-10.835528336242852,-13.16347114899293
FNDC3A,-8.465300030386231,-8.520973645232658,-8.550950507787269
CDADC1,-11.149641289594033,-11.128958253479452,-11.234419091593457
CAB39L,-9.372093364808928,-9.697502227108505,-9.960876340446397
SETDB2,-10.31308156407939,-10.316059883935644,-10.495810520893796
PHF11,-11.536677564212994,-11.546702195403864,-11.537785920965204
RCBTB1,-10.698386198683586,-10.713522746408463,-10.835516242606571
EBPL,-9.323056648266048,-9.546837203160626,-9.36662335679493
KPNA3,-8.734133217489084,-8.785648705703656,-8.857421390547348
SPRYD7,-10.477265280291975,-10.602479174743255,-10.58063598377051
DLEU2,-9.969048737736633,-10.134852545794411,-10.506418561068982
TRIM13,-10.2893299236988,-10.162166565682806,-10.355386099474996
DLEU1,-9.744120540781628,-10.016319562627986,-8.362084026385899
DLEU7,-12.684924515041349,-12.340281278636652,-11.848516258119911
RNASEH2B,-9.813555498302188,-10.58315762126735,-10.505888065496848
INTS6,-9.41494078253728,-9.358142127848144,-9.476167048850412
INTS6-AS1,-12.033076233813219,-11.780351709462636,-11.834994428858279
WDFY2,-9.694162621364127,-9.77203988101896,-9.819193508409953
DHRS12,-11.551772766794462,-11.588836220693418,-11.539648762476332
ATP7B,-11.231572565267026,-11.391759307394015,-11.4037880341064
ALG11,-10.512191267234526,-10.498669136518169,-10.512823543309231
NEK3,-10.56923876251025,-10.996814997919309,-11.098767870890779
MRPS31P5,-10.915772571968965,-11.101823064490983,-11.024102065374194
VPS36,-9.474397514749231,-9.444081995307966,-9.65523913531014
CKAP2-DT,-12.859182025837866,-12.880950458757916,-12.741651493702616
CKAP2,-9.415306708276049,-9.71899806818005,-9.688578066381181
ENSG00000290856,-11.13542825220533,-11.208957403009922,-11.32505029024996
SUGT1,-9.01965673790586,-9.083348099671658,-9.159099673156067
ENSG00000288765,-10.957976831010658,-11.31178911583569,-12.279105370158135
PCDH17,-9.95528254754544,-10.295798519334973,-11.362507196569572
DIAPH3,-8.505735726372595,-8.98366399851225,-9.613841934840213
TDRD3,-8.893398899168364,-8.871237512480945,-9.101715799153707
PCDH20,-10.418051602021746,-10.88159318356144,-10.71381317251919
PCDH9,-9.30167025729882,-9.107968454317424,-10.385148874119494
DACH1,-8.31085340142601,-9.1842635815073,-8.594464190106676
MZT1,-10.301419359872103,-10.428312310442164,-10.562842842270985
BORA,-11.726587859762953,-11.829332728104234,-11.863434451044219
DIS3,-9.733380315340344,-9.831606346328861,-9.812297948397058
PIBF1,-8.729056391378851,-8.816497858795314,-8.865890844383662
KLF12,-8.120734832011335,-8.039487796616342,-8.380904205059966
TBC1D4,-8.515422443040997,-8.719648979063418,-8.823684066289603
COMMD6,-8.32676830629255,-8.363249438494961,-8.116291180041761
UCHL3,-9.919815006320354,-10.090136456725226,-9.952788512568517
LMO7,-8.192039868701622,-8.264562398737635,-8.641538386051822
KCTD12,-8.61149921009502,-8.983257323101906,-8.93420601457979
CLN5,-10.842855928257508,-10.735360893521559,-10.904067094275701
FBXL3,-10.491149017640026,-10.432931140723325,-10.595899355911634
MYCBP2-AS1,-12.595095448450264,-12.224628940871323,-12.406419914954988
MYCBP2,-9.032368776069143,-8.877423265861815,-9.094157009945357
SLAIN1,-10.840771482444145,-10.963718316862401,-10.8345975677626
OBI1,-9.811362572429069,-9.759889817844153,-9.927950358037744
RBM26,-8.635985041156056,-8.643862834991308,-8.71642212558142
RBM26-AS1,-12.128477832822469,-12.210354735069789,-12.18583934230977
NDFIP2,-9.885528699151656,-9.89348851261942,-9.99817028153632
SPRY2,-9.97220617558405,-9.87812409991849,-10.278445185466648
MIR17HG,-11.522602042687282,-11.4868404730497,-11.515136672261681
GPC5,-8.990507936893872,-9.503198623741222,-10.093925090120093
GPC6,-6.8835264126141364,-7.207440696313713,-7.519349365693093
TGDS,-10.8817463861165,-10.992257753080766,-10.921965716008982
GPR180,-10.611281107704952,-10.610295068162234,-10.82968621665006
ABCC4,-11.564806322139557,-11.709859992301496,-11.676810867047104
DZIP1,-10.096473245500617,-10.222356091145882,-10.614538786784546
DNAJC3-DT,-11.585623238299585,-11.368113447419624,-11.514029728594709
DNAJC3,-9.547825802817956,-9.498389108355326,-9.65544063790579
UGGT2,-9.385509218504355,-8.715369120805603,-8.745732434496901
HS6ST3,-12.349171103046507,-11.730865390975884,-10.731861024227033
MBNL2,-9.267098262985316,-9.195749194746547,-9.69922024742523
ENSG00000286416,-12.181406050765823,-12.180970126616582,-12.208931361142874
RAP2A,-10.174435398276099,-10.196394853121134,-10.269120322826945
IPO5,-8.826278073850318,-8.957683546408523,-8.992707109148027
FARP1,-9.17732897576741,-9.011272618247672,-9.319604204409762
STK24,-9.266518319320287,-9.152851137833363,-9.318380176026844
DOCK9,-8.649049857469091,-8.886450593794128,-9.023918758055352
UBAC2,-8.99142522771278,-9.097744183786947,-9.09242791817324
GPR183,-10.736003989673604,-10.39282571530882,-11.049221845950798
TM9SF2,-9.068147005718032,-8.991572206696592,-9.118655575360474
CLYBL,-10.562511155092249,-10.233749948769676,-10.359152341518277
PCCA-DT,-10.99352192057785,-10.927402923637533,-10.774170192069384
PCCA,-8.507129139105487,-8.55827344819504,-8.68382600112075
TMTC4,-10.319701305255991,-10.370068186013466,-10.33558229425006
FGF14-AS2,-11.91144924859893,-12.278909720146775,-11.966905034682044
TPP2,-9.439004208719766,-9.47604451161758,-9.452274867341645
TEX30,-11.994742437102278,-12.26769099192986,-11.881329793049856
POGLUT2,-11.041118009964451,-11.052037628508685,-11.131022370125747
BIVM,-10.552345730945516,-10.587506789545692,-10.703461415337486
ERCC5,-10.234160383786936,-10.146017177767618,-10.344922750145676
EFNB2,-9.996636228973246,-10.262559729803792,-10.916498860504039
ARGLU1,-8.086033559364946,-8.06050433650226,-8.096397741490142
NALF1,-8.697902298328506,-9.023534087426818,-9.68238975245511
LIG4,-10.96087290032733,-10.723146647443455,-10.833196706806039
ABHD13,-10.268251863703831,-10.138321673063642,-10.108836306698144
TNFSF13B,-11.226486637956873,-11.320519219581463,-11.148133368569855
ENSG00000289901,-7.603307978928237,-7.64049019408356,-7.6982853288726165
IRS2,-10.500642093740284,-10.250460208630562,-10.824450906434373
ENSG00000275741,-12.851018342293406,-12.83349001831946,-12.990494703046386
COL4A1,-8.426234339143669,-8.748072832060224,-8.810471765381559
COL4A2,-8.19666134322517,-8.629111710245532,-8.501384785387593
RAB20,-11.878618500754046,-12.387207886581951,-11.986429085876786
NAXD,-11.202378305913651,-11.326518988576302,-11.215400820766472
CARS2,-10.027377799600494,-10.124881513491093,-10.159988083963983
ING1,-11.366583591267954,-11.43222638666814,-11.421577326689565
ANKRD10,-8.953471846528377,-9.022569299125498,-9.16009557407215
ANKRD10-IT1,-11.824619248935239,-11.948678207384985,-12.0298776713761
ARHGEF7,-9.523247578709912,-9.67080990983222,-9.651725922183864
TUBGCP3,-9.995346729239436,-10.062491506489803,-10.06839691544777
ATP11A,-8.636828407398092,-8.59261498202821,-8.754612657420354
MCF2L,-10.951250361745934,-11.188073915347534,-11.020361838132665
PCID2,-10.085235943220257,-10.22601440960256,-10.01850081955758
CUL4A,-9.324642918230941,-9.441711987442707,-9.246869927339953
LAMP1,-9.755938071764783,-9.765527201145952,-9.968046272480727
GRTP1,-11.419315848167738,-11.60247171600161,-11.85502925227625
ADPRHL1,-10.425184944432111,-10.268773359626216,-10.29813622123457
DCUN1D2,-10.300350924174566,-10.284729327956924,-10.37668869200209
TMCO3,-10.190954493575125,-10.14263770348766,-10.210368678422224
ENSG00000276248,-12.895852966912713,-12.916733090593494,-13.070538797261637
TFDP1,-10.103854890261015,-10.225810792144303,-10.299835036476813
GAS6,-10.005195519740155,-10.292573123352764,-10.173235780456553
RASA3,-10.673723069135583,-10.992540170187217,-10.718254769192411
CDC16,-9.485383667089534,-9.478655609127522,-9.465572480476096
UPF3A,-8.263504690621648,-8.237449226109472,-8.325526590688053
CHAMP1,-10.16245150440041,-10.16076985265432,-10.164373899949997
TTC5,-10.835029061105582,-10.92256391231722,-11.010896158314392
CCNB1IP1,-8.843020347282916,-8.776076134618314,-8.699977799631835
PARP2,-10.666506992261548,-10.804668650940128,-10.659411092467058
TEP1,-11.777604160219914,-12.083392779678361,-11.961830442183455
OSGEP,-10.554207743137956,-10.603070312735227,-10.654880184321778
APEX1,-8.377107236780496,-8.626909966322966,-8.53192927161342
PIP4P1,-11.228930670896492,-11.246465976984252,-11.163309987899327
PNP,-12.189843503533847,-12.302875358943668,-11.923525575427917
METTL17,-10.529962149960385,-10.579834554824288,-10.656865211300008
NDRG2,-9.659609910652524,-9.63982062272015,-9.667521993243199
ARHGEF40,-11.426990377112006,-11.274971682371758,-11.73624133722502
ZNF219,-10.996544216602969,-10.907795871003193,-11.078987083256147
LINC00641,-11.800641650406494,-11.754873168529707,-11.66307951390757
HNRNPC,-7.403212422950116,-7.535854139557553,-7.506741983505904
SUPT16H,-8.533391670110051,-8.729320957267506,-8.660799139357366
CHD8,-9.256752080670928,-9.259905457195968,-9.440885928356037
RAB2B,-10.566351675590328,-10.525901763912898,-10.708071391648364
TOX4,-9.851183404315327,-9.894321056821584,-9.932568303299849
METTL3,-10.87367561539657,-10.905768134910225,-10.90279230645968
SALL2,-11.534843948256897,-11.531172580440641,-11.671953868503998
DAD1,-9.268656934041982,-9.29976348119002,-9.332539126028482
ABHD4,-11.269187822594219,-11.516578448120212,-11.65724841686125
OXA1L-DT,-12.664709724450372,-13.051619116366052,-13.146403931178329
OXA1L,-9.727255540362819,-9.85905952023774,-9.827457405920104
MRPL52,-9.448758582088464,-9.545989207638334,-9.577632912780292
MMP14,-12.517490518996977,-12.367484809975128,-12.600909495342021
LRP10,-10.579128720244046,-10.361181480590817,-10.820249776271378
RBM23,-10.333809357904832,-10.352924915103635,-10.435735516368553
PRMT5,-10.538130821206737,-10.678462414507216,-10.65387222028818
HAUS4,-10.864970836304213,-11.08397567510157,-10.962252397503237
AJUBA,-11.457254154948306,-11.396792616097764,-11.876714065030187
AJUBA-DT,-11.82727685557296,-11.731355230838709,-11.99238416276499
C14orf93,-12.463021772385142,-12.240576728665852,-12.414376686636116
PSMB5,-8.695563403276022,-8.873876891629685,-8.913571103516432
ACIN1,-8.819059605896143,-8.94041644588815,-8.969017958134067
C14orf119,-10.090592255483392,-10.050677376037317,-10.050012884752194
SLC7A8,-11.650869758431545,-11.93524493645623,-11.33390609384243
HOMEZ,-11.54567108604454,-11.551102689365518,-11.54939628017912
PPP1R3E,-11.703525661153165,-11.614958330759357,-11.572310577108192
BCL2L2,-11.580889370218273,-11.489680107987404,-11.633790744933577
PABPN1,-8.195793334559067,-8.215573318705527,-8.283824536157962
SLC22A17,-11.427276211518786,-11.294953338569943,-11.655308120793745
EFS,-12.419896354452792,-12.430216816980236,-12.382984043269573
MYH6,-5.470206447498141,-5.39285737301232,-5.593180003250464
ENSG00000289973,-8.062089132101496,-7.827704416279825,-8.161524764956484
MYH7,-8.342152107889792,-8.507438527263924,-9.695032331870243
NGDN,-10.534661731046507,-10.611454883811485,-10.615813457812381
ZFHX2,-11.886308482026097,-11.633839073462727,-11.896752919406534
AP1G2,-11.923867100431307,-11.939529593914429,-11.828912614136351
DHRS4-AS1,-11.517491026671783,-11.68135928453223,-11.511004566924935
DHRS4,-11.788398216410496,-12.629469779731485,-12.16435377845821
DHRS4L2,-11.314016393113457,-11.689978845359908,-11.580399195494335
PCK2,-12.559089183961317,-12.56834379495719,-12.18701035642432
DCAF11,-10.37207177999998,-10.542768990738402,-10.332534726628152
FITM1,-9.361841692327841,-9.881763389399598,-9.159004745846085
PSME1,-8.885543236073891,-9.00472554602599,-8.864731599117459
EMC9,-10.746118740880364,-11.328606960464409,-10.841340007064469
PSME2,-9.632695371062217,-9.825046361340073,-9.606515153462796
RNF31,-11.822576767412558,-11.844689261065724,-11.87809766412484
IRF9,-12.209639754926673,-12.544559291530824,-12.125967309162197
REC8,-12.495454626250432,-12.536147892449556,-11.467822779992728
IPO4,-11.93807393338358,-12.148984708223526,-12.163670175647297
TM9SF1,-10.802236839845628,-10.751478905842385,-10.878072018948739
CHMP4A,-10.383285965656173,-10.56219426548034,-10.586896741029996
MDP1,-10.755207592195752,-10.914271888935044,-10.738664440222482
NEDD8,-8.77192663168525,-8.823102184788647,-8.844265567114611
GMPR2,-10.736611358475216,-10.825001395029247,-10.895488082623897
TINF2,-11.7915652000117,-11.85793566787473,-12.083468373312952
RABGGTA,-12.385032703590499,-12.485474822740803,-12.398893038898057
ENSG00000288044,-11.496118779195092,-11.688436331874254,-11.77643630933537
DHRS1,-11.222183797554374,-11.273891986282276,-11.208759500165197
NOP9,-12.636523882541011,-12.523683192165668,-12.777919418781098
NFATC4,-12.308160670829311,-12.120797203334751,-12.343518201087182
NYNRIN,-11.070937485288248,-11.11114265768611,-11.223382100074437
KHNYN,-11.515542145992562,-11.437915674537232,-11.584451299812148
SDR39U1,-10.596181524101944,-10.379155087336272,-10.52200775334507
STXBP6,-10.338451403813234,-10.319234822982969,-11.07589154323608
NOVA1,-9.111976058670095,-9.07293826761739,-9.346966852582275
PRKD1,-8.826515826249796,-8.788697136342321,-8.862360281183562
G2E3,-9.828776954532454,-9.942280585991554,-9.949943012351198
SCFD1,-8.621276951703862,-8.574334979600174,-8.749875384840117
STRN3,-8.59533712870769,-8.574057485182115,-8.73562998782532
AP4S1,-10.771424366928052,-10.771859461749282,-11.010289035441964
HECTD1,-8.651983306423856,-8.677009873979166,-8.764073623581808
HEATR5A,-10.077034408925279,-10.101744881086596,-10.012392644178918
DTD2,-10.924026929627876,-11.092998926018517,-10.937036737045178
NUBPL,-9.05213272453559,-9.037446720232662,-9.174406749917223
ARHGAP5-AS1,-11.87073966223192,-11.6715112934375,-11.719432131245458
ARHGAP5,-8.077492772458916,-8.149158173691822,-8.171138230359299
AKAP6,-8.966048911975378,-9.113447443825562,-9.223295103993435
NPAS3,-9.960413042745397,-10.247645341189436,-9.63051158121887
EGLN3,-10.661162741520224,-11.189606324959252,-10.38894254993015
SPTSSA,-9.875171561799565,-9.936111537771485,-9.963319944251591
EAPP,-9.55766087578127,-9.696792941397208,-9.75049389448331
SNX6,-8.621356233805061,-8.753917252676812,-8.683549651682027
CFL2,-8.998622074818883,-9.112282940972236,-9.279901742191079
BAZ1A,-9.520897597202326,-9.711086166548277,-9.657756042453764
BAZ1A-AS1,-12.66650657962532,-12.999820521151934,-12.921505248152275
SRP54,-9.155765664542606,-9.197613394600076,-9.193506866992685
FAM177A1,-9.594634107774672,-9.646035900157342,-9.72847333832636
PPP2R3C,-10.074537080958388,-10.217206800039287,-10.571267501368368
PRORP,-9.81878153362248,-9.797453336093144,-9.998474732068798
PSMA6,-8.635545282597429,-8.76751365982598,-8.790236678811612
NFKBIA,-10.185973539689225,-10.102629658654246,-10.17125359157584
RALGAPA1,-8.67272537345652,-8.656797087705488,-8.826704630796439
BRMS1L,-10.137300037621273,-10.182014763310681,-10.367322438694906
MBIP,-9.955776929918411,-10.053986815946265,-9.988980317683199
ENSG00000283098,-12.898654811189123,-13.04708322312424,-12.102048760884072
SLC25A21,-9.613083442692476,-9.618013784883393,-9.996196247447637
SLC25A21-AS1,-12.34415543378726,-12.625721870266778,-12.55978875643515
MIPOL1,-9.333162344265748,-9.257780925972524,-9.217179808174913
SEC23A,-9.418254875365054,-9.354201401257544,-9.459846646026616
GEMIN2,-11.016710911249648,-11.133265607660004,-11.065127867008863
TRAPPC6B,-10.113062459350528,-10.110052262461465,-10.249925576242193
PNN,-8.172618667619838,-8.24741806374794,-8.297999502060156
MIA2,-9.889562826539628,-9.830200495264313,-9.902338552486391
FBXO33,-10.274699175090834,-10.266182818868247,-10.631108390027432
ENSG00000258526,-8.453031489203395,-8.407465062227525,-9.065826548277597
LINC02315,-9.163790505583922,-7.9447711128699865,-7.351878370337407
LRFN5-DT,-11.231057672577997,-11.493465804939552,-11.649293312912764
LRFN5,-9.605359373943877,-9.429287170409799,-10.424221630910223
ENSG00000258394,-12.502795790080805,-13.099422601889698,-12.052691671313251
C14orf28,-12.046098811759908,-11.855787399968401,-12.100668190203725
KLHL28,-10.252342318938371,-10.23084258763969,-10.458108816214235
TOGARAM1,-9.723842223075833,-9.48499828118988,-9.649034518634123
PRPF39,-9.94411377435473,-10.06048654665782,-10.059624429189617
FKBP3,-8.43297524974778,-8.524760331763382,-8.525569253129488
FANCM,-10.236484441193463,-10.444465518667725,-10.511093487070552
MIS18BP1,-9.701331764943426,-10.009833362189783,-10.000954329508414
MDGA2,-9.348856037842106,-10.008530649852265,-9.394748044201204
LINC00648,-10.211586518206666,-10.188863744140692,-10.286368936456507
RPS29,-7.005596895545048,-7.179638648926268,-7.072278725981905
LRR1,-11.13531743424483,-11.333993883209367,-10.911148367603632
RPL36AL,-8.52649195194691,-8.594687410271908,-8.548625458724823
MGAT2,-11.098809879910743,-11.17881632271397,-11.112573308089837
DNAAF2,-9.842991325669871,-9.923345207207259,-9.81733345972767
POLE2,-11.308827921093986,-11.65331990907916,-11.605551002091854
KLHDC1,-11.9875930203445,-11.594892248358462,-11.750455330090137
KLHDC2,-9.258831556494307,-9.290058956294157,-9.394249786498015
NEMF,-8.751842854538909,-8.71852864094931,-8.841344149619395
ENSG00000282885,-11.886466094021598,-11.849785123579604,-11.881955353229136
ARF6,-10.580581193516757,-10.7151752799519,-10.744229365787854
LINC01588,-12.15902853717972,-12.597802505024493,-12.237046420329552
VCPKMT,-10.996526979169449,-11.168916315836633,-11.168403561048368
SOS2,-9.178125371117629,-9.137078810501201,-9.270504499443124
L2HGDH,-10.741319736075535,-10.707050606684792,-10.708500745021373
DMAC2L,-9.915919218245856,-9.981956009944332,-10.312586293939795
CDKL1,-10.786533100321236,-10.80164879651712,-10.915186129994467
MAP4K5,-8.755923237452564,-8.86055565976412,-8.925479651918828
ATL1,-12.472841887316893,-12.531887899587788,-12.279531816339883
SAV1,-10.199345932461112,-10.249353976095662,-10.27586328578582
NIN,-9.476485672300468,-9.504351959698994,-9.529268541593217
PYGL,-10.530059559300508,-10.467033912054555,-10.421281734001353
TRIM9,-11.239538376547141,-10.782674663685649,-11.636624590029744
TMX1,-10.174139203147883,-10.185124356690281,-10.210435437273238
FRMD6-AS2,-12.104582618537828,-12.111515386459786,-12.666092115930834
FRMD6,-10.45176450574785,-10.090510948645019,-10.708918421345352
GNG2,-12.225026536001645,-12.62167977846392,-11.334817618314927
RTRAF,-8.47093642511271,-8.65647664296241,-8.54240792529048
NID2,-8.401593876466162,-8.666259318599934,-8.345132296345708
TXNDC16,-10.752403199186581,-10.74121337059737,-10.804363217852055
GPR137C,-10.547219452962375,-10.376169959234252,-10.730912306592227
ERO1A,-10.127081213581109,-10.267620602181593,-9.961136734725969
ENSG00000258757,-12.93469259498998,-12.866756019392133,-12.706924438325725
PSMC6,-9.00978770527997,-9.002521927319172,-9.062376981769457
STYX,-10.516191693762083,-10.496735970177692,-10.569571073428305
GNPNAT1,-10.66257363487509,-10.668219354703556,-10.699471236186596
ENSG00000285664,-11.528696600544023,-11.416626790583692,-11.569025258276975
FERMT2,-8.44175143712293,-8.406052902815876,-8.503704884292944
DDHD1,-9.43133794102356,-9.473735008623121,-9.427433101242103
ENSG00000237356,-10.230200393627761,-9.818829662622589,-9.900096810814649
BMP4,-11.217123114371736,-10.595319606771959,-10.973933974505307
CDKN3,-11.066236418115402,-11.474079207937082,-11.368690462076845
CNIH1,-9.495665055060979,-9.547397868327652,-9.556166687595212
GMFB,-10.345856745936482,-10.350900358926706,-10.339573209492402
CGRRF1,-10.867265182131561,-10.84513622321562,-10.790612404235292
SAMD4A,-8.502330386193067,-8.411484681009584,-8.710763424100405
SAMD4A-AS1,-12.797020432396625,-12.501849019609816,-12.673874917078265
GCH1,-12.725383202672129,-12.86903601645942,-12.608399343220592
WDHD1,-10.610884035656674,-11.088977788177955,-10.92598046561208
SOCS4,-10.240026733275403,-10.252233077309192,-10.336883553322165
MAPK1IP1L,-9.129643559386304,-9.128863335422748,-9.23418803503303
LGALS3,-9.862098467948025,-10.653620260062665,-8.757460794261071
DLGAP5,-9.945230949149773,-10.527453115079513,-10.408804656556368
FBXO34,-9.677888122054071,-9.736857828492314,-9.873009148320286
ATG14,-9.84383096936999,-10.068548046502318,-10.037263346055267
KTN1-AS1,-10.549562717566207,-10.772703221456178,-10.715296500374148
KTN1,-7.222368582154923,-7.4228611317651,-7.477911197803972
PELI2,-10.490842051881414,-10.486540568989968,-10.683132303156908
TMEM260,-9.828607517682903,-9.853852885930673,-10.079208613390708
OTX2,-12.178159051812788,-11.886410922533754,-13.08409335250027
OTX2-AS1,-13.057496590021781,-12.382136174595287,-13.173200472797353
ENSG00000286257,-12.746829551627659,-11.959090253075889,-12.099703977227925
LINC03059,-12.412956992447059,-11.51481123777413,-11.135322057096941
EXOC5,-9.230113538620715,-9.369333341663667,-9.373499977772273
AP5M1,-9.85703223196557,-9.824935907450367,-9.931878221318128
NAA30,-10.438815443186686,-10.513931989468025,-10.620947692479225
ENSG00000259969,-11.256808932483263,-11.73254378970656,-11.093206056583279
ARMH4,-8.682881863189833,-8.864357238027193,-8.495244475020813
ACTR10,-9.22765112970054,-9.298708037211131,-9.313766810969303
PSMA3,-8.984731161313276,-9.139101636009544,-9.001550425841184
PSMA3-AS1,-9.87382124391868,-9.84746675003684,-10.185953911450362
ARID4A,-9.58622321801336,-9.585040401069772,-9.727580437925523
ENSG00000258378,-12.998864025669839,-12.973533592586595,-13.071912955185212
TIMM9,-9.870802978027921,-9.954114507398327,-9.88036107158003
KIAA0586,-9.667359911628424,-9.782634434704182,-9.865466834054832
DACT1,-9.729626695447964,-9.923251375059568,-9.806329579903482
LINC01500,-11.51649814785232,-11.50278717133673,-11.287940194294098
DAAM1,-8.104130475646842,-8.276923665246349,-8.182427906658832
GPR135,-10.459554909897287,-10.39401276330266,-10.368267400129998
L3HYPDH,-11.028323680523522,-11.057520876489898,-10.930028501494874
JKAMP,-9.83528231842306,-9.928629464288917,-9.990982423052213
RTN1,-11.845611500079286,-12.100935991537574,-12.102516531534002
LRRC9,-12.633171142451362,-12.530195643637414,-12.01245591887427
PCNX4-DT,-10.918109034002478,-10.950866483987376,-11.076427197863545
PCNX4,-9.070400634174437,-8.985699946188324,-9.14671153389509
DHRS7,-10.720393625842304,-10.652571025690264,-10.529760427519582
PPM1A,-10.037149905708304,-9.994264069573207,-9.97280413046342
C14orf39,-11.277704911528534,-11.234546827685964,-11.045476189292133
SIX4,-11.616747163125162,-11.669124421952175,-11.762227698889333
MNAT1,-8.618510564032944,-8.675076911952651,-8.687696033347992
TRMT5,-10.93053151834796,-10.894834827887456,-10.895445169514375
SLC38A6,-10.763711135036692,-10.578766511139296,-10.756624213362754
PRKCH,-9.320938690838002,-9.732958709103869,-9.460242698895936
PRKCH-AS1,-13.077216345468553,-13.129130581162054,-12.439640125853197
LINC03033,-12.453391419635013,-12.995030855143414,-12.438650709530961
HIF1A,-8.340377808180644,-8.52326486068829,-8.522188325924288
HIF1A-AS3,-12.462882616900297,-11.048819446592768,-9.387597265589024
ENSG00000288928,-12.467673047628043,-12.408611012699724,-12.413063015083354
SNAPC1,-10.16270131808629,-10.041163093755358,-9.856776614787309
SYT16,-12.318994091251101,-12.502565247408507,-12.424268955347934
KCNH5,-11.74158383606235,-11.937868049868369,-12.469265225244568
PPP2R5E,-9.062569874043716,-9.120757474694603,-9.15469688571776
WDR89,-10.892069643432587,-10.986395560325425,-10.950555454483993
ENSG00000274015,-12.28514541576369,-12.298545495280568,-12.610182591686872
SGPP1,-11.00175221176786,-11.024856818745205,-11.039904871654509
SYNE2,-7.4949336753984435,-7.877998402823058,-7.553633557051099
ESR2,-11.298297801714455,-11.60512430779896,-11.167429677791825
MTHFD1,-10.613158593884362,-10.59575143689254,-10.586000582738215
ENSG00000258824,-11.704064756755308,-11.790212023485353,-11.948460631176179
ZBTB25,-10.96857647985848,-11.02278589694523,-11.036346030205435
AKAP5,-12.333180293854037,-12.190054930529959,-12.526685393201653
ZBTB1,-9.718429415384366,-9.67655890425148,-9.847666138303266
PLEKHG3,-11.285691725733765,-11.435679904972316,-11.437786808053145
SPTB,-11.272243389942398,-11.252473805158424,-11.579227927680565
CHURC1,-9.415881396949327,-9.40713584913012,-9.514322225246103
RAB15,-12.532266832357582,-12.459316638679974,-12.71118153563978
FNTB,-10.33508341881815,-10.35373157930745,-10.353000086919835
MAX,-9.889403762580082,-9.865279339989094,-9.905788673767336
FUT8,-9.635206702189523,-9.700558085387312,-9.888149568218664
ENSG00000258561,-10.819453400016776,-11.139226448115782,-10.93779438696402
GPHN,-8.339481514050167,-8.32935235523304,-8.426073593916003
PALS1,-9.635874368790338,-9.613434672224264,-9.789143344329304
ATP6V1D,-9.294072128980535,-9.322918986323929,-9.386400131141103
EIF2S1,-9.684293060206752,-9.738645786362596,-9.824329476150035
PLEKHH1,-11.059595955250659,-11.40404738658517,-11.043665067332046
PIGH,-11.449499314820827,-11.371025332957052,-11.585649515165176
ARG2,-11.979688525968548,-11.660427742980938,-11.807003481275254
VTI1B,-9.699121909537144,-9.649785119521356,-9.798294252028453
RDH11,-10.01296521991839,-10.09126222392945,-10.28611164909819
ZFYVE26,-10.806645668491536,-10.914250845217445,-11.07856337131878
RAD51B,-8.748380148631574,-8.805014701882792,-8.786719488477345
ZFP36L1,-8.507886892748438,-8.562150763891946,-8.531629967016407
ACTN1,-9.214606847397665,-9.230964979079621,-9.691899992489725
DCAF5,-9.237786546818766,-9.316321327869616,-9.343217845142373
GALNT16-AS1,-12.827696835775422,-13.22706751498996,-13.169952593517332
EXD2,-10.632102590444717,-10.705391161597195,-10.86688001941549
GALNT16,-12.261021747323593,-13.158556593092507,-12.965052541701656
ERH,-8.356587885929343,-8.501123597458502,-8.474071145401696
SLC39A9,-10.445200081102978,-10.493663015406069,-10.756341320453561
SUSD6,-10.935101809918562,-11.081731336961957,-11.116300440476135
SRSF5,-8.414228200822187,-8.486656282549074,-8.45048057781751
SMOC1,-10.957582183834598,-10.690986073652162,-10.22466440964771
COX16,-9.38204989697534,-9.726155417666845,-9.387484780071341
SYNJ2BP,-9.841796588619172,-9.838671605630896,-9.83829533576461
ENSG00000257759,-12.186307659556949,-11.47972153656112,-12.319392624947106
MED6,-9.976477978862725,-9.976259085098757,-10.136315039315933
MAP3K9,-11.477479494455595,-11.464131968877464,-11.456644067121289
MAP3K9-DT,-12.480727185000735,-12.28308990318557,-12.297836399939358
PCNX1,-8.551091374711747,-8.59998685917777,-8.80913425262847
SIPA1L1-AS1,-12.344568835996391,-12.723244555229911,-13.195865412234436
SIPA1L1,-7.931316941640267,-8.169359487967059,-8.419573246294211
RGS6,-10.450513298876492,-10.19793726481675,-11.373711199251108
DPF3,-8.324476979758247,-8.284638687552691,-8.331651710853826
DCAF4,-11.919601860567063,-12.075830532434384,-11.79546776521739
ZFYVE1,-11.13511719934597,-11.149041335259517,-11.229073747706364
RBM25,-8.174722228471438,-8.293559312262419,-8.319032308844266
PSEN1,-10.036357275737368,-10.078832297786017,-10.22021213474461
NUMB,-8.951725547491845,-8.957985709228886,-8.945354129094117
RIOX1,-11.967883007307377,-11.933144630952986,-11.81923472787565
ENSG00000258603,-12.005346472114965,-11.924940666469471,-11.707549175399325
ACOT2,-12.90156667931703,-12.23720578896022,-12.459786023854296
DNAL1,-10.855239125075318,-10.836134557947869,-10.944314189931497
PNMA1,-10.568112524226862,-10.645328285364545,-10.615901720482878
MIDEAS,-10.908546697379295,-10.800746132064425,-11.07063788383373
MIDEAS-AS1,-12.841535987254357,-12.537109562900767,-12.370594083317236
PTGR2,-11.232046000871875,-11.060365644010567,-10.94579310798127
ZNF410,-10.595900956945888,-10.664637057595614,-10.74341403811768
ENSG00000258891,-12.565166813324124,-12.514811699147929,-12.529756755380806
FAM161B,-12.42567990524619,-12.275082213594676,-12.542995479302002
COQ6,-11.015039400181672,-10.996867828283767,-11.05217747422923
ENTPD5,-11.532254337256909,-11.420780736281344,-11.472983360335986
BBOF1,-11.344663953926085,-11.360111762632721,-11.475365301368456
ALDH6A1,-9.780281395663103,-9.91274048291924,-9.84091746855388
LIN52,-10.109216227262507,-10.178509272868366,-10.4816057375978
ABCD4,-10.441868550231666,-10.56876363622941,-10.628724295676909
NPC2,-8.546675411671913,-8.73719608518194,-8.586109737749615
ISCA2,-10.131490692640993,-10.198088560255147,-10.108482398980176
LTBP2,-12.621361284669305,-12.598108538638813,-12.681520981736028
AREL1,-10.642476920831742,-10.643408036343937,-10.753994162232658
FCF1,-11.071354617497818,-11.133035209751872,-11.024713964110115
YLPM1,-9.143836072408641,-9.127410122736364,-9.250173073485307
DLST,-10.279083444221227,-10.40994337219126,-10.295662154879409
PGF,-11.9369843152437,-12.18305292899366,-12.030028100832606
EIF2B2,-10.918588919943957,-11.063263925218099,-11.094947807152787
MLH3,-10.282942215200158,-10.185173855740672,-10.138526108266246
ACYP1,-10.798496975579274,-10.738636136867079,-10.758348043270583
ZC2HC1C,-12.350237384458158,-12.303170181597274,-12.16251703651929
NEK9,-10.161330216569137,-10.200665171563967,-9.951440550774803
TMED10,-9.097763175436095,-9.021910215258908,-9.092247542892373
FOS,-9.379741867568477,-8.872824303381464,-9.33713635674258
JDP2,-11.529230807984101,-11.364376486997761,-11.65724147221309
FLVCR2,-12.31272199859252,-12.126752087782606,-12.24378622989701
TTLL5,-9.26197104176094,-9.051192887358063,-9.44035472731184
ERG28,-10.516845680011714,-10.553333162262048,-10.682190075277658
IFT43,-9.961079075952,-9.985148633282787,-10.104757021891656
TGFB3,-12.068763127582248,-12.147036997096878,-12.333949470238016
GPATCH2L,-9.242271545958586,-9.269024583296343,-9.32127153648947
ESRRB,-11.33102950950483,-11.814673865408432,-11.254670003967707
ENSG00000259124,-12.942507978253417,-12.968618419689973,-12.812705323185632
VASH1-DT,-12.496842788158983,-12.447068997470732,-12.408839371857159
VASH1,-11.360351868745143,-11.471187857479414,-11.54861441931974
ANGEL1,-11.284086497010065,-11.309680661340721,-11.379871476783405
IRF2BPL,-10.001746052122423,-10.056264697210183,-10.228374725775728
CIPC,-11.26663313917592,-11.416715424133871,-11.242849332982448
POMT2,-11.386534183513085,-11.314566558644271,-11.524774699146466
GSTZ1,-10.906034783226154,-10.988463053370351,-11.169979215415333
TMED8,-10.643844384584046,-10.747301933142145,-10.808325895016576
SAMD15,-12.261380949478768,-12.029451836465144,-12.497419624603912
VIPAS39,-11.039238512966941,-11.083897177401957,-11.080579493408333
AHSA1,-9.711840764548201,-9.943513088134242,-9.796187906944382
SPTLC2,-10.089438410290965,-10.115542986971983,-10.064654587147627
ALKBH1,-10.74535625812155,-10.974737930075113,-11.039444093025326
SLIRP,-8.945100332658612,-9.140742904388857,-9.114135276953482
SNW1,-9.282618566145006,-9.28452788689079,-9.425045022508142
ADCK1,-11.263626216545077,-11.375033065373822,-11.728156368098743
NRXN3,-9.852636600910667,-9.845763707201293,-10.4860767135158
DIO2,-11.830987070474547,-12.473286999153617,-12.300268970029329
CEP128,-9.83109985469007,-10.247657704803249,-10.095636288137204
ENSG00000284959,-11.889046570828654,-12.089710946004152,-11.491597249484336
GTF2A1,-10.326163876385662,-10.37628789890197,-10.359769469274797
STON2,-11.692973645184567,-12.223956958158867,-11.855039972266889
SEL1L,-9.949636243349454,-9.831157959440006,-10.033945856043275
LINC02301,-12.864008569630409,-11.625154235576844,-10.594349073070878
FLRT2,-9.496736151925568,-9.712611946983271,-10.095226091249572
GALC,-10.56697543193151,-10.561200387470858,-10.55298852465101
SPATA7,-9.884107450879743,-9.953278731421165,-9.93937313398744
PTPN21,-9.751252964700836,-9.742782476220201,-9.9146060672986
ZC3H14,-8.9570768126088,-8.993106374191822,-9.013454673499956
EML5,-12.419204089158885,-12.507545021534614,-12.36973626521608
TTC8,-10.285788942982405,-10.237512356970809,-10.298984841140756
FOXN3,-8.488163560569733,-8.637444627609158,-8.746597464769936
FOXN3-AS1,-12.513012075152327,-12.700907864202568,-12.410184893565607
EFCAB11,-10.071274052800606,-10.212370840232536,-10.200917835690541
TDP1,-10.772974945592185,-10.919610681855197,-10.90177511951449
PSMC1,-9.240263229220888,-9.33588921451047,-9.313195321196764
NRDE2,-10.697554888755274,-10.67781009878463,-10.912108280790205
CALM1,-8.734666343433648,-8.796514004178604,-8.791071787984624
TTC7B,-10.073925941356466,-10.066079116312743,-10.304478172714838
RPS6KA5,-9.590980988407775,-9.653946068526492,-9.490090573099366
DGLUCY,-9.961515430304857,-10.020078586731808,-9.896037572770815
PPP4R3A,-9.218087319874213,-9.274752919652006,-9.280071386721993
TRIP11,-9.071551648517385,-9.121156983559237,-9.140427170866039
ATXN3,-9.883254026534027,-9.826832399500105,-10.098116681385099
NDUFB1,-8.850554081257433,-9.024669450730812,-8.86644941707138
CPSF2,-9.768721445952611,-9.92644838040167,-9.984528842103549
RIN3,-11.774390448897877,-12.064378568038395,-11.895052733168228
LGMN,-9.59945813095033,-9.520302138726727,-9.528417664474217
GOLGA5,-10.203114369017422,-10.147330346126306,-10.21568613941602
ITPK1,-11.088799140907495,-11.233635698152503,-11.252874709839332
MOAP1,-10.307689736108687,-10.316966452186529,-10.314225239606497
LYSET,-11.122596666557513,-11.071803408415402,-10.973326066398911
GON7,-10.954334080064022,-11.28268121698351,-11.048018701792397
UBR7,-10.817561148936804,-11.005798080211603,-10.840722385014738
BTBD7,-9.13788755462495,-9.169611686920346,-9.212250534802791
UNC79,-10.335112086122704,-10.159032906935515,-10.185432359677689
ASB2,-9.71881004858268,-9.777248869334391,-9.78479921973784
OTUB2,-12.794212333241942,-12.778047001325191,-12.813345450619252
DDX24,-8.532216933124738,-8.569332925430647,-8.618828437291647
IFI27L1,-9.919284756463798,-9.948813385439832,-10.247698314390778
IFI27,-12.730790760440087,-12.508559623973438,-12.921146154942937
IFI27L2,-9.623316425358533,-9.554050241772659,-9.764657514807837
SERPINA1,-10.5016988809715,-10.753040791903576,-11.215541772578227
DICER1,-9.00702604310941,-9.054937381421952,-9.0323259557466
DICER1-AS1,-11.378387270325714,-11.276352590497252,-11.361364044630841
CLMN,-12.452584732828955,-12.485711315768945,-11.824262598586401
SNHG10,-11.934587888696708,-11.980920494086089,-12.134004829234588
GLRX5,-9.035249590214894,-9.243161223194033,-9.076928176664058
C14orf132,-12.122870800896251,-12.18327598383917,-12.450253113524846
ATG2B,-10.122826069315442,-10.099200439813849,-10.261333111644332
GSKIP,-10.76116664695692,-10.726189094106147,-10.886694520433863
AK7,-12.599711683586028,-12.33969989833603,-12.989357579591289
PAPOLA,-8.568644898273515,-8.615299870514164,-8.655765221244826
VRK1,-10.200686429133027,-10.571778533819533,-10.469882773298838
BCL11B,-12.223912573675658,-13.06727165574652,-12.123277916425321
SETD3,-9.56799784669729,-9.696607166186784,-9.660946369594518
CCNK,-9.582009532467408,-9.550719281735109,-9.624344680538222
CCDC85C,-10.89471092705091,-11.065349824565166,-11.015092825741611
CYP46A1,-10.543295620331415,-10.444080993390187,-10.864121293919116
EML1,-10.842428743681634,-11.153656108205896,-11.282380343797788
EVL,-9.32991101152412,-9.428450750534836,-9.56709998803949
YY1,-8.781688885089448,-8.901146561163252,-8.936325820752531
SLC25A29,-11.067998754924096,-10.773002366699433,-10.763664808101682
WARS1,-10.98695331379439,-10.909153208527211,-10.939505134848353
WDR25,-10.98550306544123,-11.039858373528197,-11.247222030284126
DLK1,-11.606932220913201,-12.41585406635891,-11.655618096533223
PPP2R5C,-9.043126720502986,-9.191843611543485,-9.245816338657226
DYNC1H1,-8.561027314635167,-8.702980551053395,-8.778957863545715
HSP90AA1,-6.762963362615557,-6.935259065668521,-6.854920257374623
WDR20,-9.871635537770636,-9.867216845228855,-9.99881371748726
MOK,-10.436655634234905,-10.429151861478447,-10.501809722317837
ZNF839,-11.03167430457177,-11.20639152425073,-11.070178362357991
CINP,-10.971180410683715,-11.014394403555617,-10.976318425627928
TECPR2,-10.324778141788247,-10.33171349319624,-10.408459867594782
ANKRD9,-11.31823286485137,-11.418183009396655,-11.17652246827082
RCOR1,-9.534152550905652,-9.611789082008135,-9.62820102293701
TRAF3,-10.084741886698595,-10.197947188836137,-10.417898712186052
CDC42BPB,-9.236960165856711,-9.259703004991128,-9.306381411670424
EIF5,-8.569739321796957,-8.696054121098719,-8.657043131571584
MARK3,-8.974590288858185,-8.951337681542865,-9.117793464403817
CKB,-9.306521661518655,-9.333542129484739,-9.705983893023594
TRMT61A,-13.186184134394187,-13.148992476300906,-13.128904226060342
BAG5,-10.235763454735913,-10.211846341952466,-10.2479766732912
KLC1,-9.110950682292778,-9.079245845035262,-9.311414866421366
COA8,-10.095612657066065,-10.158188609667551,-10.232716803713194
KLC1-AS1,-12.49439407954397,-12.141308699154143,-12.769972075724343
XRCC3,-12.166716749081209,-12.363833173594156,-12.3057026594102
ZFYVE21,-10.332733742354275,-10.209440955484837,-10.32790925009387
PPP1R13B,-8.267818846671062,-8.307154794843836,-8.567530424611874
ATP5MJ,-8.571379659679916,-8.709436233654039,-8.563798866628069
KIF26A,-12.535484777283745,-12.878200522939009,-12.459913897971358
INF2,-11.884689384653127,-12.102516559588574,-12.086230916450008
ADSS1,-11.198550572634433,-11.240449816728004,-11.268775958773062
SIVA1,-9.571951700061383,-9.73002203465042,-9.744330854218333
AKT1,-10.41348407868378,-10.645716324131033,-10.62828300013014
CEP170B,-12.506339408674227,-12.715049507394468,-12.588552572132933
AHNAK2,-9.823313530313344,-10.903791042327171,-9.790999353224386
CLBA1,-12.181396388435502,-12.409038451120347,-12.291270837693904
CDCA4,-10.354428044267543,-11.134800885883113,-10.709158986279538
JAG2,-12.72217994766891,-12.738323368938405,-12.842217243081498
NUDT14,-10.825861222599423,-11.10550230414357,-10.76100685379565
BRF1,-11.090064687663203,-11.233203526034014,-11.25867807549746
BTBD6,-11.983018192210238,-12.004287824828026,-12.380667411685877
PACS2,-10.39144691786104,-10.476047607040659,-10.589504527164845
TEX22,-12.111315732450485,-12.388053166046026,-11.865034208726614
MTA1-DT,-11.894246440774877,-12.015494566766947,-11.938519775604584
MTA1,-10.32248341136688,-10.454612224189296,-10.450310254464311
CRIP2,-8.566850005388252,-8.791919415843031,-8.646096755161182
CRIP1,-9.434621696720754,-9.544317543825874,-8.627934669455776
TEDC1,-12.62294183086362,-12.807874206745572,-12.86089865035753
TMEM121,-12.215245025658682,-12.369800605525466,-12.255232090825583
HERC2P3,-8.83424010773116,-12.442197249947522,-9.391261165694038
ENSG00000291003,-10.505086876655731,-10.916889436739929,-11.883164480876218
ENSG00000290399,-11.562575351733349,-11.705520669769689,-11.735721210681998
ENSG00000274253,-11.861286203986463,-11.497170201732418,-11.413571590201114
NIPA1,-10.847919994731697,-10.759355827980169,-11.078166599949553
NIPA2,-10.065465813369288,-10.010945904887146,-10.135518134743187
CYFIP1,-9.929612519253206,-10.013842809369995,-10.123287621375633
TUBGCP5,-10.36765638793151,-10.471873739973928,-10.411156405222606
HERC2P7,-11.595719777766687,-11.541214812099936,-11.564496910948685
NDN,-9.76233854840425,-9.819178925371896,-9.650653895872672
PWRN4,-12.168914355167464,-11.870197223590816,-11.500578778938161
PWRN1,-9.320215264692681,-9.84519677726462,-10.389637212370912
SNRPN,-8.246816867292923,-8.14332975445502,-8.193076120444172
SNURF,-12.145135053445587,-11.802239050845419,-11.959020864723449
SNHG14,-7.254831064040792,-7.158428374908571,-7.302545277835944
UBE3A,-8.2938246379271,-8.374416923156575,-8.420723993553429
LINC02250,-12.148559615226583,-12.572668783288105,-12.729155955943321
GABRB3,-12.79614403657718,-11.799667083250249,-11.524934813280549
GABRG3,-13.106162196330631,-12.835916987382209,-12.175639293761021
OCA2,-12.386401673150427,-12.621486444475513,-12.387939431295433
HERC2,-9.010697514142088,-9.037681358323297,-9.016765666736154
ENSG00000291259,-11.591851223475725,-11.423348363666737,-11.497827869606674
HERC2P9,-12.328682250118451,-12.158802356297251,-11.890689798080054
ENSG00000290879,-12.464298311138299,-12.465017764567698,-12.7515344611308
ENSG00000291058,-13.017051550197952,-13.245558288264084,-12.143553110279855
ENSG00000291258,-12.187869690157278,-12.171380332988203,-11.314928270184677
APBA2,-11.115655683727645,-11.35324117230528,-11.107617953466555
ENTREP2,-11.134450808148863,-10.88533567061854,-11.5204539610328
NSMCE3,-10.452474623400642,-10.386710902035041,-10.284193878750209
TJP1,-7.9323272089391,-7.882436583550143,-8.172316302627223
ENSG00000259644,-12.78448440486715,-12.581800754515854,-12.958167260987183
LINC02249,-12.410166322989722,-12.641813327595894,-12.634976072324728
LINC02256,-12.460402179794398,-12.036097289342955,-12.288871626824617
ENSG00000290876,-12.496931585320757,-12.406705308628707,-12.40206998388277
ARHGAP11B,-11.767735530224074,-12.298659999665928,-12.247610112564368
ENSG00000290886,-10.834900313993606,-11.717859977193484,-11.68720731946783
FAN1,-10.367877037040135,-10.338052114882109,-10.237251737297623
MTMR10,-10.643187567359936,-10.718966730536332,-10.873155174112915
KLF13,-9.99785832563817,-10.348339963957338,-10.279236311825045
OTUD7A,-11.420194979516316,-11.315819297531498,-11.208517804427018
CHRNA7,-11.180437653390525,-11.695794272486367,-10.743166470828433
ARHGAP11A,-10.914819503429298,-11.392496299777696,-11.370600327727649
SCG5,-12.164727917134107,-12.560923044288455,-11.937482683750929
RYR3,-11.384195606063885,-11.079391972850612,-11.251247772511913
ENSG00000259408,-12.548455075825874,-12.730909908031139,-12.890078173398607
AVEN,-9.876690270748252,-10.062120884494723,-10.059550499422077
EMC7,-10.055755834523213,-10.132305258326712,-10.100823767518026
PGBD4,-12.355971563441587,-12.369909175521594,-12.541109039654081
KATNBL1,-9.231855795761565,-9.265136882087056,-9.263673720112752
EMC4,-9.600748778059849,-9.763717104177083,-9.652520648153603
SLC12A6,-9.846465996898536,-9.81412891046119,-9.656201615204637
NOP10,-8.934246698427954,-9.015891799737634,-8.81044780574197
LPCAT4,-10.389059423479846,-10.450502229287487,-10.021835511675132
GOLGA8A,-9.480763886003416,-9.824892239154842,-9.71941500226802
GOLGA8B,-10.068272035710368,-10.248716622721645,-10.625045185472558
GJD2-DT,-10.588021099071803,-10.584862138599268,-10.627655164704768
ACTC1,-5.565264278489074,-5.669645388423318,-5.648528625401914
AQR,-9.422334555859818,-9.452817477520588,-9.464866393361973
ZNF770,-9.160256167915527,-9.448868858487318,-9.252120484990419
ENSG00000259336,-11.584086288010088,-10.602021980477696,-10.74033011956531
DPH6,-9.873269426862963,-9.162092338683008,-9.130712004163497
DPH6-DT,-11.288878773171195,-11.133861764752835,-10.09707524508379
CDIN1,-8.611035842383286,-8.186809247889368,-8.654588485970875
ENSG00000259280,-11.637035912384196,-11.215233801392358,-11.657466496003336
MEIS2,-6.597448459965691,-6.274858357091867,-6.955748821765758
ENSG00000259460,-12.540862476301047,-12.634826923028974,-12.930703913540944
ENSG00000288808,-12.753427914594731,-12.307466227780033,-13.041523775098279
SPRED1,-9.568570620891078,-9.497587936203066,-9.645406575581532
FAM98B,-9.839308641224797,-9.883156020700188,-9.888456487041806
RASGRP1,-12.340506574949876,-12.369035028762337,-12.43118027774342
ENSG00000259345,-11.527532251530296,-10.861836292537799,-9.753397678260848
THBS1,-10.386745652888406,-10.243816460878893,-10.83000688754155
THBS1-IT1,-12.966979777069835,-12.32482242378525,-13.037064379979746
FSIP1,-12.909972124054017,-12.833000302980587,-12.990712686796346
GPR176,-12.555874745226216,-13.27503654917104,-12.8566410892258
EIF2AK4,-9.651637777857756,-9.660427726951609,-9.611717224297637
SRP14,-7.171280921457096,-7.162365010359183,-7.348473834314766
SRP14-DT,-11.080038620246759,-11.303352593440108,-11.202742451629863
BMF,-11.444204210338928,-11.397775518449277,-11.906832665501113
BUB1B,-10.315577375088907,-10.95110721312343,-10.730687719470113
PAK6,-12.84448650721016,-13.335314311505536,-12.816362870474453
PLCB2,-11.55519814716513,-12.09129800626784,-11.177205346720427
ANKRD63,-12.3422211770167,-12.789849313006332,-11.530150301981164
INAFM2,-10.60708946234958,-10.752124670541228,-10.525546624552495
KNSTRN,-10.854796550260044,-11.039617440435213,-11.069400996070465
IVD,-9.727393323787297,-9.842552494250295,-9.873094735197409
BAHD1,-11.553270220005544,-11.56717834313082,-11.73341987216645
CHST14,-11.445151882278541,-11.418033640887598,-11.619065597775663
CCDC32,-10.865932941248989,-10.90438587110723,-10.851345285317095
RPUSD2,-11.625822950913339,-11.74857477465895,-11.743327438657102
KNL1,-10.375882130127545,-10.902814623720136,-11.067372343812334
RAD51-AS1,-11.452106331727412,-11.348749928017755,-11.69386774354963
RAD51,-12.09146647936521,-12.854979638574637,-12.756957773419952
RMDN3,-11.04366898220305,-11.101756771664304,-11.188367360552903
GCHFR,-10.683751702144107,-10.841346171956335,-10.656720766910464
DNAJC17,-10.842627143932718,-10.878147199364463,-10.821522057975098
ZFYVE19,-12.503264337257361,-12.533662467241285,-12.59416697703289
VPS18,-12.178758954099477,-12.288571054357032,-12.13817112617216
INO80,-9.628326589275273,-9.630670335009123,-9.773051043509934
CHP1,-10.051905107146524,-9.989952106661958,-10.114569008853461
OIP5-AS1,-8.827541409761663,-8.847907058893503,-8.95540974534102
OIP5,-11.969343976751952,-12.373129820488243,-12.185711332417206
NUSAP1,-9.863331956977785,-10.369524246223104,-10.310342469795396
NDUFAF1,-10.880179104589695,-10.918668984359973,-10.859281366166806
RTF1,-9.003207290814426,-9.061265681114696,-9.013044699812172
RPAP1,-11.11256735467296,-11.339424071829082,-11.475041805128132
TYRO3,-11.548443158450254,-11.554910706570368,-11.44312280853596
MGA,-9.231537188993045,-9.224953071435136,-9.323833677209665
MAPKBP1,-9.922505976696486,-9.760287512579158,-10.139051967630639
JMJD7,-12.205001054208324,-12.04781548200683,-11.918910392840615
PLA2G4B,-12.993707808336756,-12.961493459197461,-13.087769982136365
EHD4,-9.402693621834992,-9.709593333139784,-9.385392591823413
VPS39,-10.455141623601207,-10.400025974351244,-10.478023895814754
TMEM87A,-8.654064681660033,-8.639285052416655,-8.900078779457301
GANC,-10.64514435930505,-10.372358368164562,-10.602128949243204
CAPN3,-9.826593286821625,-9.853275554594617,-10.387090184767706
ZNF106,-9.234422054110048,-9.32667121995403,-9.326302783043184
SNAP23,-10.807037654184144,-10.732085342126696,-11.00946792016574
ENSG00000261684,-11.789499094714314,-11.923449469226838,-12.109071402148171
LRRC57,-10.89299947867608,-10.991656170970371,-11.2207763429636
HAUS2,-10.596597884164458,-10.661195542809473,-10.798878485793812
STARD9,-11.0414230641087,-11.147890282343521,-11.049335927880437
CDAN1,-11.728336965649689,-11.782561309365434,-11.877630319629136
TTBK2,-9.503229567062116,-9.301642098364837,-9.514563912157962
UBR1,-9.19889944739062,-9.165800936742741,-9.251263403290585
ENSG00000285080,-11.249425502182056,-11.560377717576001,-11.540611277109033
TMEM62,-11.141138514334889,-11.215921189770883,-11.24936207441393
CCNDBP1,-10.151674999517912,-10.238552607485238,-10.360666341403098
LCMT2,-12.881706208406495,-13.07350865907331,-12.958281729062598
ADAL,-10.74706676218355,-10.551680004010995,-10.712342580580767
ZSCAN29,-11.63980651757461,-11.7564149491502,-11.881835083965383
TUBGCP4,-10.861681756351837,-10.920977122879407,-10.897078047652979
TP53BP1,-9.020240278345758,-8.97290270923233,-9.14407349784889
MAP1A,-10.44533673101643,-10.343609281826128,-10.435616733313251
PPIP5K1,-11.397868742635131,-11.275511819959235,-11.231865605148675
CATSPER2,-11.248755282511244,-11.718172046221827,-11.778877481781919
CATSPER2P1,-12.054176698698322,-12.029201663378528,-12.436639068464359
PDIA3,-8.00266440732192,-7.954462980312242,-8.087871395003308
SERF2,-7.382456217321374,-7.454355438317793,-7.431012594177388
MFAP1,-9.617697608903963,-9.666045779314135,-9.64755563890069
WDR76,-11.918636723008971,-12.140452445273846,-11.945335978293977
FRMD5,-9.40331428062732,-9.356856293454856,-9.899006483123706
GOLM2,-8.932024270960168,-8.87231814725781,-8.961097953403279
CTDSPL2,-9.345520555858808,-9.465288172812127,-9.458623619974006
EIF3J-DT,-10.79446279970656,-10.816903047087235,-10.89496218008087
EIF3J,-9.043361038475716,-9.141326275666678,-9.128227993726592
SPG11,-9.510108108301274,-9.460941947523123,-9.578101230060003
B2M,-8.67934172536412,-8.665737352613966,-8.698709242077541
TRIM69,-11.28982793123174,-11.25366862271743,-11.123418660378405
SORD,-11.737391521829954,-11.45658039494502,-11.633845008196008
SHF,-12.075837120910156,-12.080116319411282,-12.37460676705152
GATM,-10.468135204386705,-10.2131979528608,-10.07882082920414
SPATA5L1,-11.279458190529976,-11.317458889544262,-11.152541352222997
SLC30A4,-12.266241923702442,-12.009809266639452,-12.354181530479135
BLOC1S6,-9.905892483175382,-9.958459082525806,-10.041382522945012
ENSG00000259200,-11.806873656594693,-11.358708877555344,-13.079882593703664
SEMA6D,-8.269377996296242,-8.394473664224767,-9.002448366619019
MYEF2,-9.44293171163945,-9.500221572007643,-9.587840976431359
DUT,-8.64762813809643,-8.946606276481955,-8.905344656917089
FBN1,-11.828105022025596,-11.907495490262928,-11.91777599982722
CEP152,-11.2696805978221,-11.766270584436064,-11.567589074247174
EID1,-7.75962103033919,-7.9303474956423905,-7.8514297057474876
SECISBP2L,-9.069745303236061,-9.166637592096063,-9.17025721952474
COPS2,-8.98766598111409,-9.139186896430479,-9.12948123494092
GALK2,-10.22561002361792,-10.246079668574367,-10.232791594596009
FAM227B,-10.107243231888779,-10.025048187107295,-9.799475527476751
FGF7,-11.664534045847558,-11.559918872775473,-11.02107166964792
DTWD1,-9.464252528011574,-9.53805469289963,-9.486848023464944
GABPB1,-10.450798495756853,-10.557548767325073,-10.479484003578703
GABPB1-IT1,-10.491238557147772,-10.652945901576569,-10.658893183359838
GABPB1-AS1,-8.822782042959686,-8.786909068569916,-9.332304827431797
USP8,-9.355760864443452,-9.33004153799486,-9.441927388393635
TRPM7,-8.767864124428636,-8.857614962976378,-8.760786250482084
SPPL2A,-9.236721117855765,-9.262326585980187,-9.385517548429787
ENSG00000273674,-12.397789720456558,-12.383720453050358,-12.334386495312843
AP4E1,-10.24440658520416,-10.27594274455271,-10.536694263203573
MIR4713HG,-12.351993443650457,-12.273963833192132,-10.985612235194118
DMXL2,-9.750424489943358,-9.693301914455164,-9.728106155200377
TMOD2,-11.103574367485649,-11.580686356823188,-11.272390714623159
TMOD3,-9.917040739649023,-9.952236587028635,-9.944874491051769
LEO1,-10.155586018343778,-10.256719582661708,-10.247282364798606
MAPK6,-9.760829289793026,-9.773627775845645,-9.758979952659612
GNB5,-10.685768230737652,-10.77133729163453,-10.67598356621756
MYO5C,-11.059287511552778,-11.310175250830673,-11.306174253172713
MYO5A,-9.584807872648286,-9.428682842957421,-9.643969115186737
ARPP19,-9.283772168124527,-9.330117563421918,-9.292228036573336
ATOSA,-9.486966059854515,-9.567388473675308,-9.795922511286534
RSL24D1,-9.23333239357933,-9.279792522000797,-9.151548528602024
RAB27A,-10.447678013857635,-10.654991348500264,-10.404558875815214
PIGBOS1,-11.072476451065352,-10.923405837717834,-10.996425140922012
PIGB,-11.904478371120273,-11.845755039770134,-12.104401699937274
CCPG1,-9.89802312253624,-9.916020846240034,-10.071240016340479
PIERCE2,-12.01692416642671,-11.873984990005388,-12.080180076031679
DNAAF4,-10.911331235838816,-10.889954013257862,-11.131729308297261
PYGO1,-10.08012596566826,-10.11542553024302,-10.11335331784444
PRTG,-8.076321505664858,-8.05588416505603,-8.580482027271644
NEDD4,-10.095004743031915,-10.047880564489294,-10.264902833701113
RFX7,-8.71327645730194,-8.82435431218599,-8.903490394891294
TEX9,-10.138269425945866,-10.13059091284777,-10.34336708912312
MNS1,-12.338229818894762,-12.664406109632452,-12.629854552618571
ZNF280D,-10.058249305800993,-10.546035697145928,-10.302453555382256
TCF12-DT,-11.016350450040534,-10.743341160870669,-10.605213068248315
TCF12,-7.554978216724526,-7.633039363302958,-7.7885268868283974
CGNL1,-7.6952579963132175,-7.900412746247827,-8.134542043958605
MYZAP,-10.406745120095584,-10.466017391986727,-10.181082018152157
GCOM1,-11.180538206700886,-11.373712181353733,-11.004034022503584
POLR2M,-11.074169939580932,-11.170032289352614,-11.204310708868686
ALDH1A2,-11.508410563017591,-10.918928700200032,-11.221338382083415
ADAM10,-8.4527107114401,-8.417430510314471,-8.577702871250139
MINDY2,-9.388900511172325,-9.451412358079411,-9.512299563112139
RNF111,-9.566182974458986,-9.550150928569382,-9.628231638445033
SLTM,-8.716690916647291,-8.742969698850606,-8.7904556503511
CCNB2,-10.686990101763929,-11.173101255042916,-11.194911161029278
MYO1E,-9.188446098111747,-9.442340462580711,-9.468078302365313
FAM81A,-10.767250913709805,-10.970688897520604,-10.91159923255323
GTF2A2,-9.333183068590207,-9.368150134306921,-9.383236475760983
BNIP2,-9.459786926462444,-9.398104516206136,-9.487510676139527
ANXA2,-9.809928276098649,-9.56885120774707,-10.27335514023879
ICE2,-9.437121005845302,-9.534659689419799,-9.608834499907223
RORA-AS1,-11.428207886189986,-11.449875854850426,-11.395826486485204
RORA,-8.361624579997468,-8.569190734386808,-8.514715154703952
ENSG00000259481,-13.024408345452215,-13.042255269030786,-12.816822959394862
VPS13C,-8.900889979260127,-8.919777327678052,-8.789346276286462
TLN2,-8.132137592975603,-8.699757500499436,-8.468547589292141
TPM1,-4.7730396377395845,-4.786554946380964,-4.8486282577559265
LACTB,-10.37151394733069,-10.443841221325618,-10.179888617202526
RPS27L,-8.809483329430794,-9.12979379343581,-9.034546917007875
RAB8B,-10.87963903508987,-10.856875464850472,-10.783662677239336
APH1B,-11.232335277148355,-11.218725666976814,-11.572122198544314
USP3,-9.472932894121806,-9.595983871511113,-9.614509663104366
USP3-AS1,-12.373459523586849,-12.22847397652716,-12.21545909613542
FBXL22,-10.591005654247587,-11.044394122070456,-10.98895210852874
HERC1,-8.81177611891522,-8.906563623724129,-8.944795488423448
ENSG00000259589,-12.821732564161382,-13.118681382506598,-13.096520078512448
DAPK2,-12.025541011973706,-12.764178073713373,-12.424306958263573
CIAO2A,-9.653221544868288,-9.845960189403206,-9.66498540397663
SNX1,-9.72681389141532,-9.827847948522798,-9.9133505565023
PPIB,-8.01740372347371,-8.11106075552446,-8.052964961912554
CSNK1G1,-9.735045386217655,-9.670078546303658,-9.96851260032255
PCLAF,-10.24774851595666,-11.014077112230902,-10.61470358879322
TRIP4,-10.327466488840393,-10.377971588835447,-10.540076612322768
ZNF609,-8.832753971746646,-8.764858100819199,-9.105140370347302
OAZ2,-9.766957943648693,-9.75500952105321,-9.855761252652107
ENSG00000259635,-12.221073132262955,-12.291930132407412,-12.299405678413232
RBPMS2,-9.369108919944615,-9.535473416714062,-9.442104685061812
PIF1,-11.725816756035348,-12.240995806532588,-12.63580175924679
PLEKHO2,-13.223428894428597,-13.204054286863819,-13.125764572011553
ANKDD1A,-12.084493277548104,-12.36169798261117,-12.369402599127241
ENSG00000274383,-13.24887251116485,-13.074605297755964,-13.106205984549005
SPG21,-9.819059812621738,-9.762508854615026,-9.773242732081814
MTFMT,-10.232091442849336,-10.382818684789,-10.442247467312798
UBAP1L,-12.447527029299172,-12.410392325593664,-12.690598233236154
PDCD7,-10.006516541626834,-10.009047746824056,-10.050653035166913
CLPX,-9.403180399239083,-9.465204697603586,-9.521639901201953
PARP16,-11.380109111852342,-11.444138254454232,-11.431476203641086
IGDCC3,-9.149620101857561,-9.363119747528245,-10.035106038192835
IGDCC4,-11.71730584108775,-11.89534318168257,-11.60851482467217
DPP8,-9.77690184204806,-9.792430791247847,-9.94626240456276
HACD3,-8.901767669818163,-9.029921334300727,-8.998593919845979
INTS14,-10.943596016495393,-10.996057479322774,-10.955215883978154
SLC24A1,-12.931104796862419,-12.6731870787462,-13.086244777856594
DENND4A,-9.711725259766924,-9.92581102483658,-9.872223392675437
RAB11A,-9.169429011151053,-9.224189177458651,-9.238532101925472
DIS3L,-10.625032430734256,-10.70098104764611,-10.854022665601683
TIPIN,-11.063242813551781,-11.104021014938454,-11.115768546203546
MAP2K1,-9.926232112433045,-10.093997243111321,-10.085695748974553
SNAPC5,-10.535382996620118,-10.627322235948442,-10.61616923992466
RPL4,-6.868427991493338,-7.012289259315205,-7.050357998834009
ZWILCH,-11.093063547194099,-11.336968221079342,-11.226096876656932
SMAD6,-9.085948465813486,-9.104086015855739,-9.13000194112005
ENSG00000274995,-12.882250457580618,-12.848507733471536,-12.815720891595067
ENSG00000259437,-12.280419942752838,-12.333822615919061,-12.697950140890871
SMAD3,-9.498138520201,-9.535779754847155,-9.994545116761936
AAGAB,-10.217238642703148,-10.170617194744317,-10.389850928649855
IQCH,-10.481792750315305,-10.622762031021404,-10.59502933155791
IQCH-AS1,-11.076872285239014,-11.324416421640489,-11.351594689872547
C15orf61,-10.912449861221274,-11.142324670405033,-10.90134903915013
MAP2K5,-9.378177032504505,-9.427581116436107,-9.640946988840305
PIAS1,-8.727628390377308,-8.840949434794915,-8.942041530906693
CALML4,-12.612380298368377,-12.71030080167654,-12.781657773792219
CLN6,-11.53303567384535,-11.773785218620395,-11.532204529671136
FEM1B,-9.689909873767732,-9.718405212771343,-9.623520697077975
CORO2B,-12.146064642729229,-12.121534774553062,-12.404659302757297
ANP32A,-8.312951185527545,-8.38093142300601,-8.470057939305345
SPESP1,-12.217369358492403,-11.799176045863247,-12.207828869623418
GLCE,-10.466037906104411,-10.576036087215451,-10.788932884514507
PAQR5,-12.797512698485997,-13.110344033170763,-12.812230998250529
KIF23-AS1,-11.914973657016073,-11.407789344834784,-12.902187247667804
KIF23,-10.338376235615286,-10.709296722584176,-10.86037649102317
RPLP1,-5.768004781684513,-5.891635041868164,-5.948894475179881
TLE3,-11.275878280504243,-11.432874820618064,-11.537960309541727
UACA,-8.382070263760127,-7.913075953935975,-8.315281175931663
LARP6,-10.867876788665601,-10.9140242984089,-10.72132249131617
LRRC49,-9.353071441077422,-9.381459545097018,-9.742734683186553
THAP10,-12.485038738956337,-12.430530238377486,-12.280817817527351
THSD4,-8.742796022793552,-9.141327031005357,-9.051042373580636
MYO9A,-8.483799054140784,-8.501317093980077,-8.513723242107995
ENSG00000261632,-13.04580230212805,-13.026246134021092,-12.821796881305254
SENP8,-11.236245266431187,-11.282806976945182,-11.132667036465282
PKM,-8.05750918359055,-8.25616385731734,-7.875888217618507
PARP6,-10.637593650132462,-10.70613478921692,-10.72708585404108
ENSG00000261460,-12.77957396508651,-12.726232937474057,-13.025947102386562
CELF6,-12.850866875410388,-12.940475598269018,-13.08174517389554
HEXA,-10.312620290640638,-10.395774973960492,-10.380199853250481
TMEM202-AS1,-12.689847570549324,-12.618674148254396,-12.691092026863855
ARIH1,-8.485518237024156,-8.475023426978908,-8.531628629378806
BBS4,-10.481785280671142,-10.455295640522916,-10.615816218962106
ADPGK,-10.835608996301833,-10.950377327011331,-11.071665128751222
NEO1,-8.883716655727406,-8.803892013548866,-8.989763244145395
HCN4,-9.523589446219722,-9.98421020296804,-9.578141105695082
REC114,-11.27878286824611,-12.003706310682087,-11.231157439303933
NPTN,-8.440543687809116,-8.407257320455248,-8.50187774704851
NPTN-IT1,-11.15400100336579,-11.151732097361082,-11.195068559760172
CD276,-10.765729751149594,-10.822242360497775,-10.818810531747632
LOXL1-AS1,-12.769850951682853,-12.655367607505413,-12.396041272599089
LOXL1,-11.55252243747956,-11.429630688669443,-11.295839730124097
PML,-11.74114865652198,-11.98941583925062,-11.955444184470592
STRA6,-11.293231532910454,-11.636064765490088,-11.960510983431353
CCDC33,-11.984600768601938,-12.12651241437597,-12.50164128576753
CYP11A1,-12.718037877512803,-12.995985363613991,-12.230320553287417
UBL7,-10.825705362125019,-10.958389704810578,-10.942207999559391
UBL7-DT,-11.345751497449225,-11.280044186281524,-11.278210545927891
ARID3B,-10.183435726565017,-10.141832473648941,-10.221359190464435
CLK3,-11.079365379538466,-11.156060967117147,-11.112614221807096
EDC3,-10.966029762581176,-11.102188248189902,-11.063001066077774
CSK,-11.05449974829902,-11.188989520136074,-11.072931091360635
ULK3,-11.849111742427725,-11.945401397216177,-12.119113216841994
SCAMP2,-10.227373778613966,-10.473012786863586,-10.57663244235569
MPI,-10.821056478052276,-11.30619287167002,-10.882308011198699
FAM219B,-10.594396206830448,-10.708048241952726,-10.636854501464102
COX5A,-7.856152657978879,-8.05579001986594,-7.768207286105121
RPP25,-11.791583494534063,-11.966806403370953,-11.28583780076652
SCAMP5,-12.08269395204092,-12.489160030424165,-12.767968723099079
PPCDC,-10.76602042800412,-10.831446018639014,-10.766388027949697
C15orf39,-11.634255130495438,-12.29703435446463,-11.613250529996323
COMMD4,-10.239737801318256,-10.63537850607794,-10.533413124446769
NEIL1,-11.901907364225702,-11.930463625877646,-11.900402078897221
MAN2C1,-11.317048555294123,-11.368836377480134,-11.629194008876087
SIN3A,-9.937855763793287,-9.918897751554184,-10.08029742856728
PTPN9,-10.092419731871972,-10.253662340871266,-10.161280413798476
SNUPN,-11.25987218007705,-11.3191743149937,-11.242071227655854
IMP3,-10.070456392133716,-10.16167247251244,-10.119303124592573
SNX33,-12.407940864025893,-12.574664150370836,-12.6888762039505
UBE2Q2,-9.548475985077655,-9.455118619587623,-9.521184341312868
FBXO22,-9.38532092273149,-9.472464265001827,-9.4405277838489
ETFA,-8.684246971398514,-8.806000604279646,-8.700566675218596
SCAPER,-8.51778247782493,-8.52005266160658,-8.660660759073433
RCN2,-8.949406752427327,-8.969266968838673,-9.112788030518647
TSPAN3,-9.148549107064788,-9.207957658036191,-9.288779339536418
PEAK1,-8.831367721955182,-8.988686813871986,-8.890142161573172
HMG20A,-9.823267096166962,-9.904720324686934,-9.893760799047737
LINGO1,-11.53328510762085,-12.039294760328104,-11.450171755449295
TBC1D2B,-11.133006936503275,-11.378389016300268,-11.158923865458144
CIB2,-10.317978285120937,-10.17268474619754,-10.359249111282102
IDH3A,-9.758643245632745,-9.846603488498076,-9.631315940118304
SKIC8,-9.976120559069795,-10.141938675416121,-10.081471337367269
CRABP1,-12.617582881567069,-12.80815627750044,-12.77631786712743
IREB2,-9.315017357702603,-9.381359747531636,-9.410459213621008
HYKK,-12.947337383308534,-12.809521160525223,-12.7107016057191
PSMA4,-8.578662378121797,-8.718176697489092,-8.633598516732668
CHRNA5,-11.772802442549043,-12.10984596714984,-12.033679023089453
ADAMTS7,-12.046192202807802,-12.295679263311168,-11.896041371391707
MORF4L1,-7.701204606570964,-7.770105543485362,-7.742906225717208
CTSH,-11.967959094972958,-12.245489404194497,-11.479982884384
TMED3,-10.40905931521289,-10.414404927889443,-10.370480079623938
MTHFS,-9.70497594849286,-10.018346759269395,-9.838515143643274
ENSG00000286813,-12.020135002485022,-12.358763601769956,-12.3186499225379
ST20,-10.173253294900714,-10.268123931246722,-10.343014267176027
ST20-AS1,-12.236302594350931,-12.210167522514993,-12.328498300650804
ZFAND6,-8.75785429897077,-8.784438420675626,-8.803883122992998
FAH,-12.015296862477816,-12.37429407687902,-11.787836871513813
ARNT2-DT,-12.234492021969233,-12.600202294389588,-11.965967776414814
ARNT2,-11.160374635370173,-11.405764745388165,-11.441538428190402
ABHD17C,-11.97610152700907,-11.940657337867304,-12.01475007770043
CEMIP,-12.85071471872976,-12.757191764820162,-12.643645262236506
MESD,-9.55327525860042,-9.552874382638242,-9.63947589404862
TLNRD1,-11.046216209252664,-11.206387012625129,-11.410202328295512
TMC3-AS1,-12.412838800074013,-12.311593916973479,-11.955117463330561
ENSG00000259543,-13.243240454307923,-12.33500449107146,-11.779955615730824
ENSG00000259692,-9.894840706142446,-8.693556902252121,-7.93900133408072
MEX3B,-12.995460451037971,-12.635068325709803,-13.007816678713185
EFL1,-9.818301401192727,-9.874078927148219,-9.708676238156352
SAXO2,-11.020763284601657,-11.84203850470043,-11.821437201639714
GOLGA6L10,-12.703491782059158,-12.990344013111375,-12.708696350836698
UBE2Q2P2,-9.902694541510309,-10.06695811602951,-9.878573166242754
GOLGA6L9,-12.118578009135627,-12.658014750422836,-12.265403383215313
ENSG00000290948,-11.752121465572552,-11.892360213804626,-11.974899675289224
RPS17,-6.71521264958864,-6.9859698452609775,-6.897699680686622
SNHG21,-12.066904305360428,-12.271838338088164,-12.307904664400285
FSD2,-9.277678276585796,-9.167627469509695,-9.063318625521559
WHAMM,-10.445452756786079,-10.328573875707482,-10.359677273280575
HOMER2,-10.767796569442462,-10.672793262724397,-10.74411137458221
RAMAC,-11.456398684197394,-11.565160436613237,-11.41999932730382
C15orf40,-10.566736077594557,-10.406314291841738,-10.62004084066293
BTBD1,-9.608855079245165,-9.512821304712277,-9.547769266633555
ENSG00000286872,-12.678625646648552,-12.521595191953285,-12.872986469342447
HDGFL3,-8.840000598888292,-8.904527948344295,-8.931701324536172
ENSG00000259986,-11.659775700035759,-11.557902118403002,-11.680331285315935
BNC1,-12.679828981896113,-12.597961811192432,-12.031217595047409
SH3GL3,-9.010112342723088,-9.141721303553075,-9.205846328125578
ADAMTSL3,-11.28590619277997,-11.619745992595659,-11.415889780865326
ENSG00000291062,-12.450866835412171,-12.91229180600993,-12.479463613228539
ENSG00000290689,-11.572580460407604,-11.662312413660057,-11.697935079228357
UBE2Q2P1,-10.491019482681267,-10.820292197188442,-10.586352954053694
ZSCAN2,-11.535395731846775,-11.69275771234565,-11.645000574778798
ENSG00000291159,-11.052949355674466,-11.427924547211497,-11.465662340492404
WDR73,-10.346061693465266,-10.428073371360801,-10.654978783090028
NMB,-13.020941414118761,-13.141504783932422,-12.87012496723299
SEC11A,-8.620041983916453,-8.766505637907116,-8.732252913034543
ENSG00000285667,-11.89509001317019,-11.824820561610643,-11.800301390733615
ZNF592,-10.663229140098716,-10.665546199444542,-10.905933590185734
ALPK3,-9.007597755373588,-8.969356115818844,-9.106010618387758
PDE8A,-9.56549820571782,-9.862674209795303,-9.697381216422587
AKAP13,-7.834443766067919,-7.758889919794868,-8.07913681700228
AKAP13-AS1,-12.238757955839569,-12.129555420408934,-12.439165529998418
KLHL25,-12.196162892229074,-12.610529420411602,-12.23827158838269
MRPL46,-10.537327963569995,-10.646210725345188,-10.700760426912025
MRPS11,-10.385268495275694,-10.584878834560778,-10.65211598948678
DET1,-11.163592811770165,-11.209375566566647,-11.137854166553288
AEN,-11.789850055253227,-12.272832236496619,-12.26777583303461
HAPLN3,-13.200142180271493,-12.966577105045923,-13.157289123459224
MFGE8,-10.01224746152008,-9.759671594150102,-10.366088090283474
ABHD2,-10.300389905225176,-10.289898619771753,-10.465029089185721
FANCI,-10.378090547859083,-10.957179921362824,-10.611567975271848
POLG,-11.231717891870797,-11.159380444799602,-11.363008706804596
TICRR,-11.611625777273984,-12.424619053918805,-11.947923740284763
KIF7,-10.722803401546836,-10.778286595874055,-10.70228536389639
PEX11A,-11.710911055460969,-11.511339927262473,-11.607907632512145
MESP1,-12.902001880293712,-12.763651127515388,-12.406738456908464
AP3S2,-10.013425568729815,-10.074319190755677,-10.147561755382155
ARPIN,-10.989055002174455,-11.245092747840593,-11.230058901097363
ZNF710,-11.05719908530192,-11.19312635271472,-11.43165405300561
ZNF710-AS1,-11.552624573234553,-11.534247901755828,-11.248134277291092
IDH2,-8.964880073787816,-9.044140293651749,-8.825167118203503
SEMA4B,-11.233505552374345,-11.33631467222527,-10.874727326536014
CIB1,-10.380080604081284,-10.500130372292125,-9.976147823641718
GDPGP1,-13.129580604844238,-12.969721162721719,-12.637518025064058
NGRN,-9.282581210095953,-9.192788612460479,-9.261861275227153
IQGAP1,-10.198861428213627,-10.275088566590203,-10.225152529567815
CRTC3,-10.320850449361766,-10.332063863314009,-10.36007625198019
CRTC3-AS1,-11.86228039392037,-12.152601685091138,-11.891295491286495
BLM,-11.12111508553516,-11.67424845464022,-11.460083234910353
FURIN,-11.371021300918994,-11.26629394852338,-11.458977452542317
MAN2A2,-11.64677795329657,-11.634887400288207,-11.909660852782979
HDDC3,-11.66479214736809,-11.672634689436997,-11.454633584470955
UNC45A,-11.429545041731123,-11.475373986647924,-11.570246200682783
RCCD1,-12.131099041808143,-12.098113691217426,-11.912109168179098
PRC1,-10.16572347351326,-10.608085730684566,-10.662542861187703
PRC1-AS1,-13.281176373831421,-13.240636146905997,-13.118039059122545
VPS33B,-11.59640940904534,-11.816402977901596,-11.734299388126779
CRAT37,-12.795978266525877,-12.458426969443366,-12.57162951708524
SLCO3A1,-8.171585256082224,-8.666880128998807,-8.190115620656053
ST8SIA2,-11.394189321257793,-11.789903689892313,-11.948326341791864
FAM174B,-11.20864528134026,-11.372552543565808,-11.181418088644357
CHASERR,-8.691534783777975,-8.742207072469116,-8.752863426325277
CHD2,-8.272743899953817,-8.244616639110326,-8.407122031345942
MCTP2,-12.81696916040811,-13.071361473536438,-13.17517964559489
NR2F2-AS1,-11.885730776200491,-11.508635032146142,-10.19316677046724
NR2F2,-11.626650177566622,-11.238358317414146,-10.415532456349759
LINC02253,-12.195301420093152,-10.942123951488202,-10.379418339525825
ARRDC4,-10.99935707058238,-11.25525660622639,-10.53749287625297
IGF1R,-8.337195667420412,-8.452085331235192,-8.596437037868553
TTC23,-10.415230022953336,-10.429835930105181,-10.483713690062226
LRRC28,-10.10878953664368,-10.035649978587914,-10.119633249421529
MEF2A,-7.092096395134298,-7.108187462508416,-7.270855065023341
LYSMD4,-11.775739328042352,-11.56073950608297,-11.529278700586794
ENSG00000259363,-10.89359638845082,-10.999397060200161,-11.210524747163252
ADAMTS17,-11.373500979200113,-11.263899674449569,-12.063300210364131
LINS1,-11.226413976321545,-11.343929174144561,-11.186375013721248
ASB7,-10.847772357122109,-10.754945568903887,-10.935087624704487
CHSY1,-10.028811535653324,-10.382025966877777,-10.181814689580982
SELENOS,-9.673419763221387,-9.649656634488494,-9.73056746244826
SNRPA1,-9.814453175342498,-9.96349115269905,-9.970594599587928
PCSK6,-11.455169586941302,-11.995859855908792,-10.700980686770937
TM2D3,-10.403121221084618,-10.432478019706855,-10.439986039484447
TARS3,-9.590856436808433,-9.60219238129535,-9.457251819137028
ENSG00000290823,-11.137376580880444,-11.53308952202038,-11.246560874345036
POLR3K,-10.771515575659409,-10.824284048160894,-10.767839029819324
SNRNP25,-9.861939051651914,-10.080329622244806,-9.994172887292507
RHBDF1,-12.723276252441979,-12.684590790548294,-12.633946392352746
MPG,-10.138538921469785,-10.175741858557723,-10.170266033199443
NPRL3,-10.97841697761868,-10.913764325950414,-11.22393978731739
HBZ,-10.875659862097615,-11.600149913149185,-11.556030108856117
LUC7L,-9.383960334827114,-9.376566646157261,-9.559278205119181
FAM234A,-10.40302128615891,-10.401925543177448,-10.465088896308227
AXIN1,-11.2336950562119,-11.328497350392853,-11.523582266141275
MRPL28,-9.767585721125446,-10.055328569530475,-10.132662016242483
PGAP6,-11.160128855935776,-11.145726432767246,-11.402505232303932
NME4,-8.780318469607705,-8.594220447151924,-8.747721913804304
DECR2,-11.664610251747323,-11.77186574243597,-12.066992783082789
RAB11FIP3,-9.977931792800856,-9.986377373581895,-10.401168961263927
CAPN15,-12.021094223893332,-12.183186285406459,-12.18104253112902
PIGQ,-11.672442393387266,-11.669450498220732,-11.972526507876294
RAB40C,-11.187441712758236,-11.245861991009695,-11.368925705308431
WFIKKN1,-11.235932798693012,-11.155719442563713,-11.35653449338325
METTL26,-9.887581722367075,-10.08253015936105,-10.018846364943682
MCRIP2,-9.901993185809776,-10.162610734382802,-9.943822794893677
WDR90,-12.823712957229025,-12.878528323377095,-13.028810983934848
RHOT2,-10.946101658024778,-11.003269857377513,-10.88722351591196
STUB1,-9.97323626540714,-10.039268793613518,-10.11413144480554
JMJD8,-11.41646198665134,-11.602470354564884,-11.765767939933903
WDR24,-13.122923762601388,-13.130837275283987,-13.00133092569241
METRN,-10.188630225281907,-10.225823427725249,-9.961327132989613
ANTKMT,-10.84391450466367,-10.856880150712934,-11.040347595183992
HAGHL,-11.783445397546341,-11.978339885838901,-12.007182315767865
CIAO3,-11.625207583129848,-11.538666614444901,-11.80649815869488
RPUSD1,-12.194300557101164,-12.125645497929135,-12.250651083002174
CHTF18,-12.887170692496442,-13.161526272311285,-13.027123928437028
LMF1,-10.550359401249757,-10.579033862597097,-10.801330846601118
CEROX1,-11.781419077928179,-12.029358216871431,-12.299659477690847
CACNA1H,-12.246582541783896,-12.466681277697058,-12.704053550165568
UBE2I,-9.069373898188454,-9.306188466703473,-9.186529284920958
TSR3,-10.047314619386633,-10.225023424154516,-10.146000075523181
GNPTG,-10.537929339942174,-10.642002499359222,-10.892364171627621
UNKL,-11.495171161202107,-11.61279239531773,-11.850652744024229
UQCC4,-11.245030144090094,-11.270094086555318,-11.321971115991074
CLCN7,-11.552829152958427,-11.600504909644112,-11.892692509378893
TELO2,-11.905579122352746,-12.09036640161101,-12.044096228305687
IFT140,-10.890225470817603,-10.971264485182429,-11.087446913758816
CRAMP1,-10.459437329500716,-10.572370692108965,-10.817184294730206
JPT2,-9.88226230084468,-10.094709955057407,-10.02001850969882
MAPK8IP3,-10.495081764960961,-10.493153137170408,-10.613609538473536
NME3,-9.859006291881295,-9.875606406432778,-10.16056143203559
MRPS34,-9.192827446141548,-9.417496252413667,-9.31945840364475
SPSB3,-10.80184925342296,-10.97857690373384,-11.073379017742406
NUBP2,-10.696594411218156,-10.818866931581876,-10.828871640255205
HAGH,-9.69183603729822,-9.8604330282734,-9.864588769736265
FAHD1,-9.428988176990615,-9.80950813664089,-9.472765038495432
MSRB1,-11.833152121097708,-11.99357659606611,-11.918661647246552
NDUFB10,-8.955956902961054,-9.100246244637397,-8.787359064507317
RPS2,-5.694938490260793,-5.973046395182255,-5.8723981405841315
SNHG9,-11.581037507742288,-11.856365451792252,-11.624474526484104
TBL3,-11.942238907150578,-12.304778619619743,-12.170465416415151
GFER,-11.277371832481364,-11.324580762193857,-11.406837350635655
SYNGR3,-12.74284418327971,-12.781798358777039,-12.931619645950638
ZNF598,-11.734636843665319,-11.956269806821059,-11.987194040987607
NPW,-12.153014354573246,-11.583742434008705,-12.055682742809639
NHERF2,-11.631476438393195,-12.249018192642712,-12.025553271135207
NTHL1,-10.797383505228186,-10.919862786619298,-10.877757184596964
TSC2,-10.850812860449597,-10.913292543632751,-11.108198578050388
PKD1,-11.853213698778799,-11.892586294177459,-12.138008270394531
SNHG19,-10.911980587133588,-11.318662735756599,-11.311030071619872
TRAF7,-11.101308168513555,-11.305797674994645,-11.386898288512812
CASKIN1,-12.034530478439413,-12.320447306432206,-12.299308598747476
MLST8,-11.003827056071934,-11.136234072988769,-11.043908397406986
PGP,-10.114190428039196,-10.175028150558253,-10.131186973241515
E4F1,-11.800603635426603,-11.832840192572194,-12.045049241499168
ECI1,-8.91838888577794,-9.020667858108835,-8.951018271684083
RNPS1,-9.056093855937682,-9.271516702427897,-9.169389347862703
ABCA3,-11.718200754692864,-11.69481855448221,-12.017213265268527
CCNF,-11.459695863923255,-11.891550930473292,-11.849091737762699
TEDC2,-12.414489391919059,-12.711087223911306,-12.711297599909251
TBC1D24,-11.622000459446753,-11.63692581121305,-11.672963421699377
ENSG00000260293,-12.651978077799305,-12.507504881545904,-13.040679592548239
ATP6V0C,-9.086461311865856,-9.11369154555142,-9.221522626021786
AMDHD2,-12.216302626134821,-12.49213270587228,-12.491021363203377
PDPK1,-10.594018636816275,-10.612727103484014,-10.657152465443327
ENSG00000261613,-12.928167332443081,-13.099759719913347,-13.049643118363372
ENSG00000269937,-13.108547275579566,-13.057088458049591,-13.075685529333477
ENSG00000291228,-10.522320159461707,-10.571232006379619,-10.586073950805588
ERVK13-1,-10.934270242754474,-10.781248559698618,-11.092839647249596
KCTD5,-11.420924884370777,-11.443203532521034,-11.462360923925058
SRRM2-AS1,-12.864733141182086,-13.150282273649676,-12.963762005325066
SRRM2,-7.664409338563342,-7.624150793281714,-7.740066194379194
ELOB,-8.433755694522535,-8.534248965024734,-8.512705497094965
FLYWCH2,-10.495692074936601,-10.49188731038297,-10.323864457313901
FLYWCH1,-11.833193054345685,-11.936004836623512,-11.846473071070456
PKMYT1,-12.478937529828912,-13.218188468390935,-12.9386359588848
ENSG00000272079,-12.054379747922114,-12.008822490113271,-12.017660621340394
CLDN6,-9.411476101079769,-9.558168489743963,-9.527779744633479
TNFRSF12A,-10.070180536289552,-9.911496993664796,-10.047625042464881
HCFC1R1,-10.775543785416344,-10.78389983908222,-10.386625091020841
THOC6,-10.843768099469719,-11.028407099540246,-10.969854657801992
MMP25-AS1,-11.951078770998562,-12.194671496553784,-12.143691129277656
ZNF213-AS1,-11.333655308408085,-11.409947101110333,-11.714581610486588
ZNF205,-12.239522844876571,-12.27762833846663,-12.351917825400495
ZNF200,-11.435085510271506,-11.305515219060906,-11.481080719015937
ZNF263,-12.326067882702,-12.147424708424138,-12.546847773035257
TIGD7,-11.501168693178258,-11.559673625526845,-11.342007201620499
ZNF75A,-10.376769184461105,-10.673668872637968,-10.598788206479403
ZSCAN32,-11.515873267362887,-11.439324002297367,-11.842746558265812
ZNF174,-11.073416915452018,-10.965621319555572,-11.12033626147066
ZNF597,-12.620613742810827,-12.428088377399664,-12.986699156925784
NAA60,-10.333086749123016,-10.158224805055436,-10.409043516833059
CLUAP1,-9.973640487296755,-9.925033065498031,-10.014592290026243
SLX4,-12.157841932744507,-12.383459722161401,-12.320807814093952
DNASE1,-10.938790625091622,-10.575493450102629,-10.669345905602293
TRAP1,-9.987005478781155,-10.110078360424614,-10.003051811456126
CREBBP,-8.798713342947108,-8.840283462917233,-9.037797060828803
ADCY9,-10.099705699589633,-10.327820488794918,-10.411351405930677
SRL,-10.413935316899734,-10.438281836769587,-10.739569855709693
LINC01569,-12.733942800773292,-12.523302097103542,-12.57387299457887
TFAP4,-11.454772027282552,-11.796107632922453,-11.723912393986167
GLIS2,-11.748152502804611,-11.895950446660912,-12.05456116952296
PAM16,-9.96362578876793,-10.08909723786682,-10.092411050724293
CORO7,-12.034100907134553,-12.026886641946614,-12.33381620912768
VASN,-12.212811773496837,-12.369497786035911,-12.933099739930093
DNAJA3,-10.882567783917384,-10.91766598094543,-10.866404385347751
NMRAL1,-11.746010779249254,-11.645351079374999,-11.678772048391938
HMOX2,-10.74463177567697,-10.777230201441261,-10.676928148829177
CDIP1,-10.984066014250667,-11.114039088800709,-11.14790811198223
C16orf96,-12.807546722774187,-12.852359195523693,-13.1183327413664
UBALD1,-11.385097754732023,-11.371637061341973,-11.539680928064737
MGRN1,-10.689153800533855,-10.625649486511264,-10.736708205767078
NUDT16L1,-10.118548073921888,-10.243948241958428,-10.242472080196281
ANKS3,-10.62122549551744,-10.828231271491012,-10.814466108504368
ZNF500,-11.861555661330039,-11.890810671357848,-12.205495772042024
ROGDI,-10.57792241233687,-10.588318735220522,-10.684450669315375
GLYR1,-9.46649798522586,-9.514659566045633,-9.76913936974438
UBN1,-9.829760810530663,-9.745041072083886,-9.867191661155317
PPL,-12.462851012392113,-12.420361167720873,-12.5074996859089
NAGPA,-12.183390763724107,-11.901571442810972,-12.505726357282969
ALG1,-11.645739311546697,-11.484206024929037,-11.805467229107139
EEF2KMT,-12.291737443638572,-12.302737872768676,-12.125219615024037
RBFOX1,-8.425283601170666,-8.476791571897351,-9.193571968806856
METTL22,-11.308992036563474,-11.392131647192661,-11.447318886139321
ABAT,-10.224328418543966,-10.229124178700076,-9.870099045920579
TMEM186,-11.642635230071841,-11.73916331273116,-11.69895918086155
PMM2,-10.15979771557828,-10.04872091890086,-10.290848845520117
CARHSP1,-10.059838015286072,-10.333382687219844,-10.161307227413674
USP7,-9.45382091182109,-9.53138013610744,-9.557777755278073
HAPSTR1,-10.70865336517183,-10.54679502296659,-10.734750667538906
GRIN2A,-10.965422475315409,-9.913419698223276,-10.705366734916998
ENSG00000285543,-11.052626639960602,-10.141322524709937,-10.553700383972823
ATF7IP2,-8.848523583719889,-8.614329713652515,-9.10851528398888
LINC01290,-12.087373611564997,-12.315578393383024,-12.046298135540113
EMP2,-8.53019714683646,-8.562426183758832,-8.573812521264344
NUBP1,-10.596146138714124,-10.692995535253829,-10.661598051119226
TVP23A,-12.930539061201449,-13.106874935832955,-12.842095027294565
DEXI,-10.702377725852378,-10.732266579015674,-10.782505539145237
CLEC16A,-9.910892405495007,-9.925285013247528,-10.04495227091333
RMI2,-10.74170964073592,-11.087730553980068,-11.019709214351373
LITAF,-10.992462665136438,-11.038532962420623,-11.185927528726722
SNN,-11.689103409373919,-11.731927919779245,-11.729904313437318
TXNDC11,-10.810540381889822,-10.726610575909312,-10.757050879509288
ZC3H7A,-9.578809432083279,-9.574691363915282,-9.77818518410791
RSL1D1,-8.491720140232518,-8.645992819258854,-8.534823828403715
RSL1D1-DT,-11.717430738597754,-11.743193575668666,-11.87948237596689
GSPT1,-8.854105614440837,-8.95307358062017,-8.942330488482908
SNX29,-10.173646505978889,-10.145538954805247,-10.158289666650907
CPPED1,-10.761261281746567,-10.536605859728967,-10.991606605203025
ERCC4,-10.387305696982311,-10.325055640683166,-10.419247989022447
MRTFB,-8.921204027042654,-8.948905979633597,-9.140357033450153
ENSG00000276564,-12.762757772854956,-12.793160702956245,-12.82534829903398
MIR193BHG,-11.809308792059616,-11.944592708078973,-12.779686552023712
PARN,-9.712693602191342,-9.786171283154443,-9.939749209898572
BFAR,-10.145405599358929,-10.275648901641867,-10.286881191920152
NOMO1,-11.496208477738225,-11.426089067515626,-11.320176259164338
NPIPA1,-13.090374191645815,-12.760200925115646,-12.961132512489865
PDXDC1,-9.743081605434512,-9.851660110245366,-9.949955954943553
NTAN1,-10.797317604440943,-10.680860368104137,-10.675265269299048
RRN3,-10.334797717943095,-10.392295705601498,-10.612505266439472
ENSG00000290396,-12.429933561692076,-12.628951713229524,-12.813524752568103
ENSG00000291272,-12.361854171126401,-12.509917061328075,-12.837000118528016
MPV17L,-12.690019284580604,-13.035351967884598,-12.918998832344542
BMERB1,-10.388598228717887,-10.2991375914542,-10.725872529472118
MARF1,-10.269135986572742,-10.212668274605818,-10.3475296012373
NDE1,-11.454561479161079,-11.64338265306625,-11.646018987661131
MYH11,-12.995866700195492,-12.368145058797763,-12.593713601972642
CEP20,-10.5181015490597,-10.692699344679408,-10.646035571986113
ABCC1,-10.441451587168013,-10.775755710331179,-10.728261956944037
NOMO3,-12.039847204412814,-11.982525037510618,-11.888534248830393
XYLT1,-10.516331884536823,-10.354394379999547,-10.553358055890481
ENSG00000290383,-12.631263165097213,-12.559582834150548,-12.437215102470937
NOMO2,-12.14991260017344,-12.118802324897052,-12.453086483170079
RPS15A,-6.526152127223501,-6.720035832611365,-6.604924654179839
ARL6IP1,-9.060694296920744,-9.260248140345146,-9.178201733061414
SMG1,-9.356185414322079,-9.305710136751769,-9.390022687714989
TMC7,-12.343466981876459,-12.242963426141952,-12.526845063971901
COQ7,-10.857047737172502,-10.810773845025205,-10.873098264717658
ITPRIPL2,-11.686048783754089,-11.56652452311985,-11.866142465228208
GDE1,-10.056977379452398,-10.06125433644554,-10.260160216650958
CCP110,-10.45938972771489,-10.707223309258557,-10.79542845343719
VPS35L,-9.841905150803493,-9.928417480402567,-10.046496541501734
KNOP1,-10.19480052522545,-10.365341693548059,-10.201305477897089
IQCK,-10.758823675318318,-10.551961837666298,-10.821784521190953
GPRC5B,-11.731438932078932,-11.801478232550313,-11.76272574595785
THUMPD1,-9.794452974102677,-9.790839280663503,-9.922893598412678
ERI2,-11.240581540201292,-11.357589804316707,-11.254205253263734
REXO5,-12.115112082078415,-12.520587652326325,-12.381447256490755
DCUN1D3,-12.517357193503342,-12.163334893459234,-12.441803685050319
LYRM1,-10.95316867304774,-10.986420404824283,-10.864146444672862
LDAF1,-11.49121363536544,-11.173130169940912,-10.955879775204094
ENSG00000291073,-11.29022153899439,-11.235948400817598,-11.337008340165237
METTL9,-8.916639112169797,-9.023203879876906,-8.977224259705256
ENSG00000261596,-13.025461391511307,-13.299520383299946,-13.138659644385097
ENSG00000291066,-11.955799071687736,-11.785678085358281,-11.773864879018783
NPIPB4,-11.784577295654007,-12.138388331328974,-12.038659168028586
UQCRC2,-8.556205355614834,-8.62214203307673,-8.506290037312798
MOSMO,-9.722691127038031,-9.688447948976954,-9.792220517556808
EEF2K,-10.521718076215407,-10.658734667647535,-10.675291258423822
POLR3E,-10.830179438222222,-10.908470316498816,-11.102088718160081
ENSG00000286808,-13.149632078880636,-13.028229428055068,-13.225250644243518
CDR2,-9.789248327320884,-9.7610273113079,-9.961676075937262
RRN3P3,-12.021074953086414,-12.156474958122718,-12.316664607742183
ENSG00000291060,-12.372486067294703,-12.602806551569376,-12.36633500209759
NPIPB5,-11.81318669305461,-11.87282207434574,-12.057212654245879
USP31,-10.78120286052053,-10.872325413287314,-10.712765860863836
COG7,-11.120270536612539,-11.077351091393226,-11.28102749774729
ENSG00000260136,-11.770859058871375,-11.559252443221903,-11.773742085871762
GGA2,-9.485955840945355,-9.670166187433875,-9.705624656525432
EARS2,-11.511047713507383,-11.578133724506026,-11.639027512770504
UBFD1,-9.797222060815155,-9.973524674631431,-10.107706101000376
NDUFAB1,-8.557035450868629,-8.693500625195922,-8.599772355955748
PALB2,-11.014987362343012,-11.12385217799093,-11.11120086767784
DCTN5,-10.328735473091875,-10.32495152747559,-10.508461809257247
PLK1,-11.406028392455434,-12.021659319375347,-12.046535323127804
RBBP6,-9.052482148702824,-9.102584896984274,-9.043630852042188
TNRC6A,-8.635122907368585,-8.661365467919666,-8.74297692590594
ARHGAP17,-10.165195626686796,-10.192967730694,-10.206663915719242
LINC02175,-13.008480766736804,-12.472621560602873,-12.517405391549058
LCMT1,-10.291036017628505,-10.257437900478756,-10.29952766212847
ZKSCAN2,-11.635196624608245,-11.539624418929579,-11.721782569450395
ZKSCAN2-DT,-12.185169588117233,-12.306376567328822,-12.372218008675324
HS3ST4,-12.361944114243759,-11.538786118972757,-12.875106279504937
KDM8,-12.786077790568335,-12.561795591292363,-12.683341054528155
NSMCE1,-11.705305732051901,-11.008672437859255,-10.846406660106192
IL4R,-11.819087061496292,-11.132819819917568,-11.012572725764436
GTF3C1,-9.471861589032207,-9.49469444472939,-9.558273509644016
KATNIP,-10.605076036297218,-10.577776493293204,-10.83928539826642
XPO6,-10.100871384152901,-10.271391888413946,-10.316429010670221
SBK1,-11.888565978194494,-11.829970558422024,-11.845507205926763
CLN3,-11.65876564653637,-11.617837509323122,-11.747791918433213
SGF29,-11.078452577759744,-11.063041229261328,-11.203464476148204
SULT1A1,-12.470365304797221,-12.866674387294008,-12.303868006568958
EIF3C,-11.512408957515259,-11.598863026538549,-11.912795427743514
ATXN2L,-10.27343534107966,-10.30404860324609,-10.282224556732409
TUFM,-9.453464420909292,-9.57015619854595,-9.494925833136106
SH2B1,-10.899223035314048,-10.92916070265844,-11.100486198355664
ATP2A1-AS1,-12.016157599072955,-11.884324044222508,-11.862237499637077
RABEP2,-11.179075076614865,-10.956895222337545,-11.291838001531247
NFATC2IP,-9.9279812165212,-9.96964800889159,-10.157376901590903
SPNS1,-11.186943901826337,-11.275343705637669,-11.482839921112395
QPRT,-8.978748781439723,-9.031095200985991,-9.101193707966624
KIF22,-10.60433417647473,-10.9509940065294,-10.901401987911854
MAZ,-10.009592910525933,-10.086645957614635,-10.25055212043913
MVP-DT,-12.739778140562402,-12.652234865681859,-12.882143809507264
PRRT2,-12.026075672085158,-11.565357166760611,-12.426483602043982
PAGR1,-9.92888938177591,-9.980746561951568,-10.15697543621824
MVP,-12.815058244020443,-12.428946467176315,-12.719025694797374
CDIPT,-10.480898546024394,-10.45082876190167,-10.508619432036175
SEZ6L2,-12.272609035711167,-12.214371436600736,-12.300027381339467
ASPHD1,-13.133321523733631,-12.863571404126667,-13.262654678086928
KCTD13,-11.56146175244289,-11.596667734545754,-11.512946338838914
TMEM219,-10.012494245503245,-10.048348064104054,-10.041963820503614
TAOK2,-11.696247387346629,-11.525220784445239,-11.609237251553184
HIRIP3,-11.064809681461014,-11.403108719334764,-11.292284468512971
INO80E,-11.418923189147394,-11.54820072014254,-11.589983260828207
DOC2A,-13.045982297401409,-13.048714190561691,-13.012325667594077
ALDOA,-10.89850518748522,-11.065967841021422,-10.6805367721839
PPP4C,-9.604389646842206,-9.662694433132016,-9.749096807753393
YPEL3,-9.946136140379032,-10.09559491051348,-10.195065934827904
MAPK3,-11.529005589828564,-11.688401786523935,-11.782911087681349
BOLA2B,-12.327031521717442,-12.549939444593925,-12.326764203641895
NPIPB13,-11.085854840794228,-11.03470805491521,-11.181892027305453
ENSG00000291047,-13.262152471738009,-12.693015579717802,-12.911469422330603
SMG1P5,-10.562358688564736,-10.430382012270522,-10.13203652329566
CD2BP2,-10.808673958996062,-11.039249280889736,-11.076403631322467
TBC1D10B,-11.731077095639927,-11.81306617068909,-11.822910592586886
ZNF48,-11.753140035599662,-11.719308319241389,-11.928454757289126
SEPTIN1,-11.82844466115485,-11.752212626264516,-11.888123243959251
ZNF771,-11.484448933619584,-11.558669789823325,-11.63896059284605
DCTPP1,-11.145810537076587,-10.98497856681319,-10.77632154426099
SEPHS2,-10.536031028130914,-10.554725421488275,-10.27023064296254
ZNF768,-11.796691851889195,-11.613027086329074,-11.574451303952186
ZNF747,-12.190327063716891,-12.28485365183042,-12.327842034109352
ZNF764,-11.639523512521965,-11.489352556248548,-11.416262533879664
ZNF688,-11.839944252393355,-11.955538145529038,-12.04089838184981
ZNF785,-11.096197589045286,-11.12729526667264,-11.237912643274214
ENSG00000260167,-13.052228647059101,-12.891246615182778,-12.779399150321295
ZNF689,-11.556424075866731,-11.626422315168194,-11.720975851425424
PRR14,-11.934582658622446,-11.893071388780823,-12.032242690923383
FBRS,-11.230337280198805,-11.240703231339937,-11.350456219463474
ENSG00000261840,-12.889451335641768,-12.994674238167233,-12.951295865075775
SRCAP,-10.462939801586433,-10.525098764123447,-10.82204200199954
TMEM265,-12.42886722334455,-12.444374600360835,-12.824053092786842
PHKG2,-11.473876828990338,-11.578807051621238,-11.477598986138153
RNF40,-10.759636970977263,-10.822216462103304,-11.06270278882089
ZNF629,-11.003965357807841,-11.031028232418896,-11.117898463883327
BCL7C,-9.698058770732917,-9.774182546770435,-9.764406217980055
MIR762HG,-12.512966136877788,-12.596198358285378,-12.631587537366986
CTF1,-12.516193784260006,-12.219104529742372,-12.525555433431128
FBXL19,-11.734098142122262,-11.708633418034983,-11.828397897872891
ORAI3,-10.70156118421653,-10.692911894881224,-10.582576839225704
SETD1A,-11.455951684538302,-11.517704845468247,-11.786641130600216
STX1B,-12.751551355229603,-12.688351195132414,-12.43804425287522
STX4,-11.146222222426438,-11.067879862023048,-10.969964619154375
ZNF668,-12.903425142905693,-12.942699587850123,-12.95956346086313
ZNF646,-12.492858750477675,-12.267375247828026,-12.546438652735251
VKORC1,-9.865178814204482,-9.951360726054185,-9.70119099890558
BCKDK,-10.823529086415254,-11.012337209232848,-10.795984685706056
KAT8,-10.215903124352213,-10.30474978844578,-10.321011500450924
ENSG00000278133,-12.708448133157514,-12.632933718401569,-12.86046739267965
FUS,-7.858571053762323,-7.95855704544592,-8.038279667806268
COX6A2,-11.476250580954531,-10.596917290482796,-10.354523782222165
ENSG00000261474,-11.757015836380042,-11.70811307908992,-11.824001385794132
ENSG00000260267,-12.114771242614578,-11.881018157940037,-12.141670181786909
ARMC5,-12.877043624443404,-12.803564127477292,-12.968521800588666
TGFB1I1,-10.7021928643551,-11.013550841112119,-11.002451061157718
RUSF1,-11.296743438891767,-11.41371661082869,-11.3094121529607
ENSG00000290927,-11.74932171712439,-11.842448596938045,-11.95450537533532
KRBOX5,-10.053801475977698,-9.943368054389131,-9.966464666773614
ZNF267,-11.045088768052704,-11.029035531135607,-11.11422871568101
SHCBP1,-11.581168914293011,-12.077263946838674,-12.155722338949017
VPS35,-8.756495669933543,-8.811806709174864,-8.77364057225321
ORC6,-9.921220037277859,-10.398736708400046,-10.2112482909746
MYLK3,-8.630282695407793,-8.617869022939146,-8.684651535494785
C16orf87,-8.963323282238035,-9.07610750328103,-9.15488673361598
GPT2,-11.171495345146443,-11.452678754312203,-11.174351310458176
DNAJA2,-9.152975547180546,-9.243574678413648,-9.261056482484175
NETO2,-10.164324627157407,-10.268224833831423,-10.62311696998054
ITFG1,-8.068473985358143,-8.06925630403004,-8.332761225759873
PHKB,-8.38029603387662,-8.412985792860622,-8.618295598740326
LINC02133,-12.383477927756537,-12.374377541690976,-12.337855597229224
LONP2,-9.083284958723581,-9.091748307682298,-9.118726952929878
SIAH1,-10.064784828520295,-10.059440645950518,-10.156751651915426
N4BP1,-9.500133559536831,-9.565194057521829,-9.642259019974965
ZNF423,-10.582669795996328,-10.576976793405654,-10.674996443644805
CNEP1R1,-11.565783790609503,-11.450316496094333,-11.533521704451186
HEATR3,-10.69364365184324,-10.688006502101235,-10.823056893031389
TENT4B,-10.2251303590874,-10.211556656980402,-10.18107375162209
ADCY7,-12.158058046470519,-12.481474223553146,-12.124302186273889
BRD7,-9.058739881981193,-9.149510235307634,-9.098420467916108
NKD1,-12.61182834792306,-12.600260380062776,-12.564003829386037
CYLD,-10.397711756427391,-10.561679719834727,-10.45385443791482
SALL1,-11.322643416566468,-11.161112076524288,-11.78533520022815
ENSG00000285367,-11.272846310483521,-11.29311518818394,-11.48432818288849
HNRNPA1L3,-11.643353698289099,-11.951394137801335,-11.6840308596334
TOX3,-13.066690855453308,-13.209392255920934,-13.183046485982668
CHD9,-7.907848885378442,-7.932506438176854,-8.082235754533059
RBL2,-9.912626159060366,-9.930798122459393,-10.03016404284353
AKTIP,-10.840003593841033,-10.870159480588615,-11.0492874894788
RPGRIP1L,-10.326053956041111,-10.378818730636528,-10.298747964958936
FTO,-8.856934914143068,-8.93016954698551,-9.032277839637697
IRX3,-9.457738647377237,-9.487582037343051,-9.729187901827816
CRNDE,-8.892566003372652,-8.830445656648031,-9.193401329328267
IRX5,-10.814743382978484,-10.646766206597437,-11.008288810944459
MMP2,-11.856009069189025,-12.09403572004828,-11.91139231107813
LPCAT2,-11.754278939754727,-11.360021193026164,-11.17553897945002
GNAO1-DT,-12.59867360691408,-11.897944186361533,-12.14848886096125
GNAO1,-12.192622522816064,-11.58011423043427,-11.741784425410742
AMFR,-10.516495950101884,-10.410206402190015,-10.549442897256844
NUDT21,-9.504905083092078,-9.662874498598415,-9.628821580551266
OGFOD1,-10.72725609396258,-10.854247566826112,-10.86374536746281
BBS2,-10.841424962297173,-11.020521809902338,-10.833324298110519
MT1E,-11.926526288517564,-12.584751697326244,-12.220548343418237
MT1X,-12.030203909128517,-13.091474754560496,-12.085594145912665
NUP93,-9.723689418599191,-9.913166743316367,-9.846772641390693
HERPUD1,-10.26116752166456,-10.337333774719651,-10.110102212574063
CPNE2,-12.247541506527048,-12.293145356686065,-12.03535624167879
PSME3IP1,-9.733846769877612,-9.793620624205339,-9.843951779160896
RSPRY1,-9.991520658276231,-10.119089478014354,-10.042811846487961
ARL2BP,-9.239174207132296,-9.37777291858245,-9.323859580571055
PLLP,-12.917775838715212,-12.757613207502818,-12.819231824222012
CIAPIN1,-9.835556034721595,-9.921016226445364,-9.974020173406558
COQ9,-10.185619009247613,-10.25402834738157,-10.204146215878271
POLR2C,-10.135140661069302,-10.205703738855302,-10.327532649177828
DOK4,-8.746261561294812,-8.962932969115288,-8.611837999926598
CCDC102A,-11.414137227350468,-11.521565660515828,-11.795200046764567
KATNB1,-11.96738740947678,-12.38967186723051,-12.247678520237027
KIFC3,-12.210024995906853,-11.310375205683698,-12.198215136840858
ZNF319,-12.512010997805842,-12.509351568415111,-12.416450136759613
USB1,-10.873787045862892,-10.83772539454477,-10.976021100086937
MMP15,-10.025973101979526,-9.817927713646222,-10.005115186196202
CFAP20,-9.89614068344952,-9.92861784495697,-9.98022705182874
ENSG00000260927,-11.86301384655758,-11.75076511092978,-11.665705339824424
CSNK2A2,-9.570286694059348,-9.653127300544472,-9.744759289179653
CCDC113,-11.094507707077724,-11.168000103262907,-11.166069179133329
GINS3,-12.246645449488874,-12.625489538254651,-12.590513430457312
NDRG4,-11.004575920415064,-11.041457965724812,-10.984202773230821
SETD6,-11.131117098494459,-11.291168842962458,-10.914432301551395
CNOT1,-9.332686607900522,-9.458643943259316,-9.478573110328789
SLC38A7,-11.274498247899528,-11.254098407795432,-11.498372777163926
GOT2,-9.570121987064429,-9.586273177792494,-9.554515275315143
ENSG00000245768,-11.182618260539211,-11.120775175540013,-11.522305727620553
CDH8,-11.065715375209006,-10.798370436703614,-10.457648391706954
ENSG00000261502,-11.85297138975475,-12.29728279738145,-10.818517161230647
ENSG00000260658,-10.639224594871203,-11.23291577671226,-9.392108776231273
CDH11,-9.452760582285539,-9.308149715175318,-9.87421923020276
TK2,-11.059639668005845,-10.797728925117537,-10.945282074437912
CKLF,-11.391396416945508,-10.671775280740789,-10.551179547622308
ENSG00000289353,-13.088643204205788,-12.132613460600577,-12.039242006909241
CMTM3,-9.746947045178123,-9.876448250618738,-10.068126467212421
CMTM4,-10.035273327710328,-10.282413839534522,-10.28286607462395
DYNC1LI2,-9.129971457213331,-9.241448276448839,-9.284442138171384
NAE1,-9.30054167725363,-9.448040991298457,-9.417568666027895
PDP2,-12.006781861040787,-12.02450314103084,-12.022132665001333
RRAD,-10.828694265091686,-10.813051558118548,-10.832127543910863
CIAO2B,-9.019810153260847,-9.158446153346464,-9.108135231468482
CES2,-10.759382162151564,-10.73057695053409,-10.934324636052748
CES4A,-12.6780347806222,-12.677973690127482,-13.074453865525346
CBFB,-9.751541230237807,-9.828520094897746,-9.914537030010175
PHAF1,-11.453840194676864,-11.495627571194099,-11.566508393643268
B3GNT9,-12.930477803487392,-12.80059823117515,-12.851419208139442
TRADD,-13.04781198709285,-13.129888524487718,-13.146912492747504
NOL3,-11.652701473638157,-12.156464268895016,-11.85147997706995
MATCAP1,-11.195148923481126,-11.07725471146126,-11.223022907952203
E2F4,-10.979852312988074,-11.083721015066907,-11.051581032887816
TMEM208,-10.721361186697484,-10.736713575924785,-10.763806662763008
FHOD1,-12.667330971893929,-12.871172109227466,-13.098591094103448
ZDHHC1,-12.404523157653866,-12.48784384425673,-12.552082991933345
ATP6V0D1,-10.250086428065865,-10.399891042551472,-10.429286431203714
ATP6V0D1-DT,-11.593280606536151,-11.756058885283096,-12.028741066635805
RIPOR1,-11.261984123049702,-11.535587066174397,-11.515675187001433
ENSG00000261386,-12.857504740691201,-12.766447193240058,-12.992775734367543
CTCF,-9.491875287146575,-9.605541551742679,-9.701486309770484
ACD,-12.174031813018498,-12.389787705363672,-12.295903928246709
ENKD1,-12.270576386599515,-12.383148585822257,-12.362215985859295
C16orf86,-13.188777496097083,-12.976374882004167,-12.86957664548697
GFOD2,-11.666938809973491,-11.708345598727178,-11.872107215003219
RANBP10,-10.896264590721545,-10.983584499957113,-11.004301124031537
CENPT,-11.573547827713302,-11.644278764500646,-11.903190730884447
THAP11,-10.705155288637947,-10.746681053981007,-10.648520164473808
NUTF2,-9.1579548478034,-9.261786380068967,-9.307337783725616
EDC4,-11.249265175746727,-11.311779319209853,-11.395062779920563
PSKH1,-11.583063146766854,-11.818699380678378,-11.712897594403346
PSMB10,-10.86323766041928,-10.921333389499873,-10.877286970961729
SLC12A4,-11.92816775557131,-12.097044510660245,-12.432683991010496
DUS2,-11.75163703501744,-11.86790679564834,-11.926640047416305
DDX28,-11.912333507033031,-11.968181502105962,-12.038131220087356
NFATC3,-9.875245485983656,-9.873588944192258,-9.913554350163498
PLA2G15,-12.494796705193728,-12.364456980732738,-12.660772424370812
SLC7A6,-11.004252264319241,-10.988621554911509,-11.3940772648001
SLC7A6OS,-10.913653669918103,-10.902142617390064,-10.935095324323958
PRMT7,-10.722747616122724,-10.745394625947004,-10.796186090129009
ZFP90,-10.121427753596315,-10.032614124588838,-10.190561586900424
CDH3,-9.520188982131685,-9.757896877551481,-9.996963299919926
CDH3-AS1,-10.856020251305097,-10.92759050029198,-11.025591825493995
CDH1,-12.511036967258535,-12.861958537507805,-12.425248439167381
TANGO6,-10.831808877847372,-10.720060269777587,-10.86140828164588
CHTF8,-13.020090963807668,-13.07313518565889,-13.092383718030158
UTP4,-10.616670413106148,-10.747651265314545,-10.73910223626027
SNTB2,-10.505689816040487,-10.57883165527686,-10.792225617720366
VPS4A,-10.22193999022341,-10.269141006521242,-10.263247554769798
COG8,-11.303836813166017,-11.361515837293355,-11.279883916420042
NIP7,-10.784756834708428,-10.921338780194805,-11.037768496658808
TERF2,-9.890204852608905,-9.918691974927343,-9.968702535973064
CYB5B,-9.71062939138435,-9.884688368282118,-9.955019794376545
NFAT5,-8.316369335013578,-8.306814172344053,-8.549883307194705
NQO1,-12.856115280064643,-12.487509069040096,-12.666016423946456
NOB1,-10.42885781565099,-10.767828440634213,-10.61393694678043
WWP2,-10.517843059295634,-10.541400595511579,-10.686367149836489
ENSG00000290459,-12.48082582924304,-12.64241074313129,-12.890240126298435
ENSG00000290709,-11.936407283833496,-12.05370067848769,-12.057612014581213
PDPR,-10.951230429549364,-10.425864396015838,-11.185975747799814
EXOSC6,-10.573814038750694,-10.575405127392116,-10.64953823651484
AARS1,-10.760605209392892,-10.70565318425376,-10.604927459415864
DDX19B,-10.914695290433386,-11.009567212000489,-10.978063692431268
DDX19A-DT,-12.441189035904955,-12.601155742055635,-12.417932784584934
DDX19A,-10.284931207258138,-10.324955492967634,-10.363020344921072
ST3GAL2,-10.303330351733205,-10.35747552375946,-10.678204332885986
COG4,-10.875820975713632,-10.835341664633727,-10.956269226619035
SF3B3,-9.751870863744951,-9.870988821827755,-9.841989841169871
MTSS2,-10.90672359635837,-11.118688943123495,-10.949906009587428
VAC14,-10.854621338844016,-10.954159278897022,-11.105933855124988
HYDIN,-12.691398995418957,-12.481221494613399,-12.560188475810302
CMTR2,-10.73228936235548,-10.732562826739379,-10.780673068356728
ZNF23,-11.722401579668347,-11.765520473405632,-11.780098982922306
ZNF19,-11.991239562453677,-11.975667674041969,-12.000925075956584
PHLPP2,-10.603095012688526,-10.557861983566333,-10.824629818201679
AP1G1,-9.712428154718117,-9.765718343001973,-9.885442189920735
ATXN1L,-11.158116436687328,-11.138920974650748,-11.58197492736092
IST1,-9.466490825438349,-9.486557963951544,-9.492382440318215
ZNF821,-10.665238709087106,-10.632421505734362,-11.01183095123053
DHODH,-11.91363771324353,-11.954430203164794,-11.821409294325573
TXNL4B,-10.568067000433585,-11.536687883581108,-12.370733829951345
DHX38,-10.537969283018642,-10.756022266830735,-10.891849760409116
PMFBP1,-11.976839895418914,-11.613708071975797,-12.078209502687006
LINC01572,-9.163936100820889,-8.837668660767891,-9.190364097837584
ENSG00000260664,-13.153635519830784,-12.740276883536337,-13.121218969614365
ZFHX3-AS1,-10.531600307319888,-10.68463333688047,-10.69652007441283
ZFHX3,-9.048335623054406,-9.352345100838143,-9.277627726758926
PSMD7-DT,-12.330217298318171,-12.348869563953318,-11.824391066890657
PSMD7,-8.898987828930293,-8.955016145015428,-8.972595558589095
ENSG00000259972,-10.40124838805341,-10.702327988690895,-10.526677644869968
GLG1,-8.615524008978321,-8.653575714641564,-8.760600458037423
RFWD3,-10.887434041344713,-11.020029258710403,-11.046585131297537
WDR59,-9.640209461715658,-9.775489100858218,-9.770434392066784
ZNRF1,-9.854849945043982,-10.122288070814895,-9.830615797842093
ZFP1,-11.434488616687654,-11.44161287492512,-11.514689647512624
BCAR1,-10.722018149482059,-10.91511942667158,-11.09859023782199
CFDP1,-8.768768475675454,-8.741842175414394,-8.68608274057735
TMEM170A,-10.386455792654377,-10.45984041833778,-10.490461932086955
TMEM231,-11.63456676658447,-11.74404767532658,-11.704325313037321
GABARAPL2,-8.810360919109534,-8.841118509408215,-8.940465529581997
ADAT1,-11.090219210426074,-11.038520353910735,-11.19923122121247
KARS1,-10.001836129166257,-10.152214580356949,-10.119187024844212
TERF2IP,-9.359746328876618,-9.372315887106016,-9.530451517287423
CNTNAP4,-12.516321100432435,-11.250959671855512,-12.131895084530003
MON1B,-11.109210439360528,-11.071348161679666,-11.21841335905745
SYCE1L,-12.814625166109545,-12.701896148312134,-12.705099097522814
ADAMTS18,-11.757294635816862,-11.64248906069713,-12.179366762124207
NUDT7,-11.122082350627071,-11.437109285280396,-11.051665714841132
VAT1L,-10.882206149593507,-11.600271900942412,-10.748292112796658
WWOX,-8.035027098258952,-8.104181355269413,-8.2289001204008
ENSG00000260816,-12.8362823924396,-12.887257994915828,-12.934190502658012
MAF,-11.358655026397695,-11.46765592509822,-11.196601856978907
MAFTRR,-13.024189495889019,-12.96198954830908,-12.519893165578756
CDYL2,-12.199323199196439,-12.141730249570308,-12.373836564313093
CMC2,-9.56450327729085,-9.50980818471919,-9.54664766712923
CENPN,-11.088104605891116,-11.39876702227781,-11.558454484267079
ATMIN,-10.00636543240924,-9.976492404877368,-10.192708865204256
C16orf46,-11.890137121110694,-11.835854373055032,-12.011242856906978
GCSH,-9.3829889492589,-9.51345077788593,-9.495693695658682
GAN,-9.789993350384611,-9.781943537759078,-9.996302716506912
CMIP,-9.66346655724236,-9.65755818272922,-9.882198131669131
PLCG2,-9.388499327579144,-9.329624890922334,-9.494425355098258
HSD17B2-AS1,-12.904541077411757,-12.50860843765578,-12.681040635785868
MPHOSPH6,-10.800663761668973,-10.849222681282454,-11.173651827454204
CDH13,-10.84972622086125,-9.966298786983968,-10.51542885660693
HSBP1,-8.546285239539317,-8.583353878858842,-8.481326477953791
MLYCD,-10.473832539675309,-10.623990073138557,-10.725905077366402
MBTPS1,-9.472817311094976,-9.52411604094958,-9.663584215440148
HSDL1,-10.08320181040517,-10.14607564500233,-10.175224356154404
TAF1C,-12.508873286147642,-12.428341005217478,-12.57231807031578
WFDC1,-11.895889290450965,-12.21676004574919,-11.145777389281568
MEAK7,-11.392589103257595,-11.232824799910215,-11.113972630459523
COTL1,-10.610623054450436,-10.610469348098988,-10.855719969962196
KLHL36,-11.555150078240388,-11.563771735667613,-11.557859605957203
USP10,-9.146089283521453,-9.198993862837396,-9.245926218335489
CRISPLD2,-13.033319783586157,-13.100615834812901,-13.119857647205963
ZDHHC7,-10.462349147350352,-10.47749629392752,-10.53229032916493
KIAA0513,-11.822772593728114,-11.825665212494085,-11.69439215906202
GSE1,-8.882878815820888,-8.922332526360488,-8.960006575331887
GINS2,-10.691743368199809,-11.467301264632047,-11.287911120372033
C16orf74,-10.603994345159386,-10.718549821960108,-10.468886044102206
EMC8,-9.918556311099756,-10.064466851044502,-10.073473463561049
COX4I1,-7.555272430779361,-7.690560712943043,-7.611914393524767
LINC01081,-12.522747540408476,-12.905574619490592,-12.958120255239749
MTHFSD,-11.347640598408429,-11.407886387700428,-11.52224853520976
C16orf95,-11.609869480453938,-11.855930573002478,-11.828599421525764
FBXO31,-11.513830819807414,-11.67750676343222,-11.675833382579132
MAP1LC3B,-8.995575091729163,-8.912080060088277,-9.022684331398201
ZCCHC14,-10.046341569280958,-10.121837493085085,-10.226128975327239
JPH3,-11.668544220817356,-11.578240306223039,-11.852480279722334
KLHDC4,-11.001463814345843,-11.082477498378735,-11.292170660399085
SLC7A5,-12.295197348684493,-12.296532952888919,-12.394735836917386
BANP,-10.530080904163137,-10.740879381613617,-10.765178392969029
ZFPM1,-10.993231889133638,-10.965859042016623,-11.05075918747467
ZC3H18,-10.239041478983596,-10.288138788606563,-10.419941401308746
CYBA,-9.554130121593857,-9.735016900800408,-9.63784736090386
MVD,-11.565393639666405,-11.403831376796877,-11.553281330483987
SNAI3-AS1,-12.094865139664641,-12.263282344293263,-12.196758403567678
RNF166,-11.88519649423564,-11.900028303221935,-11.853075731582537
CTU2,-12.381255091894454,-12.539608787733167,-12.550404237580661
PIEZO1,-11.504549438494495,-11.72500452783996,-11.853026614214325
CDT1,-11.707726702183793,-12.773875549514102,-12.298911571350647
APRT,-9.936780044926516,-9.81380880744871,-9.64096173410287
GALNS,-11.679016939394922,-11.79464021557526,-11.761620753810861
TRAPPC2L,-10.174873355239791,-10.176275739218083,-10.328227683546439
CBFA2T3,-12.590090833648414,-13.018027243378548,-12.899461663109445
ACSF3,-10.87753813890382,-11.042388028047169,-11.017087865601969
ZNF778-DT,-12.03588955619266,-12.540549244058052,-12.146416762981072
ZNF778,-11.935109304796807,-11.616244220918198,-11.835563567670908
ANKRD11,-8.286700279774141,-8.333484769831845,-8.4439515460895
SPG7,-10.01479028811514,-9.92864147601221,-10.214869062680538
RPL13,-5.8893640950115635,-6.071603694104255,-5.999051789889763
CHMP1A,-10.984910263583933,-11.072406612545267,-11.093999360002668
SPATA33,-11.666816501044837,-11.775601853811512,-11.828467647417575
CDK10,-11.186126494155163,-11.466997991154981,-11.491593841005876
VPS9D1,-11.165508319519294,-11.12646061815583,-11.204151358642948
ZNF276,-11.389875416460178,-11.461511433724702,-11.665899806344713
FANCA,-11.11910559623228,-11.557996066635683,-11.568688828483372
SPIRE2,-12.43376105803731,-12.24362353959992,-12.492507109020115
TCF25,-8.834558231640205,-8.840022188446966,-8.950528235999162
DEF8,-11.291921388554623,-11.302900418201006,-11.4181847226041
GAS8,-12.835105853995145,-12.088966694442489,-11.25996683554498
RPH3AL,-11.366276778955042,-11.447311571876162,-11.319067563700113
C17orf97,-11.151770195892855,-11.326409898737493,-11.59493104289432
RFLNB,-12.035871877967693,-12.409723872639292,-12.149717371005444
VPS53,-9.444073236679282,-9.398669112067951,-9.435252888324147
TLCD3A,-11.712143449951746,-11.978057210757688,-12.09397748650758
GEMIN4,-11.983239551509904,-12.00845558644271,-12.16411300985263
GLOD4,-9.646680961289091,-9.803325496027524,-9.872906876142705
MRM3,-11.275495453422495,-11.353589796151482,-11.47901295318561
NXN,-8.967917818472149,-8.97398892014147,-9.237824831819454
TIMM22,-10.304687431513829,-10.41418615231644,-10.520562679833152
ABR,-10.70248602262684,-10.86656949207855,-10.919660787062156
YWHAE,-7.622786134234795,-7.761829059883341,-7.688632508594821
CRK,-10.207522786893923,-10.273102771858595,-10.410157893369425
MYO1C,-10.928354462633498,-10.73439125738352,-10.832795697022268
INPP5K,-12.159825748343568,-12.235276938208475,-12.556788932898279
PITPNA-AS1,-10.92309119329825,-10.96783972578763,-10.944358855469078
PITPNA,-9.69433917721596,-9.738175079672141,-9.917270537199222
SCARF1,-12.335153188389773,-12.51058473148752,-12.314969182764004
RILP,-11.874462742391168,-11.974495841754251,-11.533485664437036
PRPF8,-9.376142314160397,-9.388555322980075,-9.475192871327309
TLCD2,-12.329291136173893,-12.011251093045058,-12.52947771912929
MIR22HG,-12.133896866597725,-11.430332115478592,-11.997442290745031
WDR81,-12.603377517565944,-12.785154862332277,-12.81486261294123
SERPINF1,-10.893945741579074,-10.775181879030082,-10.701024350113196
SMYD4,-10.811541118468524,-10.919846805977267,-11.018893747837483
RPA1,-10.130532016434715,-10.335128368587728,-10.30639065713293
RTN4RL1,-10.902478858013342,-11.06856529971982,-11.02232102132346
DPH1,-11.862502827704564,-12.098211663835617,-12.195889204645379
SMG6,-8.992816206119029,-8.926305432993512,-9.132992042271638
SRR,-10.997444885831637,-10.983886199716931,-10.921449419864322
TSR1,-10.020854985284275,-10.215809493147717,-10.21575392246168
SGSM2,-11.273169484335027,-11.322049315978575,-11.454442157201854
MNT,-11.794969316290667,-11.88371338369454,-11.977406450594046
METTL16,-9.696404782926052,-9.659493973610164,-9.880963365976566
PAFAH1B1,-8.510254295131807,-8.467283940312672,-8.59259234953539
CLUH,-11.427870071936285,-11.67814390117245,-11.542295936306678
ENSG00000262050,-12.682669466385338,-12.45840895184921,-12.176088727924547
RAP1GAP2,-12.547738189932355,-11.852295289358583,-12.315884348615464
TRPV1,-11.722310543445515,-11.889427587506164,-11.768220938276768
SHPK,-11.244401685190955,-11.335051536096834,-11.461068710787485
CTNS,-11.392466232354252,-11.208821445353406,-11.660505690365108
TAX1BP3,-9.71706748214156,-9.795418534118259,-9.66064926437752
EMC6,-9.625148887197865,-9.696933118182564,-9.711357791558443
ITGAE,-10.029956990169266,-10.025808081931881,-10.090031099748945
NCBP3,-9.217922993740158,-9.234035321516012,-9.294860411679583
CAMKK1,-12.251956994213547,-12.160302313751973,-12.092692173972997
ZZEF1,-10.176059369475267,-10.279106971604127,-10.309113979247286
CYB5D2,-11.247988170983083,-11.422325999867747,-11.705525559452147
ANKFY1,-9.995496017939946,-10.061692270413133,-10.292443256616172
UBE2G1,-8.976414958327455,-9.014725745875607,-9.13294076735042
MYBBP1A,-10.965352272219945,-11.171623094486321,-11.119691194132415
SMTNL2,-10.32743756894239,-10.33399802070992,-10.02901971500438
PELP1,-10.594401450886576,-10.69859941593584,-10.731381488904754
ARRB2,-12.146832761711625,-12.341111595859934,-12.213106819072811
MED11,-11.123166077771325,-11.261618368610893,-11.2135639703376
PSMB6,-8.849548652391308,-8.964288328317991,-9.08743898971165
PLD2,-12.44634879988102,-12.392474854782416,-12.506883391309003
MINK1,-11.068998302730291,-11.076464198940972,-11.322309557040448
CHRNE,-12.568838558918396,-12.341817105647797,-12.58180071713673
SLC25A11,-9.916192891990102,-10.099880683052977,-9.901467422833845
RNF167,-10.239351229884116,-10.295417421221975,-10.32353985641212
PFN1,-7.241983310017824,-7.366875556466596,-7.368647105205322
ENO3,-8.942292131455119,-8.818394780661496,-8.786059162933919
SPAG7,-9.176130391205525,-9.349122522131646,-9.33399418911286
CAMTA2,-12.244644698929982,-12.16068215929743,-12.340433221979119
KIF1C,-10.30809798570026,-10.28640774119032,-10.639527337653924
ZNF232-AS1,-12.282520548333112,-11.920844684700505,-12.215532598032674
ZNF232,-11.798931653294588,-11.770062748673428,-11.801361421049263
ZNF594,-11.179716534531112,-11.220482069285506,-10.94064017972738
ZNF594-DT,-11.905928586711427,-11.745436473431925,-11.73786174763899
RABEP1,-9.109856982088976,-9.118490453091729,-9.121571172145645
NUP88,-9.966905451765589,-10.013380377817588,-10.197588253078344
RPAIN,-9.078657905413126,-9.247905480823997,-9.18756537505024
ENSG00000263272,-12.517496520493745,-12.867109085658711,-12.853711086117016
C1QBP,-8.687979525201175,-8.898135554209112,-8.884885016657767
DHX33,-10.849808097907362,-11.080320417036795,-10.948845467219963
DERL2,-10.666973042206395,-10.703509573554856,-10.73631393818528
MIS12,-10.656266518643863,-10.576148179732565,-10.601268534040141
WSCD1,-13.085049705514395,-12.949284588131658,-13.130341616947081
PIMREG,-12.003413769445533,-12.471820132993493,-12.62185515604635
KIAA0753,-9.921040815747308,-10.010816744807595,-10.173495385989813
TXNDC17,-9.020239890280585,-9.212517322687631,-9.32938702830042
MED31,-10.629191202940092,-10.768588681939141,-10.857736460575973
C17orf100,-12.322150237582969,-12.350946074775264,-12.473450399565715
ALOX12P2,-12.105228088555647,-12.280579476417023,-12.073299483528537
ALOX12-AS1,-10.25854970464814,-10.072248608647527,-10.48089654482026
RNASEK,-8.623004162166268,-8.719134833525901,-8.699774214024275
C17orf49,-10.090625296928222,-10.101431858076994,-10.090385754003211
ASGR1,-11.465533001971595,-11.647808037131174,-11.769223757713798
DLG4,-11.85483696583414,-11.80575242817406,-12.110798384180379
ACADVL,-9.711026363348283,-9.724633279658125,-10.071930159766474
DVL2,-11.253008466693302,-11.350159820755248,-11.427156657064208
PHF23,-10.053260356192947,-10.117528053971254,-10.182293219121759
GABARAP,-8.080926004589745,-8.269423989844823,-8.177882565990195
CTDNEP1,-9.99259079054695,-10.04034693106766,-10.088459529670189
ELP5,-10.622147806042701,-10.278155642134426,-10.616391227730222
SLC2A4,-12.043777876478307,-11.93135209506736,-12.222222579095146
YBX2,-12.167618160708683,-12.043694275127992,-12.51087287495326
EIF5A,-8.972975914143067,-9.387691456798196,-9.352910031787207
GPS2,-10.36485961251982,-10.476112000111874,-10.479459437559756
NEURL4,-12.379814370945581,-12.516875191077872,-12.565064688438495
KCTD11,-12.739539552970781,-12.66174018927657,-12.888008520098127
PLSCR3,-11.697766658966342,-11.98812634745801,-12.059615681064287
TMEM256,-9.171977324270257,-9.405708700588812,-9.080394967537877
NLGN2,-12.33198983502012,-11.961676665116865,-12.465208689404172
FGF11,-11.622480835958058,-11.744228241289154,-11.296927853158257
CHRNB1,-11.857166601323003,-11.716699584563218,-11.881001474357495
ZBTB4,-10.61633745436292,-10.56283618804712,-10.691737825775206
POLR2A,-9.61889241652823,-9.62450536800701,-9.859222709538152
SENP3,-11.546997134679444,-11.46689118916773,-11.800727307786529
EIF4A1,-7.726364099383188,-7.986972720166591,-7.9247144308575965
ENSG00000233223,-12.80916823226333,-13.126721286394368,-13.091582458198552
MPDU1,-10.930632844877728,-10.933983842938648,-11.15137205413946
FXR2,-11.070696769709127,-10.996768482121865,-11.194400795599599
SHBG,-12.94499640457203,-12.704566466889384,-12.76726720995006
SAT2,-9.743299346524404,-9.859742777607211,-9.76304972750707
ATP1B2,-9.732986020130346,-9.454041167226839,-9.842663699892926
TP53,-10.921607317458973,-11.158125606740619,-11.137907134661067
WRAP53,-12.058847488122474,-12.179972321164579,-12.030300885843912
EFNB3,-10.56688617612146,-10.84371129974572,-10.625198282604918
DNAH2,-12.693363407040529,-12.979837363822918,-12.927445114457022
KDM6B,-10.12859782384039,-10.218376715364863,-10.21682153459292
TMEM88,-9.813626657321736,-9.83847383922307,-10.218411855793796
NAA38,-9.558008631801243,-9.566427779211752,-9.684862635044654
CYB5D1,-11.835852862108002,-11.817477831049766,-12.045508459713426
CHD3,-10.12982006001586,-10.28771870342006,-10.2880252819825
TRAPPC1,-9.332403634265182,-9.437069714852456,-9.432224705904293
CNTROB,-11.756304677221795,-11.91922456238079,-12.034042829080908
PER1,-11.746086455748163,-11.659944358245166,-11.756870554972496
VAMP2,-9.618096438649518,-9.64239813999968,-9.558245685764511
TMEM107,-10.904529174588568,-11.025618070146724,-10.816591273261087
BORCS6,-12.28784779920599,-12.518786119990454,-12.2862221347542
AURKB,-11.385263522689513,-11.970606707470202,-11.729864532249737
CTC1,-12.20774226590439,-12.146446007692086,-12.31751564431087
PFAS,-11.044113542899126,-11.256857810090613,-11.179342802667207
RANGRF,-10.930270966415954,-11.088601429943193,-10.835853297512578
KRBA2,-10.551015079651417,-10.630922948037382,-10.464661905893575
RPL26,-6.546621084852628,-6.745083242519891,-6.658882216199753
NDEL1,-10.639272303313716,-10.67724950037738,-10.78199487073285
MYH10,-8.00374304541751,-8.062703529021443,-8.199531440182298
NTN1,-11.760641839108242,-12.815315317938037,-12.709620438655186
STX8,-9.555535851033403,-9.580754316238421,-9.633993184322142
USP43,-13.091138556616439,-13.236048330489044,-13.022382728395316
GAS7,-10.590755736325827,-10.454787966120481,-10.717815349784493
SCO1,-9.865510524600564,-9.900574516928227,-9.896572838308805
ADPRM,-12.250185191889683,-12.477820381531826,-12.051340687401282
TMEM220,-11.322394119766965,-11.214872783210144,-11.220122269065879
TMEM220-AS1,-12.381223123650413,-12.326712464126766,-12.451190849689507
SHISA6,-12.516869336839738,-12.51680513402912,-12.81291733155889
ZNF18,-12.457404247431386,-12.447003460221968,-12.534058335210316
MAP2K4,-8.679974738170046,-8.702313192789484,-8.765782434126162
LINC00670,-11.677892174459162,-12.430644557033222,-11.931002718598462
MYOCD,-7.1216191785997145,-7.174125865250826,-7.326965403262018
MYOCD-AS1,-11.070008869305559,-11.026895933137867,-11.173172077939705
ARHGAP44,-9.803568800620647,-9.922772016060339,-9.733093424353012
ELAC2,-10.452049989361537,-10.600552281420642,-10.668759978974359
HS3ST3A1,-10.232787101427485,-10.396042656261562,-11.768481299758673
COX10-DT,-10.813631350931916,-10.84836169333454,-10.968285666040947
COX10,-9.782287505657008,-9.804452956163209,-9.928342205377907
HS3ST3B1,-12.516581802841133,-12.487761588939069,-12.769181776261128
PMP22,-9.888685723458794,-10.207803298955554,-10.41163572092449
CDRT4,-11.847278446223234,-10.97688322171426,-11.157621900286573
TVP23C,-10.66345328467847,-9.504257740333548,-9.7254295246821
TRIM16,-10.553752731763788,-10.560051728769977,-10.585602273330569
ZNF286A,-10.229604115864444,-10.376591791036159,-10.261516395322294
ADORA2B,-12.731276628745118,-13.30194390767894,-12.653144350735282
ZSWIM7,-9.863704008152496,-9.901748550761669,-9.89295480116525
TTC19,-9.379822775345923,-9.46100443167713,-9.45298535287428
NCOR1,-8.326016019089877,-8.36582306247549,-8.42105598695781
PIGL,-10.206779605276036,-10.247563662649219,-10.325698580800756
CENPV,-10.12073521194475,-10.31773002582937,-9.954480600689845
UBB,-8.393391631126946,-8.544308967664112,-8.255887184035604
SNHG29,-7.108988052805826,-7.298764927086056,-7.29893344949638
LRRC75A,-11.031070905334264,-10.933251108760375,-11.002009922399303
ZNF287,-11.832922319330763,-11.673426070294742,-11.768711109240257
ZNF624,-11.669542074861255,-11.616876610027463,-11.94285584368358
CCDC144A,-12.556572098370875,-12.724751864296035,-13.105269832523318
MPRIP,-9.433043962830311,-9.573970213422673,-9.569161793107275
FLCN,-12.246750862361496,-12.048348457250196,-12.029569200609952
COPS3,-9.7516847146737,-9.900234735443581,-9.926439099025147
NT5M,-11.668801011561081,-11.804296626128643,-11.524441024132972
MED9,-10.9498050023867,-11.045181841638655,-11.011759195984236
RASD1,-12.363533028459756,-12.276864512634312,-11.11359201533667
PEMT,-10.488721442399948,-10.79682373449245,-10.391789274265419
ENSG00000264666,-12.579317604112072,-12.622794556715533,-12.372505276706212
RAI1,-10.513125104362766,-10.673739358347373,-10.680639621387657
SREBF1,-12.109906686294556,-12.18081785582159,-12.397843516945544
TOM1L2,-9.829797793023031,-10.059232212644815,-10.099431110055558
ATPAF2,-11.309515509370732,-11.52671315221468,-11.38316608979159
GID4,-11.264828379235842,-11.40670915317889,-11.085891358924734
DRG2,-10.856324978160197,-10.890114713332757,-10.844786871910092
ALKBH5,-9.711499031315718,-9.774436846211422,-9.711811049700724
LLGL1,-12.625937843488552,-13.020599942954288,-12.765025923223492
FLII,-10.440438257379185,-10.505024225472612,-10.608043636895122
MIEF2,-11.919489860171277,-11.940274263002012,-11.98786572475676
TOP3A,-10.507496514101739,-10.732875598135523,-10.74921336441206
SMCR8,-11.84684122229931,-11.808873448705144,-11.944891662018934
SHMT1,-11.302865681344564,-11.56799083893112,-11.258238695127107
ZNF286B,-12.18086306254732,-12.14423500774161,-12.163870132650088
FOXO3B,-12.768815311018228,-13.09969152093012,-12.943407653294312
TRIM16L,-11.736666591630106,-11.79462689877629,-11.6856780811686
TVP23B,-11.33035850971506,-11.337004687938741,-11.265809638208077
PRPSAP2,-9.715048998478279,-9.929248135186787,-9.88556191834723
EPN2,-9.266821747013228,-9.434608531329214,-9.45838572570052
B9D1,-10.603958695570958,-10.743788622735547,-10.762509719419729
MAPK7,-11.914920905638546,-12.095863802264308,-12.355363092040697
MFAP4,-11.858175807408845,-12.108728848408926,-12.742418913225281
ENSG00000235979,-12.566093349458116,-12.845567087463754,-13.072456230756504
SLC47A1,-12.252127344939948,-11.808234705776194,-12.37423945590312
ALDH3A2,-9.689958242063142,-9.661657088605665,-9.643726156465805
ULK2,-10.494630400558933,-10.539108191240006,-10.483324408554372
AKAP10,-9.59726305366688,-9.73086630276839,-9.821251048816517
SPECC1,-9.667216634613592,-9.776128518590285,-9.973263340895679
ENSG00000291194,-12.347933737469006,-12.413935885960628,-12.786466790220036
CCDC144NL,-11.730154304615278,-12.483866665047534,-11.870493763193648
CCDC144NL-AS1,-7.899524117569549,-8.4417479310901,-7.8927227408925065
USP22,-8.737296298140013,-8.75645962580202,-8.879836534315972
DHRS7B,-10.0830995414413,-10.056909664790446,-10.236184837242929
TMEM11,-10.534400060408723,-10.705568778836936,-10.69980640706278
TMEM11-DT,-13.075375112315326,-12.99567702578273,-13.119016624033346
NATD1,-12.385938409174642,-12.371503970092796,-12.507539081922193
MAP2K3,-11.54336819288856,-11.729597390646337,-11.500706947899161
KCNJ12,-11.955906373497289,-11.991915222512846,-11.966160298725637
LINC02693,-11.410007917130192,-12.551086988048946,-11.855642755312335
UBBP4,-12.130539358263045,-12.659158775060229,-11.667693258432093
WSB1,-7.76248756842877,-7.885832051501816,-7.619003938611299
KSR1,-10.621572047214691,-10.763183026455483,-10.879442144396215
LYRM9,-11.868515615706103,-12.004229145081975,-12.13453542288927
NLK,-9.294700893599773,-9.239122454954943,-9.4040220249848
TMEM97,-9.856790977148433,-10.128607013848985,-10.038291094265304
IFT20,-10.01471382068913,-10.08855793449937,-10.080218440280715
TNFAIP1,-10.95814867697296,-10.903858188602767,-11.104374139756382
POLDIP2,-10.375738280383858,-10.460196475311283,-10.399585343854815
TMEM199,-10.957508937119128,-11.004727271961421,-11.018104328045634
SARM1,-12.145662677523598,-12.032149866428714,-12.379624726129519
VTN,-12.846012737242093,-12.622542495519449,-12.153897587275507
RSKR,-11.754505455651206,-11.825683780679288,-12.117274281889571
UNC119,-10.990162700180926,-11.109867154057259,-10.943123194900465
PIGS,-10.209289295125174,-10.349491199010847,-10.437331799393789
ALDOC,-11.76583968371678,-12.036891197896093,-11.168840874585186
SPAG5,-11.790639958024432,-12.344148962483276,-12.211715166702211
BLTP2,-10.174656377265151,-10.193071228030986,-10.35987085171001
SDF2,-10.292795905388077,-10.426611853511744,-10.471021630282543
SUPT6H,-9.424753265413637,-9.50007384219009,-9.632869137118574
PROCA1,-12.948366459543298,-12.402079731889403,-12.546982198880851
RAB34,-10.180287842253263,-10.293308063656484,-10.27578608050897
RPL23A,-7.067941688997904,-7.112443117666403,-7.0887943003326015
TLCD1,-13.234521322204875,-12.90220465425947,-12.873190928569096
NEK8,-12.771608361720256,-13.058614103352005,-13.146641381661135
TRAF4,-11.280346650401007,-11.28935748222544,-11.405998751990023
FAM222B,-9.801031174441086,-9.817652395658854,-9.947709988505583
ERAL1,-11.128357572256371,-11.275613172374657,-11.28896404098053
FLOT2,-10.409282298605081,-10.48574882883208,-10.551949936199454
DHRS13,-12.239840216110192,-12.417040250808675,-12.257077505566647
PHF12,-10.26749458022119,-10.290174014028635,-10.600177444848445
PIPOX,-11.806198173647218,-11.770774459971799,-12.34841186162079
MYO18A,-9.208719971460413,-9.201640981394997,-9.390691236913423
NUFIP2,-8.98024858244147,-8.931822209022029,-9.057626544358175
TAOK1,-8.626522268575219,-8.654834691248782,-8.771828406565842
ABHD15-AS1,-12.045637175160198,-12.18805739444851,-12.05974114041749
TP53I13,-11.132104002811957,-11.103695369154641,-11.038525058651215
GIT1,-11.539009710316783,-11.762256441137831,-11.671459834212387
CORO6,-11.33987446172012,-11.109719176579693,-11.287977565829241
SSH2,-8.127259871100147,-8.104419804451732,-8.164806597375119
ENSG00000263657,-12.701850487418989,-12.60953751086987,-12.468303253410195
EFCAB5,-12.03577352449131,-11.827764547042614,-11.687202108153988
NSRP1,-9.26455627161899,-9.31843877852943,-9.330857812014868
BLMH,-9.842457027653575,-10.031975693753498,-10.047616145076352
CPD,-9.706985587404493,-9.618296790173021,-9.65096199501649
GOSR1,-9.455558342847558,-9.478302012632524,-9.50013030038798
ENSG00000214719,-11.692823827170153,-11.812365610224912,-11.972700649364619
ENSG00000290450,-11.142448044976335,-11.281713713129763,-11.453257140164995
ENSG00000290928,-9.044053248586929,-9.03089917188758,-9.119169477219891
CRLF3,-10.098381219676222,-10.355057528755255,-10.404127754801822
ENSG00000266490,-12.834108763137747,-12.732816945117625,-12.761831978680597
ATAD5,-10.209937824376007,-10.546302607822449,-10.451667656858262
ENSG00000265334,-12.835896688957476,-12.652678378892476,-12.747839091828087
TEFM,-10.757561388119461,-10.641313872112844,-10.725950140815565
ENSG00000291063,-11.860972203966481,-12.029271497233621,-11.924166542373259
MIR4733HG,-12.907089026697061,-12.694989613165449,-12.89132925162293
NF1,-8.269605228815339,-8.228866839409017,-8.462070967446547
OMG,-12.97915479660365,-12.858963853347898,-13.092473139581468
RAB11FIP4,-12.489512535138621,-12.787903455699642,-12.211091367591628
COPRS,-9.962730558742702,-10.16609451664347,-10.046264723452673
UTP6,-10.056117803543591,-10.104730786873544,-10.111938207827595
SUZ12,-9.069536334625285,-9.088538857797518,-9.197930578848707
LRRC37B,-11.07916712495311,-11.118319491367593,-11.190679719371598
ENSG00000214708,-12.311005942554155,-12.066476958507092,-12.241077668323776
RHOT1,-9.529679015366764,-9.541272448646628,-9.61612070478172
C17orf75,-10.231782472180077,-10.243812155226482,-10.150476029213088
ZNF207,-8.78059728402311,-8.789266191377171,-8.875887011637724
PSMD11,-9.52532037868446,-9.630301940615764,-9.62968800441102
MYO1D,-8.308110654677458,-8.303626770385144,-8.635168407195524
TMEM98,-8.913764911316031,-9.042695043867969,-9.274618320307457
CCT6B,-10.906159462197838,-10.988103887511235,-11.429311709860098
ZNF830,-10.540898244979667,-10.540868779839311,-10.527883226964653
LIG3,-10.374493508093883,-10.271527523147006,-10.294771296279132
RFFL,-10.85398157359556,-10.829481282876179,-11.024201306083956
RAD51D,-11.25609543861428,-11.41112923203568,-11.46673070085124
NLE1,-12.06400788480893,-12.441542177215501,-12.287791708979563
UNC45B,-8.972202979187033,-9.013739793249675,-9.094756082400645
ENSG00000266947,-12.39975907808556,-12.662543480412118,-12.49710979543199
SLFN5,-11.379786830862248,-11.440100505809554,-10.762363282768401
SLFN13,-12.84837357312992,-12.586091950193532,-12.97569620098566
SNHG30,-10.857126864276454,-11.00277824085053,-10.943070276362524
PEX12,-12.470559964902037,-12.589410763712284,-12.604034221988087
AP2B1,-9.259357519029608,-9.315095229925927,-9.353605016060268
RASL10B,-11.291029720897557,-11.432591621096499,-11.497690073174004
TAF15,-8.384737710753926,-8.450188434656035,-8.577302136692229
ENSG00000270871,-12.852478896352713,-12.685264436153073,-12.885687780879072
ZNHIT3,-9.615293164115283,-9.869962042472503,-9.805197077172378
MYO19,-10.751152509511384,-10.915571613764993,-10.82228468648572
PIGW,-11.938977886473802,-12.234581190578837,-12.190346667336268
GGNBP2,-9.291554482485218,-9.341336887569678,-9.377100943371769
DHRS11,-12.485671346634229,-12.35671261504447,-12.59778504722261
LHX1,-12.06838903999437,-12.928361934458783,-12.232372789728604
AATF,-9.867340635041115,-10.01670956952606,-10.14836316201102
ACACA,-8.891941784777751,-8.918858505774603,-9.128784413660966
TADA2A,-10.467308010191392,-10.467443518589375,-10.607375847508465
DUSP14,-10.864805704313193,-10.930508808161457,-10.995129975722465
SYNRG,-9.576785397770188,-9.5309180571122,-9.668987014529147
DDX52,-9.414108294744544,-9.559290844868483,-9.5391581284793
NPEPPSP1,-11.215229063374148,-11.03946768270594,-10.242747054278214
MRPL45,-9.9896110587006,-10.107078733603847,-10.163393904659985
SOCS7,-10.751995148425136,-10.72474232321841,-10.802682518550032
ARHGAP23,-11.80810670630392,-11.880488086014974,-12.291504658139921
SRCIN1,-12.32318406631375,-12.154668843298412,-12.526939673207089
ENSG00000277969,-12.65849837675746,-12.59788098968918,-12.562053367565394
MLLT6,-10.611311595347747,-10.679703083620911,-10.840045999400935
CISD3,-11.12846943980999,-11.206204213422842,-11.19625754887837
PCGF2,-10.893333800036858,-11.054724178581113,-11.052635673399584
PSMB3,-8.919136239964603,-9.093804671162935,-9.072605171677953
PIP4K2B,-10.366433009312324,-10.395409841402287,-10.646295926401917
CWC25,-10.901938428880136,-10.910695203885542,-10.968118858225276
RPL23,-6.3775694034264365,-6.566813090713405,-6.498749888086475
LASP1,-10.682832982052805,-11.032856399521073,-10.898167588547988
CACNB1,-12.7393836850616,-12.342439572776605,-12.591983053184554
RPL19,-6.5754538206123865,-6.770802700831776,-6.792244292850382
FBXL20,-9.332342287820344,-9.503524771890522,-9.774210753836936
MED1,-9.808537734576925,-9.890810746409723,-10.035396795497117
CDK12,-9.318123968769243,-9.283236959752568,-9.457594781517807
STARD3,-11.012997205793717,-11.083271812697365,-11.169675431111806
TCAP,-10.398979212160434,-9.957578467945298,-10.408117866031542
PNMT,-11.58503003767413,-11.785352201399583,-11.86835838484331
PGAP3,-12.00949687099903,-11.8955411950356,-11.906356408551565
ERBB2,-9.576541235302464,-9.617399599487747,-9.82325877562897
MIEN1,-10.444484186614062,-10.410164925299819,-10.403079471812354
GSDMB,-12.43752982464446,-12.32768435698709,-12.456494318007822
ORMDL3,-11.691609119761642,-11.627180008724162,-11.753939636336405
PSMD3,-10.152321100411182,-10.260186519510794,-10.199207509028257
MED24,-10.721982418470901,-10.846916353957997,-10.873772307885336
THRA,-10.04649077458643,-10.093659291091809,-10.112084873989042
MSL1,-9.878915389100783,-9.867476223761416,-10.18175184414612
CASC3,-9.966258458661628,-10.02233829391621,-10.107325724591496
WIPF2,-10.287981907251611,-10.187581330387646,-10.555655968714529
CDC6,-11.126774032278329,-11.944382183932845,-11.451149131073082
RARA,-11.517861461912812,-11.626718972004294,-11.72414152297855
RARA-AS1,-12.822886732550582,-13.05835690435934,-13.12559272128007
TOP2A,-9.0775952995681,-9.628557751087625,-9.541668229176457
IGFBP4,-11.152290934382021,-11.540116797655923,-10.589567326723209
SMARCE1,-8.466714598120411,-8.525722985019312,-8.505371030282296
ENSG00000278834,-12.897174015032551,-12.92495802141467,-12.988800460620975
KRT10,-9.238755767791176,-9.280393810342265,-9.315737893086299
KRT10-AS1,-11.840045485011379,-11.945098000385324,-11.971032315855226
KRT19,-9.095412260147924,-9.456026551341438,-8.927755885689647
EIF1,-7.650318874217558,-7.689006986461174,-7.670076581408254
JUP,-9.602639838563388,-9.640593496112576,-9.844861635704254
P3H4,-10.056794023266276,-10.096731294446833,-10.41652802026555
FKBP10,-9.59392870147601,-9.733525248577592,-9.974491954462987
NT5C3B,-9.867284035790219,-10.010641062928375,-9.873475103864969
KLHL11,-12.230084437570406,-12.170590428179336,-12.207975057066397
ACLY,-10.38159433704492,-10.498275329024159,-10.571074819227887
ODAD4,-12.480548724216044,-12.41498586271939,-12.876924155151514
CNP,-11.140428552691064,-11.419636091236756,-11.321957821823053
DNAJC7,-8.913732757125587,-9.010012813109865,-9.088140731881559
NKIRAS2,-10.321021893795162,-10.33260999448937,-10.388016434365925
KAT2A,-11.498520791983358,-11.611571594565001,-11.680734177953674
RAB5C,-10.595780386332546,-10.68446801572775,-10.664609067294656
STAT5B,-9.736168746217919,-9.769861474077983,-9.81539225857661
STAT3,-9.48622964403796,-9.560615698793368,-9.413548579569744
CAVIN1,-9.941181152632183,-9.77475720877686,-10.772593236319171
ATP6V0A1,-10.12644551412753,-10.07642851908698,-10.37012097921229
NAGLU,-11.491153816638343,-11.61238078865995,-11.694307497276448
HSD17B1-AS1,-12.662559374603186,-12.513179909989468,-12.517900601728527
COASY,-11.561226589622851,-12.12994393735189,-11.752206127157631
MLX,-10.81948027834283,-10.904315722033706,-10.886289289805697
PSMC3IP,-12.033982510492125,-12.463496297415496,-12.21908674249607
RETREG3,-10.874981033968087,-11.008083323861872,-11.192585204779844
TUBG1,-10.993199289273795,-11.14604179499695,-11.161445897011248
TUBG2,-11.40498066004472,-11.509123823943252,-11.638740675633752
PLEKHH3,-11.467312789124481,-11.620915694345204,-11.69631747141938
ENSG00000267042,-12.7349751565761,-12.708572239709673,-12.815823931855489
CNTNAP1,-12.310954511633678,-12.567686175130897,-12.581560498258675
EZH1,-10.29757428990578,-10.180046969963925,-10.2982508063604
RAMP2-AS1,-12.430727668957688,-12.037625259514693,-12.545208062537455
RAMP2,-11.454201280484817,-11.076420304526886,-11.396992961848293
VPS25,-10.22540697899714,-10.276617237670784,-10.326505336620988
COA3,-9.62196657875482,-9.782336116570153,-9.689727685953505
BECN1,-10.205492757310793,-10.28166673563311,-10.366002275646284
PSME3,-10.45460729884943,-10.518805145069122,-10.59321641368755
AARSD1,-9.91627442650575,-9.836039202344665,-10.218504491158473
PTGES3L,-10.399805480072363,-10.444560144157663,-10.055630448154039
RUNDC1,-10.856676917854578,-10.811085236635565,-10.946505388299903
RPL27,-6.840275749770616,-7.002074935827267,-7.002582341030929
VAT1,-10.774156002252493,-10.82610621107057,-10.415869602060232
RND2,-11.399236746815308,-11.158818820525294,-11.002661862004915
BRCA1,-10.690941503654928,-11.1618512612633,-11.017577014699011
NBR2,-11.695097598574504,-11.628569471317736,-11.68185718803636
ENSG00000267002,-10.790605326434825,-10.655587103333604,-10.943539354268156
NBR1,-10.174270575406098,-10.134304758431092,-10.294669825043878
TMEM106A,-12.792849469460686,-12.543853405503677,-12.270955712277955
ARL4D,-11.870723524450533,-11.882053787684367,-11.498862020485605
DHX8,-10.452439879768336,-10.518356487284702,-10.593822738680895
DUSP3,-10.294096099595322,-10.37271028530542,-10.245192860426238
MPP3,-11.87294332019837,-11.912560416673228,-12.04182955060167
MPP2,-12.103320968243084,-12.278421601128533,-11.942162443461731
TMEM101,-10.774979682588523,-10.952343207105523,-10.877281778167857
LSM12,-9.654948248348337,-9.766411317377067,-9.792832134281184
G6PC3,-10.664900863044638,-10.637083503764918,-10.791196207277041
HDAC5,-10.284489703673703,-10.336955559796978,-10.552844772581523
ASB16-AS1,-11.897570328616974,-11.987649133963743,-12.274156739627143
TMUB2,-11.255158745683744,-11.267217608206252,-11.446147682490642
ATXN7L3,-10.880648384170978,-10.67566353080059,-10.87046998510917
UBTF,-9.28183097819896,-9.34013333730133,-9.418847005876113
SLC25A39,-10.195250483874336,-10.253569977279634,-10.150632520558673
GRN,-9.878690759015985,-9.837690044785818,-10.084880618654381
FAM171A2,-12.037170760360324,-12.457688459285459,-12.168455663430125
GPATCH8,-8.632660599797138,-8.660586309708812,-8.75522872718318
ENSG00000283045,-13.162729672293338,-13.07463474329893,-13.199537394843178
FZD2,-10.64245996055852,-10.760450120181783,-10.806469109768514
CCDC43,-10.003695285223277,-10.10186420408772,-10.22646171080238
DBF4B,-11.266449032696888,-11.450784813453378,-11.736964467498023
ADAM11,-11.468108389993722,-11.993453748719915,-11.106791438854914
GJC1,-9.99309314918662,-10.097987039492711,-10.132064832341884
EFTUD2,-9.922082962914132,-10.022140876631616,-9.970471395336704
KIF18B,-11.478992726883043,-11.99657707864189,-12.023609844208616
NMT1,-9.970186468573688,-10.093217928322673,-10.162010195680784
DCAKD,-10.678802490742877,-10.718522443753697,-10.650988967986661
PLCD3,-12.601647985466133,-12.593772551711416,-12.57158456255845
ACBD4,-12.42119282760303,-12.399719042619434,-12.39974416570323
ENSG00000276728,-12.691980088528918,-13.04836651648068,-13.01818220813045
HEXIM1,-10.590311177959554,-10.49313284218706,-10.73696272271612
HEXIM2-AS1,-11.82632229424583,-11.662882564873176,-11.826114981755552
HEXIM2,-12.480996845085418,-12.548791138487479,-12.524185422001985
MAP3K14,-11.716706613132812,-11.759463206207071,-11.93072922253439
PLEKHM1,-12.041449937345563,-12.016878666636448,-12.103049280403354
ENSG00000291175,-10.485944501898986,-10.851740555380223,-11.061458759838564
MAPT,-12.695634789991319,-13.014532924112629,-12.78173487186367
KANSL1,-8.595707412093978,-8.671351854914633,-8.757282126020097
KANSL1-AS1,-12.586594197202006,-12.711937355367793,-12.694320513287364
ARL17B,-11.006067762314586,-11.516607192926747,-11.172298664504309
ARL17A,-10.868547691442599,-10.89005868542294,-11.339591081615593
LRRC37A2,-11.858778909545656,-11.463340103461986,-12.566211919418992
NSF,-10.018625695730337,-10.162117834401911,-10.148030939133358
WNT3,-12.685467398058547,-12.781279002081469,-12.802114478044379
GOSR2,-10.171670512270977,-10.089135641228477,-10.117148072043491
ENSG00000262879,-10.018093299296574,-9.748154506078507,-9.970922374866456
CDC27,-9.05837017499655,-9.211642892903468,-9.263925514939924
ENSG00000262265,-12.383039846916486,-12.41986453847286,-12.565205867328405
MYL4,-5.9688212428505745,-5.962929641471252,-6.119590475951914
ITGB3,-11.086794656481638,-10.885157611127912,-10.77230858675659
EFCAB13-DT,-12.55414583104966,-12.428835364174855,-12.654953905953839
EFCAB13,-10.725085359438697,-10.416750341584939,-10.415964897152566
ENSG00000253347,-11.938011284462053,-11.74883175900742,-11.947161837187387
MRPL45P2,-10.897644386803744,-10.908591146876152,-11.14947896828458
NPEPPS,-8.779140522393309,-8.804525503956908,-8.826265647827968
KPNB1-DT,-11.729703183326725,-11.64913446958532,-11.863450103582952
KPNB1,-8.327165091807819,-8.498433858638293,-8.493085008456584
TBKBP1,-11.579449025498887,-11.633040963752086,-12.016668673028557
OSBPL7,-13.13985639924189,-13.094465818026304,-13.099736488530013
MRPL10,-10.380362299696927,-10.370557292462966,-10.327055899427648
SCRN2,-11.101647360641454,-10.927194377317035,-10.783528855666255
SP2-DT,-10.642367406226237,-10.367043125459134,-10.392475962013267
SP2,-11.198833546328675,-11.218675722234824,-11.409268727166184
CDK5RAP3,-10.61089928637957,-10.604509019514625,-10.769605647671176
COPZ2,-12.820953934760126,-13.051074858843771,-12.880143715378011
NFE2L1,-9.649177698291709,-9.559156222872836,-9.817475202444443
CBX1,-9.275492684971733,-9.283340550919611,-9.300118960065943
SNX11,-12.283269415589894,-12.39904691798284,-12.498029604402431
SKAP1,-12.620175374242939,-12.75397027181864,-12.401094285552633
HOXB2,-11.86259377664223,-10.42574828402584,-10.577807622209061
HOXB-AS1,-11.312916991087718,-10.389928930040469,-10.228760936857038
HOXB3,-12.604735289697388,-11.574790191137735,-11.626460969516211
HOXB4,-12.750060113077318,-11.693016284192955,-11.71339762648579
CALCOCO2,-10.403905941211036,-10.231768360329635,-10.236752179547516
ATP5MC1,-8.694396145973379,-8.84070788932024,-8.698950090921905
UBE2Z,-9.864304620676094,-9.898363437309992,-10.08270076153178
SNF8,-9.671636523529184,-9.877066215702781,-9.90934467449094
ENSG00000289021,-12.71723873237582,-13.112909687338332,-12.841260457674771
IGF2BP1,-8.466953552116001,-8.584489958972062,-8.690955677697808
ZNF652,-9.303765095356502,-9.331519619982954,-9.401877038466615
PHB1,-9.283461169530304,-9.36369496865261,-9.298353789990049
NGFR,-11.257048923158187,-11.689537205024518,-12.963464675098102
SPOP,-9.377128056241608,-9.276148048868464,-9.511811362356744
SLC35B1,-10.251964743037203,-10.284809478813603,-10.42263852332046
FAM117A,-11.226720956169215,-11.272790290072637,-11.23035105525971
KAT7,-10.112407847748534,-10.141710111591657,-10.274553446993405
ITGA3,-11.094846418906235,-11.206720161820309,-11.720738234179507
PDK2,-10.459840338445305,-10.529513429642703,-10.690837717890957
PPP1R9B,-12.42531843782859,-12.551706398857137,-12.521930186674238
SGCA,-12.174872736012523,-12.175442170441315,-11.451555943509563
COL1A1,-10.264923601485137,-10.371613487233214,-10.037705956361894
TMEM92,-12.660412907272736,-12.744865564930418,-11.708875692750443
XYLT2,-11.488202756669844,-11.795860267923832,-11.720209251833866
MRPL27,-9.83604301188435,-9.998866928005818,-9.930388188042917
EME1,-12.34443767892191,-13.076826245767977,-12.808163465351718
LRRC59,-10.673481437898348,-10.803171621493073,-10.882944156966674
ACSF2,-10.616534104159326,-10.627547291329009,-10.369621885849012
RSAD1,-11.585782476498482,-11.715254809692551,-11.658186534524457
SPATA20,-11.516988209106302,-11.656406765810848,-11.525941081308877
CACNA1G,-11.404351555991921,-11.303482116975216,-10.963273476905542
ANKRD40,-10.753887960355325,-10.805823776912579,-10.821701419762784
LUC7L3,-7.916289734987132,-7.932684629792508,-7.894802893960676
TOB1,-10.302159747444776,-10.335284156787042,-10.13956361664436
TOB1-AS1,-11.609748988935813,-11.71792463620998,-11.672274290403958
SPAG9,-9.160983396015894,-9.155956285020444,-9.177077584550805
NME1,-9.556734764024016,-9.866154417524932,-9.764167025974356
NME2,-7.660619927562384,-7.905651447569464,-7.7901853616829015
MBTD1,-8.983491999787805,-9.01587517965897,-9.213697974365962
ENSG00000264895,-11.136367396943506,-11.24334862838427,-11.478125293252178
UTP18,-10.627196361540257,-10.684969763156285,-10.654035687702562
TOM1L1,-9.947477412833274,-10.09931645173143,-10.12794751640508
COX11,-9.991801671676905,-10.15990324264845,-10.13550183083801
STXBP4,-9.252095941474064,-9.312787448237996,-9.323337863330396
MMD,-10.017538860972818,-10.150055533569601,-10.244044004493889
PCTP,-10.782749330972145,-10.951748879416083,-10.71446088272666
ANKFN1,-12.56525911285754,-12.23492196848936,-11.848983307802179
NOG,-11.607323771586216,-11.980614217632223,-11.865995443320012
C17orf67,-11.97203930417349,-11.985193138238424,-11.886393268300445
DGKE,-10.707585974348959,-10.855644096625179,-10.87639999679767
TRIM25,-11.7138712140463,-11.858770419047909,-11.722508503873907
COIL,-10.169930981059737,-10.260737416045075,-10.351255758652238
SCPEP1,-11.170058412069128,-11.092784757790668,-10.541174802588214
AKAP1,-10.970132848887147,-11.042526417755527,-10.776325307680265
MSI2,-8.286259339747168,-8.345588110435626,-8.470315365406046
MRPS23,-9.662050540852212,-9.868366596795727,-9.854423467933007
CUEDC1,-11.111262022929061,-11.089501332537054,-11.542984570394257
VEZF1,-9.764813435070518,-9.721783762963478,-9.855556105172022
ENSG00000264112,-11.389107898623386,-11.270209600337909,-11.4169841379926
SRSF1,-8.998743270171484,-9.086431730266904,-9.095800216059516
DYNLL2,-9.760190002898678,-9.774033815133278,-9.952756124143226
MKS1,-11.398395000168428,-11.536846685129094,-11.521626788556173
TSPOAP1,-12.423118906254091,-11.559411566979122,-11.624941980578896
TSPOAP1-AS1,-12.910967429924682,-12.815189966485649,-12.731866663007951
SUPT4H1,-9.431139674477786,-9.547130638954085,-9.505841834747548
RNF43,-10.854505639544918,-10.982541344957193,-10.998113856541789
MTMR4,-10.396074519562559,-10.5233653462827,-10.520280291530572
RAD51C,-11.476375604057536,-11.517761691115464,-11.398029387257827
PPM1E,-11.955877248900906,-12.043040784866797,-12.6272743634492
TRIM37,-9.831670929027185,-9.905257597285104,-9.939753988260865
SKA2,-9.598661091843503,-9.720401794068254,-9.956961224226184
PRR11,-10.182239416177014,-10.881971924424793,-10.857116662420633
SMG8,-11.399291705646016,-11.485658028635246,-11.457651075443898
GDPD1,-10.97158293613927,-10.673026709943144,-10.797944398257648
YPEL2,-9.082310398433044,-9.29659465439868,-9.530126834244244
LINC01476,-13.203570410376312,-12.925143826281838,-13.096927965018615
DHX40,-9.930785163695369,-10.007997826971527,-10.025382763979064
ENSG00000273702,-12.232792519042343,-12.417512866696176,-12.420872047602822
CLTC,-8.606872738887908,-8.724110772146185,-8.641717671291316
PTRH2,-10.759018074186466,-10.769261517963598,-10.787959809809262
VMP1,-9.282308227764283,-9.091037848941317,-9.3660368815307
TUBD1,-10.551085182193528,-10.720499881819373,-10.765348657529048
RPS6KB1,-10.042979528271257,-10.06572668441493,-10.078809969643451
RNFT1,-10.95688524271072,-10.98515962353753,-11.245301848982828
HEATR6,-10.261470875192066,-10.195691947186196,-10.276203049338477
ENSG00000267248,-13.160073876276488,-12.84658927300355,-12.582695104448435
USP32,-9.040043367864817,-8.97254658041527,-9.130257255146597
APPBP2,-9.323285958908137,-9.319064628625922,-9.483606011719049
APPBP2-DT,-12.223624617323793,-11.983106783512778,-12.13375302343618
PPM1D,-10.3472845711357,-10.425333850179332,-10.532049350485014
BCAS3,-8.304150607648777,-8.268223330463744,-8.384920608071399
ENSG00000267131,-12.775028402284972,-12.78610054229684,-12.681081801512729
TBX2-AS1,-11.008152440276792,-10.673548521718446,-10.337067649375063
TBX2,-10.096207524201338,-9.962422055315114,-10.081973710946494
BRIP1,-9.83987034658596,-10.467192581113821,-10.346943534623641
INTS2,-10.725755449192507,-10.777139862613398,-10.911175957912196
MED13,-8.814706971667128,-8.842259165850939,-9.0340166663065
METTL2A,-10.150372263190002,-10.307853641064863,-10.435755740128759
TLK2,-9.091421018743306,-9.10385479408652,-9.265997253292149
MRC2,-10.541285409938885,-10.65696750244534,-10.412473052675445
ENSG00000283538,-10.367252585947398,-10.659303082048114,-10.831056537329214
TANC2,-7.242273888138736,-7.4161255789763985,-7.491813573599916
ENSG00000233635,-10.9397743849123,-11.004091000935455,-11.08694500868739
CYB561,-12.986384877245824,-12.958489620608525,-12.662387911924357
DCAF7,-9.341431155753103,-9.380380962622697,-9.388683864489074
TACO1,-10.890063374812584,-10.919642987083797,-10.847082882531293
MAP3K3,-10.601239775961327,-10.584368844608054,-10.74662888087196
STRADA,-10.622937454316064,-10.672368774222905,-10.741239428735552
LIMD2,-11.26547317198196,-11.371772963731633,-11.536894433409387
CCDC47,-9.330021478108236,-9.381852765701664,-9.394722547982084
DDX42,-8.964162623750996,-9.023254969554996,-9.078041922029652
FTSJ3,-10.22420209184235,-10.302397836815127,-10.353834599760322
PSMC5,-9.512531432012604,-9.667463621738086,-9.818893212627275
SMARCD2,-11.727682264318693,-11.895371548478174,-11.692635632879684
ERN1,-11.63344455535435,-11.426580462671769,-11.531649667483691
SNHG25,-11.643093486650681,-11.74238154291577,-11.519102798618897
TEX2,-10.268249097016191,-10.391968556343194,-10.433928553117948
POLG2,-10.605981055567248,-10.687097604566137,-10.799203867072627
DDX5,-7.7277115980638555,-7.714624891725474,-7.892017053073709
CEP95,-9.389983552338524,-9.410517045351002,-9.473355871012869
SMURF2,-9.418968891482713,-9.452611663229362,-9.536656233377963
ENSG00000291117,-12.607357316739026,-12.006263454415908,-12.201271849466696
LRRC37A3,-11.887796293521877,-12.102204346805404,-12.151217620670538
AMZ2P1,-11.705291515591066,-11.551236647577621,-11.546041715469133
GNA13,-10.489350173673198,-10.522199324247037,-10.482231898294776
RGS9,-12.572974781008078,-12.399514784054293,-11.635715949284847
AXIN2,-10.677495013288457,-10.80412425328798,-10.664245648782124
CEP112,-9.089199191776625,-8.729542803168906,-9.036769198806475
PRKCA,-9.825779136375248,-9.845202189213921,-10.043625655782455
HELZ,-8.664217679431461,-8.803245961345658,-8.970595788839175
ENSG00000285877,-12.208503799973428,-12.537027959146084,-12.902274752405194
PSMD12,-9.327948153311624,-9.410987843024847,-9.358879994120825
PITPNC1,-10.338197678379496,-10.576571402336855,-10.67338892551214
NOL11,-9.768200101345803,-9.848675712222057,-9.876183808749582
BPTF,-7.840542964625116,-7.879296244385643,-8.09187389750041
C17orf58,-11.603434941022732,-11.634980420105224,-11.632803870624251
KPNA2,-9.380843383692785,-9.655200026232473,-9.708134832876741
ENSG00000291214,-9.452723618792055,-9.41535199157845,-9.48549759400743
ENSG00000278730,-11.080601487229176,-11.160511427745597,-11.213989209006577
AMZ2,-10.44183864620613,-10.493697104002022,-10.408794641441512
ENSG00000290793,-13.061161692615661,-12.705716550791857,-13.153927557264694
ARSG,-11.58158016974005,-11.664250854532192,-11.872173836077804
ENSG00000267009,-12.758485146587036,-12.518286156059718,-13.091277429783153
WIPI1,-11.22326583222091,-11.124207508126087,-11.381804365675213
PRKAR1A,-8.99308150919176,-8.926983028142503,-9.179592129221756
FAM20A,-11.16073041618709,-10.692522846724582,-11.225461600575873
LINC01482,-10.650188133529026,-10.517166241510557,-10.504108947070334
ABCA8,-9.85015489538087,-10.325891499948193,-9.715466263577715
ABCA5,-11.271966837261076,-11.181070896552756,-11.449489480728431
MAP2K6,-9.977944487243544,-10.119911505839164,-10.27562081588913
SOX9,-12.951745140222753,-13.044630522469896,-12.841971595176938
SLC39A11,-10.725423152415324,-10.677875556140332,-10.925316076743304
COG1,-11.224443557319132,-11.130891731302798,-11.08200119182269
FAM104A,-10.810951521983469,-10.893254789194591,-10.958365149999372
C17orf80,-10.08108024156719,-10.17497572438617,-10.139709420721058
CDC42EP4,-12.561999987093818,-12.384198314730702,-12.231418238446185
SDK2,-9.098325245699026,-9.261334218105022,-9.649594550978653
RPL38,-7.502088402785227,-7.669950542194886,-7.549041506049912
TTYH2,-12.727643583269911,-12.523336676686522,-12.790346550597775
GPRC5C,-10.763381215215674,-10.766121080023247,-10.924789169281583
NHERF1,-10.803525610560712,-10.93303010629636,-10.379895671928328
NAT9,-11.690017744561429,-11.80449212511396,-11.72977320822668
TMEM104,-12.159589478566073,-12.20325148590941,-11.824950224215334
FDXR,-11.92288028906054,-12.246916330600245,-11.880843197253412
HID1,-12.206361915017913,-12.755424034490472,-12.505821328421387
MRPL58,-10.319108651372185,-10.725789440559753,-10.476049475245919
KCTD2,-11.290991132727832,-11.359089931087565,-11.429807229401163
ATP5PD,-8.264950507841167,-8.394801702725388,-8.266315531673348
SLC16A5,-12.995461307575363,-12.661085362032711,-13.050771801563473
ARMC7,-12.54066805995861,-12.67112286662471,-12.795684213222927
NT5C,-10.040688819717712,-10.20953308523111,-10.204279287296002
JPT1,-9.390824943086175,-9.706657722531576,-9.524983538845532
SUMO2,-7.823489052118283,-8.020796274290465,-7.944702433077951
NUP85,-10.900624554862548,-11.058933062009729,-11.02219564106601
GGA3,-10.900805140753464,-10.933664498716869,-11.218842701142368
MRPS7,-9.723238432760812,-9.831964095290731,-9.826237454271135
MIF4GD,-11.507670635678672,-11.560825646306396,-11.571131815548286
SLC25A19,-12.322447458713171,-12.44304454709818,-12.194795998964494
GRB2,-9.094047288844425,-9.147451849801588,-9.185187207617203
TMEM94,-11.088860369488305,-11.122816954322316,-11.366577175643828
CASKIN2,-12.052401834979081,-12.05468977506224,-12.309026835409298
TSEN54,-11.09433697211036,-11.058596729347764,-11.123649429635314
LLGL2,-10.758143151462612,-10.937733698185397,-11.10512830686253
MYO15B,-12.239990800437011,-11.6410117315203,-11.891285716274536
RECQL5,-12.049848334607525,-12.20490287792408,-12.291583002339323
SAP30BP,-10.11819214348973,-10.213535143726704,-10.241141504447038
GALK1,-11.660223601202704,-11.853926138288896,-11.664336938807363
H3-3B,-7.918336681587791,-7.996274833961695,-7.964521298237087
UNK,-10.253990581177213,-10.366752185973466,-10.464066835999578
WBP2,-10.61545924267036,-10.541470516941772,-10.66225537249622
TRIM65,-11.952485810756816,-11.976087559815902,-12.00577602939461
MRPL38,-10.504760034230321,-10.588068113073097,-10.838483893807615
FBF1,-12.260443255484768,-12.150198700844685,-12.588574185148111
ACOX1,-10.413918505969958,-10.526820837742902,-10.581741179345174
TEN1,-11.635028209473765,-11.672752164153648,-11.824767534156349
SRP68,-10.344181788305828,-10.337764529094539,-10.373907684795016
EXOC7,-10.245324687056623,-10.305077887760065,-10.428580308603879
RNF157,-10.748753963300597,-10.79890554020434,-11.457959097980892
UBALD2,-10.89335341529732,-11.106784342799044,-11.235702712312285
QRICH2,-12.540373811550394,-12.59415443037808,-12.707086181956115
PRPSAP1,-10.327960405142711,-10.343049457943433,-10.33204909992685
UBE2O,-9.739206718474666,-9.913364443527524,-9.840675343059992
PRCD,-12.997304242758071,-13.025378051286152,-13.16918127625004
SNHG16,-9.36208947969438,-8.762943251754193,-8.681630569948133
ENSG00000284526,-12.094039014988955,-11.757342401656258,-11.666593373519257
ENSG00000261335,-12.908213944430935,-13.20785073356745,-13.121904411218303
MXRA7,-9.3168800463611,-9.255451999425578,-9.357215688945614
JMJD6,-11.251563675301627,-11.311543722769242,-11.219279061409042
METTL23,-10.751049052036784,-10.736507807629383,-10.688826741365556
SRSF2,-8.808072357187097,-8.988801658621847,-8.88295332759053
MFSD11,-9.651440393831408,-9.74604078879895,-9.688097920728179
SNHG20,-12.205856272774403,-12.165361397493507,-12.24692555621254
SEC14L1,-9.871686940122386,-9.903589098074809,-9.966320803916242
SEPTIN9,-9.346920838381147,-9.579245491393422,-9.515863819573031
TNRC6C,-9.170373457978888,-9.337582438632136,-9.290896424488636
TMC6,-10.800088757512652,-10.80546758862445,-11.098105914506636
SYNGR2,-9.739206063052466,-9.723923950477452,-9.969700845556414
TK1,-11.618241624991185,-12.315653862416594,-12.105667825501667
AFMID,-10.67617520333668,-10.994686683720671,-11.077381512561251
BIRC5,-10.322901475402862,-10.79147353431591,-10.6621203028255
SOCS3,-11.44670599217477,-11.334665190066632,-11.84981113890143
SOCS3-DT,-12.366838829990993,-12.723688457389889,-12.13634417042624
PGS1,-11.050388637497699,-11.085011936228982,-11.208845483173144
CYTH1,-10.248603509927884,-10.404209142484973,-10.366586527791553
USP36,-10.685014231876155,-10.797084664932019,-10.724554594278496
TIMP2,-10.664428471147449,-10.853407091233434,-10.938258178070381
LGALS3BP,-11.40845046157149,-11.93280734157748,-11.320786301416925
CANT1,-10.95326801091244,-10.85278543050703,-11.0727165765096
C1QTNF1-AS1,-12.236883919386074,-12.941091697940044,-12.396494099474744
C1QTNF1,-12.71091045807544,-12.948926348334751,-12.683264013565983
ENGASE,-12.41171455457335,-12.218927029460598,-12.49121999056587
CBX2,-11.456101259734806,-11.57116351120237,-11.642206837425414
CBX8,-12.055214398196252,-11.886325943125192,-11.91743040021318
CBX4,-10.609447424307103,-10.630029848914935,-10.586155830973494
TBC1D16,-10.73597307748358,-10.837265267187627,-10.858333735117975
CCDC40,-11.238452129140713,-11.329429970444094,-11.524627663160253
GAA,-11.833189291927951,-11.979871996821926,-11.864048147024489
EIF4A3,-9.718397472707755,-9.853729099609144,-9.811500547509434
ENSG00000262580,-12.88025119720484,-13.181769785515012,-13.01114801398433
SGSH,-12.110235701944353,-12.097264021791679,-12.199306970982864
SLC26A11,-11.361951494036825,-11.318798679682466,-11.538592685704112
RNF213,-10.195868433196495,-10.252459605083919,-10.346863874451579
RNF213-AS1,-10.510619001361928,-10.543108840180237,-10.8495236592311
ENDOV,-11.633927275359701,-11.55398996684167,-11.656553270176184
RPTOR,-9.605583061654022,-9.61275004179769,-9.798419209203546
CHMP6,-11.488626789986041,-11.594682664818235,-11.727130698448404
BAIAP2-DT,-11.582624193656622,-11.308072844478692,-11.575778304036463
BAIAP2,-11.867064664497287,-11.809447682203231,-12.040364686524137
AATK,-12.26287967752418,-12.271064330137039,-12.464101035379127
PVALEF,-11.641473219302354,-11.788670531446394,-12.159663332284543
CEP131,-12.181125830930295,-12.350231313193522,-12.154739836159758
TEPSIN,-12.546111170433774,-12.76301873721887,-12.903665067710907
NDUFAF8,-9.674051345197109,-9.882651389777536,-10.117740961188451
SLC38A10,-11.021661535556284,-10.954139156341451,-11.16447903606584
RENO1,-12.068427651302356,-12.344333950296239,-12.050128989072219
BAHCC1,-10.97310002707116,-11.140225099537442,-11.254763947398066
ACTG1,-7.484061211151414,-7.7051302624405045,-7.6300588443921775
ENSG00000289182,-12.654645567469906,-12.742370102933945,-13.041605759893066
FAAP100,-12.514172114440134,-12.494570424030174,-12.673039720927527
NPLOC4,-10.228161264903354,-10.230840929587277,-10.443534407974829
TSPAN10,-12.135129297357322,-12.083604275843319,-12.58545436830195
OXLD1,-10.722800479647477,-10.736076495198816,-10.924132490062856
CCDC137,-10.769264915278915,-10.849039299758617,-11.102451701249104
ARL16,-10.258268310780998,-10.4614681174406,-10.455802477294622
HGS,-10.998167338639513,-11.100261137984505,-11.277114868228878
ENSG00000262049,-12.462121082858959,-12.424622471721367,-12.504900824566061
MRPL12,-9.398823086957178,-9.568325424536912,-9.471130302033497
SLC25A10,-12.479337672538872,-12.811106818203388,-12.680928856785378
MCRIP1,-10.0895152547992,-10.079013754173946,-10.050591892811973
P4HB,-9.491605577157314,-9.513021337229693,-9.722143365066806
ARHGDIA,-10.468751827849022,-10.691167933847872,-10.60510776885347
ALYREF,-9.743132117613156,-10.028926119874178,-10.01070787617936
ANAPC11,-9.14702914406583,-9.247972436974147,-9.124961377480192
PCYT2,-11.040915087642807,-11.154585041546854,-11.241600969172223
SIRT7,-11.83176582206695,-11.841226795241866,-12.139914793172663
MAFG,-11.094390756182202,-11.027568022473028,-11.236383749882464
MILIP,-12.380543150553407,-12.291647090747828,-12.716419182979797
PYCR1,-10.63914995022009,-10.90049590136154,-10.880401343279647
ASPSCR1,-10.789951599461533,-10.835366915314708,-11.042075341482377
CENPX,-10.328837633898196,-10.481052811970097,-10.449752022658299
LRRC45,-12.94409045983692,-13.116336735772963,-13.01141691648147
RAC3,-10.867799030762743,-11.163235113218182,-11.1600696569668
DCXR,-9.681207439276776,-9.990771686685436,-9.87178759164282
RFNG,-11.12696567222793,-11.23060059794185,-11.358999399010873
GPS1,-10.580917812982385,-10.86708026706247,-10.68984676628605
DUS1L,-10.902095709152707,-11.027150956353513,-11.062154042937376
FASN,-11.0472264065839,-11.202658876132132,-11.243221635077541
CCDC57,-10.03058435987338,-10.0235777541141,-10.273137816279183
SLC16A3,-11.19221807080153,-11.46352301117946,-10.771368722822006
CSNK1D,-9.877099606984059,-9.924830883788497,-9.948748596018072
OGFOD3,-11.234372622658473,-11.09529198075385,-11.355656393622862
HEXD,-10.715599539216425,-10.724913961428918,-10.967004099835115
CYBC1,-11.697618203202195,-11.736326208413493,-11.914451628337218
NARF,-10.11574457360657,-10.156789578290716,-10.19134154581823
FOXK2,-9.909795130200774,-9.972292843317007,-10.06746562746009
ENSG00000261845,-13.018954149874661,-12.903982520419147,-12.95764496901514
WDR45B,-9.83822436021992,-10.012787411776257,-9.997410260291897
RAB40B,-11.081677314652005,-11.239513023140567,-11.291031612013011
FN3KRP,-11.163024835696543,-11.347505077148499,-11.321676123607576
FN3K,-11.690857802701771,-11.676885128390898,-11.771107201905801
TBCD,-10.406232170184579,-10.43377210070095,-10.529282584349518
B3GNTL1,-11.841861802886951,-12.021829773374739,-12.011891484628194
METRNL,-10.52393819455595,-10.553461238126333,-10.507292391889585
USP14,-8.78239357119145,-8.748124432054821,-8.88378534812034
THOC1,-9.460914153940085,-9.29783885041603,-9.409569625409674
COLEC12,-9.061563632053925,-8.580444730634008,-8.897266081407256
TYMSOS,-11.699619476601129,-12.49387594903653,-11.847803458328439
TYMS,-9.624308484696533,-10.377633504281983,-9.942987885112839
ENOSF1,-9.271395211679407,-9.423861757247932,-9.525936233419117
YES1,-9.436926250453014,-9.598467034986935,-9.628637013921615
ENSG00000273355,-12.840085421599586,-13.010283807283708,-12.751257929132015
ENSG00000263551,-12.427045422298004,-11.238263375276258,-10.447048059648544
METTL4,-11.094978505477052,-11.06946211168507,-11.26246830115157
NDC80,-10.51624786468973,-11.202255123920665,-11.08474105583139
SMCHD1,-8.284296345699616,-8.325441946275827,-8.363563017119958
ENSG00000266049,-11.802295899382777,-11.89013855557505,-11.808906454855435
ENSG00000289061,-12.77614962295602,-13.096663020686508,-13.097876931770209
EMILIN2,-8.622442095785024,-8.761280680662269,-9.11622738914035
LPIN2,-9.79721294781059,-9.592914043924926,-9.833378303342366
MYOM1,-7.1973581775693125,-7.056303387491365,-7.4303639393336605
ENSG00000265399,-12.479027990979453,-12.285525875387982,-12.5385019181305
ENSG00000272688,-12.915356677735563,-12.982424951198542,-12.982128773885465
MYL12A,-8.54662573522456,-8.528081156690751,-8.700067186095234
MYL12B,-8.81584108155884,-8.8268181254326,-8.974088179851805
TGIF1,-11.018749533714592,-11.005162954930253,-11.14207012816769
DLGAP1,-9.10525412715866,-8.826301943926097,-8.59586079662156
DLGAP1-AS1,-12.31226209808483,-11.98067823098262,-12.459700003415135
ENSG00000266268,-12.660308955344846,-12.518194911103977,-12.823772379807762
LINC00526,-12.518187935661311,-12.60130540758798,-12.580763082440608
LINC00667,-10.459318475070262,-10.18862722713231,-10.400179046338263
ZBTB14,-11.562123211229975,-11.644781881627814,-11.727841912603306
LINC02974,-12.156302841355442,-12.37956543148756,-12.636490669202365
EPB41L3,-7.594381490658616,-7.631040156413383,-7.635420490212083
ENSG00000264000,-12.038380189532852,-12.131797646288293,-12.028863148215372
TMEM200C,-11.83157701834181,-12.077495245061936,-11.898510717185083
ENSG00000266846,-13.163182958344462,-12.732960421770679,-12.418703849582313
L3MBTL4,-9.340183670052397,-9.151188684080052,-8.861233089009026
ARHGAP28,-9.878406151673632,-9.765653120542863,-9.756777272696754
LAMA1,-9.729091610431873,-9.514250080081672,-10.132545133497144
PTPRM,-7.682405299269757,-7.923748765401829,-7.998002305941452
RAB12,-9.917714661193031,-9.929157474927328,-10.037781475498788
MTCL1,-11.916544492286738,-12.056288686696288,-12.232245473007312
NDUFV2,-8.613700671379835,-8.647688256218487,-8.638317536631927
NDUFV2-AS1,-11.70352279371413,-11.825752522925635,-11.873689677282115
ANKRD12,-8.443985609415245,-8.547329112307498,-8.633695875388447
TWSG1-DT,-12.83174647309396,-12.99130793938782,-13.200359296909534
TWSG1,-10.355151398843784,-10.28641590135572,-10.401523752485549
RALBP1,-9.458784744791762,-9.46079894821032,-9.431017047067794
PPP4R1,-9.534796331996642,-9.493097444921592,-9.635582527469728
RAB31,-9.643346986081365,-9.678403194366965,-10.586791839011914
VAPA,-8.698167617569645,-8.758420395695937,-8.769793917324753
APCDD1,-10.42654929255704,-11.259307298144147,-10.476526391013046
NAPG,-9.896799531810615,-10.05138446078944,-10.08298343060153
PIEZO2,-12.336689520295856,-12.940736014906419,-12.917420130005839
GNAL,-11.164073948176549,-11.017965842104177,-11.274752599478692
CHMP1B,-10.341970714430063,-10.30601585740837,-10.42324469876654
MPPE1,-11.02100707258827,-10.82757837156954,-11.284379657591378
IMPA2,-11.240870996795882,-11.18462979101952,-11.381582748385341
TUBB6,-9.627537506218772,-9.271540609694114,-9.60266197732606
AFG3L2,-9.124233326479516,-9.178095074969248,-9.13548330626133
PRELID3A,-12.643735389162801,-12.619764305768172,-12.600078932539194
SPIRE1,-9.155287372613122,-9.206822715077578,-9.300800989200718
PSMG2,-9.458418750328365,-9.587325361808912,-9.544270651006928
CEP76,-11.077879283255818,-11.082972972079475,-11.11806898805216
PTPN2,-9.293163649727125,-9.38346753200659,-9.428433483252133
SEH1L,-10.636369784200962,-10.731344047879997,-10.679271344298776
CEP192,-9.42309023318561,-9.578068027955881,-9.641261746594177
LDLRAD4,-9.350893108958193,-9.811925080920455,-9.569489394249944
FAM210A,-10.004627846647868,-10.171120774514947,-9.9519411109278
RNMT,-9.04172214925761,-9.123588041792852,-9.036264326257406
ENSG00000288839,-12.840876477000362,-13.16510740020587,-13.026732071212159
ZNF519,-10.656914178784149,-10.864809359910133,-10.885879448283209
ROCK1,-8.587180386352854,-8.56589826766102,-8.705983210786659
GREB1L,-9.967588878091492,-9.489088572932792,-9.83923859186148
ESCO1,-9.433102235689976,-9.406227217543679,-9.499939558987553
SNRPD1,-9.053608583752924,-9.352556297373948,-9.21961137621061
ABHD3,-11.085828090279806,-11.252907934995424,-11.335801059401659
MIB1,-8.82992996427512,-8.774545440893732,-8.941288998185327
MIR133A1HG,-9.288620264325308,-9.099007839319617,-9.496802805229395
LINC01900,-11.858701281467155,-11.76702880875864,-11.53560668359257
GATA6-AS1,-9.416179044155903,-9.280152979980926,-9.042669400107265
GATA6,-9.096665751010752,-8.980916594798568,-8.813156593082226
ENSG00000265943,-11.965536032231437,-11.854658689619328,-12.062070081016087
RBBP8,-9.480603377514202,-9.587368601521696,-9.652090273770964
CABLES1,-11.641251804322163,-11.726928585114186,-11.670918497446259
TMEM241,-10.984118133518448,-10.905531300731756,-11.013365188776875
RIOK3,-8.722548059626583,-8.775189029204046,-8.785660973986769
RMC1,-11.79976445974114,-11.719121127423437,-11.827448993192082
NPC1,-10.727841994621999,-10.753211523517793,-10.874838818322832
TTC39C,-10.988271595448639,-11.20388551909763,-11.306004403905787
OSBPL1A,-9.5495286755607,-9.506980221024703,-9.543418742854348
IMPACT,-10.44087545908534,-10.62459299740781,-10.577642332460636
ZNF521,-8.063355623678959,-8.096697838338835,-8.265259618652502
ENSG00000285595,-12.500497720239544,-12.506008561431475,-12.677083496562517
SS18,-9.260702708684422,-9.378577297535458,-9.52942843455692
TAF4B,-11.162385510983906,-11.50947147062524,-11.502489971462687
KCTD1,-9.82966610201737,-10.207700932348727,-10.282230343589122
CHST9,-11.324753099816181,-11.52140367615804,-11.207115662750429
ENSG00000227279,-12.493682523624912,-12.278754350822124,-12.358055324941247
CDH2,-6.900272794134377,-6.831717568787528,-7.040821230213767
DSC2,-8.936572454590724,-9.138189012820026,-9.35793450807779
DSG2,-9.104585458381337,-9.372775001370547,-9.511835906219218
TTR,-11.667208270588826,-12.10368461017856,-11.966747914490863
B4GALT6,-10.48591782584634,-10.332451604545362,-10.734696736241006
ENSG00000259985,-12.976388520759775,-12.873112230479142,-13.041763487742768
TRAPPC8,-9.54517964452232,-9.531327927279568,-9.728565190788075
RNF125,-11.659748830644634,-11.244899239391001,-11.661631846297093
RNF138,-10.014330864015543,-10.130645778415829,-10.118305612468438
GAREM1,-9.341557606922812,-9.642182048266779,-9.619141270786558
ENSG00000285095,-12.64634648119658,-12.87345580557173,-12.259127132994223
KLHL14,-9.096992076250734,-9.46432814845545,-8.818226536570252
ENSG00000228835,-12.11405694473842,-12.61375839395611,-12.083494317282808
CCDC178,-12.055366491069215,-11.384197654251784,-11.927850613123612
ASXL3,-9.06932691822437,-9.022116627871366,-9.42934506593997
NOL4,-12.426024151296387,-12.388096981455258,-12.097436153401379
DTNA,-9.819289821457795,-9.6807959963249,-10.150260320398534
MAPRE2,-9.997354200817755,-10.038908471964186,-10.039713413710146
ZNF397,-10.680576912192087,-10.613630264770803,-10.694376326292002
ZSCAN30,-10.573517953825426,-10.524392425321532,-10.591678427018685
ZNF24,-9.626533015295095,-9.552216616301493,-9.706617202623267
ZNF396,-13.061565814812134,-12.657016411878965,-12.795848045357886
INO80C,-10.467569402493242,-10.557925108822094,-10.576250730663828
GALNT1,-8.833818697143917,-8.97874132093764,-9.005926078600195
C18orf21,-10.647490852454212,-10.744509612318563,-10.788051873164548
RPRD1A,-9.218161742938625,-9.223001096827451,-9.38430938287708
SLC39A6,-10.18850204108599,-10.275736569401124,-10.302642020594295
ELP2,-9.750693752987669,-9.81319815304795,-9.852489512013282
MOCOS,-12.921883614355082,-12.925532737715104,-12.684931693946098
FHOD3,-7.109892602473932,-7.105060049362098,-7.1583854831889635
TPGS2,-9.401950163021493,-9.631269308600665,-9.415812493814276
KIAA1328,-9.245057573780823,-9.253151185024883,-9.378479472617617
CELF4,-12.825906312536892,-13.183680215141276,-12.937183564277287
MIR924HG,-13.209492156784965,-10.13661294505102,-13.03577236998915
ENSG00000286328,-12.767553589682,-12.746586691781342,-11.884487179415917
KC6,-9.920678406156156,-9.522156971821836,-8.76375475499119
PIK3C3,-9.2336816856517,-9.329634990183623,-9.390012884057768
LINC00907,-11.02783464104057,-10.845011946579584,-11.103731734318197
SETBP1,-8.657090289373905,-8.591834241785797,-8.997072819665032
EPG5,-10.034318004263495,-10.052795995215488,-10.17354671077185
PSTPIP2,-10.703998336971809,-10.994054753442505,-10.876823385276614
ATP5F1A,-7.736097223846035,-7.8327739376212255,-7.75888985402726
HAUS1,-9.917387541467406,-10.077348801170519,-9.93171233348358
C18orf25,-10.248713036491083,-10.351598886669674,-10.240945765307877
RNF165,-10.656705396844783,-11.367673849667366,-10.886133244272564
PIAS2,-9.216409583839683,-9.250928834429345,-9.12139009457448
KATNAL2,-11.343148923479738,-11.513757193046978,-10.487941618905852
ENSG00000266957,-12.716134099857912,-12.784151535288661,-12.503829214508173
HDHD2,-9.542288153737562,-9.455566115923729,-9.635754109512938
IER3IP1,-9.55695160418423,-9.54879247397993,-9.680703855149345
SMAD2,-8.961203518942447,-8.692436310739465,-8.954346620586621
ZBTB7C,-11.262711589115066,-11.488952779092875,-10.500021086325471
CTIF,-10.291540794882708,-10.433306426907846,-10.408761245935972
SMAD7,-10.936912355933487,-10.972835398381394,-10.82909391015107
DYM,-8.964516375869916,-9.057981048774977,-9.022819217827264
C18orf32,-9.859477743693319,-9.924670682113423,-9.768797883328055
RPL17,-6.299629887980249,-6.465804108333537,-6.351085205679397
ACAA2,-9.061965193898379,-9.19416418807211,-9.273241406262077
SNHG22,-12.04351282837582,-11.8277098980832,-11.882340419196288
MYO5B,-11.876466187913737,-11.649348250887185,-11.286856244551526
CFAP53,-12.491910416846894,-12.450239841339936,-11.971722959940998
MBD1,-10.50059243527419,-10.423101687043864,-10.487024840619288
CXXC1,-11.602257294499656,-11.453004427704679,-11.515575548902863
SKA1,-12.133074683221135,-12.617954997744949,-12.446733930124521
MAPK4,-9.169795131856425,-9.673284938160245,-9.221071748965878
ME2,-9.616260162118648,-9.643622819047518,-9.760477551568943
ELAC1,-11.850848703901567,-12.141727082768474,-11.848207409199166
SMAD4,-9.063053181658866,-9.108921516432792,-9.167774022820145
MEX3C,-10.693252441467807,-10.827941446087376,-10.790897524650918
DCC,-10.600329634300982,-10.877849469729385,-9.872200522981808
MBD2,-9.900255810499965,-9.996122373151591,-10.114865240651026
POLI,-10.201358088656015,-10.247577831979866,-10.191788799923147
C18orf54,-11.89443734370539,-12.156899453513287,-12.180756007211004
TCF4,-8.16439650691441,-8.40571579626387,-8.316137527636208
ENSG00000267284,-12.810098089487687,-12.005266682956355,-10.29540674445633
ENSG00000267327,-9.837828532751644,-10.755791327648701,-9.073700008025058
LINC01905,-11.583182045794405,-12.46331389512053,-10.519594842048676
TXNL1,-8.943024918563244,-8.996711885614785,-8.951829065372879
WDR7,-9.558858667131506,-9.518412693949957,-9.558997224007426
FECH,-10.896812229097776,-10.933847554674257,-10.954554173762002
NARS1,-9.09737848239126,-9.121267933211428,-9.044069471296915
ATP8B1-AS1,-12.668637530554951,-12.839585429249647,-12.822044577527187
ENSG00000267787,-11.083848377480836,-10.790387306346256,-11.041277740005263
ATP8B1,-12.255945494739704,-11.997288430398637,-12.026585669308206
NEDD4L,-9.132206656503977,-9.116425160071458,-9.17381588488463
ALPK2,-7.665317428752657,-7.6273229509152864,-7.769337691256112
MALT1,-8.921616919640982,-8.821472045766084,-9.015610999227956
ENSG00000267476,-12.412901189622115,-12.044411291497637,-12.248138084254046
ZNF532,-9.342908624166874,-9.338086753007158,-9.598431680785815
SEC11C,-10.52672421826777,-10.672104952516934,-10.449257680493037
LMAN1,-8.928134409346738,-8.972699646709735,-9.052000976111055
CCBE1,-10.567897906660866,-10.456992453653225,-11.272842460822877
RNF152,-11.57568086984813,-11.152663808293104,-11.52614569643827
PIGN,-9.6458391195294,-9.659244125186692,-9.739679486726097
RELCH,-9.661022730780676,-9.715665220033607,-9.722617127244044
ZCCHC2,-10.260593130482595,-10.294900254227523,-10.22062653359976
PHLPP1,-9.437502355588538,-9.321244023064363,-9.628275529831502
BCL2,-10.70808285331985,-10.847737341587889,-11.488634372177106
KDSR,-10.187641975480242,-10.150652466512026,-10.207377582364282
KDSR-DT,-12.409860828358251,-12.546449792878647,-12.44286279786384
VPS4B,-9.888028651574757,-9.880174621086029,-10.033216891887427
CDH7,-12.234370024053455,-11.76723565727473,-13.019468276181984
DSEL,-11.688797055146331,-11.955961810905741,-12.104283468456202
DSEL-AS1,-12.466952534803188,-12.701711592300276,-13.135631833920947
TMX3,-9.748107244713442,-9.824987699164241,-9.719430468893883
CCDC102B,-10.035166910105142,-10.036598765999948,-10.085561330380107
DOK6,-8.93015080770167,-8.659326066536465,-9.29086050133515
RTTN,-10.2323084213817,-10.294613894115408,-10.3638758866034
SOCS6,-10.245893261992405,-10.234280467214647,-10.130383454638864
LINC01909,-12.744357366390318,-12.845101930024883,-12.912784018950488
NETO1,-12.05657860212862,-11.502111817385424,-11.390100702057556
FBXO15,-12.865805792514529,-13.28004237955134,-12.47439893140314
TIMM21,-10.35847744229106,-10.444472170080513,-10.337538379001163
CYB5A,-8.841753011637298,-9.384008545938471,-8.885243938442441
CNDP2,-10.684607417948156,-10.769264765710705,-10.877468474943209
ZNF407-AS1,-10.461870474888388,-10.485972175804944,-10.566995894006919
ZNF407,-9.090946755294196,-9.082688299715867,-9.37326868677278
PTGR3,-10.723056514017957,-10.771227706786656,-10.99872875508484
TSHZ1,-10.88251086734544,-11.060495020883659,-11.135967837697315
ZNF516,-9.915592746959605,-9.83071738196911,-10.040620428455082
LINC00683,-12.479916974809386,-12.436396829285123,-12.091428540460608
ZNF236-DT,-12.884646874867851,-12.76519984300644,-12.926590401878938
ZNF236,-10.316206174838172,-10.289640604096041,-10.463353794580096
ENSG00000264015,-10.961554775059792,-10.129605856665227,-10.212896272239004
SALL3,-12.844803511028784,-12.736599694951838,-13.16000052585575
ATP9B,-8.987734491633436,-8.96861372002942,-9.080608209434091
NFATC1,-11.651155957000558,-11.689740006552178,-12.137893427260881
CTDP1,-11.474822379778617,-11.653813539768766,-11.736879003936375
SLC66A2,-10.995217450965399,-11.135875642519514,-11.222136116211695
HSBP1L1,-12.82318086229836,-12.650068250803592,-13.130461768168926
TXNL4A,-9.348845473113803,-9.52091151099399,-9.51734046823345
RBFA,-10.146838742016165,-10.28404979359021,-10.320185391798075
RBFADN,-11.200333053310096,-10.910192158581872,-11.148868754903159
ADNP2,-10.083489065649399,-10.18427758269387,-10.0212938666936
PARD6G-AS1,-12.657037673084155,-12.317481246904114,-12.84901056467657
PARD6G,-11.08030125498032,-11.34775011931758,-11.3200748998135
ENSG00000282393,-12.27219205746969,-12.321248340586138,-12.372290345131297
MIER2,-11.585616189122884,-11.629340562401996,-11.63966501690821
SHC2,-11.460513412508892,-11.142172693821216,-11.718739547417657
TPGS1,-10.85161774736687,-10.958532407967041,-11.34556112396788
CDC34,-9.761015152743338,-9.950012631266182,-10.115026770082709
BSG,-8.756312679718686,-8.846787757750029,-8.785213047294055
POLRMT,-11.984263585645405,-12.155442358143532,-12.133958580440147
RNF126,-10.75946669048442,-10.940677465656048,-10.953670680196929
FSTL3,-12.483711169366323,-12.487427943266228,-12.542906839080784
PALM,-11.17387528335287,-11.41170583841331,-11.516744579646902
PTBP1,-10.293013004938498,-10.482059825145638,-10.571566741459996
PLPPR3,-11.414519181943229,-11.248374387655932,-11.744139398696158
CFD,-12.600662565048413,-12.82649849191442,-12.570746257827249
MED16,-11.584923316946142,-11.895242260796902,-11.72915778438559
R3HDM4,-11.071140236100723,-11.075648813502836,-11.126168722516482
ARID3A,-9.459725565965478,-9.457733133105641,-9.872987243332062
WDR18,-10.299371241091636,-10.527354453340823,-10.514341629002141
TMEM259,-10.662670158414109,-10.734454628259506,-10.765713008149762
CNN2,-9.141934427600761,-9.323565326248419,-9.529117419772179
ABCA7,-11.170400271626198,-11.602403173550414,-10.992609797362102
ARHGAP45,-12.604555984588528,-12.928557407141769,-12.1428488115712
POLR2E,-9.384369617538507,-9.556040780002384,-9.544667444897529
GPX4,-8.563277675123857,-8.598857492159658,-8.529808094273998
SBNO2,-12.282551431889653,-12.163859921273767,-12.527495244060631
STK11,-10.651774709498593,-10.722439594323966,-10.66788562533201
ATP5F1D,-8.449922818818777,-8.591047124878722,-8.466289172444577
MIDN,-9.68043566026615,-9.752531051307523,-9.930501701931615
CIRBP,-7.967339729597435,-8.107632846679392,-8.16009437419871
FAM174C,-11.478934115575319,-11.551579750348935,-11.374370521181826
EFNA2,-12.327375111416819,-12.807847055077797,-12.463382380730073
PWWP3A,-10.076561162753624,-10.194756069974044,-10.318222766966107
NDUFS7,-9.39615491014209,-9.694775050536174,-9.366196345794414
GAMT,-9.752822467978369,-9.997472103837238,-9.94207616436568
DAZAP1,-9.76315888535228,-9.971749454825986,-9.928862469379286
RPS15,-7.0823879763639335,-7.312004658505414,-7.176614941658947
C19orf25,-10.904231656483335,-10.987395063206007,-11.08987734587964
REEP6,-11.688855671801283,-11.601728239043346,-11.459588112855249
MEX3D,-12.108631586388398,-12.361113055222004,-12.230342539482088
MBD3,-10.885822443269385,-10.909621097298066,-11.106175091904348
UQCR11,-8.412786807246995,-8.513384921255273,-8.386916242698499
TCF3,-10.250020936246978,-10.32548684906393,-10.518816029543535
REXO1,-11.15754746646975,-11.217779450851129,-11.431871945679545
KLF16,-12.290545609219441,-12.561075622985017,-12.693426859869671
ENSG00000261526,-12.651171221440636,-12.662546543648682,-12.716529450455186
ABHD17A,-10.466385247527672,-10.607170060120291,-10.555485103594739
SCAMP4,-11.244720169592483,-11.13722413531796,-11.36891572558104
CSNK1G2,-10.519875951574603,-10.585155395908021,-10.721912587981146
BTBD2,-10.677626209488501,-10.64437771257068,-10.798196662600898
MKNK2,-10.74132021122086,-10.936584172191973,-10.873407166061865
MOB3A,-11.650500926777662,-11.60879618537707,-11.819345782261081
AP3D1,-9.866962440025677,-10.029763566835667,-10.071360407498645
DOT1L,-10.689126385819936,-10.642493874608808,-10.83564638706193
PLEKHJ1,-9.492091519516014,-9.677233409306275,-9.563216946578267
SF3A2,-10.97503308805151,-11.118855705232829,-11.14397597171782
OAZ1,-8.142328585719328,-8.157144603401678,-8.199602925426412
LSM7,-9.173680269617595,-9.285311934748147,-9.238045486849405
SPPL2B,-10.881889243732454,-10.876728443505526,-11.031635055231526
TIMM13,-9.052220809417705,-9.158145926321257,-9.116387042594909
LMNB2,-10.751183154882767,-11.079960751616671,-11.15683581077154
GADD45B,-10.28844935782325,-9.95067860477498,-10.548105750265323
GNG7,-11.015807026246193,-10.770086529682535,-10.828592901660791
SLC39A3,-11.39943033997975,-11.350376415120069,-11.45952333912884
SGTA,-11.020648613098205,-11.230356757230561,-11.203220316345867
THOP1,-11.811288082106499,-11.853386964775224,-11.814993397521931
ZNF554,-12.166179464529643,-12.08664693977842,-12.21162471879552
ZNF555,-11.693838905222483,-11.665845560999415,-11.855087299698738
ENSG00000253392,-13.151268307802829,-12.973615608140841,-13.04742865022007
ZNF77,-12.270200814318496,-12.335755629963561,-12.394533668187737
TLE6,-12.140705448208285,-12.202575612265802,-12.426639060732331
TLE2,-11.007734806447866,-11.384921439221069,-10.928984126032839
TLE5,-8.8731083445654,-8.98184266412724,-9.057608675129757
GNA11,-10.952884331694248,-10.995554921700773,-11.080184898556977
NCLN,-11.619733416410677,-11.646246061546439,-12.024741780346805
CELF5,-11.864210987529537,-12.015910308982363,-11.695900632946815
NFIC,-10.000610580411019,-10.144933616259884,-10.234441731859794
DOHH,-12.251269220211213,-12.40106361163161,-12.307026220665326
FZR1,-11.748303201490149,-11.817172499012518,-11.961953104665033
MFSD12,-12.032446223347772,-12.044786024772531,-12.056393900182607
HMG20B,-10.511913241317103,-10.594870437441188,-10.651035134839734
CACTIN,-12.452232180464831,-12.61278756665251,-12.637077387226224
PIP5K1C,-11.664026680122909,-11.651053443025571,-11.749858940574683
APBA3,-12.949219004488205,-13.010691909031129,-13.054716840222127
MRPL54,-10.409455054527735,-10.496395128459003,-10.362133308476038
ZFR2,-11.42143728306829,-11.357752371532941,-11.481543826208295
NMRK2,-12.831398676324055,-12.370473021987923,-12.01713340598856
DAPK3,-10.152621465619164,-9.773412085941406,-10.19566550798829
EEF2,-7.629039706184881,-7.714083920924928,-7.806366729026663
PIAS4,-10.853982376318648,-11.017037996656583,-11.040003459600882
ZBTB7A,-11.145330509306289,-11.085778089958193,-11.462563249721374
MAP2K2,-10.05433929285303,-9.972411285296129,-10.057667034355909
SIRT6,-12.122057862463585,-12.048543942157236,-12.133509704268096
YJU2,-11.759561658858733,-11.87426798962216,-12.158249562904992
SHD,-11.59400344815892,-11.730847142160638,-11.391580992201217
FSD1,-12.048185196196469,-12.098370088283888,-12.132852302971823
STAP2,-12.024009946539554,-11.884862838998371,-12.02684731640074
MPND,-11.71590341723805,-11.886120918614912,-11.894991442917318
SH3GL1,-10.735844946998217,-10.913372887948707,-11.05048445513328
CHAF1A,-10.967189233641339,-11.455792931555767,-11.275569117226942
UBXN6,-11.008632108579986,-11.103500538142718,-11.06839713494709
HDGFL2,-9.87404107332456,-9.984417274379437,-10.002209619110372
PLIN5,-11.74169214533985,-12.111155957378125,-11.7335764933914
SEMA6B,-11.400700591948889,-11.808914982914162,-11.343911533478705
TNFAIP8L1,-12.389682005399875,-12.335717103078016,-12.657855585073767
MYDGF,-9.822479514885938,-9.967832541074884,-9.921032228629578
DPP9,-11.374212263517922,-11.559104130965776,-11.61730564988898
FEM1A,-11.522978833749557,-11.639644524783293,-11.723074722974827
ENSG00000269604,-12.159631735525778,-12.292612904483272,-12.19670284964678
PLIN3,-9.955248631544764,-9.954085149171972,-10.064411242817833
UHRF1,-11.858803687401272,-12.533729731572107,-12.73023550269211
KDM4B,-9.338653424894083,-9.60719185584147,-9.597686001419977
PTPRS,-9.796599043033053,-9.731732727693867,-9.892228558255969
TINCR,-12.870764789277462,-12.897700851111692,-12.821047388413245
SAFB2,-9.756173901216282,-9.852860817308407,-9.93320618627469
SAFB,-9.12545914072755,-9.18505085280534,-9.202804068938534
RPL36,-7.283411217181522,-7.500614181375387,-7.378947300405636
MICOS13,-9.535462159863402,-9.660303005514768,-9.557463562938645
HSD11B1L,-11.592521312961935,-11.421813471537439,-11.435202290485693
LONP1,-10.682271041898131,-10.826382661587017,-10.639886121504274
DUS3L,-12.420554391660986,-12.184435921275268,-12.669882485686347
NRTN,-11.275349705586697,-11.115025102625909,-11.38943314805058
NDUFA11,-8.354963077416368,-8.406509496215714,-8.404999244839036
VMAC,-12.810560172860525,-12.84372305480174,-12.999481395155295
RANBP3,-10.614086640993193,-10.703285723862235,-10.825351306825672
RFX2,-11.639088525591864,-11.708224096831348,-11.6573995804246
MLLT1,-10.846980408197982,-10.884868339648188,-10.953394045526325
CLPP,-9.941325502143089,-10.154054550117987,-9.939570775097199
ALKBH7,-9.322766504768438,-9.379138344560753,-9.324509300957514
GTF2F1,-9.84892219430535,-9.782093636120177,-9.976006737371769
KHSRP,-9.546712459721952,-9.687333174099766,-9.756084537463538
SLC25A23,-10.415062704089495,-10.46129448697329,-10.538725167631656
GPR108,-11.341119000637711,-11.413510409257043,-11.416231122758315
TRIP10,-11.217549834759062,-11.036274109776752,-11.216907512658366
ZNF557,-11.590697395122397,-11.6197266988631,-11.799878286303043
INSR,-9.532611380067168,-9.510143897346842,-9.860809746790666
ARHGEF18,-10.852404947694668,-10.927320605412538,-11.048614191709405
ZNF358,-10.96497722907659,-10.997835918995566,-10.977181742974912
MCOLN1,-12.097506754931906,-12.06515638422981,-12.178878491786486
PNPLA6,-12.544077533251254,-12.474786205604005,-12.347151237494677
CAMSAP3,-13.083804427835314,-12.966010459565627,-12.978730395285755
XAB2,-11.874925481943407,-11.953540224569617,-11.94035428866898
PET100,-9.79851331634902,-9.872326465217125,-9.924185391760151
STXBP2,-11.686772860644755,-11.884913223235316,-11.78897762360726
TRAPPC5,-9.79025196404787,-10.030742148668788,-9.954759806959528
EVI5L,-11.711918552230136,-11.66879454134173,-11.92244605037484
PRR36,-13.234723206525725,-12.933197098114995,-12.99751563861372
MAP2K7,-10.901687151741223,-10.859366619164586,-11.107393303894959
SNAPC2,-11.65526347154871,-11.874748501915537,-11.923903322372047
CTXN1,-10.940686940033233,-10.964171533014568,-11.16789038142962
TIMM44,-10.411508480434115,-10.517399179366956,-10.518092894632156
ELAVL1,-9.276387289622209,-9.350324695249688,-9.336779394652002
ENSG00000267939,-12.874215701934077,-12.318005907524043,-13.114889003901036
FBN3,-11.510694368151535,-11.705745128477412,-11.817656648698494
CERS4,-10.481013274615838,-10.562953012685812,-10.600223226248776
CD320,-10.457288317322094,-10.556439733738602,-10.543258811601016
NDUFA7,-9.017428525289391,-9.123837103124265,-9.033272838246758
RPS28,-6.671986656612516,-6.859379417905689,-6.729254192960761
ANGPTL4,-12.349638532098792,-12.808290769603541,-12.749915749477235
RAB11B-AS1,-11.413551994551703,-11.56125954280903,-11.803020013641627
RAB11B,-9.836056140056662,-9.865259868578589,-9.888661291651728
MARCHF2,-11.363992114777009,-11.256612052811082,-11.357007414298558
HNRNPM,-8.314882460574545,-8.454558158942202,-8.454709628715008
ZNF414,-11.408082890736654,-11.438792848287097,-11.537781634274038
ADAMTS10,-12.00141854865391,-11.875325295178683,-11.666333696022502
ZNF317,-11.83279775700642,-11.771421305210467,-11.977547899705984
ZNF699,-12.368815201280364,-12.191774458215162,-12.343337826198736
ZNF559,-10.637190444911976,-11.027233694154923,-10.632694161245642
ZNF177,-11.793698397401462,-11.91810235382661,-11.790599898042275
ZNF266,-11.335625746706835,-10.943569258757131,-11.5837226849404
ENSG00000287275,-12.311936664726563,-12.564382477943704,-12.657299457291485
ZNF426,-10.861656934677526,-10.917330758243152,-10.967877979568465
ZNF121,-10.30581328749838,-10.355509875997512,-10.391624867242284
ZNF561,-10.423561556257082,-10.485625607216932,-10.535309593461891
ZNF561-AS1,-10.277961137077643,-10.299815771630628,-10.219340136503972
ZNF562,-10.98779109497871,-10.80789773766531,-11.29379950069315
ZNF846,-10.789987602476515,-11.009335350578416,-10.501817996793475
FBXL12,-10.743392037661232,-10.930567878926663,-10.865909716154732
UBL5,-8.38600592339943,-8.40396637642914,-8.41805046383887
PIN1,-9.791131297395138,-9.91501742493721,-9.918499817098988
OLFM2,-12.036485906312526,-12.00201078726967,-11.579583264116435
PPAN,-11.205207714721029,-11.36088832529853,-11.261051633015919
P2RY11,-12.310965784463344,-12.488764710140607,-12.67332616953666
EIF3G,-9.361273480297312,-9.463843019778725,-9.504717480303395
DNMT1,-9.476028292563681,-9.710491602000841,-9.756135369100113
MRPL4,-9.94785588972151,-10.121683396947741,-9.993729507353347
ICAM4,-11.970878372463291,-11.279292310891057,-12.269300502659894
FDX2,-11.066466193341322,-11.119132355751868,-11.264343562450849
RAVER1,-11.49485486008086,-11.697867215550653,-11.686842461242456
ICAM3,-12.295887443468825,-12.430934627025236,-12.44818430795208
TYK2,-11.032472476185932,-11.018242801760845,-10.585467231727208
CDC37,-9.290686897561526,-9.39713733305144,-9.388927741037126
KEAP1,-10.782165066395569,-10.904290291158038,-10.885567932234446
ATG4D,-11.363467359039037,-11.447568172765468,-11.408358707098682
KRI1,-10.898459778021653,-11.065257856247593,-11.1785278707897
CDKN2D,-12.281801361113057,-12.407507572872875,-12.378395167843845
SLC44A2,-10.82955334197998,-10.713606929767998,-10.881099564009881
ILF3-DT,-10.696729726916619,-10.871366187836893,-10.912565122290143
ILF3,-8.691025777989104,-8.772017624194932,-8.864699659232457
QTRT1,-10.726341539396133,-10.883606722924853,-10.89742994506399
DNM2,-9.920444460502942,-9.906787762420684,-10.207159530772689
TMED1,-10.539077835571703,-10.614425777839422,-10.640977180960837
CARM1,-10.712826548048021,-10.955664014023238,-10.89150084146143
YIPF2,-11.376984111040148,-11.417040718634546,-11.365353579531469
TIMM29,-10.86151182187592,-10.9571442811995,-10.932352953179686
SMARCA4,-9.259514101139395,-9.381871091811664,-9.457022449157773
LDLR,-10.981926041543673,-10.791938405957508,-11.128858774066149
SPC24,-12.338307566432308,-12.927802829633055,-12.643253996135495
KANK2,-10.68207697732498,-11.048125355653275,-10.805989517239778
DOCK6,-11.866053215988106,-11.997916527201783,-11.9918245078929
ENSG00000267082,-12.566425341021722,-12.483275606569856,-12.605664494229847
RAB3D,-12.11364819895667,-12.196803603722133,-12.18134417904157
TMEM205,-10.364457020886263,-10.387797317384894,-10.412457363618376
CCDC159,-13.183829867140183,-12.570833963855973,-12.789101092949082
PLPPR2,-12.700732193927697,-12.672693450558002,-13.120742297495866
SWSAP1,-12.47362432017736,-12.562380598803468,-12.613412579987111
EPOR,-11.084798503504683,-10.896196341677495,-11.209551078885449
RGL3,-11.32302659967649,-11.266140696559193,-11.329104419867058
PRKCSH,-10.296986866379283,-10.34362019059355,-10.451261529287061
ZNF653,-12.785703026383294,-12.536615521567851,-12.630706635430087
ECSIT,-10.767786158576584,-10.875412502755564,-10.944477339040704
CNN1,-10.10662844164073,-9.730846525854687,-9.826069981989837
ELOF1,-10.862526956122663,-10.893987857355313,-10.863614895049404
ZNF627,-10.866188134661556,-10.836254301193035,-10.958996280445556
ENSG00000197332,-12.081121573920937,-12.596444483861172,-12.46947678042507
ZNF823,-11.521116235221877,-11.582852528837748,-11.632537574275887
ZNF441,-11.593316264092632,-11.469542062106495,-11.547029890284833
ZNF491,-12.268962789960447,-12.606401493313205,-12.661645648743999
ZNF440,-11.456376258767612,-11.283734616605612,-11.610937213228476
ZNF69,-9.766066746099757,-9.61219534696752,-10.080224811731771
ZNF700,-11.294597090408315,-11.30172708453878,-11.571881942073878
ZNF763,-12.439112296553066,-12.01467359071334,-12.61319011335667
ZNF433-AS1,-10.636230837721353,-10.436042371040022,-10.658488575789104
ZNF433,-11.654509092442165,-11.509012373915562,-11.844882181577423
ZNF844,-11.49474492215517,-10.838633077570305,-10.96644874066682
ZNF20,-12.576455796642822,-12.461460388173215,-12.577349508674693
ZNF625,-10.513635712253452,-10.563578310524731,-10.749739214023068
ZNF136,-11.761539413757406,-11.800454361821997,-11.98683231706714
ENSG00000291101,-12.159805253698242,-11.790158049402091,-12.080270963203983
ZNF44,-10.159306418087075,-9.96708267688191,-10.301424052833395
ZNF563,-13.016219660228018,-13.16064023892532,-13.053846215805745
ZNF442,-12.457814599854972,-12.48695889227805,-12.568707158393398
ZNF443,-12.971652651616303,-12.84935231169487,-12.868247738955455
ZNF709,-11.106935033272475,-10.962598428150967,-11.136611217957112
ZNF564,-11.59833078601468,-11.648291750167436,-11.664853587444362
ZNF490,-11.641882439275927,-11.534420781698184,-11.712396313854477
ZNF791,-10.282679691298233,-10.220835496855388,-10.470408316028832
MAN2B1,-11.92296085634045,-11.811221481488607,-11.919563851735674
WDR83,-11.793522145745705,-11.882331319371296,-11.77051705336256
WDR83OS,-8.858533918536288,-8.98783956271208,-8.962153063890872
DHPS,-10.60885023957736,-10.692721077872829,-10.8439406331236
FBXW9,-11.91825174261203,-12.216806452605157,-12.101850599867962
TNPO2,-10.590929913948033,-10.69861344273853,-10.835007968831965
TRIR,-9.07802933884262,-9.187393054385494,-9.208172253506413
GET3,-10.923709429679139,-11.081529336654912,-11.114007422880809
HOOK2,-10.613741701101988,-10.575512487891443,-10.572507753933513
JUNB,-11.193047861617137,-10.816697871826902,-11.425847244233466
PRDX2,-7.846501416360284,-8.035027771797106,-7.830323208498939
MAST1,-12.374137037244555,-12.75207709411872,-12.640022117821783
DNASE2,-11.771789522334998,-11.563714548051648,-11.590454236235614
GCDH,-11.275129556561142,-11.433835397256953,-11.47343122954162
SYCE2,-12.457551617891955,-12.862478553007751,-12.748805210243116
FARSA,-10.902001919769017,-11.033014125313503,-10.927077419364533
CALR,-8.359460382767185,-8.362676153893647,-8.585686293597455
ENSG00000267458,-13.205060850949705,-13.060020120763497,-13.005858979506076
RAD23A,-9.327335597206979,-9.36703873163993,-9.374334242709294
GADD45GIP1,-9.153164987135037,-9.310800526441122,-9.30701979428648
TRMT1,-11.576885153275597,-11.647981233973464,-11.975476499158304
NACC1,-11.520050148060594,-11.510275464846957,-11.728966452732614
STX10,-11.334147400207128,-11.312161249630691,-11.280416959298703
IER2,-10.010651972599453,-9.543799362899101,-10.087985039851928
CACNA1A,-11.260359133782503,-10.92612824698564,-10.793701432900328
YJU2B,-10.507845210191984,-10.405471207683801,-10.66599981688318
MRI1,-11.499807382826923,-11.270706141712795,-11.831065384026044
C19orf53,-9.204052985290689,-9.304936550960853,-9.260168706309512
ZSWIM4,-12.028200241352616,-11.930405574375305,-12.271241569205438
BRME1,-13.324564494675535,-13.138354005085427,-13.162380054214362
CC2D1A,-11.456943566120254,-11.539387326936186,-11.615778912995689
DCAF15,-11.275930170588516,-11.476092905723615,-11.53881122650001
RFX1,-11.410531777701921,-11.356291210604097,-11.498369672902605
SAMD1,-10.119151753109122,-10.143754219304109,-10.3365936689492
PRKACA,-10.210337654545764,-10.129936969986396,-10.256232648684584
ASF1B,-12.135881234988812,-12.542296676549187,-12.562404442070557
ADGRL1,-10.815206213000286,-10.754996605120558,-11.03282034133065
ADGRE5,-12.802318071189502,-13.123895035996771,-13.133070036893452
DDX39A,-10.867506347363022,-11.103783147060446,-11.129893928442922
PKN1,-10.567896899495757,-10.745856810075136,-10.795475352021114
GIPC1,-10.057343389542268,-10.272942882904855,-10.343762410668619
DNAJB1,-9.836144206310587,-10.138094133532412,-9.947795256436745
TECR,-9.907506476254847,-9.993102666077943,-10.227744560244238
NDUFB7,-9.037823094655163,-9.193374136603385,-9.096366103248167
ZNF333,-11.710267856300618,-11.849507234893457,-11.850579175950482
SYDE1,-12.197229675634706,-12.319927480921878,-12.4798099296161
ILVBL,-11.210508700917847,-11.200017553465038,-11.290538242120121
NOTCH3,-11.21188020319997,-11.268477793730654,-11.730047024325632
BRD4,-8.968691215417504,-9.034124641523915,-9.053899127547135
AKAP8,-10.739908423127359,-10.759679750625692,-10.870719487207337
AKAP8L,-9.420737952145652,-9.458508382888139,-9.582190618057403
WIZ,-11.182649796024899,-11.343019155519675,-11.40869393845646
TPM4,-8.737327362590941,-8.7333252730286,-8.705387743926245
RAB8A,-9.945731172097076,-9.894920328433164,-9.90243299075572
FAM32A,-9.9100923134125,-10.015287268833873,-10.06151587762478
AP1M1,-10.924923186033531,-10.907531694772418,-10.997747346915052
KLF2,-11.590710879246542,-11.89516452812504,-11.45038106346378
EPS15L1,-9.805557245456022,-9.88894809002045,-9.88284119994814
C19orf44,-11.87266660772424,-11.688870347273905,-12.058843013298219
CHERP,-10.720197462433928,-10.828779928321254,-10.922778991943122
SLC35E1,-10.463865975628929,-10.681560890551872,-10.675656133246902
MED26,-11.566378759567419,-11.761947822296834,-11.68609487771717
SMIM7,-9.616578256659153,-9.7858717059473,-9.844445500847058
TMEM38A,-10.116882516244138,-10.120436907771671,-10.14614270652257
SIN3B,-9.965676453002507,-10.024045365654047,-9.974138377162367
CPAMD8,-11.756053895266069,-11.676147946430307,-11.848136128057243
HAUS8,-11.454322798500355,-11.488403783869911,-11.69238097611255
MYO9B,-10.08143174402897,-10.115328137420416,-10.226972715130021
USE1,-11.033384213470361,-11.027450229461385,-11.048137457123124
OCEL1,-11.898608886382377,-11.867528189192988,-11.828021689822869
NR2F6,-10.152777262773167,-10.188713638614912,-10.223366508945928
BABAM1,-9.904265766201021,-10.10655321500878,-10.123478827133354
ABHD8,-11.685006738072408,-11.500269881096642,-11.792497081220661
MRPL34,-9.366255477779319,-9.65140076476016,-9.408296621447144
DDA1,-9.949010371738039,-10.112214684460822,-10.19193758475124
ANO8,-12.896061369344766,-12.877578892466914,-13.171039376817934
GTPBP3,-11.689537250055965,-11.665126583815276,-11.802119615149214
BST2,-11.030973944866943,-10.344351024319256,-9.757394991789875
MVB12A,-10.620276305429442,-10.654203953928796,-10.736568687487589
SLC27A1,-11.596548701609477,-11.47397860524938,-11.624182224215229
PGLS-DT,-12.057956468276563,-12.003891460767946,-12.502381808357939
PGLS,-9.733229733280188,-9.882892884451978,-9.731593527895084
COLGALT1,-11.355112989201082,-11.50264886501731,-11.618906641480951
MAP1S,-11.733458170473481,-11.720228838907799,-11.741381124972488
RPL18A,-6.686299333076797,-6.94735914656846,-6.959719816004567
CCDC124,-10.40135559872648,-10.496118073446372,-10.45200396897851
KCNN1,-12.899246510515246,-12.787340251389756,-11.595967585741828
MAST3,-12.654024277163973,-12.977362214561243,-12.801336552034178
PIK3R2,-10.910788545517027,-10.984894445043047,-11.056503275904797
MPV17L2,-11.58188193112596,-11.531890739299719,-11.576749220476461
ENSG00000268650,-12.492468983742633,-12.81870284965709,-12.370646288188903
JUND,-9.24572964576144,-8.983788509200178,-9.47931035350322
LSM4,-8.807933283803658,-9.089956961173824,-8.860542724599366
PGPEP1,-11.383855775189495,-11.511229540097162,-11.542378774403856
SSBP4,-10.151572855470517,-10.150213270500394,-10.048980986387338
ISYNA1,-9.465141412353326,-9.533341860989724,-9.814201983719165
ELL,-11.411774310467147,-11.402791155338134,-11.578283665312348
FKBP8,-9.76955627449297,-9.775627121875532,-9.815463459425814
KXD1,-10.5416144297335,-10.828728691491616,-10.843212691260671
UBA52,-7.47872487727493,-7.631589948635528,-7.635319924855847
REX1BD,-10.147938746987505,-10.225677486586074,-10.012210908804857
CRTC1,-10.702638243801328,-10.660201215353492,-10.888228614182196
UPF1,-10.705467007107513,-10.871274379599303,-10.875908780959952
CERS1,-12.472325128691006,-12.4973809874332,-12.519275834401759
COPE,-9.34679413374974,-9.508972080025893,-9.468528549915623
DDX49,-10.918150264024773,-11.037987029369212,-11.164706376416191
HOMER3,-10.819335164863421,-10.750421689695434,-10.878370648972084
SUGP2,-9.347551072010663,-9.364422592350127,-9.457534484567919
ARMC6,-11.70694486862255,-11.874208562217474,-11.88193536745445
SLC25A42,-11.526630688789815,-11.559298599176255,-11.573805101735733
TMEM161A,-11.011366093063454,-10.77047637368401,-10.718220280704113
MEF2B,-12.303397116649275,-12.209094289498431,-12.541789128075747
BORCS8,-11.424824472088869,-11.556409921877439,-11.448398808718476
RFXANK,-10.706953929028401,-10.852324974455072,-10.924307519552425
NR2C2AP,-12.200646427892863,-12.203742222753434,-12.1649651153812
TM6SF2,-13.046880125869187,-12.894922372563867,-13.069740373346315
SUGP1,-11.119504975547368,-11.082881134278663,-11.14648951585354
MAU2,-10.42334078676015,-10.379818353901888,-10.75162951666806
GATAD2A,-9.59292577663849,-9.682405179144858,-9.764249692792026
NDUFA13,-8.083451591973995,-8.225718911906643,-8.122077750296587
YJEFN3,-12.115034254275704,-12.033191332432802,-12.209181881671054
PBX4,-11.75139716920822,-11.762183006887613,-11.898275967561728
LPAR2,-11.968794641767007,-12.144692262912505,-12.195329680579276
GMIP,-13.212156828717161,-13.166358963996256,-13.106897082568064
ATP13A1,-12.009325122733445,-12.14017552638731,-12.37302200282682
ZNF101,-12.232989518994314,-12.275015324579636,-12.496299472156124
ZNF14,-11.641912666209695,-11.320668379528648,-11.344412015215143
LINC00663,-12.247032530618986,-12.398854994413941,-12.264320413932612
ENSG00000291177,-10.46751508179346,-10.996266861936391,-11.121522343428635
ZNF506,-13.192777075698887,-10.214675244285045,-10.160380066505788
ZNF253,-10.163027697821075,-10.126471814651863,-10.29164029273197
ZNF93,-10.500176619580511,-10.48621822967689,-10.697802729820223
ZNF682,-10.505234900130885,-10.806606595261277,-10.754642021408435
ZNF90,-10.777382823818114,-11.15466103017076,-10.598123214055931
ENSG00000267383,-11.081542727084079,-11.3739637387755,-11.058041038543573
ZNF486,-11.646527720389818,-11.737434121859078,-11.467523357240715
ENSG00000291130,-11.961677633513371,-11.341604719468751,-11.280334194181249
ZNF737,-11.194410103859207,-10.983818297142577,-11.095706270997312
ZNF626,-10.269696608791438,-9.765978742679927,-9.752482723629008
ZNF66,-10.745050507025548,-10.879656999562858,-10.952503776343972
ZNF85,-10.822405628874447,-11.20401948051222,-11.167608875975013
ZNF430,-10.804889645017578,-10.906727542692678,-10.950581100902946
ZNF714,-10.261704618030123,-10.008174705359583,-9.976969581673956
ZNF431,-9.363704222335402,-9.549084027155686,-9.469578420618896
ZNF708,-9.780005190443081,-9.792529118927982,-10.032954480955079
ZNF738,-10.281453335993465,-10.343430619426353,-10.244943434906293
ZNF493,-10.41237671255428,-10.392317174369529,-10.389839535055218
ENSG00000268119,-11.373450242210989,-11.461474965473982,-10.961972460390372
ZNF429,-10.203845237451702,-10.49402756196169,-10.44440149297611
ZNF100,-10.805406188878239,-10.953091689499438,-11.174876261412159
ZNF43,-9.970119276209221,-10.002699791314322,-10.079757690372064
ZNF730,-10.873792988089608,-10.984954952847762,-11.318253338150651
ZNF724,-11.484538542596004,-11.773848845526649,-11.904110398941064
ENSG00000284428,-11.157691513249802,-11.139839119276832,-11.35368605892424
ZNF91,-9.119947539305821,-9.000402001849594,-9.175542167412134
ZNF675,-10.72986201713455,-10.908989365361963,-11.026118870375436
ZNF681,-11.541149879125319,-11.574891117756115,-11.535156792903019
RPSA2,-9.4953786191151,-9.51040836326416,-9.723016320314317
ENSG00000268362,-11.429920041912112,-11.343181356290332,-11.729152678290497
ZNF254,-9.671526686004086,-9.31145145704373,-9.462854426809294
LINC00662,-10.62036864021221,-9.947848515113025,-9.845018281142004
LINC02987,-11.695118091773276,-11.089957382601366,-11.240077455474045
UQCRFS1,-8.791538535214002,-8.850308570033482,-8.742815534385842
POP4,-11.017885413587384,-11.021575759526396,-11.016181824319995
C19orf12,-10.561727271274968,-10.444625293581657,-10.553366578764622
CCNE1,-11.819960550256035,-11.951057357929677,-11.98867303392403
URI1,-8.83561047762069,-8.9117486972715,-8.866165193545648
TSHZ3,-11.867795880725224,-12.224697452046984,-12.067067097127358
ZNF507,-10.054724250583307,-10.143361905977146,-10.21075513221989
DPY19L3,-9.84341514092774,-9.762161489967372,-9.920680119500405
PDCD5,-8.781906424369602,-9.016005627600455,-8.88961224898127
ANKRD27,-11.262278622577181,-11.178149268037487,-11.241728390871927
NUDT19,-12.42354106527953,-12.223483778759656,-12.173357992667398
CEP89,-10.486133114133896,-10.577796494835304,-10.554693394852094
RHPN2,-11.329959891632766,-11.28588210823648,-11.405096575589747
GPATCH1,-10.806730647085415,-10.787427323767131,-11.094163182472366
CEBPG,-10.080230765748988,-10.056661846503376,-9.99254199497401
PEPD,-10.315280781442928,-10.441463796545799,-10.602412068665426
KCTD15,-11.101315336490538,-10.982294123464916,-11.110582167670913
LSM14A,-8.65017962878619,-8.658566681591667,-8.791809839089366
GARRE1,-9.958941803139545,-9.883605946899415,-10.067530592572199
GPI,-8.68133666241664,-8.872502822018637,-8.52133341425865
PDCD2L,-11.225356072511886,-11.373403299156374,-11.318136508481581
UBA2,-9.1663500641943,-9.314922068534427,-9.300045585317072
WTIP,-10.960257712066232,-10.95042918388306,-11.293646131453212
SCGB2B2,-10.610112156966462,-10.811189344593709,-10.760270744844352
ZNF302,-9.545571512319231,-9.587476994623533,-9.561502292089433
ENSG00000274104,-13.011094134828095,-13.137055330413414,-13.054419499630525
ZNF181,-10.807123657618991,-10.883015144638417,-10.998716085036653
ZNF599,-11.948764277486056,-11.997065266385974,-12.178620480869089
ZNF30,-11.857771582050397,-11.689809899129136,-11.630369212510313
GRAMD1A,-10.61537507657674,-10.621672859850573,-10.627937441750545
HPN,-11.723784226270782,-11.942564195347734,-11.369786778543212
LGI4,-12.227542921293772,-11.800081992018189,-11.74192336744937
FXYD1,-10.414890782455055,-9.822221855518935,-10.106622592413286
FXYD5,-12.841498513279529,-12.431046834446802,-12.363159668217428
LSR,-10.814981131195765,-10.865402586041053,-10.858351215024525
USF2,-10.278096251779353,-10.43064135654453,-10.305808577342734
HAMP,-12.901610153471436,-13.194790344971496,-11.493969196636172
DMKN,-9.471835665647609,-9.828008223429435,-9.440910106037766
TMEM147-AS1,-11.65648729246116,-11.551577181430812,-11.45192517299351
TMEM147,-9.662758939260662,-9.726499025777441,-9.623282276749741
HAUS5,-11.86410143189027,-12.349755550388561,-12.209164199956122
RBM42,-10.16584650472328,-10.333487136472522,-10.279949771394469
COX6B1,-8.049551559917814,-8.202054525214013,-8.025124357337354
KMT2B,-10.716534151318921,-10.617676921050052,-10.922134273496816
U2AF1L4,-11.650212106523664,-11.993702647113965,-11.658282976929103
PSENEN,-10.005463240412638,-9.96494167165092,-9.996501829450226
LIN37,-12.257483180784716,-12.191449524461241,-12.27558158292751
PROSER3,-11.899153989601428,-11.811776684613012,-12.239915943206412
APLP1,-11.468075517428815,-11.712101071847197,-11.737261954385454
LRFN3,-12.880241824083354,-12.751175922661439,-12.958078237154893
SDHAF1,-11.583072010116682,-11.579486197617866,-11.619049090436786
ALKBH6,-12.059008363319505,-11.930893080048666,-12.145239134711725
CLIP3,-11.748273541407045,-11.571113649657418,-11.902595552937305
THAP8,-12.052481170565164,-12.083649182409433,-12.245955359246818
WDR62,-12.510069218195998,-13.12111376847426,-13.097095976169614
POLR2I,-9.78482759212633,-9.944541715776566,-9.873730969912819
TBCB,-9.660305593776972,-9.731750196334401,-9.748340008191983
CAPNS1,-9.71124528222668,-9.75529350642712,-9.819024529322734
ZNF565,-11.24295576062371,-11.330000295971251,-11.36046903286405
ZNF146,-9.32609930339843,-9.396565636668317,-9.4392792762263
ENSG00000267053,-12.645666181705264,-12.67547518409995,-13.07322914578452
LINC00665,-9.805661402134323,-10.09952129063896,-9.888210930488802
ZFP14,-10.405025144160815,-10.327356717478807,-10.494458884018584
ZFP82,-10.635785995928737,-10.87314424500212,-10.800431743266927
ZNF566,-10.825691747416007,-10.767579681232831,-10.889767803159804
ZNF260,-10.541876327614055,-10.454540482906099,-10.47697847403921
ZNF529,-10.362545438965327,-10.250155665463263,-10.394361288769616
ZNF529-AS1,-11.154151322387301,-11.196240615754833,-11.206201059667544
ZNF382,-10.95392932184555,-10.763267035761746,-10.839577767225087
ZNF461,-11.710282179572086,-11.535271477975689,-11.675211257175556
ZNF567-DT,-13.029717590689875,-13.078976914024896,-13.114302572533594
ZNF567,-10.90460748010112,-10.954758460766692,-10.996936670838439
ZNF850,-10.87264376649894,-10.840776350534954,-10.883386985587913
ZNF790-AS1,-12.050125065817904,-11.019607790853966,-11.00557942067849
ZNF790,-11.015769085679132,-10.914384902551216,-10.978902993649529
ZNF345,-10.23712887408638,-10.25838734302247,-10.446165859670257
ZNF568,-11.204062524394724,-10.6606801519229,-10.66537549534775
ZNF420,-11.183879821616387,-11.131838088823159,-11.216221140979558
ZNF585A,-10.75377951688662,-10.684221438741138,-10.695005442975726
ZNF585B,-11.70106445112946,-10.929833446994342,-11.285961976617815
ZNF383,-11.629377418582711,-11.371416492029521,-11.727289285212278
ZNF875,-10.283219196975027,-10.213248380081627,-10.397581760217255
ZNF527,-12.100917988765604,-12.130417980449803,-12.251019924932589
ZNF569,-10.718338951064936,-10.832238625975023,-10.88383089888411
ZNF570,-11.472474147007318,-11.647294903146873,-11.584791305179795
ZNF793-AS1,-11.937955976992646,-11.730414009646523,-12.591951190051155
ZNF793,-10.438884675758045,-10.46768184616189,-10.607353392290747
ZNF571-AS1,-12.907028136254079,-13.024800224792841,-13.137828129697787
ZNF540,-12.676796496685338,-12.686993247298714,-12.721021145252754
ZNF571,-11.420458269297752,-11.425336689293646,-11.468690830975586
ZFP30,-10.240296435714765,-10.10314909595366,-10.466693026929612
ZNF781,-12.024622570224597,-11.903678327958499,-12.266870191355418
ZNF607,-11.622695718883401,-11.585203427685066,-11.590180375482634
ZNF573,-11.295510723679044,-11.299576665803256,-11.27558564633184
SIPA1L3,-9.921841852480998,-9.847079357237192,-10.112572586386603
DPF1,-12.873449618080313,-13.085530969482372,-13.025688180441659
SPINT2,-8.63893269509371,-8.81370350819806,-8.647574878260773
PPP1R14A,-10.60136522644538,-11.054597603898369,-10.25127008204662
YIF1B,-11.250804665440569,-11.365201208702125,-11.38742104458848
CATSPERG,-11.825092606505638,-11.695947791542956,-12.123981246992631
PSMD8,-9.00481400537893,-9.115709433232775,-9.04206549079201
FAM98C,-12.193429442281984,-12.014271026512048,-12.192378680358226
RYR1,-12.52968102341744,-12.758317009922926,-12.40098874949203
EIF3K,-8.417185113220667,-8.613346873388068,-8.469184310015619
ACTN4,-8.833711783403183,-8.759946055472513,-9.141901741121943
ECH1,-9.069514757892259,-9.09044737618528,-9.187034563825616
HNRNPL,-9.067649989563337,-9.14713368347343,-9.195804519904767
RINL,-13.089077898667709,-12.920902606260826,-12.502100254857876
SIRT2,-11.66355654516486,-11.587260615176707,-11.577674397419177
NFKBIB,-11.699484002701368,-11.55834153714842,-11.822759593895684
SARS2,-11.521840434997117,-11.740045821077524,-11.983833354881702
MRPS12,-10.521792296426046,-10.557598223232167,-10.464615111428184
FBXO17,-10.35172495094633,-10.252295351006566,-10.281864521485707
FBXO27,-12.156218897029362,-12.213623824017043,-12.041937972031572
PAK4,-11.0051738154522,-11.11052376995703,-11.21079753062089
NCCRP1,-12.823675200617188,-12.816014885388604,-12.25024635092263
LRFN1,-12.613732523031503,-12.426780172619077,-12.565270653547906
SAMD4B,-9.731511909663647,-9.690609701043014,-9.985134718288043
PAF1,-10.259306091514413,-10.277296904431726,-10.410729896530285
MED29,-10.47129461014286,-10.4616997989029,-10.42808797944666
ZFP36,-11.645742411827266,-11.31381365873733,-11.750491755645209
PLEKHG2,-11.075833339822472,-11.051998046367363,-11.38862918957398
RPS16,-6.778313675605752,-6.842344625587037,-6.790470127410947
SUPT5H,-9.607507044777185,-9.676400695896145,-9.777422884319895
TIMM50,-10.720534323449439,-10.791528635035398,-10.799471388687861
DLL3,-11.991523859670693,-11.464630821802189,-11.850323600126467
EID2B,-11.471687588779982,-11.470471482080713,-11.549568317447203
EID2,-10.054558635501834,-9.99199729865316,-10.033665156749278
DYRK1B,-11.553236561037208,-11.588281626153732,-12.008178402046894
FBL,-9.443654261011892,-9.712397478365107,-9.401139859866998
PSMC4,-9.810370412855653,-9.90678253697263,-10.042382820022356
ZNF546,-11.722654796705847,-11.7240384252222,-11.740962187970837
ZNF780B,-9.788130640165882,-9.795318632310217,-9.829784816374177
ZNF780A,-11.427681496576593,-11.434595506751505,-11.40769421740302
MAP3K10,-12.124123559166783,-12.127461146404736,-12.015582970703143
AKT2,-10.599607653573957,-10.562938787994137,-10.694437008795095
C19orf47,-12.418540395577146,-12.280745721930012,-12.62308002043624
PLD3,-8.754347407829385,-8.787011553355176,-9.085469576059712
SERTAD1,-11.620140352665485,-11.423578717128523,-11.631371418811607
SERTAD3,-10.551909560886374,-10.229027007984863,-10.657011335178366
BLVRB,-10.808227100496246,-10.754158881124832,-10.368952234253062
SHKBP1,-11.928920319910528,-11.821348892836385,-12.011439317539049
LTBP4,-11.072303059516477,-10.963611716950938,-10.981445587607487
NUMBL,-12.370374992542386,-12.571564908768732,-12.71203906725577
COQ8B,-11.0560217200746,-10.952843681277262,-11.30207581230927
ITPKC,-11.771672581181086,-11.945756314338329,-12.071488469987084
ACTMAP,-11.950470788030273,-12.242426113816123,-12.21699274729136
SNRPA,-10.184473669071627,-10.408820624102436,-10.251110838703067
RAB4B,-11.957253550256524,-11.749248160331932,-11.911337251312828
EGLN2,-11.065222587545634,-11.062284090103155,-11.11600617627923
AXL,-10.85940129484569,-10.93662933036124,-11.079595220958048
HNRNPUL1,-9.1604943911921,-9.360205047726195,-9.363980674249728
TGFB1,-11.491049962433477,-11.570169068963219,-11.665658431666023
CCDC97,-11.236237912121338,-11.274729396241263,-11.332247659548505
TMEM91,-10.901362060162212,-10.694016597220783,-10.841206526425749
B9D2,-12.77075755894527,-12.77495236832407,-12.938949966684394
EXOSC5,-10.990464641010181,-11.335165307162857,-11.207028069145816
BCKDHA,-10.733280026489428,-11.005463807190694,-10.758055504989317
DMAC2,-10.21696106981723,-10.568202785165004,-10.686033157171728
RPS19,-6.526502009503176,-6.844534856748742,-6.722192097100348
ARHGEF1,-11.300692630658114,-11.334115456080436,-11.6277966651785
RABAC1,-9.489589800052546,-9.370605667781481,-9.430253458760296
ATP1A3,-11.986168179576323,-12.844664576941518,-11.822366359015986
GRIK5,-12.494877420167702,-12.468839739552692,-12.438430071488652
ZNF574,-12.5176971065934,-12.595727446055388,-12.48686427821665
DEDD2,-11.67159496597614,-11.92824589632846,-11.695187065499747
ZNF526,-12.934032082525665,-12.909519818112852,-12.975603013809101
GSK3A,-11.293913016063726,-11.357830625414504,-11.465565517724928
ERF,-10.982846988609461,-11.1437476658832,-11.156569329183553
CIC,-11.682947636961453,-11.64466111779766,-11.88795053746756
PAFAH1B3,-10.031158514681984,-10.209179495715842,-10.119083651436235
MEGF8,-10.615284265724872,-10.68118065825166,-10.899466852199971
LIPE-AS1,-10.525089525075943,-10.614979800069317,-10.41026415396995
LIPE,-12.637482515674748,-12.50649170292247,-12.464314485478734
PHLDB3,-11.712782089758319,-11.917236307869093,-11.97632152808249
ETHE1,-10.943335108089364,-11.069973920130266,-10.917902380644078
XRCC1,-10.56958040926709,-10.535789903406641,-10.319051444574075
PINLYP,-12.579321405025414,-13.067436977918488,-12.180223630328088
IRGQ,-11.2555796726642,-11.22949858755081,-11.574746308147864
ZNF576,-11.710823654638226,-11.80851907851005,-11.98620763962683
ZNF428,-9.383812838844083,-9.390771470846033,-9.438924230684604
CADM4,-11.456357071781566,-11.478587429461847,-11.616330276086378
SMG9,-11.549713639609006,-11.523152402775251,-11.601871863871201
ZNF404,-12.99561024361929,-12.64769753374281,-12.490563594220928
ZNF45-AS1,-12.6148004826232,-12.793552385548955,-12.371337733219455
ZNF45,-11.7109713896504,-11.67681007018318,-11.744298416877989
ZNF221,-12.634750133478365,-12.613937845113536,-12.56264094770707
ZNF155,-10.69003494980365,-10.508349703354094,-10.641042180422799
ZNF230,-12.94456360981919,-12.945352790801579,-13.0088470619966
ZNF222,-12.613974856064841,-12.511094208503767,-12.55124255608675
ZNF223,-11.805608036366598,-11.777725224562582,-11.94579643299824
ZNF284,-12.77437208723151,-12.88738098845347,-12.925548711319939
ZNF224,-11.456273342225689,-11.469667705277425,-11.43397003689656
ZNF225,-12.524802782624684,-12.321089544058193,-12.438555111240163
ENSG00000289428,-12.820989381072655,-12.91508229424821,-13.132684385838546
ZNF234,-11.195030783866596,-11.18429141903117,-11.223743328796743
ZNF226,-10.673874913204159,-10.613024597292203,-10.739588738259982
ZNF227,-11.313665258306724,-11.260265309246034,-11.427157576333784
ZNF235,-9.95399496931213,-9.89410301168641,-10.103907630736067
ZNF233,-12.396060156449387,-13.042999555419362,-12.780745803701107
ZNF112,-11.225546022306725,-11.15599324698793,-11.279043374863955
ZNF285,-12.652449333894056,-12.44718315928076,-12.619005715358414
ZNF180,-11.152734786881805,-11.383323876184988,-11.473592891211501
CEACAM16-AS1,-12.59035156786821,-12.327523913730328,-12.284121291622945
PVR,-11.222493836188391,-11.191631496796319,-11.332063482155524
CEACAM19,-12.421420441140883,-12.277259913742773,-12.276377387054577
BCL3,-12.690198686267403,-13.106172121039888,-12.681053105712031
BCAM,-10.44650150571416,-10.297358926986986,-10.84269222581075
NECTIN2,-9.723687393394407,-9.624975387718758,-9.971794916868419
TOMM40,-10.111203458395249,-10.32963756132249,-10.264542841128074
APOE,-8.94289016243621,-8.640492309223077,-8.415586783503002
APOC1,-11.905080096477858,-11.867159525144947,-11.24338982777157
CLPTM1,-10.74635809037539,-10.643802840434775,-10.882493792080265
CLASRP,-10.583893874838521,-10.653598412779473,-10.625973403673525
GEMIN7-AS1,-12.271875903765595,-11.857802119592222,-12.027575265489713
GEMIN7,-11.147679291468853,-11.267031748048955,-11.243387273036834
MARK4,-9.902738336792309,-9.96284896182598,-10.080169687191987
PPP1R37,-12.100624592484724,-12.25046451373734,-12.276266640134512
TRAPPC6A,-10.035703573684362,-10.170893114385189,-10.14236334811618
CKM,-9.592359252388173,-9.679207554163135,-8.921054031139098
ERCC2,-11.254398715203939,-11.429852424861146,-11.40074059491627
PPP1R13L,-11.540217547314587,-11.714713853215523,-11.172579025954258
POLR1G,-11.11533786366208,-11.34663977411388,-11.351419012136711
ERCC1,-9.913479646582992,-9.984870618698505,-10.092722770197922
FOSB,-12.683980557821075,-12.45589845899937,-12.939063992418154
RTN2,-10.674999131268796,-10.439118818298212,-11.03221153131338
VASP,-9.964702792118551,-10.064457348463872,-10.135068124994726
OPA3,-10.595921309959946,-10.652883912922677,-10.763075450730707
EML2,-11.585241402350356,-11.533861163784781,-11.535985556683595
GIPR,-12.086570992031048,-12.047024256130515,-11.896626847202056
SNRPD2,-8.458798390653378,-8.510318809096736,-8.505996681014235
QPCTL,-11.971873328107185,-12.014641262632756,-12.278122383230654
FBXO46,-10.796712280178738,-10.880753684019899,-10.93321551731295
SIX5,-11.59323894606112,-11.501979940197824,-11.641763359610888
ENSG00000259605,-12.01447474763034,-12.147744842212242,-12.137950444484089
DMPK,-10.955242302263553,-10.996810207190677,-11.426222947498356
DMWD,-10.97111519150293,-10.951489617048765,-11.424396004033236
SYMPK,-10.307886838053182,-10.398039047587242,-10.359506699690236
IRF2BP1,-12.360112169536526,-12.289144667369621,-12.233719129259903
MYPOP,-12.187323558719578,-12.010856952599838,-12.477759204672019
HIF3A,-9.49901107926881,-9.55295953986881,-9.7999309011909
PPP5C,-10.058253418315715,-10.261123336467552,-10.249434147920216
CCDC8,-10.438938194851183,-10.592387630441682,-10.577838639091281
PNMA8A,-10.825634190365326,-11.0103743245637,-10.776561017667076
PPP5D1P,-11.986834891697685,-11.896519340699841,-12.079427796371974
CALM3,-8.913038778127893,-8.915730952729458,-8.8927365481279
GNG8,-12.876446031214085,-13.251038278060655,-12.974944817775917
DACT3,-10.156852613440577,-10.268056710772134,-10.315370071986838
DACT3-AS1,-11.14203571851722,-11.28639160815046,-11.792417779625339
PRKD2,-11.74313092368953,-11.671356956768383,-11.676611135371584
STRN4,-10.865185249780351,-11.062711743951702,-11.237639861722469
FKRP,-11.418167720806014,-11.086259851123488,-11.622042455481262
SLC1A5,-11.18645185080697,-11.173784564892186,-11.291019972312768
AP2S1,-9.542456095021986,-9.657530500000137,-9.695683831530166
ARHGAP35,-9.180725672941982,-9.17492758429411,-9.440737250605984
NPAS1,-12.915078937374306,-12.742208830415732,-12.631260676809225
TMEM160,-10.485331089682376,-10.503775382837922,-10.532890255712186
ZC3H4,-10.62642824818807,-10.834199483692876,-10.870146502549424
SAE1,-9.502082052916302,-9.632009494366738,-9.736907263909584
BBC3,-11.744202342387636,-12.378806726857816,-12.318758871762935
CCDC9,-12.014751226307588,-12.094725198389254,-12.079996892603031
INAFM1,-12.94533981286931,-12.969130369436138,-12.839063304327178
DHX34,-11.707052288519531,-11.64127802948951,-11.851464406414314
ENSG00000288827,-11.506570108131243,-11.530668128144303,-11.512718377187909
MEIS3,-10.972421057872893,-10.699905834214354,-10.804516500678846
KPTN,-12.28087908545407,-12.071501701767808,-12.37867434764187
NAPA-AS1,-12.812071466956965,-12.825853194919416,-12.879423210181002
NAPA,-10.334369996831445,-10.42722090391351,-10.47904566791638
BICRA,-12.497971692255245,-12.582140963988339,-12.695851627899659
NOP53,-9.135757764537255,-9.120404704847907,-9.253017427921293
SELENOW,-7.2540028798200495,-7.239562679468695,-7.342120952886858
SULT2A1,-13.256649861732832,-13.234325366685487,-12.86094856170837
PLA2G4C,-12.567850732644924,-11.923842023650762,-12.91056523898614
LIG1,-10.696134311832177,-11.150662798589964,-11.023787180059506
ZSWIM9,-11.354954530489515,-11.460539936550019,-11.667142849217626
CARD8,-10.57431014008716,-10.700839291612015,-10.794725009294622
ZNF114,-12.633305550859166,-12.771608430300615,-12.718521481947786
EMP3,-10.47550670115464,-10.089079787111876,-10.406639632810432
TMEM143,-12.156331146833711,-12.334017770225264,-12.247776476984727
KDELR1,-8.159473004761404,-8.20474997712874,-8.240263777434507
GRWD1,-11.44846140119343,-11.571895232836013,-11.554068844582366
CYTH2,-10.747882004809531,-10.73801041954182,-11.002378382552704
RPL18,-6.609131187825932,-6.83209689026197,-6.671938096129378
SPHK2,-12.477148266171312,-12.556662716952887,-12.82203986973964
DBP,-12.329482443642675,-12.502209136580431,-12.275362510986843
CA11,-12.122828408944386,-12.063448055801196,-12.009478165751101
MAMSTR,-13.066900779338757,-12.843591867975961,-13.019579274526421
BCAT2,-10.230571134878605,-10.493383418228447,-10.325446265033461
HSD17B14,-12.330451190667931,-12.262363863656736,-12.35227207937406
PLEKHA4,-11.876716579406718,-11.809304331755108,-11.493810124018601
PPP1R15A,-10.491940256230436,-10.214197884971528,-10.46643204635221
NUCB1,-10.208693572682325,-10.259390746900696,-10.184576699575452
DHDH,-12.960652129800959,-13.132981159824912,-12.887167901508347
BAX,-9.59166339122921,-9.909727135663031,-9.905989150473689
FTL,-7.955648202552334,-8.0573037651619,-7.8613037174787435
GYS1,-10.49982721488579,-10.65580876996643,-10.495561865303712
RUVBL2,-10.633439788490263,-10.830664298662873,-10.82693433978194
NTF4,-12.546478628817422,-12.476233842029274,-12.840730132615342
SNRNP70,-9.159236840149516,-9.22963285220905,-9.336739281183048
LIN7B,-11.587720914942857,-11.742932800347662,-11.59555402240134
PPFIA3,-12.01474032210744,-11.968285601692472,-12.095803599478312
HRC,-9.431023657256251,-9.186014506991093,-9.633193861809168
TRPM4,-11.399615064703804,-10.996121708153856,-11.629567669053873
SLC6A16,-11.056063528096063,-11.672539826897877,-11.54423713540046
TEAD2,-10.538168637318359,-10.49775026232439,-10.649525394034935
DKKL1,-12.567991446048431,-12.940746782764508,-12.67544694100536
PIH1D1,-10.063316928373863,-10.282981716159888,-10.16330472894305
ALDH16A1,-12.094342340418141,-12.089175500868103,-12.282695976609428
RPL13A,-6.089569652219723,-6.270772053390959,-6.251431635064106
RPS11,-6.989157843813913,-7.231534383519219,-7.295613424597464
FCGRT,-11.751340290883281,-11.740132851971836,-11.88121409046431
NOSIP,-10.077434942544494,-10.180400628325623,-10.172138319423222
PRR12,-10.687312220681063,-10.653370724788095,-10.854727442813354
RRAS,-11.405216446477379,-11.223220081914105,-11.419371901966878
SCAF1,-11.381706818700422,-11.418707277968755,-11.656554625597417
IRF3,-11.096164320262314,-11.151011483882566,-11.25018655582289
BCL2L12,-10.506360941885992,-10.622682638347685,-10.602855633738901
PRMT1,-8.677581117443992,-8.81627435910233,-8.788060194548864
CPT1C,-12.451324647591537,-11.895018451411048,-12.073069198421368
AP2A1,-10.42758944735771,-10.524397631002739,-10.52390817937256
FUZ,-11.67554674065246,-11.877547217182117,-11.914120406289678
MED25,-10.953136487034683,-11.116288222035097,-11.106528193794627
PTOV1-AS1,-11.964438863023934,-11.904411559247151,-12.224020126583524
PTOV1,-9.2399678099697,-9.303864346515882,-9.353392475494616
PNKP,-10.992639332097088,-11.055022324872462,-11.137446751377968
AKT1S1,-11.422531509591213,-11.581331105658174,-11.72401713412667
TBC1D17,-11.730662471423441,-11.812287334385855,-12.000047079746677
NUP62,-10.548328063223751,-10.686728507108295,-10.755032538675403
ATF5,-11.790004619826915,-11.459442688637576,-11.457879381810052
VRK3,-11.082612549912268,-11.005925163365742,-11.057120082485401
ZNF473,-12.291971325738407,-12.410792616161421,-12.60294744506646
MYH14,-13.108401006202323,-12.55735432648692,-12.69846320992475
KCNC3,-11.941660511177389,-11.274056473566608,-11.722940673204317
NR1H2,-11.394053863596923,-11.253384483419827,-11.541545240774203
POLD1,-11.866512227013816,-12.314661745290497,-12.14531155666555
GARIN5A,-12.446730730106207,-12.698325684639354,-12.748678331244836
EMC10,-7.529992045133349,-7.62485829069781,-7.486415153631606
ENSG00000268518,-7.5059016328934804,-7.479422822025387,-7.131163465020754
ENSG00000289950,-8.69519679073479,-8.632782502061321,-8.38725177699844
JOSD2,-11.754819975891998,-11.697336210174772,-11.853290489858125
LRRC4B,-11.945306266118974,-11.752645620158438,-11.930789705372037
C19orf81,-11.493683466651602,-11.324639475649507,-11.30988059371166
CLEC11A,-10.97766434365248,-11.16086997030092,-10.87115404571031
CTU1,-12.05159073852796,-12.01306450447981,-12.158163216428875
VSIG10L,-12.835711634240107,-12.464399360166437,-12.760647147350227
ETFB,-8.741006781826215,-8.925315967397259,-8.699836697496918
ZNF175,-11.789610948220492,-11.591524043243668,-11.825526014272402
SPACA6,-11.474039720788628,-11.46160128610595,-11.731434100049979
ZNF577,-10.419512872447704,-10.196606268018062,-10.206256519004032
ZNF649,-10.773697068194853,-10.642986696107329,-10.790100165538286
ZNF613,-11.746572102506386,-11.59452409728486,-11.835663283906056
ZNF350-AS1,-12.856327658649345,-11.97379370689914,-12.632117894988996
ZNF350,-11.937818250921028,-12.009094240046801,-12.074881352827038
ZNF615,-11.806487729051753,-11.688723624016786,-11.880894393927496
ZNF614,-11.207815857763682,-11.144788253902826,-11.264439053863681
ZNF432,-11.205978573782783,-11.178494657324848,-11.280626393392179
ZNF841,-12.38999674081061,-12.154383379464663,-12.321680401037133
ZNF616,-11.331514663935645,-11.36436572728433,-11.624419453375486
ZNF836,-12.086154006353052,-12.049418133204803,-12.305041556664682
PPP2R1A,-8.982049858794268,-9.151195424527252,-8.996503423995197
ZNF766,-10.742693911252596,-10.69980846064041,-10.647655609325172
ZNF480,-10.268414545845985,-10.257878601182863,-10.347507672696267
ZNF610,-11.157510231019627,-11.478802731503809,-11.27080199832578
ZNF880,-11.599636687407717,-10.862521727036102,-11.110564566104625
ZNF528,-12.874956703633933,-12.557086772323878,-11.183056456098234
ZNF808,-10.759960097583388,-10.587729039503717,-10.768660405695785
ZNF701,-11.463558991493215,-11.269664734221553,-11.590947425392834
ZNF83,-9.708355547150392,-9.29116288403845,-9.83346518242687
ENSG00000290073,-12.100846607112773,-11.886116018597663,-12.21761208362959
ENSG00000269825,-12.075818104995408,-11.872433873526866,-12.48742880849654
ZNF611,-10.22451339342117,-9.778541012775618,-10.45304482044372
ZNF600,-11.93283604346717,-11.881107143618344,-12.333163858533258
ZNF28,-11.61866817759661,-11.38310477996769,-11.691347769094996
ZNF468,-12.046791956908535,-12.00986637000505,-12.638857191699632
ZNF320,-10.40663790624367,-10.412785863553886,-10.599844596693414
ZNF888,-12.490401895499105,-12.328243271431338,-12.69589927650624
ZNF816,-12.210639202650674,-12.19179311242982,-12.322452503769883
ZNF160,-9.667518719014012,-9.609554501913074,-9.77688422911707
ZNF415,-11.38860093813254,-11.229596489771017,-11.13941705719304
ZNF347,-11.704667419536607,-11.52883439353091,-11.704998792298085
ZNF665,-12.561552644220457,-12.458234839816532,-12.757039903070662
ENSG00000291131,-12.436257546390804,-12.762952357060621,-12.900485944681234
ZNF845,-12.24483548887516,-12.305393438174866,-12.317381101447852
ZNF525,-11.734200886249553,-11.687396406789663,-11.961019080124725
ZNF765,-11.049287527865085,-10.607021935416094,-11.49000229508277
ZNF761,-10.549356155842105,-10.377418897803606,-10.688781438855637
ZNF813,-11.21772864028756,-10.917075127286664,-11.417740226945297
ZNF331,-11.094014669111278,-11.071790906126605,-10.989233580271494
MYADM-AS1,-12.110834443947232,-12.353786924709292,-12.838503045627908
MYADM,-9.78569493381692,-9.600352441618853,-10.005246271650467
PRKCG,-12.861587296460211,-12.763788958441703,-12.46179944814718
CACNG8,-12.084206718334427,-11.929764165985091,-11.751030105955783
CACNG6,-11.85196387403676,-11.794279606750813,-11.55399534728337
NDUFA3,-9.662221702996263,-9.374820014962035,-9.571419251573111
TFPT,-11.528790629531633,-11.535924646287134,-11.565666491700654
PRPF31,-10.25867171253892,-10.502860540870676,-10.477400646890345
CNOT3,-10.642175278541961,-10.691795966454196,-10.786504586529789
LENG1,-11.69695337193756,-11.691230402829925,-11.742867169223876
MBOAT7,-11.011842356891577,-10.976666775631811,-11.032221565351396
TSEN34,-10.130210948218268,-10.070499354498057,-10.004301051001288
RPS9,-6.999898049434329,-7.214969144445109,-7.134100091301537
LENG8-AS1,-11.8152481076532,-11.755762312138893,-11.891787951735687
LENG8,-10.86644267528813,-10.735939441360348,-11.000093987424572
CDC42EP5,-11.988691846284246,-10.978157406451096,-11.052520233791052
RDH13,-11.674416195465515,-11.809550152699234,-11.34140386334429
PPP1R12C,-11.563071228978753,-11.479314033160431,-11.597918082694713
TNNT1,-12.386382441591268,-11.66914562575791,-11.455743276470654
TNNI3,-11.406620064724937,-9.772345788140134,-9.24166872322411
PPP6R1,-10.845413371436555,-10.90750790771138,-11.024183874529133
HSPBP1,-10.907412564181772,-11.028364221832174,-11.04358202717423
BRSK1,-12.163119122527878,-12.07499366721572,-12.176796463241695
KMT5C,-11.64384977417438,-11.572416625647369,-11.718819503676182
RPL28,-6.8512516432819925,-7.032119285165633,-7.005210876778763
UBE2S,-9.669456555804635,-9.855607863192615,-9.910853331169635
ISOC2,-10.5046619511857,-10.50344497346923,-10.501248590303188
NAT14,-10.423238531528254,-10.56025566370125,-10.531352691948916
ZNF579,-12.00649892628411,-11.990085970664344,-12.192364041719609
FIZ1,-11.872568836087531,-11.946441984101604,-12.135445862900836
ZNF524,-12.620544342017723,-12.695065195135562,-12.614487438820664
ZNF865,-12.832735855866963,-12.851505768276638,-12.851208061973344
ZNF784,-13.027320908350541,-13.04375633479816,-13.026837177885831
ZNF580,-10.31189120456443,-10.413929569400356,-10.439138137434554
ZNF581,-11.051936475994857,-11.196845178172234,-11.21700923582333
CCDC106,-11.540202970604893,-11.636872507498508,-11.684621537410166
U2AF2,-10.427721455226628,-10.546824813589964,-10.642596418594755
EPN1,-10.527269983490688,-10.65261556998273,-10.74329636945415
ZNF787,-10.797909867431192,-10.815356375711941,-10.90661841307533
ZNF444,-11.262381960600054,-11.272282870315333,-11.442131370234845
ZSCAN5A,-10.399389692866265,-10.290881344396801,-10.581974890941376
ZNF542P,-10.378821633764387,-12.557031730998778,-11.048920335625267
ZNF582,-11.801185894519191,-11.847184984423707,-11.978468649618703
ZNF583,-11.372027576943767,-11.432671657830769,-11.24764794273686
ZFP28,-11.90109726707657,-11.967447018951997,-11.921060058747745
ZNF470-DT,-12.981524221707055,-13.018630194268756,-12.759193690375165
ZNF470,-11.194516614909144,-11.451256282602067,-11.298015127746263
ZNF71,-11.691405324136348,-11.686573721537734,-11.669027572806158
ZNF264,-11.226238180519235,-11.295521313135666,-11.311556207259851
ZNF805,-11.468357371928866,-11.403644134238386,-11.413510699835202
ZNF460-AS1,-12.985787670627179,-12.753690258363969,-12.886427966772667
ZNF460,-11.005637354866678,-10.908903393734578,-10.990440982240443
ENSG00000288899,-11.349613835056632,-11.354928634605177,-11.41247732785081
ENSG00000268205,-10.987654411278015,-10.800861185203184,-11.025260133977698
ZNF543,-12.091512197187738,-11.990016049861858,-12.064705780410899
ZNF304,-12.24261483859352,-12.174081250361075,-12.207717735262197
ZNF547,-12.766043544265115,-13.114155628217198,-13.079771645515917
TRAPPC2B,-11.293510428970333,-11.43615645447888,-11.470808025395016
ZNF548,-11.673523171762284,-11.6624125593018,-11.836637954119364
ZNF17,-12.116922744133472,-12.300042290609055,-12.340075036906885
ZNF749,-11.859510838147873,-11.927037487274283,-11.87849562277884
ZNF772,-11.725513143793314,-12.026906007523232,-11.987291656661856
ZNF419,-11.940818009675885,-11.886606269130013,-12.241501789520987
ZNF773,-11.854514797907388,-11.920646504792321,-12.12208667425571
ZNF549,-11.287130311831143,-11.13217824240243,-11.302244862554153
ZNF550,-11.669353722548331,-11.93494239859211,-11.938040708115912
ZNF416,-12.65469408403681,-12.667158849579751,-12.68450571372564
ZIK1,-11.804821787385704,-12.006877058585061,-11.922625629118897
ZNF530,-12.460899837369771,-12.652820656413663,-12.302528447373223
ZNF134,-10.982245080118263,-10.840206825942875,-11.028637252482467
ZNF211,-11.486507540258403,-11.530995411853574,-11.642262015254598
ZNF551,-11.181403358775913,-11.295844311027704,-11.26684529058554
ZNF154,-11.694292641182601,-10.95566604866456,-11.238194897599884
ZNF776,-11.05332695538573,-10.968079998589207,-11.199370190622219
ZNF586,-10.366226966647503,-10.35729897225315,-10.427227819922471
ZNF552,-11.695155862039547,-11.723363455645279,-11.953345742099398
ZNF587B,-10.414853231112279,-10.547206359674693,-10.608811012300384
ZNF814,-10.17429182247523,-10.161999524456945,-10.368275330261751
ZNF587,-10.87555390622526,-10.971987350893745,-11.178802531207435
ZNF417,-11.52874117288678,-11.6148189569335,-11.769340160467582
ZNF418,-11.892864703229442,-11.778389371104074,-11.965166584234968
ZNF256,-12.349248014238727,-12.37978980387785,-12.220413809575016
C19orf18,-12.332990198737038,-12.104397731696318,-12.237684058239159
ZNF606,-10.825537659643029,-10.800937360132972,-10.74925496704448
ENSG00000176593,-10.482534256694889,-10.495625860538425,-10.57745084708798
ZNF135,-11.561066450994662,-11.491860913539512,-11.650777786805717
ZSCAN18,-11.021168376370769,-10.854089315217228,-11.047556240493668
ZNF329,-11.55690065334585,-11.291550327878896,-11.391946535162873
ZNF274,-11.000312926933711,-10.81005960763802,-11.013436977946563
ZNF544,-9.79338031437848,-9.863830524879974,-9.718270823867625
ZNF8-DT,-11.53133560017803,-11.828010406597704,-11.863423631694088
ZNF8,-10.822520138807166,-10.830493211790195,-10.910967381047428
ERVK3-1,-10.129201087442421,-10.299766247513674,-10.296686373940004
ENSG00000283103,-10.65033511088342,-10.686945844527415,-10.58924316949505
A1BG,-11.518778944537278,-11.383963275209075,-11.723296523766543
A1BG-AS1,-12.02173815164402,-11.85746442586987,-12.124969394336985
ZNF497-AS1,-13.095089290735881,-12.80022318416368,-12.928542842807532
RPS5,-7.42400645370159,-7.624322915583973,-7.573515700885989
ZNF584,-11.810255571110204,-11.880860427229099,-12.070372042499807
ZNF324B,-13.011976704655105,-13.139193533341635,-13.037684847344446
ZNF324,-12.5489697803063,-12.481123257722333,-12.517675657109992
ZNF446,-12.138477102039369,-12.235811157301907,-12.484940094243138
SLC27A5,-11.642168905076659,-11.565260384372875,-11.425739244975322
ZBTB45,-12.001754442009874,-11.958101579550899,-12.039452865228704
TRIM28,-9.48993051816984,-9.65662355771603,-9.699116789534548
CHMP2A,-9.545994771357723,-9.63262467390032,-9.54792992458316
UBE2M,-9.815866123165254,-9.941796554466327,-9.821192500976135
MZF1-AS1,-12.337629680948112,-12.23960010802396,-12.461793892561424
MZF1,-11.201512613115854,-11.218462634474403,-11.503615125717785
C20orf96,-10.528514376030804,-10.766884300498829,-10.535513374523761
ZCCHC3,-10.785105980836285,-11.20681782183634,-10.920757824526046
NRSN2-AS1,-10.866252477710365,-11.204195941912245,-11.048365770242127
SOX12,-10.408099171434614,-10.581210210086718,-10.460320973640954
NRSN2,-11.102909370387561,-11.529238191433757,-11.215619113032735
RBCK1,-10.758639540449023,-11.071437571369223,-10.803959262328146
TBC1D20,-10.487032432309801,-10.78694742999158,-10.617281605823077
CSNK2A1,-8.874135156368782,-9.26966353577186,-9.0288158363437
SRXN1,-12.009237588527595,-12.286438116621092,-11.97153762836038
FAM110A,-12.459279368110023,-12.87918976187571,-12.180310742359113
RSPO4,-11.971761076536023,-12.27740789064172,-11.608979175989662
ENSG00000286787,-11.664883211305307,-11.959570117964786,-11.681169130151495
PSMF1,-9.854676771448705,-10.286947417775435,-9.900238607526816
SDCBP2-AS1,-11.126844298128553,-11.464304782619289,-11.093277453753513
FKBP1A,-9.470007109055521,-9.88269695171433,-9.551553952995485
NSFL1C,-9.839961380518952,-10.187253281012303,-9.846296644212414
ENSG00000276649,-11.967472994048954,-12.643647658080772,-11.732591229709408
SIRPA,-9.836631819729845,-10.578553355294826,-9.875302507424541
PDYN-AS1,-11.973702248890286,-12.651441927854728,-11.493720672244299
STK35,-10.98904071308487,-11.507824634671934,-11.14435113101877
SNRPB,-9.211913444498734,-9.821303257906985,-9.367588285917426
ZNF343,-11.765656933681557,-12.020020658283634,-11.852138283365406
NOP56,-9.255584169905031,-9.669196053006916,-9.312001106309335
IDH3B,-10.016380769182659,-10.486863459437123,-10.028754417264135
EBF4,-12.339689368015181,-12.63438972007623,-12.176483610254722
CPXM1,-10.603813389610455,-11.156309974707138,-11.022346956632006
PCED1A,-11.558849972184827,-11.884361871976296,-11.797706981224337
VPS16,-11.466705001325325,-11.808935297917078,-11.583736589721962
PTPRA,-8.932698313991997,-9.254099531026137,-9.03424036591803
MRPS26,-9.439461773263815,-9.855046662541822,-9.375269717730697
UBOX5,-12.132608588626626,-12.299388727134907,-12.318881598136977
FASTKD5,-11.45725594270845,-11.749016639897663,-11.399217506061923
LZTS3,-12.957965777618124,-12.750395343513823,-12.875000244166221
DDRGK1,-10.779389211142187,-11.067586872535598,-10.831894384201014
ITPA,-10.07962665636031,-10.57089853139833,-10.272737973844837
DNAAF9,-9.164547827916307,-9.414222304232796,-9.336353890211164
ATRN,-9.392581852374033,-9.679859731272147,-9.55319087665803
ADISSP,-11.107693567739611,-11.787907974260445,-11.056527565410464
CENPB,-11.809898391780976,-12.22197241530903,-12.026845806641505
CDC25B,-12.155384479987683,-12.663150326439036,-12.454011130925705
AP5S1,-12.013629432814207,-12.50534090118827,-12.154261243149506
MAVS,-10.531085149171872,-10.91312733051489,-10.609266705753562
PANK2-AS1,-11.846958233050781,-11.970107124830282,-12.041492338564428
PANK2,-10.107575987264578,-10.540263219348438,-10.258219856425253
RNF24,-9.932579326961033,-10.595999576732831,-9.947738748856752
SMOX,-13.010945645597529,-13.215874719029548,-12.597036480005787
PRNP,-9.3049519695389,-10.03510888962867,-9.262752023240187
SLC23A2,-10.616609687000398,-11.19242843133683,-10.754689084308124
TMEM230,-9.265138043611774,-9.629820387738706,-9.438466134166939
PCNA,-9.91365554388076,-10.830250792985476,-10.254239101589265
CDS2,-10.379022601577411,-10.734824869258931,-10.478668729418008
GPCPD1,-9.576601362995635,-9.877327244795143,-9.641059875028587
SHLD1,-10.926001084604374,-11.482623134924836,-11.080513197119188
TRMT6,-10.67283900030857,-10.999330295972387,-10.779784810648216
MCM8,-10.941296163697018,-11.497298634898971,-11.351965209492931
CRLS1,-9.033547571660058,-9.199363409240885,-9.141636578752966
LRRN4,-10.71062265168507,-10.912387547350182,-11.203571106924164
FERMT1,-9.74926656251389,-9.930857535819957,-10.216079167110003
BMP2,-9.173401726339742,-9.330057431837485,-8.834583322968832
TMX4,-9.13468572759698,-9.295857192033107,-9.1604933300042
PLCB1,-8.811679750484144,-8.925370760931639,-8.67309235943367
PLCB4,-7.958760423986763,-8.475470513146153,-8.237237253258721
ANKEF1,-12.012607956408292,-12.455172383111064,-11.891871215533312
SNAP25-AS1,-12.496111351421805,-12.362975696021111,-12.598019396266046
SNAP25,-10.69354480787387,-10.692751259940145,-10.963351891707417
MKKS,-10.803878376967633,-10.973821672117726,-10.735267790002396
SLX4IP,-9.798773140112582,-10.430811333649782,-9.94860721938131
JAG1,-9.407736859215921,-9.981035302098652,-9.371412540395253
ENSG00000270792,-10.83159356239931,-11.13194966776684,-10.981015321212857
BTBD3,-9.84268528181791,-10.091130615139475,-9.924031275785849
SPTLC3,-11.603761947237594,-12.324007605855034,-11.823595167089518
TASP1,-9.441482950971418,-9.862292197155925,-9.58815909892982
ESF1,-9.302182108876591,-9.685357455186224,-9.333791585679608
NDUFAF5,-10.123058064029728,-10.449182587411503,-10.12733397228963
MACROD2,-7.882720715519491,-8.262880347840756,-8.128932087835363
FLRT3,-11.101655821872468,-11.788240751318488,-11.588523910476525
KIF16B,-10.138947357610622,-10.253780066282534,-10.014107578693768
SNRPB2,-9.021444481339772,-9.43943833781753,-9.074230446662046
BFSP1,-12.244264710188446,-12.60749534712122,-12.29753901551913
DSTN,-7.374569774449793,-7.706109748471095,-7.447657902861646
RRBP1,-9.657362218282866,-9.985305214933847,-9.570975311334116
SNX5,-9.084810973986908,-9.661823783403408,-9.234508739827348
MGME1,-9.958269684484346,-10.674036373456506,-10.196225434292383
KAT14,-10.934831421636883,-11.427810844144501,-10.975913871339614
PET117,-12.313985988935217,-12.797692408372926,-11.973247572916218
ZNF133,-10.219882403313543,-10.58173583412477,-10.271734167170791
DZANK1,-11.13496864112429,-11.428807762848855,-11.19894162098823
POLR3F,-10.830119156022871,-11.314434439982128,-10.954190284766815
RBBP9,-11.00525724402287,-11.262848667571447,-11.059663573381142
SEC23B,-10.985496358387694,-11.255502097912041,-10.963471008495997
SMIM26,-9.498327112957904,-9.820656881442272,-9.536564927156721
DTD1,-9.653109685628182,-10.209729148874137,-9.769322354670045
SLC24A3,-11.033067359403288,-10.888332462523715,-10.539509064303893
RIN2,-9.065611587200264,-9.37733761099158,-9.386223982886257
NAA20,-9.56428497880336,-9.91318331500936,-9.66563479478521
CRNKL1,-10.064365187327033,-10.472380498807752,-10.138934363048318
RALGAPA2,-9.26617726031585,-9.7499868649844,-9.173127042329385
KIZ,-10.318681632270103,-10.802193284567263,-10.302681828345843
KIZ-AS1,-12.741414838041406,-13.104924837201658,-12.745185355686932
XRN2,-8.802623212089616,-9.272983666673168,-8.980136527352373
NXT1,-11.080138167090537,-11.47724847957833,-11.192352745587135
GZF1,-11.30847798083824,-11.543930310093176,-11.289971096938137
NAPB,-10.782717285726937,-10.964818204358156,-10.686613199685132
CST3,-9.547003841669603,-10.00613401972136,-9.54365646568653
SYNDIG1,-11.610477301672566,-11.465889715705886,-11.93847098323823
APMAP,-10.590566724729022,-10.88021124194534,-10.790780085462979
ENTPD6,-11.263347743727468,-11.421215530933026,-11.296399175169151
PYGB,-9.652298723413013,-9.803824817216418,-9.670319630771631
ABHD12,-9.852061484987585,-10.094640034135725,-9.771045006842213
GINS1,-10.939488040535135,-11.593779972389347,-11.181933217158031
NINL,-9.465002721543591,-9.700349988235676,-9.54959270016303
NANP,-12.133257167137916,-12.336646502961129,-12.163179374052467
ZNF337-AS1,-10.66859440130216,-10.935220785884528,-10.66125253945089
ZNF337,-10.675011469259779,-10.966689179308414,-10.679419993735156
ENSG00000226465,-11.81305172813521,-12.010664267131146,-12.012659584489656
ENSG00000291100,-9.313563461114583,-8.994907151227647,-9.450456400974783
HM13,-9.177802022846103,-9.491672685211137,-9.459320031109804
ID1,-8.792727903524566,-8.57364485715982,-9.003359978575512
BCL2L1,-10.392807648691704,-10.60718281189739,-10.73450999510166
TPX2,-9.246945878193694,-9.892507799400567,-10.139389723004962
DUSP15,-12.383059526647687,-12.477598146031358,-12.682757468751756
PDRG1,-10.443154474555884,-10.827115367437374,-11.007415853213647
TM9SF4,-9.46711462018047,-9.59726428012999,-9.968582334497869
PLAGL2,-10.171415549008485,-10.3556591770022,-10.693230536265492
POFUT1,-10.89365293656076,-11.133649095463104,-11.402399468792435
KIF3B,-9.893518881893879,-10.063765793775865,-10.54459454638227
ASXL1,-8.653699964987954,-8.86327842049511,-9.358312385208292
NOL4L,-10.187520919418716,-10.358317767386648,-10.63239226774513
COMMD7,-9.437247728804413,-9.453910962449674,-9.60986563380249
DNMT3B,-11.461906601322658,-11.528420022513277,-11.33007954106681
MAPRE1,-9.143786118405634,-9.14778308172412,-9.471518306498888
CDK5RAP1,-10.917205887501213,-10.681309063038707,-11.114485513065018
SNTA1,-9.20452986886387,-9.081248014311836,-9.244350769860437
CBFA2T2,-9.067191037581788,-8.933656285748139,-9.190705200012475
NECAB3,-10.991461050824741,-10.526105644963408,-11.394949317394719
E2F1,-12.0564879708272,-11.977126880160576,-12.91958226666939
PXMP4,-12.123008743977552,-11.890066318839631,-12.793875225327028
CHMP4B,-9.896252698622817,-9.68650925280488,-9.948187434046364
RALY,-9.397703016034153,-9.287887495303197,-9.619797724822291
EIF2S2,-8.616476644219523,-8.529125981527777,-8.70963624514024
ASIP,-12.04553684521086,-11.619787352865183,-12.395937409650598
ENSG00000250917,-10.75513276201728,-10.312912144263066,-10.906953821074612
AHCY,-9.567233473922235,-9.711151383768675,-9.964416864344797
ITCH,-8.990878886741323,-8.747118811820163,-9.183718633925483
DYNLRB1,-8.913473337136981,-8.752148561781608,-8.988040575392258
MAP1LC3A,-11.845889445417413,-11.454152845776116,-11.917064108840858
PIGU,-10.54758010151735,-10.39660575266616,-10.783100214313627
NCOA6,-9.461617884092512,-9.24026580807884,-9.574724347433765
TP53INP2,-12.704944991645144,-12.18910449784856,-12.736218299214514
ENSG00000286803,-12.613108630933338,-12.50890727559883,-12.745824690950545
GGT7,-10.494280597075479,-10.23866727395777,-10.590341443400034
ACSS2,-10.624412738872905,-10.264356867045251,-10.854244327958835
GSS,-10.74288121581504,-10.82171296720162,-10.80623299177822
MYH7B,-10.893072630802685,-10.590645747789058,-10.536973230342747
TRPC4AP,-9.055118257712767,-8.985080255066828,-9.223406758347748
EDEM2,-11.164468596606051,-10.970428345202725,-11.109045101643234
MMP24OS,-10.590221401383747,-10.30202652542526,-10.441482232647157
MMP24,-12.79972427778332,-12.389145465435645,-12.808014321283942
EIF6,-9.861935222864677,-9.672675414853193,-9.945711547793985
UQCC1,-10.035266894509522,-9.812864894368625,-10.064812127123819
CEP250,-10.588720081222622,-10.449856619769498,-10.619743119435348
ERGIC3,-9.368095524911398,-9.306140314726665,-9.59785075300675
CPNE1,-9.369136082877626,-9.067404796943885,-9.43748243220567
RBM12,-10.026192367062473,-9.975148528788575,-10.128775092339497
NFS1,-11.930717614425916,-11.785135927738652,-12.009571730635072
ROMO1,-9.323867214184956,-9.179167366283997,-9.321788361127998
RBM39,-8.03565972246527,-7.848019929720296,-8.22345226897987
PHF20,-9.473045889716888,-9.219678182695722,-9.545922554273796
SCAND1,-9.283071101208844,-9.218768336505358,-9.359667367480142
CNBD2,-12.667012971869061,-12.616254882145562,-12.707550999104653
NORAD,-8.448136764464222,-8.115162480673781,-8.616469156054672
EPB41L1,-10.509840941758275,-10.22432457136323,-10.344816210732017
AAR2,-10.9499559614177,-10.75577261240859,-10.993897462293958
DLGAP4,-9.953828906499785,-9.84079602779807,-10.111408617546328
DLGAP4-AS1,-11.02774258373112,-10.76178278712048,-11.206417202072537
MYL9,-7.485889177868464,-7.2197548066367,-7.686088344474469
TGIF2,-9.445402093831284,-9.411913679129462,-9.647600424332188
RAB5IF,-9.796785028470977,-9.599563052037775,-9.787666568421669
NDRG3,-10.413791432440506,-10.358965866502034,-10.449222026444387
DSN1,-11.400649381567145,-11.688690983107405,-11.724617383351786
SOGA1,-10.616343922355385,-10.489762813872343,-10.770566303627696
SAMHD1,-11.932654702724541,-11.576387154956738,-11.708542935899857
RBL1,-10.836745743012576,-11.008830406202481,-11.016826679944545
MROH8,-11.454828467243571,-11.268894083131823,-11.593148985328943
RPN2,-9.195404929173069,-9.029143655823155,-9.29114790519679
MANBAL,-10.670337305064043,-10.499277145252194,-10.778607242058765
SRC,-11.70415000854901,-11.846949915699605,-12.010428166910401
BLCAP,-9.901654293233747,-9.797270095938291,-10.053859092958893
NNAT,-13.202685852210122,-11.2101404130483,-12.15377322671222
CTNNBL1,-9.985596308312905,-9.838901822984479,-10.208851161665669
VSTM2L,-10.354133505462315,-10.185456999157395,-10.045968893378888
TTI1,-10.436255302171679,-10.396362090413813,-10.7475072372169
RPRD1B,-9.82770397911141,-9.717697631878654,-10.003598618730676
TGM2,-9.784627352647654,-9.945927722955032,-10.002763524785811
SNHG17,-9.575987304710297,-11.226115633690993,-10.153976284607863
SNHG11,-11.477957864938007,-11.39126719983675,-11.542175988917261
RALGAPB,-9.737033169835689,-9.541289538547113,-9.825897013413254
ACTR5,-11.985258165912906,-11.708116493101581,-12.059226820162145
FAM83D,-11.793483651266012,-12.098155834672832,-12.08654458859221
DHX35,-10.692705701817387,-10.493453136541092,-10.871046883107244
MAFB,-12.94833534359922,-12.156464018619813,-13.051106200920787
TOP1,-8.420839998032301,-8.312319061244136,-8.512253620507211
PLCG1-AS1,-12.208817563081517,-11.67478191151068,-12.220830452757871
PLCG1,-10.983139540601927,-10.819497245167412,-10.98784715847632
ZHX3,-10.35776849760974,-10.374213131376074,-10.395521024843928
LPIN3,-12.436082703833774,-12.194308791571062,-12.448950168249862
CHD6,-8.845451374685938,-8.619220134772286,-8.9669987546105
PTPRT,-13.012272887250306,-13.086213749546927,-11.675736064007577
SRSF6,-9.345944602320252,-9.34990366745751,-9.582459296309546
L3MBTL1,-10.877066395025393,-10.392909943519651,-10.861537419794546
IFT52,-10.720022919828455,-10.539698669025352,-10.625420572966423
MYBL2,-11.512736533397318,-12.012499981204963,-11.899803694607492
JPH2,-8.939374952734926,-8.69288308674165,-9.156429265544315
OSER1,-10.723541192356926,-10.54060850375926,-10.739844826830486
OSER1-DT,-11.982972195368681,-11.570255646661575,-12.029754642847658
GDAP1L1,-13.205662844946138,-12.700891984364063,-12.451892827230328
FITM2,-11.023882482720003,-10.771962354542065,-10.99342671270493
TTPAL,-11.521396635035494,-11.413713596577365,-11.562700330643482
SERINC3,-9.894846879454072,-9.627118490790746,-10.066420438656033
PKIG,-9.672223695404368,-9.432484956820156,-9.796544857394718
ADA,-12.237713652242464,-12.297979728234289,-12.023000999735624
YWHAB,-8.3654227714807,-8.231267219777566,-8.540457956320395
PABPC1L,-11.243474115533603,-10.979415389519465,-11.476676398249463
TOMM34,-10.521379793080895,-10.40549057823786,-10.567273092579196
STK4,-10.115407275230929,-9.93615357630584,-10.11459695787124
SDC4,-11.022489616142968,-10.896420139270106,-11.062958079577689
SYS1,-10.827797069928627,-10.598957264239276,-10.926581246351162
DBNDD2,-10.256221382047265,-9.920506494267253,-10.519398643067253
PIGT,-10.736548271005915,-10.431488186541136,-10.868011698354938
WFDC2,-12.551367482240913,-12.173781057982321,-12.377007459815815
DNTTIP1,-10.492451785088594,-10.442520767943527,-10.60354425445946
UBE2C,-9.9225549580154,-10.162971548638462,-10.459118456934775
TNNC2,-12.379681974706969,-11.752579414464224,-12.185427811261768
SNX21,-11.490586897087802,-11.192138095859374,-11.682242858198771
ACOT8,-11.221850564850095,-11.033636422336633,-11.373893523951534
ZSWIM3,-11.971597624862412,-11.873636867509042,-11.995976104593245
NEURL2,-10.912191390696513,-10.478184876628047,-10.620155412919967
CTSA,-11.052593824654576,-10.966655287303807,-11.396356742217105
PLTP,-10.984774543784095,-10.794736295611093,-10.940043268291564
PCIF1,-11.489167672701772,-11.50304980382011,-11.505185779815015
ZNF335,-11.674576621309397,-11.622100378241003,-11.898695827534954
SLC12A5,-11.179748555089141,-11.277278486257346,-11.5314831015917
NCOA5,-10.22477309687685,-10.034526517266437,-10.354556145462862
SLC35C2,-10.9868397308844,-10.776645922809285,-11.083875552126557
ELMO2,-11.41198024453838,-11.081267553725626,-11.145173649051213
ZNF334,-10.455979128424628,-10.394883256251063,-10.538983876237179
SLC13A3,-11.989867380475,-11.447357233263107,-11.264363459816249
TP53RK,-10.956692496869149,-10.80319748120855,-10.92808634698442
SLC2A10,-12.310501241603516,-12.136664165490858,-12.389521734688946
EYA2,-13.226211357968,-12.950747704796136,-12.886939337223255
ZMYND8,-8.90284053969496,-8.886883599377146,-9.011524180725425
NCOA3,-9.718501029306381,-9.48792856730517,-9.849055364821792
SULF2,-11.597841806600616,-11.603937326927085,-12.423122098399839
PREX1,-10.990189549911621,-10.834131472905103,-11.150589488011601
ARFGEF2,-9.416912352163987,-9.121509375780562,-9.582219236617428
CSE1L,-9.440800918837606,-9.425817237726644,-9.554779095685644
STAU1,-8.729378436130663,-8.552031529972744,-8.83264290009698
DDX27,-10.114205556055856,-9.997426918779691,-10.308070512460912
ZNFX1,-11.505371272704148,-11.090025087065731,-11.446225811040929
ZFAS1,-8.466231244014809,-8.440795180676593,-8.655374398779564
PTGIS,-12.52917279092644,-12.314904013437387,-11.8509758788372
B4GALT5,-9.935933370984925,-9.739081351355047,-10.046170115180042
SLC9A8,-10.780181072833715,-10.47762488687872,-10.824772940003538
SPATA2,-12.668866234962262,-12.592354817526235,-12.810287614895286
RNF114,-10.468594400541196,-10.321952740924774,-10.49440488500778
UBE2V1,-8.717646048525953,-8.602258050608821,-8.782859712573897
PEDS1,-10.671669498727496,-10.526836879434727,-10.815606460194967
CEBPB,-11.081848611991926,-11.062149983064113,-11.240052205253162
PTPN1,-9.72575151847539,-9.581093844181078,-9.782562608414553
RIPOR3,-13.296677901107277,-12.994886630962204,-13.101446935927015
PARD6B,-9.469724885495113,-9.390426452362414,-9.757892722465977
BCAS4,-11.02661092498204,-10.943318054745545,-11.27961644844477
ADNP,-8.662810132876716,-8.482233601232464,-8.743999378457273
DPM1,-9.90835507225009,-9.630867845708899,-9.89179269812761
MOCS3,-12.171986996144708,-11.912308568877412,-12.295417107178285
KCNG1,-11.715256209801703,-11.046392370049185,-11.590229845769075
NFATC2,-9.982503297920003,-9.746408421667596,-10.100955343434306
ATP9A,-10.570355375148527,-10.486391499009013,-10.58784890039448
SALL4,-10.739147019996254,-10.657175238459352,-10.6662280205998
ZFP64,-10.589195454963653,-10.522720466855336,-10.771296152935262
TSHZ2,-7.396188901085957,-7.546848829445537,-7.666573835729206
ENSG00000271774,-10.676378040088347,-10.700527893215986,-10.754023681018985
ZNF217,-10.029131770363595,-9.86949121717725,-9.919229719706987
PFDN4,-9.744820822122271,-9.656876694106494,-9.809263667088057
DOK5,-13.068420469757216,-12.905987465567279,-12.39459715822977
FAM210B,-9.079950758179752,-8.977642071011646,-9.330250080481216
AURKA,-10.387091521571008,-10.556236145457039,-10.775320250557533
CSTF1,-10.612435592721246,-10.451371323363878,-10.643594746822842
RTF2,-9.535598295697632,-9.424546448242207,-9.677215376556191
BMP7,-9.002799275694935,-8.704271293723112,-9.193541740396894
RAE1,-9.934139194225763,-9.843778411535197,-10.106883403791048
RBM38,-9.050227921375885,-9.005741652104664,-9.252982413038373
HMGB1P1,-11.178800599521391,-11.155169627649048,-11.922467779213774
PMEPA1,-11.285439948446896,-11.503142333487826,-11.272030869024189
ENSG00000291067,-11.348958461191708,-12.527076803463876,-11.443272112653
RAB22A,-10.183156234207422,-9.965100219487626,-10.2494091150046
VAPB,-9.756993383641063,-9.713706220007337,-10.023289612352304
APCDD1L-DT,-12.20443859524287,-11.868393960823754,-12.00858875647937
STX16,-9.379070066867905,-9.18416182862375,-9.456650160493924
NPEPL1,-11.20636578723193,-10.986031516045657,-11.13984376357511
GNAS-AS1,-12.024888158890278,-11.759003483177668,-12.071196073770032
GNAS,-7.014258574706054,-6.838335510886122,-7.0985151873984815
ENSG00000225806,-12.379324113027232,-12.45473562890473,-12.274143855829939
NELFCD,-9.78555604926898,-9.777086544128885,-9.964169284369822
CTSZ,-10.621278368456245,-10.705006108451643,-10.642350229774738
ATP5F1E,-7.678657621702686,-7.61359924563195,-7.734815425094952
PRELID3B,-10.472648634511087,-10.577189624764964,-10.372535277592613
PHACTR3,-11.36071143489427,-13.29221986504473,-10.009296170340445
FAM217B,-10.348634341319807,-9.731532125874663,-10.094508812817583
PPP1R3D,-12.378895727281993,-11.620728169894948,-12.042242015463293
CDH4,-11.434066415729173,-10.822201448846611,-10.789134154251263
TAF4,-10.866850243017904,-10.613402418163382,-11.060624203040925
LSM14B,-10.872489503058373,-10.656778172252611,-10.997676453334439
PSMA7,-8.29771836452662,-8.236007268089699,-8.298156471705846
SS18L1,-10.943036451981389,-10.779469626558862,-11.205469526504137
MTG2,-11.104947433556747,-10.965027191306255,-11.276160297330527
OSBPL2,-10.44542950139906,-10.241133133844162,-10.367835604244915
ADRM1,-10.023747501935537,-10.039985332890016,-10.196638279944946
LAMA5,-11.189822016912856,-10.791349137021768,-11.226128312838714
RPS21,-7.356254394366976,-7.3218438662250485,-7.527947621928978
CABLES2,-12.18257758672433,-12.047251323016543,-12.14128483344107
GATA5,-10.900536383128362,-10.741612246557532,-10.86407213128211
CRMA,-10.034800692006941,-10.112606329066827,-10.444082400483726
MIR1-1HG,-11.665582897297334,-11.441069300152646,-11.72747832203767
MRGBP,-10.846562969778487,-10.59595165240968,-10.808913856530342
OGFR,-11.429439988479857,-11.260366633582946,-11.749080379485692
TCFL5,-11.264053032901344,-10.974733296358098,-11.485987503564674
DIDO1,-9.761417050421874,-9.527869193759313,-9.931552067869331
GID8,-9.955407009295511,-9.828871435533488,-10.037848447157518
YTHDF1,-10.677946110494753,-10.563368123286622,-10.746415325024156
ARFGAP1,-11.465718476317607,-11.27853280219626,-11.619773702250837
KCNQ2,-13.021945163254882,-12.891642575203976,-12.750001032387944
EEF1A2,-9.569164073385044,-9.087428273847515,-9.535697575098022
PPDPF,-8.720503269205896,-8.658052962465153,-8.943769164307403
GMEB2,-11.796819040504818,-11.648193975125675,-11.89877522556786
MHENCR,-12.093611848882373,-11.81514058065495,-12.126816143516185
RTEL1,-12.240092443353232,-12.297075471673265,-12.740668329971328
ARFRP1,-11.106769323464684,-11.016780248784993,-11.18285992804557
ZGPAT,-11.682622352273883,-11.515721712885318,-11.840547729169627
SLC2A4RG,-10.481121462011593,-10.459556802863482,-10.79497900361393
ZBTB46,-9.573469773121035,-9.341426506298783,-9.872197470303494
TPD52L2,-10.244181473531349,-10.044872363406919,-10.43573282458269
DNAJC5,-10.789779865367086,-10.738196807920826,-11.110523477336102
UCKL1,-11.234483111108917,-11.126569001770813,-11.265467998105466
ZNF512B,-10.686463921229281,-10.591852209299162,-11.100466641852979
SAMD10,-12.775852407765967,-12.800921749110676,-12.792086925020019
PRPF6,-9.47899509203719,-9.26755592064336,-9.603891265499287
TCEA2,-10.094633986242368,-9.9685203572965,-10.113938077307472
RGS19,-12.59496569548503,-12.465019568738523,-12.597635549725068
PCMTD2,-9.742809833331004,-9.497690790059558,-9.793603758795259
ENSG00000278903,-13.009701418156023,-12.040135909165217,-11.959628641419988
ENSG00000280145,-11.988634488395233,-11.77400919144671,-11.524155809234653
ENSG00000280164,-12.957236373620415,-12.09254338514826,-13.149752278604167
ENSG00000280441,-13.033819666960257,-13.039735856181542,-13.01319911400825
ENSG00000224905,-9.657367261938541,-9.795129244894714,-9.890034995019398
HSPA13,-10.387947724761776,-10.448394890317235,-10.472723389689087
LINC02246,-11.641545253837002,-11.31238646512599,-11.968345747309396
NRIP1,-9.010219343703696,-8.814013008275628,-9.272953147847419
USP25,-8.407310965075776,-8.513300164164264,-8.588834427779917
MIR99AHG,-7.225197213477897,-7.364897114940629,-7.655145057743536
CXADR,-9.254094296608853,-9.312751732125818,-9.317383926389624
BTG3,-10.25510190661983,-10.237970462071276,-10.284242201149157
C21orf91,-10.488680369267758,-10.352022613565959,-10.29143976140393
CHODL,-11.425786201186465,-11.220053706350845,-11.773760780896207
NCAM2,-11.43201468158294,-11.315074293625466,-11.94309622227005
ENSG00000222042,-11.284006216809935,-11.0167779989412,-11.641145188890281
LINC00158,-10.868267300982945,-10.910035678531736,-11.399957053095884
MRPL39,-10.26711702931061,-10.423883996929282,-10.278911635289855
JAM2,-12.278429158797008,-12.647915510532409,-12.728207450067446
ATP5PF,-7.758212974455685,-7.802995932233214,-7.819972274445689
GABPA,-9.878101700315504,-9.890578850341694,-9.985318142357292
APP,-8.103099062334953,-8.126177341292816,-8.296402448522842
ENSG00000233783,-12.832410067562819,-12.927496095272843,-12.918690782965594
CYYR1,-9.7806837341388,-10.177419997705183,-11.015037182591215
ADAMTS1,-8.685343308496494,-8.97767158546923,-8.899237230537237
LINC01697,-11.28642805623398,-12.448216097583733,-12.003773008953983
LINC01695,-11.458874472353006,-11.869677671557282,-11.172729912102627
ENSG00000232855,-9.637049909323286,-9.796584390226194,-9.718967801570534
N6AMT1,-10.821548975901177,-10.783317410667209,-10.814049459189519
LTN1,-9.563039804792105,-9.678207137852093,-9.659469205679702
RWDD2B,-13.058914875620378,-12.023836116121986,-11.76273249024357
USP16,-9.63731495477343,-9.652642462006332,-9.717591521107222
CCT8,-8.448792700829149,-8.537222608920592,-8.482705341756503
BACH1,-8.95342846404841,-8.901337583303643,-9.019755581849749
GRIK1,-11.4170524841653,-11.633432797017342,-12.877642734855243
TIAM1,-9.69391064167112,-10.054214012108885,-9.640537642072152
TIAM1-AS1,-13.026299397773837,-13.205562240952089,-13.181042814186355
SOD1,-8.449077952448427,-8.440835060502769,-8.438506887404333
SCAF4,-9.772032180422757,-9.798988251850574,-9.824813105563882
HUNK,-10.605495456403291,-10.66576627782906,-11.252334449540438
LINC00159,-11.694456136667178,-11.712799872085048,-11.607771910917378
MIS18A,-10.706255537256746,-10.888225403193534,-10.721833365309058
URB1,-10.717642269665607,-10.739878521818962,-10.698205639289235
EVA1C,-12.323886221483415,-12.089355751740285,-12.156486158152081
TCP10L,-10.619800619189133,-10.664894076496301,-10.76617009033272
CFAP298,-9.646479862221346,-9.654240345567908,-9.684606436364335
SYNJ1,-10.744188738910854,-10.666422837875972,-10.836366569006984
PAXBP1,-9.176498992101521,-9.223984883527411,-9.171342706440969
C21orf62-AS1,-11.699251626076663,-11.934573546677834,-11.965891265544824
IFNAR2,-10.621666602927199,-10.602537516734607,-10.414594911814815
IL10RB,-11.677133903328322,-11.74084968445907,-11.676691892282006
IFNAR1,-9.963617994634998,-10.104252239640411,-10.149213084609165
IFNGR2,-10.460057034012575,-10.427191934686793,-10.507781336934542
TMEM50B,-10.264926570459405,-10.182276287332101,-10.207235872619737
DNAJC28,-11.804837328052804,-11.6214016717104,-11.513594505152664
GART,-9.758272263889308,-9.919394181478253,-10.023683949888774
SON,-8.082075254542891,-8.110063228834631,-8.209138018677391
DONSON,-11.177779701227132,-11.29999239618192,-11.265249139501984
CRYZL1,-10.021083281956173,-10.002995306763502,-9.997905088078754
ITSN1,-8.500961842191488,-8.279361993037272,-8.619025341159514
ATP5PO,-8.065685418913823,-8.220101322797376,-8.151762205472709
LINC00649,-11.815331306820653,-11.385974870976872,-11.485859876010435
MRPS6,-8.455330170673204,-8.540327871924696,-8.563511218183434
SLC5A3,-9.730044519138035,-9.657956598171623,-9.950984325836957
LINC00310,-11.321470997789696,-11.230184981231512,-11.50522996078013
ENSG00000214955,-11.149464093901166,-10.95885739011076,-11.305988552798164
SMIM11,-10.779092001589332,-10.748307897971513,-10.747565101094775
KCNE1,-12.912126673128137,-13.054017318499978,-13.142648434612012
RCAN1,-10.062780272437696,-10.02796692170206,-9.99105287705414
RUNX1,-12.50752112144109,-12.782383171699871,-13.084210943553405
SETD4,-11.001718577818762,-11.060529416024197,-11.153812881535341
CBR1,-11.307610305398178,-11.666835208013842,-11.240479857569436
DOP1B,-10.670462547532347,-10.850861506598628,-11.206341517712538
MORC3,-9.655773907551655,-9.653106153648524,-9.749298447801959
CHAF1B,-12.688424227182018,-12.839598099111605,-12.813707473175343
HLCS,-9.691198705365057,-9.680190336169883,-9.900765070262723
PIGP,-10.080962071060767,-10.176540001002568,-10.147849906697514
TTC3,-8.106315842792345,-8.1407274178643,-8.220284103543
VPS26C,-10.600631621022423,-10.616503792390999,-10.656259114025218
DYRK1A,-8.590041210494839,-8.596267305471594,-8.74241378954539
ETS2,-10.259250954674568,-10.730459604654053,-10.137424872141503
LINC02940,-12.206302998801755,-12.219168608977288,-12.682306177686709
PSMG1,-10.347952903281277,-10.612835755040024,-10.449197894935303
BRWD1,-8.468186859315363,-8.574547551380952,-8.641605536020892
HMGN1,-7.947331160130249,-8.075859056839992,-7.916611883448726
GET1,-9.859380071157341,-9.874479787178323,-9.926511995863084
LCA5L,-11.907626217149648,-12.1448190561839,-11.877508856624896
SH3BGR,-9.022838064515751,-9.316748895691877,-8.25114276521555
B3GALT5,-11.398560157662406,-11.75498987676435,-11.2034763439191
B3GALT5-AS1,-11.968700267631352,-12.069690155618936,-12.268067749291477
ENSG00000225330,-11.988205023022408,-12.194127656336232,-11.993275258784262
IGSF5,-12.329321060081558,-12.16940501103356,-12.69881022965687
DSCAM,-11.675880074491682,-11.695618984573978,-11.527242969034713
BACE2,-11.491855279667986,-11.74146918377841,-11.508072380315538
PRDM15,-11.771613802052395,-11.788392489475145,-12.012371012802715
C2CD2,-11.346202076894311,-11.468702986890055,-11.270286745133042
ZBTB21,-11.516751200595847,-11.433211624075588,-11.433881612213884
ABCG1,-11.452982737877907,-11.661779010895257,-11.499517341373876
SLC37A1,-12.062584710900728,-12.491433171943912,-12.401533001595835
PDE9A,-11.014652653374009,-11.258335359744407,-11.01768840791075
ENSG00000225218,-12.368873853896883,-12.446691988870164,-12.744849009440772
WDR4,-11.609246828863405,-11.81985821041964,-11.707553595400094
NDUFV3,-9.111811451469482,-9.223182883878335,-9.115645985567413
PKNOX1,-10.202396940023833,-10.194804985743508,-10.293909628998072
CBS,-10.443486362176982,-10.715368022419534,-10.502926419621256
U2AF1,-8.666202023696096,-8.822023109430315,-8.800839156022521
SIK1,-11.559299411312965,-11.858608715914253,-11.4959133277519
HSF2BP,-12.24202120536571,-12.110991644634218,-12.706486250786382
RRP1B,-9.752248792853472,-9.946315008841427,-9.913852346220244
PDXK,-10.369515347011703,-10.436504262848691,-10.421045619579766
CSTB,-9.100924557264005,-9.000756744228093,-9.090837869293681
RRP1,-11.334578946772757,-11.433388972427224,-11.415169373337491
AGPAT3,-10.558944817440597,-10.550171399827008,-10.623737409802281
TRAPPC10,-9.964256572506434,-9.930603821355316,-10.010522389406653
PWP2,-11.72910869200424,-11.84315594503891,-11.854588546261269
GATD3,-9.411206636426256,-9.713888341175576,-9.504031116497249
PFKL,-10.855168980594414,-11.124069054357605,-10.6252244831904
CFAP410,-11.724914950492023,-11.60140970659809,-11.954531780744674
TSPEAR,-11.55602588261701,-12.393260590824285,-11.980940269051906
UBE2G2,-9.131269974472858,-9.186162214921255,-9.314032744509607
SUMO3,-10.066397951969794,-10.007518665712707,-10.135398656020389
PTTG1IP,-8.363471707055618,-8.408079639343393,-8.534815571619369
SLX9,-10.74773851643299,-10.850298271672068,-10.8330761348794
ADARB1,-9.741655338370006,-9.815970598362842,-9.806140852814941
POFUT2,-11.14021732616852,-11.013087610050182,-11.391538840221278
LINC00205,-10.440390142149658,-10.501936966825802,-10.69981051695833
COL18A1,-8.77346173230672,-8.9948361668882,-8.99436034935559
SLC19A1,-12.24372627638895,-12.129739995802364,-12.188299377212834
PCBP3,-11.694047911655787,-11.621895202208865,-11.448032797944911
COL6A1,-9.448962035120873,-9.551275987229308,-8.954154451487822
COL6A2,-10.52195515340212,-10.643848453926083,-10.010692254315416
FTCD,-13.230816896798641,-13.035844798965378,-12.800487137274919
SPATC1L,-11.787102536180708,-11.281466173477057,-11.212283166518096
LSS,-10.896176895412596,-10.898558058171659,-10.998480934127617
MCM3AP-AS1,-10.942579848795557,-10.963550748123728,-10.928676549619809
MCM3AP,-9.972062216702476,-9.955749086505234,-10.057633906659257
YBEY,-10.425743297135792,-11.171960365887056,-10.670756485670687
C21orf58,-10.72740691473556,-11.264550957033029,-11.165858131873161
PCNT,-9.958204817240684,-10.037902368207188,-10.250692316442967
ENSG00000289421,-11.939967771885803,-11.82424978113138,-11.812533933664739
DIP2A,-9.516016431520553,-9.689305209439297,-9.680544736508123
PRMT2,-9.239268278861216,-9.211128979812612,-9.309493542977107
IL17RA,-12.440353871417233,-12.291855579887217,-12.192724782127243
HDHD5,-10.266926054288975,-10.478439280160321,-9.840024580502979
CECR2,-8.617642817816508,-8.585156721218492,-8.746744046667255
ENSG00000286195,-13.058776295606213,-12.94831348095835,-13.17966406128061
ATP6V1E1,-9.82351752179465,-9.945634998022197,-9.94488416546805
BCL2L13,-9.922669971690302,-9.9675607924093,-10.059684043205369
BID,-10.950729674166828,-11.341251817781691,-11.234807996029637
MICAL3,-8.749757870698922,-9.068981706807032,-8.799624374562114
PEX26,-10.607118503192051,-10.778810533532337,-10.96843053574297
USP18,-9.754468747877155,-11.48820335862752,-11.421620751469296
ENSG00000288811,-10.973783727287103,-12.028427637201114,-11.802105912807372
PI4KAP1,-10.26333055025333,-10.700605532342545,-10.397447028661697
DGCR6,-11.811793986430771,-11.731331667141932,-11.976238001077352
DGCR2,-10.514648419386816,-10.54153173720011,-10.58736599880087
ESS2,-12.428866159333214,-12.326975627746048,-12.712166232278054
SLC25A1,-11.060602179702062,-11.3157056143868,-11.13962988517308
CLTCL1,-11.203405419119527,-11.329049352347122,-11.20376180511207
HIRA,-10.835028153335923,-11.006686390518908,-11.00034619173559
C22orf39,-10.119928029301144,-10.177061192861826,-10.209912400513732
MRPL40,-10.019022625150741,-10.116058217716049,-10.115700821484637
UFD1,-10.152154630452126,-10.320026376978744,-10.437189155983354
CDC45,-12.104219160519406,-12.82039000536843,-12.619162683099875
SEPTIN5,-11.414341058947024,-11.282267174071986,-11.499383464441634
GP1BB,-11.349392383262675,-10.89886094310507,-11.526106376073972
GNB1L,-13.049314588303053,-12.889725890075749,-12.821761494319569
RTL10,-11.955639486900655,-12.172562130373343,-12.296224701020229
TXNRD2,-11.314349565771431,-11.644322831968514,-12.066007219836653
COMT,-10.534994730641747,-10.890148022957668,-11.299742663347986
ARVCF,-12.583618284941055,-12.826538258516441,-12.55290618188254
TANGO2,-12.275074622761357,-12.307697386868208,-12.54968169589526
DGCR8,-11.011227047506408,-11.098640946297945,-11.235423872857014
TRMT2A,-12.067921677291174,-12.289470650478318,-12.275327939601086
RANBP1,-8.889899652445779,-9.104876489915783,-9.068323420321665
ZDHHC8,-11.91577048159331,-12.017701346466245,-12.236394690662344
DGCR6L,-10.529365687858672,-10.750870058416533,-10.719125152921352
ZNF74,-11.641499898327464,-11.797427804849962,-11.847062794242465
SCARF2,-11.874491935024539,-11.982523437124476,-12.217503241201511
KLHL22,-10.366941357470779,-10.48393140154036,-10.570206548192624
MED15,-10.326408998345457,-10.304249924861532,-10.468924428047
PI4KA,-9.878670815710416,-9.888589666830121,-9.991507149449424
SNAP29,-10.029761302524838,-10.097494869948868,-10.139692251921954
CRKL,-10.340734633410657,-10.495394609089347,-10.560709679033035
LZTR1,-11.606164840568384,-12.030486771698866,-11.92197166215614
THAP7,-11.63283455510394,-11.694984162034643,-11.72125913416631
THAP7-AS1,-12.504657832081334,-12.461950565865218,-12.831898258528774
TUBA3FP,-12.513523104785033,-12.722486852746805,-12.68841923544077
HIC2,-10.285352038603003,-10.369899157390758,-10.57924568223026
TMEM191C,-12.58052805598261,-13.195104681362821,-12.906999595669966
UBE2L3,-8.906283509041655,-8.99494195928601,-9.030732779978813
YDJC,-11.740083932014095,-11.986849907334713,-11.768906929726283
SDF2L1,-10.702449544435476,-10.872553233677877,-10.861943859643269
ENSG00000207751,-11.779578810206619,-11.825544523352576,-12.31521885181511
PPIL2,-11.079585779323448,-11.096054812049609,-11.252419218930704
YPEL1,-10.615749089416289,-10.740136064970526,-10.880780951364741
MAPK1,-9.239064261959552,-9.221284205130909,-9.43154609871925
PPM1F,-11.692511658334528,-11.760157703083282,-11.752861787369005
TOP3B,-12.08806770506381,-12.310821654607174,-12.255939956249565
ENSG00000274422,-10.832323777679711,-11.096882850115422,-10.808960778228268
ZNF280B,-11.06465114422311,-11.265891554733711,-11.21103168565329
BCR,-10.660047944896153,-10.858078290285519,-11.050216459787874
PCAT14,-11.528697817190853,-11.932264569393254,-11.850608917476416
ENSG00000291299,-11.682074869911439,-11.837912672043668,-11.855566901093873
ZNF70,-12.071904224039196,-11.94444633752625,-12.157382243620024
CHCHD10,-8.17253435361776,-8.286917756389276,-8.096378461320784
MMP11,-12.30256557980255,-12.28435584986393,-12.209299950911214
SMARCB1,-9.53801924579548,-9.67517526057457,-9.731321922318859
DERL3,-12.905589415068343,-13.065268973604768,-12.780869626219939
SLC2A11,-10.890876763928578,-10.895693787264035,-11.067289456266154
MIF,-7.035797336905953,-7.302398631396754,-6.774168090055885
DDT,-9.014754562395652,-8.990972745695954,-8.685565694063474
CABIN1,-9.737424871726784,-9.827985803276869,-9.840930791365784
SPECC1L,-8.39754428110713,-8.45897036745106,-8.55897075385965
GUCD1,-11.166954895685922,-11.347250881781447,-11.311568397939505
SNRPD3,-8.65005781676841,-8.824786208840022,-8.823390444884573
LRRC75B,-12.407289143890857,-12.413992145899567,-12.45345685418319
KIAA1671,-9.911090530568236,-10.18904298772064,-10.10049445013092
ENSG00000290796,-12.385492590731682,-12.774014442373268,-12.897303518432523
CRYBB2P1,-9.868711015200901,-10.426948963420976,-10.367538493244941
GRK3,-9.255584137563854,-9.340456591840766,-9.359788194491976
MYO18B,-8.28917300992334,-8.384444181771272,-8.478141371446236
HPS4,-10.852324316704244,-10.97497971640802,-10.873068662781252
SRRD,-11.380387422180105,-11.382416285459625,-11.654697368411219
TFIP11,-11.570844199105352,-11.815591517425947,-11.550319198421862
TFIP11-DT,-12.657218878424358,-13.061843338219497,-13.004894176100635
TPST2,-11.331825170521034,-11.180674915462506,-11.395824820914347
MIATNB,-11.575866176332685,-11.416299711159267,-11.649243953564797
LINC01422,-12.962837422857168,-12.37072400557772,-12.62502762633576
MN1,-11.284338184984597,-11.10082062617653,-11.35182662433193
PITPNB,-8.448866113803328,-8.580551428425265,-8.50447224374108
TTC28-AS1,-9.75609790773314,-9.706232558176401,-9.738530356669475
TTC28,-7.627405096294297,-7.666470001915018,-7.848117060477705
CHEK2,-11.222817284138188,-11.493226233580618,-11.424035887199661
HSCB,-10.724479613693992,-10.87436128752945,-10.841427097797586
CCDC117,-10.409345911792105,-10.32300752689962,-10.32558837978395
XBP1,-10.000945296525176,-9.814154523136047,-9.91545536966885
ENSG00000226471,-11.710249726417878,-11.230724889156715,-11.157398639079751
ZNRF3,-9.33435808155814,-9.264300431156268,-9.618031727552738
KREMEN1,-11.104760716561168,-11.099040461540056,-11.120203091880882
EMID1,-12.705958179910082,-12.59290131809662,-12.26701918764513
RHBDD3,-11.230064737380413,-11.21375299483699,-11.335956951322473
EWSR1,-8.853128681465813,-8.942061238478955,-9.087226065725005
GAS2L1,-12.7136080050418,-12.879763119539245,-12.769209261897872
AP1B1,-11.085023004900354,-11.197903425632669,-10.960372129259824
NEFH,-13.297146818234618,-12.590050738785447,-12.884410579328563
THOC5,-10.680348830406661,-10.765595454187201,-10.869596526620066
NIPSNAP1,-9.768262823631572,-9.953814706561785,-9.793959950319215
NF2,-10.734310770913345,-10.72821318856686,-10.702433864752697
ZMAT5,-11.207799356970758,-11.296798426612304,-11.230181921080604
UQCR10,-8.373397677816111,-8.46295484845203,-8.353740925619972
ASCC2,-11.00821360938222,-10.99015503221113,-11.284740366169647
MTMR3,-10.427817410076537,-10.285820936135062,-10.656666503922725
CASTOR1,-12.514152538181703,-12.690139088380878,-12.600952839063938
TBC1D10A,-12.498322772088533,-12.587975167970395,-12.493547437593673
SF3A1,-10.290583116506141,-10.39481943768129,-10.52863359132389
CCDC157,-13.06235247239848,-13.182045855072534,-13.032549974933373
RNF215,-11.2960937765451,-11.283283785413168,-11.464541629809451
SEC14L2,-13.096281229014867,-13.2523685105952,-13.16737032813197
MTFP1,-11.240572131608173,-12.002092296409979,-11.349778164763025
PES1,-11.03174506637026,-11.309870719143111,-11.28851071200145
SLC35E4,-12.455188420849538,-12.114959471899377,-12.5656126302066
DUSP18,-12.384113986758729,-11.892440572480668,-12.045309627996243
OSBP2,-10.697145394456124,-10.706032128208163,-10.933532291549096
MORC2-AS1,-13.120641270608337,-13.20963879872573,-13.141895521353224
MORC2,-10.30740710456636,-10.24416142447769,-10.214105608838935
TUG1,-9.085501030092145,-9.141732750774208,-9.22764908919968
SMTN,-12.453620808144741,-12.653891133329784,-12.934052452241389
SELENOM,-11.070434663793801,-10.968450277295828,-11.46824956814129
INPP5J,-12.952225790818929,-12.939747913693575,-13.083975670487847
RNF185,-11.115937431462632,-11.054978988751055,-11.133423746827232
LIMK2,-11.166445765115675,-11.253189331186837,-11.41082722872064
PIK3IP1,-12.57031713058274,-12.901633875360556,-13.016658081413548
PATZ1,-11.119557595930436,-11.268892122751192,-11.519317639694373
LINC01521,-12.736835560489853,-12.67528708648016,-12.762993549516652
DRG1,-10.108997785876005,-10.270948951612057,-10.151485352693896
EIF4ENIF1,-10.179429559540235,-10.23720230047881,-10.332452822196084
SFI1,-11.594252766311543,-11.739579133614235,-11.752847486345631
PISD,-10.693136878410769,-10.72671037072635,-11.123353785857077
PRR14L,-9.498125128188853,-9.52956248928402,-9.538675031480368
DEPDC5,-10.806132091499677,-10.865110147197544,-11.055553445439795
YWHAH,-9.197886176160795,-9.301214776544715,-9.348389051946485
SLC5A4-AS1,-11.993355800640897,-11.962852178924972,-12.715726917507919
RTCB,-9.540498573060436,-9.718517692991824,-9.672271681960765
FBXO7,-9.810403346689878,-9.860231160594013,-9.808220209564546
SYN3,-11.950953581942533,-11.693110789343837,-11.37557195263952
TIMP3,-8.521336438562258,-8.651144031673358,-8.532334843954288
LARGE1,-9.109820183403547,-9.13349376173744,-9.23996288710242
HMGXB4,-9.829697594066035,-10.014756178659951,-9.975334572998305
TOM1,-10.710619193548068,-10.823893976011329,-10.839906453162628
MCM5,-11.422941031790987,-12.117656551606999,-12.06441855905451
MB,-10.153337525821524,-10.25104854545997,-9.23857114634175
RBFOX2,-7.682063165683711,-7.7467783207247205,-7.902226960866019
APOL2,-12.4158955632011,-12.518908457922103,-12.266379403865809
MYH9,-8.902100951887789,-8.873057529212172,-9.130284720571566
MYH9-DT,-13.031235757142769,-12.561190174593973,-12.425307999485764
TXN2,-9.60723666579534,-9.70142954981269,-9.694016652788935
FOXRED2,-12.016076970962143,-12.170697454717239,-11.91625164334984
EIF3D,-9.213581864062409,-9.3420580445015,-9.38218399074727
IFT27,-10.77431708057053,-10.801067598982431,-10.66477194748255
TST,-10.217425077973402,-10.588380770231423,-10.471121894756537
MPST,-10.009620367195524,-10.2637459317739,-10.068828137368966
KCTD17,-11.91525463263906,-12.454718865302544,-12.099263777932322
C1QTNF6,-11.847168569290806,-12.03397148231816,-12.460821054847589
GGA1,-10.711058753907881,-10.833210522581924,-10.845008723363586
SH3BP1,-12.031157573608196,-12.362644379621772,-12.123208532972855
PDXP,-10.809001052021932,-11.122989994457795,-11.048145591906312
LGALS1,-12.61985268727341,-12.819302378260982,-11.414264311870838
NOL12,-11.406533032655261,-11.647536986550598,-11.809748644525326
TRIOBP,-9.32225325371981,-9.335977667242668,-9.596416514908682
H1-0,-9.821716881989582,-9.403092890377245,-9.2355658279304
GCAT,-10.710230948604558,-10.9650800611406,-10.981931121880423
ANKRD54,-11.183057509493521,-11.346846538331214,-11.445217158312918
EIF3L,-8.70627912096623,-8.78542208829456,-8.831008949347298
ENSG00000279738,-11.910960667565812,-12.009851192663369,-12.07268188285921
MICALL1,-11.70227073167357,-11.770885446440913,-12.126730859233927
POLR2F,-9.423842463888533,-9.571189935613065,-9.629034070242254
PICK1,-11.267659556638304,-11.343859324952613,-11.422085431593327
PLA2G6,-13.09213892234578,-12.90726713158802,-13.053652820054069
TMEM184B,-11.060163882988622,-11.006312715529587,-11.184988371828029
CSNK1E,-9.501484034946502,-9.592999860783651,-9.628516920218093
ENSG00000291015,-8.978458826876858,-8.885190089451367,-9.218269759568672
KDELR3,-12.017020136939115,-11.991588829946805,-11.992497429553858
DDX17,-7.431513390708401,-7.48774012462573,-7.585921870786599
FAM227A,-11.008871714500145,-11.165599653772254,-11.10747803574754
CBY1,-10.655540903911223,-10.737339207345245,-10.58889049418086
ENSG00000228274,-12.543727256860231,-12.366088257790915,-12.54150318433094
TOMM22,-9.488781295931709,-9.625554420986035,-9.644224589360006
JOSD1,-10.552647232186736,-10.674629890548491,-10.71766926524759
GTPBP1,-10.667955019918125,-10.826770098190774,-10.870036158096868
SUN2,-11.979768437494418,-12.215582518000245,-12.264346002149773
DNAL4,-11.605714240488565,-11.624416966612019,-11.53652991228809
NPTXR,-12.075968320706078,-12.168049891363433,-12.35063891007744
CBX6,-10.45147624494762,-10.66999933118536,-10.759073566758794
APOBEC3C,-11.159512417123944,-11.409357407700286,-11.292220715421008
APOBEC3F,-11.969664288826229,-12.147121559073375,-11.9838362064789
CBX7,-12.246798782493016,-12.069765589201483,-12.564907477572621
PDGFB,-12.44908371537797,-12.815729542480476,-12.255929428416332
RPL3,-6.463238565229295,-6.604402834265685,-6.485031727861115
SYNGR1,-10.16565374291159,-10.171260192072308,-10.257263842917816
TAB1,-11.18509109362073,-11.392399199648542,-11.29807804300326
MGAT3,-11.486743788919817,-11.312261035087513,-11.637734837142856
MIEF1,-10.556899238301634,-10.606130597968484,-10.685824683284226
ATF4,-9.171791314358737,-9.24969666870046,-9.282875527050502
RPS19BP1,-9.764225002509308,-9.945316267140024,-9.916915778537904
TNRC6B,-7.988707691718193,-7.9282126627921805,-8.077916812532612
ADSL,-9.733584445983906,-9.94994412424012,-9.921092822128964
SGSM3,-11.310540471375909,-11.447240898774767,-11.453127043377792
MRTFA,-9.712802036795948,-9.694849878101634,-9.88303954853939
SLC25A17,-10.57075826454802,-10.6187503052463,-10.827048649005915
ST13,-8.029474018553035,-8.080827260139404,-8.048454312993178
XPNPEP3,-9.986409737946735,-9.958286630106132,-10.062749505584192
RBX1,-8.320617998416246,-8.448754482287647,-8.414996439435965
EP300,-8.86238451152139,-9.079546316433609,-9.134048355925087
L3MBTL2,-11.21622730065297,-11.299510947144235,-11.43152483713641
RANGAP1,-10.727617290246203,-10.90186104005964,-11.136222348723702
ZC3H7B,-10.88737864383659,-10.958891433487407,-10.932309384550528
TEF,-12.406871309878143,-12.629602275897177,-12.433476443039115
TOB2,-9.890883596382402,-9.923936706489718,-9.93815166670904
ACO2,-9.41741133979588,-9.469528957940058,-9.53101183733188
PHF5A,-10.547446836777214,-10.508700017169073,-10.653092684951107
POLR3H,-11.423536970303982,-11.506103954127292,-11.617515119699794
PMM1,-11.27440773205179,-11.39711294316641,-11.206841891755106
DESI1,-10.687984528102495,-10.791427972781856,-10.723610990467714
XRCC6,-8.516734217081146,-8.642742608389517,-8.658514429869438
SNU13,-8.863489838103375,-9.149758688519084,-8.98018237255477
CCDC134,-11.546914086089954,-11.482611380508859,-11.506211258778226
SREBF2-AS1,-12.710800492711071,-12.475262530411937,-12.846037070990928
SREBF2,-9.288283774652175,-9.193456910575893,-9.406261987093984
CENPM,-11.562680693652057,-12.493401638083004,-12.16386803649695
SEPTIN3,-13.12233729163976,-13.165035835155352,-12.964398702602399
NAGA,-12.318724195526544,-12.116407603019068,-12.037817288572583
SMDT1,-9.19581920649242,-9.248221660959086,-9.291985987461878
NDUFA6,-9.115166631253286,-9.274982454543188,-8.986230240030169
NDUFA6-DT,-11.806630448518543,-11.802613663992236,-12.233741749991077
TCF20,-10.045898805866308,-10.065447611111853,-10.210533799766738
RRP7A,-10.499191731388363,-10.276623778249562,-11.303534103511007
SERHL2,-13.060418043419471,-12.714903018036795,-12.900795358187034
RRP7BP,-10.656554584720016,-10.41108012253205,-10.726770230992008
POLDIP3,-10.539264354172236,-10.716061430139883,-10.688049071362634
CYB5R3,-9.336453437965396,-9.48813675369483,-9.50323111522243
ARFGAP3,-9.692990493629694,-9.684122469613499,-9.682209752900404
PACSIN2,-9.599450734521348,-9.711644012024458,-9.622132262238193
TTLL1,-10.682876947774357,-10.927480426197327,-10.700500285722768
BIK,-11.518091715660725,-11.905006680374491,-11.672534851124459
MCAT,-11.152219271658367,-11.373840136148171,-11.263428518284753
TSPO,-12.614831082397307,-12.473834776647141,-11.902130276479403
TTLL12,-11.641491058874534,-11.90367271565009,-11.722292335767762
SCUBE1,-11.79470787269144,-12.094189123294884,-12.18701028229927
EFCAB6,-10.592190626450043,-10.949041048742508,-10.86605233844923
SAMM50,-10.128233935591863,-10.313297696285444,-10.147233405694708
PARVB,-11.337862059597802,-11.343139881797358,-10.817517252580773
RTL6,-11.508829109830883,-11.606912453571361,-11.586172689059877
PRR5,-12.05657194546643,-11.803490710572143,-11.814258375313154
ARHGAP8,-12.347664320207077,-13.039544622348734,-12.896156706562449
PHF21B,-10.522554245495273,-10.378168076725856,-10.795484359733264
NUP50-DT,-10.670647918112724,-10.337395003515237,-10.723758326963765
NUP50,-10.006411424741012,-10.037428441322303,-10.22648027356915
KIAA0930,-12.259913472686204,-12.282105468297987,-12.060755339606327
FAM118A,-10.763577621571457,-10.687504009800474,-10.808946867261477
FBLN1,-10.786599481340245,-10.956277092664465,-11.088599524092189
ENSG00000280383,-11.758890477907563,-11.750816760042618,-12.029808088068224
ATXN10,-8.343131813693265,-8.354773800972797,-8.485498462534865
PPARA,-9.946274295272906,-9.994957543321231,-10.04238560067494
CDPF1,-12.397281291760143,-12.308420642429008,-12.133430859471396
TTC38,-11.376629955868363,-11.628796703603133,-11.305778790612726
GTSE1,-10.865590035201354,-11.387993576743245,-11.491645750320354
TRMU,-10.23085261851007,-10.441045393969032,-10.338459725722398
CELSR1,-10.316588324642234,-10.420747073088044,-10.60398585728796
LINC02925,-12.190744925862075,-12.464759030533255,-12.177642678825862
GRAMD4,-10.746670089031479,-11.016534998818837,-10.762271989180807
CERK,-10.168609992085798,-10.474555889906224,-10.343523568984347
TBC1D22A-DT,-11.89752336615139,-12.279999963122195,-12.22562967064676
TBC1D22A,-9.223179200317759,-9.309594754976034,-9.439802847612885
TAFA5,-12.49733359590372,-12.90699376342594,-12.615670358693752
BRD1,-9.64518668445393,-9.657219387408173,-9.805728138686627
ZBED4,-10.717011233118333,-10.810522119789127,-10.870591070469548
ALG12,-11.881144310577874,-11.958349209907686,-11.890507420918986
CRELD2,-11.07501333788692,-11.067075846880593,-11.102382261942186
PIM3,-11.325471534355957,-11.098581235933176,-11.473494915146887
PANX2,-12.601744093584308,-12.579614058856542,-12.566340586459287
TRABD,-11.202854180230027,-11.337972103625708,-11.358192609653207
SELENOO,-10.272333653890318,-10.394951847559822,-10.468398871421103
TUBGCP6,-12.068596084354537,-12.192608124935497,-12.186432853682726
HDAC10,-12.79782332025381,-12.829255434365171,-12.914645356145275
MAPK12,-11.875091721676645,-11.85087374039478,-11.84145670743614
PLXNB2,-11.042952014568801,-11.223948365307614,-11.422961547681163
DENND6B,-12.38575056190014,-12.287309974417697,-12.488543878008647
PPP6R2,-9.36132527475996,-9.351043991982566,-9.664471007595033
SBF1,-11.760813971271416,-11.94460496980023,-11.85430558059494
LMF2,-11.724793215241043,-11.956887291180056,-11.917871341973804
NCAPH2,-11.510355884167275,-11.784668033841635,-11.753327546206283
SCO2,-10.780721940324966,-10.897296764971129,-11.197474718381077
TYMP,-13.133143210305844,-13.13681038986284,-12.660220072492386
CPT1B,-11.798505003861743,-11.973922706807134,-12.32564916797263
CHKB,-10.672769117481558,-10.435169641895133,-10.78905340809501
CHKB-DT,-11.297479186126997,-11.227568304664995,-11.572226127169362
ARSA,-12.38031799813497,-12.391282071274729,-12.577221538538858
SHANK3,-11.850598606651314,-11.884849229433202,-12.062361066414997
RPL23AP7,-10.464639577812859,-10.53351216811508,-10.466794374889641
RABL2B,-11.062093390745897,-11.274207331749237,-11.435452732030251
PLCXD1,-11.932871660498384,-11.732238098472862,-11.710082669281611
GTPBP6,-10.83120987179194,-10.854751530375797,-10.937386309425854
LINC00685,-11.071223637135143,-11.004530894529466,-11.403791044272403
PPP2R3B,-10.440458572527236,-10.560693409116682,-10.496618167347489
CSF2RA,-12.841421063538778,-12.117045223513209,-12.26942883771298
IL3RA,-11.272673520372123,-10.67007687331931,-10.828543648068333
SLC25A6,-7.588770811041786,-7.839670764692478,-7.808041887840993
LINC00106,-12.292752371044198,-12.095629065585866,-12.23700114372824
ASMTL-AS1,-11.54310562845434,-11.460811440522992,-11.995799560938893
ASMTL,-11.473356318917457,-10.965168750849154,-11.174768429306742
AKAP17A,-10.666511196623754,-10.237470666902334,-10.403341974974355
DHRSX,-10.086793974692661,-9.858366337961314,-10.026008877613082
ZBED1,-11.422594431924205,-11.113219759636626,-11.237978714499787
ENSG00000289007,-12.979996218315206,-12.011313042340467,-12.297637576244133
CD99P1,-12.05689197790373,-11.00421590795012,-11.301225318113511
CD99,-8.757086486288468,-8.018122057937822,-8.15756744570642
GYG2,-10.65301121256535,-10.576577551849779,-10.213629393853044
ARSD,-11.556900615799629,-11.593733747669182,-10.915910156593522
PRKX,-11.010064749267475,-11.345351070026043,-10.86739835922309
ENSG00000285756,-11.39472106686119,-10.523452712653716,-9.962741654658105
NLGN4X,-10.594275279363075,-10.674297998091244,-10.19027850444445
PUDP,-10.093211627720413,-10.068967760062769,-9.469570622718798
STS,-10.74102990031308,-10.688590993343727,-10.132295762302192
PNPLA4,-11.0246714809631,-11.044906268916025,-10.127226575666292
ENSG00000285679,-8.976077602325763,-9.001216368920849,-8.269195823139409
ANOS1,-10.310088809408755,-9.932467808150529,-9.855025832037986
TBL1X,-9.037365922752864,-9.064511252240044,-8.377235587464034
GPR143,-12.349019786149892,-12.599297867556752,-12.044575114103441
SHROOM2,-10.431141119955509,-10.41587952575949,-10.08456026946552
WWC3,-10.273931631108182,-10.234327633302547,-10.548157344219824
CLCN4,-11.322553533014558,-11.513102100995654,-10.74245221168476
MID1,-8.313588958640787,-7.935820772637215,-7.913080464609862
HCCS-DT,-10.5692233947719,-10.852417294650817,-10.27787762786621
HCCS,-10.884033863896235,-11.046385615384716,-10.245964561998342
ARHGAP6,-8.09271689121227,-7.92110524711074,-8.159625776630612
MSL3,-10.756530871795974,-10.786738329838336,-10.838391805074156
FRMPD4,-11.361565951535805,-11.251425204705187,-10.492154768152206
PRPS2,-12.603269414193445,-12.910888931811218,-12.77585970294365
TMSB4X,-9.321962248247626,-9.307270649324048,-8.479714186135947
TCEANC,-12.829498889788452,-12.710949738180457,-12.677838589590696
RAB9A,-10.916852289926393,-11.00609385792424,-10.45142450274131
TRAPPC2,-10.898831756515994,-11.002616043734152,-11.091419288767977
OFD1,-9.55680119746598,-9.582981246890313,-9.543337533957635
GPM6B,-10.640618600471141,-10.645235586828045,-10.752857619136625
GEMIN8,-11.001271384790831,-10.964360379342912,-10.524458844491443
FANCB,-11.551933647960064,-12.032264104184065,-11.845395625542444
MOSPD2,-11.113028179033588,-11.136141461535365,-11.18159149758759
PIGA,-12.48275499745124,-12.425775484487398,-12.326978425892221
PIR,-12.238996706316044,-11.965699656049974,-11.961683692222136
CLTRN,-12.49443631785299,-12.256153905005775,-12.5169545863681
CA5BP1,-11.590208051149013,-11.472702465706204,-11.734786904212452
CA5B,-11.399046019877657,-11.146010951525541,-11.333773678362732
ZRSR2,-10.958400775235607,-11.1631391123087,-10.651884438723515
AP1S2,-9.10054269414048,-9.384897597963597,-8.693332568559098
CTPS2,-9.893887570895691,-10.008650909783842,-9.412846475716067
SYAP1,-9.571870688689648,-9.720098553470356,-9.059531791714008
TXLNG,-10.450432187732552,-10.503567175779544,-9.90656757809139
RBBP7,-9.041814900236117,-9.047897760881034,-8.463983080998323
REPS2,-10.436021285507794,-10.34899040096251,-10.11959221782418
NHS,-12.285198380600514,-11.318738900274479,-11.179232826775666
SCML1,-11.299766561359338,-11.059266915770001,-10.655532369180893
LINC01456,-12.004402002353261,-9.504798478505412,-10.090216113057991
SCML2,-10.650208389070263,-10.589226101815166,-10.870887859260563
CDKL5,-9.937810129779612,-10.016587152566444,-10.073894713338913
PHKA2,-10.441203452864878,-10.209071468296669,-10.31854128761806
ENSG00000286724,-12.56568895845932,-12.505512557268265,-12.505969637899573
ADGRG2,-11.54445585393855,-10.84372129231131,-11.633885651247226
PDHA1,-9.153723973973056,-9.053111466058798,-9.01298675377355
MAP3K15,-12.58916914077857,-12.76595468409822,-12.537526959226897
SH3KBP1,-9.288225297732296,-9.422243641901446,-9.059483116299203
BCLAF3,-10.503148888277739,-10.446365878792804,-10.50227087856738
EIF1AX,-8.522627235776959,-8.666474732084612,-8.625456721865133
RPS6KA3,-9.522158784661002,-9.541973269942238,-9.857121842635838
CNKSR2,-10.106829399808387,-10.01771433800751,-9.69575798677615
SMPX,-7.770479896476485,-7.96063594500141,-7.332123588831866
MBTPS2,-10.368619720288827,-10.368739640313374,-9.742842517792779
SMS,-8.226890242419545,-8.733634026627724,-7.820734015895323
PHEX,-12.325615949817834,-12.728476570239197,-12.38006927569161
ENSG00000289084,-9.609543711080223,-11.399764531923475,-10.001693360997969
PTCHD1,-10.89580488203772,-12.707959663162965,-11.059264669976578
PRDX4,-9.2881309528412,-9.538464865887464,-8.679144600043418
ACOT9,-11.045145054330211,-10.957635625090255,-10.745760946535887
SAT1,-10.502261322649073,-10.722712786358459,-10.01864622270865
APOO,-10.394943021039579,-10.323062958880076,-9.716480638096222
KLHL15,-11.541501672822722,-11.554489076972025,-10.966849981708195
EIF2S3,-8.855156199087071,-8.915572053121638,-8.27404959907261
ZFX,-9.366423086413194,-9.829876985563603,-9.403935111399178
PDK3,-9.969331319451644,-10.2165483596174,-9.29244649458771
PCYT1B,-11.063646388778453,-11.302560852723875,-10.764671384642885
POLA1,-9.52186074050686,-9.675775424370629,-9.052017690054582
IL1RAPL1,-7.980438046840719,-8.327222113752516,-7.624880059549537
GK,-11.811170145631325,-11.679431041343788,-11.4529853991585
TAB3,-10.78152896170756,-10.859317344555533,-10.865921579662418
DMD,-7.046524670657721,-6.693125113162299,-7.352443657414902
ENSG00000233928,-13.135559073624906,-12.927424945579048,-12.563879151646258
TMEM47,-10.761323479358708,-10.217484195888956,-9.492950469744065
PRRG1,-10.479842120367728,-10.605231947956756,-10.047709462925452
XK,-12.73965319467756,-12.678863434194524,-11.686986864814811
DYNLT3,-10.931266599821376,-10.888794243569052,-10.961207436990305
ENSG00000259977,-12.225514168562652,-12.03565518551789,-12.636781875608799
SYTL5,-11.011991184160028,-10.789096622563907,-11.323843878566638
SRPX,-11.45997095158097,-11.894210371082506,-10.508070276445158
RPGR,-10.586874034017583,-10.519527844338425,-10.06848408880164
TSPAN7,-10.101265833205227,-10.499941462731716,-11.060373927272764
MID1IP1,-11.367908150335372,-11.580784929174516,-10.637335487313994
BCOR,-9.98521110678099,-9.947100458965606,-9.931410653964763
ATP6AP2,-9.659003057075534,-9.689982088329241,-8.979950345439622
CXorf38,-11.319936653299369,-11.783060410046456,-10.672468364056371
MED14,-9.990690740670011,-10.020963902228612,-9.456448509598355
USP9X,-8.71716977174848,-8.675665914983949,-8.146994175024542
DDX3X,-8.954210839539698,-8.980238124053276,-8.544818821529786
CASK,-8.68462999892541,-8.612255204916844,-8.164619885892007
MAOA,-13.019908873012596,-12.595378096990355,-12.125157702970288
EFHC2,-11.697909899948197,-11.519141554064346,-11.43419141982098
FUNDC1,-10.472032623254808,-10.468771998099893,-10.47539193084514
KDM6A,-7.970649373095432,-7.911962110070787,-8.082388948520691
KRBOX4,-10.683519695116985,-10.722503903842952,-10.813053680251354
ZNF674,-12.116903577034245,-12.106374780431938,-12.32302480010407
ZNF674-AS1,-12.796600413047903,-12.986860112986733,-13.05507384813105
SLC9A7,-10.897872749613054,-10.994573478432386,-10.346406604829355
RP2,-12.099576665614983,-12.035619614409717,-12.008975945509412
JADE3,-10.265025452504311,-10.343440740024459,-10.380931388976087
RGN,-11.167237000806198,-11.70646568630247,-11.389693689033372
NDUFB11,-8.628471846967619,-8.681432761279451,-8.428997189942743
RBM10,-10.386950484764764,-10.474178279053017,-10.475813865103543
UBA1,-10.037693161272115,-10.295200113464062,-9.750154108772744
CDK16,-10.438426676421022,-10.579937636848234,-9.859103399614103
USP11,-10.065307538332144,-10.017538164645732,-9.508996410676868
ZNF41,-11.552422141268234,-11.354060228763386,-11.845759418798526
LINC01560,-12.29932913002886,-12.239177922403718,-12.346314408735015
ARAF,-11.142594616550278,-11.13250835004128,-11.360771877846073
TIMP1,-10.064262072710946,-9.835658063896712,-10.130579993704032
ELK1,-11.473063597822044,-11.454495126380221,-11.567927699264962
UXT,-9.55878442864611,-9.683871549890005,-9.767550648454565
ZNF81,-10.782780330661875,-10.787997529497302,-10.95727536758485
ZNF182,-11.828676560400762,-11.736972250589885,-11.789270467648327
FTSJ1,-11.809162850152049,-11.774966996657632,-11.884985909572164
PORCN,-12.816054493635647,-12.786245301786,-12.79992181599442
EBP,-10.774902547547322,-10.951366884761434,-10.871937309320465
TBC1D25,-11.440691350211308,-11.554172350925434,-11.721263577807086
RBM3,-8.727078047064607,-9.072275193814558,-9.353005676303257
WDR13,-10.619820577691154,-10.61242663286389,-10.670722116704797
ENSG00000232828,-12.218176628328319,-11.908235205305715,-12.580877618900509
HDAC6,-10.89400274016108,-10.814150839755936,-10.955213116277708
PCSK1N,-12.273731666805887,-11.971614157820747,-11.975734906366647
PQBP1,-10.350098715779678,-10.405902563301703,-9.836232069912272
TIMM17B,-9.59563711324373,-9.67439663362239,-9.09571855779237
SLC35A2,-11.818301852326973,-11.942491587285673,-11.486297010329505
OTUD5,-10.637227205992952,-10.636209110053414,-10.161187442725879
GRIPAP1,-10.173799856149786,-10.209907900181738,-9.65622182051621
TFE3,-12.160542300766343,-11.921020014023723,-11.527695059412542
CCDC120,-12.634552676298696,-12.60290653799126,-12.649865797346775
PRAF2,-11.219549177341227,-11.209535610923613,-11.240983729228955
WDR45,-11.02125617969243,-11.25060010642449,-11.220489368351556
GPKOW,-11.699050111959366,-11.681772437507092,-11.887751848819155
PLP2,-11.95118811507123,-11.531926913362959,-11.315518612108322
CCDC22,-12.330628740111468,-12.313113394277599,-12.345455483474241
PPP1R3F,-11.641103256061758,-11.547891609028909,-11.556533228319127
USP27X,-11.931546342173666,-12.10187727721688,-12.02985331079433
CLCN5,-10.259011913388576,-10.144335747338184,-10.591247616462285
SHROOM4,-10.727727820510937,-11.397465793419357,-11.312989049281803
NUDT10,-12.901770043238033,-12.958833899482714,-12.672971146884677
NUDT11,-11.26476684835718,-11.259906589701794,-11.2065999109993
GSPT2,-10.446456985901344,-10.475298012576818,-10.514927968672154
MAGED1,-8.718064452136677,-8.99397067625454,-8.82299498260009
FAM156A,-12.032051501589846,-12.205241356936392,-12.310672489111111
GPR173,-9.943640307074817,-10.153213629342064,-10.278314349713582
TSPYL2,-11.300797546648688,-11.03892523987368,-11.013029299961373
KANTR,-10.077746818627363,-9.992028127570295,-10.046186869003618
KDM5C,-9.995511541248954,-10.484162963133942,-10.0132083006465
IQSEC2,-12.108534202284721,-11.99705580781016,-11.700080535274607
SMC1A,-9.06226878794957,-9.25514255908917,-9.295635894795154
HSD17B10,-9.481216598874973,-9.740501762509332,-9.680917686853117
HUWE1,-8.469150653588716,-8.456039937141226,-8.561252865557108
PHF8,-10.883950272099682,-10.84581711366994,-11.033387147320447
FAM120C,-10.8654905121452,-10.813355303859945,-10.917586169553623
WNK3,-10.35349036983887,-10.285885668449678,-10.376191626428604
TSR2,-10.177084689142852,-10.317369577893643,-10.28289871108248
FGD1,-11.322710622815437,-11.344876727394219,-11.260765220293072
GNL3L,-10.17003164024162,-10.080193502547052,-10.59439233046021
MAGED2,-8.479484717452385,-8.36406210581549,-8.577405161401817
TRO,-10.9027904116901,-10.826419583771607,-10.908379953050185
APEX2,-12.087034383471574,-12.381224038771297,-12.24269416546673
FAM104B,-10.93358171523219,-11.037327613692252,-10.990615384256003
RRAGB,-10.216018286107833,-10.235779791570502,-10.160426299012165
UBQLN2,-10.168239181168529,-10.094849940433416,-10.228894129030488
NBDY,-9.097159380613467,-9.106333434093903,-9.043286296737369
SPIN3,-10.87709362419374,-10.890562857249261,-10.817193710101742
SPIN2B,-11.37744973857799,-11.409283859474026,-11.590777407376548
ENSG00000226310,-11.100761044145608,-11.215932236217927,-11.32250559538007
SPIN2A,-12.55199345051249,-12.58923679850081,-12.658571254767942
FAAH2,-10.282387336514166,-10.353340365642628,-10.121518871643937
ZXDB,-12.365909369673139,-12.62725743433244,-12.439996755053057
LINC01278,-8.864342985778267,-8.745947558802493,-9.05484254847075
SPIN4,-11.815746134808094,-11.931762793330682,-11.92091002967701
ARHGEF9,-10.007361006235014,-10.064665977606166,-10.102572781851388
AMER1,-12.39627238608129,-12.214462530396942,-12.225684310036815
MTMR8,-11.166421457337893,-11.260127937439982,-11.053907714265394
ZC4H2,-9.203437560000951,-9.316363591138185,-9.41084058408647
ZC3H12B,-8.265642357723685,-8.182894804361627,-8.553810642076973
LAS1L,-10.276633127308562,-10.46098132398855,-10.333440208147362
MSN,-10.593172689460017,-10.610630370459964,-10.454161030350651
HEPH,-9.26018230804298,-9.690154481518139,-9.726296084036747
EDA2R,-12.03950788622631,-12.34368549497658,-12.429206949399365
OPHN1,-10.182211815554433,-10.140216841294128,-10.187354874427982
YIPF6,-10.035158187224772,-9.982780032999875,-10.160947314519579
EFNB1,-11.73830198875619,-12.109689466866405,-11.848150695169135
PJA1,-10.517069496869096,-10.641633865514603,-10.679476131510091
EDA,-10.777472457357469,-10.467433459411188,-10.658595528875663
IGBP1,-9.532844986551854,-9.608328540983939,-9.656174566785662
PDZD11,-10.345025473541039,-10.478908614306508,-10.405332456034111
KIF4A,-10.558452487672461,-11.12810886935036,-11.126408198271184
DLG3,-10.08089134451304,-10.03982740553364,-10.119922546409452
SNX12,-11.321929806899231,-11.251281578961159,-11.304013627899804
FOXO4,-12.609515532354225,-12.355111846648368,-12.745373396942561
MED12,-10.964247968640827,-10.947726618802264,-11.18369990021387
NLGN3,-12.427425304775658,-12.182149674725261,-12.757103811802681
ZMYM3,-10.30835079850383,-10.324666394676871,-10.435991356492469
NONO,-8.175583970914353,-8.375225219995704,-8.427010544916772
ITGB1BP2,-9.655481836484572,-9.765215945560112,-9.772023561285227
TAF1,-9.8056709083377,-9.871979470283904,-10.026341339686835
OGT,-9.370923300131938,-9.416081588489822,-9.553606349812812
GCNA,-11.772681646514398,-11.975107120813968,-12.452003009334211
NHSL2,-10.748000506205821,-10.569075921503954,-10.859088560762224
RTL5,-11.455609145341269,-11.466495616672013,-11.541859979623018
PIN4,-9.438421938139774,-9.583607017982615,-9.703048863184666
ERCC6L,-12.24953393443937,-13.051272439690655,-12.5499693879318
RPS4X,-6.658132527469537,-6.790371038696591,-6.163121275896156
HDAC8,-8.571436023331838,-8.581890565100057,-8.71776967720825
PHKA1,-11.036731917971581,-11.212827220989746,-11.19547795015712
NAP1L2,-11.509327928902016,-11.664122868360614,-11.759836085265174
CHIC1,-10.328021484270346,-10.267236493479457,-10.351287704704731
XIST,-7.601521352568737,-12.765622836482336,-12.890727387510246
FTX,-7.739161676951533,-7.593331358583991,-7.85671993357333
JPX,-8.293393892777082,-8.882919666595136,-8.205529235449207
ENSG00000271533,-10.922823126413869,-10.793085794112374,-10.960510365414887
SLC16A2,-11.590835160766664,-11.67162085909103,-11.393050504860653
RLIM,-9.910607390733682,-9.984820939342613,-10.106283118867116
NEXMIF,-12.205583173469364,-12.165178870357531,-11.818289111275162
ABCB7,-9.66964631368643,-10.019457249252827,-9.645107278876246
UPRT,-11.249362428271201,-11.553562406256367,-11.144119859307635
ZDHHC15,-10.586823044060944,-10.726522352485294,-10.824969728932228
PBDC1,-9.896944544553627,-10.02223861123216,-9.900604316281381
MAGEE1,-13.227633617159029,-12.867651984797911,-12.665252012660732
MIR325HG,-9.65760318014492,-9.6910827360104,-9.798650162205908
ATRX,-7.795127771547616,-7.797144323914289,-7.933311548021665
MAGT1,-9.74666385573828,-9.636379384634388,-9.883296642207203
COX7B,-8.217365533525971,-8.353718399375955,-8.191522653191406
ATP7A,-11.02302959214427,-11.036346413439537,-11.04636183040074
PGK1,-7.983122913651003,-8.204307728847507,-7.64909348225589
TAF9B,-10.954470127835762,-11.055225372291696,-10.996449078067618
ITM2A,-11.441710926729794,-11.429703635971158,-11.293328173462392
BRWD3,-9.646688344985645,-9.624941738165735,-9.742736827104908
HMGN5,-9.929992827624838,-10.160618416287274,-10.16693380736148
SH3BGRL,-8.412884551794876,-8.358715714971371,-8.639442675085874
RPS6KA6,-10.624306981402313,-10.646442367507218,-10.785757189094358
HDX,-10.624264026800747,-10.69246304264101,-10.69569719387146
APOOL,-9.866808429572425,-9.816445397155674,-9.896681709523547
SATL1,-11.624147927841488,-11.771044405216339,-11.664469206933903
ZNF711,-9.701334664319681,-9.727292681000186,-9.846770245203295
CHM,-9.639674696888852,-9.752295142454127,-9.76063108693666
DACH2,-11.847480330123137,-11.47794840038994,-11.76096464214336
KLHL4,-9.619658197094145,-9.584475696533039,-9.26614051454233
PABPC5,-11.55066683992555,-11.483642541743615,-10.746741537486487
PCDH11X,-11.718969356074258,-11.254975105375612,-11.207988418803541
NAP1L3,-10.3357639915775,-10.53657186583149,-9.742464245591716
FAM133A,-12.924961976534826,-12.914648163145198,-12.023307137504217
DIAPH2,-9.522559844584581,-9.783393608318592,-8.630738479179248
LINC03077,-9.717110813513743,-10.254131942510401,-8.786469022888772
TSPAN6,-9.411773877712223,-9.53610385978551,-9.428622941413089
SYTL4,-12.913279419610374,-12.816441859470544,-12.427480281584508
CSTF2,-11.204396768385392,-11.267340321923935,-11.303159198586677
TRMT2B,-11.160957113528012,-11.153513190561299,-11.423102755407145
TMEM35A,-12.173550210839025,-12.280662501901961,-12.092161292439165
CENPI,-11.309649748759623,-11.814342761641882,-11.955179625633557
TIMM8A,-11.162192658494416,-11.183167034800505,-11.026792304376508
RPL36A,-6.9941983601005715,-7.241237028067065,-7.122348679358464
GLA,-12.237080509748639,-12.323525012946169,-12.136510764358384
HNRNPH2,-9.422400829736166,-9.43332300936044,-9.593481280348897
ARMCX4,-10.254954764776713,-9.972968469905007,-9.817308932743513
ARMCX1,-10.714543928593063,-10.121501757745534,-10.344264767629276
ARMCX6,-11.593891016750431,-11.444188200529426,-11.603731239372264
ARMCX3,-9.224104385947031,-8.95535065582893,-9.26228107239798
ARMCX2,-10.19797373668115,-10.141156616562224,-10.2488477509319
ZMAT1,-10.233268018742942,-10.306683264299192,-10.313619444176707
TCEAL2,-12.92128772106581,-13.19037839683325,-12.388126672149014
BEX5,-12.1890137978641,-12.33956214845861,-12.145415039238276
TMSB15A,-10.915516564864781,-11.419911012804265,-11.147371455793394
ARMCX5,-12.000408801785424,-12.101622315903118,-11.913217230907842
ARMCX5-GPRASP2,-10.288077341863259,-10.244800639223019,-10.486709187775888
GPRASP1,-12.023513372303665,-12.010215036222856,-11.979708045481436
GPRASP2,-11.874480994491023,-11.57690632056453,-11.40736775647135
LINC00630,-10.680267273421208,-10.665417530893427,-10.757822679306129
ENSG00000239407,-12.005473966644796,-11.909624472929224,-12.110212923818453
BEX1,-8.524936206707292,-8.737007931382053,-8.9694152933401
BEX4,-8.987725871005804,-9.071160062640311,-8.412174233199586
TCEAL8,-9.192938178360924,-9.296035656235194,-8.496054843321474
BEX2,-9.901264920878056,-9.987902404162787,-9.385148415381417
TCEAL7,-12.36916233804183,-12.74293415749509,-10.972629806596307
TCEAL9,-9.127255630346934,-9.238316541310942,-8.476718730067297
BEX3,-7.585606662108131,-7.6599025877469415,-7.068761139532138
ENSG00000281091,-13.258594571777992,-13.313669134979204,-12.644518586889603
ENSG00000234405,-12.685361115594493,-12.643055042276822,-12.109105734222663
RAB40A,-12.562930194731774,-12.637693233501588,-11.948429146288186
TCEAL4,-8.698172774098,-8.89498714953262,-8.022706989779394
TCEAL3,-11.07023980532468,-11.202128337470342,-10.398962095122297
TCEAL1,-10.854102886757437,-10.887316828341412,-10.199684037528527
MORF4L2,-8.403284280346165,-8.417662598386034,-7.871769995480276
RAB9B,-12.447346740030145,-12.343602480860541,-11.951912164849363
TMSB15B-AS1,-11.67003376744022,-11.667190583626434,-11.95959262696124
TMSB15B,-12.705216660823845,-12.913054364116975,-12.876165878813923
TMSB15C,-13.149017632881545,-13.04067172535826,-12.947441308335948
SLC25A53,-11.266997797119346,-11.212922119975191,-11.24664901630142
FAM199X,-10.317739625010722,-10.278978423414927,-10.165922236138456
IL1RAPL2,-9.604600372521864,-9.727848756293135,-11.7660848974826
PWWP3B,-10.51001787748242,-10.639435232838068,-10.318419037017662
RADX,-13.232467327660688,-13.309664044949272,-12.469123967623219
TBC1D8B,-12.466015757039084,-13.061828248388236,-12.164003458706786
MORC4,-10.85401379006377,-11.287478402816197,-11.361749680572926
RBM41,-9.327199308680552,-9.371471640935553,-9.313059263006826
NUP62CL,-11.34041913662696,-11.825539702739315,-11.507419984348578
PRPS1,-10.981881623817658,-11.14571943037297,-10.464049796292763
TSC22D3,-10.272654663761292,-10.525442867733512,-9.718818078073285
MID2,-11.271349830079634,-11.416568140944658,-11.291429282985561
PSMD10,-10.532927583737198,-10.736998808526778,-9.96812922919448
ATG4A,-11.639679333705406,-11.605248429091006,-11.038500396019876
COL4A6,-9.303216908129992,-9.41057662963591,-8.55758972538847
COL4A5,-8.407858299310773,-8.407349335419234,-7.817602780128657
NXT2,-12.358140313728406,-12.52181757190735,-11.83799203497938
ACSL4,-9.872803416221217,-10.272975505790933,-9.632226193804714
TMEM164,-10.550799166462218,-10.650252030622257,-10.151059313152373
AMMECR1,-10.89584922582328,-10.801685869347038,-10.184375020888972
PAK3,-12.984502340312075,-13.110990226991547,-11.447341880145299
SERTM2,-12.087642797640015,-12.359962496587313,-11.140072019839362
ALG13,-10.078207486326095,-10.199582692718733,-9.456940160318355
AMOT,-11.057714888155438,-11.27528743781939,-10.739785227737162
XACT,-12.363327782124669,-12.215041153794992,-11.803751440281344
HTR2C,-11.666402955409799,-11.466905897082928,-12.48737404143798
LRCH2,-10.475620476227549,-10.65704376347465,-9.862835515664864
PLS3-AS1,-10.459921877283547,-10.576698242091355,-10.370029716659518
PLS3,-8.869128632988518,-8.916360981329131,-8.575183748092947
DANT2,-8.044061756083007,-7.989897851249696,-7.418257521076959
KLHL13,-10.278485364673616,-10.390805073571876,-10.419204196901287
WDR44,-10.399734904500974,-10.290665781588972,-9.768706483016507
DOCK11,-11.04240880000554,-10.900919705380897,-11.165785232768133
IL13RA1,-10.529296167846486,-10.528415213019851,-10.711940632727034
PGRMC1,-9.127363031083096,-9.094454999642359,-9.580259178692291
SLC25A43,-11.664420458018663,-11.69280250671874,-11.785668189662962
SLC25A5,-8.027898651652913,-8.214326174648189,-8.018141363147981
UBE2A,-9.76310787131327,-9.769007160835796,-9.835425176599012
STEEP1,-11.49656779354677,-11.740922392673188,-11.48584364613487
NKRF,-11.364536952356609,-11.558741602319794,-11.585154939935379
SEPTIN6,-9.652817779263755,-9.788753465926378,-9.947628935312414
RPL39,-6.682791497013279,-6.869434083707654,-6.775554242261488
UPF3B,-9.706708718220007,-9.804889448557754,-9.74561519212123
RNF113A,-11.052299023635351,-11.31584632184549,-11.258633513460184
NDUFA1,-8.725382288830563,-8.70412281788951,-8.714709726071844
NKAP,-10.10664883419732,-10.16801791671532,-10.111420078034199
RHOXF1P3,-12.698245170765768,-12.654041772246256,-12.853287128287745
RHOXF1,-9.77681141276814,-9.691000878114886,-9.93201124296721
ZBTB33,-11.436324439606278,-11.442590505490552,-11.428809232388446
TMEM255A,-12.979861312034595,-12.014387757467775,-12.519540065320484
LAMP2,-9.78823930154047,-9.656609111777897,-9.770878829825932
CUL4B,-9.789102256682533,-9.869701989788487,-9.861343472284034
MCTS1,-10.096825983510895,-10.108081076298129,-10.19716080187237
C1GALT1C1,-11.200458683083307,-11.064530034219766,-11.256341788352092
GRIA3,-10.564273224031835,-10.978674162901534,-10.706116380671785
THOC2,-8.705339998611237,-8.822096958222424,-8.912556237974863
XIAP,-9.6966305463932,-9.642257619024853,-9.872999365139771
STAG2-AS1,-13.025720075735924,-12.4673665538938,-12.32895770886041
STAG2,-8.803220961684096,-8.896086269821577,-9.011591696782272
TENM1,-10.885738101741492,-10.149295650486502,-10.333031650503496
ENSG00000225689,-8.222318924000112,-8.100558309898313,-8.818598673462299
SMARCA1,-7.8793785788468185,-7.974717639879012,-8.160823955734863
OCRL,-10.435456352800973,-10.483966321503042,-10.631061470673894
ZDHHC9,-11.49210644547101,-11.556528200753265,-11.650743497912352
UTP14A,-10.247837663077966,-10.406475943948378,-10.552228177660902
BCORL1,-11.231052721116509,-11.273946618037545,-11.514273551270719
AIFM1,-9.690800843935369,-9.815691591256202,-9.691984172337627
ZNF280C,-10.563127555119115,-10.521434672819902,-10.637326434526956
SLC25A14,-11.843203460312546,-11.655199201638002,-12.147959946088475
RBMX2,-10.26849391670361,-10.332089963006744,-10.608540608147319
ENOX2,-9.911986870900032,-9.688361252781874,-9.573207191813525
IGSF1,-10.569940844285192,-9.339441536189272,-8.362206653818061
FIRRE,-9.132184036154484,-9.622820717416584,-8.546712253355995
STK26,-9.198845054469833,-9.494476484391116,-8.686335234044988
RAP2C,-10.769662830259849,-10.801583179696642,-10.137243899334845
RAP2C-AS1,-9.96017086539393,-10.158316241532798,-9.48408902551197
MBNL3,-11.83138030884641,-12.067516899349311,-12.447260341094916
HS6ST2,-9.464984262468015,-9.913300155609067,-9.814638631277997
GPC4,-10.895798055075756,-11.235250075735665,-10.126715159968507
GPC3,-8.539322007658741,-7.872170914576586,-9.105573913901187
CCDC160,-10.435375832753728,-10.684710353277376,-9.812511799065128
PHF6,-9.030839386347441,-9.111831012893228,-9.04831262443223
HPRT1,-10.204836909801102,-10.471722006452575,-10.340841371036154
MIR503HG,-12.546443472021755,-12.519137436779683,-12.1013292135989
PLAC1,-12.398120272166206,-12.716106572994082,-11.82688397581706
PABIR2,-12.017683616530688,-12.084664970898293,-12.056690966667695
PABIR3,-11.672000422604041,-11.507389797878664,-11.496111638854696
MOSPD1,-11.028030555881099,-10.880575157370014,-10.891016019650603
SMIM10,-12.625160348685482,-12.361569904504039,-11.932893667932168
RTL8B,-10.91381152064671,-10.547388616574084,-10.750530748104993
RTL8C,-8.929848055501601,-8.999465185979364,-9.099857420542397
RTL8A,-9.797656057637735,-9.830516714696698,-9.830042041614114
SMIM10L2B,-12.96915734256824,-12.908919534882036,-12.775212070327564
ZNF75D,-10.518554659701937,-10.379426342871643,-10.506397205251446
ZNF449,-11.41640109468667,-11.263923750892722,-11.278736713972554
INTS6L,-9.070631973169329,-8.90380982573588,-9.205176382834006
MMGT1,-10.547644634659981,-10.528004883222785,-10.530440646659128
SLC9A6,-11.539136635616101,-11.39824505680661,-11.415791637993062
FHL1,-10.85137288284137,-11.088254453950876,-10.989867925181889
MAP7D3,-10.53854162596626,-10.617390306603253,-10.588833298405422
HTATSF1,-9.070835135795788,-9.090916585358407,-9.157753246283773
ARHGEF6,-12.95552554332191,-13.249176909351219,-12.655740992908525
ENSG00000232611,-10.464450085278642,-10.470913853754025,-10.783046706285706
RBMX,-8.620371867378804,-8.768095171076622,-8.70531847606867
ENSG00000291054,-11.623044993864971,-11.370177326502708,-11.449191136638074
FGF13,-9.457045118162691,-9.518320228117895,-9.628954736167923
FGF13-AS1,-12.75895925248972,-12.88945655261456,-12.974492547627888
MCF2,-12.768630420055487,-13.203901638978492,-12.968187345623068
ATP11C,-9.855606288070371,-10.014325686609256,-9.971978137320297
LINC00632,-11.809573814525992,-11.714428891064127,-11.313534643709394
LDOC1,-10.369846054212793,-10.662377529010225,-10.485591084085758
SPANXA2-OT1,-11.363396635038676,-11.75055467814486,-11.615434994056287
SLITRK4,-12.806044442354017,-12.153462173354779,-12.549514037785407
FMR1,-9.45703660386578,-9.783180857852297,-9.731333987377509
AFF2,-9.367994988479971,-9.686779031445159,-9.432094662833645
IDS,-10.27657808901131,-10.265458829044212,-10.293826338600782
EOLA1-DT,-11.23652768625675,-10.837443990023985,-11.332697985180184
EOLA1,-13.000197160392938,-13.050608544013741,-13.06001974725358
TMEM185A,-9.941160319188858,-9.903617475673661,-10.33162052667673
EOLA2,-12.41217598660158,-12.389321429873773,-12.44651743927918
EOLA2-DT,-10.409386366129887,-10.16330918597821,-10.602958228806536
MTM1,-11.351599543138837,-11.36339942921081,-11.057920283003682
MTMR1,-10.151441533291994,-10.16345625569957,-10.23643490754541
CD99L2,-10.83514099421739,-10.796031113113255,-10.310864574614802
HMGB3,-9.308592622963099,-9.341028488065854,-8.890798699026822
VMA21,-10.180852514041073,-10.268821347221161,-10.246048158631515
PRRG3,-12.001915226990068,-11.637169511503203,-11.945260381391453
CETN2,-10.0923906722512,-9.980018229829904,-10.215217425581109
NSDHL,-11.302838650879002,-11.302180981323227,-11.23963450908672
ZNF185,-11.586927312148754,-11.65725438672443,-11.940050225977533
ZNF275,-11.89124853560409,-11.915166405691231,-11.91665761167489
CCNQ,-11.40783223853232,-11.502339659471435,-11.64100140721953
DUSP9,-12.92303203295094,-13.106061734258235,-12.754235259987915
PNCK,-12.363970047401372,-12.359509765174883,-12.096311403877253
SLC6A8,-11.650320724731078,-11.720648069783971,-11.786648699314007
BCAP31,-9.469030670314202,-9.476568079878804,-9.613324303220399
ABCD1,-12.71338851265778,-12.66242662372638,-12.787444301747241
IDH3G,-10.31582611822641,-10.523857421461285,-10.503997253938099
SSR4,-8.80466632917667,-8.940583060544165,-8.946591298320905
ARHGAP4,-13.123680209277342,-12.999050419799811,-12.286872809724228
NAA10,-10.117889437474279,-10.211269115312858,-9.572146687446127
HCFC1,-10.410618559849855,-10.480009099604512,-10.525389550054156
TMEM187,-12.822816797195914,-12.681071464487976,-12.082679472470383
IRAK1,-11.865273094362765,-12.507806109685724,-11.799243201032684
MECP2,-9.764699807967183,-9.851488703867728,-9.9895063101233
FLNA,-9.982497354550057,-10.049586860174925,-10.252908319274002
EMD,-10.503577577887222,-10.607304658641405,-10.423505421991328
RPL10,-6.433333618532171,-6.575666803507747,-6.527299016598412
DNASE1L1,-11.869446165314663,-11.981657248972336,-12.161038727222184
TAFAZZIN,-11.337449010025152,-11.448544540066402,-11.393807191080318
ATP6AP1-DT,-12.043027778053228,-11.739863349993085,-12.014989782419544
ATP6AP1,-10.498022262041305,-10.502600192458035,-10.641254584101919
GDI1,-10.855110914248629,-10.872242995617299,-10.98578990148226
FAM50A,-9.826672426323494,-9.889264600815535,-9.915881644240939
PLXNA3,-12.114297779829638,-12.077132218153995,-12.527676588519668
LAGE3,-10.057781320817165,-10.067165191307797,-9.854360837040604
UBL4A,-11.307037789891423,-11.30615301919032,-11.316189695540315
SLC10A3,-11.97492334427215,-11.969224335293465,-12.09861877237946
FAM3A,-10.593707299721565,-10.721057458532638,-10.743908440202262
G6PD,-12.13400105423387,-12.124480495700759,-12.062917922904484
IKBKG,-12.200816819102272,-12.420232770542322,-12.357691641691405
DKC1,-10.051982529144478,-10.23312339709026,-10.234912428055551
MPP1,-11.208745370014483,-11.49229915838414,-11.351793117225432
F8,-12.10062231734746,-11.964596434112952,-11.770282204208037
FUNDC2,-9.763807542035531,-9.782928386123585,-9.692902606975139
CMC4,-10.771494183262147,-10.93635993475223,-10.709824518034898
MTCP1,-12.366831583668912,-12.540490461480628,-12.053554265526053
BRCC3,-9.841730328391328,-10.032817662710984,-9.97423564781784
VBP1,-9.488156859605455,-9.557220503048788,-9.585785995738249
RAB39B,-12.54920306686612,-12.668363783970683,-12.623096776671883
TMLHE-AS1,-12.217634067287108,-12.64207171866224,-12.563757956540035
TMLHE,-9.323164481892556,-9.207559005883862,-9.291897526064334
SPRY3,-10.439917738403933,-10.426601373427422,-10.702693067464338
VAMP7,-10.724803155000625,-10.859796708327913,-10.897788809150352
MT-ND1,-7.544924038568165,-7.428226633360381,-7.326072694809323
MT-ND2,-6.915113201467939,-6.414310905573568,-6.804545452667366
MT-CO1,-5.393591240462266,-5.524387994411209,-5.267680344147447
MT-CO2,-5.847276878537998,-5.776544692561277,-5.797677609574166
MT-ATP8,-9.127875425590759,-8.81835581429118,-9.027796638467086
MT-ATP6,-6.618447351591226,-6.436404592076617,-6.559505237179037
MT-CO3,-5.556628306714271,-5.35764528229294,-5.371775224768371
MT-ND3,-7.023662755800129,-6.53510535712109,-6.663967622089211
MT-ND4L,-6.894776970714206,-6.6990688202942765,-6.814361015165812
MT-ND4,-6.171012208150485,-5.887321085074065,-6.127086001896611
MT-ND5,-7.018976251985484,-6.793583971218251,-7.017600541611653
MT-ND6,-10.677914577209235,-10.844039791977435,-10.760869166510393
MT-CYB,-6.451097707763246,-6.224167375550519,-6.475821718163086
ENSG00000276256,-11.82510068092615,-11.43671183842631,-12.03721312352635
ENSG00000271254,-11.310967005206258,-11.503961567192933,-11.711258194676702
ENSG00000278817,-11.074195112659543,-11.18358757209174,-11.226855910964224
