gene,NA19099_Cardiomyocytes,NA18522_Cardiomyocytes,NA19093_Cardiomyocytes
ENSG00000291215,-12.787940201904565,-12.252129887792982,-12.732504110652568
LINC01409,-12.024734242760895,-12.04457974360523,-12.122250761876288
ENSG00000290784,-13.064627515039085,-12.894940624830612,-13.19223646970278
LINC00115,-12.376827624159125,-12.410658710975701,-12.52545909779607
LINC01128,-10.477411675721989,-10.590233487561907,-10.646935798602732
SAMD11,-11.951788582992402,-12.109157864125958,-11.858831226181218
NOC2L,-10.28721782646344,-10.478772862100449,-10.47361695652502
HES4,-10.674306724079514,-10.725114209769645,-11.591208836666585
ISG15,-11.311601223823835,-11.187969446569474,-11.05550604046484
AGRN,-11.634744186099274,-11.61019349238869,-12.145690256266349
C1orf159,-10.908646069659774,-11.055457575288173,-11.137556708893037
SDF4,-10.006137796723287,-10.135016279212,-10.166337441035273
B3GALT6,-11.113934956704338,-11.199907736103556,-11.284878579560988
UBE2J2,-10.336804980070594,-10.436504622618756,-10.431498412885745
ACAP3,-11.92090245658926,-11.981044238886366,-12.106264519467516
PUSL1,-11.974947266421717,-12.064992460537216,-12.165449035384654
INTS11,-10.979943831376833,-11.192354718871336,-11.153016145984504
CPTP,-12.256018083727437,-12.3345312084039,-12.285941382007547
DVL1,-12.385786571588207,-12.687550117405328,-12.518698939806573
MXRA8,-11.557038946672764,-11.203008674010134,-11.667664312698388
AURKAIP1,-9.306163421892082,-9.41100110698366,-9.382838975048035
CCNL2,-9.216330835317107,-9.216293463727622,-9.527531630683407
MRPL20-AS1,-11.962401474998753,-11.906953127119325,-12.031599146167204
MRPL20,-8.977478326594229,-9.082242352793951,-9.087159157653238
VWA1,-12.342854137855378,-12.538087481790848,-12.914512477273547
ATAD3B,-12.027536164580427,-12.023912913671005,-12.068378729003483
ATAD3A,-11.285661379993387,-11.403153615736898,-11.571718303378209
TMEM240,-12.574281105576361,-12.57970671102087,-12.704169380671225
SSU72,-9.481533285270663,-9.504648032029166,-9.574661955640732
FNDC10,-11.968314636525824,-11.886746377287931,-12.468682207939864
ENSG00000272106,-11.402806373146682,-11.51874869826452,-11.537253662603897
MIB2,-11.231745637401357,-11.35120670444717,-11.364756495675813
MMP23B,-11.78443028893639,-11.981450483036124,-13.121643955919716
CDK11B,-10.40480819431045,-10.583970937906312,-10.542817124265515
SLC35E2B,-10.49100991440108,-10.446858881653295,-10.619940527572533
CDK11A,-10.657209200541546,-10.814752505127105,-10.907366046897755
ENSG00000290854,-11.417646980292757,-11.450052975912477,-11.679244633674909
NADK,-11.29878473552836,-11.330450430520798,-11.381378421554635
GNB1,-8.72282606767283,-8.832872879062295,-8.912096508875106
PRKCZ,-10.944735875263763,-11.008654627361059,-11.02760165025114
FAAP20,-9.805897422474716,-10.0167612780796,-9.920714114362685
SKI,-10.587712573203714,-10.598115982539191,-10.749989577322863
MORN1,-11.62182737497094,-11.570877204865322,-11.826506843263495
RER1,-10.2266593599347,-10.26903057178718,-10.355064198804198
PEX10,-11.532659325779852,-11.603837579305385,-11.547467039786099
PANK4,-12.243198312127097,-12.285961036676555,-12.129109225760429
PRXL2B,-12.188052969357093,-12.147011403748017,-12.0673874860612
PRDM16-DT,-11.287611356261934,-11.961354049889167,-11.493851611450616
PRDM16,-9.297573371564251,-9.58787303076722,-9.39043034012506
MEGF6,-12.322936834913987,-12.522548669932112,-12.623155865922163
TPRG1L,-11.08778839514025,-11.195891068564364,-11.21763793830185
WRAP73,-11.66080497794803,-11.783386501202019,-11.698535684923705
SMIM1,-11.748691369344412,-11.722877720693269,-11.561287921053998
LRRC47,-10.355441742602695,-10.48118660989748,-10.437811250912189
CEP104,-10.55122533153797,-10.526893645127368,-10.581249744957562
DFFB,-12.106335738543043,-12.15764357639491,-12.222914377856538
C1orf174,-11.28008983827206,-11.319487964253437,-11.353687812615965
NPHP4,-11.224565126577648,-11.357493449665617,-11.11459997560849
KCNAB2,-12.506308195726607,-12.735910341648411,-12.139705181125493
RPL22,-7.133316364517357,-7.306717224407209,-7.28869684065422
RNF207,-9.921556925428513,-9.554116117175909,-9.795439194527233
ICMT,-10.446574943639824,-10.523421954571205,-10.639616030111538
GPR153,-12.683509808731227,-12.31087920866248,-12.317462222353162
ACOT7,-11.524851084719492,-11.79396774851058,-11.722578227717301
PLEKHG5,-12.097457607212958,-12.0752202037603,-12.282037933526611
NOL9,-10.181690266700299,-10.265290286716315,-10.372106748780865
ZBTB48,-11.902642732370081,-12.01532079935029,-12.195347338634958
KLHL21,-10.490448224078062,-10.451371496765654,-10.852507511707406
PHF13,-10.28637440942776,-10.205221650213485,-10.601324735782974
THAP3,-11.419979779395677,-11.542479421257733,-11.463677355460836
DNAJC11,-9.982323552731355,-10.054510298571737,-10.12016798382788
CAMTA1,-8.27868956981512,-8.194641380533668,-8.151659137358468
VAMP3,-9.9681665125185,-9.88110458538124,-10.080961261345571
PER3,-11.369195180108292,-11.08178195612851,-11.072984770271397
PARK7,-8.485781836615221,-8.619733515855323,-8.555748643524458
ERRFI1,-11.05417445724092,-11.130228820741582,-11.09351653023422
RERE,-7.447806752433422,-7.496184418467431,-7.655375370538081
ENO1,-7.160838833873985,-7.51223278944768,-6.7895288933069535
GPR157,-11.76538655345992,-11.435857672899617,-11.82974980847618
MIR34AHG,-12.353729612068573,-12.456594227727141,-12.764929117979136
H6PD,-10.933049799884845,-10.913634369707541,-11.327114972741503
SLC25A33,-10.69775879770649,-10.63597225466816,-10.794761306559327
TMEM201,-12.309277481590135,-12.387574339067625,-12.369611012174982
PIK3CD,-12.89609123845469,-12.875857876635639,-12.86151220687111
PIK3CD-AS2,-12.198929892812835,-12.613900675728598,-12.062050519051162
CLSTN1,-10.0289108711659,-9.877860338549151,-10.269859759259207
CTNNBIP1,-9.998374733247843,-9.971369965209714,-10.106840347250426
LZIC,-9.448289599622717,-9.481424721146311,-9.455096537392706
NMNAT1,-10.98065059465272,-10.933282623476085,-10.903920126092359
UBE4B,-9.12714246654288,-9.050458801730082,-9.462667442696786
KIF1B,-8.493097544461948,-8.490918744199183,-8.754995952631461
PGD,-9.5728178157048,-9.705701987781309,-9.797256892282187
CENPS,-11.142309757925023,-11.373913851689554,-11.362484153165305
DFFA,-9.74311525553672,-9.905953752873776,-9.848309283486012
PEX14,-9.865839208432995,-9.913364521512754,-10.049920460923122
CASZ1,-9.01097207211338,-9.069730135225406,-9.212260937715389
TARDBP,-9.36729743677114,-9.425081492494998,-9.520759779147804
SRM,-9.963723195882798,-10.159446207557377,-10.16706954963001
EXOSC10,-9.760920612693182,-9.808365730427536,-9.89468313544167
MTOR,-9.868033219082253,-9.90389644130673,-9.971506369816273
UBIAD1,-11.20186044857668,-11.214265870507687,-11.283662192079678
FBXO2,-12.316534536322463,-12.275334273193405,-12.129173081264675
FBXO44,-11.809382062517582,-11.923671002507552,-11.570704156602158
MAD2L2,-10.886673968214332,-11.12721814063543,-10.587002158876908
FBXO6,-13.112548065593808,-13.208855506508943,-12.976956633045083
AGTRAP,-10.93744077244206,-11.012905632027083,-10.704649307363676
MTHFR,-10.521362583040867,-10.481894988277732,-10.693822025775773
CLCN6,-10.74303368826327,-10.758765420764878,-10.953572765589527
NPPA,-8.558611395778918,-8.449806522211018,-8.010845542649955
NPPB,-9.902002955906884,-10.030705192717184,-9.947526948370752
KIAA2013,-10.826364130879638,-10.956826480684127,-11.012443744423747
PLOD1,-10.58834539143335,-10.752172724522653,-10.576907876029484
MFN2,-10.177710737428754,-10.238999075668561,-10.396959335607887
MIIP,-12.413961248495662,-12.421537565530588,-12.539747094532702
VPS13D,-9.178901766765351,-9.374067567398466,-9.40263811541716
DHRS3,-10.529972757230812,-11.105901825754959,-11.390968106568014
PDPN,-12.511622587974893,-12.495612476314497,-11.639421945941976
PRDM2,-9.584299140787868,-9.580627807686064,-9.6527777538284
KAZN,-8.317407951022119,-8.24037697483599,-8.500788672814314
TMEM51-AS1,-11.489302260356311,-11.657559570206535,-10.993728628012047
TMEM51,-10.117006253961176,-10.467487106090223,-10.203352856063646
FHAD1,-11.667105942843486,-11.87630648518292,-11.542398495866683
EFHD2,-11.594064820162249,-11.735500560752637,-11.149552956707277
CASP9,-11.087743417087903,-11.19812915450464,-10.989993584101672
DNAJC16,-10.136392012205938,-10.089918833059707,-10.27754338011903
DDI2,-10.177138018751254,-10.17204893241836,-10.201113539080417
PLEKHM2,-9.880131286186607,-9.846436235522658,-10.086468789674381
FBLIM1,-10.015134643522753,-10.120563245782007,-10.181376036044188
UQCRHL,-12.064124098659086,-12.109113076910068,-11.9945924073613
SPEN-AS1,-11.094957891800899,-11.070430254960664,-11.004086586909121
SPEN,-9.132699027796296,-9.13993678780667,-9.323597572644513
ZBTB17,-11.708959160556008,-11.73263929486215,-11.954884565748717
HSPB7,-8.63886813666363,-8.823111343632283,-8.605533742819608
CLCNKA,-13.173973445797236,-12.955380251235818,-12.941634494320061
CLCNKB,-12.788468723534365,-13.103061763217065,-12.822817522071112
EPHA2,-12.156242680688223,-12.137151082840232,-12.578762052644084
FBXO42,-9.819498584146888,-10.015069877507628,-10.022824049641049
SZRD1,-10.087851511065557,-10.160826211735117,-10.257997215782423
NECAP2,-11.127780080997226,-11.27360848815556,-11.247484705607922
CROCCP3,-10.450659028136183,-10.437077712823509,-10.593146821073091
NBPF1,-10.338830437751787,-10.1025849872678,-10.294880231764095
CROCCP2,-10.838728235633967,-10.602998432429835,-11.127794076455023
CROCC,-11.207854753173509,-11.599340309354146,-10.83468583875977
ENSG00000238142,-12.181637349451377,-13.067504488434635,-11.782682665582557
MFAP2,-10.323313403900528,-10.370667302872443,-10.780149438786752
ATP13A2,-11.90278989272169,-11.984542895741692,-12.044578731277714
SDHB,-9.698162335146941,-9.838034117436242,-9.797300925373973
RCC2,-9.96313206726106,-10.130377149416647,-10.185589341839634
ARHGEF10L,-11.044785863989297,-11.040653659147031,-11.118644410601865
ALDH4A1,-11.175616171422707,-11.014195631541147,-11.059591147963314
IFFO2,-12.83937120249218,-12.67013442419274,-12.612044095956666
UBR4,-8.828512151901593,-8.942673889134966,-9.01157577423671
EMC1-AS1,-11.25153680216098,-11.28261161482998,-11.09073665959625
EMC1,-10.995075759126843,-11.08123763270066,-11.239292863069274
MRTO4,-10.275203880523591,-10.504277902096405,-10.403754335412795
AKR7A2,-10.06801526034731,-10.242066917875412,-10.157322881940345
SLC66A1,-11.964770751683856,-12.086298317480072,-12.124270069534802
CAPZB,-8.56262675825643,-8.635136347556646,-8.736480175450298
MICOS10,-8.571039551548845,-8.739506098421357,-8.604266222497392
OTUD3,-11.118683402517453,-11.242534181259371,-11.125354957686934
CAMK2N1,-12.499945985174142,-12.33794853953221,-12.491575710270775
MUL1,-11.385162963507998,-11.461366902444974,-11.31554912778287
PINK1,-10.477881391969124,-10.569256069360415,-10.528637451307818
PINK1-AS,-12.518810376624666,-12.564848765379974,-12.94072939357963
DDOST,-9.30669679993642,-9.421681206572691,-9.612717992032785
HP1BP3,-8.75337028527561,-8.823795270840945,-8.899616351647085
EIF4G3,-7.890646107025201,-7.938261359237605,-8.05656128750155
ECE1,-10.048283394789099,-10.164783501883859,-10.426620861655119
NBPF3,-11.3485483729936,-11.885724595992588,-11.678146551426435
USP48,-9.196003860548267,-9.239048849149723,-9.309280927358694
HSPG2,-9.921449801133774,-10.077579486327187,-10.144325590551334
LINC00339,-11.642236745078028,-11.946954101816509,-11.647425510654111
CDC42,-8.362049575588,-8.401958500059918,-8.408373183653183
ZBTB40,-10.383351257908567,-10.4339147599599,-10.625266802535094
EPHB2,-10.027607346846244,-9.834859829524394,-10.181662068547443
KDM1A,-8.627256107619184,-8.777638895205104,-8.698191956495533
ENSG00000240553,-12.395889516007683,-12.478028272894477,-12.37446853363107
LUZP1,-9.318121990769068,-9.318084754622483,-9.36837314301539
LINC01355,-11.560424697725574,-11.707052300133274,-11.760677392511036
HNRNPR,-7.9685975576805745,-8.127626254596914,-8.202106442797927
ZNF436,-10.83678958724306,-11.138597682202775,-11.247209007910026
ZNF436-AS1,-11.975749680917017,-11.600359944960765,-11.259131821804399
TCEA3,-9.052578284326215,-8.928703187229955,-8.851000986065225
ASAP3,-10.625442488832215,-10.657650487889878,-10.777437365064502
ID3,-8.620665622358322,-8.580597897175387,-8.728999548414452
RPL11,-6.499631386847047,-6.648709834546878,-6.584639874220404
ELOA-AS1,-11.067667018171168,-10.949940200894265,-10.978538914646505
ELOA,-9.942812008553108,-10.125594288946806,-10.156177481704542
PITHD1,-10.291724910096962,-10.447030206034247,-10.32499878580551
LYPLA2,-10.572639130816455,-10.718965926448174,-10.737350482142508
GALE,-11.343610815231528,-11.470409311380857,-11.298605305514345
HMGCL,-10.904125242062397,-11.159173342389863,-10.993348377819594
FUCA1,-11.63218130769209,-11.66568261203825,-11.62138534748459
PNRC2,-9.336245113484926,-9.513179378797863,-9.500183270948861
SRSF10,-8.641682761706505,-8.693805276278331,-8.7314767085929
IFNLR1,-11.548136844527033,-11.84540019995452,-11.798482715435753
STPG1,-11.838902571466217,-11.78098430682366,-11.664826868396007
NIPAL3,-10.901887276788692,-10.876063511741362,-11.008194279678245
RCAN3,-10.886112153210068,-10.757466918084422,-11.04835103056465
SRRM1,-8.349242462276328,-8.409675589058338,-8.352043523087168
CLIC4,-8.412202609814809,-8.530890898887447,-8.346949673631846
SYF2,-9.662349282887646,-9.773201119163732,-9.708558808689618
RSRP1,-8.795144506546054,-8.746186181689485,-8.769451187934015
TMEM50A,-8.738285672103236,-8.647153109945172,-8.730720560487043
MACO1,-9.794394085835625,-9.868808753090164,-9.893188453806022
LDLRAP1,-12.069498648408443,-12.214878466181746,-12.146055984116641
MAN1C1,-9.73936099759602,-9.974928007936006,-9.78209896462763
SELENON,-10.853512560042432,-10.956300829157518,-10.992024330373935
MTFR1L,-10.303112961655053,-10.260133993800471,-10.165354847643458
AUNIP,-12.248794220609167,-12.884085090854867,-12.837324583374448
PAQR7,-11.913511469320856,-11.953348625911271,-11.946941989544591
STMN1,-7.590017981598002,-7.806405584871002,-7.984970813037316
PAFAH2,-11.813501295691065,-11.878867789544795,-12.085012037097664
TRIM63,-10.734037789489626,-10.6279579678146,-10.694463915289449
PDIK1L,-11.189291975160257,-11.240162947487311,-11.26289368954399
FAM110D,-12.583377733328259,-12.280791962571433,-12.612904073616107
ZNF593,-10.712084118616616,-10.889349114048278,-10.739176216858102
CNKSR1,-12.940234662710077,-12.83790806379339,-13.00100906586891
CEP85,-10.824148514625632,-10.902817825517907,-10.972333087278766
SH3BGRL3,-10.422933349681761,-10.33134948593941,-10.285681770777588
UBXN11,-12.224125033453552,-12.271079327534565,-12.543101185424135
LIN28A,-11.291109222024447,-11.05099237688288,-11.477669314057454
DHDDS,-10.882525534317574,-10.87987771358176,-10.980018324183755
HMGN2,-7.814200159624229,-8.085969220310243,-8.076993265157943
RPS6KA1,-12.172878350253749,-12.25457368344556,-12.01191537653862
ARID1A,-8.826112240953185,-8.88698691916521,-9.00786109383489
PIGV,-12.491723582050106,-12.456548710208388,-12.447440557975382
ZDHHC18,-12.013379396668016,-12.073150333253382,-12.092828511873781
GPN2,-11.212194792782814,-11.341197192981195,-11.3145180595178
GPATCH3,-12.148672376220654,-12.296969430853508,-12.290186146347267
NUDC,-9.03651666115793,-9.183790146574967,-9.225135391997775
TRNP1,-10.837121363533639,-10.952462007194683,-10.864115896135676
SLC9A1,-12.027122058232054,-12.031855072053101,-12.217823753603597
WDTC1,-10.850068118112192,-10.807036080999007,-10.927150953267372
TMEM222,-11.159357462044635,-11.200720437932324,-11.288130803344364
SYTL1,-11.558805358667245,-11.556642366686832,-11.379257467994595
WASF2,-9.190099647463724,-9.331409041866614,-9.196908498280054
AHDC1,-10.17107017541448,-10.306602411588605,-10.318201863567914
IFI6,-12.48747621342694,-12.330002052782218,-12.254617643519756
FAM76A,-11.26863271174173,-11.205856044324745,-11.239707693408583
STX12,-10.197806663377785,-10.2431838305458,-10.185567599833336
PPP1R8,-10.753344036274607,-10.725196828968626,-10.810578835847162
RPA2,-10.159206773097749,-10.403526847630138,-10.284477347582886
SMPDL3B,-12.452554029247652,-12.748924638176481,-12.540449705713304
XKR8,-12.116387659814945,-11.947644160328847,-11.982695003963986
EYA3,-9.728670174293898,-9.777685912993219,-9.922006035982754
DNAJC8,-8.961239999223475,-9.047771359892865,-8.987742900260702
ATP5IF1,-8.543676682265836,-8.617160407232028,-8.501308048500885
SESN2,-11.27422632534822,-11.473856060353366,-11.408115387488222
MED18,-11.727920303440731,-11.744388894663183,-11.79144402818067
PHACTR4,-9.060516025337169,-9.117415996448841,-9.297130202069537
RCC1,-10.943611540715144,-11.165697510547167,-11.279887634261138
SNHG3,-10.602017229599033,-10.704168994514566,-10.850705959540202
TRNAU1AP,-10.407857082834866,-10.557551388425955,-10.512196430582808
SNHG12,-11.902377293288206,-11.970377072512527,-12.231657734263555
TAF12,-10.236405778894646,-10.310877003403276,-10.30536567085357
RAB42,-13.131923973418699,-13.258467366358726,-13.166767683246754
GMEB1,-10.824849651514072,-10.886810506876317,-10.989840359417887
YTHDF2,-9.313672146718666,-9.122165905219957,-9.406729746849216
EPB41,-9.390863803561505,-9.410891104513887,-9.485644680573596
TMEM200B,-12.307018928692091,-12.112607498664078,-12.424388034682998
SRSF4,-8.70927108915918,-8.74182942163041,-8.8504680159371
MECR,-10.968033360289846,-10.969183954429061,-10.988671147814646
PTPRU,-12.221508482072748,-12.198506894888167,-11.955566819372816
SDC3,-10.526043958245769,-10.726493169270391,-10.794721273878654
PUM1,-8.353685630467353,-8.439504636985378,-8.50102357592668
NKAIN1,-12.676963409504882,-13.201831673408819,-12.91136114154372
SNRNP40,-9.927806442612642,-10.051755445553605,-10.10306858012296
ZCCHC17,-9.727939813551274,-9.761075343827446,-9.73628705296297
FABP3,-9.272394769693156,-9.223871907046693,-9.272445474331773
PEF1,-10.375453345681988,-10.568769520812891,-10.41686507641065
COL16A1,-11.505771864585398,-11.36493397969923,-11.74963755902596
ADGRB2,-11.129044357591551,-11.246580033589874,-11.170281716606057
PTP4A2,-8.857579319060525,-8.819612610800709,-8.955848947076042
KHDRBS1,-8.054184694349049,-8.16549667697993,-8.198691928365887
TMEM39B,-11.378882654856653,-11.384614432876125,-11.619492325394022
KPNA6,-9.625223669206166,-9.685507988906696,-9.731757626078965
TXLNA,-10.422409505130325,-10.572556183605295,-10.59221914359116
CCDC28B,-10.732497619200586,-10.726463120180114,-10.534457173852271
TMEM234,-12.012911619506779,-11.9543444010135,-11.981896664870458
EIF3I,-9.07603646372578,-9.217527797021221,-9.160276970813584
ENSG00000291132,-12.745498241960625,-12.839536594548173,-12.867130059526005
HDAC1,-9.72136396251557,-9.853111963494817,-10.051026058254616
MARCKSL1,-8.217295913016475,-8.426651123473079,-8.424331015393943
TSSK3,-12.650592476389955,-12.64977105322777,-12.846563246272588
FAM229A,-12.920296942081247,-12.736988261018892,-12.993843896139294
BSDC1,-10.317972361967447,-10.327172704512973,-10.569337465887253
ZBTB8B,-12.356207932875886,-12.272212130420776,-12.368677083117202
ZBTB8A,-10.660905352819627,-10.731525340095056,-10.837304882874541
ZBTB8OS,-9.803102230642608,-9.899819826805611,-10.046270028024775
RBBP4,-8.564720699840784,-8.69743778045734,-8.676709652357774
SYNC,-11.390791362620858,-11.732651572426487,-11.845837726345371
KIAA1522,-12.508143325262761,-12.668360039360188,-11.819825615430386
YARS1,-9.834816817562759,-9.907206826445286,-9.764131772310156
S100PBP,-10.072742270621934,-10.057445346199826,-10.09768592563502
FNDC5,-11.794849622603898,-11.78076886159079,-11.53419036514897
TMEM54,-12.776936027581048,-13.26293654215491,-12.644370900261665
RNF19B,-11.522622602282256,-11.648079998223448,-11.495652285708363
AK2,-9.75543041108199,-9.843715720882813,-9.695715920879728
AZIN2,-12.402270123284254,-12.439566626768906,-12.01391427168694
TRIM62,-12.841344645513836,-12.867254157802128,-12.838784691763243
ZNF362,-10.473751292933947,-10.622454966599129,-10.823049393826212
PHC2,-10.268542148553276,-10.331982722940355,-10.301907742241522
ZSCAN20,-12.656055398453859,-12.695131248837956,-12.84681630608172
SMIM12,-10.726968495071315,-10.771847975498158,-10.74208496351163
TMEM35B,-11.02846608212081,-11.186399664754049,-11.207397828638197
ZMYM6,-10.3077573373677,-10.335975927188782,-10.204302124035793
ZMYM1,-10.255605625924652,-10.330437649830479,-10.270097020814578
ENSG00000284640,-12.810783629222708,-13.246065680953661,-13.105551573592326
SFPQ,-7.781610025312247,-7.916187021118004,-7.934070233381038
ZMYM4,-8.498056950049294,-8.486162400192658,-8.594427013258038
ZMYM4-AS1,-12.68596292949462,-12.633606611175686,-12.709663924143277
KIAA0319L,-9.331041734018566,-9.321982196646728,-9.452783708438005
NCDN,-11.930091656018366,-12.120846166998739,-12.13765540932012
PSMB2,-9.236535952412659,-9.432858529325578,-9.356169750058772
CLSPN,-10.625855902389647,-11.283581119139354,-11.075205130250165
AGO4,-9.669679985648813,-9.657064536566708,-9.781683864094047
AGO1,-10.436844001487481,-10.433809544067188,-10.521892900757866
AGO3,-9.042837853692827,-9.040340586295251,-9.19440143536171
ENSG00000271554,-12.926496570921532,-12.950524545243313,-13.12021050677152
ADPRS,-10.742471141549398,-10.89590440294981,-10.85318803462173
TRAPPC3,-10.338967041317732,-10.378169761529215,-10.340958550950619
MAP7D1,-10.58747011927711,-10.695394679906803,-10.725325952744319
THRAP3,-8.521852271702432,-8.631218609846515,-8.655696473248657
SH3D21,-11.454798958788862,-11.556623222776583,-11.167140777693675
EVA1B,-11.788331450666698,-11.964700007307595,-12.045960588282005
STK40,-10.93901296722686,-10.910288454637152,-11.123654264460221
LSM10,-10.662569809426378,-10.863278313051987,-10.734338038657073
OSCP1,-11.76618392506738,-11.998282917590586,-11.832999230406994
MRPS15,-9.79986870886267,-10.053054116414323,-9.971083620226091
MEAF6,-9.561942597260252,-9.592717478417264,-9.670262743893817
SNIP1,-10.823997194093703,-10.893419408359092,-10.938119398873491
DNALI1,-10.973294906494067,-10.96160236012684,-11.052724041996635
GNL2,-9.871040819604117,-9.994488907002966,-10.004375340225268
C1orf109,-10.93524678313436,-11.161576905028815,-11.038423800677949
CDCA8,-10.930525772071825,-11.811051156899188,-11.44397228792318
YRDC,-11.224634361724807,-11.269632914138567,-11.324688275894358
C1orf122,-9.954649026179446,-9.9100272681256,-10.003607115456935
MTF1,-11.479134616928306,-11.46655157006425,-11.57119060853803
INPP5B,-11.314841833252725,-11.22920164357749,-11.37660545036373
SF3A3,-9.64993375821568,-9.865155951294556,-9.854106383345385
FHL3,-11.12733099408697,-11.114724388594846,-11.312284012971451
UTP11,-9.858170538781222,-9.98389108688477,-9.909592383911221
RRAGC,-10.780126957003427,-10.941198851122117,-10.829854939704257
RRAGC-DT,-10.968087835083823,-10.824514458020712,-11.10146943973207
MYCBP,-10.486308670306533,-10.597365564624749,-10.58763433450793
AKIRIN1,-8.633948787809969,-8.75009904250543,-8.84762749427691
NDUFS5,-7.931207580494766,-8.089435197925072,-8.202918662921704
MACF1,-7.313718890021834,-7.282029003770063,-7.511317201728348
PPIEL,-12.192719875392164,-12.542970909783984,-12.981851646705717
PABPC4,-9.366795229488787,-9.70026663474591,-9.978088664737694
PPIE,-10.636792568874226,-10.820518375852066,-10.791304685575811
TRIT1,-9.946344651100967,-10.126156652228657,-10.127227817547615
CAP1,-9.397012222169426,-9.526040366685969,-9.513936672214363
PPT1,-10.644170454895145,-10.629903938605475,-10.842253732557259
RLF,-9.10917131955516,-9.150985619182126,-9.172075388830052
ZMPSTE24-DT,-11.494265076599836,-12.0874526762286,-11.933018970809943
ZMPSTE24,-10.52533031930836,-10.523334646539073,-10.7308515584578
SMAP2,-10.769584094330218,-10.838765163011207,-10.819974621569328
ZFP69B,-12.392043066356509,-12.50406854002533,-12.552753581869732
ZFP69,-12.81741996176443,-12.706270111022292,-12.727290359450704
EXO5-DT,-11.688347706249155,-11.80997405094633,-11.775967175192113
EXO5,-12.613924616009973,-12.80558954162956,-12.720182596830101
ZNF684,-11.701488314862456,-11.68014136894424,-11.644150545239759
RIMS3,-12.17008757215116,-12.130826045339017,-12.143197427778786
NFYC-AS1,-12.49672412342083,-12.459673685152426,-12.65670443275886
NFYC,-9.394957747266748,-9.51134628166433,-9.54999600765274
CITED4,-10.246557478998824,-10.19645867580904,-9.920801261193505
CTPS1,-10.585442894612694,-10.788709111181632,-10.811572073246884
SLFNL1-AS1,-12.393019684494424,-12.403927856336505,-12.461819327244875
SCMH1,-7.655436249407871,-7.5828971630672894,-7.927279923583337
HIVEP3,-11.309748730399768,-11.309268469694977,-10.963256513458457
FOXJ3,-8.908783954010715,-8.87539294821015,-9.028888490643217
RIMKLA,-11.061448342456208,-11.391778246459651,-11.15931962787192
PPCS,-10.005970872493073,-9.967957907936748,-9.846648938104968
CCDC30,-10.880377913469111,-10.671722667766304,-10.874647221456119
PPIH,-10.309006075503945,-10.446080762550471,-10.394163499969835
YBX1,-6.774111728185434,-6.996938153744302,-6.964449235430099
P3H1,-11.099824219503082,-11.228935479664885,-11.274986869316862
C1orf50,-10.673851093356575,-10.742994324313566,-10.687943910405219
SVBP,-9.727452535274276,-9.787814228349166,-9.736629490721361
ERMAP,-11.124277161389378,-11.239500907927738,-11.367052142401848
ZNF691-DT,-13.258924507697717,-13.078055934538293,-13.098544031744009
ZNF691,-11.888630130133459,-12.006279466083273,-11.97585681523282
SLC2A1,-10.130564520392085,-10.475126476018515,-9.969042284911424
SLC2A1-DT,-12.949965558113773,-11.901916563482438,-12.482516972053801
CFAP144,-12.802831984582516,-12.586097604353165,-12.497515444847867
EBNA1BP2,-10.106656299462118,-10.232276287083442,-10.229870747522652
CDC20,-10.873531251674049,-11.74176349215447,-11.356152218511017
ELOVL1,-12.031959726141672,-11.950666423062952,-11.968203612494218
MED8,-10.86368061993853,-10.877700509202574,-11.01911666406454
SZT2,-10.883868311875391,-10.923788379606718,-11.013741066889404
HYI,-11.74990690061161,-11.176854402563563,-11.668293464942487
PTPRF,-10.24059553865142,-10.182215662540964,-10.273076626887951
KDM4A,-10.082649927528971,-10.168084553752145,-10.203418397877122
KDM4A-AS1,-12.180928584844489,-12.222595088016693,-12.35445539140228
ST3GAL3,-9.113697417212666,-9.099954063114247,-9.354015479903122
IPO13,-12.433154666298307,-12.437696735670116,-12.497431616097955
DPH2,-12.316534285789109,-12.52477368688192,-12.467050332075283
ATP6V0B,-9.049596794039816,-8.894148882348865,-9.18038151313786
B4GALT2,-10.975240850241482,-11.0769153837351,-11.10715213553802
CCDC24,-11.851987475819447,-11.835234752167514,-11.856345030359055
SLC6A9,-12.85253660249815,-12.71545751001276,-12.828948777378496
ENSG00000230615,-13.060260842153124,-13.086596546210275,-12.78359125713755
DMAP1,-10.890895677267345,-10.960130255032244,-10.975246972082846
ERI3,-9.58543836468702,-9.5930010713816,-9.686480125346867
RNF220,-10.887881316360934,-10.479253307130529,-11.04555078923922
TMEM53,-11.986611342094012,-11.90673290084777,-11.861393199717364
ARMH1,-11.499934502310776,-11.717720044947107,-11.338954049607922
KIF2C,-10.80132393626224,-11.644785751073726,-11.364979346130678
RPS8,-5.746926674131659,-5.844123527227466,-5.711301306805373
PTCH2,-12.424707712665011,-12.452174972370557,-12.525246647960424
EIF2B3,-9.686735499345772,-9.762801159928681,-9.66607880047303
HECTD3,-12.378425969081508,-12.483626379381384,-12.61549174095052
UROD,-9.921804373376052,-10.102063223918385,-10.112867994320588
ZSWIM5,-9.685790691471139,-9.897358302302607,-9.914149599568265
MUTYH,-11.993707684524944,-12.022674977955313,-11.943913841347845
TOE1,-12.026016707219751,-12.206129842337088,-12.124926669710002
TESK2,-10.990363688791502,-11.024122853414113,-11.163575244356677
MMACHC,-12.231116763916468,-12.33194808622229,-12.394786102074644
PRDX1,-7.501808937884635,-7.30935060484292,-7.400233428379412
AKR1A1,-10.037654540265125,-10.050334991300506,-10.07446786313913
NASP,-7.969548148851448,-8.312076950689963,-8.268271015933488
GPBP1L1,-9.158037085755273,-9.171786421867049,-9.321510113600056
TMEM69,-10.333575708131812,-10.477332430998109,-10.470216531499627
IPP,-10.882952085119337,-10.82140791050206,-10.901013144699158
MAST2,-9.42318061771266,-9.47393376329334,-9.428373002880761
PIK3R3,-10.368569823799993,-10.576770180870135,-10.21938552473895
POMGNT1,-11.01936933722349,-10.946960282359068,-11.008367605877888
LURAP1,-12.65028524385626,-12.90754465595106,-12.524118063615338
RAD54L,-12.493907086642078,-13.041804339897006,-12.929942860157315
LRRC41,-10.013620237641202,-10.070983068193204,-10.095953382879893
UQCRH,-7.702053917670338,-7.858538075307591,-7.72878407052973
NSUN4,-11.24991902223125,-11.210075491598847,-11.428781136162705
FAAH,-12.598127154273897,-12.812700695562967,-12.99565325941302
MKNK1,-11.268105978005657,-11.244077730314405,-11.31797937887881
ATPAF1,-9.64950738451556,-9.679303836828261,-9.701630970947509
EFCAB14,-9.902888598975403,-9.848002661994558,-10.050761122992858
STIL,-11.210328201526059,-11.700731273986689,-11.83974038693682
CMPK1,-9.935663323365684,-10.010451436291557,-9.982453472524641
TRABD2B,-11.37994973562122,-11.253064264869538,-10.277120151464395
SPATA6,-9.701853408506235,-9.734324138347555,-9.68776888577709
AGBL4,-12.768432544832391,-12.989227702425241,-9.907397247868392
BEND5,-11.205848991450907,-11.78162231510933,-11.391022070612689
FAF1,-8.48049011794914,-8.557530201343248,-8.571881912132236
RNF11,-9.796884222977729,-9.76955401523992,-9.817287805819205
TTC39A,-12.940889795248738,-12.959314152114485,-12.625151597076565
EPS15,-8.463541228880585,-8.44459596981483,-8.5773539350782
EPS15-AS1,-10.926256016229408,-12.30491990805072,-12.492984527246165
OSBPL9,-8.474861720652418,-8.534619944069219,-8.704633327674854
NRDC,-8.74015139011892,-8.793471919146771,-8.849262587934698
RAB3B,-11.282887674405378,-11.511700228862832,-11.898965411561045
TXNDC12,-10.066592068714456,-10.082967628258048,-10.075628761252032
KTI12,-12.294632469180627,-12.379417945425185,-12.436450194393915
BTF3L4,-9.10564563719964,-9.295202799674746,-9.200558738804261
ZFYVE9,-9.296706659190853,-9.313181448528573,-9.370139369216634
CC2D1B,-12.093471921212473,-12.186502367874304,-12.147158674248274
ORC1,-12.457108462229174,-13.171286623500983,-13.096690015543826
PRPF38A,-9.93080204440194,-10.141361619222625,-10.13021615002587
TUT4,-8.200557773877545,-8.222681883051054,-8.26095410676063
GPX7,-11.201658039318117,-10.836149991266721,-11.21121907199699
COA7,-11.336657207058078,-11.304708102831034,-11.30916241420898
ZYG11B,-9.434714847397707,-9.4514507804019,-9.422837438536995
ECHDC2,-11.14135282457666,-10.643842543305102,-10.504778890205321
SCP2,-9.129599748330447,-9.170003261904268,-8.734444290008547
CPT2,-10.674855164584807,-10.728994148957435,-10.627881313273415
CZIB,-10.452789155669228,-10.551424462633397,-10.55343794274502
MAGOH,-9.851866735923455,-9.986436630628706,-9.938016848431362
LRP8,-11.210633418782207,-11.95468215895755,-11.335302016953221
NDC1,-10.681295184801723,-10.847711865632032,-10.838277253370858
YIPF1,-11.43246984848754,-11.38541420634966,-11.468354395514037
IFT25,-10.0686791078369,-10.223041863762365,-10.120826089463595
LRRC42,-10.57240216222441,-10.545337469157523,-10.568270819934149
TMEM59,-9.068007250209972,-9.069052473088947,-9.249095677815241
TCEANC2,-11.376489517408471,-11.373611229625144,-11.388938071972245
CYB5RL,-12.457347542394965,-12.56675827791209,-12.728098548020514
MRPL37,-10.314163224659241,-10.475057134829793,-10.461526483802048
SSBP3,-8.838483083644313,-8.915207237389636,-9.130231996740282
ACOT11,-10.054624108184653,-10.203879524650626,-9.59233351283086
MROH7,-10.834104591138418,-11.019130635353077,-10.345329325680998
TTC4,-10.471590016101768,-10.68736937494814,-10.335271008085858
PARS2,-12.92828390736706,-12.970324326969342,-12.866684580343072
DHCR24,-11.531448176326435,-11.412423239943612,-11.894875011240371
USP24,-9.34568540280052,-9.27922767325907,-9.398307548940728
ENSG00000260971,-12.084234676468009,-12.15409691426145,-11.93909930984241
PLPP3,-10.346890386378139,-10.41513357486985,-10.025971355894256
PRKAA2,-9.33649509116975,-9.322891138645502,-9.418299580518442
DAB1,-8.093823643047722,-7.574054136742178,-7.991555028877007
OMA1,-11.222223933569662,-11.244785566429215,-11.342234882513806
MYSM1,-9.472791312539838,-9.510400012519934,-9.506117956125944
JUN,-9.70528935638651,-8.87990343980187,-9.473175965999697
FGGY,-10.280714297119221,-10.407208951386686,-10.305651337126696
HOOK1,-10.760229949738019,-10.139468936090529,-9.8510184745735
NFIA,-7.9967188025046125,-8.422538411660486,-8.32339192442544
TM2D1,-9.661446890587499,-9.64238073191801,-9.814488258257224
PATJ,-8.905129481325503,-8.981821829423474,-8.808331666929881
L1TD1,-12.804696911535787,-13.025557952291228,-12.13970983476431
KANK4,-11.138197318106613,-11.855839460119538,-11.707017202518893
USP1,-9.520472954142056,-9.85542788625072,-9.726803876897998
DOCK7,-8.710526776210761,-8.800962328205797,-8.8413438906918
DOCK7-DT,-11.978637654384979,-11.942136441664221,-12.146790490063445
ATG4C,-10.447506269680474,-10.480840494643484,-10.384574479705835
ALG6,-11.43511961085225,-11.439195694756641,-11.339616779228292
ITGB3BP,-10.175763499570042,-10.138316670556735,-10.341185445869067
EFCAB7,-10.665003722743082,-10.609138398053025,-10.763657147176048
DLEU2L,-12.885783425150164,-12.890484132921486,-13.043679178589066
PGM1,-9.248509911629865,-9.46630491212716,-9.172680265795277
ROR1,-8.269317506293817,-8.439511720444491,-8.344266916407735
ROR1-AS1,-12.625216430575456,-12.818768762249977,-12.734802235214683
CACHD1,-8.59304583921019,-9.048260830376808,-9.051520540428214
RAVER2,-9.770135932201654,-9.95349243124688,-9.96511691879543
JAK1,-9.048573745873203,-9.18958039636949,-9.230453436918978
AK4,-9.317225114955184,-9.628613908063512,-9.509046661275155
DNAJC6,-8.996271422296177,-9.213054077709407,-9.098519891984463
ENSG00000229294,-12.177258365621375,-12.32268707174731,-12.215579007928064
LEPROT,-9.199523479661584,-9.163551686361085,-9.255276294693896
LEPR,-10.182327860268565,-10.272709025887044,-10.228962978844473
PDE4B,-11.56190835944586,-11.767557164653118,-11.510495510713437
SGIP1,-11.171388868672581,-11.71881643237042,-10.36816096889429
DYNLT5,-13.100861638700803,-12.795043414965075,-12.24327000145013
DNAI4,-10.491440768463676,-10.355653920824128,-10.606332622262974
MIER1,-9.204194953919496,-9.216624396959443,-9.327303920833698
SLC35D1,-9.88425983936307,-10.019914869184944,-9.802357066187753
SERBP1,-7.5043068500981365,-7.736654958738293,-7.595435236475849
GADD45A,-9.674056610192341,-9.925172449653815,-9.83169123337083
GNG12,-9.644204694331478,-9.676073181787645,-9.895249746948425
GNG12-AS1,-10.82775529325227,-10.708213374833345,-11.172900334179607
DIRAS3,-12.102022947302046,-11.909384916677132,-12.917561867065077
WLS,-8.316670253217138,-8.210461329883616,-8.855509604303252
DEPDC1,-10.29385909841387,-11.239903858637863,-10.870829655435934
ENSG00000285407,-13.154782383963294,-12.401821162998802,-11.3122540098988
LINC01707,-13.303876681092682,-13.179384118984174,-12.263360535426783
LRRC7,-11.46938343684388,-11.95354662271889,-11.698247631531562
LRRC40,-10.286834959796161,-10.350438327757093,-10.292777959267962
SRSF11,-7.975009467117509,-8.044644637700088,-8.101445321222633
ANKRD13C,-9.467807870815042,-9.467123747873323,-9.600150140957405
HHLA3,-11.857541376309817,-11.630418823536429,-11.814169047654858
CTH,-11.998731825969868,-11.9117169341613,-12.009169054657466
PTGER3,-11.717392186786366,-11.489055281927962,-11.5388145243642
ZRANB2,-8.275443991893379,-8.331570226376375,-8.375626872281545
ZRANB2-DT,-10.189383682673132,-10.210059076829253,-10.42362938989877
NEGR1,-11.462303528711084,-11.093253479466254,-11.929279716537259
ENSG00000286863,-10.561596317683371,-10.721897694059715,-10.701276567330938
ENSG00000225087,-12.430263567473927,-11.906186695795855,-10.351128508625184
FPGT,-10.71190694309193,-10.579230452949204,-10.808967203512596
TNNI3K,-9.524878604159172,-10.225081243724942,-10.565198103267644
CRYZ,-10.169370175497406,-10.30400647348966,-10.409632391395384
TYW3,-9.541857564651815,-9.616835765607307,-9.79902451618589
SLC44A5,-11.322495231322728,-11.176708968517577,-11.355671761882364
ACADM,-8.847388548660911,-8.983550488778402,-8.859046875683184
RABGGTB,-10.269484080334927,-10.290441218589192,-10.278211742838023
MSH4,-12.037562153811816,-12.09889998714492,-11.926627074293977
ST6GALNAC3,-8.812260767161959,-8.892744840558956,-8.701223931436559
ST6GALNAC5,-10.994295917733298,-10.910206220796605,-11.500361138760734
PIGK,-10.323829518119613,-10.183293683698407,-10.386459052760063
ZZZ3,-9.022010352671584,-9.018875259272102,-9.159230781028525
USP33,-9.06526630398343,-9.05828401843533,-9.108315934498734
MIGA1,-10.092573280262362,-10.076934490781822,-10.153032912082713
NEXN-AS1,-11.835340197730549,-11.920607322077881,-12.106746488104987
NEXN,-7.248457513565622,-7.236208426007972,-7.442528921066991
FUBP1,-8.585780518288486,-8.691730846968644,-8.733581775087488
DNAJB4,-10.361096557390818,-10.27428555214269,-10.514314612773914
GIPC2,-11.921193444553897,-11.73177089867057,-11.979682693114178
ADGRL2,-8.314767451433369,-8.218665704299056,-8.539750483245081
TTLL7,-10.378050297902046,-10.485397736191857,-10.626592652517271
PRKACB-DT,-12.037189512615551,-11.932378693676624,-11.939356505288698
PRKACB,-8.809038597215897,-8.811487509697713,-8.836101251117844
SAMD13,-12.378847618390365,-12.55938994016869,-12.444113635886659
RPF1,-10.075181202642398,-10.285946932142023,-10.224561204939887
GNG5,-7.936494197962231,-8.139546655771237,-8.04228486616956
SPATA1,-12.240431229215385,-11.903098137820677,-12.508377306381625
CTBS,-11.132317518477452,-11.150424436923304,-10.99821352395816
SSX2IP,-9.81859024931435,-9.84729744349427,-9.975233961585557
LPAR3,-11.234308061193062,-11.466107039422782,-11.95678043637439
DNAI3,-12.34705445453484,-12.446232245144856,-12.39402382291565
MCOLN3,-11.749974392015691,-11.84176144007023,-11.266951851310433
SYDE2,-9.251973715043546,-9.1558144611117,-9.45940432236543
C1orf52,-9.629396659973668,-9.600535694434459,-9.625838859976191
BCL10,-10.659734357896506,-10.604641430683468,-10.78266351385278
BCL10-AS1,-12.063029612571539,-11.60249633407021,-12.496377792210769
DDAH1,-10.17292877319442,-10.044736581928111,-11.586088086766523
CCN1,-9.426744808868486,-8.853070565008917,-10.294694656526202
ZNHIT6,-9.662797413331276,-9.714252368825127,-9.824086772596727
COL24A1,-12.445194308488551,-12.130582606239768,-12.67753605190895
LINC02795,-11.803522096337206,-11.295656330741586,-11.384288894989817
ODF2L,-9.070189078956293,-9.015287176420438,-9.084293582892862
CLCA4-AS1,-12.995649278120577,-13.069820565247303,-13.085127106421174
SH3GLB1,-8.586262113849934,-8.552541949477812,-8.64050925639547
SELENOF,-9.293948757167223,-9.345338593482039,-9.45486171129437
HS2ST1,-8.734517350053872,-8.742811566899501,-8.929871824071759
LMO4,-8.545071121115924,-8.666245044537394,-8.789410769313568
PKN2-AS1,-11.074821018829748,-11.314692886079785,-11.571253095472557
PKN2,-8.017179278436636,-8.057454402706817,-8.328465754956676
GTF2B,-9.995919895571474,-10.098103768968175,-10.122983001552296
KYAT3,-10.366311381358475,-10.49820177757702,-10.597196184712008
RBMXL1,-10.646556896998709,-10.639285169891176,-10.669895702580309
ENSG00000286802,-12.301650901354877,-12.772455091437674,-12.1910251476069
GBP4,-11.949046451392414,-12.319896836532246,-12.360688278141124
LRRC8B,-10.733602524796094,-11.009519094891761,-10.853220930004992
LRRC8C-DT,-11.381477394766861,-11.515469788102909,-11.437612900188537
LRRC8C,-10.60409473952938,-10.718519170057096,-10.768540433241784
LRRC8D,-9.851867737959056,-10.00838490576522,-9.875203516234013
ZNF326,-8.790846980842895,-8.898268275089798,-8.916167623185341
LINC02609,-12.561697728254178,-12.717537348671005,-12.29207331173139
ZNF644,-8.44649315776049,-8.400307823940157,-8.550366516005404
HFM1,-10.2978636343288,-10.276847004120803,-10.295943318023623
CDC7,-10.767571270995894,-11.23593954581089,-11.338448378070568
TGFBR3,-10.083071429244912,-10.319772146437211,-10.345919099889462
EPHX4,-12.583895628229174,-13.158201722657575,-12.95861324872489
BTBD8,-10.5855559801959,-10.503311378955038,-10.942568226019791
GLMN,-9.401529494631598,-9.462945931789603,-9.598127483077727
RPAP2,-8.719048170042566,-8.776814892002754,-8.826399115794763
EVI5,-8.7238849427754,-8.728939535625308,-8.802046784225027
RPL5,-6.050973332501981,-6.225314494790251,-6.073570922772472
DIPK1A,-10.243611040148645,-10.13267564040421,-10.08573550040363
MTF2,-9.175521967395362,-9.23076266408088,-9.30902855687783
TMED5,-10.21350767402997,-10.189207135114795,-10.505461911457102
CCDC18,-10.26893408667674,-10.76515487634476,-10.67487489082864
CCDC18-AS1,-9.357123445871947,-9.38706594465307,-9.339819147511797
DR1,-10.189924933013163,-10.121956965461383,-10.205317706441539
FNBP1L,-9.881840535957815,-9.90624212280998,-9.894270736076733
BCAR3,-11.760888591147442,-11.704833567469231,-11.789733112982846
DNTTIP2,-9.502078848289884,-9.572196254317388,-9.531336363546956
GCLM,-11.301538272896915,-11.451235536800485,-11.397412019627218
ARHGAP29,-9.537910571496575,-10.026903145231277,-9.753817114530484
ABCD3,-9.806619881500437,-9.891276681514638,-9.877246662264447
SLC44A3,-12.258932334278278,-12.825645900794994,-12.708276109258417
CNN3,-8.867368428670757,-8.907723638831266,-9.187255357399582
CNN3-DT,-11.302717877306195,-11.341632967585936,-11.483666592234535
ALG14,-10.769012563853687,-10.831230012750776,-11.070208305734312
TLCD4,-9.625299413241848,-9.621200631400793,-9.951180902493961
RWDD3-DT,-12.264394716842181,-12.221273685061,-12.721907822933678
RWDD3,-10.03203764731845,-10.054329348243108,-10.184880192236657
PTBP2,-8.04267405044616,-8.195603581248903,-8.221616486950113
DPYD,-10.074459564118683,-10.273166340944593,-10.093496487974804
SNX7,-9.908085399341731,-9.883034104056222,-10.098714368002712
PLPPR5,-12.809716257110356,-12.30733599209356,-12.631812995918837
PLPPR4,-10.280754275878477,-10.165097219772019,-11.567438402695013
FRRS1,-12.031981753448092,-12.002716570515863,-12.196751770920937
AGL,-8.086417065916692,-8.094530868963584,-8.48737832158293
SLC35A3,-10.385617216614683,-10.283139715547126,-10.51801264308463
MFSD14A,-10.102671382662411,-10.046433788591413,-10.193615382432716
SASS6,-10.788868722605514,-11.236947015792307,-11.118453872389754
TRMT13,-10.076749925543126,-10.07495449026915,-10.087253819355144
LRRC39,-10.393216248601114,-10.10550431024872,-10.401416995015056
DBT,-10.030773805286158,-10.062319222258289,-10.108328699241039
RTCA-AS1,-10.939520773227441,-10.808856814881823,-10.757619878824608
RTCA,-10.24476559644177,-10.407567094056843,-10.319997137039255
CDC14A,-9.699314163335684,-9.502378026852195,-9.688615953910482
VCAM1,-8.680387893298612,-8.753173730100718,-8.771357041420016
EXTL2,-9.78305958682055,-9.786328774144796,-9.878901444260354
SLC30A7,-10.177487638708486,-10.15734866693308,-10.214183839960084
DPH5,-10.099604199465773,-10.234688783952924,-10.155322378478745
DPH5-DT,-10.10588623380041,-10.157721621007182,-10.092277873958329
S1PR1-DT,-13.213362594146224,-12.186753255517901,-12.461400882887409
S1PR1,-9.80482821483828,-9.891760089174248,-10.094687679909505
COL11A1,-10.384735890234987,-10.491871624269796,-9.071814323433433
RNPC3-DT,-11.813265795482728,-11.788359434541345,-11.924464151969717
RNPC3,-8.925905547450208,-8.808547809633813,-9.024985622303966
AMY2B,-10.319664064875386,-10.292258681373857,-10.511587702815236
PRMT6,-10.93209187888317,-11.004478782351052,-11.034598989596606
VAV3,-12.51289000069076,-12.260573765389067,-12.552484097517372
SLC25A24,-10.028752858440384,-9.725987332556395,-10.031039149442432
EEIG2,-10.547161092038644,-10.353533530796048,-10.285950678282152
PRPF38B,-9.196223968211532,-9.300101729056752,-9.360261901411988
STXBP3,-9.805633631474365,-9.710696949813567,-9.834578585418814
GPSM2,-11.167848815107972,-11.360637674979593,-11.35694284510182
CLCC1,-10.660363362603874,-10.52894532049215,-10.75170433455139
WDR47,-11.233701746273983,-11.265368813154817,-11.282656602853205
TAF13,-11.192036975461948,-11.180466240135404,-11.204132301405647
TMEM167B,-10.739454231785205,-10.699335729760275,-10.767933474259241
SARS1,-9.998352459061095,-10.147204345542734,-10.017711378981833
CELSR2,-12.333386795830924,-12.256968162914765,-12.408180982467952
PSRC1,-12.391735778455013,-12.827673613786716,-12.539042852769589
SORT1,-9.859549754513749,-9.680530274814979,-10.110257842901117
PSMA5,-9.317961009226472,-9.431483220409485,-9.403443100622237
SYPL2,-11.7464768932798,-10.936981817335854,-11.257092609648984
ATXN7L2,-12.807469743003976,-12.593960978738354,-12.910507025849581
GNAI3,-9.541784677507662,-9.608404676561703,-9.603008481016161
AMPD2,-12.276098566559533,-12.341967525959065,-12.53306434469101
GSTM4,-10.65987204261201,-10.885826351835206,-10.571711031530402
GSTM2,-11.9726971651569,-11.801423133144674,-11.808259827818707
GSTM3,-10.091369245417662,-9.994831386040364,-9.986146880741257
CSF1,-12.398974109968266,-12.8419522217429,-12.790345981734557
AHCYL1,-9.63042596899472,-9.661257398942157,-9.611602499304885
STRIP1,-10.697230110408887,-10.670679070114764,-10.740299353426266
RBM15-AS1,-12.655494466657405,-13.024682235389157,-12.841485051377852
RBM15,-10.902836753560262,-10.957822207976486,-10.989035199202128
LAMTOR5-AS1,-10.521333243967685,-10.769194057283316,-10.756017377649684
SLC16A4,-12.43694675009113,-12.381792178232454,-12.410719804488735
SLC16A4-AS1,-12.402823015802463,-12.649998121481467,-12.687805418643983
LAMTOR5,-8.920287363290806,-8.9995455177294,-8.885702432494968
LRIF1,-10.220964993278882,-10.397591228453965,-10.408887246661688
DRAM2,-10.072335616078547,-10.045314502026802,-10.046264012462835
CEPT1,-9.989765966247017,-10.078629662700136,-10.278305955402802
PIFO,-11.13763451914681,-11.516699027371278,-11.127420561911384
OVGP1,-13.176850188604405,-13.165627977058627,-12.911576404297621
ENSG00000260948,-13.1089116854225,-13.115098895716548,-12.98189501875885
WDR77,-10.62766352190783,-10.78653521223122,-10.911645605252604
ATP5PB,-8.384945344705818,-8.556971345185378,-8.467958814836154
RAP1A,-9.265801133739071,-9.370049883103423,-9.478033339741772
INKA2,-11.228256483656745,-11.328015533911307,-11.659914364872394
INKA2-AS1,-12.832948116298734,-12.964322152665732,-12.955371170689393
DDX20,-10.627458870658593,-10.643362598606094,-10.69188521975221
CTTNBP2NL,-9.843490525103293,-9.76417952014289,-9.87150277930664
WNT2B,-11.991228641618545,-11.623496389705794,-11.619696822334394
ST7L,-9.796851722699207,-9.813897725438776,-9.922305031510021
CAPZA1,-9.140654632828374,-9.137631604945387,-9.262722292182161
MOV10,-10.953424634604946,-10.965057191499083,-11.196783572103167
RHOC,-9.762674773022464,-9.727795739264568,-9.772496187699206
PPM1J,-13.107351608780657,-12.858548032002576,-12.74229410597247
SLC16A1,-8.690832766107773,-8.634735300914672,-8.929504280273004
SLC16A1-AS1,-9.352577963696367,-9.23127973940464,-9.449461388412246
ENSG00000287807,-13.280048753358216,-13.002891706463403,-13.167461210260832
LRIG2-DT,-11.803671644332281,-11.65514360783694,-11.664683152903507
LRIG2,-10.198333589647946,-10.20012211629436,-10.2199950934715
MAGI3,-8.923172423347939,-9.045285196903793,-9.046479847842273
PHTF1,-9.865610970332806,-9.854009046112003,-9.98363074874103
RSBN1,-10.03370078853382,-10.101555298299074,-10.11575002983186
AP4B1,-11.918217845173857,-12.067209258591973,-12.186201916662034
DCLRE1B,-12.450340858526204,-12.605365614854541,-12.671958436478445
HIPK1,-9.857045822043467,-9.855800185927173,-10.099381396525985
OLFML3,-11.886749971039988,-11.62327826868133,-12.214697810054084
TRIM33,-8.747797441154558,-8.787819030960014,-8.879950929197726
BCAS2,-9.828477212339548,-9.97743516827477,-9.901935031396153
DENND2C,-11.479793140594992,-11.501535696342051,-11.305503211900774
NRAS,-10.146595239665997,-10.165776336216238,-10.286925667208031
CSDE1,-7.720913348225485,-7.826337134782462,-7.942948749420418
SIKE1,-9.621033393840701,-9.588950154753245,-9.585688061294004
TSPAN2,-9.075868779479581,-9.148180756527442,-8.926015386022359
VANGL1,-11.269253929764176,-11.42203349702996,-11.355213581906618
SLC22A15,-10.738968351976172,-10.683975973021138,-10.770113760180424
ATP1A1,-8.166739138402642,-8.055549741504816,-7.99942477122856
ATP1A1-AS1,-11.600512846922978,-11.703431107555355,-11.672489947034615
LINC01762,-12.386115392212835,-11.980149430504177,-12.192150577902904
CD58,-10.699094397419067,-10.55090752832437,-10.893868107361236
IGSF3,-9.425025000754347,-9.772513215480501,-9.676447491050077
PTGFRN,-9.7259721625891,-9.982576613793613,-9.898029747830101
TTF2,-10.663793505689084,-10.864281528042756,-10.859630212726001
TRIM45,-12.804101501407727,-12.616630244000328,-12.714228950424232
MAN1A2,-8.715801416927876,-8.663264095324674,-8.79049035005403
GDAP2,-10.275875890578341,-10.227516938881585,-10.270693100012851
WDR3,-10.36914325611665,-10.53255688599289,-10.339025559978614
SPAG17,-12.800576370176616,-12.896360391958233,-11.866478977196413
WARS2,-10.317888571481337,-10.318012189866737,-10.620496248375712
WARS2-AS1,-9.919072885263143,-9.71576906014715,-10.096171390305368
ZNF697,-11.777484428555288,-11.796211007273806,-11.937999909341043
PHGDH,-10.324556075930714,-10.639596443241631,-10.464519369716063
NOTCH2,-9.867819076599796,-9.837599456854369,-10.169140813778744
SEC22B,-10.30250010526502,-10.257045965772981,-10.3614575121283
NBPF8,-11.94223353657117,-12.215748617086863,-12.223148528890244
ENSG00000290999,-11.770335369307487,-11.628236694602439,-11.492422228007602
SRGAP2C,-10.7648651090971,-10.466878248684381,-11.148725242292446
LINC02798,-11.536268034568932,-11.198862226867051,-12.057997523910666
NBPF15,-11.379634247967374,-11.145224627931462,-10.989461583663306
SRGAP2B,-11.360733732088958,-10.765123256075345,-10.976423176032567
LINC01145,-11.885675140753923,-11.844305644101164,-11.97734450269683
NBPF20,-11.934459513285292,-11.919529178301586,-11.968179582883646
GPR89A,-11.151064396902445,-11.029253995593466,-11.08908617181388
RNF115,-8.772485656324594,-8.655904891095103,-9.012325650730311
POLR3C,-10.471036832150338,-10.488028105874694,-10.56173215399701
NUDT17,-11.973791950674654,-12.045626906100091,-12.15694523010367
PIAS3,-11.51199233940714,-11.440689671171668,-11.695577638143396
ITGA10,-12.513947213908178,-12.30418428693635,-12.619743703857042
PEX11B,-11.531214629581289,-11.5662008071585,-11.624815838097863
RBM8A,-8.836996430439521,-8.96012737404225,-8.918704568798653
LIX1L-AS1,-12.634985970717816,-12.398612657738289,-12.706283269007058
LIX1L,-10.481139579298699,-10.385911592940957,-10.608455207869932
POLR3GL,-9.990308343725735,-9.932905350734975,-9.964393200663702
TXNIP,-8.568459775005609,-8.548601836746466,-8.3003495048085
LINC01719,-12.460438041865496,-11.532199194474424,-12.184631553874354
NBPF10,-12.487848743464529,-11.800394557799791,-11.988657153271916
NOTCH2NLA,-11.351283945663921,-11.274117240110229,-11.578456750421434
NBPF12,-11.018990920605308,-11.10605646846368,-11.094313981348765
PRKAB2,-9.975441152392944,-10.02310928751237,-10.18113489998195
ENSG00000237188,-11.866245448285115,-11.495760307424076,-11.421303676066815
FMO5,-12.909810330004742,-13.028622093933917,-13.026146399126684
CHD1L,-12.76285804610618,-12.896386886301897,-12.956402936547823
LINC00624,-12.442497300472915,-12.358128449250332,-12.1959072600676
BCL9,-9.69139371149982,-9.603570049297133,-9.782471145362909
ENSG00000289419,-12.197352204671217,-12.137124129129969,-12.370747038016276
ACP6,-10.824531357873,-10.64271659384833,-10.91842544811633
GJA5,-10.721026137937933,-11.870342657639757,-10.67873540414419
GPR89B,-10.986919979381799,-11.10176550057089,-10.962858588532288
NBPF11,-10.782189645588202,-10.699431785707056,-10.726901927833747
LINC01138,-10.975607435312279,-10.934286978765678,-11.166181190335685
ENSG00000291232,-12.961828941718105,-12.529954800276395,-12.572032659837294
NBPF14,-11.025960144547636,-11.102418543010629,-11.972836702607198
NUDT4B,-11.862868263822229,-11.839695157309192,-12.267690219315273
PDE4DIP,-9.499814573216424,-9.254017914891625,-9.408312825058047
NBPF9,-11.239687100784272,-11.228398311926053,-11.39093734657696
ENSG00000274265,-10.783737201668488,-10.944990849371484,-11.308673207952278
ENSG00000289614,-11.717769916659886,-12.155798166171786,-12.017579721823445
ENSG00000291233,-10.603252908810544,-10.719585456954082,-10.627450587016815
NOTCH2NLC,-12.019711617148227,-11.88540600241655,-12.16125143226684
NBPF19,-11.465467557141327,-11.434957484150548,-11.45683625793518
LINC00869,-11.544904867160945,-11.396026369527615,-11.632560885208292
H2BC18,-12.886480149348564,-12.58022388152327,-13.067125627129737
ENSG00000290791,-11.695396552895023,-11.67058453524895,-11.898160417907736
ENSG00000290792,-12.036991462272189,-12.05934595478133,-12.288621216219964
H2BC21,-11.107098407536373,-10.693441436027012,-11.448997110200109
H2AC20,-9.3906084533412,-9.789634886015424,-9.58732723137253
BOLA1,-11.736157922446697,-11.813690404704463,-11.680198295643184
SV2A,-11.796984026705948,-11.784184733330788,-11.647554820037765
SF3B4,-10.240008650675433,-10.2999466187153,-10.477638773769543
OTUD7B,-9.665569489898706,-9.594130099282282,-9.81539726540832
ENSG00000285184,-11.831476089484537,-11.547926963867187,-11.594723636226563
VPS45,-9.353510580610722,-9.350366450340392,-9.515448124122216
PLEKHO1,-9.404295008685247,-9.353168762332277,-9.529979297558173
ANP32E,-8.862748274847387,-8.93929811794052,-8.971075091920282
CA14,-11.2056643016732,-11.290572350127041,-10.944840449992256
APH1A,-10.094987475514513,-10.126477135139142,-10.210614413416131
C1orf54,-11.221957208199381,-10.958716971716578,-10.876827506344869
CIART,-11.909382116039337,-12.316603881229232,-12.093410473738224
MRPS21,-8.86864164777174,-9.125457160947043,-8.936266442368343
PRPF3,-10.542578821090771,-10.505568135602024,-10.646209553368994
RPRD2,-9.095669688788478,-9.016410247257202,-9.232792321469764
TARS2,-10.970862961875907,-11.013141425735899,-11.032194012772504
ADAMTSL4,-11.685201959122839,-11.605438919228952,-11.381634013516075
MCL1,-9.806741022649645,-9.669260534109378,-10.081434936562662
ENSA,-9.540409448063514,-9.45010419821396,-9.699965983010118
ENSG00000288880,-12.798712177382253,-12.475692289275736,-12.629174973718081
GOLPH3L,-10.907310099577252,-10.870125830803262,-11.081098472636747
CTSK,-12.636238397402012,-12.347416982092026,-12.755986915616319
ARNT,-10.100381920279403,-9.96164035614619,-10.121441863951246
SETDB1,-10.013562240750819,-9.984810711890963,-10.19561682927179
CERS2,-10.33329276247171,-10.474716731300369,-10.400341328448343
MINDY1,-11.801946888465476,-11.66541189719125,-11.9694623069306
PRUNE1,-10.966092761491701,-10.798169152248693,-11.012564916986996
C1orf56,-11.821979229080076,-11.692852731520892,-11.861529550852984
CDC42SE1,-10.417346297472546,-10.339077847190946,-10.469595247217422
MLLT11,-9.736544699826604,-9.610324840731067,-9.646041847293237
GABPB2,-11.260080161436287,-11.12407166534468,-11.262572315065489
SEMA6C,-12.703176331685682,-12.635139803836712,-12.698519414890036
SCNM1,-10.799772510504821,-10.822634917502112,-10.847653173620092
LYSMD1,-12.485795744038741,-11.997345902475628,-12.338904081033373
VPS72,-10.678914296662382,-10.658336615282106,-10.72568349910947
PIP5K1A,-9.578775309234468,-9.540787241650076,-9.780747268820457
PSMD4,-9.246609232777322,-9.352500249486088,-9.406860573523861
ZNF687,-12.31503757407048,-12.254355280711575,-12.513801323007295
PI4KB,-11.077879815814244,-11.101464414391454,-11.196678134030707
RFX5,-11.415602442221555,-11.419671824353916,-11.481312393745664
RFX5-AS1,-12.902537995019228,-13.198868711043174,-13.041655728059826
SELENBP1,-12.04237411973498,-12.131709347875983,-12.024761457548511
PSMB4,-9.18114670603545,-9.266321449231675,-9.406121317941203
POGZ,-8.875352233644513,-8.76739458993328,-9.01375679696817
CGN,-13.289631542169875,-13.269793956348286,-13.23576576457891
TUFT1,-12.90082115366393,-12.611492098006092,-12.884416528324563
SNX27,-9.870194790792905,-9.853324062394911,-9.897961921521743
MRPL9,-10.277908413527491,-10.364589193727179,-10.4449294315066
TDRKH,-12.483687853128057,-12.262701394797656,-12.550915513685098
THEM4,-10.091471969891437,-10.201601760741582,-10.0599564446571
S100A10,-9.44241487278714,-9.947959457294038,-9.447952132813791
S100A11,-9.976535041339199,-10.130874405238075,-10.158900687423424
S100A6,-12.023763649906495,-11.212030732809794,-11.362104307631112
S100A4,-10.363075941486851,-10.227540280025691,-9.860125549429432
S100A16,-11.467077293456837,-11.695702464790282,-10.85875796009649
S100A13,-9.669801901127387,-9.698997743764899,-9.558191102591907
CHTOP,-9.937979813958302,-9.974436008384723,-10.012982394889516
SNAPIN,-10.44420070045229,-10.447511399402483,-10.468909602495168
ILF2,-8.86120928170687,-9.099203438116513,-9.075755402451925
INTS3,-10.334331989209419,-10.284697504487058,-10.38273914189807
SLC27A3,-12.483626059154657,-12.58414853782932,-12.574347116130534
GATAD2B,-9.225560930784457,-9.149355522905331,-9.436750157025768
DENND4B,-11.378057865300939,-11.433057499166097,-11.566080569553252
CRTC2,-12.730609561205847,-12.661218080125082,-12.829575750894564
SLC39A1,-10.875423299600225,-10.896893673399415,-11.047485528770425
CREB3L4,-11.60517899257587,-11.949986216747142,-11.4737987620237
JTB,-9.689180857445276,-9.758333360363947,-9.642235132127249
RAB13,-9.282547733584348,-9.382893760870887,-9.392972331954295
RPS27,-7.134406838351576,-7.177905376028599,-7.183595788723859
TPM3,-9.032464893450367,-9.089069982603743,-9.195534427999304
C1orf43,-9.533585752623344,-9.543448278612008,-9.709653698514462
UBAP2L,-9.444816675081233,-9.453576516566146,-9.61320573603151
HAX1,-10.223696529964172,-10.22211736694754,-10.310644063753028
ATP8B2,-10.806675927914625,-10.568093774426945,-10.807918414813871
IL6R,-13.09471280593236,-12.371345580875033,-12.021046473361332
UBE2Q1,-9.999597201932595,-9.980459674455629,-10.066019183043512
ADAR,-9.496737622661662,-9.482919198323158,-9.535447205800521
KCNN3,-13.047120803722224,-12.876714217500124,-12.264612837733674
PMVK,-10.619096059574023,-10.674786394067697,-10.535007223865852
PBXIP1,-10.530583626895398,-10.450224642565678,-10.588231594616705
PYGO2,-11.172992060587573,-11.191197924389822,-11.285588714264128
ENSG00000271380,-12.081394976428426,-12.40895645532741,-12.463818599567393
SHC1,-11.52244472580557,-11.460476096834626,-11.674924829678465
CKS1B,-9.541358623843108,-10.029581258659936,-9.803601559323369
FLAD1,-11.24296654592329,-11.254945728446513,-11.3568462152953
ADAM15,-12.650053946994449,-12.89251231266201,-12.575068803341725
EFNA4,-11.385243424154936,-11.342344710717766,-11.457899589629166
EFNA3,-12.346484651270515,-12.51081603056352,-12.430983278330059
EFNA1,-10.681167433416183,-10.574308268750114,-11.160479351854113
SLC50A1,-11.10979439673174,-11.121895509247745,-11.137557274102496
DPM3,-10.40560536359782,-10.431078230200551,-10.341166180023327
KRTCAP2,-9.532503869935605,-9.524913867067472,-9.607968257105568
MTX1,-11.379370658868634,-11.411589573475002,-11.529724414603738
ENTREP3,-11.51416895231612,-11.46331830220038,-11.708103330911008
SCAMP3,-11.005354773016146,-10.99179238001104,-11.10793666518089
CLK2,-10.748802640096825,-10.773235268210227,-10.903140313079296
FDPS,-9.83606096201466,-9.942843425883508,-10.101940987519423
RUSC1,-11.971971077471254,-11.863989104735841,-11.934726583598726
ASH1L,-8.152682946759997,-8.104022941891431,-8.306494589579504
ASH1L-AS1,-12.399653992387616,-12.465009434506971,-12.53518537601879
MSTO1,-10.717151865414673,-10.733716109969748,-10.786867599086566
YY1AP1,-10.218329364978468,-10.19792920338212,-10.505396700655902
DAP3,-9.257150673566546,-9.19381234068494,-9.390040749457038
GON4L,-9.745241141676724,-9.648371309387981,-9.839258475948013
SYT11,-12.722532737339787,-11.865761486381528,-11.619614085420098
RIT1,-10.227508456867184,-10.024459430943477,-10.123948775374888
KHDC4,-10.250190158457524,-10.247934913801187,-10.427939104364599
ARHGEF2,-10.888971883511028,-10.828499283395473,-10.888413560726919
SSR2,-9.081213712313092,-9.181160040760574,-9.136966055600332
UBQLN4,-11.245110265457136,-11.246326430688596,-11.320669992089123
LAMTOR2,-9.557517155136445,-9.552836639291767,-9.522875885624897
MEX3A,-9.786251127327633,-9.935076541070337,-10.103641373769333
LMNA,-9.840027210208042,-9.940410245733357,-10.155254179574374
SLC25A44,-12.143010520328858,-12.229062398566601,-12.405336681667093
PMF1,-9.769052720075852,-9.856150300293935,-9.999406935562122
BGLAP,-12.512070938604865,-12.60848376880045,-12.588536462712481
SMG5,-10.482068868036079,-10.382302254624532,-10.618938951700168
GLMP,-10.899501251328005,-10.863441213290004,-10.90639299582332
CCT3,-8.06817619650685,-8.190452687383601,-8.283207735263991
MEF2D,-10.89171254757093,-10.725978920748874,-11.013185247405401
IQGAP3,-11.943163931428305,-12.58669181240982,-12.391696588322931
NAXE,-9.885177257623782,-9.915759108269075,-9.749008467303304
GPATCH4,-10.397938796184853,-10.557038808636541,-10.817094262625337
NES,-8.450378670203829,-8.250187637298934,-8.584600277209491
CRABP2,-9.036232382140387,-9.04537738359785,-8.79522277755993
ISG20L2,-10.58932446083813,-10.62390587461557,-10.715070790821892
METTL25B,-11.642023673842022,-11.593494614195482,-11.667923806060156
MRPL24,-10.871354324444852,-11.006485780100745,-10.94661737361328
HDGF,-8.804412156058518,-8.93455744288298,-9.062105064984118
PRCC,-9.722768328670627,-9.649204008927953,-9.838504779791352
ARHGEF11,-9.352247392558832,-9.282151064204655,-9.520342736307487
ETV3,-10.800252121536522,-10.724086511709963,-10.977638020532527
KIRREL1,-10.284418308094457,-10.460061028968317,-10.68744566331329
IFI16,-11.058032981710932,-11.189550922525491,-10.2581754132774
DUSP23,-11.98892200551536,-11.404621464694056,-11.150520641271356
TAGLN2,-12.558666350229414,-12.708304757121276,-12.415083287582819
PIGM,-11.148773875796122,-11.099920334116723,-11.154970879725557
IGSF8,-12.298412439378225,-12.396269692601528,-12.214770649324084
ATP1A2,-12.446528031683972,-12.485096862936429,-11.708944985278508
PEA15,-10.411473970610801,-10.545848720697977,-10.198332681271422
DCAF8,-9.38116837629331,-9.319244676552678,-9.524003385684068
PEX19,-10.175515725035304,-10.241300863360445,-10.25490483363686
COPA,-9.09321346007121,-9.034786065097794,-9.121851896471487
NCSTN,-10.582695474486282,-10.487359230114269,-10.751712919384461
VANGL2,-11.240540422947026,-11.307610826141916,-11.394292356592166
F11R,-9.986255654669124,-10.18844735030082,-9.981323940163222
TSTD1,-9.322094866240063,-9.197045373828137,-8.952716623868335
USF1,-11.812510741252238,-12.029725601564325,-11.912604325168335
ENSG00000289121,-12.86364236590129,-13.018432417919222,-13.08166236635449
KLHDC9,-11.816958977848783,-11.670618710527553,-11.632313442846351
PFDN2,-9.31707216338377,-9.399684463601382,-9.363901776158245
NIT1,-11.031276881822095,-11.089687339180456,-11.070298878565298
DEDD,-11.045579295826467,-10.943932975198967,-11.124392796367147
UFC1,-9.31602522380025,-9.484595958306098,-9.45204874057917
USP21,-11.84002635043571,-11.69072566750007,-12.017684885760282
PPOX,-11.595017906166108,-11.616978764004052,-11.538732734783245
B4GALT3,-11.321833873013208,-11.327677894627168,-11.413128828977097
NDUFS2,-9.107993898305306,-9.144090742597964,-9.18352009311091
APOA2,-11.26726539808611,-11.245312351346627,-11.320003683911949
TOMM40L,-12.920929785370918,-12.79309413711079,-12.881995690573904
SDHC,-9.554629708363889,-9.63434382003819,-9.6771221133824
ENSG00000289106,-13.044816951018705,-13.092336654727672,-12.998045180670019
ENSG00000288670,-12.444842290758455,-12.233283438201768,-12.488048224787054
ENSG00000283696,-12.554158492472416,-12.559094401751128,-12.691337235667763
DUSP12,-10.231681624353357,-10.41486038643081,-10.652865411909325
ATF6,-9.001224152632194,-8.958365768185052,-9.133215376335597
NOS1AP,-9.556716543508653,-9.691849195059898,-9.722023795285093
C1orf226,-12.7537917698728,-12.880474206947948,-12.891391979366436
UHMK1,-10.388844976194969,-10.257632089910283,-10.41407542212621
UAP1,-10.693192266446596,-10.654100594321338,-10.721406913051677
DDR2,-12.201284156498469,-12.056696013364233,-11.602139874295714
HSD17B7,-11.793825539157881,-11.776119919446622,-11.79900997054756
RGS4,-11.861038567239232,-11.459849000490129,-12.603598672412407
RGS5,-8.480120311734376,-8.607992381644525,-8.730092754917447
NUF2,-10.674646603318799,-11.360279395118296,-11.10555299236844
PBX1,-7.0586133650410785,-6.995369839337403,-7.393490473987744
ENSG00000271917,-11.963198625027031,-11.91631776813804,-12.285212897024431
RXRG,-9.946939380505404,-10.16747603290223,-10.073286324297662
LRRC52-AS1,-10.713847041956331,-10.536866444923783,-11.11152345561405
MGST3,-7.880467983570082,-7.856216065452072,-7.858434023927028
ALDH9A1,-10.045350665289597,-10.0944021463244,-10.102647550905177
TMCO1,-9.420899542767255,-9.458314777023752,-9.5191273930796
UCK2,-10.414155636570534,-10.726714799543338,-10.532193143280546
POGK,-9.997487207303584,-9.946042388504999,-10.124650620033062
TADA1,-11.124262539953504,-11.074184562074855,-11.224309625337899
ILDR2,-10.097751968143008,-10.087553760192016,-10.989522182755906
STYXL2,-10.054474738843517,-9.968283424063202,-10.31805329366246
POU2F1,-8.852330054693176,-8.917700503308883,-9.034317432808907
CREG1,-9.707711583759977,-9.77413859367872,-9.796573639271758
RCSD1,-9.334799535340263,-9.283578143805673,-9.214968920343495
MPZL1,-9.016947745721094,-9.091506746551506,-9.248545255310544
ADCY10,-12.961083183220332,-12.957868651289658,-12.647391852725276
MPC2,-9.403044540025306,-9.494741789442969,-9.390842917588877
DCAF6,-8.400856687249368,-8.292739532538539,-8.651682985541434
GPR161,-10.618460516561854,-10.76552751587987,-11.074234616443096
TIPRL,-9.23075736432414,-9.233556087617625,-9.307441950321383
SFT2D2,-10.531128068702351,-10.489417182568788,-10.661241784154472
TBX19,-13.21524492617651,-13.147417298716642,-13.161616649576883
ENSG00000285622,-11.746807019593552,-11.469298186448828,-10.93423413946403
ATP1B1,-7.727445640723217,-7.798565175779081,-7.489894771558301
NME7,-9.375861116718871,-9.322228559610258,-9.439715803050031
BLZF1,-10.033822488119357,-9.942823905645596,-10.132146627659962
CCDC181,-11.545905765866713,-11.28893244859853,-11.33473722090623
SLC19A2,-10.872973857801659,-10.737294701362023,-10.857832028785834
ENSG00000213062,-12.314416137363045,-12.021546994774777,-11.97651061620566
C1orf112,-11.43299692211845,-11.619933243017375,-11.797545248285761
METTL18,-11.839481743194241,-11.764325257963533,-11.894664252346736
SCYL3,-10.928717840058228,-11.075068816449493,-11.268243731797204
KIFAP3,-8.936370394349732,-8.769115239520705,-8.883188666985783
GORAB,-11.180662829936994,-11.17205437557033,-11.240045056335608
PRRX1,-11.861080258160996,-11.94545952800427,-11.8295363255308
ENSG00000231424,-12.525931913812876,-12.21926973825012,-11.63943369830193
FMO4,-12.030357724324938,-11.735753252283,-11.95632875046615
PRRC2C,-7.879814450505736,-7.8654669588888995,-7.938505369114176
VAMP4,-11.425981805086348,-11.302863943941178,-11.393017177202351
METTL13,-11.599098002354781,-11.583804247473145,-11.626839042554346
DNM3,-11.25125979295664,-11.019241795318985,-11.141149282851053
PIGC,-10.502893930184074,-10.42332112415891,-10.610662460630984
C1orf105,-12.219963982295388,-11.28748727660241,-11.594875543552577
SUCO,-9.002431585463865,-8.866254567329774,-9.015468377047076
TNFSF4,-12.730472221271391,-12.570024481552903,-12.93409833669386
PRDX6-AS1,-9.873503886458547,-9.840130317528498,-10.308737167990067
PRDX6,-7.6856851650801605,-7.794427910266449,-7.831690138030646
SLC9C2,-12.930624295002552,-13.270440138009766,-13.10644896192465
ANKRD45,-12.718013701911419,-13.214723457118067,-12.58421424262994
ENSG00000289426,-11.964762182494644,-12.527460596800388,-12.35410142629442
KLHL20,-9.64872106898736,-9.720367602108618,-9.837758084488852
CENPL,-11.316422555918772,-11.66250464581149,-11.767493248248085
DARS2,-10.953413767759434,-11.014948051986915,-11.131961527485107
GAS5,-7.456917529024926,-7.741509228077482,-7.8693755413460025
ZBTB37,-10.414758401596574,-10.21283626479387,-10.405103733604875
RC3H1,-8.988123029390408,-8.924600613144994,-9.015371652492341
RABGAP1L,-8.018648823881932,-7.7778927434121865,-7.692557685331476
CACYBP,-8.777196269036496,-8.998918324645855,-8.821166677656711
MRPS14,-10.193207917034282,-10.285569062486232,-10.298314071143773
KIAA0040,-12.893603030973448,-13.145434643916852,-12.268383492356968
LINC02803,-12.043641304980245,-12.174544423536569,-12.41035354943398
COP1,-8.60081802376548,-8.517575574303992,-8.62946989667076
COP1-DT,-12.235600448936909,-12.233885904245646,-12.079417869461455
PAPPA2,-11.661983011051513,-12.077839377447717,-11.539829112872031
ASTN1,-11.790626086299236,-11.618466304700137,-11.533428135443536
BRINP2,-13.072816110470379,-12.531082450264693,-12.673374526003418
RASAL2,-8.493393374484905,-8.363965897328628,-8.70814195627051
RALGPS2,-8.766318945504441,-8.715046223629866,-8.787837224493629
ANGPTL1,-12.607686670681803,-12.496682245058656,-12.736939230552682
FAM20B,-10.142445755757873,-10.09499444246772,-10.247489214498893
TOR3A,-11.81698140587054,-11.903743820206689,-11.756333010283136
ABL2,-9.671711848289611,-9.662210433549753,-9.847500407941387
SOAT1,-10.863528426288982,-10.835069267835234,-10.95271044039803
TOR1AIP2,-9.463211184914327,-9.40602046810164,-9.635322403923892
TOR1AIP1,-10.59757626637332,-10.442787304020378,-10.759168926443113
CEP350,-8.549467156066806,-8.503746300692846,-8.641816354769082
QSOX1,-11.667885427577891,-11.872293063054803,-11.561148561325837
ACBD6,-8.744307244574028,-8.782486470718828,-8.896201049157119
XPR1,-8.638709755488435,-8.717616556354166,-8.851690485176068
STX6,-10.254760524661062,-10.272010305830078,-10.324661111622891
IER5,-12.029381691112379,-12.043279998644339,-12.589340454581336
GLUL,-10.333761446347399,-10.296855066203586,-10.223869484498776
NPL,-13.119211001608342,-12.632909233242149,-12.838757444414949
DHX9-AS1,-12.284691088215485,-12.257564155700667,-12.382296401112008
DHX9,-8.455688457574531,-8.530541766713615,-8.574076972710875
LAMC1,-8.9343646569018,-8.881525322734012,-9.046762796436242
SMG7,-9.33185984510102,-9.308597950197473,-9.43394786049162
ARPC5,-8.408433597974208,-8.396249258484243,-8.479128459555767
RGL1,-8.691331652769174,-8.584874294211424,-9.00209062977833
COLGALT2,-10.252787771940767,-9.822614752274923,-10.741098654026493
TSEN15,-9.964849550158219,-9.742861472970958,-10.01947050513864
C1orf21,-9.247131545101867,-8.986316206862991,-9.615483497908878
EDEM3,-9.878527193785471,-9.787906966640804,-9.992303484816638
NIBAN1,-12.350942099236175,-12.80836205074224,-12.921728731283993
RNF2,-9.962483512444262,-9.870553582898344,-10.176258003598045
TRMT1L,-10.281898753837805,-10.332091026710218,-10.3630634160696
SWT1,-10.49563750660781,-10.474991531552696,-10.649868415301409
IVNS1ABP,-9.315372843107935,-9.535413010029469,-9.749510222693312
HMCN1,-9.266902956510815,-9.084978135147482,-9.255341298267721
TPR,-7.933492180668577,-7.9945176415091534,-8.079704467278553
ODR4,-9.832151669038922,-9.75923675369567,-9.935921466892685
PDC-AS1,-10.927624458773733,-10.86456732293513,-11.124352852418014
LINC01036,-11.169100639225409,-10.887281641587279,-11.45605844728534
BRINP3,-10.334605565988467,-10.900047397510216,-10.147457019017939
ENSG00000285280,-11.11141147350482,-11.089256472198173,-10.852523346465679
RGS13,-11.904554358711975,-12.939564436740833,-12.403135985911003
RGS2,-11.88010063485226,-11.986780890754233,-11.941390202603978
UCHL5,-9.787545950746702,-9.813989251805207,-9.747800023171235
RO60,-9.050272149112706,-8.965550363495858,-9.083944147409687
GLRX2,-10.815204321879813,-10.801597369332237,-10.938053094556462
CDC73,-8.92242991101969,-8.881894557023426,-9.061781023401828
ENSG00000227240,-12.031192256089453,-12.013388465942938,-12.34600385267274
KCNT2,-9.092797614674216,-9.011358297342463,-9.174552424271198
ASPM,-9.34875530255654,-9.97351515419685,-9.783033561723686
ZBTB41,-10.447169426126301,-10.28616118064095,-10.380134145968437
DENND1B,-9.066973145394902,-9.20183699284118,-9.176287208502188
C1orf53,-11.8974112370451,-12.169570008445664,-12.393834380512011
NEK7,-8.671085590410867,-8.666436646863989,-8.948868475122984
MIR181A1HG,-10.734157443861049,-11.002440378092922,-10.935847385572906
ENSG00000230623,-11.886205375691517,-12.378629204132825,-11.244223429143753
ZNF281,-10.146841775465283,-10.082695348294541,-10.23156081523604
KIF14,-10.209026587116378,-10.931026583038253,-10.816161256344845
DDX59,-10.68855534590943,-10.616525013155181,-10.75009508218481
CAMSAP2,-8.707427243970358,-8.66371380432462,-8.942137653871015
INAVA,-12.187225079831672,-12.645573202356383,-12.783164990634067
TMEM9,-10.14887838880324,-10.274999330204272,-10.094109761586626
TNNT2,-5.773287888784531,-5.762992383228029,-5.574652707719837
LAD1,-12.825462158532954,-13.054310307141202,-12.618613543596807
TNNI1,-6.505852252568999,-6.5234222489559475,-6.353580245421863
PHLDA3,-11.159012216046651,-11.346992797914506,-11.413574577698746
CSRP1,-11.017727026207519,-10.424275976972378,-10.686964188880566
NAV1,-7.670683783351309,-7.774644547271012,-8.166988088153587
IPO9-AS1,-10.463856392256867,-10.513453667735009,-10.901345316600619
IPO9,-9.219748378093461,-9.211926087377787,-9.507765806966171
SHISA4,-12.945365641322972,-12.857586056192133,-12.898888614117311
LMOD1,-9.293518830286844,-8.855101019509474,-9.35195936675248
TIMM17A,-9.535642633576495,-9.634519930032654,-9.65134033348274
RNPEP,-10.859902015193065,-10.96074484316119,-10.85474056745476
ARL8A,-10.704841291644975,-10.675757478765242,-10.659366156531908
UBE2T,-10.239330846443936,-10.659272086197907,-10.648083401375033
PPP1R12B,-7.4809965749355944,-7.060154652166476,-7.632073607939922
SYT2,-13.08411596804511,-12.64304536268319,-13.059153987262235
KDM5B,-8.21768296407909,-8.189082466372993,-8.317823687328357
PCAT6,-11.974235622766205,-11.696775499219267,-11.300545054155034
ENSG00000291234,-12.386399996195992,-12.247699614287399,-12.169178736504637
RABIF,-11.448012598812667,-11.435101863249246,-11.585204191404825
KLHL12,-10.96793713136483,-10.928911414283316,-11.082945624211193
ADIPOR1,-10.233936268168737,-10.20012891818998,-10.35039580826591
CYB5R1,-11.082166338885715,-10.998334908318098,-11.085254335817188
TMEM183A,-9.754075577915255,-9.782020314290818,-9.829338135715979
PPFIA4,-10.621277094859668,-10.655047638984326,-10.397097538657981
ADORA1,-12.440485496157022,-12.416330251886874,-11.731266388648837
BTG2,-10.29492890254182,-9.9619369327402,-10.023505584863932
ATP2B4,-9.204286492459605,-9.15446289498528,-9.105871767296659
ZC3H11A,-12.938124365835879,-12.964445727441408,-13.163706072619732
SNRPE,-8.572713787525874,-8.8123182582372,-8.75699875006585
SOX13,-11.63440230573341,-11.657847357390434,-12.000982310304042
ETNK2,-12.54139502810794,-12.487661230141558,-12.840462876363452
PLEKHA6,-9.984952932670351,-9.882504289042872,-9.889250039450134
PPP1R15B,-10.601276024745989,-10.600179856643258,-10.659125856192352
PIK3C2B,-11.050352092149142,-11.028476360117919,-11.264198928534592
MDM4,-9.223138207401423,-9.171148876587186,-9.35618231729849
LRRN2,-12.856838314948869,-12.590201027376715,-12.393921420193605
RBBP5,-10.910973013324169,-10.915534533854382,-11.11349728628843
DSTYK,-10.509907468012607,-10.434785615121056,-10.687504296576328
CDK18,-11.999619789154336,-12.147167303411617,-11.802691953225542
ELK4,-10.842050808658215,-10.827061279101567,-10.913666103306097
NUCKS1,-7.283300984327035,-7.409034990162099,-7.5081968869733275
RAB29,-12.246739909830106,-11.98140062887954,-11.968842249759664
SLC41A1,-10.605924677823639,-10.452208484656799,-10.665567329459236
ENSG00000286619,-12.828178265009345,-12.604528316712445,-12.376800458302055
RHEX,-12.53573508100022,-13.024593657991906,-12.178434677501475
SRGAP2,-9.729080572824842,-9.582362517462347,-9.953028329115778
IKBKE,-11.97770729375909,-12.31771847690546,-12.163022993995115
RASSF5,-10.331783363661746,-10.828730770544752,-10.41152531782299
EIF2D,-10.708048741591446,-10.74175583574498,-10.846401819954922
DYRK3-AS1,-13.261412127028441,-13.127079408467562,-13.077544781204272
DYRK3,-10.826906425904738,-10.714253006183531,-10.765310503544796
MAPKAPK2,-9.711986124528902,-9.638498102635374,-9.759414607972793
PFKFB2,-12.85392202698358,-12.788348025275631,-12.705580651029935
YOD1,-11.426557640354739,-11.300614458426171,-11.513351640620156
CD55,-10.626996136707294,-10.354869616095602,-10.61159889863908
CD46,-8.933493775824767,-8.845098357402037,-9.111593801020437
MIR29B2CHG,-12.547382381616039,-12.399443310429005,-12.63408792803218
PLXNA2,-9.725836809681217,-9.853403856914074,-9.673135964174975
G0S2,-11.756034296247092,-12.2609816038774,-11.424212702613037
UTP25,-11.059671086639801,-11.20257242027506,-11.16859130172877
SYT14,-10.61422373988417,-11.037851114106331,-11.04447608758212
HHAT,-10.427108874304661,-10.551695797795501,-10.545879059528376
KCNH1,-11.370633697761173,-11.565533085559728,-10.869520735615978
RCOR3,-9.218868523837322,-9.20601504480806,-9.302197601665764
TRAF5,-11.536092589140845,-11.531857666776212,-10.680199881660304
LINC00467,-10.85718667774003,-11.349948646833063,-10.474043414419109
SLC30A1,-11.762126989997133,-11.966833965675386,-11.896150615702012
NEK2,-11.397952377705433,-12.253551156486724,-11.949653824834943
LPGAT1,-8.963751998074839,-9.078612852569846,-9.154059850451459
INTS7,-10.326157861873396,-10.317647211136412,-10.591822801889974
DTL,-10.616912872588776,-11.248829121645741,-11.306516145882785
PPP2R5A,-9.521792660429716,-9.481459729010849,-9.639973922358337
ENSG00000234915,-12.88059025581059,-12.741464587484334,-12.955173208799726
PACC1,-11.531847407316372,-11.548541441586995,-11.596958042138638
NENF,-10.720057468986889,-10.752349931539404,-10.738307025652517
ATF3,-11.102815344778534,-10.03749567820446,-11.034522124207108
NSL1,-9.428539335679027,-9.435918314055337,-9.450942757323588
TATDN3,-10.9309897982512,-11.023230382586327,-11.14278187172106
FLVCR1-DT,-12.520450918507992,-12.765723397949822,-12.804921858091879
FLVCR1,-10.616080988893168,-10.582411145912022,-10.677860461921203
VASH2,-12.817942355669102,-12.898548115865053,-12.917342544711632
ANGEL2,-10.085906544430205,-10.020580101434138,-10.130554070168618
RPS6KC1,-9.268430662735435,-9.14645487351533,-9.27360546138294
PROX1-AS1,-10.758204489203381,-10.834135891491322,-10.915263833641468
PROX1,-8.956459197283303,-9.11331760693092,-9.374631480800165
SMYD2,-9.619231640534151,-9.897828769067974,-9.951991057255555
PTPN14,-9.958327096204666,-9.836438141324448,-10.290134306517578
CENPF,-8.543066549232526,-9.209341220986476,-9.067414647804886
KCTD3,-9.606876251390768,-9.605275399459176,-9.75636126677579
USH2A,-11.634471618829185,-11.344874192482074,-11.784865279804347
ESRRG,-7.142784347018613,-7.17923664779965,-7.424587898192883
GPATCH2,-8.940730626154147,-8.820348824384416,-9.06596324836326
SPATA17,-11.101763296401122,-10.976033905335846,-10.8757366091635
RRP15,-9.530862675764066,-9.797607188844102,-9.805544816052205
TGFB2,-7.83057257977929,-7.859751660660915,-8.375146872163898
LYPLAL1-DT,-12.250778124020629,-12.240337341616236,-12.0573936961186
LYPLAL1,-9.266006321505166,-9.121530019243929,-9.059171443753973
SLC30A10,-10.869481496665394,-12.5820358545123,-13.02469077887284
EPRS1,-8.76512988076372,-8.824200790144383,-8.829264808190738
BPNT1,-10.797729599916128,-10.818299326423688,-10.904271553411563
IARS2,-9.137190883127102,-9.306274085905619,-9.341068638585211
RAB3GAP2,-9.295988685948737,-9.271807035517673,-9.380411252705203
MARK1,-8.71668702447878,-8.847530501258873,-9.052510556101879
MTARC2,-10.453779819491992,-10.449680052297472,-10.689894277123202
MTARC1,-10.809239830739754,-10.899784024820814,-11.626118699481388
DUSP10,-11.448730458512182,-11.364260849074975,-11.376548945714827
TAF1A,-11.68388613189828,-11.717776427239457,-11.695896584407897
TAF1A-AS1,-12.564915995780861,-12.727977499740925,-12.677378232009676
MIA3,-9.220451573637977,-9.156262251609807,-9.270404717886972
AIDA,-9.98835100705559,-10.029419489008028,-10.02111550519962
BROX,-10.106631374042939,-10.106704472813208,-10.191692102726279
DISP1,-9.623949389902583,-9.42799293777188,-9.632263747386824
SUSD4,-11.97411253207329,-10.165037889110769,-11.513653449114075
CAPN2,-10.077051060277688,-10.088825595548995,-10.305121171009434
TP53BP2,-9.247492415077936,-9.217396946236956,-9.391512742932797
ENSG00000291068,-11.971624927143695,-12.015438911828586,-12.200029437570102
ENSG00000290989,-11.654897719704307,-11.141948103998475,-11.259437541420976
FBXO28,-9.930069369241012,-9.966447690631739,-10.08699562865182
DEGS1,-10.139458874931833,-9.994565249294881,-10.256591615518488
NVL,-9.922728838501513,-9.929363818086715,-10.090295705318631
CNIH4,-9.884061092101184,-9.92057803974331,-9.95737823827432
WDR26,-9.38702551156485,-9.386535317824418,-9.568076854747313
CNIH3,-11.30497877416521,-11.315615283980629,-11.29117787157163
DNAH14,-9.226024017962098,-8.666709168394792,-8.565076532699429
LBR,-9.75120790677411,-9.846597154501527,-10.001094915199861
ENAH,-8.21073062377805,-8.162795632043618,-8.305015088955047
SRP9,-8.648531547649162,-8.706938375776092,-8.754531915380479
EPHX1,-11.9389403276329,-11.831521563667561,-12.008036091924668
ENSG00000242861,-12.227556457827475,-12.277062049458939,-12.417913866915116
TMEM63A,-11.271181342663816,-11.335726582967316,-11.471833656876807
PYCR2,-10.760570636292607,-10.815286995823866,-10.895634800672035
SDE2,-11.136960925345662,-11.144146929420174,-11.331633743729022
H3-3A,-6.8133159768299345,-6.927806331819392,-6.926140018389324
ACBD3,-9.326740184408468,-9.24745065920186,-9.322508371199508
MIXL1,-12.584324544552649,-12.054604629186853,-12.067734387384737
LIN9,-10.197555475484096,-10.134266393829337,-10.378296213043136
PARP1,-8.758824349470553,-8.865553687905297,-8.849580976977107
STUM,-11.335307453516677,-11.783681534373342,-11.839488486031534
PSEN2,-11.46420632721544,-11.068044612884648,-11.368484018776382
COQ8A,-11.450748882739815,-11.663625908733456,-11.592496442570258
CDC42BPA,-8.577516732818976,-8.47041802152283,-8.7212654455454
ZNF678,-10.293113469806647,-10.238668086295936,-10.457605100523189
SNAP47,-11.18548322884081,-11.218300266631521,-11.2411978309364
JMJD4,-11.853249082803714,-11.99789972630606,-12.034135763569681
ARF1,-8.291348249967792,-8.289003579363497,-8.251466041890337
C1orf35,-10.282756062765662,-10.396674862732393,-10.478954340468169
MRPL55,-10.625367139345933,-10.696741180230521,-10.694630194476689
GUK1,-9.490291378777835,-9.519865764671517,-9.563205245825188
IBA57,-11.9832954158641,-12.003841314014583,-12.294106432028105
OBSCN,-9.18100800696993,-8.98043296037391,-9.164644349198321
ENSG00000269934,-12.676680007877813,-12.588394370841025,-12.619652890144772
TRIM11,-11.46567354259043,-11.59363304454105,-11.624265377356643
ENSG00000231563,-12.662398920483755,-12.514686136037014,-12.933448536890099
H2AC25,-10.389200114852434,-10.563241422169094,-11.253737718524057
RNF187,-10.254387153079115,-10.258340190932596,-10.263641193606755
RHOU,-12.161877618308159,-12.12116882835,-11.507687231886667
RAB4A-AS1,-13.050025223162221,-12.719303529297246,-12.847704931274913
RAB4A,-9.632721284358796,-9.536880404895063,-9.59525695288842
CCSAP,-11.709685859923427,-11.72421128721909,-11.778217721567097
ACTA1,-11.144857675789114,-9.866708774603367,-10.538737246104768
NUP133,-9.788839169244762,-9.833194409598065,-9.873519261008704
ABCB10,-10.707010087497908,-10.53191254940967,-10.826518107091154
TAF5L,-10.863466449837267,-10.686106667097638,-11.1746623155839
URB2,-11.531075320941168,-11.507388076855024,-11.622411569656395
GALNT2,-9.354931971451954,-9.344773606583603,-9.618039881127997
COG2,-10.179365962995568,-10.266264396243358,-10.303021568152943
AGT,-11.905811641069628,-12.018931289924517,-12.098424848607138
C1orf198,-10.572971789853986,-10.540661958515738,-10.975238928500227
ENSG00000223393,-12.058634170279731,-12.217825247008816,-12.375171636025671
TTC13,-10.704542254817236,-10.889764804474634,-10.901255141000384
ARV1,-10.307870387263856,-10.404306645168313,-10.386102777985315
FAM89A,-10.483667025342035,-10.288303275677492,-11.019883190477982
C1orf131,-10.642612202591774,-10.803089046759267,-10.62987776379103
GNPAT,-10.200370009578704,-10.232750007217188,-10.267424023665074
EXOC8,-11.703059577626272,-11.57025736289187,-11.754892643706034
SPRTN,-11.098002529584225,-11.035693582742,-11.209040880025702
EGLN1,-9.332408693483638,-9.50122335686966,-9.443896079940197
TSNAX,-9.55526928486623,-9.53063355755653,-9.657180602271326
DISC1,-9.495839329814446,-9.762546518435656,-9.715031120834183
ENSG00000286071,-9.085436898648219,-8.823408871249043,-8.556694012501294
SIPA1L2,-7.715812788104785,-7.788548702766602,-7.754725512381867
MAP10,-12.275901976696266,-12.835504792401172,-11.245447360620124
NTPCR,-9.410390289911886,-9.42397492807325,-9.358922775148312
PCNX2,-10.207510829982095,-10.134463330419221,-10.112123057832072
MAP3K21,-12.402582457652876,-12.60705955399585,-12.088833645546025
KCNK1,-11.537371541209877,-12.311674780383372,-11.912619716396113
SLC35F3,-9.98713534269475,-10.011001799949387,-10.919861941213588
COA6-AS1,-13.031638172752087,-13.054104225148091,-13.052498095216405
COA6,-10.057127017509462,-10.230671640482019,-9.978287076032473
TARBP1,-9.521607804159263,-9.406775504766303,-9.50750426850082
IRF2BP2,-9.72776233036748,-9.5750540681794,-9.848901885614808
TOMM20,-8.010426756286993,-8.097430121611096,-8.119045830925414
RBM34,-11.812457993932167,-11.818652495567118,-11.914674001509477
ARID4B,-8.458446543645845,-8.441236285223061,-8.601400961080747
GGPS1,-9.82428770607734,-9.77229800679445,-9.97170366343882
TBCE,-10.45523334071197,-10.450801690939587,-10.578836117450344
B3GALNT2,-9.860140319180086,-9.784623565600237,-9.920227773069609
LYST,-10.147258649053812,-10.145571510988521,-10.185222740834298
NID1,-10.155167998462018,-10.65588898332525,-10.589101048747073
GPR137B,-12.462876451950125,-12.289477098349506,-12.577069832997335
ERO1B,-12.306578095349268,-12.117176616978346,-12.285141195700389
LGALS8,-11.28306422989453,-11.179630190916265,-10.997655199962402
ENSG00000230325,-12.190880988429411,-12.415230437216927,-12.505439064922157
HEATR1,-9.925139600664174,-9.982710414430713,-10.090505109555238
ACTN2,-7.841071315896753,-7.607838759284538,-8.118022427827372
MTR,-8.653193907972422,-8.710850674165185,-8.857477587847013
RYR2,-5.850802547653249,-5.907366349297609,-5.9616693331813435
ENSG00000289628,-12.262925771269312,-12.248591852368156,-12.51257754979199
CHRM3,-12.149251533147234,-11.696948372392551,-10.513902429983586
FMN2,-11.924560630219824,-12.666263896803022,-12.234573930849423
GREM2,-10.16662301429008,-11.323871800142975,-10.566900260559482
RGS7,-13.015965671249184,-13.171142943459895,-12.931865184998733
FH,-9.492596127959446,-9.637576029323485,-9.488829515523115
OPN3,-10.926556769954061,-10.690410246323808,-10.700788347285593
CHML,-10.228001341383061,-10.287434318581361,-10.292243017113243
ENSG00000288723,-13.234420248840241,-13.097437626602035,-13.0263525173712
EXO1,-11.258958715399316,-12.059500741193553,-11.521083286813905
PLD5,-11.651903691793951,-11.165465566292912,-12.49035449631208
CEP170,-8.703904666893193,-8.691032515920316,-8.988793592240587
SDCCAG8,-8.918907915236256,-8.81144517917301,-8.967628950020941
AKT3,-8.593366711170217,-8.536227262053218,-9.005074240460964
ZBTB18,-11.333659538023806,-11.142833687063897,-11.455206227347073
ENSG00000240963,-12.130083782083288,-12.085417514008828,-12.197634990544886
ADSS2,-9.775238007040334,-9.795841011031897,-9.868729584254814
CATSPERE,-11.078630510899922,-10.677374924539732,-11.128720768037962
DESI2,-9.646100527414092,-9.67381198260545,-9.781688478927197
COX20,-9.311868301108035,-9.268103754851252,-9.232309926853425
HNRNPU,-7.408893812684375,-7.566050321459896,-7.6220309383782805
EFCAB2,-8.936542023868228,-8.79021681230049,-8.887651963156003
KIF26B,-6.292153951203685,-6.4207567338090215,-6.446133699943554
KIF26B-AS1,-10.398779932903283,-10.550716793368853,-10.515157495756517
SMYD3,-8.007192219818005,-8.049171041274155,-8.063178558559203
TFB2M,-11.019386871542805,-11.097129460218614,-11.212684691731424
CNST,-10.0909625282809,-10.10173331752876,-10.261679216117972
SCCPDH,-9.694863084104925,-9.801900056180358,-9.802575733437362
LINC01341,-11.790784342094843,-11.835211788444127,-12.04505884174643
AHCTF1,-9.44572004742917,-9.487727981718715,-9.623055604917008
ZNF695,-12.459962785544896,-12.63857249350483,-12.646790482135227
ZNF670,-11.161235633688655,-11.333803164573508,-11.534430410628236
ZNF669,-11.96129183830847,-11.93087642357375,-12.028392338210377
ZNF124,-9.476349716328777,-9.639909482170077,-9.659954661084432
ENSG00000259865,-12.914433273300252,-12.788577863569296,-12.982413421175659
ENSG00000290683,-12.113247792649384,-12.231864141028197,-12.253518561463748
ZNF496,-10.716455362103517,-10.730170337630053,-10.9691269189636
ZNF496-DT,-10.143055422385462,-10.165402149035817,-10.335673975190016
TRIM58,-12.68277730877274,-12.39539450358644,-12.086753456889399
SH3BP5L,-12.086478953371934,-12.118992304709709,-12.252085366544554
ZNF672,-11.66671781071246,-11.58652730481644,-11.565336383523064
ZNF692,-11.757948486072134,-11.717689788222795,-11.861592303238544
PGBD2,-11.877031923031796,-11.641559196395889,-11.910591125547771
SH3YL1,-10.427933736085546,-10.360808553828841,-10.459691586752493
ACP1,-9.208556484712558,-9.379973611977167,-9.295612673611222
TMEM18,-9.890643137918216,-10.02484705126381,-10.2225112139379
SNTG2,-11.941161226037352,-12.025633232892522,-12.235838079966767
PXDN,-9.55077093748538,-9.475777797974688,-9.420527879244256
EIPR1,-10.707912881565417,-10.753162642200499,-10.868435261171168
TRAPPC12,-10.182961200840667,-10.145260284059043,-10.22821191798413
ADI1,-10.175346382157858,-10.163178578892165,-10.396830189962886
RNASEH1,-10.10151915173014,-10.260762667523062,-10.332807275414162
RNASEH1-DT,-10.801748470183275,-10.888925793093371,-11.035234527720148
RPS7,-6.357834651603705,-6.542783281578351,-6.410927119877692
COLEC11,-12.965645862819462,-12.844640655121156,-12.122090103652218
SOX11,-9.763939496679379,-9.629345325036113,-9.92668131365557
RNF144A,-10.246680376399896,-10.68250527288463,-10.210925766909757
LINC00299,-12.915885100390328,-12.980038256513431,-12.575126052794962
ID2-AS1,-12.568034128731748,-11.897401874963963,-11.884837992515356
ID2,-8.234104931577326,-8.248505056792524,-8.240210136904942
KIDINS220,-8.452395937774352,-8.516360312898618,-8.537046240113245
MBOAT2,-9.245983443749033,-9.245706314573265,-9.274282246797245
ASAP2,-9.36834079592279,-9.586693552782037,-9.867967984466304
ITGB1BP1,-9.901733944375943,-10.003614681114247,-10.071942264132462
CPSF3,-9.981179369953448,-10.082910494913449,-10.15560416364065
IAH1,-12.277188967689309,-10.445290963435093,-10.864736625390117
ADAM17,-9.571621493128196,-9.516716574417266,-9.68191670299811
YWHAQ,-8.24717059403966,-8.427690646798295,-8.530172808110175
TAF1B,-9.807609814714711,-9.854933037019682,-9.90154477809395
ENSG00000269973,-12.584866346893241,-12.66302396612798,-12.706152707671516
GRHL1,-13.038636389710929,-13.04943330950808,-13.025917881000405
ENSG00000260077,-12.160466239565332,-11.846404441953077,-12.234200555972485
KLF11,-10.963764718165756,-10.938466621351516,-10.984339230842698
RRM2,-10.839549724207187,-11.403485811417532,-11.511189761233645
HPCAL1,-11.803008218250499,-11.926469627950784,-11.916816515110698
ODC1,-9.099271126828855,-9.23549242515146,-9.214987781368468
NOL10,-9.639385342844738,-9.72956904269872,-9.757853675037966
PDIA6,-8.105014558836993,-8.07751301359326,-8.181420055206361
SLC66A3,-12.046423324921657,-11.954766765119246,-12.030064616887081
ROCK2,-8.655794904150257,-8.699602141465489,-8.779593539781306
E2F6,-10.636770533290983,-10.524832415247063,-10.684081962350948
GREB1,-9.279127501295209,-9.348430022843278,-9.68520845130295
LPIN1,-9.953062205080872,-9.991005999013694,-9.848336786164243
TRIB2,-10.04191284504834,-10.117687647846244,-10.357313916157917
LINC00276,-11.737927169148394,-11.42919069606951,-12.603564567374658
LRATD1,-12.912904260159802,-13.148857203130305,-12.79565168709926
ENSG00000287291,-11.768434984048138,-11.748321688712261,-12.567581772393588
NBAS,-8.729946790971718,-8.77320564367935,-8.891888752017852
DDX1,-9.119415329728138,-9.127662502862414,-9.253105599424073
MYCNOS,-12.571974001773008,-12.932925350594433,-12.699741075037068
MYCN,-9.884766954755289,-10.39897357289945,-10.10505955872297
CYRIA,-12.619658145386571,-12.617947014199029,-12.797418369645637
SMC6,-9.384679835934971,-9.473982405223074,-9.430506189070176
GEN1,-10.372308357919021,-10.552152547745033,-10.62491685024602
RDH14,-10.044679820018578,-10.301334886014,-9.931551297401743
LINC01376,-10.828145635946376,-10.870596487837748,-10.75959077699137
OSR1,-11.628444287490629,-11.929384353814017,-10.821557805863204
TTC32,-10.525559169565954,-10.57336144778172,-10.956585387254371
WDR35,-9.725824358947316,-9.857536661064906,-9.91318830794273
MATN3,-12.021759135610731,-12.740706494879364,-13.100581663339483
LAPTM4A,-8.531909359196133,-8.522136840284327,-8.706403828280973
PUM2,-8.391487288625514,-8.398203772704143,-8.503918687934153
RHOB,-10.782927593984192,-10.750467194769266,-10.916605695197514
HS1BP3,-12.554319240710823,-12.538857519414039,-12.420276286087201
LDAH,-9.654116562401153,-9.751211232432187,-9.703026476869956
APOB,-11.821025939502645,-12.013704174306014,-12.050271214344615
KLHL29,-11.843124225884516,-11.874541467335867,-11.500455521826677
ATAD2B,-9.01020636705354,-9.025150540224894,-9.131818375263759
UBXN2A,-9.257242209973857,-9.302961487502877,-9.393542382008553
WDCP,-11.370921081275249,-11.486546724542926,-11.431475706129994
FKBP1B,-11.01417727502593,-11.264013223083143,-11.037562758098476
SF3B6,-8.533174286821154,-8.72467027596002,-8.628874488115576
FAM228B,-9.710120376845515,-9.693974812013952,-9.635945732930775
TP53I3,-10.626473903471483,-10.754247364369512,-11.00857778101734
ITSN2,-8.836295515994824,-8.822564072338446,-9.099377675685128
NCOA1,-8.457833772090277,-8.445437248525707,-8.803764991080543
PTRHD1,-10.058536515780714,-10.181076886703408,-10.523738847171286
CENPO,-11.545058627569501,-11.854531720222534,-12.038359917450816
ADCY3,-12.347017400801054,-12.654831682626332,-12.723982573043196
DNAJC27,-10.88445888042136,-10.995649088256004,-10.919020887234353
DNAJC27-AS1,-12.16323940512498,-12.222520682049753,-12.105705048756489
EFR3B,-11.088807729155585,-11.086849203250589,-11.352179867431405
DNMT3A,-9.42956495145297,-9.494722412850132,-9.536268468079133
DTNB,-9.4522949492776,-9.41196016436279,-9.445483019563776
ASXL2,-9.441603592398078,-9.498864156568882,-9.604564289958764
KIF3C,-12.537584769957835,-12.646999664697645,-12.714906438423075
RAB10,-8.78343635120517,-8.780220540871138,-8.8825670057854
HADHA,-8.47436803612047,-8.576335404956339,-8.513760903966471
HADHB,-9.150506065864922,-9.185486994056866,-9.185723773167709
SELENOI,-10.230778639371799,-10.299502059943697,-10.227496204796145
SLC35F6,-12.185142529374138,-12.138792120019778,-12.23076384389697
CENPA,-11.6878006391842,-12.266190483891176,-12.109240880726837
MAPRE3,-9.817893434648436,-9.921371372595624,-9.80976319802938
TMEM214,-11.642234510904181,-11.801453673605497,-11.79929626655329
AGBL5,-11.12523375384196,-11.222175298506185,-11.3521177402385
OST4,-8.222565438978243,-8.31484701027245,-8.353705452734872
KHK,-12.257218272977612,-12.642835200634408,-12.278091201534664
PREB,-11.245466767788804,-11.457262145921872,-11.371806317910643
SLC5A6,-11.60074110348896,-11.661444350777117,-11.870968912252838
ATRAID,-9.44172680339315,-9.390869931232343,-9.428860008756228
CAD,-11.329951599389581,-11.47965765901515,-11.676252792589393
SLC30A3,-10.390086807002511,-10.765248617032757,-10.35144577008623
DNAJC5G,-11.37437104570995,-11.404379062336853,-11.168358756127125
TRIM54,-10.268541443061588,-10.121804736223552,-10.472991753586932
MPV17,-10.90219050113987,-10.919393564922848,-10.971640983342457
GTF3C2,-10.617646506730196,-10.721588318302747,-10.853456363046098
GTF3C2-AS2,-12.522462919525099,-12.39602303810754,-12.467595917924182
EIF2B4,-10.843211000463283,-10.948828983516634,-10.981180201422818
SNX17,-10.222300205183055,-10.362464833574597,-10.318538214089045
ZNF513,-12.406519224316773,-12.446948242139557,-12.529649107813393
PPM1G,-8.792632542781954,-8.978482427868434,-9.021774867462126
NRBP1,-9.717335112577054,-9.722405424192317,-9.785144856372677
IFT172,-10.665966415279176,-10.599460684085805,-10.738643149175532
FNDC4,-11.770659661076916,-11.65566405185678,-11.89525511253125
ZNF512,-10.425862863101024,-10.750587940429314,-10.537337064895858
CCDC121,-12.106770057056089,-12.057737956838952,-12.086095227394525
GPN1,-10.689844927884344,-10.894205106595104,-10.811947632257171
SUPT7L,-10.829026081521546,-10.892857293499448,-10.931453149514521
SLC4A1AP,-10.040757628509654,-10.0384258728419,-10.198018697511555
MRPL33,-9.338748324394162,-9.396446798010206,-9.430088202699746
RBKS,-11.340495771379144,-11.363589509689602,-11.22577776993348
BABAM2,-8.94041060323607,-8.902737532069311,-8.996165997696622
FOSL2,-12.701661999818496,-12.243252228191713,-12.707949487082178
PPP1CB-DT,-12.429679466341131,-12.335109583150105,-12.394661809574977
PPP1CB,-8.485494351693841,-8.518068190556534,-8.411372946687319
SPDYA,-12.326640841808363,-12.242867528858383,-12.38102205537444
TRMT61B,-10.546707831030396,-10.536187011719559,-10.636000764456375
WDR43,-9.168995850201455,-9.333525577466744,-9.257909431661986
CLIP4,-10.973078244882277,-11.014142586178608,-11.040037588962708
ALK,-10.849085859902566,-11.863433609633939,-11.70221666222692
YPEL5,-9.32654431058548,-9.220970620057185,-9.326360043962444
LBH,-8.151944970914597,-7.774295310142232,-8.173396943189061
LCLAT1,-8.935144299644039,-8.824278206621612,-9.093006739411418
GALNT14,-12.366916398986312,-12.262277798590937,-12.295926907794914
EHD3,-11.20770586134535,-11.35949662282493,-11.500351306860116
XDH,-12.673615053444477,-12.32824115838694,-11.016225548272928
MEMO1,-11.606752589406792,-11.597128636114906,-11.76188105144721
DPY30,-9.479370244110363,-9.655229042899709,-9.578566848207423
SPAST,-9.637960064739643,-9.585163486087698,-9.6806492515005
SLC30A6,-10.182613101126453,-10.215407452073938,-10.222804793692799
ENSG00000289727,-11.66917118906629,-11.629287913016348,-11.730385340564151
YIPF4,-9.562616108653486,-9.564977517691386,-9.739535736273535
BIRC6,-8.074639910966516,-8.120702749961008,-8.223050434795029
ENSG00000276334,-12.305697891790945,-12.453196568167572,-12.458072724834667
ENSG00000276517,-11.994451446852448,-11.933275512331816,-12.156718858887022
BIRC6-AS2,-11.915741156146488,-11.903974169336305,-11.955108929695154
TTC27,-10.152537214308605,-10.20170874398002,-10.268842450155683
LINC00486,-9.087896997540454,-9.113292831005667,-9.138870266182874
LTBP1,-7.504603449113889,-7.401505580951494,-7.700856018094763
RASGRP3,-11.68628516750434,-11.027120164922444,-11.278506503657287
FAM98A,-10.231205495006193,-10.150281499571543,-10.230157111029248
ENSG00000286415,-12.257327411660212,-12.184301685289087,-12.233577656901561
CRIM1,-10.247290685232336,-10.378800454339066,-10.067371543349093
FEZ2,-9.706745747207489,-9.852373906212291,-9.733993587644106
STRN,-9.144906288938756,-9.048371056595577,-8.893004833457313
HEATR5B,-9.939707800478175,-9.950915079424371,-10.012420045904339
GPATCH11,-10.943533501980893,-10.952150262905672,-10.874571067480957
EIF2AK2,-9.794067034507263,-9.716783858096266,-9.823616397646461
CEBPZ,-9.310746784144264,-9.362695696875807,-9.281289606595536
NDUFAF7,-10.494256247995049,-10.564434056027386,-10.543630633921596
PRKD3,-9.505377583211228,-9.610333107187904,-9.714080870173303
CDC42EP3,-9.186520607686852,-9.1009998775506,-9.59844907283897
RMDN2,-10.986510380203335,-11.039426169086344,-11.232756350268824
ATL2,-9.819140671613244,-9.850112953005485,-9.954212726586551
HNRNPLL,-9.515465092564613,-9.53866250044105,-9.692356082847802
GALM,-10.504500496103486,-10.64189632739942,-10.616122820791547
SRSF7,-8.596417062935036,-8.80554020623915,-8.772780524971896
GEMIN6,-11.111187669338676,-11.256162269869119,-11.203599333802515
DHX57,-10.000379779679761,-10.03355070975782,-10.131704617474458
MORN2,-10.99253723653447,-10.934241429813614,-11.013494011974172
SOS1,-8.224508695331206,-8.267640090650499,-8.359341617642745
CDKL4,-12.369411466430911,-12.227227865148352,-12.36611092578237
MAP4K3,-8.588142139656266,-8.464812351526241,-8.593937329157212
MAP4K3-DT,-10.036838218364139,-9.913201232265164,-9.986545106225304
TMEM178A,-10.822932170666162,-11.263363543531625,-11.178581934154064
THUMPD2,-9.936269799969502,-10.028149685985715,-9.854031434793741
SLC8A1-AS1,-9.465869901387038,-9.51261369397266,-9.380088986314163
SLC8A1,-5.509028243078907,-5.569773428704655,-5.533632544621133
ENSG00000289013,-10.240331612036213,-10.365593982290848,-10.338760009456191
ENSG00000287255,-12.790583411753017,-13.032015771052446,-13.004999520678298
PKDCC,-10.226614995563182,-10.212093836158404,-10.250811766026043
EML4,-8.370229472653628,-8.400192077317499,-8.556051886658068
COX7A2L,-8.97138202546573,-9.063455681383552,-9.094449417754765
MTA3,-9.119054092785914,-9.140164078849626,-9.30326755668248
ZFP36L2,-9.7436720790106,-10.067401857296044,-9.843673156576818
THADA,-9.65601070055581,-9.692660564519892,-9.82673978831571
DYNC2LI1,-10.18165758228674,-10.102889018359715,-10.171951029453925
LRPPRC,-8.53032496125025,-8.603233657921741,-8.513058797994962
PPM1B,-9.653254828207064,-9.630299578232838,-9.725979411510412
PREPL,-9.680532804105669,-9.61624818689496,-9.789369692700133
CAMKMT,-8.970901836476301,-8.908662736593685,-9.090169111734895
SRBD1,-9.539832120107803,-9.665737958565424,-9.602284345819792
PRKCE,-9.096511091848003,-9.094621393781736,-9.224123917309097
EPAS1,-13.134085851870445,-13.021296591982683,-12.577083359967503
ATP6V1E2,-11.422950889440648,-11.590912851688776,-11.456956329015428
RHOQ,-8.50759473691317,-8.65111070888936,-8.572224603899729
RHOQ-AS1,-12.619480825637888,-12.645264466092629,-12.545891345970109
PIGF,-10.15963711347765,-10.168437253233911,-10.129668038634792
CRIPT,-9.824641673280173,-9.92658788769241,-9.963018198240709
LINC01118,-12.020476489439677,-11.902564493717707,-12.296525228488644
SOCS5,-10.879247102311362,-10.82512433908917,-10.877158048142803
MCFD2,-9.80333371998787,-9.752479096139924,-9.797333915906949
TTC7A,-10.969217149582708,-10.970543744197055,-11.061224986593526
STPG4,-12.83195544175209,-13.248614333593181,-13.124280332555854
CALM2,-7.779103217009666,-7.936635052867281,-7.877056166602778
EPCAM-DT,-12.397598882623619,-12.554669783220442,-12.172341380654009
EPCAM,-11.740642956954378,-11.804960906291289,-11.359627272082928
MSH2,-9.066672714015407,-9.158170926158794,-9.244127494313416
MSH6,-9.094726581202158,-9.172478555800256,-9.228918756374458
FBXO11,-8.525710919718394,-8.546071521775831,-8.644083352116757
ENSG00000230773,-12.938174958788784,-13.014000686713945,-12.673586092468438
FOXN2,-10.746925783956794,-10.729373513284736,-10.846296328947467
PPP1R21,-10.00841762556525,-9.979456278104829,-10.117410670795165
STON1,-10.400109458094809,-10.510889756588583,-10.587607262155663
FSHR,-12.360158629974043,-12.172288979221612,-11.440185391850124
NRXN1,-8.518289384714135,-9.124350949675438,-8.390860715752193
ENSG00000228033,-9.445813761104374,-9.312774550785592,-9.460928226390948
ASB3,-9.102883043989019,-9.097746413680841,-9.331520937615013
CHAC2,-12.038547647677754,-12.320665224639315,-12.22762490322675
ERLEC1,-9.829650885272939,-9.74354297790321,-9.873442315579808
PSME4,-9.19892451681377,-9.194119466483446,-9.326053328040139
ACYP2,-9.011816127358532,-9.187154866703185,-9.156070777105652
SPTBN1,-7.457102507210899,-7.397660638131082,-7.693279493565785
SPTBN1-AS1,-12.795418930646223,-12.90883903946717,-12.921826876890675
EML6,-11.96694614499324,-12.054165243954083,-12.001877507898783
RTN4,-7.769449210617264,-7.7548528910223995,-7.946421803566809
CLHC1,-10.050591283451856,-10.060854705719589,-10.27478856710252
RPS27A,-6.514268841969518,-6.646642426600048,-6.676266535612411
MTIF2,-10.002710169454252,-10.11632912333511,-10.138518039346357
ENSG00000240401,-12.472383910812717,-12.417891132944938,-12.227544098023174
CCDC88A,-8.618485472628661,-8.610440198722385,-8.771343887943637
CFAP36,-10.427944338261941,-10.510822014189069,-10.39366663356529
PPP4R3B,-9.275530204095853,-9.3263214285395,-9.404694046730217
PNPT1,-9.754470488835327,-9.892817092895964,-9.975398123685226
CCDC85A,-11.055073515365018,-11.444925569095433,-10.92066027370956
ENSG00000285755,-12.280595594040177,-12.038730715825588,-12.041841594444604
VRK2,-9.888980271441337,-9.940565780637048,-9.852306039574145
ENSG00000287875,-12.831391794018367,-12.728500109328584,-12.813403750804472
FANCL,-9.528754853786277,-9.647713934560427,-9.614342038817075
LINC01122,-9.92092670781653,-10.130564043875864,-10.171155573794369
BCL11A,-9.580096899529511,-10.142501153667137,-9.708847042294872
PAPOLG,-10.179853322733846,-10.214924171937387,-10.315578062212328
REL-DT,-13.222133807008221,-13.050852634070486,-13.021952391392503
REL,-10.514652771485592,-10.510283329124704,-10.554717900512541
PUS10,-11.228337226958137,-11.243635474655523,-11.346477226170828
PEX13,-10.081449631059057,-10.142370513579793,-10.221369003947709
SANBR,-10.043304095892765,-10.140176072241962,-10.262166484224354
C2orf74-DT,-11.75122081854144,-11.966797338465241,-11.919160098872098
C2orf74,-10.689711135479834,-10.1911753966759,-10.765666018935494
USP34,-8.081512217146857,-8.085988203166933,-8.216613442182684
USP34-DT,-12.85559188079906,-12.652659652283175,-12.594073774114074
XPO1,-8.340638553677104,-8.398399030334849,-8.497701663952355
FAM161A,-10.148038713954033,-10.014047272276946,-10.168457220068154
CCT4,-8.286758827604677,-8.487948143458953,-8.380665545485765
COMMD1,-8.980771099712875,-9.010378946056605,-9.103007081685789
ENSG00000229839,-12.707139105826663,-12.672185417330631,-12.724796646291605
B3GNT2,-10.915766776567477,-10.732241324531248,-11.071880262602946
TMEM17,-12.092973579857174,-12.322701477095219,-12.448303242436213
EHBP1,-8.274733610921935,-8.238313753207294,-8.45607228482991
ENSG00000226605,-13.143472986437759,-13.041501976765979,-13.138335585930767
EHBP1-AS1,-12.676297441501228,-12.587239298118659,-12.83298355983808
WDPCP,-8.729649664556593,-8.675318870018478,-9.001604030716004
MDH1,-7.496892606850915,-7.6722708740464185,-7.663255270460696
UGP2,-7.886933470912915,-7.983287441358459,-8.061817498063439
VPS54,-9.033837633140537,-8.9696998178232,-9.161103790779883
PELI1,-10.679770331255147,-10.797596663545317,-10.937900304503565
LGALSL,-11.370207465515326,-11.568575931900858,-11.63005912993066
AFTPH,-9.81814865501668,-9.792534685773449,-9.855797215019386
SERTAD2,-9.936598964396742,-9.847902747972439,-10.143520823730414
LINC02245,-10.799443953201207,-10.82854979801539,-10.983497631650618
SLC1A4,-10.644317382388817,-10.832300540588717,-10.58290645724901
CEP68,-10.48926778998531,-10.572752792121758,-10.560023662790389
RAB1A,-9.116774639503802,-9.118293200717613,-9.150085538087295
ACTR2,-8.825527577240297,-8.852452946577134,-8.940849978444584
SPRED2,-10.387993598255955,-10.021454798144195,-10.308558663868563
LINC02934,-12.624430460927512,-11.600067023809078,-11.800410421089586
MEIS1-AS3,-12.65536877611926,-13.126426323393236,-12.0458929656724
MEIS1,-8.484135179037878,-8.421421543631558,-8.592496981151346
LINC01798,-10.483474098916028,-10.39747613723249,-10.310149873622889
LINC01799,-12.85456365036835,-12.620026949330573,-12.390537460155727
LINC01828,-11.473936898520279,-11.251166255943335,-10.897541185389484
LINC01829,-12.44790351017237,-12.495205014553365,-12.263992320484185
ETAA1,-10.463304667304,-10.467158060321898,-10.569576607096844
C1D,-9.707556142516273,-9.666786909969172,-9.644160911709683
DNAAF10,-10.742869496633425,-10.884322765776519,-10.892908935893502
PNO1,-10.155095656853103,-10.280826781668948,-10.246016769676979
PPP3R1,-9.022890190552543,-8.992025420241756,-9.090581180387181
ENSG00000289156,-12.538621148110767,-12.755329498592982,-12.802125498872932
CNRIP1,-12.32260832621241,-11.48607174601952,-11.80031458138324
FBXO48,-12.948102808699673,-13.051162272665708,-12.706761735598763
APLF,-10.269085777348753,-10.068158141545307,-10.143972780207969
ARHGAP25,-12.587552947654881,-11.957077389360066,-11.25709781544241
BMP10,-11.655164459479924,-12.080679005074636,-12.369436849041941
ANTXR1,-8.74599015750692,-8.854133660368625,-8.985643445417772
GFPT1,-9.553379239047512,-9.490336821238417,-9.575553230291742
NFU1,-9.687735881911793,-9.88041215517113,-9.798641784808527
AAK1,-8.493147203195317,-8.394679483880918,-8.659638920457937
ANXA4,-9.956353400391105,-9.770333740052486,-10.028105493651536
SMANTIS,-12.076325875473378,-12.257176258521618,-12.818153137059788
GMCL1,-9.531189742255407,-9.583772183499605,-9.931432447325594
SNRNP27,-9.923285419615521,-9.993208793453894,-9.977445401062354
MXD1,-10.866496784731803,-10.930901801126788,-11.120975881662625
PCBP1-AS1,-9.95395562758557,-10.100772660922885,-10.245653357934328
PCBP1,-8.5596570210812,-8.77906053489075,-8.661839479762518
C2orf42,-11.655734851827392,-11.680711385658563,-11.858369961402504
TIA1,-9.102894147720944,-9.254200001782026,-9.258039307221987
PCYOX1,-9.513259586198618,-9.482284845904465,-9.638163403295858
SNRPG,-8.935666679310104,-9.091850713506497,-9.078054659307739
FAM136A,-9.387288852148728,-9.633075372005345,-9.397750580462315
ADD2,-11.518066754304296,-11.951288875710201,-11.01429289272923
TEX261,-11.569422253190014,-11.595644884728724,-11.706512957300436
NAGK,-10.589793966149584,-10.700209860576608,-10.651330601978533
MCEE,-10.223824901589893,-10.348426770285124,-10.418248725842966
MPHOSPH10,-9.636037608154663,-9.740808185437553,-9.768134694601454
PAIP2B,-10.413521885998845,-10.672593957855387,-10.411541133629358
ZNF638,-7.907637450603764,-7.948647264245349,-8.039078205214391
ENSG00000289463,-11.6606005677459,-11.644330833555857,-11.712559887161733
DYSF,-10.048433276646119,-9.940962435149313,-10.265722101957637
EXOC6B,-7.702685880342556,-7.475125257100677,-7.672288807497248
SPR,-12.450403134595211,-12.847803811028013,-12.686400131065538
SFXN5,-10.839137609707935,-10.763045475889076,-10.959639100538876
SMYD5,-11.974032760090305,-12.045530466807255,-12.22034323211987
PRADC1,-10.710594747645303,-10.859129034220437,-10.72474602135136
CCT7,-9.195574755797365,-9.408645350112575,-9.303975324816367
FBXO41,-12.425261730985577,-12.740601318588693,-13.015969361263961
ALMS1,-9.197490229520204,-9.22484387016607,-9.318594693017353
ALMS1P1,-12.65693233003311,-12.381979588054785,-12.70766523025353
TPRKB,-10.103924301806959,-10.35842361581826,-10.179289634635378
DUSP11,-10.703028016936242,-10.73925874779271,-10.787977755015676
STAMBP,-10.137456888695587,-10.243726616208473,-10.262843055157136
DGUOK,-9.56983369403999,-9.68690884426643,-9.678556324516002
TET3,-9.857070531047219,-10.037022539500281,-10.079443009755074
BOLA3,-10.343215498268249,-10.650890877816337,-10.559481869355796
BOLA3-DT,-11.822769466391305,-12.046255328249755,-11.9661496772208
MOB1A,-9.569246211126114,-9.572093652537337,-9.625961411827372
MTHFD2,-10.115654971176067,-10.286567230621849,-10.184721951144905
SLC4A5,-11.492576873103912,-11.318103124884276,-11.241500212410749
DCTN1,-9.869776575276424,-9.927867979391499,-10.001921493030633
C2orf81,-12.766610283355385,-12.817210402308918,-12.943489781822352
WDR54,-10.783115658899025,-10.969079939823029,-10.62467451614633
RTKN,-11.190344183609023,-11.26253120952706,-11.178143461059545
INO80B,-12.0335849462611,-12.16036600831445,-12.123975617974866
WBP1,-10.421154637636146,-10.515628226754618,-10.574328279104915
MOGS,-11.1996402665855,-11.208019763713976,-11.305826230380381
CCDC142,-12.050615372565167,-12.265179597247233,-12.32161318980216
TTC31,-11.781830854759068,-11.857514853910963,-12.071470192392429
PCGF1,-12.42081215313887,-12.55005267274114,-12.688933214365036
AUP1,-10.797095306938232,-10.831043763684644,-10.98525104061001
HTRA2,-11.094526478693638,-11.255155653449448,-11.182789568347228
LOXL3,-12.106646587196893,-12.16838790564213,-12.328995449717214
DOK1,-12.756847102219506,-12.830108007567905,-12.970730386367846
SEMA4F,-12.942927848785414,-12.842979607714142,-13.09857715283912
ENSG00000286739,-12.608204210029545,-12.149481127151644,-12.502567765155169
HK2-DT,-12.796294868292726,-12.860019692855182,-13.068783625095627
HK2,-10.09899579843987,-10.13050289222711,-10.17226791647931
POLE4,-10.18699874413943,-10.388089239767293,-10.605341433698515
ENSG00000270571,-11.772640281106929,-11.847519081361382,-12.490377462674322
MRPL19,-9.245879672853416,-9.362524434566179,-9.43409457318371
GCFC2,-10.274198225546833,-10.140946545516032,-10.033542842978587
LRRTM4,-8.206228367936292,-7.531067736886639,-8.209607190539169
CTNNA2,-9.903999828872747,-9.410079436556037,-10.370400037102122
LRRTM1,-12.951605648485431,-12.013408864356508,-12.71655641553988
SUCLG1,-9.127334942731048,-9.198804304157136,-9.101380955454452
DNAH6,-11.734265357952594,-12.03599018082795,-11.986851678253277
TMSB10,-7.892768423493052,-8.10108928084653,-7.831692944198186
KCMF1,-9.504319228040835,-9.505729472359675,-9.618994987897151
TCF7L1,-9.620525198280461,-9.627385993773697,-9.805818722993004
TGOLN2,-9.986886002957627,-10.161102877160655,-10.274532402437117
RETSAT,-12.468820254180985,-12.420500081652515,-12.596247276052955
ELMOD3,-11.286246824772219,-11.28763329358946,-11.277574440835641
PARTICL,-12.794295260723143,-12.94535458630137,-13.003925149187051
MAT2A,-8.95905041910383,-8.914318242794826,-8.972712204564843
GGCX,-11.157007451099018,-11.017011678695589,-11.164569214480537
VAMP8,-11.683534912248273,-11.555793819902638,-11.223629376884501
RNF181,-9.68332271158532,-9.790257668990908,-9.628377531777021
TMEM150A,-11.623333723416446,-11.446700511069169,-11.506827517666128
USP39,-10.358367761528072,-10.464557611512117,-10.480135386756402
C2orf68,-10.669399320698645,-10.719700627835302,-10.843545927212817
ST3GAL5,-11.959060677354206,-11.580316426069354,-11.564041422298304
POLR1A,-10.383670815574394,-10.492954281187314,-10.499256189412984
PTCD3,-9.354106476061261,-9.409466726206558,-9.540060369701349
IMMT,-8.71543177263539,-8.800712272700068,-8.759686417600157
ENSG00000273080,-12.674007365957133,-12.66669283607455,-12.84233095510517
MRPL35,-10.45692386070843,-10.467590739082976,-10.422431847335723
REEP1,-9.648997079670902,-9.74849597961016,-10.006438942037285
KDM3A,-9.072722030246151,-9.038208627077891,-9.235177791434497
CHMP3,-9.564740818965037,-9.617300359673123,-9.848193295638527
CHMP3-AS1,-12.970054766104463,-12.811024741779386,-12.997519097005593
RNF103,-10.655117499318898,-10.503749508993067,-10.896662665679706
RMND5A,-9.766780132958601,-9.73946209869814,-9.847404518679182
ENSG00000287763,-12.81276928505704,-12.75470218766479,-12.407290424220058
KRCC1,-9.682900047913021,-9.760353258221892,-9.771409856826697
SMYD1,-8.38258845253234,-8.386608550116996,-8.631931303752959
THNSL2,-13.28011500412278,-12.155861864757666,-11.181670419421604
EIF2AK3,-10.372977165427328,-10.137284611462132,-10.3513244791891
RPIA,-10.737726358152281,-10.911674707135063,-10.759478107973091
LSP1P5.1,-11.604770773635748,-12.131783406460727,-11.828772170971646
ENSG00000291142,-12.776435172341516,-13.135672665285155,-13.180877340424939
MRPS5,-9.192301469262787,-9.269248886922183,-9.167397680346536
ZNF514,-11.136511128318688,-11.051505622404209,-11.25355988879274
ZNF2,-12.349273392006877,-12.374942864851029,-12.459346167475793
ZNF892,-10.685239252063504,-10.29170808052078,-10.607106471329821
FAHD2A,-11.594144631702953,-11.621491924816091,-11.565089383167964
LINC00342,-9.21446267894345,-9.501404240603282,-9.416423342311374
ANKRD36C,-9.25762851809341,-9.530384333139994,-9.462026018948034
ENSG00000291176,-11.774206843322203,-11.824705044704796,-11.701983361260304
ADRA2B,-12.457284724946144,-12.732073774135248,-12.340232543742337
STARD7,-9.432635619584829,-9.479721366323341,-9.530428282955286
STARD7-AS1,-11.40454117254799,-11.36768290503323,-11.496373009865422
TMEM127,-10.494097263964807,-10.390906684892132,-10.558057801478764
CIAO1,-9.6387987201891,-9.732160108879302,-9.730150122589075
SNRNP200,-9.332010761701778,-9.433205199752214,-9.454396164707031
NCAPH,-11.41372513936029,-12.117931281705399,-11.935730026593765
KANSL3,-10.081316520709725,-10.140400895684358,-10.217894067213601
FER1L5,-12.899735954384036,-12.835306126294258,-12.555269619213279
LMAN2L,-10.686457237118072,-10.721027024872662,-10.844335614822441
CNNM4,-11.58009704516625,-11.393982495788338,-11.688887828126916
ENSG00000289135,-11.95003158004751,-11.996495150661245,-12.103444294712238
CNNM3,-11.501162704565507,-11.591392993115088,-11.919296992585895
ANKRD23,-12.171027510312866,-12.187527614898668,-12.287029291425743
ANKRD39,-11.440118685971697,-11.580701458218597,-11.464629841966964
SEMA4C,-11.681767709192364,-11.713978417687267,-12.066199117174069
FAHD2B,-11.581625431523545,-11.661934896538774,-11.642556597823143
ANKRD36,-8.993552128440324,-8.703592037304174,-9.013389485347613
ENSG00000277701,-11.294885473290494,-11.162223735217225,-11.38257634273516
APPAT,-9.530377044192903,-9.409603717273184,-9.526422350094496
ANKRD36B,-9.2937421975972,-9.430515517738208,-9.479785343737273
COX5B,-7.92767956474937,-8.027364651176377,-7.859165587252784
ACTR1B,-10.846837326248922,-10.811582323033248,-11.000712284578972
C2orf92,-11.398458299374939,-11.172427283737756,-11.450104754258573
TMEM131,-8.830132044865337,-8.781863414171902,-8.877831889933894
INPP4A,-10.157134469148351,-10.188262313004982,-10.310289389059589
COA5,-10.027908255154411,-10.100277036585785,-9.988594395016735
UNC50,-10.541907218071751,-10.497647878433092,-10.64628381608642
MGAT4A,-11.225708590947866,-11.170467117109338,-11.241663951363542
TSGA10,-10.512909808502771,-10.54707173011694,-10.260430424685895
C2orf15,-12.489550186358752,-12.560675824965308,-12.231093138966015
LIPT1,-11.854558021033625,-11.98905252854228,-11.810019533952884
MITD1,-10.429224217757008,-10.547680506490819,-10.506520011121271
MRPL30,-9.991959464042255,-10.140062776218315,-10.007592274479377
LYG1,-12.693772346024529,-12.718101506881935,-12.575159364035489
TXNDC9,-10.220674018395284,-10.26647574667806,-10.34192805364528
EIF5B,-8.604770936462051,-8.642125864224857,-8.6213550814898
REV1,-9.260339691405747,-9.265969775132648,-9.385633129044924
AFF3,-8.15078565716584,-8.171698934829285,-8.391515702190194
CHST10,-11.722498953488017,-11.771145349378347,-11.816454790469889
PDCL3,-9.886582580838473,-9.943388302250028,-9.993411944953303
RPL31,-7.1043184095238745,-7.22146195945978,-7.194443079092844
TBC1D8,-10.09029117281053,-10.061705888501523,-10.463536290773952
TBC1D8-AS1,-12.797281358651926,-12.715339077279099,-12.869441528626355
CNOT11,-10.003715277644423,-9.90319353309141,-10.226158580406006
RNF149,-9.574636845258434,-9.362860941251462,-9.706383038952731
MAP4K4,-8.161635689493691,-8.240616835750965,-8.40644831198775
MFSD9,-11.747401233655815,-11.771595532223428,-11.852012458407284
TMEM182,-11.313037904352043,-11.133860439228014,-11.325091261822855
MRPS9-AS2,-12.844657963331551,-13.077646160761734,-12.835262957535202
MRPS9,-9.31088926826045,-9.443483613709576,-9.417768501005854
TGFBRAP1,-11.07637478801955,-11.180584075921182,-11.18946986711374
C2orf49-DT,-11.567291412348087,-11.731525149231794,-11.791498432647275
C2orf49,-10.392610057363143,-10.472291623286548,-10.295523683592318
FHL2,-8.7365382461025,-8.562361932062837,-8.479832371481892
NCK2,-9.963083858921271,-10.091490818410897,-10.065821298143664
UXS1,-10.25521469583174,-10.270294545474865,-10.406470090006211
ST6GAL2,-12.433568319765833,-12.604383171945276,-13.004823720296963
SULT1C4,-11.918725619280885,-11.432182346591945,-11.176436034378114
GCC2,-8.949187118152858,-9.036396132756689,-9.076708270926144
GCC2-AS1,-12.473709272888959,-12.476974348081646,-12.567660104000478
LIMS1,-9.12073359914822,-9.19327640407867,-9.272222727928966
RANBP2,-8.905525330593465,-8.905034767062785,-9.014105098614328
CCDC138,-9.38366666471822,-9.504296438156356,-9.610609903975677
SH3RF3,-11.472282960576717,-11.632347888957142,-12.112940995878409
SEPTIN10,-9.005835136610694,-9.008392544777406,-9.176884863842398
SOWAHC,-11.985003057092916,-11.964288166799692,-12.227826757669256
ENSG00000282033,-12.212100384649172,-11.988492151063069,-12.636468412435809
NPHP1,-10.864083858588696,-10.760348674694113,-10.876935190312809
MTLN,-11.26605092660506,-10.980775039071505,-10.540494414001587
RGPD6,-12.208151959721478,-11.95909313490719,-12.63787613800885
BUB1,-9.907025401821237,-10.641703415991937,-10.368707489041952
ACOXL,-10.544217124810082,-10.722969710498473,-10.527518090459049
MIR4435-2HG,-11.689843465282593,-11.558066205668085,-11.597629495101428
BCL2L11,-10.762736790322274,-10.877087612975133,-10.94782297076921
ANAPC1,-10.240179455735271,-10.331347622923051,-10.378592743002189
MERTK,-10.855950781011664,-10.524871657731362,-11.108378293753233
TMEM87B,-10.619934842472556,-10.552979633017927,-10.523582641402884
ZC3H8,-10.09317960068832,-10.094177196121105,-9.975981312678039
ZC3H6,-9.854695315651156,-9.794301709482621,-9.84493414951249
RGPD8,-12.841583805446305,-12.699105124326048,-13.042259416118794
TTL,-10.343475500891628,-10.348953662968462,-10.443729492717809
POLR1B,-10.560208966091452,-10.717018671802515,-10.554451566345548
CHCHD5,-10.544975059542239,-10.583167243776463,-10.662934448675024
ENSG00000243389,-13.194891480068625,-13.098928928037,-13.077504951095452
SLC20A1,-10.352118595100814,-10.497694549035192,-10.55944994967544
CKAP2L,-11.218245040118155,-12.022356759681202,-11.694468758647742
ZNG1B,-10.254299953654172,-10.302537044357821,-10.167541694222104
WASH2P,-11.602777964460346,-11.788695691490139,-11.823714396079584
RABL2A,-11.29948631540399,-11.392696008984448,-11.481822981979342
SLC35F5,-9.524807430203149,-9.499844292691533,-9.688964380557591
ACTR3-AS1,-11.40635009166986,-11.531510843891429,-11.818166806594318
ENSG00000270019,-12.788721541293885,-12.816030983801564,-12.933249644299979
ACTR3,-8.801971376034938,-8.901783682587501,-8.990372710996104
DPP10,-9.17410582346173,-9.875054061339537,-9.423171077539038
DDX18,-9.358442809775225,-9.448293088661316,-9.312578979024384
ENSG00000236255,-12.830641181467504,-13.175686290478021,-12.915714339217367
CCDC93,-9.964109460103652,-10.029717711342885,-9.857290173930195
INSIG2,-10.222342572779304,-10.453827845285865,-10.208223099395298
C2orf76,-11.363322383284855,-11.246686482902044,-11.293394526747395
DBI,-9.157784858015173,-9.281482584404902,-9.30233742105618
CFAP221,-10.165090054574055,-10.284544460143897,-10.095579254510147
TMEM177,-12.05299993612239,-11.858674260924591,-11.836911217709437
PTPN4,-8.851195756783019,-8.858777501799027,-8.92357618537369
EPB41L5,-9.166845871905695,-9.089224071214089,-9.251722207787784
TMEM185B,-11.56959026700012,-11.486085454527734,-11.616686982895734
RALB,-10.710487952442492,-10.708976502061823,-10.634372718038412
GLI2,-9.967138350463403,-10.457621060968995,-10.931898140793738
CLASP1,-8.19207674924747,-8.646887264837824,-8.80453486316337
CLASP1-AS1,-12.602985461423442,-12.93530842546694,-13.169289020251881
NIFK-AS1,-10.3653103245495,-10.765940029645432,-10.871158769705714
NIFK,-8.967505220036479,-9.612785797495036,-9.328414782916925
TSN,-9.746240131509518,-10.233482630304062,-10.24380949106273
CNTNAP5,-12.623098844619436,-12.060281852064884,-12.164197671791712
GYPC,-9.394509332778947,-9.785027292216132,-9.085923280983037
BIN1,-11.210902620598972,-11.290314637511978,-10.639798090307568
CYP27C1,-11.91664670991331,-11.976323213365308,-11.95391975064391
ERCC3,-10.498667714814596,-10.596376287221032,-10.599944123525722
ENSG00000286145,-12.265615005089115,-12.159964752488564,-12.113762705744254
MAP3K2,-9.290586907075351,-9.229082662208306,-9.279470109838469
MAP3K2-DT,-12.044195523614766,-12.075315577221497,-11.90455939702785
IWS1,-9.084354920030524,-9.102854293738945,-9.19145615369187
ENSG00000231731,-13.141038488401925,-12.981937514148212,-13.15472454976844
LIMS2,-10.347353566019198,-10.410265280922573,-10.767691807962597
WDR33,-9.180447129564403,-9.240058205055137,-9.3221317025861
SFT2D3,-11.39164643304529,-11.434008037914836,-11.488115643265372
POLR2D,-10.578461922282086,-10.668754701654517,-10.707823514650668
AMMECR1L,-11.141099434711856,-11.103273842543647,-11.288636850758207
ENSG00000272667,-12.672716843945002,-12.675143247372956,-12.729712221922048
SAP130,-10.07084298650664,-10.140932275506536,-10.167056075255726
UGGT1,-10.053591745172648,-10.043662000619472,-10.185897642717181
HS6ST1,-11.357602389772476,-11.633589575373618,-11.348045825748404
LINC02572,-13.021366208999439,-12.866450651652574,-12.890031011440016
CCDC74B,-12.663747637396586,-12.994044235069598,-13.039296720162907
SMPD4,-10.634925212253785,-10.788925002639397,-10.856437157679167
MZT2B,-8.965303462165005,-9.11970318561627,-8.948716420078979
CCDC115,-10.954502771412114,-10.976844463716338,-10.89010226397143
IMP4,-10.934091882830502,-11.013440344249148,-10.960825164628272
PTPN18,-11.814735140107283,-11.981019871405682,-11.512561959219893
ENSG00000290596,-13.076216211681954,-13.008337779521021,-11.400266596085673
CFC1,-12.411891905857132,-12.635488002426918,-11.400450331182705
FAM168B,-9.605568410288441,-9.653994396499222,-9.69690515396704
PLEKHB2,-10.387800688923788,-10.383535193315561,-10.169710534680314
MZT2A,-10.51157005947572,-10.000561003899222,-10.115540314065077
C2orf27A,-10.517346118628971,-10.9033896980107,-10.625833835237227
ENSG00000272769,-12.79907513007993,-12.608146160228255,-12.711893532051143
GPR39,-10.643336377172837,-11.192436242051448,-9.83854039779178
NCKAP5,-10.571489320674726,-10.503875442785482,-10.6854317121766
MGAT5,-8.695054361295925,-8.809620550140616,-8.5877514465517
TMEM163,-8.772759496487444,-9.45741687407288,-8.962007111488074
CCNT2-AS1,-10.893207413627968,-11.136511246752303,-11.26946233779217
CCNT2,-9.250558092856709,-9.266598921301494,-9.389610747566756
RAB3GAP1,-9.237517266816685,-9.19750328250232,-9.279110744151797
ZRANB3,-9.068628344193533,-9.179108992953346,-9.356303609271741
R3HDM1,-8.414565890563862,-8.446335693182402,-8.533579341948682
UBXN4,-8.411123194205139,-8.404218366746962,-8.41217497959779
MCM6,-10.277883385515128,-10.752559762364697,-10.779520465300498
DARS1,-8.784216171669758,-8.920949254654731,-8.701145067551545
DARS1-AS1,-12.134033490960856,-12.533431570191903,-12.286563772175304
HNMT,-12.165611615690416,-12.11891229578298,-11.678015410156489
SPOPL-DT,-10.688906610066885,-10.717495737450392,-10.867379707160769
SPOPL,-9.611117043333753,-9.726119774618674,-9.826447154497078
NXPH2,-9.64713622527895,-9.833721791765024,-10.658716752343002
LRP1B,-8.938041468021677,-8.831897526368657,-10.321931704681596
GTDC1,-9.56841976154477,-9.569240011714083,-9.765346049011905
ZEB2,-8.882105404929439,-8.99910658333776,-9.077003883139005
TEX41,-13.129750959194276,-12.367835856012404,-11.033106993080246
ACVR2A,-9.959812854340921,-9.883129614239643,-9.931556278356387
ORC4,-9.138385985847936,-9.49257387445792,-9.449846970623843
MBD5,-7.6768211446416155,-7.654938863983057,-7.8224342350106175
EPC2,-9.06259930989417,-9.065542155870984,-9.254562484207904
KIF5C,-11.157022028024878,-11.072611242998587,-10.895646262728995
ENSG00000289474,-7.536175594800525,-7.497820778253381,-7.624748430746475
LYPD6B,-9.886549516320509,-9.959727891423487,-11.276822046365984
LYPD6,-9.119463289271438,-9.197798865200225,-10.17911441519439
MMADHC,-9.234818795337915,-9.295130662209203,-9.354432283997609
MMADHC-DT,-9.740402417081219,-9.79226750627442,-10.421270966525372
RND3,-11.652373046341975,-11.668067977150628,-11.449773014299813
RIF1,-8.822647452716758,-8.93805844654262,-8.987708783938158
NEB,-11.532947188564686,-10.844366470280793,-10.67606371704471
ARL5A,-9.247907404469212,-9.309432491370567,-9.158513671859966
ENSG00000288066,-13.069530348770586,-13.185843606654906,-12.894214149917824
CACNB4,-12.418157777477198,-12.209950169981568,-12.811857704406503
STAM2,-10.250502313187871,-10.147380870480177,-10.323794927201316
FMNL2,-9.459895864842322,-9.59165749824483,-9.44588636023552
PRPF40A,-8.472962263662291,-8.573547778131068,-8.577524931124096
ARL6IP6,-10.165410562029267,-10.228797103111383,-10.43314279451604
GALNT13,-10.336263333297135,-10.136626105758003,-9.607730896090581
KCNJ3,-11.372833441217798,-11.173778109322146,-10.589092675569832
LINC01876,-8.997802911808805,-8.69815793423354,-8.315041258621092
GPD2,-10.213150010607107,-10.53831679609947,-10.460218519928565
GALNT5,-12.77749968419182,-12.404196285518664,-12.567307258356989
ACVR1,-10.222358582002894,-10.44289275988478,-10.071629603319222
CCDC148,-11.189112181837757,-11.133286109326384,-11.328531285998718
PKP4,-8.893818801195593,-8.916811144813366,-9.01528524859762
DAPL1,-12.23298341504652,-12.373627005228315,-12.371099772778617
TANC1,-8.580613154252584,-8.705068450228378,-8.834034623276823
WDSUB1,-10.02005202844084,-10.229882357522042,-10.136259064107994
BAZ2B,-7.828807536868595,-7.857664689397966,-8.004066142259642
BAZ2B-AS1,-11.618964963957023,-11.592398948850942,-11.709501928797634
ENSG00000226266,-11.545497240783396,-11.51657846248176,-11.753410852888244
MARCHF7,-8.56695255958426,-8.632107825748603,-8.738360237272726
CD302,-12.383724923600322,-12.489799362006211,-12.435629062127584
RBMS1,-7.7399147584095225,-7.900202557013124,-7.832870887712371
TANK,-9.508104962251654,-9.475611212738524,-9.559400833790127
PSMD14,-9.239604294949956,-9.339660336896724,-9.389318553935608
GCA,-10.451067217930408,-10.370805412606588,-10.377141682623217
KCNH7,-5.584015390253944,-6.207801328323692,-5.744465415580815
KCNH7-AS1,-10.525299037554671,-11.173395756929645,-10.521288745227633
FIGN,-7.6789088480942755,-7.880794954732104,-8.090582415908994
GRB14,-10.97779104617682,-10.811271492174937,-10.822543720889591
COBLL1,-9.24092957410176,-9.65902880831237,-9.478523303203886
CSRNP3,-8.858069251454799,-8.885502127168968,-9.22556703969113
TTC21B,-9.758707430603518,-9.932240284711375,-9.907310476003975
SCN9A,-11.230456055543053,-11.793004718199802,-11.587373339109083
SCN7A,-12.153582076017392,-12.562609180445412,-11.279156129514861
B3GALT1,-9.187738705936066,-8.875415673426133,-9.479704602089258
STK39,-8.35257229233028,-8.494961729093657,-8.689015551449357
CERS6,-8.220069797695185,-8.313708030715878,-8.440240416515985
NOSTRIN,-12.266975242206271,-12.82306333047593,-12.015070534241111
SPC25,-10.774578427784844,-11.482661734419256,-11.297903406810399
ABCB11,-11.784350294409148,-11.902402102574957,-12.372358112070216
LRP2,-10.226185812307827,-9.614738610445263,-11.234584027123473
BBS5,-11.317679865440102,-11.384942873022457,-11.63455477272011
KLHL41,-9.794424431679163,-9.677429372870245,-10.017364588868096
FASTKD1,-9.433199841820237,-9.322181111415105,-9.35417594790551
PPIG,-8.693632123023926,-8.766305319916109,-8.773728504473471
CFAP210,-12.408589207679151,-12.286667378595002,-12.611226979851622
PHOSPHO2,-11.66529641763142,-11.91597263445629,-11.854708328124044
KLHL23,-8.79782360220331,-8.88586447932273,-9.052341862165177
SSB,-8.067628984082436,-8.23098175096402,-8.1174690451886
METTL5,-9.424612835525705,-9.466594523847334,-9.52745842085387
UBR3,-8.208990247575676,-8.22884073516121,-8.505155162715653
ERICH2-DT,-12.87611429339181,-12.879589813138379,-13.072001029035881
ERICH2,-10.966626253632436,-11.114733591573723,-10.916051614542969
GORASP2,-9.755611134276545,-9.767186040854426,-9.787213232607268
TLK1,-8.721000703263858,-8.711918953912745,-8.91641550089269
METTL8,-10.250399477496954,-10.484666313077936,-10.4417866671837
DCAF17,-10.411984378245188,-10.460522977830896,-10.429268443129924
CYBRD1,-11.904380226710781,-11.927505028996405,-12.85774094914079
DYNC1I2,-8.869927210753243,-8.91321310946729,-8.840590694818609
SLC25A12,-9.187387783501507,-9.14206673676132,-9.306651286190178
HAT1,-9.801697124580896,-10.050326712413229,-10.06223985814703
METAP1D,-10.503266969831051,-10.616593322569488,-10.786429733998299
ITGA6,-9.572212425867585,-9.64959935340688,-9.876455698556393
PDK1-AS1,-10.679518711686095,-10.83625745756548,-10.893133649458047
PDK1,-8.139624698612796,-8.064398883255071,-7.9065173505302
RAPGEF4-AS1,-12.75418522191875,-13.093966997947275,-13.090386704181611
RAPGEF4,-9.60536100803795,-9.907275790338335,-9.931411832450529
MAP3K20,-7.925917175677551,-8.049964364041578,-8.119558982125847
MAP3K20-AS1,-12.369701615746624,-12.42735008806609,-12.441971187871838
CDCA7,-10.793130955011545,-11.053581149164511,-11.004078808254905
SP3,-9.414066147950864,-9.459204344643624,-9.51957267446103
OLA1,-8.315723291142598,-8.400086677860042,-8.38783578371111
CIR1,-9.369727358344345,-9.481389856466139,-9.554527525177848
SCRN3,-10.149451246099188,-10.436981863434326,-9.956308725885975
GPR155,-10.667036575539207,-10.839952760046625,-10.569932046461089
GPR155-DT,-12.963325001447382,-13.101069275347083,-12.637211735582843
WIPF1,-10.573427208765095,-10.550808958036717,-10.4773003154015
CHN1,-8.863351476392245,-8.924326978965578,-9.03916745979409
ATF2,-9.047787750721225,-9.071731737527635,-9.158124208384805
ATP5MC3,-7.169545602241872,-7.308466018580977,-7.210706977566238
ENSG00000289349,-11.835573202924826,-10.439629716271204,-9.427061229384888
LNPK,-9.12625840695736,-9.269942536750905,-9.24650262849586
MTX2,-9.046716793857172,-9.233598631045432,-9.07937233967004
HNRNPA3,-7.435053606427687,-7.610878050524342,-7.689278962194934
NFE2L2,-9.577620389772473,-9.541393267417757,-9.466753249218423
ENSG00000213963,-11.495260299559048,-11.503458051128693,-11.48959982726343
AGPS,-9.361953816257873,-9.479559397623687,-9.493897015713317
TTC30B,-12.513981150988643,-12.387197141262952,-12.304960171966254
TTC30A,-12.015031749062862,-12.111751307738842,-12.063184856402916
PDE11A,-12.412312578973648,-12.768328905873036,-12.290873326824736
RBM45,-11.20400699358943,-11.159661603265237,-11.163633997809082
OSBPL6,-11.929496166665697,-11.843827592044876,-12.114832573131345
CHROMR,-11.788951878820571,-11.685039366754442,-11.78638844834891
PRKRA,-9.859579509667293,-9.883921992835663,-9.876993815371556
PJVK,-11.838547737677267,-11.622707343656334,-11.670608617844218
FKBP7,-10.95665570463056,-11.306450189831514,-11.094503283913388
PLEKHA3,-10.097682151348671,-10.148902812509755,-10.18088783364671
TTN-AS1,-9.677530962476371,-9.466138129736635,-9.637776357160378
TTN,-4.161131340761879,-4.033051382897392,-4.24626718689117
ENSG00000267784,-12.550768228868925,-12.381220829174685,-12.410560370909883
ENSG00000287149,-10.6150019571045,-10.482672088417878,-10.593121666974405
CCDC141,-7.365184409631346,-7.267295493586489,-7.398962185156961
SESTD1,-9.581358223882575,-9.66897924870456,-9.64594042982038
ZNF385B,-10.778188548382927,-10.44354267742703,-9.386976805914484
CWC22,-9.855612948143275,-9.826146076409273,-9.845244548932616
UBE2E3,-8.50053251581107,-8.572131409310575,-8.600465419490373
LINC01934,-12.565638741962408,-12.612493413805304,-12.774640991599986
ITPRID2,-9.863257773620598,-9.821817900197486,-10.067243200446477
PPP1R1C,-11.658796284325454,-12.398753368236825,-11.643443096838467
PDE1A,-12.727208193510625,-11.814245725350725,-12.812179560266356
DNAJC10,-8.986937538952265,-8.77342788112321,-9.010065115228992
FRZB,-10.835603793485701,-10.53034460639547,-10.266930034875987
NCKAP1,-8.590038583215124,-8.556232571078402,-8.663715697377846
DUSP19,-12.394012160698354,-12.407158043070034,-12.14262440369612
NUP35,-10.6626545425508,-10.842773558114278,-10.860399464072039
ENSG00000272800,-11.389594911654642,-11.41777834645915,-11.569298076298953
ENSG00000287621,-11.647109023625939,-11.610814730908727,-11.71609769181364
ZNF804A,-10.631446943793602,-11.205764407719304,-10.889474787564401
ENSG00000286797,-9.316095535249067,-8.780608308917603,-8.544641349286428
FSIP2-AS1,-10.307653164377772,-10.07721868309404,-10.058175089352506
FSIP2,-9.735247684264708,-9.21995441925544,-9.094196054112272
ENSG00000287129,-12.733017275854767,-12.81136750509729,-12.953104857138348
LINC01473,-8.68992902255664,-8.614585411942423,-8.718563110000234
ZC3H15,-8.936031840826544,-9.02600799488235,-8.98755846631909
ITGAV,-8.948799376881041,-8.812575646034894,-9.454772973926845
FAM171B,-12.174686952249468,-12.249805127786345,-12.423944817415592
CALCRL,-11.168077994835821,-11.21471757841672,-11.019994911132187
TFPI,-10.924569152685851,-11.236903747736948,-10.660284082925557
GULP1,-9.243819769591646,-8.852945700695855,-9.056628998120853
COL3A1,-9.325300676575955,-9.480391937217581,-9.169293558349166
COL5A2,-10.384101510321988,-10.3931215489528,-10.344562653527333
WDR75,-9.956267171592486,-10.128866793395593,-9.994308841565076
SLC40A1,-10.535671852510719,-10.797220786051213,-10.438937320097727
ASNSD1,-10.854186329351796,-10.95533584748181,-10.845140985253229
ANKAR,-10.973490449110336,-10.876634725629922,-10.800517016726973
OSGEPL1,-11.177307992380213,-11.176675079864738,-11.308029834639495
ORMDL1,-9.01329696236924,-9.066884404882678,-9.08881597171392
PMS1,-9.485473582998683,-9.595127198287205,-9.607154850986129
C2orf88,-11.805614478830813,-11.835855522768997,-11.83394606405522
HIBCH,-8.935278387395892,-8.956973710857516,-8.975591171625457
INPP1,-12.16394152845299,-12.401820059784697,-12.321344392982889
NEMP2,-12.252343273687321,-12.36684762235841,-12.517694916356751
NEMP2-DT,-12.417679345298154,-12.748820404060035,-12.41280568802602
ENSG00000284052,-11.058027368838458,-11.736989236554525,-11.318984012981039
NAB1,-9.521911932609775,-9.810686468655145,-9.785200668226429
GLS,-8.63267473815975,-8.461477930051846,-8.828296830680634
STAT1,-9.762377975166507,-9.777968023874939,-9.934074919007406
STAT4,-11.972905360795593,-12.205603435152433,-11.669401747079363
MYO1B-AS1,-12.862049669830341,-13.230572160755045,-12.940719017739173
MYO1B,-8.940937016537063,-9.080367382962818,-9.335812983897327
NABP1,-12.137520914530231,-12.249553525543195,-11.928580411243315
TMEFF2,-13.185102278496846,-13.242031350886943,-13.117355466244835
SLC39A10,-8.879345416739346,-8.854696108525108,-9.058729454420215
DNAH7,-12.238154613637406,-11.9901803304805,-11.723962567889778
STK17B,-11.358092937784887,-11.579951443512869,-11.616605295140591
HECW2,-10.613652145835738,-10.619752087400425,-10.91598368333392
CCDC150,-11.164092574694216,-11.620262973448321,-11.397562427213071
GTF3C3,-9.816296938397272,-9.91417352138153,-9.911295491317736
PGAP1,-9.474471824449068,-9.455925458833722,-9.689827165579262
ANKRD44,-10.745012496356644,-10.501526690727687,-11.337563590263745
SF3B1,-8.249757825847798,-8.31274519959912,-8.387681311623377
COQ10B,-10.840336759747917,-10.708238074302958,-10.75778992946301
HSPD1,-7.0351629448717095,-7.293510585218307,-7.0607307445502965
HSPE1,-7.920839419187726,-8.090133239743919,-7.964210601472223
MOB4,-9.275831856714035,-9.344667777007565,-9.305694263174814
RFTN2,-12.65825473384262,-12.082016428728808,-12.424439378319326
ENSG00000222017,-11.647299640803292,-11.25885034554385,-11.878191733801225
MARS2,-12.28909250922963,-12.154342485447467,-12.064165928065448
PLCL1,-9.288506160080019,-9.290958691594113,-9.388052930556393
SATB2,-11.60162795370925,-11.904921565947284,-11.725361465736391
FTCDNL1,-12.159670110505138,-12.14729021673226,-11.778904364667275
C2orf69,-11.12823033073243,-11.168194896504463,-11.191698763714276
TYW5,-10.61239716175389,-10.665198087180968,-10.731645360183542
MAIP1,-10.417580279906945,-10.510283921134793,-10.481420091928513
SPATS2L,-9.639545024426372,-9.778613462391686,-9.774173818401522
KCTD18,-11.771451072172649,-11.944571950522024,-11.752207140377468
SGO2,-10.22833884364522,-9.944882965910736,-10.432996437285421
BZW1,-8.528058798126935,-8.545674327135965,-8.522300253865104
CLK1,-9.876165092258738,-9.98130032324322,-10.025500202532141
PPIL3,-10.500117954441823,-10.94516021437409,-10.393930547281553
NIF3L1,-11.166322489603871,-11.241821342197321,-11.169531837031926
ORC2,-9.598078532568023,-9.639952415952353,-9.686965701195737
ENSG00000183308,-11.684042280841211,-11.689153044702477,-11.978433775194704
HYCC2,-10.127744674813764,-10.185767799972062,-10.384088247168867
NDUFB3,-9.385000757809738,-9.61929206278845,-9.32946876236979
CFLAR,-11.155864681982733,-10.220188972651533,-10.423085157350448
FLACC1,-11.384280713253496,-11.52572261207164,-11.529650168607736
TRAK2,-9.642422546601464,-9.897488009080242,-9.81136916729585
STRADB,-10.225829183790605,-10.457466401643199,-10.215596420507419
TMEM237,-10.096956923306593,-10.207071916344487,-10.245124864088188
ALS2,-10.199647237645866,-10.16577258108572,-10.11597435168402
FZD7,-12.294038823936058,-12.05110848103879,-11.357176814575345
SUMO1,-8.854898322361707,-8.989977694184104,-8.963835883882469
NOP58,-9.043426928648273,-9.209062250706358,-9.173521225016493
ENSG00000273456,-12.890321953443125,-12.820644067207562,-12.799738714244231
BMPR2,-8.483334567548152,-8.513259134231602,-8.682179174020515
FAM117B,-9.485236683564413,-9.626791050782177,-9.663906172183955
ICA1L,-10.602445459004024,-10.62914930384268,-10.939040680128647
WDR12,-9.629560141628557,-9.782597092165469,-9.69305184998459
CARF,-10.498265300245555,-10.538073201743748,-10.527208110868724
NBEAL1,-9.138763581737889,-9.097377418898176,-9.101383598769543
ENSG00000289294,-11.733490243626337,-11.697491763041414,-11.68756807181548
CYP20A1,-9.66334535026997,-9.591209033761016,-9.820103242777073
ABI2,-8.731847410728715,-8.669070356548547,-8.857621273417607
RAPH1,-10.653168909276237,-10.492377407126638,-10.716367446440044
PARD3B,-8.539067592824745,-8.625361203639192,-8.91693634452654
NRP2,-8.405827507714603,-8.406868403201958,-8.765565625992028
INO80D,-9.725120913515212,-9.674221042517019,-9.828866035779582
INO80D-AS1,-11.50977428852262,-11.463162937140792,-11.636464195206466
NDUFS1,-8.914177364593444,-8.935558331219411,-9.036763887083055
EEF1B2,-7.3367375719935,-7.5424960090604465,-7.4856448834336735
ZDBF2,-9.596661533142022,-9.628917783972147,-9.829329305052106
ADAM23,-9.934313117402835,-9.928765393119336,-9.89731814649946
MDH1B,-12.721663998278913,-12.890078441276055,-12.976496434971938
FASTKD2,-9.965730987311437,-10.00613261677729,-10.034208297467172
ENSG00000229321,-11.558994508751248,-11.55737082913292,-11.83863396984748
KLF7,-9.858199911724315,-9.855150695159281,-9.967326786925682
CREB1,-9.26135625385139,-9.163802604982594,-9.262932174432944
METTL21A,-10.314089767114547,-10.32226572738701,-10.434664827050547
CCNYL1,-10.952116674057075,-10.810094947989581,-11.042168160819653
FZD5,-12.561804812577568,-12.874234064154066,-12.340890679042577
PLEKHM3,-10.222313245328786,-10.315187546805427,-10.427485210079643
IDH1,-9.768062767189923,-9.814874786340287,-9.773047618631553
PIKFYVE,-9.56570378226116,-9.553746995627566,-9.716566029762312
MAP2,-12.972927889839069,-12.477940706064054,-12.899568439767771
UNC80,-11.947181275198899,-11.935453971524431,-11.520652784173128
RPE,-10.408012923643305,-10.431489783133038,-10.502965642623838
KANSL1L,-9.04377455340756,-9.009197576509804,-9.165192864923423
ENSG00000272807,-12.860265121229215,-12.92455647577166,-12.986650816901797
KANSL1L-AS1,-10.790242711414523,-11.030605630370127,-10.966938241947549
ENSG00000279317,-12.169971955471174,-12.145656991343824,-12.08587367657041
LANCL1,-9.793886506534339,-9.921654261968053,-9.953200805404979
CPS1,-9.995051534977591,-10.223869515677459,-10.074111200477189
ERBB4,-5.776286758643305,-6.324940495525623,-6.178561290218955
ENSG00000273118,-10.574067082989677,-10.524093302681885,-10.756505695037017
IKZF2,-9.986487932682092,-9.901951457335475,-10.097304256103538
ENSG00000270659,-12.229222300280451,-12.509324518944837,-12.470536404862036
SPAG16,-8.864289109565338,-8.895999917929208,-8.828475199324291
ENSG00000197585,-10.167772001736685,-10.385327129550618,-10.419144929944448
BARD1,-9.489064864343975,-9.790122170569802,-9.705577722176704
SNHG31,-11.616223101750798,-12.012752458787993,-11.661014392755678
ATIC,-10.066264562166849,-10.108162602128406,-10.139282393432444
FN1,-8.424049477062145,-8.44497903856307,-9.336836209256912
MREG,-11.948034401973555,-11.937856732962128,-11.762452336007028
PECR,-11.69100460896586,-11.521920977482427,-11.522941273179661
XRCC5,-7.7678954413521,-7.911156928304034,-7.939974149008596
SMARCAL1,-10.43715439434663,-10.39350256999663,-10.482425933571696
RPL37A,-6.573758054979677,-6.815876118157723,-6.683988871685795
IGFBP2,-9.90835874024346,-9.698853228158221,-8.494400850127617
IGFBP5,-9.456818415845959,-9.35289462944515,-8.742240404216025
DIRC3-AS1,-11.670461617295938,-11.442871608509785,-10.741350306485385
DIRC3,-11.680939598629395,-12.193084725445114,-10.701171606016313
TNS1,-10.720967937233752,-11.016012945386422,-11.010130326790268
ARPC2,-8.373974650547758,-8.535671570267157,-8.486664405057052
AAMP,-10.102335111363358,-10.273304363348212,-10.09726925660158
PNKD,-9.362394176648111,-9.478001881600258,-9.419000884880264
TMBIM1,-12.822821503998412,-12.413045625332543,-12.405071365373209
CTDSP1,-10.401642530485542,-10.41651407635211,-10.547775765011393
USP37,-9.660118362139457,-9.807682529485069,-9.838390660589663
CNOT9,-10.395042764535264,-10.403993439956224,-10.452426268171848
ZNF142,-11.658614031736992,-11.718538422923071,-11.794547586251959
BCS1L,-11.620014488060503,-11.758493989890527,-11.724174625833788
RNF25,-11.727343012914188,-11.857376705390104,-11.944353391491717
STK36,-11.772724070249408,-11.863824223814992,-11.942117844437007
TTLL4,-11.120353116647292,-11.240958516126952,-11.294661415431117
CYP27A1,-10.418759886453262,-10.574236703672117,-10.176891811111997
NHEJ1,-11.347818612185433,-11.455579265368309,-11.57823929106778
CNPPD1,-11.231906640204521,-11.296817527293943,-11.309382786662702
RETREG2,-11.143778157170033,-11.164954888042924,-11.305090691138188
ZFAND2B,-11.560845457994917,-11.557402311845113,-11.738439581070097
ABCB6,-13.026534098267991,-13.117424516180325,-12.952939633001556
ATG9A,-11.569606309883753,-11.477200224210574,-11.6675915135581
ANKZF1,-10.458682189377003,-10.609896757206947,-10.538058108180635
STK16,-11.320691723400138,-11.336223872128818,-11.389718439659738
DNAJB2,-10.815665629026268,-10.652214055200197,-10.717343926125602
DNPEP,-10.612197972869946,-10.646061658323518,-10.591911521736122
DES,-12.975855826952852,-11.601180083613732,-12.187431302267113
SPEG,-10.246406234974282,-10.24919199269199,-9.876033444414334
GMPPA,-11.815403097854677,-11.845069662658588,-11.980443101991536
CHPF,-11.219199396478448,-11.178442215947259,-11.297851093011124
OBSL1,-10.02556670998036,-10.058626273267832,-10.137836160662204
INHA,-13.009897019450591,-12.783523126949248,-12.550609033582496
STK11IP,-12.787389971419104,-12.9858453649104,-13.015333607005985
SLC4A3,-11.59481667383673,-11.747563518412694,-11.69449180274022
EPHA4,-8.280154679682463,-8.034092174435342,-8.660525099068716
PAX3,-12.998130850525444,-12.312970873466833,-12.270183238522971
ENSG00000288658,-11.684989794007599,-11.262074033735225,-11.900368076674848
CT75,-11.483907293124588,-11.393578468219607,-11.824218203753173
SGPP2,-9.51443563529676,-10.284393500294968,-9.51527051611161
FARSB,-9.907693751801466,-10.132160922486273,-10.040862226847965
ACSL3,-8.76158627089119,-8.633020857222316,-8.788445674940052
AP1S3,-12.245818675821042,-12.34377997525294,-12.516391835433373
WDFY1,-10.158222535147218,-10.218360086683214,-10.225922368006477
MRPL44,-10.082666837469066,-10.156137684061616,-10.168182178094618
SERPINE2,-11.216664050796869,-11.23178419451183,-10.36986365830554
CUL3,-8.485599215974446,-8.538332553729648,-8.583128788648807
IRS1,-9.450536058243168,-9.946170011191722,-10.209622734425414
RHBDD1,-10.148103029774626,-10.18851734274803,-10.273480137245345
MFF-DT,-11.992355635177518,-12.05783217174297,-12.173727950667752
MFF,-9.351249852569435,-9.350047833551265,-9.250657880249813
AGFG1,-9.238337709644853,-9.26327022696407,-9.34553690269539
SPHKAP,-8.38030035206284,-8.344490994178976,-8.990148583157382
PID1,-10.89120618435491,-11.739990241122461,-10.547641370937574
TRIP12,-8.519959636149643,-8.51644938168389,-8.627631800239364
FBXO36,-11.252521276536022,-11.2679215139246,-11.474734768611905
CAB39,-9.27509865270113,-9.266873586260017,-9.366452465898375
ITM2C,-9.17640782040464,-9.371203365936907,-9.257512017870498
PSMD1,-8.806502540441976,-8.871455802709523,-8.927290565395229
ARMC9,-10.097250533574297,-10.068507637701476,-10.272026995927604
NCL,-6.878524200392104,-7.038469149968096,-6.983710002820007
LINC00471,-12.903586840446776,-12.871099284893026,-12.741255350622183
PTMA,-6.708504636166718,-6.9309723225105495,-6.538172000795098
PDE6D,-10.722642447815515,-10.587803048951194,-10.681190025822184
COPS7B,-10.906856278328956,-10.966778540912074,-10.982594604031625
DIS3L2,-9.403334723485676,-9.39023266415069,-9.451615260882802
TIGD1,-11.760375118669954,-11.74192807292221,-11.64815714050572
EIF4E2,-9.821632178915804,-9.753671137322593,-9.941648717168466
EFHD1,-11.487618761294527,-12.086751482380388,-12.620202995351699
GIGYF2,-8.86007367254925,-8.880993457872469,-8.918164424375014
SNORC,-12.716616688148177,-12.708532601195135,-12.815642453525259
ATG16L1,-11.211403852740709,-11.321174846577113,-11.34582957496933
DGKD,-9.951727522751996,-10.128776143674402,-10.152248747794753
USP40,-10.375175189548845,-10.36918362199084,-10.477824409664992
HJURP,-11.37023913467568,-12.105952860613778,-11.978294673187914
ARL4C,-11.38021513336237,-10.93738942610951,-10.984067894959407
ENSG00000235726,-12.393557981741722,-12.349311599693605,-11.36741011591824
SH3BP4,-9.927895282522996,-9.859100805499795,-10.261729262171299
AGAP1,-8.29841662214487,-8.440964158189388,-8.665074308125705
ACKR3,-12.296466413642722,-12.555178632847126,-12.180445880025204
COPS8-DT,-11.129595972183104,-11.135463601473399,-11.287244642725115
COPS8,-9.860563549534604,-9.941428624114092,-9.930086795235283
COL6A3,-12.163079546418215,-12.331324266101744,-12.18713136317359
LRRFIP1,-8.11340293167422,-8.178419538766203,-8.274985837928709
RAMP1,-12.98060510623622,-13.164962241113933,-12.904774468654248
UBE2F,-10.235359881447863,-10.34995123468131,-10.292962192054464
SCLY,-10.764973024256042,-10.735710128745469,-10.810591918049578
KLHL30,-12.488290037054243,-12.659396048918225,-12.827870186095275
ILKAP,-9.929925500703893,-10.0005610958539,-10.03816576304524
PER2,-11.599437760909177,-11.625843396447996,-11.752720135097983
TRAF3IP1,-10.146896886390408,-10.094671759811895,-10.147944182984698
ASB1,-11.609513663048986,-11.581563977876034,-11.726811013446186
HDAC4,-10.183172567260382,-10.18126408919222,-10.296049266903525
NDUFA10,-8.993179605815014,-9.130769898140363,-9.143335149236961
COPS9,-9.024402805172627,-9.114137303302128,-9.127323520395128
GPC1,-10.84014486024677,-11.117635945455248,-10.924913240749564
ANKMY1,-10.784913314018006,-10.928781716388828,-11.131722179230742
DUSP28,-11.406365733330892,-11.431195618742379,-11.639070191632207
RNPEPL1,-11.93836721297444,-11.96901916417107,-12.156052524081518
CAPN10,-11.848879647068356,-11.977618851705921,-11.939558540194165
KIF1A,-13.184979112550488,-12.725979369505641,-13.094538452281201
SNED1,-13.179608579957835,-13.269365746439567,-13.0499249494524
MTERF4,-10.022161496209286,-10.139554724642883,-10.00771659770335
PASK,-12.715629799950964,-12.864189354560853,-12.700546269769047
PPP1R7,-9.855024687759727,-10.046726033371161,-9.990754728568746
HDLBP,-8.597908102416373,-8.68465633972466,-8.79086417354481
SEPTIN2,-8.002320708751347,-8.015402428339698,-8.066331161364294
FARP2,-10.147455170509993,-10.073732632841109,-10.248701802939841
STK25,-10.099968645234176,-10.285450839586959,-10.321598119519683
BOK,-11.549558552096443,-12.165664432976719,-11.948262279014337
THAP4,-10.886048714779431,-10.92167932661145,-10.572358519682764
ATG4B,-10.472079407829844,-10.530289197262785,-10.69666085183767
DTYMK,-10.303848271255408,-10.658927822590938,-10.604856545688047
ING5,-10.301151190718858,-10.344636545224452,-10.485279528292535
D2HGDH,-11.86833778153363,-11.713137690950045,-11.974512234193506
LINC01237,-11.977813943417845,-12.531451478767291,-11.733191912736944
ENSG00000291147,-10.989586663776503,-11.3756342113869,-11.258166139481
LINC01266,-12.196889164150058,-12.371739417685388,-11.706886964687303
CNTN6,-11.511003441200888,-11.919598577217805,-12.265553501786558
CNTN4,-9.164986128573874,-9.168885271210195,-9.215574024997274
TRNT1,-9.831674084955564,-9.989076154564762,-10.062515839458285
CRBN,-9.664575519740962,-9.778973637425906,-9.80985999046618
ENSG00000223727,-10.283242987365023,-10.182118463541554,-10.266409823301412
SUMF1,-9.163933020253697,-8.947782816844084,-9.193344191562945
LRRN1,-11.825540626127593,-11.841261908432008,-12.182240347258167
ENSG00000287720,-12.987330191973497,-12.845622353944322,-12.957845859273553
SETMAR,-11.254672900567396,-11.287145440716685,-11.428219557371508
ITPR1,-9.0019909836844,-9.228043890380954,-9.51666870955134
ENSG00000235978,-12.901488306382232,-12.932042978603357,-12.890450405467679
BHLHE40,-11.815484884237767,-12.856762213814154,-11.597048001682294
ARL8B,-9.5062722522392,-9.547126428340064,-9.496263957187393
ENSG00000233912,-12.465136966010148,-12.47914364678911,-12.348695693822673
EDEM1,-11.746199124344177,-11.798097800064971,-11.717627019876485
ENSG00000189229,-10.267582722186711,-12.237628933772939,-10.436661975133205
GRM7,-11.606388829450662,-11.441444698957596,-11.03686170276438
LMCD1-AS1,-10.939910797785327,-10.686584016656356,-10.67183844951157
LMCD1,-11.125592187797437,-10.582696244773874,-11.016529407677277
OXTR,-12.310910723602023,-12.083758893825253,-13.067848249081875
RAD18,-9.979803004683527,-10.242687475058558,-10.396107806711859
SRGAP3,-11.449573034264958,-11.749006080117427,-11.453595066678982
THUMPD3-AS1,-9.83900837951993,-9.866173230037637,-10.025402474806647
THUMPD3,-10.525788312847489,-11.19197120964747,-10.070142740144881
SETD5,-8.323471642395981,-8.363361475896964,-8.445610019913337
MTMR14,-11.081996472337803,-11.122703903630027,-11.233664056172824
BRPF1,-11.75685638441472,-11.859990414523205,-11.904681711194433
OGG1,-11.04607862224937,-11.007917716208608,-11.178956215892704
CAMK1,-11.893980674743158,-12.13799513460041,-12.098262002226706
TADA3,-9.774297569204723,-9.771499479259273,-9.944554273743924
ARPC4,-10.03581732568005,-10.192463086649415,-10.203304249924066
TTLL3,-11.083990677586227,-11.096229026388055,-11.2257510420328
RPUSD3,-10.555652932684756,-10.693853316777947,-10.601224583913663
JAGN1,-10.41907712235416,-10.47764225319257,-10.39945331290856
IL17RC,-12.305686435424562,-12.221477856606114,-12.224485385786217
CRELD1,-10.82928971191632,-10.583053936520308,-10.8270264258027
PRRT3,-12.339745978841874,-12.44628824502199,-12.598414443113926
EMC3,-9.957324096810256,-9.958367591096993,-10.052838677990085
ENSG00000291224,-11.551506323289269,-11.854456569872793,-11.84358600994656
ENSG00000291078,-11.770808835318029,-11.846087014635991,-11.736656584887058
FANCD2,-11.003622604046722,-11.62596685563411,-11.548141350209404
BRK1,-8.8788823107781,-9.116199302439545,-8.946259130699628
VHL,-10.435043538590204,-10.413415105386724,-10.547081029666105
TATDN2,-11.44548807521497,-11.521857505236401,-11.428340771246768
SEC13,-9.664311468942985,-9.754023153098656,-9.760289499857576
ATG7,-9.816430656438317,-9.840123570230384,-10.079444391916352
VGLL4,-8.952271643348633,-9.13381231503588,-9.282733419138175
TAMM41,-10.494226462637618,-10.498566796044985,-10.618955352910541
SYN2,-11.5290853852348,-11.906877182557475,-11.509274150335695
TSEN2,-10.139864862013823,-10.101188856720418,-10.156140547281248
MKRN2OS,-13.049168045275746,-13.098685963824265,-13.118253435012829
MKRN2,-10.610418391229217,-10.583600791974842,-10.76596876396014
RAF1,-9.46875099449857,-9.45998936323121,-9.564940368897428
CAND2,-10.734267428065694,-10.81725050431709,-11.107756738967966
RPL32,-6.4082600897583255,-6.584124201097632,-6.492666680391917
IQSEC1,-10.486387219280159,-10.764070232490308,-10.754993027227302
NUP210,-10.590504424969993,-10.87803186534688,-10.904899172255224
HDAC11,-12.192161503826174,-12.22378648421367,-12.096884010821332
FBLN2,-11.906682652923713,-11.744896449310533,-12.184874616043011
CHCHD4,-11.088170664612061,-11.205398562372954,-10.993275110662836
TMEM43,-11.127901752160822,-11.170371095471188,-11.210819174964099
XPC,-10.061616610546965,-10.106220055601236,-10.140858269187733
LSM3,-9.60054290871304,-9.845810785508371,-9.67603467734154
SLC6A6,-11.759575815015532,-11.816756077441621,-11.367424539097748
CCDC174,-10.486516922782172,-10.540068401310679,-10.496726951593688
C3orf20,-12.442971362048302,-12.651684648400366,-12.552386431149621
FGD5-AS1,-9.298892990531382,-9.29010846618804,-9.559456001681234
NR2C2,-9.656117317759499,-9.756848232633907,-9.861290688526628
MRPS25,-9.468846825486185,-9.553654927591973,-9.429822460421562
RBSN,-10.780135832232478,-10.793383956042463,-10.83915834567492
CAPN7,-9.21267433461723,-9.131239647403108,-9.30531363719051
SH3BP5-AS1,-11.937040984588979,-11.960862931483117,-12.055152818692555
SH3BP5,-10.372032328818289,-10.114273055073536,-10.662892853239901
METTL6,-10.038177746112344,-10.024651159995809,-10.148649257268291
EAF1,-11.566453807303095,-11.596978254663814,-11.761412200545594
COLQ,-10.777184629795517,-10.633716402327577,-10.951123754458767
HACL1,-10.593373898090313,-10.73954739151796,-10.845395906238053
BTD,-10.470979084798676,-10.251467686328821,-10.533840223723097
ANKRD28,-9.37404471246498,-9.484761597105535,-9.403171165059938
ENSG00000287042,-10.426642353812339,-10.567923707106821,-10.481050324852488
DPH3,-10.07152459435162,-10.065109894862587,-10.097467578606269
OXNAD1,-9.562832299167969,-9.577946174131224,-9.506933488936557
RFTN1,-9.704107477854583,-9.526809742484565,-10.173538826995536
PLCL2,-7.849864531865628,-8.36543087753439,-7.613721327678344
ENSG00000285731,-12.990686675234475,-13.042095986956527,-12.843988672944128
TBC1D5,-7.934159821892525,-7.938272746425261,-7.953066816012879
BALR6,-13.083782027138925,-12.579842893802006,-11.420739932780862
SATB1,-10.257758889046231,-10.265016876554984,-10.489677216103303
SATB1-AS1,-10.89658075564897,-10.928411174298923,-10.989829259959116
KCNH8,-11.621204529310207,-11.831103094753407,-11.592142115636454
RAB5A,-9.41040987455446,-9.633331074733425,-9.734162085491468
KAT2B,-9.961144255129636,-9.87208078395478,-10.16204135741433
SGO1,-11.124765881591381,-11.813826055784805,-11.634215910423553
SGO1-AS1,-11.01900336026668,-10.936623788940095,-11.314625941144232
ZNF385D,-11.196165169594593,-10.430393248142385,-11.206234717375786
UBE2E2,-7.965285712795116,-7.885643937546172,-8.195997600940952
UBE2E1,-8.607057944917146,-8.702099107363273,-8.861272168909569
NKIRAS1,-10.537951916354706,-10.513190641485739,-10.643320762455335
RPL15,-6.620894116769431,-6.829052526709534,-6.781387955944907
NR1D2,-9.927144281592197,-10.077200200052788,-10.063914091983783
THRB,-12.140128095316381,-12.023590238783656,-12.267274322185095
RARB,-9.445328456543946,-9.154717106030104,-9.449289556152454
TOP2B,-8.532978853481378,-8.603021822705848,-8.704463117236385
NGLY1,-9.683643490482709,-9.70302323524883,-9.705897794177917
OXSM,-11.966165513122524,-11.946450579565044,-11.908553875808321
NEK10,-10.798689587547846,-11.1924786269021,-11.065008891993486
SLC4A7,-9.405380369847421,-9.589703776654268,-9.540664089668505
LINC01967,-12.394120174451876,-11.78694611248313,-11.17254539425468
CMC1,-9.739020320284995,-9.837976394053351,-9.711990947225841
AZI2,-9.500295860232386,-9.63476502647532,-9.615816445222562
ZCWPW2,-10.907134458579925,-10.582070864850806,-10.844081994699618
RBMS3,-7.80845554326973,-7.523237147636496,-8.439600628440253
RBMS3-AS3,-12.552375556087657,-12.213976387204685,-12.960824682499258
RBMS3-AS2,-12.309503583157074,-11.891199637971763,-12.723174738241863
TGFBR2,-9.98734241833649,-10.471793407352308,-10.371553989840232
GADL1,-10.32990933741434,-10.901082978038072,-11.397230557487022
STT3B,-8.587544806742926,-8.645904503036583,-8.94017491377245
OSBPL10,-10.81351847701088,-11.097995676870003,-11.84384415588362
GPD1L,-11.917488044367268,-11.993468486572358,-12.012652598053489
CMTM8,-10.704912819111257,-10.612254248450148,-10.723899084109608
CMTM7,-10.799742381395934,-10.916750691896585,-10.945807284301706
CMTM6,-9.75240358091776,-9.827554473395569,-9.863271178639259
DYNC1LI1,-9.239946151159522,-9.313949768730069,-9.298708361283117
CNOT10,-9.721849547221229,-9.798360443444713,-9.853636969506187
TRIM71,-10.377626323900277,-10.409842538299584,-10.3789152087752
GLB1,-10.28118590822277,-10.217092531276858,-10.291992362660805
CRTAP,-9.719853266260714,-9.73630570524965,-9.840823471003757
SUSD5,-11.87109419979184,-11.880223128853892,-12.11967299581316
FBXL2,-9.77047158330071,-9.696489357344008,-9.80325349984498
UBP1,-9.694802698686113,-9.695490212535585,-9.80555424958434
CLASP2,-8.566241738518032,-8.608180677137835,-8.689696895360138
PDCD6IP-DT,-11.498215039453418,-11.245691063385513,-11.747916759718997
PDCD6IP,-9.004245001852759,-8.957347218499512,-9.014859660373142
LINC01811,-12.099013914979151,-11.84916403866072,-11.548304068728639
STAC,-9.925805031815118,-9.593853016363257,-11.112722648540887
TRANK1,-11.015787703896322,-10.985102210922037,-10.649123587875904
EPM2AIP1,-9.5533171492809,-9.541877299921342,-9.554650797493945
MLH1,-10.37415465201241,-10.467339741154856,-10.513222073852763
LRRFIP2,-8.767867261904785,-8.921251711384302,-8.943008421868058
ENSG00000290046,-12.367280006151782,-12.135881693564965,-12.255958238790086
GOLGA4,-8.020909922684744,-8.06930678271618,-8.111765080028489
APRG1,-11.646686493945419,-11.506346614802835,-11.78453919009543
ITGA9,-10.331416035934703,-10.503302868170154,-10.92806781283208
ITGA9-AS1,-11.650935600134616,-11.713238581009858,-11.993735527890326
CTDSPL,-9.74815574929885,-9.826486540639976,-10.214367525532293
PLCD1,-12.495561114867847,-12.619026401971459,-12.438218182447677
ACAA1,-10.49403984830859,-10.591057740198828,-10.44527786032535
MYD88,-12.820446332556138,-12.814675140180745,-12.952756918598908
OXSR1,-9.264700838727546,-9.288907028007067,-9.335189618546346
XYLB,-11.532222063349558,-11.726248887920448,-11.947055938165986
ACVR2B,-9.407347989613905,-9.298574420314651,-9.469312003645287
EXOG,-10.739694265953624,-10.768546057533072,-11.158484143418882
SCN5A,-10.063081205004842,-10.102153227346884,-10.530485117175658
SCN11A,-10.74284928377279,-10.589051096726855,-10.64447793149822
WDR48,-9.69910597487859,-9.746346990939053,-9.88343201618534
GORASP1,-11.792957830510666,-11.839057588252416,-11.769977237574107
TTC21A,-12.642191668606205,-12.827878184105417,-12.887595658769467
XIRP1,-9.567006792277699,-9.486607971420144,-9.80436468011905
SLC25A38,-11.113867793273814,-11.24589922482281,-11.144684611415846
RPSA,-7.000084923498675,-7.104906935894885,-7.246468606616342
MYRIP,-12.014024193589572,-12.317185232228434,-11.699930991939627
EIF1B-AS1,-10.468197177438068,-10.502959959802393,-10.475058200775305
EIF1B,-8.237556879086029,-8.560287765341718,-8.285252193153903
ENTPD3-AS1,-11.960726708441026,-11.797759211073874,-12.081865072562968
RPL14,-6.525277762729191,-6.678208432279224,-6.561419921633468
ZNF620,-10.96082651883439,-11.001408488138344,-10.913397108088175
ZNF621,-11.167323635434336,-11.029689021099212,-11.1215832436809
CTNNB1,-8.569024010050635,-8.563778586791969,-8.651308001849591
ULK4,-9.583083900596794,-9.635180890167605,-9.833500326459859
TRAK1,-9.873600179890031,-9.962233766749383,-10.01493420652225
SEC22C,-10.501637725444088,-10.616799103453225,-10.609896127808307
SS18L2,-10.835654524491305,-10.867697913869865,-10.814055232700088
ENSG00000289558,-12.719059402607776,-12.734249508049757,-12.79381023287833
NKTR,-8.688029441919404,-8.639969493291114,-8.753183505782983
ZBTB47-AS1,-12.165799904224283,-12.012386602250704,-12.09933365332791
ZBTB47,-12.116748629233987,-11.998498688908953,-12.462694304316685
HIGD1A,-9.450574054174053,-9.495272735211298,-9.564773264271665
POMGNT2,-12.212299240230216,-12.254503534273697,-12.213323265644767
SNRK,-10.790712290168232,-10.731092752148673,-10.851699364659419
ANO10,-9.681330535604339,-9.505764632164578,-9.763644290915227
ABHD5,-11.165405284369578,-11.151254971205303,-11.240356914178971
TCAIM,-10.050678333178643,-9.918741426558542,-10.118310948797497
ZNF445,-10.183155918374956,-10.167370219522082,-10.26601118178775
ZNF852,-11.367792184251497,-11.40409678410648,-11.625964319456363
ZKSCAN7,-11.774443791640573,-12.348516469227004,-11.93155174249294
ZKSCAN7-AS1,-11.681950815876332,-11.621862199053844,-11.685031009873146
ZNF660,-11.196637742937867,-11.27119987413903,-11.360876734151129
ZNF197,-9.649719223092134,-9.685064633720492,-9.782988965767025
ZNF35,-10.780946137020988,-10.81575645827826,-10.855663399628218
ZNF502,-12.878537711682508,-12.547362134572198,-13.106414810552392
ZNF501,-12.758643651769457,-12.845400518411731,-12.518095853065708
KIAA1143,-9.62283878750867,-9.723847467693453,-9.66602944691173
KIF15,-10.90915964156868,-11.509027817551855,-11.554710677120303
TMEM42,-11.657633118137655,-11.75163865200359,-11.369627217477376
ZDHHC3,-10.160660587845209,-10.075453499002977,-10.254434115237466
EXOSC7,-10.097230919426877,-10.214679353594999,-9.899503009537522
LARS2,-9.63186250217465,-9.616399643229164,-9.765425240878994
LIMD1,-10.931743535496004,-11.081512521539842,-11.133310544715888
LIMD1-AS1,-12.864594227812777,-13.049573018316192,-13.09558034471021
SACM1L,-9.62026626184363,-9.648336150035336,-9.76387133758406
LZTFL1,-10.440834539712492,-10.530894246490078,-10.510362479555505
FYCO1,-10.657377199733332,-10.702774110082327,-10.524296489685826
LRRC2,-11.820889912710243,-12.186414542717955,-12.516926224530751
TDGF1,-11.695779519113133,-12.540736719056051,-12.44720445670106
MYL3,-7.084313870653828,-7.225844314965924,-7.027933578401075
PTH1R,-10.468531660617286,-10.534956961772787,-10.66319837039716
CCDC12,-10.042704628739047,-10.004104487656344,-10.151349259469907
SETD2,-8.429443883974605,-8.434433593111288,-8.570422761767722
KIF9-AS1,-9.50815953169853,-9.400242890476147,-9.586942648680239
KIF9,-11.571412130313632,-11.640601267717898,-11.635692401008015
KLHL18,-10.676598224180118,-10.727763850874462,-10.810017567532956
PTPN23,-11.70720863377197,-11.720222046675383,-11.799485940429078
SCAP,-10.549231035851859,-10.62098191828534,-10.677833403487128
ELP6,-10.493140613688709,-10.563181805605808,-10.755139497143457
SMARCC1,-8.037812613232537,-8.129810852463777,-8.221240093350337
DHX30,-9.74549024142102,-9.851907838396341,-9.86402419276864
MAP4,-8.295739189154235,-8.159493818265064,-8.336875709199445
CDC25A,-11.415445952662676,-11.8477076357917,-11.711590996353493
ZNF589,-11.475589236417765,-11.362582258003638,-11.328451314712265
NME6,-10.516351952640722,-10.560771377058906,-10.527799020339254
PLXNB1,-12.055341135491716,-12.207418134428055,-12.315033925574678
CCDC51,-11.536212946790545,-11.754277375629691,-11.666949291559261
TMA7,-8.360111225495395,-8.464790262683975,-8.479487103462827
ATRIP,-11.696868799699503,-11.858312689736314,-11.759723977387374
SHISA5,-11.018323390358143,-10.884283097728307,-10.681912317205803
PFKFB4,-10.17191490839965,-10.903030834743634,-10.5679113228322
COL7A1,-11.669460877431824,-11.55220385601264,-12.131723681413504
UQCRC1,-9.395694317559832,-9.476455601441433,-9.500079675748303
SLC26A6,-12.36685819356091,-12.544370190751438,-12.367130706151709
NCKIPSD,-11.529057064601535,-11.942600701147859,-11.722200696624661
IP6K2,-9.484210286816687,-9.78111077222613,-9.726409655871445
PRKAR2A,-9.261211389745863,-9.231732161294401,-9.287384784033181
SLC25A20,-11.197504266552501,-11.252872870875672,-11.3864789922975
ARIH2OS,-13.059043393579845,-13.203545638114518,-13.179554816083314
ARIH2,-9.481784499783032,-9.552019615732524,-9.651932941869635
P4HTM,-11.377806343595102,-11.343629166835685,-11.343935152113604
WDR6,-10.430852462472046,-10.46006353624731,-10.584360973242632
DALRD3,-11.04531805055496,-11.11823590378098,-11.0768396105458
NDUFAF3,-9.501658082697352,-9.68516354832765,-9.578572468326097
IMPDH2,-9.31783950140757,-9.451452748411203,-9.42732001033345
QRICH1,-10.058107792986776,-10.08107270408157,-10.329550065350508
QARS1,-9.901808358528235,-9.993285325094895,-10.04587082050832
USP19,-11.367418629220957,-11.427738570972165,-11.4846971652571
LAMB2,-10.310408563341086,-10.371633364689455,-10.490034633634336
CCDC71,-12.352717578236144,-12.401039007985952,-12.465624529854034
KLHDC8B,-10.447266226998664,-10.554799209087372,-10.561021363404445
C3orf62,-11.282349334930641,-11.305088170810558,-11.620704604441794
USP4,-9.977235671232481,-9.962371630395207,-9.985118189019083
GPX1,-8.856811168413786,-8.969179497633741,-8.927316406350075
RHOA,-8.248038057955537,-8.405992033613206,-8.312228370355989
TCTA,-11.08470492136473,-11.124163551667667,-11.204629136511635
AMT,-12.28519961464755,-11.458787679091234,-10.778509402859576
NICN1,-12.13818016058611,-12.09607312252136,-12.008003164973738
DAG1,-9.529499171454804,-9.42090704820875,-9.766536105960004
BSN,-13.052422981397477,-13.058219168387813,-13.178156094107203
APEH,-10.813234997443887,-10.934438453292271,-10.911804065092287
MST1,-12.581894795542524,-12.252173977325567,-12.35033230972394
RNF123,-12.244731777326304,-12.24552992490585,-12.508218043864764
GMPPB,-12.767155563312565,-12.995783166540992,-12.865268055121797
IP6K1,-10.153348868220602,-10.126350969287492,-10.364762119444286
TRAIP,-12.639878763496979,-13.20432554118843,-13.034086599641356
MON1A,-12.831831655721034,-12.874390037459907,-12.865277877636
RBM6,-8.75997267937632,-8.833245479922677,-8.948150554904878
RBM5,-8.958790187041387,-8.936011248261018,-9.093115286451559
GNAI2,-9.51196951782669,-9.435672890126037,-9.443128703768444
SEMA3B,-12.729721352200636,-12.587900138922969,-13.121850978456782
IFRD2,-10.802553266318688,-10.995111511470782,-11.003029328472294
NAA80,-12.924564906553575,-12.950673022518659,-12.930778427903403
HYAL2,-10.476416874000634,-10.397446674564724,-10.732112146445271
TUSC2,-10.74842867621844,-10.825491267960997,-10.874285998195555
RASSF1,-11.76268198055579,-11.852322889672044,-11.870936210660268
NPRL2,-11.665688161403187,-11.784696083325304,-11.683177210490308
CYB561D2,-12.131336005713843,-12.211793301002487,-12.358454201043694
TMEM115,-11.408328408882285,-11.416222038405408,-11.384120127426144
CACNA2D2,-11.634552686982072,-11.961175548244702,-11.201501767364254
C3orf18,-12.564669796831646,-12.52454226333932,-12.375041309947314
HEMK1,-11.853577719495997,-11.952821971211737,-11.892976986208526
CISH,-12.88945004635972,-13.122296433596334,-12.635471711591583
MAPKAPK3,-11.15562225471184,-11.151039428143791,-11.144664663549273
DOCK3,-10.507004564744625,-11.099842817766572,-10.499049452237955
MANF,-9.804297698271744,-9.915500068750942,-9.765882264853508
RBM15B,-10.592543310000627,-10.786165585727119,-10.706077235319846
DCAF1,-10.341738830404212,-10.358566675656292,-10.585618938349091
RAD54L2,-9.863337095772982,-9.864250328527314,-9.928265050339556
TEX264,-10.72281350350175,-10.703494341411583,-10.681454565231512
RRP9,-11.598438847627396,-11.83822490982732,-11.611075197520305
PARP3,-12.749979367133156,-13.074412691388426,-13.128149333682602
PCBP4,-11.07293000983651,-11.16356555084445,-11.18967905674485
ABHD14B,-12.587875346239368,-12.468545726473787,-12.631798294024318
ABHD14A,-10.745195759680461,-10.811637910898982,-10.86105865055209
ACY1,-11.118848478199878,-11.286730095684954,-11.005525540398907
RPL29,-6.9274772516485195,-7.119277472488189,-7.006100232686221
DUSP7,-12.61605489680893,-12.64112414701551,-12.468151906452153
POC1A,-12.029556050482201,-12.77136727605635,-12.540917998590254
ALAS1,-10.202108847774651,-10.286433850628226,-10.23684461029847
TWF2,-11.216025878711632,-11.415599396595669,-11.23794099290187
WDR82,-9.657157165053462,-9.683814781273883,-9.772585929286555
DNAH1,-12.845045539146767,-12.881692931971608,-13.088033065135834
BAP1,-11.733996774154217,-11.74344911562643,-11.941084945902006
PHF7,-11.168034211053216,-11.160056650366116,-10.874412063124154
TNNC1,-7.237225769667142,-7.2394695311169395,-7.236544853579744
NISCH,-10.199536854008018,-10.21633395061424,-10.38909868543059
NT5DC2,-9.814386133510675,-10.069879253442712,-10.242521618133555
UQCC5,-10.265790164018942,-10.518005419045165,-10.319109783953722
PBRM1,-8.399034938333894,-8.510139241276438,-8.605357189413304
GNL3,-9.545615408975708,-9.697602952008701,-9.611051132830918
GLT8D1,-10.683212340441393,-10.68020656346862,-10.858882560555255
SPCS1,-8.929251451518823,-8.941743298634995,-9.0952704564616
NEK4,-10.746933898459714,-10.7477561372199,-10.672212314165066
STIMATE,-11.687043176010366,-11.840337890154103,-11.89135004717191
SFMBT1,-10.954878780826409,-11.018317964163758,-11.298360317380174
RFT1,-11.823146353648738,-11.845151480266837,-11.827550957224892
TKT,-10.2252759641494,-10.167495952701055,-9.939655102187752
DCP1A,-9.266749496618202,-9.309993133432602,-9.408166232201204
CACNA1D,-8.273957899047433,-8.248187797572864,-7.587458575043272
CHDH,-11.679149036898746,-12.065214203334495,-11.56119717617035
IL17RB,-12.720303023405641,-13.056636492507653,-12.46822979632207
ENSG00000271976,-12.402812800311814,-12.219143956851902,-12.483370485845958
ACTR8,-10.417149353542479,-10.438193975474634,-10.699200912606114
SELENOK,-9.287323878990746,-9.281890846106128,-9.295943646075242
CACNA2D3,-11.601894745111506,-11.175899964762026,-12.154100205009316
WNT5A,-9.20432117085143,-9.371083398954163,-9.834012328568354
ERC2,-8.358769481158701,-8.30779371930326,-7.969354248551988
CCDC66,-9.47020473617347,-9.356025317088081,-9.48911885970455
TASOR,-9.367852580230286,-9.340616660312225,-9.491292070105034
ARHGEF3,-9.535676218486946,-9.838069834004228,-9.818066588933084
IL17RD,-9.55422077305921,-9.906438455448082,-9.985626080416262
HESX1,-12.067019189051658,-12.10826670685517,-12.172776278550392
APPL1,-9.264875087882064,-9.410877432330471,-9.259819651871748
DNAH12,-12.672666892285216,-12.084101340775181,-12.781105307486007
PDE12,-11.550504081604437,-13.191694493245771,-11.350437896470726
ARF4,-8.844844824211664,-8.88639181642409,-9.039299939447396
DENND6A,-10.17401988733578,-10.177669417145523,-10.284953313579694
DENND6A-AS1,-12.79297436396668,-13.016905685150139,-12.776427649909088
SLMAP,-9.048224259748725,-9.069156046735097,-9.230249064046227
FLNB,-10.703015835172353,-10.574794131586723,-10.584593998632412
ABHD6,-11.45417470466092,-11.245326748194781,-11.408095236538156
RPP14,-12.547094435920165,-12.548062401554814,-12.8018266946785
PXK,-10.267557428507883,-10.485958909770906,-10.272702968468574
PDHB,-9.095629354861055,-9.122118010144753,-9.336988128497687
KCTD6,-11.489367893767573,-11.546443594998188,-11.496831023089111
ACOX2,-12.654311615844463,-12.839701249998377,-12.374029314020103
CFAP20DC,-11.949669471048953,-11.9009423421168,-10.274940113965332
FHIT,-8.641856546035141,-8.375184246115138,-8.248334053559939
PTPRG,-7.752818036242535,-8.008412638010565,-7.842588276026326
PTPRG-AS1,-12.518840001023035,-12.289299226471146,-12.203283089644033
C3orf14,-13.117893159774464,-12.639349608710253,-12.498896366868253
CADPS,-7.6536903674499746,-7.5364888033037944,-8.002185722049823
SYNPR,-12.421629934551634,-12.422553971076548,-13.02584192678936
THOC7,-9.251701205739366,-9.42603798678011,-9.277755378289786
ATXN7,-9.730788203361662,-9.767799767234713,-10.003391878950035
PSMD6-AS2,-12.071661471136462,-12.114929346095364,-12.40580498590465
PSMD6,-9.331791296420793,-9.522630762761226,-9.459802956386504
PRICKLE2,-9.766015832706096,-10.437521900692895,-10.067453423527391
ADAMTS9,-9.051869850533773,-8.474306497045475,-8.81654939904705
ADAMTS9-AS1,-13.088696349805982,-12.606340363298594,-12.705334074897188
ADAMTS9-AS2,-9.68159105667739,-9.767032250063004,-9.568916488896956
MAGI1,-7.567677046541888,-7.534134029799747,-7.9116358680343915
MAGI1-AS1,-12.464721805484846,-12.430507628250277,-12.774512422942268
SLC25A26,-9.897554109899035,-10.061322234760302,-10.261864000548497
LRIG1,-10.06449697859798,-10.369426438163295,-10.02116927727753
KBTBD8,-11.71063678704732,-11.665235984281656,-11.563597825761255
SUCLG2,-9.135704534865729,-9.699834712810619,-9.226630415436226
SUCLG2-DT,-10.869185995826271,-11.007283838451231,-10.215613419720631
TAFA1,-12.706564329799301,-12.754355965679682,-12.02834245018126
TAFA4,-8.854772309455376,-8.78775143887985,-8.632948797787993
EOGT,-11.244958580621091,-11.358207040475081,-11.435256664731776
EOGT-DT,-12.828537434681206,-12.883327431166391,-13.002641633443444
TMF1,-9.571167021167797,-9.591340245183556,-9.631916838988516
UBA3,-9.451355417267536,-9.527367402403762,-9.496102941764116
ARL6IP5,-8.383336583956446,-8.453267128785997,-8.464102734999189
FRMD4B,-7.999420915437799,-8.189986141600158,-8.088307656369144
MITF,-8.08603269843073,-8.344307235609316,-8.06439844322556
FOXP1,-7.247986199632889,-7.396553509956223,-7.493096450041482
FOXP1-IT1,-12.157231440734353,-12.48986288495892,-12.501804870911897
ENSG00000277855,-11.2534806299164,-11.412029661654133,-11.215413602203373
FOXP1-DT,-12.177453909398379,-12.385588959045664,-12.31784954012249
EIF4E3,-11.285982324767213,-11.742510116605814,-11.463961333656888
GPR27,-12.30025343672242,-12.530793052607688,-12.836044142700867
LINC00877,-12.7648101295879,-12.671262405671643,-13.023326978672644
RYBP,-9.18097449781973,-9.32671908987065,-9.319760570957783
SHQ1,-10.509170086213254,-10.563507610031788,-10.658544200252665
GXYLT2,-9.36098306222527,-9.611879631139757,-9.657503107964672
PPP4R2,-8.902638738725285,-8.96046692878904,-9.041746543329678
EBLN2,-12.268793327262852,-12.37849354322922,-12.393186153328681
PDZRN3,-7.81151593799937,-7.931891028212516,-8.168832528906425
CNTN3,-12.383131857841692,-12.221589554054491,-12.307769929307218
FAM86DP,-11.467654197210468,-11.491768525633285,-11.45970864271756
LINC02018,-11.055578041745552,-10.777915577780577,-11.499671277210519
LINC00960,-12.122444630115691,-12.52897830392119,-11.278333004999245
ZNF717,-11.055695134167241,-10.606285215834925,-10.324856061344084
ROBO2,-7.800921539133747,-7.879717129566968,-8.380126529441926
ROBO1,-8.528349441543208,-8.854768008717379,-8.940625066556814
GBE1,-8.617307016220225,-8.651689031728077,-9.168259289844872
ENSG00000287158,-12.12557412306147,-11.234848499731802,-11.658582787470209
CADM2,-11.999023713483064,-11.912384016650103,-12.340836860677316
CHMP2B,-9.8798126893563,-9.842389215884564,-9.875446750291816
CGGBP1,-9.142274701497836,-9.192936843203936,-9.259983234236264
ZNF654,-9.186580136400591,-9.286728931566648,-9.337586923795268
C3orf38,-10.140732737051989,-10.11049886522932,-10.248468000350789
EPHA3,-9.438570940885032,-10.09050497331028,-10.37676755047247
PROS1,-9.872938317144474,-9.927319357125313,-10.47629630425972
ARL13B,-10.189239392456527,-10.143742229577185,-10.398276970644794
DHFR2,-12.67747149943918,-12.672986425744298,-12.738766850537113
NSUN3,-10.456180776387999,-10.473892148377658,-10.582964933245124
EPHA6,-11.823272613417041,-11.963666556073976,-11.118759471885282
ARL6,-10.751229881176492,-10.837134712149503,-10.77823225822157
CRYBG3,-9.423514316530962,-9.531299153439905,-9.72606179155766
RIOX2,-10.9128070686674,-10.825985475691683,-11.10744855863203
CLDND1,-10.143881755927366,-10.19169444338714,-10.206846130500999
CPOX,-11.529275802015778,-11.816077570214611,-11.766517165063583
ST3GAL6-AS1,-11.521133529350212,-11.596437741310256,-11.981380546465294
ST3GAL6,-8.930567302237181,-9.051811675009368,-9.37779122404725
DCBLD2,-8.560357398192222,-8.590278944801327,-8.936768755015448
ENSG00000239462,-12.975068135996839,-12.764835142130023,-13.155316951252168
COL8A1,-12.596592288005493,-13.188634349808481,-13.024613079603265
CMSS1,-8.909673798026361,-9.10790989247603,-9.133627144455884
FILIP1L,-10.716209997469289,-10.723760250526276,-11.378581453749893
ENSG00000287378,-12.958154166708058,-13.211816070379184,-13.15573907324362
TBC1D23,-10.121767684191328,-10.194805700361076,-10.2270432860026
NIT2,-10.071745664099163,-10.350288867007363,-10.357852450222941
TOMM70,-9.377539568745167,-9.503087394920854,-9.429148830398677
LNP1,-11.245716656544646,-11.031634245156102,-11.093349556756852
TMEM45A,-10.038350094909614,-10.355438689985672,-10.047978206287379
TFG,-8.994887451886708,-8.964611372871124,-9.082774031987904
IMPG2,-11.539660401647998,-11.68006805375284,-11.779482914109927
SENP7,-9.26381951840138,-9.321186224930722,-9.2978372752626
TRMT10C,-9.764739116614216,-9.818129332686885,-9.771270116588118
PCNP,-8.846073111164499,-8.925375061055506,-8.975369276295739
ZBTB11,-10.502196583266821,-10.521552653591359,-10.742103298521199
ZBTB11-AS1,-12.643265166187103,-12.472465609096112,-12.479695193230725
RPL24,-6.568426873366531,-6.765935017161032,-6.649831495645189
CEP97,-10.246995140447769,-10.378669503689787,-10.339366040963878
NXPE3,-11.42063579062324,-11.342940964189332,-11.527707554360207
NFKBIZ,-10.409717418620321,-10.638449674503871,-10.093977151910927
ZPLD1,-12.771542089586571,-12.912840066697846,-12.807989815158965
ALCAM,-8.281307077662255,-8.407875463926443,-9.02200357804944
CBLB,-8.772235675696903,-8.719524117873494,-8.633495212503755
LINC00882,-11.23404716909083,-11.144291494429778,-11.626614817252102
DUBR,-10.981156182505712,-10.923478206133858,-11.08527449441798
CCDC54-AS1,-11.791017741441015,-11.460546090091988,-12.291730975227418
BBX,-8.073961036551838,-8.184288382911479,-8.27693489147972
CD47,-10.3787795377947,-10.349443666319702,-10.324199239945434
IFT57,-9.868969695054332,-9.955932311064378,-9.931131452539077
CIP2A,-10.64822900451754,-11.111586514718635,-11.052870073561863
DZIP3,-9.318236258253034,-9.21667585440253,-9.238185827900049
DPPA4,-13.055974116131804,-12.717485236735357,-12.152482449286882
NECTIN3-AS1,-11.550982397263345,-11.521843830689958,-11.817397556243202
NECTIN3,-9.110279958941533,-8.997114881446576,-9.369568480764228
PLCXD2,-13.004298456356072,-12.995153991055727,-13.029693741138367
PHLDB2,-10.237630248595055,-10.361117905432502,-10.510783834695225
ABHD10,-10.922241564172193,-11.009582101472484,-10.891121240455613
C3orf52,-10.605556384337904,-10.46242014238574,-10.554534289295098
TBILA,-13.072254924622822,-12.92316184078474,-12.908161261840391
SLC9C1,-12.597677680476048,-12.190654626034707,-12.03286184446604
ENSG00000239482,-10.835404088366072,-10.665593704197669,-10.15671655138039
CD200,-11.80888242573971,-12.008651461765899,-11.42013078306696
ATG3,-10.105791435150289,-10.22279478330986,-10.145281515261821
SLC35A5,-10.834203896273664,-10.845910199167015,-10.997550316335802
CCDC80,-9.736687929956199,-9.735008467807495,-9.781522714330087
GTPBP8,-10.033970157768845,-10.151050165157578,-10.26264152742676
NEPRO,-9.819563045767167,-9.848971686889765,-9.910763856051997
NEPRO-AS1,-10.588098708349843,-10.558748401167838,-11.13697456172431
BOC,-11.767872456658504,-11.484790278314097,-11.87804586910265
CFAP44,-10.155973201727658,-10.144252833190592,-10.410923080385805
SPICE1,-10.439861836006662,-10.455605736992435,-10.563738496824966
USF3,-10.294711596452172,-10.204075742015805,-10.36730189116592
NAA50,-9.254953459852016,-9.340329940344377,-9.334457216429298
ATP6V1A,-9.79669004286542,-9.841670256067985,-9.832378875072633
ZDHHC23,-11.838637533272042,-11.91873256702103,-11.749520859473648
CCDC191,-10.897150564501754,-10.767891048426263,-10.905707487605081
QTRT2,-10.952365772828275,-11.146103469033072,-11.094518976065707
ZBTB20,-8.167651483775536,-8.211845515571014,-7.98549010620058
ZBTB20-AS5,-13.121691830018301,-13.140740689027204,-12.770375392891232
ENSG00000242880,-12.946535231728198,-12.757706956972712,-11.873571903482242
GAP43,-12.48246552234334,-12.411093446316643,-12.319393286503642
LSAMP,-8.130188822432265,-7.600601489620286,-8.96238710611144
LINC03051,-9.142623173752837,-8.610587333115822,-10.16042008596188
IGSF11,-9.90679898648962,-10.756755586241177,-9.91682136316096
B4GALT4,-10.510321188982497,-10.527770887760227,-10.571926121403449
ARHGAP31,-8.595728615057983,-8.77163788883255,-8.714028186270706
TMEM39A,-10.494182095336432,-10.477077255931906,-10.621461192748743
POGLUT1,-10.238213612131341,-10.331233354336174,-10.38464777752979
TIMMDC1,-9.362411228916123,-9.417578497897976,-9.449997969035863
POPDC2,-9.152332534816452,-9.31207467307205,-9.465540797059043
ENSG00000289134,-11.699327152548017,-11.933965884124582,-12.161319167593888
COX17,-9.394224932165528,-9.358089464121331,-9.137902223385062
CFAP91,-12.70624362815249,-12.62887961462269,-12.118769125128328
GSK3B,-8.7754405329837,-8.73329481631284,-8.87560631183034
GSK3B-DT,-11.868338819656618,-11.8300995420054,-11.997891117265443
GPR156,-12.866815561844096,-13.11337757757174,-12.612588677280065
LRRC58,-10.033646131330464,-10.246345707663071,-10.120105362288857
FSTL1,-8.662092954880324,-8.840646821155609,-8.682593280378644
NDUFB4,-8.92083084711607,-8.945107360930182,-8.914073616486125
RABL3,-10.824544209954952,-10.739904932753968,-10.967682654485897
GTF2E1,-11.008820185900449,-10.980387606773856,-11.09166315811532
STXBP5L,-11.835732236573502,-12.07414511958909,-12.583349066370232
POLQ,-10.611332928891201,-11.310148539694566,-11.164476667468666
FBXO40,-11.775174834493875,-11.51673661914852,-11.323763955621379
GOLGB1,-7.909450034688883,-7.9285555814067274,-8.060955640556024
IQCB1,-9.604624754821629,-9.641507482716397,-9.698099687946335
EAF2,-12.089497194629212,-12.048263618345308,-12.557193699792894
MIX23,-10.361673881708732,-10.556355635385652,-10.518810250985284
FAM162A,-8.561387697383333,-8.895563922946174,-8.12084301113001
WDR5B,-12.455580083740019,-12.450223699140084,-12.552277593325616
WDR5B-DT,-11.787296317354222,-11.893734098721447,-11.753067484557368
KPNA1,-9.249578850530542,-9.272164499445847,-9.386787273975676
PARP14,-11.842879101517747,-12.037403198794415,-12.090401012682722
HSPBAP1,-11.192296190074648,-11.10620387677694,-11.311832928387402
SLC49A4,-10.392995150769698,-10.503717582357849,-10.54775845502997
LINC02035,-12.948914798883774,-13.109291682405184,-13.020128942855214
PDIA5,-11.668873146639028,-11.781039354361276,-11.5965086852887
SEC22A,-10.360844890653285,-10.272134791873604,-10.428158988526842
ADCY5,-10.235505583418151,-9.987338547083326,-9.741072131952038
HACD2,-10.386694736759438,-10.219305236711705,-10.426773933611692
MYLK-AS1,-11.576150246634231,-11.502208832353519,-11.721019805795375
MYLK,-11.920389259311282,-11.543522121177855,-11.88825990988296
CCDC14,-9.004389860070455,-9.150147303178835,-9.102007832242819
KALRN,-9.671960318517494,-9.756072487770178,-9.891254843416448
UMPS,-10.534940955677135,-10.639032337769843,-10.579759995086025
ITGB5,-10.589598280781027,-10.606255603990512,-10.712952166791121
HEG1,-9.56599659712111,-9.450054072114506,-9.785638191321215
SLC12A8,-12.015223498000758,-11.660829377789847,-11.95381584827991
ZNF148,-8.454680738218821,-8.466967542302687,-8.569150550380346
SNX4,-9.470033904418953,-9.48539240674994,-9.545906265054978
OSBPL11,-10.051426324334827,-10.064681452916053,-10.105000215782493
ENSG00000284624,-11.822510519725656,-11.496659356752932,-12.106752162648993
LINC02614,-10.988093673942242,-10.656565746569605,-10.855561487503287
SLC41A3,-10.868507290320334,-11.084830206548473,-11.049833589579059
KLF15,-12.605429365625465,-12.711621710441802,-12.659142270457608
ZXDC,-9.82904289412317,-9.78830589208417,-9.902783690340373
TXNRD3,-10.443368009776938,-10.467427549970907,-10.242504774351396
CHCHD6,-9.946845259301794,-9.867415053658693,-9.682821011811196
PLXNA1,-11.055154356657278,-10.872414673852932,-11.224419584203728
TPRA1,-11.366292245065504,-11.374629560263111,-11.602493016609744
MCM2,-11.216699981887107,-11.839260294778814,-11.70942442504997
PODXL2,-11.994051342764589,-11.99379219854451,-12.270153169285212
ABTB1,-12.539927967793501,-12.489740338283134,-12.808933042590402
MGLL,-12.274009717495082,-12.234638464007547,-12.352928376678289
SEC61A1,-10.448667742715356,-10.448998790363394,-10.517787471921492
RUVBL1,-9.568919963506023,-9.71277482701746,-9.673904061877103
EEFSEC,-10.111906942999147,-10.258370727052489,-10.228195333482518
GATA2-AS1,-12.469012118874954,-12.649338620245485,-12.650657356262723
RPN1,-9.64906865034987,-9.643835364037571,-9.81163981723483
RAB7A,-8.932101958792535,-8.980189447240686,-9.021301939477697
ACAD9-DT,-12.724206717755896,-12.953115078947901,-12.833230033818836
ACAD9,-10.279400213071685,-10.332005623556093,-10.422717131791648
CFAP92,-12.31121448264184,-12.685579236891758,-12.685643406195547
RAB43,-12.390102117388446,-12.516801330638069,-12.495189735979336
ISY1,-10.282040682815154,-10.448444978394722,-10.380781285729405
CNBP,-8.283473145551511,-8.458502631233896,-8.368945198807884
ENSG00000289469,-12.21601155717857,-12.253138225082763,-12.432219506569027
COPG1,-10.587697958514292,-10.580163493189934,-10.72910812252984
HMCES,-10.294141341672375,-10.327895344674955,-10.577134526556765
H1-10,-8.674076502865688,-8.914982234024142,-8.791542258253743
ENSG00000290993,-10.648456837471157,-10.597523416959936,-10.8052791017073
IFT122,-10.86506322143233,-10.738323309214543,-10.998553507810394
MBD4,-10.226570919180114,-10.13973100303519,-10.143496065690734
PLXND1,-12.905686320833025,-13.073922912651721,-12.626478365105537
TMCC1,-8.753018550026743,-8.754564927079166,-8.868008940808641
ENSG00000203644,-12.935724980361616,-13.250202180524541,-13.057592427466892
TMCC1-DT,-11.770323393055524,-11.674579136130836,-11.587183782704408
ENSG00000250643,-13.035601623802254,-13.022593675606188,-13.07993702263952
TRH,-9.94612431317742,-10.049566014958787,-9.141495672022439
ALG1L2,-12.568302240379726,-12.75020811320968,-12.53600645726715
ENSG00000291081,-12.2171388367825,-12.164896669681763,-12.205541312691372
LINC02021,-11.976772161043476,-11.59964691570667,-11.635244969941667
PIK3R4,-10.477939896912536,-10.441289162821091,-10.467045232048545
ATP2C1,-9.45312749603702,-9.414810276954256,-9.5241509017093
ASTE1,-12.233271216193792,-12.59318303395021,-12.10321204257185
NEK11,-11.368427751179176,-11.189320708911465,-10.929148224082436
NUDT16-DT,-12.05306236087703,-11.897789245337814,-11.701026311715642
NUDT16,-10.701910287397729,-10.77036913105655,-10.656722124547153
MRPL3,-9.27316312701083,-9.397827335109065,-9.342132850013687
CPNE4,-10.164237908930781,-9.573353388409837,-9.023163088884866
ACP3,-11.040491213855972,-11.11157774812227,-10.562860976331493
DNAJC13,-9.247587368360305,-9.128532525369028,-9.462036707822774
ACAD11,-10.380980351982675,-10.412381047194991,-10.420459836744197
UBA5,-9.85780352297791,-9.93069576535174,-9.96281200818365
NPHP3,-9.571077684195236,-9.675466560170324,-9.705926928534458
TMEM108,-12.301233571432242,-11.964701621187254,-12.026174038767536
CDV3,-8.89160322245466,-8.93130604148498,-9.011102805672113
TOPBP1,-9.617014726064452,-9.83381010063099,-9.809306564079792
ENSG00000291042,-12.228365952708893,-12.297391055137373,-12.415085375259169
SRPRB,-10.915760196032084,-10.969741140086622,-11.026819903061012
RAB6B,-12.119522440693022,-12.258071782340096,-12.055557850033749
SLCO2A1,-12.363947306607633,-13.18359236045798,-12.240302233975825
RYK,-8.716183379859146,-8.565928880747675,-8.68450023786469
AMOTL2,-10.673426964844777,-10.634804784312593,-11.21110323595702
ANAPC13,-9.567245882718215,-9.778535702380426,-9.878508193316987
CEP63,-10.75431203298189,-10.82741644706202,-10.826784841603908
ENSG00000288700,-11.18891639974898,-10.917440709311284,-11.146065059823888
EPHB1,-12.865991437149864,-12.158867578449824,-12.753408374299841
PPP2R3A,-8.008652907123997,-7.9287481458903635,-8.111654064602753
MSL2,-10.545687284421764,-10.529767216279314,-10.672806277092004
PCCB,-10.078967428287836,-10.02179028374493,-10.169231785700388
STAG1,-8.132975694878056,-8.150439871935646,-8.259304412071026
SLC35G2,-12.578737161744565,-12.685849948204584,-13.050389559052888
NCK1-DT,-11.249100280723246,-11.190937696520512,-11.338509726604629
NCK1,-9.96840681937116,-9.952957233718275,-10.037112248968239
IL20RB,-12.65116398746832,-12.635031906064837,-12.739747101448204
DZIP1L,-10.318206953716313,-10.371397937357619,-10.467810095973864
DBR1,-11.615817454263329,-11.757909059331299,-11.771147509082073
ARMC8,-9.294552214391448,-9.317906471355535,-9.36690070597909
NME9,-12.123168467718017,-11.978220327318125,-12.159959833117316
MRAS,-9.574757889308195,-9.398262638964898,-9.7621249134609
CEP70,-10.072633535518946,-10.070060733132653,-10.015050487020448
FAIM,-11.173389944814366,-11.182782615775935,-11.4554744947958
PIK3CB,-9.973533115538263,-9.834664401852123,-10.097521841720642
MRPS22,-9.818856644860926,-9.926340282074648,-9.89016769265771
COPB2,-9.035645530300801,-9.070743079858005,-9.10197716734798
COPB2-DT,-9.336615620317168,-9.656234819906354,-9.264645811829729
RBP1,-9.519273526039326,-9.519507142903663,-9.13341684627707
NMNAT3,-10.90120966492634,-11.360130779038307,-10.71567802396092
CLSTN2,-10.049854702139447,-9.871200301827034,-8.745275424092616
SLC25A36,-8.611189579907592,-8.712845920726929,-8.682679130758427
SPSB4,-9.884896475432678,-10.059278531447292,-10.014396741993147
PXYLP1,-10.944849348874335,-10.918804877339047,-10.828089342346484
ZBTB38,-10.442929826025901,-10.331954707327903,-10.46786379684745
RASA2,-9.347827945333929,-9.307028629415932,-9.367501787136367
RNF7,-8.686047879359965,-8.812605003024021,-8.705688697578795
ATP1B3,-9.558450091308357,-9.631126701060287,-9.537701028842099
TFDP2,-8.64491075310857,-8.684361607782765,-8.961838060567827
GK5,-10.853423733511411,-10.792596424236715,-10.887771493472497
XRN1,-8.768662413173953,-8.757852018114122,-8.912275209342004
ATR,-9.60226171617965,-9.622447483927473,-9.763515772723931
PLS1,-11.15381650070029,-11.007951757513682,-11.269775370969153
ENSG00000287045,-11.903996369324025,-11.693653999877004,-11.996485719604697
TRPC1,-9.299241469433943,-9.206559387100743,-9.276414879329725
PCOLCE2,-11.844380784568516,-11.8549144256403,-11.950043221099238
U2SURP,-8.6777555076978,-8.734489615142902,-8.688294630219168
ENSG00000268129,-13.057153643356676,-13.007620321155164,-12.893953995866328
SLC9A9,-10.960571992308308,-11.371714847600842,-11.50186135785541
DIPK2A,-9.566159839210973,-9.592406344946491,-9.670908397168198
ENSG00000289986,-12.29487759919724,-11.759715446470885,-12.14352500400248
PLOD2,-8.113242207518512,-8.413290954039269,-7.957508649238372
ENSG00000243415,-12.750590434210377,-12.894899759403417,-12.522935228741451
PLSCR4,-10.932212325751191,-11.239761047211474,-11.69956130853706
PLSCR1,-10.888917986675844,-11.311749961663299,-11.143758490608436
PLSCR5,-10.731776680456399,-11.380385305934643,-11.59977115681096
GYG1,-9.703880059997026,-9.899630127396893,-10.52733475476511
HLTF,-8.838035458013387,-8.831729928517118,-8.867578509618209
HPS3,-11.220416333264627,-11.044826186563856,-11.28562873607938
WWTR1,-8.464760608194428,-8.573138630159837,-8.489780600355942
COMMD2,-9.751149630764267,-9.83226125426784,-9.783285650430377
ANKUB1,-11.038524707890877,-10.921259084031735,-10.953911473940376
RNF13,-9.670840780611366,-9.65735491247109,-9.810780253787085
PFN2,-9.638130248150096,-9.78738083819159,-9.77174936204797
TSC22D2,-8.761456676542844,-8.96926551607332,-9.012678579477077
SERP1,-9.420501839467338,-9.50373498858833,-9.3577310441955
EIF2A,-9.229882951823132,-9.322255659626697,-9.448316458278095
SELENOT,-9.506539003480256,-9.493321657205689,-9.594779865207382
ERICH6-AS1,-12.474093542757046,-12.403183762675077,-12.494391620619732
SIAH2,-11.189453184464648,-11.142533890302134,-11.118367619850828
MED12L,-9.444007940190263,-9.462660881713248,-10.215785876004562
P2RY14,-12.4168984824566,-12.396829279603597,-13.139688713521796
MBNL1,-8.375131955128433,-8.47840614647887,-8.546464861883962
P2RY1,-11.951411964860444,-11.911920016134342,-12.266405656100641
RAP2B,-10.942445446849986,-11.235120537873597,-11.201701819490246
ARHGEF26-AS1,-12.80364009014304,-12.973749291398704,-12.781853940762064
ARHGEF26,-11.228826193868912,-11.543919040646347,-11.211122592809312
DHX36,-8.708362900927595,-8.783326545529826,-8.76359650682748
MME,-13.02468666537057,-13.16556701115626,-13.051371284073443
PLCH1,-11.744069933636366,-11.886929515986878,-11.403952703459895
C3orf33,-11.283217268617879,-11.315680388328845,-11.57782520678228
SLC33A1,-10.575078247543434,-10.59316806144028,-10.592501561629783
GMPS,-9.29349469341117,-9.432708970270903,-9.39619290083165
SSR3,-8.316534670807428,-8.384140056007405,-8.4996955446345
TIPARP-AS1,-12.98026998050163,-13.121709855970122,-12.99588303312811
TIPARP,-9.21790184520226,-9.337424579075027,-9.037372061944454
LINC00886,-12.536821423022424,-12.130051837127514,-12.451975311187443
LEKR1,-12.023255225651273,-11.832715541629215,-11.8698059211119
LINC00880,-12.905191611622794,-12.967120819851683,-12.337448558212246
LINC00881,-10.629820940472944,-11.404431468743205,-9.993167234506249
CCNL1,-9.347223362050112,-9.23814583180055,-9.317700868385055
ENSG00000243176,-12.053450977748161,-12.09048687872674,-11.43863264439608
VEPH1,-11.861631065647183,-12.172619065530906,-12.572911659423077
RSRC1,-9.170830197934722,-9.187345391317939,-9.2544602595846
MLF1,-9.51434734855144,-8.59099895874576,-8.633136947124258
GFM1,-9.760267012039982,-9.775088863032861,-9.95982622157003
LXN,-11.629563581874303,-11.738928340938209,-11.285348291512634
MFSD1,-10.574507016811532,-10.421282316868947,-10.849908689002202
IQCJ,-11.288127301259173,-10.953586225576924,-11.054728910355074
SCHIP1,-9.601511743315472,-9.597511738711539,-9.623308267156432
IFT80,-9.614028082872522,-9.629563769619338,-9.768923163310477
SMC4,-8.882959468805524,-9.333345968546636,-9.275448747288962
TRIM59,-10.627259264403994,-10.836023593203606,-10.870345535192032
KPNA4,-8.860697011046051,-8.866722775443508,-8.987727213124973
PPM1L,-9.728880692072385,-9.778691947166076,-9.661300525511132
B3GALNT1,-12.249449368059668,-11.9476574673788,-11.505079998436536
NMD3,-9.92762868460692,-9.876974386708092,-9.78036153665118
BCHE,-11.50516429121098,-11.03074236542706,-11.057097780622437
ZBBX,-11.90642999084695,-11.828068119344897,-11.395199432165088
WDR49,-13.036910768697313,-13.149452111992034,-13.048737759533763
PDCD10,-9.438932581793697,-9.50083269463389,-9.457927223406854
SERPINI1,-10.237613454609505,-10.713629541392072,-10.668510390604446
GOLIM4,-8.82840015766009,-8.654637237844428,-8.84328849320498
ENSG00000286994,-13.157809517848367,-13.018782977080951,-12.843180275678783
LINC02082,-10.019432612728664,-10.579442228414623,-10.357151327741935
MECOM,-8.785325870035066,-8.37448415375874,-9.815209495736507
MYNN,-10.722238733418195,-10.802364234387214,-10.835163618056747
LRRC34,-12.953627181889438,-12.725601995404663,-12.484869409302366
SEC62,-8.604775430500522,-8.609355511340821,-8.634006775951203
PHC3,-9.229789898326091,-9.198176245225566,-9.304341267607658
PRKCI,-9.556996492398728,-9.568636245639555,-9.634988053846735
SKIL,-9.111012217994562,-8.991329884391574,-9.297768752053708
RPL22L1,-9.238529708906492,-9.679293401221193,-9.209834897331909
EIF5A2,-12.403667447735469,-12.709864070998977,-12.192855784566552
TNIK,-7.932238493512442,-8.185380215153218,-8.34317223498581
ENSG00000240497,-10.944828909974753,-11.178175262570104,-11.421778176096819
PLD1,-9.697816085022982,-9.404236512810467,-9.896059092221998
FNDC3B,-7.882287336803721,-7.751335213510007,-8.265077337828515
NCEH1,-11.61453435759804,-11.291481785141455,-11.05732289042688
ECT2,-10.093599227739086,-10.64196624322281,-10.443692377139287
NLGN1,-8.808919727570071,-8.914199021906962,-9.198046300860069
NAALADL2,-9.330449287030412,-9.206457608733624,-9.595448568708596
LINC01208,-13.006209775646003,-13.251291647254316,-13.175992203655186
TBL1XR1,-8.2916730613018,-8.345113678705356,-8.528598136314793
KCNMB2,-12.883807927718406,-12.59173829002205,-12.111765413008747
KCNMB2-AS1,-11.431273790591117,-11.018584803575187,-10.082966043712524
ZMAT3,-10.044335121444854,-10.288498286900191,-10.364948578644709
PIK3CA,-9.123508531178484,-9.160589200165331,-9.468458867207456
KCNMB3,-11.668482331855959,-11.472928715975565,-11.26534211154258
ZNF639,-10.032722809945158,-10.112383212872016,-10.18912957349103
MFN1,-9.778326422905963,-9.822652391439519,-9.821957656128882
ENSG00000289574,-12.63206998429275,-12.440233179884583,-12.634121111526895
GNB4,-9.54542697579615,-9.630342252610285,-9.87346369589405
ACTL6A,-10.065121304151493,-10.355322910000837,-10.347891996779637
MRPL47,-9.343391815120228,-9.517461964750732,-9.508902173701868
NDUFB5,-8.63132686006465,-8.734594877241161,-8.689127532119159
USP13,-9.373950935026427,-9.339289476447943,-9.649656778548126
PEX5L,-12.577513088187585,-12.325027240478677,-12.030682875661387
TTC14,-9.30069763600025,-9.294053741149554,-9.402555353287987
FXR1,-7.898090570294735,-7.995948271411935,-8.027854214400179
DNAJC19,-9.659683898344584,-9.725190025048501,-9.664028254415472
SOX2-OT,-11.584597930688794,-11.313278253032083,-11.546592380812875
ATP11B,-9.329511298318808,-9.342462392270276,-9.377402979012206
DCUN1D1,-9.618681714013878,-9.601983801570961,-9.687962011668986
MCCC1,-10.003940577260162,-9.994427710195913,-10.13430795618908
MCF2L2,-9.926673499760012,-10.009308260450018,-10.132392128802755
B3GNT5,-11.937403635300816,-12.346166157750961,-12.174838586885127
LINC00888,-10.05213899041411,-10.169385312518926,-10.11912518502595
KLHL24,-8.74209775327087,-8.868117127880208,-9.112778066827586
YEATS2,-9.432438792613501,-9.51242936928825,-9.623634629615886
PARL,-9.987107912878336,-10.091649995007527,-10.060553921255137
ABCC5,-9.576072024832033,-9.54891458513875,-9.624656783466135
EIF2B5,-10.685513838470069,-10.792870347229517,-10.923914086196564
DVL3,-9.95744544110604,-10.06781455160838,-10.184044532277568
AP2M1,-9.238978408702081,-9.333548627929355,-9.401507295575739
ABCF3,-11.580024002385912,-11.623210632098843,-11.604567020385964
ALG3,-11.449473052196732,-11.573180570120758,-11.507474738471876
EEF1AKMT4,-12.526420049314154,-12.75540382631051,-12.484157443206104
PSMD2,-9.3513320853895,-9.443023812296424,-9.526785309230325
EIF4G1,-9.098087432067546,-9.224744098030403,-9.337051605796992
FAM131A,-12.33478364717582,-12.354403884311848,-12.43611005574951
CLCN2,-12.666659985685984,-12.791209929533908,-12.862925907891679
POLR2H,-10.050464492823068,-10.377065864367664,-10.174122957751594
EPHB3,-10.55314913716509,-10.765437837309356,-10.784015946628575
MAGEF1,-9.10651183419434,-9.402754655681306,-9.275128623075192
ENSG00000272970,-10.865915942628444,-10.54258999523637,-10.864279490377857
VPS8,-9.021866178001762,-9.151963188930681,-9.195561921782582
EHHADH,-13.042460320786967,-12.010066028753196,-11.853906285633958
MAP3K13,-10.165797469255518,-9.541054385133629,-9.591179474981177
TMEM41A,-10.140580496726729,-9.928909001781054,-10.179567859657613
ENSG00000286086,-13.183654316811282,-12.559055878722443,-12.759271764218822
SENP2,-9.867941119568995,-9.824733420965185,-9.985127006157049
IGF2BP2,-7.694606631926855,-7.708149270967321,-7.75464567033572
IGF2BP2-AS1,-13.120325504012731,-13.05120201236168,-13.15658901424225
TRA2B,-8.940847407921868,-8.977527230032317,-8.902634737694095
ETV5,-10.432557472359658,-10.644250842492125,-11.320069490784105
TBCCD1,-12.15362119504668,-12.044102773753043,-11.898460230401152
DNAJB11,-9.764148437263946,-9.75162695346109,-9.916245850124838
AHSG,-12.835421672277562,-12.701696595685746,-12.779382255049622
EIF4A2,-7.823989818033331,-7.870478850503851,-8.012945066903992
RFC4,-10.759844372502561,-10.9703577677269,-10.931909530557625
ST6GAL1,-9.414073903066575,-9.2970664361131,-9.42641824290418
RPL39L,-11.115503200764982,-11.205263526904996,-11.14743103128316
MASP1,-8.880217903958993,-9.074174355665175,-9.201708718968993
ENSG00000283175,-12.96016844722023,-12.963475724507095,-12.920555178295007
BCL6,-11.798638419406162,-11.640411536057771,-12.058415827480351
LPP-AS2,-12.958686178629337,-12.936151196650838,-12.987619104364683
LPP,-7.725433161156612,-7.7082266540058155,-7.8876151365706555
TPRG1,-12.159976592241316,-12.125893701381132,-12.145614226201237
P3H2,-8.86415373403047,-8.87193287784625,-9.73909469261953
P3H2-AS1,-11.721206613033555,-11.475169202945331,-12.417587151706009
IL1RAP,-11.028613072476993,-10.867674206176094,-11.565569611791801
CCDC50,-9.273107375327829,-9.331133561064908,-9.472428423169886
FGF12,-8.150092315442697,-9.115551646276172,-8.179852790944244
ENSG00000289165,-11.675156991229667,-12.691820383575855,-12.053232653914586
MB21D2,-10.597921601856697,-10.722144390762212,-10.845065584078988
PLAAT1,-11.398149571796452,-10.235002185998832,-10.171960182900275
OPA1,-9.168909535669611,-9.225967224493292,-9.089225240463856
HES1,-9.663369095526377,-9.53213903537981,-10.096611210163532
ATP13A3,-8.6216227493377,-8.488440162154701,-8.489164878035238
ATP13A3-DT,-12.281497559868018,-11.913703662493793,-11.35482189390598
TMEM44-AS1,-11.70627644219049,-11.735284531517873,-11.769045156988664
TMEM44,-11.66717193810015,-11.593083992819189,-11.748129710661425
LSG1,-10.394664193701267,-10.427217674760685,-10.418475184907903
XXYLT1,-9.874658575533052,-9.941388279103606,-9.973468255516195
ACAP2,-8.99104876280403,-9.007852538651015,-8.983541724035126
PPP1R2,-9.288643384621013,-9.334265893416779,-9.30431371079093
MUC20,-12.2315818386747,-11.560646923900503,-12.352405674587192
TNK2,-11.17112383252883,-11.37517070626349,-11.321254414887122
ENSG00000290762,-11.829455162822185,-11.783433110637448,-11.865330174855146
SDHAP1,-10.571499292811975,-10.607760061809357,-10.765564750651668
TFRC,-9.933767412678142,-9.895146811776447,-10.191877453847859
PCYT1A,-9.978315196481518,-9.92113470974316,-10.031263808009582
DYNLT2B,-9.81650085359547,-9.916605893911756,-9.993198298653528
UBXN7,-9.444739717583866,-9.50741310592646,-9.628187639612626
RNF168,-10.140499643448182,-10.17649721867942,-10.364303587010358
WDR53,-11.89885637349316,-11.994770872357194,-12.019708057202513
FBXO45,-10.904367349725034,-10.978692308038903,-10.999010876698481
PIGX,-10.409235392908274,-10.334678995809467,-10.454603415175795
CEP19,-12.017875476814293,-11.906614250372286,-12.03187280506926
PAK2,-8.60278687406166,-8.736469346503217,-8.772825026497117
SENP5,-9.281506702701547,-9.289571409506863,-9.387202498774409
ENSG00000230732,-12.438240198697791,-12.41709165217634,-12.541485085538854
NCBP2,-9.600067479802675,-9.670091763166717,-9.683741146822417
NCBP2AS2,-10.266658398630213,-10.398454883229855,-10.24003668563086
DLG1,-8.370819491858956,-8.400595967875907,-8.514544607979358
ENSG00000289396,-12.392471480459788,-12.417485288592827,-12.560675730840634
BDH1,-11.729223148841621,-11.671362870609524,-11.494216014869782
SDHAP4,-10.37265685334615,-9.999353405868618,-10.010442156633289
RUBCN,-11.148296185546627,-11.088305912648257,-11.38915912115756
FYTTD1,-9.310982013582398,-9.365911387916036,-9.363615344848446
LRCH3,-9.175504735902907,-9.128288498553376,-9.295652619646434
IQCG,-11.207408293832389,-11.130823794914592,-11.257989134633135
RPL35A,-6.681299053899138,-6.861493721836713,-6.75013092844756
LMLN,-11.317600290718733,-11.215621299373739,-11.314921102222055
ZNF595,-11.80166422144157,-11.13901331259097,-11.428579712925849
ZNF718,-9.87538253240942,-9.903114159907691,-10.13564461916984
ZNF876P,-11.778644556565883,-11.678613977022916,-12.11443401238829
ZNF141,-9.791168279461658,-9.832965756667889,-10.046475366502012
ZNF721,-9.364722332565513,-9.355755061218382,-9.470128618598684
PIGG,-10.78647957377062,-10.794250534318218,-10.95836095054145
PDE6B,-11.819162674343634,-12.047792347547349,-11.677638653947367
ENSG00000272927,-13.259187656818833,-13.1170901471266,-12.855085032791104
ATP5ME,-8.656905203240763,-8.75839063955209,-8.67630888156298
MYL5,-11.613226753213587,-11.94066831444521,-11.918985665103223
PCGF3,-10.564023772204456,-10.645963161195743,-10.707707229115016
PCGF3-AS1,-10.20059353434578,-10.13845204608613,-10.315963252043067
GAK,-10.479746026112975,-10.501958801878816,-10.59243168663691
TMEM175,-11.989690531532686,-11.89539086666159,-12.203008084574495
IDUA,-12.573363708786768,-12.365269622876081,-13.118807883922804
FGFRL1,-12.275439940971394,-12.397056634893845,-12.362082581695487
ENSG00000251652,-13.181468841027145,-12.552768714551158,-12.250290561029992
CTBP1,-10.29304805454568,-10.309866128027576,-10.39813385562826
CTBP1-DT,-11.565024610263073,-11.443475035089286,-11.44833563501883
MAEA,-10.197863613819623,-10.264661571812393,-10.32617148436935
UVSSA,-11.371206745405756,-11.451973280867014,-11.486660084760238
FAM53A,-13.094407683165201,-12.873099155304237,-13.15354127736137
SLBP,-9.807325100483196,-9.94619948224535,-10.052655415277522
TACC3,-10.752267937491572,-11.250550297414588,-11.30230406539484
TMEM129,-11.149165191484421,-11.169994278119855,-11.223540248824849
FGFR3,-12.121611013532007,-12.130876564759694,-12.737995282513998
LETM1,-11.09541291197572,-11.169583714477232,-11.215152321485085
NSD2,-8.876357903380047,-9.062493550878305,-9.10059564187605
NELFA,-10.115640611796792,-10.109429688105509,-10.450199090468727
C4orf48,-9.35316470493969,-9.350095695946209,-9.647803622543396
NAT8L,-12.267799265623118,-12.46930564532092,-12.734168451122319
POLN,-10.93628494911112,-11.1426227069685,-10.940136559551975
HAUS3,-11.107549930422715,-11.287676903412835,-11.176898425041326
MXD4,-10.346259141578804,-10.631888636193148,-10.63634918981159
ZFYVE28,-12.742046750791625,-12.827344212862386,-12.867675140970695
RNF4,-10.077363067909479,-10.268178650303422,-10.198399931643989
FAM193A,-9.270408710026949,-9.25220466558831,-9.448945626688891
TNIP2,-10.737742228354312,-10.918172039514904,-10.950752015348185
SH3BP2,-11.866784662397393,-12.078513514989078,-11.949459726037462
ADD1,-8.64415768743486,-8.647705263156968,-8.935715256001322
MFSD10,-10.52208739239549,-10.478719100405595,-10.707662102915307
NOP14-AS1,-12.01063967846041,-12.13803372176914,-12.173299818007212
NOP14,-10.000843712398202,-10.190069312479068,-10.152354071094805
GRK4,-10.332796098525675,-10.29851240066061,-10.410900849824273
HTT,-9.60292886630531,-9.487721272477916,-9.790815900238785
RGS12,-9.921404904670998,-9.88478266397837,-10.015581101764795
LRPAP1,-9.502180436303517,-9.542665103076827,-9.656881225893233
FAM86EP,-12.4396133019659,-12.476426745842545,-12.323165361200212
ENSG00000290888,-11.483376346220862,-11.337669841273199,-12.099725821073449
TMEM128,-10.909556016432576,-11.055632008437845,-10.940148314732292
LYAR,-10.224072529752014,-10.65152308380503,-10.778824877976385
ZBTB49,-11.795341821075056,-11.901379896898115,-12.044657756405945
NSG1,-12.460493132613806,-12.470161955486093,-12.587312723877433
STX18,-9.906109757534619,-9.9795148290232,-10.03288492728303
STX18-AS1,-9.776623259553983,-9.809410942117744,-9.632635392411611
MSX1,-11.363366375849237,-11.483302411701441,-12.163931119245738
EVC2,-12.112409087112285,-11.846447391649175,-11.649279644807075
EVC,-11.111160930674899,-11.072437984127998,-11.088460867605045
CRMP1,-10.497786697218114,-10.966839587464374,-11.35162029695257
WFS1,-12.49837012690782,-12.277962850663073,-12.463968455201396
MRFAP1,-8.827530166817828,-8.969375913394781,-8.87027241766926
LINC02482,-12.537830715433882,-12.208163751827696,-11.859668066491585
ENSG00000170846,-11.838112652297534,-11.936085809926833,-11.617320878072087
MRFAP1L1,-9.851662682403846,-9.916307089090093,-9.885355924714675
BLOC1S4,-10.402346435767964,-10.51839925085816,-10.417381769244232
KIAA0232,-8.857141220447646,-8.76102661219309,-8.847433772300231
TBC1D14,-10.392776186921823,-10.416060174385793,-10.575611768093802
ENSG00000287104,-12.257404536695338,-12.527836978893223,-12.56255563316993
TADA2B,-11.057601156653373,-11.08990230418982,-11.17875647659427
GRPEL1,-10.059802876132649,-10.396840733082428,-10.32524261928766
SORCS2,-11.278284753755885,-11.565586453633939,-12.000207536770354
AFAP1,-9.977009322062813,-10.087743345981828,-9.95632059926745
ABLIM2,-12.360675077275852,-12.472105837930942,-12.552264643707632
ACOX3,-10.92740219588509,-10.877698124099645,-11.071724963314086
TRMT44,-11.218619336301337,-11.202676410881493,-11.422273905431183
ENSG00000288075,-12.52983982570519,-9.71688953866306,-9.64921143271221
ENSG00000287117,-11.535055513837719,-11.156143231203437,-11.8899056450201
WDR1,-9.44893830272343,-9.460677827709139,-9.541769962403249
ZNF518B,-10.708713655543589,-10.405520178816882,-10.347309110477227
RAB28,-9.28764713578918,-9.312273259878022,-9.313310041077164
BOD1L1,-8.548343900193332,-8.62939799084609,-8.671782470388514
LINC01182,-11.368403309820192,-11.901454068176145,-11.705784283981567
LINC00504,-13.014944046093447,-12.144694030474847,-12.450246243077725
CPEB2-DT,-12.582881161275328,-12.306386489017925,-12.323000452857398
CPEB2,-9.37634567644672,-8.951489927216576,-9.536441261917766
C1QTNF7-AS1,-11.03781823249866,-9.950717905155322,-9.964474095184439
CC2D2A,-9.830216853930933,-10.156476512759461,-9.90966134213079
FBXL5,-9.232985324995564,-9.35801361858378,-9.23307750311831
FAM200B,-10.169318571697227,-10.216467540013548,-10.102948951089896
PROM1,-10.938600220273598,-11.044488291004363,-11.072469781764154
TAPT1,-10.15339952887177,-10.217360010298465,-10.241930121278497
TAPT1-AS1,-9.862582568098764,-10.020112291407507,-9.945515573755648
LDB2,-10.68192579249087,-10.888249916342456,-10.260016991465738
QDPR,-9.971735923688993,-10.07121391673666,-10.125524596720362
LAP3,-9.896967103258234,-9.850245418562405,-9.997102303870262
MED28,-9.765030272110051,-9.881787260423406,-9.915572937667475
DCAF16,-10.009614377961759,-10.127324029796629,-10.204460282266883
NCAPG,-10.418395094418074,-11.083434530189566,-11.008098916745737
LCORL,-8.49519401126884,-8.506999386740238,-8.636493473085116
SLIT2,-6.768322496766168,-6.976434363502007,-6.659754115349291
PACRGL,-10.422370410325819,-10.385801544605128,-10.498873677929701
KCNIP4,-6.9004628150518394,-7.013188772153731,-7.195487092537558
ENSG00000250243,-11.699955094234815,-11.78662688119794,-11.970392842935082
ENSG00000286318,-11.769686180928561,-12.003462815000677,-12.266625137819577
KCNIP4-IT1,-12.9255064551404,-12.687018421733791,-12.797403588052596
ADGRA3,-9.094481647573879,-9.013068848892074,-9.14684981233768
PPARGC1A,-9.190746712187144,-9.165474250951636,-9.198992053130171
DHX15,-9.146280470490169,-9.252266202879456,-9.2870827526672
SOD3,-11.95096923870837,-12.21199784069405,-12.027462848380463
CCDC149,-11.155951297972484,-11.091016993715243,-11.38447704600653
LGI2,-10.529499502217218,-10.43627745297349,-11.706532973555799
SEPSECS,-11.202830980753019,-11.247717595623534,-11.415777958697827
SEPSECS-AS1,-12.668459882180288,-13.17565042859825,-12.64650904647647
PI4K2B,-10.67663739935558,-10.7765696184911,-10.922074693712297
ZCCHC4,-11.03013076759477,-10.980431089287805,-11.340513738779714
ANAPC4,-10.05765809291878,-10.020855346824403,-10.056873537894255
SEL1L3,-11.33121297287157,-11.402013527548604,-11.944377833610174
SMIM20,-10.131503863609383,-10.18286448234356,-10.164371175823252
RBPJ,-8.89659102675249,-8.974815126524764,-8.945711256321827
TBC1D19,-9.959782185547361,-9.937165133580192,-10.062576891725842
STIM2,-9.694198462349345,-9.667653794069292,-9.916008342672406
PCDH7,-6.291111293869308,-6.294765489277364,-7.067402988102771
ENSG00000249678,-12.041191341771581,-11.914163434706705,-12.755276570342179
ARAP2,-10.963967993139534,-11.860235696842283,-11.628143107552946
C4orf19,-12.63493723815065,-13.036599943457343,-13.181272573744893
RELL1,-11.587658427785465,-11.170339403722956,-11.72947166152767
PGM2,-10.916063695311543,-11.08416827338225,-10.918736180088027
TBC1D1,-9.805101782034539,-10.042389393385706,-9.986596595659616
KLF3-AS1,-11.083962177876591,-11.2854879940078,-11.332956265686382
KLF3,-10.142130029432128,-10.223156786504251,-10.229456660990945
FAM114A1,-10.498065234283565,-10.465702546573478,-10.374834312950485
KLHL5,-9.535563039394036,-9.567057751400418,-9.760589736898561
ENSG00000249207,-12.487058331304707,-12.384190417290139,-12.524673485597328
WDR19,-10.22214684660996,-10.229362741448313,-10.378038266109277
RFC1,-9.14940351431313,-9.304768011717615,-9.213937293177302
RPL9,-6.396687936271365,-6.538593288128328,-6.453667102498943
LIAS,-10.71215109588305,-10.82583743839716,-10.852191776303874
UGDH,-10.455621265469437,-10.556975481619778,-10.530765676316653
UGDH-AS1,-11.114640279402508,-11.033179482317351,-11.03598473811244
SMIM14,-10.092080581635432,-10.010489263178156,-10.39100024574745
UBE2K,-8.50425516807733,-8.538297476658832,-8.629263096160287
PDS5A,-8.890951499929777,-8.935322306808782,-9.019721997101948
N4BP2,-9.056173448130808,-9.12303440239945,-9.16953895415833
ENSG00000260296,-12.710065964683498,-12.679916259822194,-12.750302795894127
RBM47,-11.887923888873846,-11.924182515142483,-11.653080334969616
NSUN7,-10.92101011659444,-10.908633837541982,-10.621698976791903
APBB2,-10.098173585099286,-10.079361196943864,-10.32960193578637
UCHL1,-11.105336990145165,-10.888512747190832,-11.090124432345066
LIMCH1,-11.430709441345071,-10.688096652954373,-11.49798715523699
TMEM33,-10.062566206137213,-10.134524217299862,-10.134038125889454
SLC30A9,-9.074336080905075,-9.087661450035766,-9.155536869460738
ATP8A1,-9.584766555504208,-9.371647017882358,-10.056165693066102
KCTD8,-11.911773615094134,-11.401207006347983,-10.712604870531033
YIPF7,-12.47546972576873,-12.52302116371339,-12.581079467639961
GUF1,-10.05337074677597,-10.16927475105878,-10.106193630350969
GNPDA2,-10.783578675857076,-10.826532761796114,-10.812262866362083
GABRA2,-12.92642645641839,-13.30281635101205,-12.859936449829933
COMMD8,-10.673402388198395,-10.683179672649299,-10.571822373476367
ATP10D,-10.795718270242675,-11.004593991033143,-10.784948588311165
CORIN,-7.832124632315302,-8.006213127530525,-7.834019046699096
ENSG00000282917,-10.500914753431209,-10.557641290983447,-9.29924208550348
ENSG00000259959,-12.882202786677388,-13.153484173403045,-12.926858077846012
NFXL1,-9.929930761450704,-10.035182835492122,-9.961637186850538
NIPAL1,-10.953128768682015,-11.165282794214619,-10.995270525983322
CNGA1,-12.476961629738588,-12.584348677048878,-12.306917474224514
TXK,-11.334125028081628,-11.762476666152564,-11.138313235249615
TEC,-10.703371232972568,-11.094573292737602,-10.444016768028364
SLAIN2,-9.246013842655957,-9.175263860468098,-9.288812074065822
FRYL,-8.641535029046189,-8.692845332447238,-8.779394131870989
OCIAD1,-8.346407032318384,-8.379413147405195,-8.45853612686575
OCIAD2,-10.155704844901825,-10.37320751134494,-10.066438216278472
DCUN1D4,-9.692803594387144,-9.678153808215278,-9.650109576313854
LRRC66,-12.019011592239464,-12.333745945967253,-12.053587500899193
SGCB,-9.62953732383249,-9.64492678527017,-9.794056581514674
USP46,-9.473851928148559,-9.520050588944907,-9.652320203157851
USP46-DT,-12.417848269046436,-12.401109091206703,-12.580248698252747
DANCR,-8.98551911988627,-9.118939874141017,-9.215885705447995
LINC01618,-13.287989631795023,-13.230551662474193,-13.08574154469857
RASL11B,-12.485500435558125,-12.346478575083985,-12.753902345971062
SCFD2,-9.72995108608125,-9.731968526917495,-9.77599900380723
FIP1L1,-9.112480155802945,-9.105314303811872,-9.073081664104043
CHIC2,-9.637154173556771,-9.626955457306483,-9.540604512467475
PDGFRA,-9.652697169166325,-9.064040299314541,-8.773709026347488
KDR,-9.654050823564674,-10.074723363758606,-9.045775376764745
SRD5A3,-11.245521971700951,-11.315362370159269,-11.370405171499884
TMEM165,-9.111293239459046,-9.129747363431287,-9.243475988660792
CLOCK,-8.950656750385122,-8.985847413951394,-9.096441374331217
EXOC1,-9.77116272162398,-9.779760697361118,-9.73124718620486
CEP135,-10.412831244452192,-10.60366160716052,-10.682743936312512
CRACD,-9.065443979605318,-9.446036653088797,-9.67810797104871
AASDH,-10.387475385817991,-10.409977276025668,-10.559907080517359
PPAT,-9.994668194197265,-10.193006002783783,-10.147503178469217
PAICS,-8.886991657687373,-9.183529195634545,-9.010955984387165
SRP72,-9.116018223551704,-9.275515010366558,-9.272997074957816
HOPX,-13.203290466878348,-12.746551359818495,-12.699280941617099
REST,-8.774473062696272,-8.761556334736019,-8.93056467753171
NOA1,-11.146239540915028,-11.124597083924472,-11.167748209979777
POLR2B,-9.128524171364298,-9.130107040401453,-9.163496119618202
IGFBP7,-8.611403555673137,-8.718365568544083,-9.828315123321998
ADGRL3,-8.195235049912867,-8.361657781023816,-8.89765340205035
TECRL,-6.39353710398378,-6.746394078705278,-6.276432870762078
ENSG00000249413,-10.691412786616153,-10.823491085762555,-9.406078466900016
ENSG00000250075,-10.9839906494539,-11.02139239262867,-11.193572540673923
CENPC,-9.384997690549215,-9.501649734243333,-9.518151356029158
UBA6,-9.365265749606486,-9.360279300119542,-9.434699585851133
UBA6-DT,-8.65671913160192,-9.196541498512818,-9.016692542655255
YTHDC1,-8.787123999727742,-8.766002680830255,-8.843897607411835
ODAM,-10.756248561800332,-11.316345868878164,-11.121137542750573
UTP3,-10.197158416944424,-10.252309500690812,-10.288592443775809
RUFY3,-9.326855730584825,-9.306544218830718,-9.46752303086214
GRSF1,-8.75614500898257,-8.913240431271399,-8.932333973863466
ENSG00000289019,-12.722878626715463,-12.919768466139661,-12.57269581653419
MOB1B,-8.989248008888715,-9.069599997339793,-9.093012702018234
DCK,-11.72491296870654,-11.93788480039558,-11.971680624257884
SLC4A4,-9.145701198007217,-9.344982222791913,-10.1748740342509
ADAMTS3,-9.886874028571095,-9.630363848481947,-9.616114124266856
COX18,-11.140072229818937,-11.227380594446512,-11.15058791381103
ANKRD17,-7.962059763387641,-7.973554830302852,-8.06220574876773
ANKRD17-DT,-10.119028307852735,-10.035347973346777,-10.248771191506528
AFP,-9.736992043448563,-9.851995491828525,-9.715338159401485
PF4,-12.789001205876374,-12.552823514446095,-12.338838667956416
PPBP,-12.761820034210475,-12.276822628384085,-12.4969820539404
MTHFD2L,-9.430474117027952,-9.54722424953118,-9.4223507540731
PARM1,-9.743946589147523,-9.8688975448856,-9.261880737831005
RCHY1,-10.153843036192779,-10.219296169370876,-10.15307620500841
THAP6,-10.216922785031402,-10.20250850953786,-10.246050669739933
CDKL2,-12.203039636204892,-12.078234401721838,-11.505634946883491
G3BP2,-8.217666855924179,-8.182518520665438,-8.322832545865953
USO1,-9.228996967896723,-9.146237916554105,-9.216980713699808
NAAA,-12.03131260314472,-11.84153782158708,-11.93862820032509
SDAD1,-9.614136944804793,-9.63210728613653,-9.68777851737094
ART3,-12.097084662940878,-11.35777457512493,-12.080501641919579
NUP54,-9.696728025243535,-9.745096716723413,-9.786071226332032
SCARB2,-9.644734184553112,-9.533206778527589,-9.580516112703306
FAM47E,-13.010603572019091,-13.0578832960052,-12.5961918568539
ENSG00000289515,-12.993997312047625,-13.087962020104719,-12.975305393151007
STBD1,-10.83372843527378,-10.834751379700572,-10.73706545293116
SHROOM3,-9.97968695804371,-10.139137597260612,-10.455065917277095
ENSG00000289586,-11.27248162529821,-11.280079341420093,-11.497494890145441
SEPTIN11,-8.773381526190684,-8.902223768865907,-9.188805579146745
CCNI,-8.29954816706593,-8.326685128230073,-8.430678812843315
CCNG2,-10.601082147679831,-10.999924497415408,-10.9207261489061
CNOT6L,-9.756984932606537,-9.805259407928201,-9.877009610361947
MRPL1,-9.502081657092777,-9.60640372010101,-9.626395876709925
FRAS1,-7.95366426475217,-8.217489000906747,-8.4643159592005
ANXA3,-9.952633804396584,-9.89049416671959,-9.865923567448156
BMP2K,-9.333645496984618,-9.388584360263398,-9.121324189456459
PAQR3,-10.619358968603523,-10.46846804193656,-10.73712826179184
LINC01088,-10.487671432590362,-10.302539457970369,-10.515545567690323
ANTXR2,-8.49799954714259,-8.606296035725121,-9.01716167139206
PRDM8,-12.00384859497272,-12.219193052167153,-12.49432151935006
CFAP299,-11.135793211061973,-11.445940919201668,-11.962580102016025
RASGEF1B,-11.698805819428166,-11.283255381752713,-11.833520155590852
HNRNPD,-7.6257355104017615,-7.792034303758602,-7.808524176831857
HNRNPD-DT,-12.592022464760138,-12.4176270835079,-12.56993999086301
HNRNPDL,-7.546037229121627,-7.675530891076258,-7.811176814190228
ENOPH1,-10.534658516766031,-10.727297219853584,-10.647618918293754
TMEM150C,-11.647695741758886,-11.750556261894886,-11.475107892064608
SCD5,-11.82619021822432,-11.348419742637414,-12.737369028242414
SEC31A,-8.70678200518072,-8.67301199534924,-8.812973972835952
THAP9-AS1,-10.741206024172559,-10.896318358603102,-11.061676344217648
THAP9,-11.017316309992468,-11.036410047220501,-11.056838940682098
LIN54,-10.460312691600926,-10.518009433507055,-10.654412354768658
COPS4,-9.809232091466532,-9.87138191568515,-9.845345960220172
COQ2,-11.286398758561706,-11.184066752896632,-11.278045050638825
HELQ,-10.481136651913927,-10.509291967675159,-10.574658930400819
MRPS18C,-9.916320519719076,-10.014884299410994,-9.962415396557095
ABRAXAS1,-10.359738954024264,-10.235483860312714,-10.384482934709494
GPAT3,-12.233720436973666,-12.2399056019399,-12.847035110408994
CDS1,-10.843065433975747,-11.239310229528872,-11.04571579825445
WDFY3,-8.321933983782122,-8.439959784171096,-8.60205211582353
WDFY3-AS2,-11.960450658383092,-12.067348809262374,-12.101264816120553
ARHGAP24,-9.13682264453291,-9.423624313679225,-9.597978547229804
MAPK10,-9.424278685637503,-9.413602023336342,-9.070063035182029
PTPN13,-8.530257630462582,-8.398746093299271,-8.709724530082633
ENSG00000284968,-11.622194142462252,-11.685599767300666,-11.647141452119973
AFF1,-9.02893000963963,-8.972375870682328,-8.972557511563705
KLHL8,-10.66993234548389,-10.649769192820786,-10.77769077755905
HSD17B11,-10.529909850414471,-10.602205022714562,-10.90353749440615
NUDT9,-10.025530025511872,-10.063653453553915,-10.067880133093118
PKD2,-9.214572317249543,-9.229353639038342,-9.404530780751546
PPM1K,-9.297154679856984,-9.142801262813897,-9.124919395346792
HERC6,-11.832777375914606,-12.193208960274735,-11.646233970914476
HERC5,-12.183062599956665,-12.223056266087239,-11.854601246724958
HERC3,-9.996312138627692,-9.99311634751193,-10.024444795381818
NAP1L5,-11.82954766879815,-11.882652673791343,-11.79125302693093
FAM13A-AS1,-12.110052726754498,-11.98116159607202,-12.165288309138377
FAM13A,-8.47580506146093,-8.587553531724204,-8.490242645256878
TIGD2,-11.59649739741887,-11.698261484046258,-11.725134167447498
GPRIN3,-9.8439756375567,-10.546615947946574,-11.122746295998557
ENSG00000251095,-11.299760368342662,-12.028629929899596,-11.795068811247955
SNCA,-9.61506327667135,-9.567261020117115,-9.917238976413023
CCSER1,-9.87440761601433,-10.416770833139903,-9.956853548943254
GRID2,-11.175891581818398,-11.164386416936987,-10.367192307640384
SMARCAD1-DT,-13.052942246874922,-12.927326774370764,-12.78918983986595
SMARCAD1,-9.04357544659783,-9.098165476049365,-9.155086139989985
PDLIM5,-6.409126898714521,-6.407094119367431,-6.735986408308213
BMPR1B,-11.05718916311626,-11.68401313524378,-12.085333186389663
UNC5C,-7.3066696072104,-7.4760138966556,-8.360574986413235
STPG2,-10.547631029326654,-10.818056969827808,-10.400150581640373
RAP1GDS1,-8.608458777126161,-8.826440215703036,-8.570983019232154
TSPAN5,-9.139027417617953,-9.373056549531297,-9.365807697746254
EIF4E,-9.362436836561631,-9.436540015683942,-9.446433909376111
METAP1,-9.723223684657702,-9.808482800873433,-9.837266283156515
ADH5,-8.707980269235518,-8.82649998294414,-8.853412072990862
ENSG00000246090,-10.891699828984715,-10.896157042884557,-10.732374664205393
TRMT10A,-11.597001024988572,-11.77250943881428,-11.711470642674252
LAMTOR3,-10.039313024222238,-10.098982323234116,-10.086491864562285
DNAJB14,-9.121305819027114,-9.07163642666141,-9.290947286165459
H2AZ1,-8.243526879017693,-8.566389943415945,-8.527145412674326
DDIT4L,-12.137915175728619,-11.599624052249313,-12.009652262287787
EMCN,-11.447215919787824,-11.35095077101959,-12.507007035473187
PPP3CA,-8.201167057536258,-8.189278184271702,-8.61229063529521
SLC39A8,-10.151237630221171,-10.459294961160333,-10.314094326921875
NFKB1,-9.526501511049876,-9.537859603020358,-9.635557545133262
MANBA,-8.95009142239504,-8.793320557534395,-9.279788270870139
UBE2D3,-7.993817495937654,-8.02735173919064,-8.12032350325938
ENSG00000286242,-12.780494585294703,-12.639126565762368,-12.642324877674511
UBE2D3-AS1,-11.401026365147384,-11.533851176968717,-11.549266737646995
CISD2,-9.81472335590902,-9.860268652328669,-9.836206608226533
SLC9B1,-12.602607031019904,-12.646248847642855,-12.60287087408702
SLC9B2,-10.513120180215026,-10.74522836372147,-10.923700478677775
BDH2,-9.851364762231064,-9.974643253889885,-9.828444179417717
CENPE,-9.686482436913497,-10.45365314536708,-10.117604031712395
LINC02428,-10.943608218187695,-9.839735221686233,-9.623606192068548
TACR3-AS1,-12.890551066223463,-11.537250548907139,-11.410393049956037
CXXC4,-9.670440514646007,-9.583793105121721,-9.86994308703896
CXXC4-AS1,-11.50301935164955,-11.431386100036486,-11.66171208113096
TET2,-8.64832871940555,-8.755518630509776,-8.935507954732268
PPA2,-8.881294011794687,-8.9531904140717,-9.005645582424005
INTS12,-10.46161004742118,-10.497807440281361,-10.540819065635585
GSTCD,-9.901163532594028,-9.984681605221116,-10.045950710537232
NPNT,-10.424675504793402,-10.365861348774796,-10.269100005835867
ENSG00000249635,-11.997102362527162,-12.117469962797797,-11.942184246462471
TBCK,-8.604899233039749,-8.58494297927432,-8.558849284467179
AIMP1,-9.565529308379796,-9.59272093575984,-9.523769726029784
PAPSS1,-10.088711393421852,-9.940965916064435,-9.874845341757164
CYP2U1,-12.089601849507273,-11.95089683463088,-12.230104693312656
HADH,-9.837401776530582,-9.810310203552257,-9.826973481579724
LEF1,-8.99781607451679,-9.461212547682786,-9.618618994484136
RPL34-DT,-12.176577950539594,-12.255004743458473,-12.560318609544407
RPL34,-6.443558976971802,-6.900859289263009,-6.729955893796637
OSTC,-8.656134506942252,-8.67467348700638,-8.72020098901102
COL25A1,-9.816072948729575,-10.147645141275175,-9.988141145143537
SEC24B-AS1,-11.463829277430502,-11.437622001122856,-11.29279310372098
SEC24B,-9.307866795904914,-9.329027562982985,-9.344676237753625
MCUB,-11.625153669037879,-12.493708724343586,-12.51525090303013
CASP6,-10.525575633112393,-10.683062647118842,-10.516682302097646
PLA2G12A,-9.491408083535516,-9.58784539588818,-9.393989630458504
GAR1,-9.925834741927215,-10.082743577071072,-10.020754268762275
EGF,-12.62857486963837,-12.466207442972067,-11.995568025666634
ELOVL6,-9.080947770126063,-9.090579019454792,-9.050981901742807
ENPEP,-11.888577000798657,-11.289738458315334,-10.26220222806031
PANCR,-12.177717619662213,-11.902870481326328,-10.987705498148562
PITX2,-11.74871230545273,-11.525917114585353,-11.09504081458326
ENSG00000250855,-12.157282363596476,-12.145586480809856,-11.035768878326605
LINC02945,-12.963593804558444,-12.974245100376184,-12.575147192302886
FAM241A,-10.417861706124446,-10.57577379626915,-10.719986004922779
AP1AR,-10.175337389264563,-10.098223400877844,-10.195522380173907
TIFA,-12.382731517088695,-12.651127162421544,-12.404586498210147
ZGRF1,-10.697995723754696,-11.036938878189085,-11.159111525181276
LARP7,-9.065910374175317,-9.145980577372981,-9.196391732859983
ANK2,-7.846018734033732,-7.93618994079291,-8.23661406085808
ANK2-AS1,-12.066547125882504,-12.207762065242008,-12.389192648966958
CAMK2D,-7.9900179099998505,-7.996315959763962,-8.213551948601305
TRAM1L1,-13.045285383825558,-12.957867703922417,-12.910023150457535
SNHG8,-9.727262915686847,-9.5305062729048,-9.619114172166109
ENSG00000291201,-11.188288256869882,-11.685577273564247,-11.443382819303027
METTL14,-10.21940631490272,-10.24454724631158,-10.284280956994515
SEC24D,-10.33832883213649,-10.123194868196563,-10.516496426212631
SYNPO2,-8.812321689054272,-8.719074648154836,-9.153572727750172
MYOZ2,-8.732297903132705,-8.685724620554838,-8.956462003668289
USP53,-8.426220337846697,-8.610845110700728,-8.81402577496665
C4orf3,-8.317798256575266,-8.891964109267533,-8.112260094426547
ENSG00000291202,-11.769358783967212,-12.281640494543673,-12.300313827622519
ENSG00000291203,-7.649341460193917,-7.828998221475761,-7.457685194192544
PDE5A,-9.414203669447287,-9.909634933233658,-9.212394346344562
MAD2L1,-10.356390076878203,-11.115246998620114,-10.754806610378525
MAD2L1-DT,-10.997560900141863,-11.00144966500504,-10.74474654967118
PRDM5,-9.402796527247093,-9.591602948470232,-9.798572293750725
NDNF,-10.908538713894847,-11.654852405889322,-11.709911858122112
ANXA5,-9.123236767209628,-9.150002492936736,-9.105792907605695
EXOSC9,-10.200207839116766,-10.405277150172545,-10.375291701353865
CCNA2,-10.281167382385187,-11.101809751909697,-10.817185655944108
BBS7,-10.659757312256364,-10.726748425217002,-10.735943843035031
TRPC3,-9.816988216085685,-9.828220060277928,-9.917310607303115
ENSG00000289342,-12.667257612996044,-13.192253607135852,-12.848999104026325
BLTP1,-8.337083958312691,-8.28739045310102,-8.393139857318554
BBS12,-12.182318647563191,-12.18084774049007,-12.266094902288016
FGF2,-11.515332558693167,-11.870112324020592,-11.94992967867254
NUDT6,-11.0219541378482,-11.1339908783848,-10.936003171838157
SPATA5,-9.29277254857023,-9.40233894376541,-9.469575964011678
SPRY1,-10.80431944532058,-10.659363512926864,-11.030993266103689
LINC01091,-11.80172661777473,-12.035384569470523,-11.358127693516744
LINC02516,-12.499786394845895,-12.768540642403897,-13.007247979484593
ANKRD50,-9.75929598706185,-9.712702232419637,-9.711297789538195
FAT4,-10.417018690650774,-10.534685221468758,-11.286552778571203
INTU,-9.862463709251998,-9.826419386111493,-9.860431802794183
HSPA4L,-11.711723803500693,-12.267205298165123,-11.878662455561088
PLK4,-11.60542518469902,-12.18801263659647,-12.1150140199582
MFSD8,-10.071243554270913,-10.106705527085245,-10.298823879003185
ABHD18,-9.177538709222187,-9.253530939477741,-9.44698228807717
LARP1B,-9.48954510245764,-9.491104251873857,-9.563605716107785
PGRMC2,-9.427034786635188,-9.527653961598539,-9.719307275701643
LINC02615,-11.422956004115914,-11.566557919309252,-11.549330343683481
JADE1,-10.428428181478155,-10.788865191298218,-10.9625775892406
SCLT1,-9.150107715541587,-9.28033561296519,-9.279108187687772
C4orf33,-12.49756671610251,-12.524592691393813,-12.219720006036104
PCDH18,-12.398087169967251,-12.587918986390637,-12.599479975974603
SLC7A11,-12.188673649709038,-12.359547800668372,-12.118087344554791
ENSG00000250195,-12.206435656438751,-11.292351699048263,-11.805213249002248
NOCT,-11.487237778931785,-11.602394535394257,-11.618040193167054
ELF2,-8.353056979775266,-8.25070267523285,-8.541203855983836
NDUFC1,-8.843896823389471,-8.951674484827796,-8.83057871297795
NAA15,-9.218201187363828,-9.33999847183001,-9.347643026061833
RAB33B-AS1,-9.864382946862857,-9.793159785517007,-9.820638157434352
RAB33B,-11.444880357683221,-11.435748474114625,-11.504735103932738
SETD7,-10.632636401287286,-10.634269549591384,-10.814303440919517
MGST2,-9.600339082137706,-9.65516755895883,-9.792586331650654
MAML3,-7.913530355777227,-7.7293303018475505,-8.316741736501896
SCOC,-9.197864986727387,-9.259666544748697,-9.14795238107568
SCOC-AS1,-12.43837992284385,-12.056346478297009,-12.097928120233902
CLGN,-9.661456507490977,-10.032476338251978,-9.603744780838841
ELMOD2,-9.793716166294574,-9.781836567864286,-9.87675146913402
TBC1D9,-10.635229949660152,-10.673566757591919,-11.081927414420443
RNF150,-7.689947312495921,-8.222084916053209,-8.096600053498403
ZNF330,-9.08221547096505,-9.518206388765007,-9.656197374992228
INPP4B,-8.982368564523595,-9.084135487864431,-9.859698315996654
USP38-DT,-11.63687596194864,-12.309592671146591,-11.556060360970395
USP38,-10.418946688550589,-10.467575662292917,-10.532531067236494
GAB1,-8.580307343253144,-8.60177824646487,-8.888642808924168
SMARCA5,-8.241505827779966,-8.31733896485435,-8.327693366978703
ENSG00000251600,-12.274864832239011,-11.850503682868244,-10.194728323242819
ENSG00000285783,-10.463331369236098,-10.257221147641207,-10.751370948363775
HHIP,-11.041079171298637,-11.537657143950229,-12.483920117233748
ANAPC10,-9.49843572803206,-9.535670391417051,-9.67350729269858
ABCE1,-9.161191018707447,-9.308089771755261,-9.3375465729814
OTUD4,-9.775102615256051,-9.787228414837418,-9.907380826576532
SMAD1,-9.684519320187258,-9.72649107895618,-9.749027890750288
MMAA,-12.941971441194731,-12.464837469118752,-12.402918570723331
ZNF827,-8.437237093896586,-8.521903689014884,-8.61438454031022
LSM6,-10.158523133025248,-10.274944381997225,-10.207179246381001
SLC10A7,-10.477278612260987,-10.44392804809701,-10.602619547011159
EDNRA,-8.896360589284493,-8.883480514578325,-9.214385525702946
TMEM184C,-10.230179348820874,-10.182480987028741,-10.288093363227183
PRMT9,-10.664797448711829,-10.696162683486573,-10.75629467096813
ARHGAP10,-9.603148772754821,-9.502592215422352,-9.888890306850532
NR3C2,-10.938984998425722,-10.591928502540313,-11.065957767059285
ENSG00000287292,-13.12382725522809,-12.642261197133434,-12.957988271361751
DCLK2,-10.498957748435899,-10.765170770449265,-10.520331907032757
LRBA,-7.770581588260637,-7.907539293855826,-7.79016006708398
MAB21L2,-11.450698330767501,-12.202382296550446,-11.428131945647069
RPS3A,-6.1683894350551185,-6.320206386711563,-6.225697129863431
SH3D19,-8.955240593204687,-8.99833739150792,-9.291649915529632
FHIP1A,-10.528493814284836,-9.976015050498248,-10.04195802809917
GATB,-10.738138593610458,-10.894806424046713,-10.977961178431801
FBXW7,-9.116327336451583,-9.183182519772389,-9.227868358122764
ENSG00000287555,-12.321427505133745,-12.368988812119733,-12.338732161913493
MIR4453HG,-12.997578350774068,-13.118497261816541,-13.179013098331552
TIGD4,-12.422900746843608,-12.5702623942722,-12.51261563293964
ARFIP1,-9.504971869340638,-9.490460108901573,-9.58483017662967
TRIM2,-9.821376855842578,-9.73270026198968,-9.78440212137062
MND1,-10.969151789457058,-11.848589920055964,-11.391447265572227
TMEM131L,-10.385814006726708,-10.77082882669049,-10.44820751474182
RNF175,-12.767741768638619,-12.745547160167217,-12.109576412582571
SFRP2,-12.739710753922292,-11.979921520615234,-13.185313250750152
PLRG1,-9.985884730493176,-10.101374551037932,-9.99390456233382
FGB,-11.6536671298179,-11.730708652123619,-11.694261284394731
FGG,-12.51556145971659,-12.591276293634767,-12.637521598726742
LRAT,-12.113121328506198,-12.15321045165518,-10.727177086887481
MAP9,-9.334731648340655,-9.407865578808899,-9.308214586784171
GUCY1A1,-7.905771015305564,-8.391476267145123,-8.592863163848836
GUCY1B1,-10.933131754004263,-10.86644175434864,-11.07943078868571
CTSO,-13.010769162639447,-12.237095495701302,-12.490993447929942
PDGFC,-10.789643867022702,-10.6834544252735,-10.709812499633573
GLRB,-12.84932699259337,-12.554093347902187,-12.862712951633211
GASK1B,-11.734503844591456,-11.52640507454027,-11.972517473374827
TMEM144,-11.188490793558591,-11.29055159880847,-10.945726894796836
C4orf46,-11.748417724480156,-12.013691280690857,-11.579439426571964
ETFDH,-10.169746559367022,-10.369957022336166,-10.502872655241033
PPID,-9.360610440224036,-9.498346609184829,-9.487952838733781
FNIP2,-8.753038912629982,-8.775671145310813,-8.814808077486752
C4orf45,-11.90522728592667,-12.312501935242336,-11.81225044101455
RAPGEF2,-8.007068692436361,-7.8995559702504465,-8.328647126024249
FSTL5,-12.282194216973496,-11.365330905797768,-12.12191989730255
NAF1,-10.139141730054465,-10.145694011615083,-10.130158492900923
NPY1R,-11.46044020704766,-11.911980977288593,-11.298412172817997
TMA16,-9.748172422163721,-9.921107476685957,-9.783322844320653
MARCHF1,-11.607919289901577,-12.071517870024692,-12.035818782876667
APELA,-11.137351021366364,-11.809228760069777,-11.669499016388682
TRIM61,-11.84474382637577,-12.400919442676116,-12.199409565726665
FAM218A,-12.221983431282688,-12.618901141304944,-12.240503209035408
TMEM192,-10.35345438169303,-10.480827673081231,-10.372438191256576
KLHL2,-9.1236878103428,-9.737751496675438,-9.724660973061493
MSMO1,-9.864789666285782,-9.981316013965404,-10.05046668449835
CPE,-8.622893668079788,-8.789030363182176,-8.474514965465614
TLL1,-11.642457591633987,-13.174838474027368,-12.805352818875889
SPOCK3,-11.315506092355362,-11.235214873424269,-11.586351482705542
DDX60,-12.41184700844553,-12.491365780840857,-12.4847808321183
DDX60L,-11.615500670047542,-11.489013517446889,-11.690328863508876
PALLD,-6.320290446323817,-6.2779872513114805,-6.599193733397826
CBR4,-9.17464120338231,-9.162940464130092,-9.285169486636503
SH3RF1,-10.402425816266955,-10.443835485923275,-10.788411249622175
NEK1,-9.039790034271192,-9.098732004830094,-9.187551281371922
CLCN3,-9.376102136634792,-9.38550123151116,-9.400975126875718
HPF1,-9.628076803507765,-9.568390503301552,-9.625109212554483
MFAP3L,-12.743975447101324,-12.85845816181166,-13.035816382634602
AADAT,-11.141947826082095,-11.281050483083412,-11.186061334339408
GALNT7-DT,-12.281572421206176,-11.990847346837306,-12.010667068180643
GALNT7,-9.703968415485487,-9.643214158523797,-9.74652787752007
HMGB2,-8.277868337945387,-8.80580445201279,-8.657941202949734
SAP30-DT,-11.777263047552609,-12.154627771519618,-11.848845811039917
SAP30,-9.996852389276379,-10.338577508559862,-10.321082770139835
SCRG1,-12.67045401254289,-12.731608882641801,-12.497085741024367
ENSG00000288025,-12.349348624930299,-12.229517786465031,-12.268113172139433
ENSG00000288776,-10.868655491640373,-10.964263257181027,-11.520648861248047
HAND2,-9.119690949895599,-9.22779819476583,-9.321827112837836
HAND2-AS1,-9.193774640245522,-9.366745749415887,-9.242831099093962
LINC02269,-12.728671793007363,-12.818577998060634,-12.671936578200922
ENSG00000251216,-12.737887748221079,-12.634197230111397,-12.639756349804633
LINC02268,-11.612251414891762,-11.75099349689318,-11.560935857611913
FBXO8,-11.16245986052797,-11.289786437065548,-11.29719632843779
CEP44,-10.080387438303637,-10.198306747425283,-10.263069541493094
GPM6A,-10.136984465267274,-10.587694805918188,-10.63056527771665
WDR17,-12.59460068646743,-12.617436252636045,-12.370847951773172
SPCS3-AS1,-12.754644086890682,-12.922974899511772,-12.884462418011411
SPCS3,-9.2139073838721,-9.168987568989202,-9.205777138577064
VEGFC,-10.0699672418888,-10.362386802550812,-10.425153920701058
NEIL3,-11.485323863825633,-12.269173786327329,-12.031865581725793
AGA,-12.079525105341194,-11.970508093032505,-12.466613588063668
AGA-DT,-11.261272791920492,-11.126582008837222,-10.465459091987663
LINC01098,-11.206526031816853,-11.853167144147951,-11.054294872853328
LINC01099,-8.06539894941377,-8.810438096416101,-8.103396822020734
TENM3-AS1,-11.272352604039385,-12.281909601716018,-11.78655963904026
TENM3,-7.829948619292939,-8.540459832875914,-8.473985659153163
DCTD,-10.413983698420637,-10.521232051708544,-10.545558588603816
WWC2,-8.822581435801254,-8.871603734003846,-9.147187937326688
CDKN2AIP,-10.400612634771663,-10.553423322808337,-10.428498518997651
ING2-DT,-11.562099735833147,-11.483105392725818,-11.61834550427992
ING2,-10.470082430182094,-10.600521761939037,-10.493048272124149
RWDD4,-10.147805174300885,-10.231268960285087,-10.228224857577752
TRAPPC11,-10.072872213787315,-10.109119229021683,-10.163487999554706
STOX2,-9.997249457763818,-10.064908803716808,-10.153101763097885
IRF2,-10.412285637507832,-10.473469661010279,-10.484290245003283
LINC02427,-12.712228442475856,-12.335804523422876,-12.371031894524837
CASP3,-9.706177341110417,-9.737705461856594,-9.680001635078098
PRIMPOL,-10.72770925128008,-10.511234212811562,-10.644507961915018
CENPU,-10.38758596418385,-11.227412866944224,-11.043539756948709
ACSL1,-10.292657971070053,-10.267125818521292,-9.895246488814564
SLC25A4,-8.17387050011821,-8.16413288644945,-8.055331570212326
CFAP97,-9.630499763428785,-9.648655516862162,-9.611812620801173
SNX25,-9.719996786368574,-9.786385955921897,-9.82288911572809
LRP2BP,-12.885126877044607,-12.62454417177162,-12.641381850839323
LRP2BP-AS1,-11.907069876954,-12.00455773557361,-12.23642972517966
ANKRD37,-11.52492746908619,-12.018382688504486,-11.95194598379806
UFSP2,-10.008822028391068,-10.044748230591935,-9.897896465205115
C4orf47,-11.586253116721743,-11.894051900321182,-11.340850330681539
PDLIM3,-11.907811185420172,-11.525794604868258,-11.56910929634386
SORBS2,-6.510720356920643,-6.536698831442361,-6.9875854613252475
ENSG00000235902,-12.498474663092887,-12.517788910599288,-12.98149711269367
FAM149A,-12.494195064687315,-12.843807127173019,-12.6489371632378
CYP4V2,-10.979846514921984,-12.510499813994207,-11.74618887829197
FAT1,-8.792527132323233,-8.690680060661832,-9.444102427320708
LINC01060,-10.953092442637951,-13.130541268617748,-12.94356729115276
FRG1-DT,-11.799821177746717,-11.494681920166558,-10.85330372618077
FRG1,-9.523361521229331,-9.761967127329267,-9.58796509339195
PLEKHG4B,-9.589329396207878,-9.787350370508673,-10.108850668072925
CCDC127,-10.316636527814914,-10.354780522322267,-10.477174087440513
SDHA,-9.401712589575297,-9.367809440542107,-9.43185661883596
PDCD6,-9.519511561065015,-9.61750262334602,-9.633258978243758
AHRR,-13.232668536439672,-12.634417447012915,-13.08697763585549
EXOC3-AS1,-11.603356259463972,-12.05173171254004,-11.81138631629515
EXOC3,-10.537609561949502,-10.587361777730743,-10.627042366818555
SLC9A3-AS1,-12.178489433238008,-12.111963962708536,-12.054115685517694
CEP72,-12.542117854790053,-12.890840319116109,-12.766691920064233
ZDHHC11B,-12.779613046019797,-12.03798791589377,-12.322807295498574
ZDHHC11,-11.513133110881334,-11.506990003538238,-11.654177936456847
BRD9,-10.275526426748472,-10.310447214280913,-10.381333475938877
TRIP13,-11.59426378821885,-12.490004987348097,-12.105584382747509
SLC12A7,-12.181423913485341,-12.372967487066177,-12.264979537161311
CLPTM1L,-10.113112043825122,-10.177934987562056,-10.23895984367887
ENSG00000286388,-12.556154990631944,-12.903611765532627,-12.904889350084014
LPCAT1,-11.279471352510253,-11.327092924690778,-11.505323371602664
ENSG00000291055,-10.10148492350502,-10.152664708290002,-10.112301934984956
ENSG00000291079,-11.246137533969437,-10.938672067243967,-10.605517599320313
MRPL36,-9.481270529857527,-9.788768074083833,-9.588529155999462
NDUFS6,-8.169173450865026,-8.376822660537815,-8.290310728510722
IRX4,-9.855417494318853,-10.480842570289145,-9.852151191075993
IRX4-AS1,-11.221366999064552,-11.558922262360975,-11.378964253734926
ENSG00000248994,-9.774208821282873,-10.17726173352455,-9.433376492988035
IRX2,-9.505993889915425,-9.307133048502136,-9.621757946404227
IRX2-DT,-10.563410202617685,-10.365734225523333,-10.677201286764396
IRX1,-10.770666798767827,-10.333939559613256,-10.816820491722874
ENSG00000248973,-13.036120029518118,-12.773618822942339,-11.869375450826734
ENSG00000286753,-12.534773206661301,-11.968561948706716,-12.648285900777969
ICE1,-9.33414700480344,-9.332298036045199,-9.392402313557005
MED10,-10.323771481544918,-10.29575049018349,-10.372211401876388
UBE2QL1,-13.108995592489167,-11.950658740474694,-12.354934861497778
NSUN2,-10.254314461497778,-10.519528484667424,-10.466795295337999
SRD5A1,-11.257374190512921,-11.454146607476536,-11.410999779674343
TENT4A,-10.73406754553247,-10.839168151038306,-10.856198369844961
ADCY2,-12.162698953851503,-11.724280046394354,-12.581735472248326
MTRR,-10.763543711788596,-10.869466690031192,-10.85382802301176
FASTKD3,-12.162311892920645,-12.134875644099479,-12.187432775433388
SEMA5A,-8.389095589686457,-8.740777335289637,-8.30864795977795
SNHG18,-11.105575895559316,-10.949474103293092,-10.802438254450914
LINC02112,-13.024178521715918,-12.621020143275922,-12.58696114168397
ATPSCKMT,-10.78555789888154,-10.745792939904382,-10.852168909700364
CCT5,-8.471688263104602,-8.744713585483558,-8.697655991814617
CMBL,-11.73877725159519,-11.571160075264736,-11.864486840767023
MARCHF6-DT,-12.227209119124637,-12.125239064669348,-12.33051736498415
MARCHF6,-8.786471052680813,-8.79504324398164,-8.916548236103855
ANKRD33B,-10.438908980400814,-10.015448889697284,-10.919379253139054
DAP,-10.085913345606679,-10.142112604434748,-10.17355798869361
CTNND2,-8.772473324103139,-8.984062767961296,-9.28055553504839
DNAH5,-13.18628482277921,-12.694067031384948,-13.019712084350072
TRIO,-8.328559613672082,-8.357802972016769,-8.428104291171739
OTULINL,-12.393921987171758,-12.832631934319487,-13.223793482472951
OTULIN,-10.652324542592313,-10.713920196508267,-10.747686436140844
ANKH,-10.179828378111026,-10.27571781512516,-9.969568644059924
FBXL7,-7.379264091423001,-7.843593464564517,-7.762854196271728
MARCHF11,-11.007237680412793,-11.612627634804065,-11.240349950801194
ZNF622,-10.57467512169802,-10.69346764041469,-10.659195833026688
RETREG1,-10.619042960727596,-10.297424822245107,-10.460736382813266
MYO10,-10.2919323264106,-9.915781897918931,-10.134303390083398
BASP1,-9.650406852146592,-9.408778710678964,-9.854416489236675
BASP1-AS1,-12.712512489750756,-11.985698138975666,-12.59349774063583
CDH18,-12.063894584458737,-11.062638648573005,-10.542576674738374
LINC02241,-12.480637014760065,-12.626233185926738,-13.12901638049481
GUSBP1,-9.949792240817784,-9.833704821334706,-9.833024276360485
ENSG00000253766,-12.862821894611955,-11.870704867630089,-12.570383977593888
CDH12,-12.478143404540452,-11.912592701097186,-12.251609536229402
CDH10,-10.359637224528523,-10.51372795087659,-10.974684029914483
PURPL,-9.600265358259247,-10.22746492953265,-8.732613169538334
CDH6,-12.726441814371135,-12.230033131246564,-13.127398147459592
DROSHA,-9.930984860101495,-10.01650025507996,-10.063849422015856
C5orf22,-10.357218350096188,-10.326386938387483,-10.485962799809343
PDZD2,-10.942455671508583,-10.563429707302419,-10.645425858573104
ENSG00000250764,-12.898610326680261,-12.677684833411101,-12.886549170683345
GOLPH3,-9.768281742290082,-9.725274861478027,-9.875728605949954
GOLPH3-DT,-12.619935305992918,-12.790143511102544,-12.779990366278854
MTMR12,-10.50291514629833,-10.44935529024733,-10.533340377178051
ZFR,-8.421754018445672,-8.452406200602844,-8.587437858635612
SUB1,-8.382868244408385,-8.522274622554308,-8.431247358000721
NPR3,-12.378958235912636,-12.474825973059296,-12.426856904843634
TARS1-DT,-12.929659286888485,-13.204758557607082,-12.981056030056171
TARS1,-9.26737853114738,-9.376139445043444,-9.261997829647914
ADAMTS12,-8.566593042363126,-8.597623153117492,-9.08910439748521
AMACR,-11.152186044029234,-11.256549234769158,-11.27317203869315
C1QTNF3,-12.109529866486104,-12.148690926657984,-12.347293040457751
ENSG00000290548,-10.380519940491649,-10.390536672428107,-10.457658228284322
RAI14,-9.309853385938968,-9.458067632883598,-9.944679186280439
TTC23L,-12.055450001171565,-11.938157275179996,-11.850743131978543
RAD1,-10.61731084389599,-10.71938885658802,-10.822913539025757
BRIX1,-10.150821575007491,-10.378557264979962,-10.332726602960769
DNAJC21,-9.126983295848861,-9.131326386139907,-9.215174693767047
SPEF2,-10.548177752965987,-10.575399342082168,-10.765484748019404
UGT3A2,-12.76381866387256,-12.73847524442378,-12.469274841263013
LMBRD2,-10.697276277934108,-10.620193069844607,-10.710906577923096
SKP2,-10.40920243165015,-10.541250535285323,-10.67300773450245
NADK2,-10.153701717819608,-10.192275628536786,-10.203417423604359
SLC1A3,-8.410221147618465,-9.056201701651815,-9.243784881940416
NIPBL-DT,-10.7745778199617,-10.757496027626104,-10.865274795664423
NIPBL,-7.84988817466284,-7.886269035400533,-8.023361394879636
CPLANE1,-9.15773048581362,-9.150158395293358,-9.260439442926499
NUP155,-10.481717130137286,-10.659860277572891,-10.649471104154069
WDR70,-8.888226877399301,-8.959607721692544,-9.046555534083188
LIFR,-9.510897419857645,-9.656250954285106,-9.284994749385884
LIFR-AS1,-11.845982246856714,-11.777647987510019,-11.529413714931525
RICTOR,-9.06221736470536,-9.09477692277494,-9.286065992338553
DAB2,-10.922057963480498,-10.789765633115659,-10.954422423805562
TTC33,-10.216384130740112,-10.202231057696938,-10.319426747667091
PRKAA1,-10.102947729711369,-10.125629440450421,-10.325893648048737
RPL37,-6.629316647070115,-6.843947570697511,-6.775325961702686
C7,-10.710271977134541,-10.998160603862313,-11.387275950954644
PLCXD3,-8.582393948544569,-9.451522675594232,-8.62748060910827
OXCT1,-9.476988883916183,-9.515928383524146,-9.75403243696128
RIMOC1,-10.018445443464591,-10.11247271528845,-10.15055350471989
FBXO4,-11.999187445673863,-12.066657714625817,-11.73417727849063
GHR,-9.594074025107656,-9.423417192654842,-9.474087516773436
SELENOP,-9.955691447375235,-9.967956571040714,-9.825034983379998
ANXA2R-OT1,-12.482588987331455,-12.257213614341495,-12.481681959741058
ZNF131,-9.238444612960981,-9.274929295207208,-9.309778896331924
NIM1K,-12.236131637285586,-12.852924443658203,-12.865477513962372
HMGCS1,-9.700756498774155,-9.574381366943735,-9.85463418944638
TMEM267,-10.911029074431266,-10.974722435727811,-10.8609182056955
ENSG00000249492,-12.13104570545786,-12.01478549751841,-12.203478188536602
C5orf34,-11.644625062849599,-12.19647053304117,-12.105389223217097
PAIP1,-8.505969940103082,-8.649490070754391,-8.661319134174635
NNT-AS1,-10.094432333790532,-10.119375113802242,-10.059440874614603
NNT,-8.943802219268091,-9.117292093625741,-9.153028091705062
FGF10,-9.324875332986363,-9.029291343853552,-10.489008125348793
FGF10-AS1,-11.824828301264153,-11.473496388609808,-12.652177762475986
LINC02224,-12.826001919730981,-12.321187703281387,-12.899543915767996
MRPS30-DT,-9.92313457169676,-9.78733715282139,-10.016125000998018
MRPS30,-9.736669554131337,-9.771860088949662,-9.72098965228585
ENSG00000272335,-12.27433179963845,-12.175103472793525,-12.249887374902395
HCN1,-7.974875408653372,-8.142734044432956,-8.35349323198486
EMB,-11.005422542277639,-11.238765348305131,-10.95974283469548
PARP8,-9.25554613914558,-9.464811285167844,-9.63680919696151
ISL1-DT,-12.282431790883695,-11.83662764551343,-13.076432424829305
ISL1,-10.092354703567871,-9.82094593616393,-11.302228734694275
ENSG00000288035,-11.008597205041564,-12.512458652663629,-12.627855952546083
PELO-AS1,-13.218689293006683,-13.151463757134783,-13.157205905562266
PELO,-11.403103609389708,-11.397577971681603,-11.358520514280526
ITGA1,-11.570177898262985,-11.945306672575782,-11.779348654351184
ITGA2,-11.775746824669655,-11.684990204070246,-12.135384163887519
MOCS2,-9.485850221760277,-9.601076756141342,-9.434225391501961
MOCS2-DT,-12.94313736173317,-12.977327672822431,-12.670257898553317
FST,-10.892803362809888,-10.56604928193295,-11.089857078417054
NDUFS4,-9.109122464546195,-9.150851957248758,-9.09367825413892
ARL15,-7.93226800812569,-8.02820359401904,-7.990060392138455
HSPB3,-11.411675931010402,-11.74187490757778,-11.939286442649324
SNX18,-10.405693814038647,-10.43288093573081,-10.820071183387133
GPX8,-9.659176233975952,-9.65193942765616,-9.761569611139775
DHX29,-9.49869543664749,-9.515880637010214,-9.526952858915594
MTREX,-9.218137809309457,-9.301220668326158,-9.318284727630004
PLPP1,-9.747387332017974,-9.76112280483589,-9.829192667367913
SLC38A9,-10.043413983430218,-9.998613418256078,-10.212560930749543
IL6ST,-8.768471572513167,-8.86184284806895,-9.051480475075257
MAP3K1,-9.594273001764654,-9.806162848216653,-9.754259662728666
SETD9,-11.451748810614095,-11.989013789157216,-12.97725234999319
MIER3,-10.344281102546455,-10.358263563346133,-10.505481089130907
GPBP1,-8.678106513419412,-8.700823452168242,-8.762199828166734
PLK2,-10.96592921336856,-10.850120565197738,-11.318292514453216
RAB3C,-12.454882951401455,-12.345487514384146,-12.368939949450848
PDE4D,-7.682214202493463,-7.749413544336994,-7.51321459357792
DEPDC1B,-11.029651964314956,-11.74168124282724,-11.479600798006231
ELOVL7,-12.68423859864598,-13.077274101347921,-12.672156727386433
ERCC8,-9.649137681320882,-9.61655147413049,-9.677819282470718
NDUFAF2,-9.40823545453529,-9.638769753994442,-9.495835661953677
SMIM15,-10.193136348560655,-10.2938066708947,-10.157613068614124
SMIM15-AS1,-12.226154362694976,-12.541492107198822,-12.346095191724155
ZSWIM6,-9.207493974937863,-9.158328314352127,-9.378816136612622
KIF2A,-8.920630698897979,-8.958931398562761,-8.964065356730341
DIMT1,-10.457136461849071,-10.526934418499767,-10.426815658598272
IPO11,-9.792858792848042,-9.811431670146295,-9.945007211286537
RNF180,-9.885836330817543,-9.952458165723035,-9.744255782574704
SREK1IP1,-9.703043103949152,-9.735883689647292,-9.864614199943421
CWC27,-8.838124821719164,-8.994465115433677,-8.87649751608423
ADAMTS6,-7.111600856732557,-7.6598187745151955,-7.340325366676163
CENPK,-10.26110124632056,-10.751899340211951,-10.645468427048002
PPWD1,-9.938591346905548,-10.071455075991793,-10.01977053224296
TRIM23,-10.095260251050675,-10.065602947873172,-10.12888856434273
TRAPPC13,-10.38159819087744,-10.379455627042406,-10.467606425093589
SGTB,-10.848901490791148,-10.889043217202543,-10.800013403050169
NLN,-9.523429318941766,-9.824942944411161,-9.747129978740539
ERBIN,-8.269166881065507,-8.333796775603963,-8.560031705164231
ENSG00000286314,-12.338725190958874,-12.415501230970458,-12.69145298956816
ENSG00000285999,-11.278685097714058,-11.33587554204182,-11.633859927993322
SREK1,-8.951662934345244,-9.022832491218344,-9.087156953941937
MAST4,-8.324912482955355,-8.578573927956317,-8.47091483163992
ENSG00000250421,-13.00288481307981,-10.490936980194906,-10.365047112189634
PIK3R1,-9.425068127934216,-9.54885784661953,-9.740808001680426
SLC30A5,-10.057844776335914,-9.861890058547475,-10.152898348447604
ENSG00000248664,-12.456416524151763,-12.376392215767401,-12.676735882072789
CCNB1,-9.874293673819954,-10.541408445230411,-10.287406551172134
CENPH,-10.556348480679247,-11.156002064454954,-10.939253369706964
MRPS36,-9.442673817997607,-9.477141511045389,-9.39707427379127
CDK7,-10.697472624990393,-10.731591427293514,-10.858700734377582
CCDC125,-11.797274135028394,-11.526408295491695,-11.642906675770883
AK6,-10.417264630439197,-10.5406737982876,-10.520963979847082
TAF9,-9.610033698689609,-9.707656640235419,-9.758679219820191
RAD17,-9.93499689367581,-9.95603178149475,-10.001732296673667
MARVELD2,-11.799081488177967,-11.78969666617353,-11.794420438316473
OCLN,-11.796058780253443,-11.64728666872725,-11.633928868977238
GTF2H2C,-11.502651150832016,-11.560286338993595,-11.18377036510577
ENSG00000290560,-11.632823951007182,-11.533982169904357,-11.980005920411495
ENSG00000291220,-12.737175667836564,-12.33552423299368,-11.693909290215787
SMN1,-11.635668181282584,-11.9166708527077,-12.068698237815912
NAIP,-11.710732912809014,-11.34780164123822,-11.36653333376728
GTF2H2,-11.262947755800031,-11.314711356211353,-10.388665353505571
LINC02197,-12.097374433777787,-11.348094652143697,-11.967562398303482
BDP1,-8.505417982261495,-8.547599270426433,-8.695221770343538
MCCC2,-10.187430097242107,-10.179605483227512,-10.264268447827833
MAP1B,-8.568518078875181,-8.380970134263821,-8.473531820046025
MRPS27,-9.808454728716566,-9.87789648914321,-10.077640791317311
PTCD2,-10.91301060663769,-10.981012565912707,-10.90898189513901
TNPO1,-8.814873848069752,-8.902271357470669,-8.941228171321736
FCHO2,-9.561972720236767,-9.538779568115093,-9.654503114897302
BTF3,-7.377723779689517,-7.603257713755405,-7.4732542710046905
ANKRA2,-10.819184389453419,-10.81123542624866,-10.904189875983917
UTP15,-11.418804683974319,-11.502505340044918,-11.475965961580957
ENC1,-10.778890932606732,-10.946797160295926,-11.428686689162614
HEXB,-11.363126479622823,-11.419322029309857,-11.479565001656518
GFM2,-10.024500226830042,-10.110150127987785,-10.031473066693167
NSA2,-8.858801754826374,-9.037701021733083,-9.01645908764257
FAM169A,-10.333938140251435,-10.264678671023734,-10.50111623279891
HMGCR,-10.194650816717896,-10.060153267213561,-10.349630890792165
CERT1,-9.271641829929852,-9.306821488236062,-9.392024206069717
POLK,-9.783259693753756,-9.795087652761769,-9.832661929315949
POC5,-11.067224230863186,-11.150817418078683,-11.212399746167662
IQGAP2,-11.012386648490166,-10.93589992300084,-10.438371220476355
F2R,-11.23560821994424,-11.484146362374409,-11.188822468726741
S100Z,-12.901704415855056,-12.475066818583326,-11.437641023963687
CRHBP,-11.449285404669908,-11.156762376953486,-10.430814242250001
AGGF1,-9.901029441017503,-9.960502951927952,-9.790461591881094
ZBED3,-10.759738778129885,-10.937246846163145,-10.903327103392908
ZBED3-AS1,-10.363009781026069,-10.38714485482717,-10.408999703431425
PDE8B,-11.82711719790968,-11.870048706981823,-11.950483847471729
WDR41,-9.74663022250865,-9.765641158460031,-9.845688886362653
TBCA,-8.337474447447152,-8.412491450244618,-8.267837289590405
AP3B1,-8.632338750925507,-8.714426214051073,-8.822159568358904
SCAMP1-AS1,-11.708684286662326,-11.79692278810106,-11.898904003377483
SCAMP1,-9.280003357933868,-9.383943967800569,-9.340930910371007
LHFPL2,-8.383814702864958,-8.20001953981324,-8.506797004717303
ARSB,-10.10760056562452,-10.143736980621973,-10.358149529938014
DMGDH,-11.080056584623991,-11.02350880800478,-11.169257086164714
JMY,-9.825867340500505,-9.970869439018411,-10.119812632324651
HOMER1,-9.268365586209816,-9.158901457994558,-9.543006266137878
TENT2,-8.91612352966647,-8.972853658995172,-9.097463293525356
CMYA5,-9.014228218590366,-7.678154844176855,-8.001258295944295
MTX3,-10.298209930090902,-10.42419154247937,-10.453626011846199
THBS4,-10.823800085461151,-10.672520663492428,-10.869019443011446
SERINC5,-8.799446922750633,-8.758333587171549,-9.42034785271147
ZFYVE16,-8.662722171181443,-8.544728672105352,-8.815385958515403
FAM151B-DT,-10.985304583329054,-10.921286758418168,-11.222928964058871
FAM151B,-12.11638961202333,-11.885243221013658,-12.034795698712175
DHFR,-9.261331837999636,-9.528407075098535,-9.576214083397327
MSH3,-9.287737975848328,-9.365249249894312,-9.370112682361592
CKMT2-AS1,-10.125982856192266,-10.213137113113396,-10.338868456019664
CKMT2,-11.762947158036031,-11.564160832982042,-11.298791977410541
ZCCHC9,-10.586419899704417,-10.691900333447096,-10.7115448276185
ENSG00000286721,-12.972249127134852,-12.656870218479368,-13.070449362607075
SSBP2,-7.650680741795511,-7.608191144490508,-7.784175838533194
ATG10,-9.237506583389969,-9.315315590631924,-9.375443499411034
RPS23,-6.184231521964575,-6.365789910521346,-6.280199791951861
LINC01338,-11.814430743680955,-12.039782244342918,-12.581358910071726
TMEM167A,-8.630141568799878,-8.628730002241513,-8.929106848859384
XRCC4,-9.572638946491914,-9.19363617490415,-9.500352804319695
VCAN,-5.769383147122442,-5.5863148522922055,-6.333282757431214
VCAN-AS1,-11.141445345469853,-10.989437937457723,-11.565556513715245
HAPLN1,-9.854880786551323,-9.913314900282318,-11.016845154827436
EDIL3,-11.084364325784755,-10.643411701999238,-11.4595585113962
COX7C,-7.2716164859909735,-7.398983886367046,-7.2831914654475565
RASA1,-9.157876047207502,-9.113030264620413,-9.207578478429237
CCNH,-9.06862202786965,-9.010617668795224,-9.013323205365975
ENSG00000287862,-11.43345761161508,-12.828229197228572,-11.496458838647436
TMEM161B,-10.161601417762881,-10.205185845790384,-10.116066796634565
TMEM161B-DT,-9.207725603492184,-9.268818083458964,-8.989390990624056
MEF2C-AS2,-12.327750753225372,-12.36510100089175,-12.53878955857594
MEF2C,-7.582765812081482,-7.640040308690186,-7.822223819377145
MEF2C-AS1,-9.925883295535938,-9.701395518717089,-9.459807536771285
CETN3,-10.19406478451905,-10.278646449221148,-10.043303529299981
MBLAC2,-11.096002851982359,-11.266010987940293,-11.180320429259677
POLR3G,-11.651434704308235,-11.85152107684446,-11.7573430101991
LYSMD3,-10.379949013812663,-10.372191036454476,-10.404476586487192
ADGRV1,-9.193855501350724,-9.526493869825945,-9.350699185128644
LUCAT1,-13.074625062733178,-12.902813884741313,-12.911629105045684
ARRDC3,-9.96646104712507,-10.176044541562858,-10.226815870600232
ARRDC3-AS1,-10.091337376670268,-10.092995693168234,-9.978376226030843
ENSG00000286121,-11.34194338250131,-11.412260272438914,-11.225414802810853
ENSG00000249776,-11.637108059781376,-12.176597129828066,-12.537098378385993
FAM172A,-9.093296495985298,-9.077163563018098,-9.132728021864052
KIAA0825,-9.990735339299123,-10.005250189790432,-10.256304019173998
SLF1,-10.130204759140803,-10.336582172009358,-10.580864088366173
SKIC3,-8.784379747511563,-8.685670038776529,-8.789424080174815
ARSK,-10.571590417877829,-10.506729740193586,-10.706855666290805
SPATA9,-12.706629731168066,-12.301919619547231,-12.599447680662678
RHOBTB3,-8.025922851717727,-7.800564222948826,-8.019587860677259
GLRX,-10.302957489861654,-10.794071133230199,-10.168006754675307
ELL2,-9.19984587904388,-9.226629635370669,-9.226125270961871
ENSG00000251314,-10.0995762866898,-10.091830652733252,-10.031107757433814
CAST,-8.5250251540842,-8.53518570811806,-8.534566519171065
ERAP1,-11.388658286686251,-11.409058548597727,-11.435464583122862
ENSG00000247121,-10.831946417039928,-10.693905863791636,-10.859739267573405
LNPEP,-9.029514841102285,-8.933265367676764,-9.245006976373451
LIX1-AS1,-10.87830681263811,-10.803552609712536,-10.290742566348694
LIX1,-8.843395713633193,-9.073403220841037,-8.768517769647437
RIOK2,-10.093221688131788,-10.199962605553628,-10.209856436601843
LINC01340,-12.578527190788739,-12.43753512623701,-11.58793766517547
LINC02234,-13.112026417868435,-13.181928731789897,-12.146011770510583
RGMB,-11.76370497152032,-11.891700284147738,-12.025418475419169
CHD1,-8.944805963061043,-9.029490275874755,-9.040406098150584
CHD1-DT,-10.766125480700426,-10.663330252793434,-11.089299642838489
FAM174A-DT,-11.52364846087038,-11.537837271829106,-12.091308937257285
FAM174A,-10.897888031148648,-11.095369358061825,-11.550338837648733
SLCO6A1,-12.982566010569702,-12.41050778268831,-10.360511897368538
PAM,-8.116807194864293,-8.131525107547946,-8.029990070375673
GIN1,-11.125370934599275,-11.244088864902018,-11.110611641391827
PPIP5K2,-9.085271939422293,-9.266923799577388,-9.09319653077973
MACIR,-11.096351712171439,-11.189942149505764,-11.20182655768369
NUDT12,-11.251227619392234,-12.068678960086961,-11.182700114589313
EFNA5,-8.568019425404655,-8.797356368560893,-8.52959521834007
FBXL17,-8.120258560843524,-7.998037192632871,-8.292265947431742
ENSG00000286503,-12.030925799880777,-12.061580666381492,-12.34258098587689
FER,-8.07561008068488,-7.927312840995151,-8.17110052185309
PJA2,-8.613631316354086,-8.467703615116358,-8.696685058426775
MAN2A1,-9.930341652038763,-9.807867197487562,-10.368376417825708
TMEM232,-9.584920718681623,-9.857872958218701,-9.37311601917981
SLC25A46,-9.820561668321302,-9.743536069115855,-9.771563590366723
WDR36,-10.001703023923065,-10.090508233948531,-10.06033646102201
CAMK4,-12.433969368953102,-12.8258326017267,-12.640106242539936
STARD4,-10.081524960044538,-10.504250567155474,-10.380358907538431
STARD4-AS1,-9.586122339695136,-10.008335320175435,-9.61902306462251
NREP,-6.941629961712839,-7.3758973109979715,-6.905766261073938
EPB41L4A,-8.674052061896884,-9.03064720469566,-9.363468224578218
EPB41L4A-AS1,-9.592613038091816,-9.859913999747933,-9.570599420770032
APC,-8.987003201963276,-9.041542376182619,-9.156007195459821
SRP19,-9.28483061281591,-9.354287562778667,-9.364878353806036
REEP5,-9.314160477705519,-9.269738416098718,-9.424155680308832
DCP2,-9.449333938650287,-9.430862626815973,-9.51275613077939
MCC,-8.189547189456794,-8.207088157769398,-8.384105318821348
ENSG00000232633,-12.325657608917453,-12.23905928230524,-12.410401252101174
YTHDC2,-9.444490637805204,-9.51830868565651,-9.596817332622296
KCNN2,-8.10294722327187,-7.779802794391305,-8.340088604580918
TRIM36,-11.431581332126278,-12.189038293281197,-12.39841334934004
PGGT1B,-10.125362934750974,-10.084676004046761,-10.142825901480384
CCDC112,-9.978887050974212,-10.131447617974828,-10.033259779506002
FEM1C,-10.801984549867859,-10.804027314606355,-10.97598494043137
TICAM2,-11.821090615906197,-11.90137168750525,-11.978587099601507
TMED7,-9.876912797612224,-9.827569014031146,-9.964968252319784
CDO1,-10.726441977188198,-11.538043228420621,-11.267133046097983
ATG12,-9.657513409894623,-9.893991443648154,-9.760968327153495
AP3S1,-9.444206687415367,-9.62391718238582,-9.571744741983482
COMMD10,-8.544482599054733,-8.541536999875666,-8.767821761350184
SEMA6A,-9.687454083994567,-10.034706676045808,-9.908490417039989
SEMA6A-AS1,-11.178580769932765,-11.201740050440439,-11.229279525419388
LINC02208,-11.293801764004733,-11.55519393504284,-11.131741430599304
DTWD2,-10.229943712524626,-10.177176995728393,-10.26024100422334
DMXL1-DT,-11.754810084515508,-11.646565877681637,-11.660747159654035
DMXL1,-8.965490766443452,-8.980387419362277,-8.971673842715234
TNFAIP8,-9.664439937958436,-9.743194025609826,-9.688219840871634
HSD17B4,-9.38619996585664,-9.312386679431297,-9.395466021961267
PRR16,-11.79926318791494,-11.5900463251197,-11.72345426844399
SRFBP1,-10.014542801098845,-10.050341341322662,-9.897051569907054
SNCAIP,-9.940561191033726,-10.597683419014732,-9.908044158723973
SNX2,-9.405119864924051,-9.4405683946232,-9.438719627989762
SNX24,-9.695446302944513,-9.693673198373167,-9.77610154548475
PPIC,-8.737447425117512,-8.70250299600716,-8.730967893645158
PPIC-AS1,-12.938150851401645,-13.17844918047488,-13.018051011585712
PRDM6,-9.717865399452801,-10.420890595117804,-9.99136723665448
CEP120,-10.308222905885557,-10.369588840128563,-10.46586476489396
ENSG00000288766,-12.340898938927232,-12.493622754076736,-12.808022304601852
CSNK1G3,-9.301713605088098,-9.315563657474556,-9.471217119776263
LINC01170,-10.109728021876746,-10.087390184334643,-10.214337635284652
ENSG00000248296,-11.798109715902742,-11.804524249909813,-11.934436440416526
ZNF608,-8.10877587807737,-8.085862359139146,-8.437225781912616
ENSG00000249112,-12.601214178030746,-12.596381470996985,-12.86163227536829
LINC02240,-12.678238846969816,-12.806441658327477,-13.155325620486368
GRAMD2B,-10.881699915461716,-10.98195243114485,-11.111951976409959
ALDH7A1,-9.032294326847488,-9.111002383498862,-9.171449143010868
PHAX,-9.989077618647032,-10.124743437086055,-10.080025684801276
LMNB1,-9.675884350266793,-10.065684008365311,-10.07832222793928
MARCHF3,-9.389062542780591,-9.634350384310627,-9.213824454194762
ENSG00000286615,-12.705742755049469,-12.955692305131633,-12.588957558868278
MEGF10,-10.603974245411928,-10.88713613891443,-10.433016407542464
PRRC1,-10.105261946253641,-10.167474286503538,-10.106515002447681
SLC12A2-DT,-9.99297267726653,-9.9883545586756,-10.006831322997217
SLC12A2,-10.258459624563688,-10.352081234862643,-10.348274940019209
FBN2,-5.934618465992292,-5.723725170733444,-6.222142692149109
SLC27A6,-9.675359593923316,-9.201141268832076,-9.412837570463578
ISOC1,-9.300033599387186,-9.400482279165582,-9.390962051311721
ADAMTS19-AS1,-10.747019966993467,-10.929706783460093,-10.680979427494863
ADAMTS19,-7.00699921858274,-7.348017086624172,-7.115558430387579
ENSG00000251680,-10.237886639746744,-10.496681519257136,-10.236386261799533
MINAR2,-12.580709658291244,-13.112583096769729,-12.492542670570096
CHSY3,-9.95014339556975,-10.17034785962669,-10.515400033748259
HINT1,-7.789758119068509,-8.043160047214121,-7.892399674945281
LYRM7,-10.457871379566866,-10.464065995495792,-10.34152501416451
CDC42SE2,-9.896959602453085,-9.809537839550778,-9.990988778172746
RAPGEF6,-8.829109364717338,-8.923303996262423,-8.934921676832223
FNIP1,-8.883306667449117,-8.895439593817555,-8.975029761487935
P4HA2,-10.883695405330759,-11.143795910163716,-10.866463112384745
PDLIM4,-12.200631870471982,-12.371179473845215,-12.053977845168419
SLC22A4,-13.07883664768449,-13.139519028206466,-13.16661692670564
MIR3936HG,-10.95400355168464,-11.18311496196463,-11.180275517309031
SLC22A5,-12.086832402058423,-12.23359096622426,-12.202179556984202
IRF1-AS1,-12.154564861426962,-12.60106783363373,-12.526298290987162
IRF1,-12.274289093595682,-13.076319437005443,-12.467821505806683
RAD50,-9.166371960708961,-9.177324787554738,-9.056893529074035
KIF3A,-10.20475985024833,-10.268206362134423,-10.323075192896894
SEPTIN8,-10.928698443312035,-11.089270934681515,-11.252759964760754
UQCRQ,-8.764655109575244,-8.898308614887117,-8.82275030577975
AFF4,-8.681557806134617,-8.629658240713624,-8.736050986929282
ZCCHC10,-10.366346004853751,-10.377009100079153,-10.505572100016007
HSPA4,-8.47426092414612,-8.520473630749724,-8.611490618080445
C5orf15,-9.752528262105626,-9.74958485433965,-9.931698109898287
VDAC1,-8.413211954360925,-8.515186962583613,-8.366852852735743
ENSG00000271737,-12.903712243268775,-13.211379429646492,-13.145515833537361
TCF7,-11.424805066401047,-11.672969707518106,-11.74063653658083
SKP1,-7.7877321802675645,-7.835997802913714,-7.801487463598311
PPP2CA,-8.919772378123067,-8.970310415301679,-9.055951765027448
CDKL3,-10.5054044511779,-10.539327067151875,-10.734437118351451
UBE2B,-8.823735076634403,-8.85504302068572,-8.97992782517198
CDKN2AIPNL,-10.647011698449928,-10.769882490918068,-10.7522053791565
JADE2,-12.633514215862998,-12.508646522692654,-12.537490722919573
SAR1B,-10.028045021423276,-10.05119526884619,-10.175945236558734
SEC24A,-10.491478263549546,-10.47168229523238,-10.5165489590508
CAMLG,-9.731148620427705,-9.807320103723674,-9.729377776510052
DDX46,-8.631196815874404,-8.732910888404456,-8.729734524793106
C5orf24,-9.067583114156553,-9.122406808890448,-9.365295341798198
TXNDC15,-9.956307064620503,-10.064674136518795,-10.182922352397489
PCBD2,-10.194037238955524,-10.432912189041273,-10.497465469252347
PITX1-AS1,-13.023901822299983,-13.073298417973279,-13.07322813833209
MACROH2A1,-8.449218629069193,-8.410659394740875,-8.40871874846363
CXCL14,-11.422049776180103,-11.367126641800636,-10.282108337605571
SMAD5,-9.057089843536655,-9.119752623722576,-9.032895216301423
SPOCK1,-9.957246411821075,-10.762901505645305,-9.524622685553457
KLHL3,-10.39696153125679,-10.729019392428414,-10.073715718727922
HNRNPA0,-8.959263453469115,-9.08574244291341,-9.002939551365223
FAM13B,-9.051603040953728,-8.985958470856906,-9.23767026095956
NME5,-11.191255957679013,-11.100394141736151,-11.262578438965518
BRD8,-9.571931902451425,-9.67245444062375,-9.876653921255402
KIF20A,-11.156784852065979,-12.022948601868649,-11.588943249038744
CDC23,-10.392308389135126,-10.492966813462802,-10.559428317773165
CDC25C,-11.126565773169107,-11.93108228390908,-11.786226488263464
FAM53C,-10.942206127454432,-10.890825675802404,-11.112018253993519
KDM3B,-9.198420583268078,-9.20701597243188,-9.407207891019072
REEP2,-11.732211129992379,-11.679483971678684,-11.847860972129396
EGR1,-9.6362341316603,-9.18506482104515,-10.010655936391698
ETF1,-9.388609066315869,-9.472055943917175,-9.481346081089724
HSPA9,-8.741048085681772,-8.832214746836701,-8.72032087668293
CTNNA1,-8.352821450945816,-8.353098721049577,-8.490820688123014
SIL1,-9.986256102768305,-9.981697831294388,-9.89200178486365
SNHG4,-11.683350528535936,-11.182618632924328,-11.71927332688177
MATR3,-7.520258049016887,-7.562361786456983,-7.676079813278045
PAIP2,-8.888949435392718,-8.893490675981027,-8.987689134630578
SPATA24,-11.54377438091442,-11.627864703421748,-11.476813465762119
DNAJC18,-10.461565195642486,-10.514843466576819,-10.590725367908053
STING1,-12.173607556074394,-12.228947086339067,-12.357685701773102
UBE2D2,-8.725155895769657,-8.801194076491795,-8.834989439006327
CXXC5,-9.823562096111456,-9.918755513406731,-9.922023000565517
NRG2,-10.99749596398291,-10.439314287563615,-10.643530295120296
PURA,-10.013260815723369,-9.970235847116374,-9.9652985731892
IGIP,-12.873728095295968,-12.494330615853919,-12.836096961785083
CYSTM1,-10.413162123125131,-10.313912070290804,-10.312881599103466
PFDN1,-9.515829087715627,-9.503379836268353,-9.713043824066478
ANKHD1,-8.942254081551996,-9.0434842774645,-9.06121916273462
SRA1,-10.030028077827485,-10.370114901055436,-10.254001256015053
EIF4EBP3,-12.27115961612289,-12.426092499819367,-12.08806138676787
APBB3,-12.454059079531861,-12.357405485645874,-12.5505936302326
SLC35A4,-11.72460160189119,-11.795663075865528,-11.880537592248555
NDUFA2,-8.988204500373573,-9.067940584935682,-9.043175861433136
TMCO6,-12.733196783367704,-12.85110834939395,-12.974050126606057
IK,-8.759705861203958,-8.857973245224045,-8.8899093438742
WDR55,-11.622250388054052,-11.597895149426272,-11.863525732902085
HARS1,-10.299846651546869,-10.427097633008287,-10.428005433166463
HARS2,-11.466691260608837,-11.502504290984868,-11.515882041016589
ZMAT2,-9.556971157184147,-9.649033950922439,-9.699147140446712
ENSG00000279726,-11.97505036871858,-11.58645449355505,-11.763617578867082
PCDHA4,-13.15083807096199,-12.625456993857421,-12.489111174562064
PCDHA10,-12.334529941956031,-11.91719476456241,-10.728958617068944
PCDHA12,-11.318011288555262,-11.155641362573363,-11.968441841499812
PCDHB2,-10.798523068326633,-10.565898945775494,-11.502354142615836
PCDHB10,-12.235812638748016,-12.449572414651339,-12.596008565852651
PCDHB14,-12.343067992324546,-12.505398809222232,-12.58591670880747
PCDHB15,-12.386057220395376,-12.661216371227006,-12.418021872057341
TAF7,-8.62585688345041,-8.614383816826646,-8.695085586724
PCDHGB6,-10.677502890359925,-10.521088715489823,-11.03246718467885
PCDHGA10,-12.565125061378401,-11.25347121532694,-11.66998913520099
PCDHGB7,-11.715382654551876,-12.190687264153006,-12.828746940185818
PCDHGC3,-13.28489448378084,-12.946695335564565,-12.912881041881539
DIAPH1,-9.922750900662408,-9.9328780569182,-10.146965816026038
HDAC3,-10.188781737894198,-10.239910685940028,-10.239380939589
DELE1,-10.33089344401918,-10.382931141077975,-10.451301820751636
RNF14,-10.537441182643425,-10.479995700074328,-10.262030796865023
GNPDA1,-9.912224905467902,-9.982054565993359,-9.981816399075113
NDFIP1,-9.006668036854114,-9.028389526335875,-9.046849254022355
SPRY4,-11.871035073310225,-11.780536258609166,-12.305101936034474
SPRY4-AS1,-12.155770943943246,-11.870372795341904,-11.996913108798676
LINC01844,-12.344950059963125,-12.954271805521406,-11.642757460297174
ARHGAP26,-8.490407223489747,-8.50757172565958,-8.450311505026546
NR3C1,-9.21297821263932,-9.797430702685102,-9.356906732642194
YIPF5,-9.814654347308789,-9.857546308512658,-9.908385681038828
KCTD16,-11.999516876885343,-11.951643247748585,-11.97839947353423
ENSG00000251031,-10.850407617320297,-10.41292757234237,-10.422279134770482
ENSG00000250842,-11.310050497808833,-11.148284857282324,-11.103068406451222
PRELID2,-9.128390297466133,-8.981777060835423,-9.029766180138237
SH3RF2,-9.439129250906204,-9.5780118031879,-9.805000995345138
PLAC8L1,-12.205957571500212,-12.35355878617201,-12.174830156936668
LARS1,-8.613114381051155,-8.700714082009936,-8.666888741435146
RBM27,-9.097044579146008,-9.083885779126376,-9.169432193799127
TCERG1,-8.801189956695238,-8.91064242247033,-8.915509929780184
PPP2R2B,-8.524867794011394,-8.607822244104966,-9.553511878586972
STK32A,-12.556577632113335,-12.358244878320187,-12.826652411407888
DPYSL3,-8.633430893454165,-8.424324018510958,-8.89604678406842
JAKMIP2,-11.017887641084444,-10.76797965784483,-10.736912020626407
SPINK5,-13.027689326631208,-10.809693659852922,-9.830035392021315
FBXO38-DT,-10.296265585520134,-10.103952962009174,-9.832209993477147
FBXO38,-9.9691010578039,-10.008177795466944,-10.0212880420168
HTR4,-10.938865910216986,-11.054762112642381,-9.713003415829927
ADRB2,-12.392873543676137,-12.098312425473305,-11.821326559337203
AFAP1L1,-10.78425181564948,-10.706527168064598,-11.212814201781313
GRPEL2,-12.335731738284437,-12.436352360286739,-12.559412123509205
PCYOX1L,-11.57250773218263,-11.637178934314864,-11.978133817584778
CARMN,-10.225111481264058,-10.277814131610022,-10.347134998935303
CSNK1A1,-7.877315001502719,-7.93365543815438,-8.079170336481143
ARHGEF37,-12.09096020366025,-12.432968133420621,-12.264142325321657
PPARGC1B,-11.008273959727106,-11.200435103611614,-10.960233592991926
SLC26A2,-10.46354273144057,-10.43702202044366,-10.453902258349492
TIGD6,-12.914149616178156,-12.931344165327879,-13.041978030943312
HMGXB3,-10.044908904377058,-10.05821063334753,-10.191686105290518
CAMK2A,-10.50292300583065,-10.477202889341328,-10.395731675981532
TCOF1,-10.288968841354816,-10.539404680816023,-10.550061269132218
CD74,-12.281574517204966,-12.402264368862681,-11.650768183020679
RPS14,-6.165595336484082,-6.425395933077697,-6.17827880779332
NDST1,-10.691730314303477,-10.763013645846952,-10.878283337670496
RBM22,-10.248141843797411,-10.253160241752868,-10.445028172796823
DCTN4,-9.698699095098554,-9.702008622276013,-9.779400941379206
SMIM3,-11.417203541957504,-11.46028857665703,-11.534204292223384
ZNF300,-12.077282259871524,-12.228377301002935,-12.012284683140477
GPX3,-12.052250306242113,-12.097868293826284,-11.844760266390669
TNIP1,-10.399501710585781,-10.569045232368756,-10.449308698845638
ANXA6,-9.034661991035703,-9.144217716236078,-8.971721222659244
CCDC69,-9.607502041195653,-9.821867567754069,-9.67229245288437
GM2A,-10.864352082583899,-10.922771709906042,-10.608341313014922
SLC36A1,-11.162039645840103,-11.455738960662032,-11.783674906467983
SPARC,-9.275939247754247,-9.25598956621454,-9.25183262449646
ATOX1,-9.616441048494364,-9.722585973078957,-9.61695003513398
G3BP1,-8.611808717967916,-8.703446397163525,-8.747197689158352
LINC01933,-12.857700863388759,-12.394526224001163,-12.377468213628859
LINC01470,-13.20011675599935,-12.307694829956146,-12.550738405185069
GRIA1,-11.97057621470124,-10.683101038948866,-11.479354613573433
FAM114A2,-10.615909820081447,-10.688629449975366,-10.680818160479603
MFAP3,-10.562972006671304,-10.712778229844584,-10.631928739117807
GALNT10,-10.366992362172216,-10.204158008201457,-10.683706362358752
SAP30L-AS1,-11.944765487629086,-12.161368424743603,-11.962649567124522
SAP30L,-10.66221412665725,-10.787213464792426,-10.739395535100332
HAND1,-9.321927415493743,-10.062125407327583,-8.87035007766848
LARP1,-8.851750175792185,-8.940033864948791,-8.95720842506305
FAXDC2,-10.41959154046266,-10.45596859140218,-10.601335110016514
CNOT8,-10.700590205720387,-10.737873953385623,-10.814623764522716
GEMIN5,-10.443859349384134,-10.529122241337326,-10.482967023119791
MRPL22,-9.797729038770974,-9.95534487851499,-9.909497752082178
SGCD,-12.077734471916218,-12.312221928094829,-12.960799527528854
HAVCR2,-11.934588302579407,-12.135289047998672,-12.099136656416038
MED7,-11.15700539672759,-11.194140446937201,-11.03145814180013
CYFIP2,-9.036308186471537,-9.495843545177252,-9.211281705835667
ADAM19,-10.450708611040824,-10.490969685802177,-10.9479177666007
THG1L,-10.633014022810327,-10.778268203957913,-10.969499432020102
LSM11,-11.721723547237646,-11.917492430327963,-11.898444598296
CLINT1,-8.875004091211267,-8.908076729290533,-8.94133271261661
RNF145,-9.335587528073091,-9.392768514646363,-9.566554423406318
UBLCP1,-9.934501256677661,-9.985496216116855,-9.911273932548172
ENSG00000249738,-11.67730541138212,-12.386494413261252,-11.403676340627896
TTC1,-9.644630081195794,-9.661084594386201,-9.646192842394177
PWWP2A,-9.773579269971801,-9.753693764869958,-9.732799514793076
CCNJL,-10.84917000088432,-10.98636485914958,-10.901502657105281
FAM200C,-12.019729583056536,-12.044290909984294,-11.962873425901586
SLU7,-10.101845571617686,-10.214056713324778,-10.332124067348857
PTTG1,-9.280531684013283,-10.11295907067312,-9.770724166848323
GABRB2,-10.41950180790095,-10.93962218584597,-11.09353020560376
ENSG00000254186,-10.763030400469827,-10.648100644775347,-10.05132223632528
CCNG1,-8.948314679138797,-9.093289500301248,-9.007378489244775
NUDCD2,-9.885609228294625,-10.002440767377916,-9.94457486388734
HMMR,-10.402380356652817,-11.297597463773691,-10.853890468199474
MAT2B,-10.6460118794217,-10.82973750122949,-10.825727095676557
LINC03000,-9.529859432862308,-9.046945374286087,-9.077692684950664
ENSG00000253693,-10.874821516956112,-10.443952770219035,-10.33009563167188
TENM2,-9.99496171000016,-10.003131335865865,-10.060201473026126
WWC1,-10.998413808573455,-11.453825470205993,-10.893223393979223
RARS1,-9.397871950050243,-9.586463978982428,-9.462348762775877
PANK3,-9.309463393434783,-9.32807046396773,-9.317950592529536
SLIT3,-7.083846852749023,-7.074684615405119,-8.167844462611766
SLIT3-AS1,-12.127044147878273,-12.186410737344733,-13.145516613685414
SPDL1,-9.918897818827453,-10.238169463199705,-10.050935066588202
DOCK2,-11.705541481468272,-12.221066776857414,-11.705180509801085
INSYN2B,-10.536206804798159,-11.04559184874782,-10.465421458290804
KCNMB1,-13.177750644017372,-13.22932333406095,-12.706176444998887
RANBP17,-9.032461475508438,-8.45299016587097,-8.63440057595175
NPM1,-6.7857433619754675,-7.075485413666531,-6.921699798981162
FGF18,-9.996472929151686,-10.130427310396579,-10.886836691541987
FBXW11,-8.922086239183272,-8.990376912174517,-9.012476445135075
STK10,-11.460191484033148,-11.530931222967082,-11.650231578368677
UBTD2,-9.577207289193739,-9.58899344381753,-9.709568296192513
SH3PXD2B,-10.30522117886814,-10.320058782693566,-10.464871480075812
NEURL1B,-10.301177771189792,-10.399769520144549,-10.317380706445489
DUSP1,-11.247850528460086,-11.128290236259964,-11.294365390046984
ERGIC1,-10.074295011129408,-10.10080491528031,-10.223707139463865
RPL26L1,-9.571581881869001,-9.734264509509435,-9.65585802366977
ATP6V0E1,-9.084485696848864,-9.09624931286752,-9.143251814820493
CREBRF,-10.03462806379487,-10.095339974835705,-10.329965499993229
BNIP1,-11.343874041601977,-11.566051908590145,-11.683775556052687
NKX2-5,-7.871024490362199,-7.981881095890665,-7.90871943756632
ENSG00000289493,-8.535173827627132,-8.324417247582101,-8.642168781136325
STC2,-10.62713308097936,-11.30435423693221,-10.968818309947086
BOD1,-9.383069580905342,-9.523421072964613,-9.551306290428814
CPEB4,-8.915821369613806,-8.810268570416651,-9.003718996737222
ENSG00000289085,-12.485949166215391,-12.328562331051177,-12.632857409803318
MSX2,-10.423529722735001,-10.434704887293888,-9.999536822227649
DRD1,-12.941253720552458,-12.925809666103843,-11.660349375058228
SFXN1,-9.025106842525997,-9.182201154445904,-8.944970592016318
HRH2,-10.765572551831623,-10.688088265357315,-10.637027403937452
THOC3,-11.298160834476231,-11.043111787906954,-11.132170083360172
SIMC1,-10.018144367346268,-10.218786580385983,-10.11432626809174
KIAA1191,-9.89623810736935,-9.998713378047375,-9.937354769563193
ARL10,-10.717910771320632,-10.824475035520278,-10.869790593463197
NOP16,-10.647619118448912,-10.92014714760501,-10.78799087816727
HIGD2A,-8.60802830354447,-8.666223616192577,-8.584592097424325
CLTB,-9.484531627025122,-9.621734287989518,-9.59691883140388
FAF2,-9.633210572319236,-9.683581901963338,-9.788383259619568
RNF44,-10.799675409740367,-10.963404661647235,-10.94491558952696
TSPAN17,-11.866006156786526,-11.887850734869561,-11.965022846344661
UIMC1,-9.711272885680607,-9.799059049582311,-9.87032323985047
ZNF346,-10.412084849564957,-10.415968770896173,-10.588194959043609
NSD1,-8.821107774881572,-8.768767553768775,-8.997146155969729
RAB24,-12.90093352525368,-12.954045897511731,-12.790554524949512
MXD3,-12.099853580209958,-12.704222130897065,-12.604888755431741
PRELID1,-9.454898423928638,-9.611896020315996,-9.554875967222328
LMAN2,-9.613727463464986,-9.621067583877823,-9.715622971881697
GRK6,-11.321589413684404,-11.457093311149064,-11.363373563216323
PRR7,-12.341548005757236,-12.278466343761282,-12.254407571607006
DBN1,-9.771278165617115,-9.635795460061507,-9.851056484450494
PDLIM7,-9.992582645816965,-9.918094872073038,-10.221580419643256
DDX41,-10.907287973334816,-11.013848556390895,-10.927976383053025
FAM193B,-10.604871605045744,-10.645882177309275,-10.74391544475384
TMED9,-9.116305336380046,-9.132209707908077,-9.202832914055517
B4GALT7,-11.630036847626279,-11.725973303661041,-11.7700332066284
ENSG00000291283,-11.049378010509889,-11.492760540511489,-11.240439823888282
ENSG00000290968,-11.313592451380362,-11.736308500511246,-11.38615547647413
ENSG00000291113,-10.928471693859647,-11.332002126800111,-11.26624870129031
ENSG00000250101,-10.849915313330648,-11.163971867293176,-10.767894456400406
FAM153CP,-12.84680421087036,-13.030747168796886,-11.90043512729304
N4BP3,-12.791952837601773,-12.520823984059065,-12.680983467159669
RMND5B,-10.856936638631229,-10.867281703660291,-10.93971232917262
NHP2,-9.329715866926595,-9.478734587823654,-9.452342780592367
HNRNPAB,-8.216571659059378,-8.51718984105842,-8.341090289365448
PHYKPL,-11.159617262736438,-10.624425351523714,-10.3183576619001
COL23A1,-9.836234144560636,-10.612960649964785,-10.17950642514676
CLK4,-10.09120904669298,-10.14211967898761,-10.146683537692553
ZNF354A,-10.660336753993734,-10.773955944287911,-10.668850973718184
ZNF354B,-10.916753580807107,-10.907049669539425,-10.876630598856725
ZFP2,-12.412100682514566,-12.149279849145529,-12.56421438444964
ZNF879,-12.469944675088778,-12.172385118496543,-12.37845745799791
ZNF354C,-11.712905051462517,-12.58438847305847,-11.672023145352924
ADAMTS2,-11.67259094254484,-12.177486268167907,-11.961992413429098
RUFY1,-10.182517853201093,-10.083940870255889,-10.256979853553625
HNRNPH1,-8.555870535856444,-8.694464383775175,-8.685684072563259
CANX,-7.970254588680829,-7.832859434030755,-7.938104067592385
MAML1,-10.174752705794978,-10.220055039319192,-10.362316021063492
LTC4S,-12.898161399332961,-12.966542634367704,-12.98672821425121
MGAT4B,-10.228456292552123,-10.168044968035405,-10.465429610583538
SQSTM1,-9.683146536008092,-9.703507976645197,-9.815194357242852
MRNIP,-10.97785365170687,-11.109030498451963,-11.111814060161322
MRNIP-DT,-12.899583957740443,-12.87403592880988,-12.824304242803773
TBC1D9B,-10.609973454022448,-10.580887950014713,-10.781402919085776
RNF130,-8.736655053094744,-8.792006202185085,-8.757034567504633
RASGEF1C,-12.520073917675774,-12.514148149984841,-13.211448954770338
MAPK9,-9.70714460110388,-9.730024409210978,-9.744475284370306
ENSG00000248367,-12.338535209008146,-12.495215444332748,-11.971392081605975
GFPT2,-10.989953198846207,-11.501116735527122,-10.866980515525382
CNOT6,-9.524249784565614,-9.58653929290985,-9.71193949192234
MGAT1,-11.27635001094803,-11.154873166980488,-11.190957014601333
HEIH,-12.630486561181904,-12.371490668586835,-12.094853962614087
ZFP62,-11.223613882021338,-11.234251778301198,-11.29316999535439
TRIM7-AS2,-12.204514438998784,-12.31929540835415,-11.910513389714273
TRIM41,-11.95881737913634,-11.905425200632209,-12.289592432636857
RACK1,-6.761619297408029,-6.974439451211699,-6.809904981465734
CTC-338M12.4,-10.942191139846074,-11.100449511875496,-11.226199813172709
TRIM52,-11.157465174162,-11.093230734414679,-11.284919633774654
TRIM52-AS1,-11.349755543778075,-11.14037364913779,-11.461146478897314
ENSG00000248103,-12.158767551153652,-11.817729968318137,-11.986108628029566
DUSP22,-10.620992279531187,-10.642747659353937,-10.724010234855083
EXOC2,-9.547712251459725,-9.508221722847267,-9.630132654061635
ENSG00000271727,-12.514501715706523,-12.543909652549004,-12.242095347815884
GMDS,-10.09621546762348,-10.036459950538752,-10.2365826487529
GMDS-DT,-8.849703144247508,-9.126906993580386,-8.801174719765257
MYLK4,-11.864298762143866,-12.15330961667251,-12.444690047309876
WRNIP1,-10.044815243855835,-10.11993346702711,-10.094481604587294
SERPINB1,-12.131771555215611,-11.45821291397781,-11.15547594742048
SERPINB9,-11.02404163469731,-11.455961204874296,-10.53072130123151
SERPINB6,-9.64019544791447,-10.002394827082258,-9.720546670700305
NQO2,-10.122497826072566,-10.415471676274898,-10.604779342011682
RIPK1,-10.728687456557461,-10.691484951866238,-10.834685936331944
BPHL,-10.564009640912724,-10.645834688525358,-10.500648331213874
TUBB2A,-11.49302248650317,-11.323260744650161,-11.559354704983457
TUBB2B,-11.69272039887507,-11.583388961375977,-11.63590795592097
PSMG4,-10.707034721252105,-10.679378732258035,-10.768698923021145
SLC22A23,-10.228544103208751,-9.927679161253629,-9.670187349564733
PXDC1,-11.786430859925028,-11.938200617687459,-12.484000557965135
ENSG00000288904,-12.3332509821772,-12.33648955168986,-12.330502269675849
PRPF4B,-8.81284405748386,-8.882631896011222,-8.854268647973877
ECI2,-9.144960456214514,-9.332742752181181,-9.157639161498102
CDYL,-9.058356364445102,-9.025972273407271,-9.188540429645911
RPP40,-11.61740799780669,-11.794157826566725,-11.747339547657823
LYRM4-AS1,-12.881135794484363,-13.037569319348883,-12.844066253779728
LYRM4,-9.441585910801509,-9.458008600218344,-9.922042872557764
FARS2,-9.092356893368098,-9.04675118594344,-9.356277253026168
RREB1,-9.392820245894548,-9.383658062984479,-9.547672189405363
SSR1,-9.730290970099844,-9.686360887050412,-9.827277191631424
RIOK1,-10.53900818923024,-10.620799468238712,-10.624804358924122
DSP-AS1,-10.618654287675762,-10.431893824297752,-10.337659828804798
DSP,-7.214901814461634,-7.132456132629015,-7.2789785096334905
SNRNP48,-10.34498416699673,-10.24384794085705,-10.568124185866415
TXNDC5,-10.38098429630032,-10.44654321954336,-10.362096888703729
BLOC1S5,-10.522321191358401,-10.581430617226918,-10.57950653972136
EEF1E1,-9.607584680193977,-9.788982938115979,-9.725518251168083
SLC35B3,-10.435788063259833,-10.450064079701143,-10.468831165692233
HULC,-10.725354773682318,-10.681578790315891,-10.354339108316305
GCNT2,-8.916891764214414,-8.907212959902706,-9.41175874176
PAK1IP1,-10.299798758485895,-10.45436245073443,-10.399863817487304
TMEM14C,-8.272547586297804,-8.22193830638443,-8.0645157814651
TMEM14B,-7.879390037924307,-7.784740782392495,-7.948732926068072
MAK,-11.320135868718092,-11.121533501699245,-11.418717307066908
SYCP2L,-11.12022240490356,-11.124199176686151,-11.322402418375416
SMIM13,-11.05621447345256,-11.007306782372078,-11.035209935982095
ENSG00000247925,-12.222743954646434,-12.169211062180565,-12.56667161472168
NEDD9,-10.460521532868542,-9.995949159702782,-10.335852656297773
TMEM170B,-11.664197333407282,-11.519724010908424,-11.573421504157961
HIVEP1,-9.213774540367098,-9.259399902436948,-9.385422893972573
PHACTR1,-8.255146751161591,-8.309988908837148,-9.394943188909117
TBC1D7,-10.355769351794997,-10.445727095783376,-10.482733002446626
GFOD1,-10.183119159857583,-10.350764798742578,-10.661482947152962
SIRT5,-10.456241383829889,-10.298612134533325,-10.399436725711862
NOL7,-8.764304110531127,-8.955981879078108,-8.833654538528197
RANBP9,-9.263710266810532,-9.35235124249309,-9.407582426833242
MCUR1,-9.473407679271318,-9.560593598216034,-9.572352900406333
CD83,-12.598081394876647,-12.891739800702073,-12.498614567165333
JARID2,-9.002046793182942,-9.150748809261092,-9.12419409978734
DTNBP1,-9.874371199598233,-9.934405064887912,-9.943761394439509
MYLIP,-9.74509616381948,-9.919499597663178,-9.891121615319271
GMPR,-10.482701668581996,-10.853635599261633,-10.489923865145277
ATXN1,-8.102606140831028,-8.061320887660525,-8.328992970872731
ATXN1-AS1,-11.881438296232623,-11.72760064067546,-11.888696688189851
ENSG00000272341,-12.603594060568106,-12.470735398749708,-12.683572955545387
RBM24,-8.46494823113205,-8.531546902322283,-8.296572837428451
CAP2,-7.939003951153664,-7.912403255223696,-8.011035509834683
FAM8A1,-10.355170084461403,-10.3198561207609,-10.46346436481331
NUP153,-9.703414382940448,-9.772676026286206,-9.813949658480293
KIF13A,-7.585549026598002,-7.804232850217157,-7.787196515069298
TPMT,-10.763619701717149,-10.857441139187937,-11.015447799570808
KDM1B,-11.084263528344392,-11.14415289577733,-11.385176414887175
DEK,-8.204010767096095,-8.446875623528367,-8.46025131762814
RNF144B,-12.77112989057271,-13.06767701959924,-12.98586833186378
ENSG00000231662,-13.102846702704756,-12.894590080017949,-12.891292615330142
LNC-LBCS,-9.70278965264613,-9.69021241358847,-9.441695952344993
ID4,-8.940577287039433,-8.62425488088837,-8.653930043265818
MBOAT1,-11.399171574044974,-11.187833660290327,-11.469083955508827
E2F3,-9.4404254390552,-9.524337462526859,-9.649563345743628
CDKAL1,-8.550307123681105,-8.644339006291066,-8.719378698949571
SOX4,-9.191703997952125,-9.168162130631448,-9.06234579365545
CASC15,-10.968138487954588,-10.868600778404879,-11.036659105932845
MRS2,-10.004512199360777,-10.102990856891434,-10.060005502827053
GPLD1,-12.042819504649877,-12.146131538434883,-12.311027595377636
ALDH5A1,-10.744837715668366,-10.827243004096367,-11.104934609577361
KIAA0319,-11.660931586408447,-11.110081859238054,-11.982974377042698
TDP2,-9.897427610339134,-9.842004203500812,-10.024444094159884
ACOT13,-9.630637765903025,-9.66368467005132,-9.586638554482734
C6orf62,-9.730455935927377,-9.698443121831982,-9.857352688983736
GMNN,-9.86486459431001,-10.224256772354039,-10.092678423958496
RIPOR2,-10.093064408889434,-10.548932748201302,-11.167724692866885
CARMIL1,-8.201209316106231,-8.240643117101914,-7.973008230559448
H3C2,-11.263394135602594,-12.200900496357015,-11.881130116396005
H1-2,-8.612728746122167,-9.23123066457436,-9.33957113035211
H2BC4,-12.221255331789697,-11.8407222343929,-12.942354350549131
H4C3,-8.66839334395077,-9.372030190849543,-9.119507856849795
H2AC6,-10.445072984960673,-10.144760782205372,-10.715840515540354
H1-4,-9.339821440551262,-9.88863718232743,-9.88113744501384
H2BC5,-11.129961604921343,-10.899161894232929,-11.149301477127281
H2BC6,-12.415500990018842,-12.033416030498321,-12.747224520057175
H3C4,-11.44087748136421,-12.437610978659055,-11.949525857640783
H2AC7,-12.512080735491141,-12.949508480176313,-12.957050369588298
H4C5,-11.106851246681764,-11.483162536848814,-11.455154650490542
H2AC8,-11.526778058228555,-11.982128281312301,-11.759041023686548
H3C6,-11.702244545237274,-12.473568428214776,-12.04988456772528
H1-3,-10.267550610038061,-10.64398834908489,-9.609802579693214
H3C7,-12.504811991194448,-13.35184536028619,-13.117662676887278
H2BC9,-12.506208864448148,-13.07007469588265,-12.777128708378143
H3C8,-12.225011400414706,-13.217326825357864,-12.847065291510313
H4C8,-12.152988586284158,-12.37316302621664,-12.558270090114194
BTN2A2,-11.80230052776412,-12.331204487476363,-11.730191160266928
BTN2A3P,-12.965250677516092,-13.270626734583995,-12.696918084416986
BTN2A1,-10.44561440908893,-10.503228088309294,-10.477722600424848
HCG11,-12.312081920527437,-12.098137020957024,-11.749777268393368
HMGN4,-10.460387678761426,-10.577849618524914,-10.499183947543528
ABT1,-10.703763921628433,-10.861389418328327,-10.760082359431214
ZNF322,-10.080322703113286,-10.128683535282654,-10.168163170601183
GUSBP2,-10.799637930594718,-10.789225053836569,-11.603103708426366
LINC00240,-12.876196362149694,-12.855382302394741,-12.440502464670706
LARRPM,-12.27670568414398,-12.297869636151185,-11.48152517552578
H2BC11,-12.94833644418122,-12.84321219038636,-13.178405814995267
H2AC11,-11.730305983429217,-12.451313723255675,-12.387216996122708
ENSG00000290032,-11.06293398720199,-10.865582187055338,-11.593871268969105
H2AC12,-11.099950672488907,-11.95668491358742,-11.62597536856002
ENSG00000291112,-10.846749929598891,-10.896460058623854,-10.585000144130353
ZNF391,-11.95413851320969,-12.097483612996532,-11.94350104156739
ZNF184,-11.582542861260583,-11.522330096175326,-11.708453348428796
ENSG00000286652,-12.912640819003233,-12.872665735486398,-12.781233027801427
LINC01012,-12.247725935021595,-12.93428017333015,-12.536060115059085
H2AC14,-12.048213197324834,-12.825199543717963,-12.478256073151618
H2AC15,-12.314453049866259,-12.35295100350811,-12.825228777756115
H2BC15,-12.33738486541838,-12.345353940325555,-12.666745943568785
H1-5,-10.02374045933528,-10.722340258092595,-10.30965727522888
H2AC17,-11.322775546686081,-12.133645005713822,-11.921906487261198
ZSCAN16-AS1,-10.49870384213564,-10.41555355400973,-10.511559975140559
ZSCAN16,-12.008983705246033,-12.646761183625623,-11.93715623996264
ZKSCAN8,-10.10837576876563,-10.07653191613398,-10.202780091286515
ZKSCAN8P1,-12.900015726191775,-12.778039613645639,-12.912443440724557
ZSCAN9,-11.09953527071545,-11.106622614178173,-11.169505840524062
ZKSCAN4,-12.210380221102152,-12.22256409804561,-12.292652913238873
ZSCAN26,-10.661472624985864,-10.694923946915235,-10.89677651829811
PGBD1,-10.657693238633183,-10.669577340842324,-10.723845914025173
ZSCAN31,-12.394720992108976,-12.495165115039267,-12.530893000301143
ENSG00000290051,-12.854316602365518,-12.589239240937802,-12.844280051569722
ZKSCAN3,-11.737003253339113,-11.70856472668521,-12.048483913267509
ZSCAN12,-11.210791791830976,-11.268174510287439,-11.273483122490552
ZSCAN23,-11.023678189598858,-10.957024092363374,-10.93475991564018
SCAND3,-11.511700112850567,-11.494799889425254,-11.547335672622102
TRIM27,-9.763494290665644,-9.84190719399168,-9.829656468323735
GABBR1,-9.635934560469607,-9.528956303340975,-9.5065770147719
ZFP57,-12.677122847891956,-12.975541459034662,-12.662794751331692
HLA-A,-10.167850276890603,-10.623116784899379,-10.34228657720735
POLR1H,-10.737983583489848,-10.816536261463021,-10.584424385252682
PPP1R11,-10.884396381192099,-10.860013580880036,-10.903733631694905
TRIM26,-11.137102273915437,-11.22550307384883,-11.1737289482105
HCG17,-9.294373615547302,-9.452114975616038,-9.382435443748193
HLA-L,-12.812806748240892,-13.054455773520527,-12.818051389577208
HCG18,-9.598835826943219,-9.707265097166266,-9.754367023866157
TRIM39,-12.026436454738429,-12.11344850920119,-12.175489981129036
RPP21,-10.44984194243294,-10.601289390702561,-10.41922657647434
HLA-E,-11.911331789859288,-11.967911615868518,-11.923811173177157
GNL1,-10.983557220770074,-10.94962621584356,-11.14504224761746
PRR3,-11.026579241573712,-11.08334287568173,-11.101414128302517
ABCF1,-9.332634249743151,-9.417872962733405,-9.415943836675378
PPP1R10,-9.444961445064266,-9.404198964756766,-9.46418083137652
MRPS18B,-9.670081439906726,-9.77957194065608,-9.823729382439929
ATAT1,-11.272600047721495,-11.181059381233217,-11.32735297953792
C6orf136,-11.549570739999792,-11.596881545564406,-11.663556078931512
DHX16,-10.881088303315739,-10.872207730629553,-11.04965806395418
PPP1R18,-11.722996678083314,-11.752622918504624,-11.931806014052352
NRM,-11.805695790574376,-11.897990822580427,-11.800017001281304
MDC1,-10.64146002245558,-10.871685921266854,-10.98153763113506
TUBB,-7.627641250407417,-7.869912240474299,-7.89315130909252
FLOT1,-9.684781282763138,-9.745036626015587,-9.83626851936316
IER3-AS1,-12.952789995274406,-13.215112634326681,-13.105343294029645
IER3,-11.10632500503495,-10.7325215461086,-11.195017022126915
DDR1,-11.258564428647627,-11.109479430119318,-11.549294381912928
GTF2H4,-11.525746507493452,-11.569108259853795,-11.470693207638304
VARS2,-12.48712974765341,-12.541332365053096,-12.556924319122013
CCHCR1,-11.965237785105288,-11.943576684115705,-11.964316963807333
HLA-C,-10.727168915118188,-10.929164041732712,-11.838197323936708
HLA-B,-11.948884840848981,-12.775597569487148,-12.457996497418021
MICA,-12.873233864531159,-12.522872493875054,-12.142126885058563
DDX39B,-8.62820714009397,-8.73495710846807,-8.742515771094045
ATP6V1G2,-11.478513341138727,-11.801864526257967,-11.29277534541765
NFKBIL1,-11.187373414431098,-11.25166903178472,-11.325687907271686
PRRC2A,-10.096296081725972,-10.145775886112453,-10.249802559830945
BAG6,-10.335366946934283,-10.410642422761574,-10.472473814969684
APOM,-12.381067464989226,-12.631217728170418,-12.604440472299888
C6orf47,-11.484310630073132,-11.477815226916684,-11.439630154866435
GPANK1,-10.687028555742101,-10.802761935123867,-11.015039705052052
CSNK2B,-8.82701034574796,-8.987760313095439,-8.958129686429244
ABHD16A,-11.279460003630394,-11.04754152145579,-11.212650944123528
DDAH2,-10.084529383112448,-9.894522962594658,-10.14435842835147
CLIC1,-9.051760051582109,-9.0472949273898,-9.094525040668293
MSH5,-11.15347980534438,-11.256519870865649,-11.380270583759163
VARS1,-11.134675513321355,-11.282088865053485,-11.37729282732977
LSM2,-9.744716025364962,-9.918494273753721,-9.746589961429757
HSPA1A,-12.557290511714315,-12.447161828575014,-9.944179491725711
HSPA1B,-9.956409340786607,-10.580375711829772,-9.87570123941776
SNHG32,-8.709803155948693,-8.803934213123314,-8.43519089849536
NEU1,-11.513745010287254,-11.526039889880323,-11.671663971184465
EHMT2,-10.058869705825535,-10.086710035266217,-10.188276265620031
C2,-12.836013084410583,-12.75454620052303,-13.14331675121225
ZBTB12,-12.279982176358585,-12.369661891686247,-12.4402151309986
NELFE,-10.426885881265793,-10.527922608796384,-10.441639131004823
SKIC2,-11.671972032169908,-11.822783381789101,-11.784535669650351
DXO,-11.8894745615076,-12.01930151969649,-12.03705462457356
STK19,-10.983892594195382,-11.115766499801492,-11.11752515507166
ATF6B,-11.059518220898477,-10.987829770278452,-11.25991119635746
FKBPL,-12.747652503035537,-12.846565072496826,-13.011713941717868
ENSG00000284954,-12.97385475300037,-13.142828481756144,-12.975411311928621
PPT2,-11.593938288124015,-11.610118925018712,-11.857489679608136
EGFL8,-12.352198033092298,-12.262431654165576,-12.566771084863378
AGPAT1,-10.252917906744806,-10.20814848612519,-10.331613435618275
RNF5,-9.429611384970194,-9.652752193513653,-9.393935288092273
PBX2,-10.34334577214374,-10.240591732489005,-10.540051662518364
ENSG00000289047,-10.897423293372475,-11.140073923485328,-11.047515092025632
HLA-DMA,-13.218004658863018,-11.029357753885266,-12.91219326026217
BRD2,-9.619094744087592,-9.694751670471524,-9.771679655461442
HLA-DPB1,-12.994945303089944,-12.790339784358904,-12.671023226487353
COL11A2,-11.977935467188136,-12.041515809685817,-12.086663739500862
RXRB,-11.684978712887661,-11.73320377031903,-11.863533899532934
SLC39A7,-9.56848580216245,-9.484363342969262,-9.760688887100539
HSD17B8,-11.702743695726287,-11.920590489550413,-11.946815808137664
RING1,-10.502578436841471,-10.542645215416819,-10.725545880123985
VPS52,-11.172346282614722,-11.356708431148425,-11.416844569986072
RPS18,-6.270830642303781,-6.429509322451878,-6.355570452798125
B3GALT4,-12.731022852983841,-12.597846372176097,-12.739560946985112
WDR46,-11.067793191113088,-11.1865895648052,-11.274076782331385
PFDN6,-10.109349698085298,-10.203896548595946,-10.172624945344866
RGL2,-11.732114891527438,-11.730092766321317,-11.729740878129324
ENSG00000289100,-11.870717896278409,-11.840882691747872,-11.984912106694491
TAPBP,-12.026226433329851,-12.049931614487626,-12.335110600784475
ZBTB22,-12.112554977192959,-11.949939301313437,-12.03310262658506
DAXX,-10.9732023956771,-11.160915786369603,-11.235137719932897
KIFC1,-11.152294534044463,-11.850403106634179,-11.634439101989033
PHF1,-11.429300217425382,-11.29598799721356,-11.31188283489084
CUTA,-8.618780717440815,-8.737822201565868,-8.71183211588576
SYNGAP1,-10.67169838717328,-10.64241338694712,-11.003447283078833
SYNGAP1-AS1,-13.184874903021132,-13.068906876649763,-13.06285360865215
ZBTB9,-12.702074321962696,-12.847431521842749,-12.868841514448144
BAK1,-11.567357780623647,-11.66019198195614,-11.582446845344315
UQCC2,-9.394429785263581,-9.526865222486984,-9.483458961407338
LEMD2,-10.983879351603377,-10.978291928064328,-11.050681808462306
HMGA1,-8.544805102399895,-8.6981504813306,-8.701965174708294
SMIM29,-12.518608272292042,-12.512767118397699,-12.229526579833792
ENSG00000225339,-12.507365363622343,-12.450775028224369,-12.553599092356592
NUDT3,-9.00458513921334,-8.99661800043492,-9.100234815611584
RPS10,-6.70558438912974,-6.904030130116201,-6.756812152660163
PACSIN1,-13.056408952224503,-13.107774174340365,-12.460134770903938
ILRUN,-10.052229489533405,-9.963014725960027,-10.025153452068071
ILRUN-AS1,-12.5000608936045,-12.742921222902853,-12.690516910303788
SNRPC,-9.116955955023402,-9.340351237015511,-9.250501545982477
BLTP3A,-10.03935664385032,-10.110181996484068,-10.179589724947405
TAF11,-10.032155539457744,-10.075936633837857,-10.203171146763019
ANKS1A,-9.323732890501196,-9.356352752324163,-9.462813915724972
SCUBE3,-9.20048458286976,-9.528105616611377,-9.534598840228051
ZNF76,-10.875872966695251,-11.021144746749453,-10.951344116789842
PPARD,-11.037478803386444,-11.164660177574696,-11.064186561136125
FANCE,-11.872903547405356,-12.106601343535193,-11.994089701038682
RPL10A,-6.569084519389479,-6.7052410862863825,-6.701901439413103
TEAD3,-10.270908389276247,-10.180559220086957,-10.54442227538294
FKBP5,-9.05688952313071,-9.311856934010343,-9.279191223404762
LHFPL5,-12.72432509064117,-12.974923326334446,-12.807349146355671
SRPK1,-9.38769846727431,-9.492226981887027,-9.379908761190066
MAPK14,-9.385935078088897,-9.360683485467279,-9.273008220845043
BRPF3-AS1,-12.39960875060048,-12.136709705421964,-11.909228019657057
BRPF3,-10.68840838193207,-10.730459529217303,-10.87464135729134
KCTD20,-9.953638824243294,-9.978093241664425,-10.083500173494748
STK38,-9.648244477110294,-9.594046991398779,-9.681627149233089
SRSF3,-8.163327336711662,-8.350835439848034,-8.383159427958116
CDKN1A,-11.427451073457016,-12.211930688206648,-12.35053955776453
CPNE5,-10.23271575890983,-10.386939463668789,-9.951181078097001
PPIL1,-10.01748610839462,-10.22172707750723,-10.105767395214446
C6orf89,-10.15401193880609,-10.118759443091161,-10.169757679472527
MTCH1,-9.112670786744262,-9.27470429827698,-9.214715958398186
PIM1,-11.396213553993542,-11.405168406047748,-11.904619248469603
TBC1D22B,-11.011527901296724,-10.88522822234881,-10.929435626223766
RNF8,-9.664802275117712,-9.835282286296763,-9.54521910034609
CMTR1,-10.834953533166528,-10.889010735222813,-10.878288982306193
CCDC167,-10.791874418225957,-10.850586121761348,-10.726516042225398
ZFAND3,-8.025364643248283,-8.023668495289222,-8.127011224862217
BTBD9,-8.771334974315653,-8.726709721160825,-8.980468691998032
GLO1,-8.826221537805822,-8.98367501878038,-8.93998473867791
SAYSD1,-11.459992676821852,-11.496129976922742,-11.496040438247933
KIF6,-11.381637936844951,-11.512504738426918,-11.34255877831225
DAAM2,-12.496709503853383,-12.28695007832655,-12.013874089361407
MOCS1,-12.054000942876996,-12.035861905663284,-12.061387046817313
OARD1,-9.816133831167969,-9.906300714463903,-9.882427108154568
APOBEC2,-10.363110884153377,-10.669125711855008,-9.78124998991477
NFYA,-10.95321264723559,-10.902197952310683,-10.971620990587184
ADCY10P1,-11.764616330576949,-11.785359640640744,-11.785853990818845
FOXP4-AS1,-12.413793724682344,-12.370490406966585,-12.660051619185454
FOXP4,-11.360946887443106,-11.267991734592357,-11.68111343523877
MDFI,-11.008364583268724,-11.236372150867135,-11.157630331733083
TFEB,-11.513859925713588,-11.646908924213704,-11.41601007765537
FRS3,-12.785818455490027,-12.85955021055436,-12.83635228193276
PRICKLE4,-12.89899752943811,-12.695302184990094,-13.01538306480094
TOMM6,-8.835368755656365,-9.000731546822607,-9.005589481732533
USP49,-10.457695588774913,-10.473083495364223,-10.610101381416316
MED20,-11.572683871724385,-11.6552504107844,-11.744054696351615
BYSL,-11.502926693131695,-11.734822952057646,-11.676899758539593
CCND3,-11.37561320181242,-11.707062972357088,-11.831966832962701
TAF8,-10.84300494780385,-10.841647872063753,-11.037645421512012
GUCA1B,-12.869375208940223,-12.836288451683302,-13.035879513818983
MRPS10,-10.052093210073139,-10.204148471508848,-10.365561167179408
TRERF1,-9.821577003789136,-9.965417719666915,-9.88326975442141
UBR2,-8.909129331060713,-8.95295794223682,-8.979195316512323
TBCC,-10.975406789226861,-11.056504995618615,-11.120137119841276
BICRAL,-10.381704836465104,-10.324887099926276,-10.490640682378759
RPL7L1,-8.90581917371398,-9.074446990348306,-9.082944568905553
C6orf226,-11.685907447031811,-11.778332084934398,-11.747611015673774
ENSG00000287825,-12.822027143025485,-12.745648988327595,-12.827854777795658
CNPY3,-10.720483523178077,-10.757596810861964,-10.801050899304226
LINC02976,-12.186208006721357,-12.278289270567313,-12.61924970259482
PEX6,-11.669339634962478,-11.686554502096664,-11.737675479552903
PPP2R5D,-11.215716281697702,-11.323240613513883,-11.240401919282908
MEA1,-10.052803130643122,-10.208979730882058,-10.165154659430726
KLHDC3,-9.658361199785128,-9.64726317633074,-9.880233142709223
RRP36,-9.978001090598358,-10.099289431121745,-10.164028949876876
CUL7,-11.375241882918923,-11.43831109737106,-11.609631351179893
KLC4,-11.155840475364242,-11.193788104837695,-11.32004117051312
MRPL2,-10.442795674096052,-10.614381365247157,-10.38335391410393
PTK7,-10.256433093951356,-10.291081030179795,-10.550942301148789
SRF,-10.257160781925037,-10.314038140518337,-10.435707433486941
CUL9,-11.582261649882053,-11.640431381203568,-11.828272070666607
DNPH1,-9.770356102997328,-9.93060036961922,-9.739164359472694
ZNF318,-10.310967047303546,-10.273221110834141,-10.311671548466421
ABCC10,-11.707614397653675,-11.705130369138361,-11.760571446760755
TJAP1,-11.521217463976107,-11.537068065855848,-11.557291948787247
POLR1C,-10.464467823676797,-10.286029775638056,-10.660461657177287
YIPF3,-10.351848143390674,-10.402416685947445,-10.432222344960122
XPO5,-10.156972587819045,-10.229810585778871,-10.306542316939964
POLH,-11.001122960926027,-11.327062175160288,-11.437109678411328
GTPBP2,-11.610729576250664,-11.741390660439789,-11.7869212983231
MAD2L1BP,-11.259438943931782,-11.245222864890764,-11.176520739727755
RSPH9,-12.749508390492231,-12.632658211882898,-12.46843346943698
MRPS18A,-10.548080424665315,-10.671774225696348,-10.644764114528192
VEGFA,-9.415014428882204,-9.34593954671895,-9.043828751554415
SCIRT,-12.613637762397376,-12.814720936978143,-12.574157726342607
ENSG00000287562,-12.195591778958422,-12.018294013163526,-12.124288421465277
MRPL14,-9.52797621933853,-9.653607398699501,-9.429849539561303
TMEM63B,-10.874987088895654,-10.82158831563345,-10.977104119112294
SLC29A1,-11.282703047463777,-11.350499209757148,-11.50435341630761
HSP90AB1,-6.3021853142000355,-6.495978795508401,-6.373173728049295
SLC35B2,-11.519689204063972,-11.536461023070098,-11.584081673984803
NFKBIE,-12.897693932858683,-13.049747604175803,-12.772012098543895
AARS2,-11.591338982386931,-11.669059523938252,-11.659458853703484
CDC5L,-9.119093756612932,-9.217915577953875,-9.199927202419586
SUPT3H,-8.39699094417869,-8.234153786406656,-8.238149545358784
RUNX2,-11.950201309632877,-12.066461606509225,-11.690598713098938
CLIC5,-9.871495990897204,-10.01261856271133,-10.032311296534255
ENPP4,-11.46372141020117,-11.303204811185548,-11.464303895541528
ENPP5,-12.211350031756384,-12.331452352603996,-11.904916020878025
RCAN2,-8.448151001876026,-8.580628359603672,-8.3772490922741
CYP39A1,-10.962252571958215,-11.067135144852637,-10.930398071398209
SLC25A27,-9.991193508711365,-9.95776709717914,-10.00134515217792
TDRD6,-13.00404036531095,-13.128651857013615,-13.13977696095573
TNFRSF21,-11.492891194328156,-11.511401449284515,-11.119634566972202
CD2AP,-9.202544036030476,-9.190969370087478,-9.212096286651262
PTCHD4,-10.630665651167144,-10.89075609426854,-10.798744376352445
MMUT,-10.441517001176509,-10.342511183033366,-10.417601616667326
CENPQ,-11.379940770789556,-11.643843947146578,-11.565075671284905
MCM3,-9.721564201271006,-10.024789337211214,-10.009696994021542
PAQR8,-11.547490261135273,-11.745583667487267,-11.657496443354663
EFHC1,-10.51042509871777,-10.48446442760915,-10.591541153269405
TRAM2,-10.789329280604024,-10.809301802760102,-11.355965559569068
TRAM2-AS1,-11.25983427167901,-11.30663541682676,-11.424550755579537
TMEM14A,-11.155357742313068,-10.938529643678967,-11.22895262195937
GSTA4,-10.173699595762681,-10.197376581405813,-10.116984342404448
CILK1,-9.875359866710731,-9.932673157412127,-10.258473602971835
FBXO9,-9.048863536183221,-8.962858908958383,-9.01860455550726
ELOVL5,-10.279219757668544,-10.128326916909034,-10.155790088254015
GCLC,-10.34352203116103,-10.22119348931782,-10.261803208982196
KLHL31,-11.088501115712521,-11.113880052101244,-10.36982698492226
ENSG00000227885,-11.00382649022456,-10.989554489557124,-11.131909651765454
LRRC1,-10.30197245408513,-10.448513156067198,-10.544548071301861
MLIP,-8.645064441943983,-8.757804318671827,-9.352514282969334
FAM83B,-11.773341189604121,-12.42394795280782,-11.642647830005092
HMGCLL1,-10.632604617547916,-10.77331088124826,-10.372326787903466
BMP5,-7.080342691719745,-7.664267171529159,-7.102060586461251
COL21A1,-11.199034156602057,-11.563302245587032,-11.025459730203194
DST,-7.87586901351312,-7.911182971433172,-7.673544191014637
KIAA1586,-9.641421146475396,-9.74647773131908,-9.666858298927535
ZNF451,-9.265556108264333,-9.272610627295219,-9.364674047472132
ZNF451-AS1,-11.963238721881059,-11.909704042058273,-11.912129350238155
BAG2,-10.203406955797336,-10.149945246484855,-10.253555637704897
RAB23,-10.855631900822676,-10.889757050564462,-10.947036475422415
PRIM2,-9.939177372664874,-10.120991538624882,-10.137535512139198
ENSG00000272316,-11.61915539028445,-11.502858782762587,-12.042955647615742
LINC00680,-11.483245751328031,-11.454045790554717,-12.019301023375252
KHDRBS2-OT1,-13.20797593827288,-12.790650921640214,-12.160973657434731
KHDRBS2,-10.245881629218013,-9.846429888817022,-9.368431748892787
PHF3,-8.170125624959157,-8.273845671263578,-8.35834701364609
EYS,-11.973063779224121,-12.154616770076743,-11.944980934586296
ADGRB3,-9.885581106122928,-10.07435545928959,-10.167918442428459
LMBRD1,-9.843278781778187,-9.760259575441236,-9.914693949400013
COL9A1,-11.297848088094238,-11.633137218224995,-12.186992307730014
FAM135A,-9.346350928346643,-9.338993165920916,-9.412299418602172
SDHAF4,-11.186232853061577,-11.191563680724544,-11.042958749254568
SMAP1,-8.983881860085125,-9.120764266923334,-9.006549619525584
B3GAT2,-11.82367294172228,-12.278517686430611,-12.156263901166165
LINC00472,-9.990242309005074,-10.119432278145938,-10.188631919138038
OGFRL1,-11.261138689739171,-11.488167971769993,-11.384494832702593
RIMS1,-11.957146464965671,-12.215303236688332,-12.504955198326014
KCNQ5,-5.6232868965749985,-5.942521328045161,-6.184964769436274
KHDC1,-12.187291339227782,-11.896905157970421,-11.740056784834657
KHDC1-AS1,-10.896759349440424,-10.909965309568527,-11.000444704358662
OOEP,-12.22237853463553,-12.373200519474404,-12.287607124059699
MTO1,-11.42274832476836,-11.548978933897278,-11.5647489889672
EEF1A1,-5.118080188143707,-5.223452454998442,-5.216389421141749
SLC17A5,-11.56887994944343,-11.377870220102995,-11.519630847196215
CD109,-12.69656721670112,-12.7971362873941,-12.281238672707035
COX7A2,-8.328771588367326,-8.465086330204029,-8.281247573013811
TMEM30A,-9.622679375358478,-9.683901182252217,-9.939706182097089
TMEM30A-DT,-12.85131919230897,-12.682988711016456,-12.91537389613923
FILIP1,-7.089363635964812,-6.981611334490474,-7.238001745558939
SENP6,-8.045617403137598,-8.053043319889028,-8.147662532389761
MYO6,-8.97260056482686,-8.91629155376756,-8.848456661507385
ENSG00000271945,-10.285772803462997,-10.917047793328033,-10.984207628276648
IRAK1BP1,-9.715668426819903,-9.581561058695534,-9.459798525436254
PHIP,-8.192927378371959,-8.209209603588166,-8.438173639174535
HMGN3,-7.878831686431979,-7.871744285531257,-8.017293507468855
HMGN3-AS1,-12.813005406585484,-12.818562580643567,-12.854913139608488
LCA5,-10.94839661715812,-10.737861645718898,-10.879518717364078
ENSG00000287811,-11.27516696579762,-10.910422324677826,-11.115789388742813
SH3BGRL2,-10.375653090731365,-10.012102255926843,-10.413355226894808
ELOVL4,-11.177296518999446,-11.10429630467316,-11.244286083802487
TTK,-10.760739176611073,-11.572932097707314,-11.253803128893603
BCKDHB,-8.548577206944524,-8.506929718782361,-8.704573520183796
ENSG00000233967,-11.62549622170977,-11.375985407528919,-11.751784573018286
TENT5A,-9.659845813009204,-9.463157241781271,-9.485367103601567
IBTK,-9.317722053498704,-9.338747779244326,-9.430469348319285
TPBG,-12.03092203907937,-11.906308865649287,-12.388587080877267
UBE3D,-9.229220757064295,-9.274522465560912,-9.30058573109741
DOP1A,-9.216193117617564,-9.274424529211416,-9.344443589402738
PGM3,-10.13196349429046,-10.059347652807427,-10.126581005077766
RWDD2A,-11.434651440957618,-11.275688592063739,-11.367658628464962
ME1,-10.873740775740597,-10.92804080444739,-11.285598726763444
PRSS35,-9.837607758932347,-9.614630215410234,-10.273422366974238
SNAP91,-9.49004045199987,-9.503607130661214,-9.810599972383136
CYB5R4,-10.716059271036409,-10.631946301041475,-10.727470524435082
MRAP2,-12.08871022503152,-11.668820434933268,-11.737004001455928
CEP162,-9.598107328071748,-9.645760616802514,-9.80518660265635
LINC01611,-12.981789502210365,-12.895013243434912,-12.85286036360369
TBX18,-12.178029458682964,-12.544222423805897,-12.528224987335426
SNX14,-9.25578658003596,-9.233387778831167,-9.366817899673917
SYNCRIP,-8.689591918114353,-8.837978565335327,-8.845044009477977
SNHG5,-8.55767750504697,-8.845913622622879,-9.287769946094098
HTR1E,-11.8488768424043,-13.113107010686665,-12.141643143492132
ZNF292,-8.029136424299127,-8.137132573854636,-8.14512683204162
SMIM8,-9.444779032867856,-9.692105569677533,-9.44011755179648
C6orf163,-12.541968320839949,-12.869564078728004,-12.467636633575088
SLC35A1,-10.481511604698529,-10.432391305620563,-10.575680930244499
RARS2,-9.369536129319945,-9.377317162503585,-9.481038074627728
ORC3,-9.653641951356287,-9.703143987158949,-9.743602223426024
AKIRIN2,-9.796110689127262,-9.867776985455269,-9.955265502195344
RNGTT,-9.368489702740826,-9.407264269910387,-9.496919897103338
PNRC1,-7.906786927910726,-7.914880918604221,-7.91274825747411
SRSF12,-10.603779864590884,-10.673271614844843,-10.867291691390818
PM20D2,-10.545651719906973,-10.865574652832215,-10.997663127679292
GABRR2,-13.000020309414912,-13.065516741743355,-13.089723575294883
UBE2J1,-9.683781495533298,-9.762568764830462,-10.044461552480646
RRAGD,-9.428500741619184,-9.628920414482549,-9.554609328808262
ANKRD6,-9.726951158789138,-10.038009938399087,-10.253788058755987
LYRM2,-9.662682498258645,-9.714750976281817,-9.808641876266996
MDN1,-9.36196889155317,-9.413847873878023,-9.514909861399154
CASP8AP2,-9.836786066061801,-9.971215359851966,-9.988198158636665
BACH2,-9.056506143392514,-9.150895258018728,-9.212680312889516
MAP3K7,-9.385083816873209,-9.364294180088809,-9.567880714777441
EPHA7,-8.290907906812544,-8.108086348348277,-8.346396584586747
ENSG00000287683,-8.515197917829541,-8.942622335589789,-8.649979195399832
ENSG00000288085,-11.073588475594017,-11.821098634636321,-10.86720614228583
MANEA,-10.776184999870296,-10.683040756070717,-10.858927858042989
UFL1-AS1,-11.307204326724197,-11.308289254422332,-11.129744936343258
UFL1,-9.368954958260291,-9.395688079236365,-9.281901102409265
GPR63,-12.364238766367022,-12.275455550795963,-12.176521626496235
NDUFAF4,-9.850924466693833,-9.917811329298685,-9.702899885603442
KLHL32,-12.174638044277732,-12.355001079975917,-11.931027869447403
MMS22L,-9.621075618579907,-10.027105333778579,-9.960890859551366
ENSG00000271860,-11.836340332315402,-12.080092662024578,-11.977092853734334
FBXL4,-9.67518682070944,-9.780509303887003,-9.740633763537147
FAXC,-12.655505025628932,-12.992307208174909,-12.969664877055912
COQ3,-12.294849662890504,-12.128246275304326,-12.013910343938985
PNISR,-7.952082757623703,-7.882954615617141,-7.895607664486264
PNISR-AS1,-11.74945485514235,-11.705525796864533,-11.90270902995612
USP45,-10.175932487924195,-10.148452036274454,-10.067068110455047
TSTD3,-9.687879798624683,-9.649136935836705,-9.927195134993582
CCNC,-9.665397257376128,-9.696390048991331,-9.677381147938206
ASCC3,-8.372963269427304,-8.646803523140633,-8.773692696157665
ENSG00000260000,-12.698798552100333,-12.843893460034336,-12.829622949753672
GRIK2,-10.607045614608552,-10.964994457169155,-11.482921844680055
HACE1,-10.049597086831895,-10.100083144439523,-10.132554710028659
LIN28B-AS1,-12.661240658908472,-12.590745895089949,-12.578386878189795
LIN28B,-8.8374680124735,-8.896774504224508,-9.064165650458467
BVES,-9.19844979042878,-9.184296621554925,-9.001276619931899
BVES-AS1,-11.045250930413872,-11.363577825287113,-10.905033011202422
POPDC3,-9.585413691110013,-9.72242535051216,-9.288272900002616
PREP,-9.60497342090773,-9.755696488215657,-9.534412277395115
ENSG00000286084,-12.858820138111573,-12.30773725998931,-12.483893910573505
PRDM1,-12.984977074161181,-12.513797793024322,-13.099332506904519
ATG5,-9.46852113583394,-9.444801908624125,-9.453489385783852
RTN4IP1,-11.224434656053909,-11.118999313903018,-11.305881866236023
QRSL1,-10.087448836920549,-10.06998357279808,-10.203171155433793
CD24,-9.321003997288495,-9.022493791911014,-9.491356957234673
MTRES1,-10.456204432063636,-10.531595224621752,-10.414678368166383
BEND3,-11.657028248328698,-11.796987333949499,-11.923956661310413
PDSS2,-8.918111762014723,-8.988929329058905,-9.101803192677032
SOBP,-8.135691335217484,-8.521394515612284,-8.187193888414962
SEC63,-8.962248493233394,-8.956479268900859,-8.985006216741434
OSTM1,-10.347276899535391,-10.245234300940055,-10.540062078612355
SNX3,-8.660370469007509,-8.75043635604159,-8.602064481387288
AFG1L,-10.318712373763503,-10.309864359042216,-10.289594149557564
FOXO3,-9.671609741213087,-9.693033373914828,-9.763722983488558
ENSG00000286511,-12.96412385058038,-12.789137112508772,-12.991947523984665
ARMC2,-10.960981545890768,-10.885962960434528,-10.721685704137437
SESN1,-9.614527474547675,-9.68647497623306,-9.7398473756674
CEP57L1,-10.123251446819534,-10.160738584737878,-10.278301367132924
CD164,-8.747147437613133,-8.755674898507277,-8.896885721531504
PPIL6,-11.339476475827661,-11.208186216026956,-10.986897143426711
SMPD2,-12.821914084176367,-12.826009565232985,-12.857138281446721
ZBTB24,-11.069596341174746,-11.143778242350393,-11.21048223917892
AK9,-10.463635997702056,-10.29975624697283,-10.590314714707146
FIG4,-10.606537754215728,-10.559699164749443,-10.663445346879202
WASF1,-8.926443464871047,-8.873799922736477,-9.39644885452074
CDC40,-9.533206644226928,-9.623228667579431,-9.756665250380584
METTL24,-10.106917580146472,-9.956776795105059,-11.121013879152922
CDK19,-9.380005550083489,-9.459710157789113,-9.58663363762649
AMD1,-9.623600775715051,-9.653668880170164,-9.630031508739687
GTF3C6,-9.4846234970821,-9.589047255652963,-9.550410349077584
RPF2,-10.1530905214722,-10.300734134736523,-10.134181908789378
SLC16A10,-9.994354374464901,-10.185549195865319,-10.511330488209868
MFSD4B,-9.895474031991606,-9.813487927911806,-9.928106041387379
REV3L,-8.140677831209691,-8.151358172983219,-8.450280352070335
ENSG00000272356,-13.117589253308726,-13.094670771177118,-13.116221983949517
TRAF3IP2-AS1,-8.998787301098156,-9.027470638173344,-9.280982376561425
TRAF3IP2,-11.31470730725347,-11.319386918109766,-11.632427223963642
FYN,-9.274840037105243,-9.156726828324134,-9.361444775637553
TUBE1,-10.828212192753952,-10.821077286195594,-10.861181198763921
FAM229B,-10.624916475194606,-10.563584958296417,-10.62247491330938
LAMA4,-8.272570217243894,-8.732259562635264,-8.593863192379056
MARCKS,-9.70541993076691,-9.843787417794339,-9.365542101257315
HDAC2,-8.250072177487917,-8.459644923184241,-8.322104004027171
HDAC2-AS2,-9.811922340502521,-10.101108444224218,-9.995401572145754
HS3ST5,-9.284897776776047,-9.735512217020519,-10.219769470959355
ENSG00000287097,-12.090235832043097,-12.215994132328092,-10.610224690069124
ENSG00000289376,-12.89155915622411,-12.396714103891341,-11.886679919002232
NT5DC1,-9.079865857358056,-9.240795108774623,-9.100098462274415
TSPYL4,-10.344758661566015,-10.402920043590587,-10.40314584997883
DSE,-9.57717611985519,-9.600708086535755,-9.787872379877115
TSPYL1,-10.544833713110863,-10.58614027111782,-10.621652182832088
CALHM6,-12.346913750004562,-12.722532287604519,-12.61331948786229
RWDD1,-9.057154129050213,-9.148428473626327,-9.071384409014264
ZUP1,-11.065284389025212,-11.04769671488379,-11.128047869265606
KPNA5,-10.106760347337778,-10.022948234647696,-10.243952499699423
DCBLD1,-11.472071045696204,-11.436989241348053,-11.59789236231422
GOPC,-9.186777529596178,-9.90284532065494,-9.210808509683039
NUS1,-9.9339065669065,-9.950886482286952,-9.971618786330337
SLC35F1,-8.361110317906997,-8.37299850577408,-8.699550110042404
CEP85L,-9.716966841772514,-9.611529965447206,-9.615644767682683
PLN,-7.542446571874253,-7.736211865570669,-7.466507361475175
MCM9,-10.082328124587036,-10.118655209064753,-10.160081726833523
ASF1A,-10.507270290056029,-10.670959522647605,-10.664976595259269
ENSG00000253194,-11.353612686631857,-12.291979535077372,-11.077580127012371
FAM184A,-9.783757880830082,-9.604921112746233,-9.776990200332559
MAN1A1,-9.17032305878211,-9.431840753346078,-9.108788570647734
ENSG00000287100,-10.889753991119491,-11.261794995196466,-10.522679855517717
TBC1D32,-9.901623557728858,-9.802230304729898,-10.090072161589784
GJA1,-9.942416188185476,-10.798413724705592,-10.894180692783403
HSF2,-9.816948489429128,-9.82034242659898,-9.87702745783952
SERINC1,-8.947341633646575,-8.922460192363856,-9.134007277718364
PKIB,-12.411930193994525,-9.648685678711958,-10.937483972798363
SMPDL3A,-11.625215808095122,-11.686104328882,-12.224597845300224
TRDN,-7.324021406273045,-7.3409002130623,-7.470649708752398
TRDN-AS1,-9.03407381565037,-10.189474370749,-10.638668775066074
ENSG00000285941,-12.013537442737226,-12.064859593197088,-12.065526069145928
NKAIN2,-9.398870793220484,-9.909001549710304,-11.031908710901687
RNF217-AS1,-11.39215577900087,-11.71726245883058,-11.556580275469408
RNF217,-9.155137972817188,-9.358062894295838,-9.480574143816266
TPD52L1,-9.468021407591554,-10.02258496892842,-9.687994384122055
HDDC2,-9.411319517419306,-9.713539719523226,-9.494401717514805
ENSG00000226409,-12.090351133797476,-13.160379139251324,-12.745943040002716
HEY2-AS1,-9.73448713697687,-10.415409507283954,-10.388745425976808
HEY2,-8.963819325248656,-9.834704110535489,-9.632845535673951
NCOA7,-10.274552131506576,-10.73323505294968,-10.559035186617281
HINT3,-10.429334097630038,-10.477419991211386,-10.508348133234792
TRMT11,-8.807705958883947,-8.834936411979276,-8.80864691791922
CENPW,-11.05374457225692,-11.569360726827043,-11.296152513435473
RSPO3,-9.577484752121041,-10.046341024761158,-10.034814908072086
RNF146,-10.116400450570163,-10.096735360576936,-10.145000220739902
ECHDC1,-9.237014946774897,-9.324072578056846,-9.4526792067198
PTPRK,-6.804586057789282,-6.934713728590873,-6.72845039853452
PTPRK-AS1,-12.752588518064965,-12.65023471370174,-12.309354288361424
LAMA2,-7.164553437549398,-7.777758331641519,-7.417605261270407
ENSG00000226149,-12.729502195701993,-13.23169844685208,-12.839695545792493
ARHGAP18,-12.767952985997805,-12.678138653585487,-12.387419831658091
L3MBTL3,-11.09866047631259,-11.17676921392278,-11.15842872071092
EPB41L2,-9.331549165596664,-9.426513507146279,-9.967654560116888
AKAP7,-10.563494416162237,-10.411712769913615,-10.422186295038367
MED23,-10.077006359629051,-10.138093058490263,-10.174592348222593
ENPP1,-12.253480834966796,-12.146058884051165,-12.372640071262444
LINC01013,-10.324088221199093,-10.252734751101505,-10.624762952526112
CCN2,-9.735440201357134,-9.075764774981506,-10.7200705448547
MOXD1,-11.642901334250045,-11.340050760214469,-11.972495481099202
STX7,-9.776691177635927,-9.761528219746141,-9.770799028306222
SLC18B1,-11.189061030766924,-11.552754185792024,-11.048007333636315
RPS12,-6.266078120331951,-6.420139506177269,-6.41553556403173
TARID,-12.562621511921254,-12.865262809802552,-12.700245524541526
TBPL1,-10.944790853560665,-10.99774029916676,-10.962930024146825
SLC2A12,-11.759094849309067,-11.72668284784046,-11.951217552887785
SGK1,-12.303887375453586,-12.696883954762566,-13.003924177473637
ALDH8A1,-12.56887818271139,-12.701571218657323,-12.131320882759166
HBS1L,-9.418712185086095,-9.520074868755405,-9.472902826107775
AHI1,-9.211644579384522,-9.44469886273955,-9.151427579585116
AHI1-DT,-11.135330125662893,-11.465950532272577,-11.128895719426783
PDE7B,-12.316431978819875,-13.007278616042786,-12.589503026114505
BCLAF1,-8.20797226811985,-8.25829290788546,-8.38355685741446
MAP7,-10.377908971894728,-10.822331120599257,-10.143002280927568
MAP3K5,-11.24068373087544,-11.874888948733126,-11.104451440176964
PEX7,-10.752143425813761,-10.675982141006802,-10.624555779692349
IFNGR1,-10.25086342155064,-10.253086254767407,-10.243191891684086
WAKMAR2,-12.139262984426031,-11.282491608145188,-10.877847916352332
TNFAIP3,-12.46665500666504,-12.066546881003902,-11.702159064739817
PERP,-9.072606565814796,-9.098413624528728,-9.185321295185274
ARFGEF3,-11.762553691644873,-12.359875379819451,-11.296900180625414
HEBP2,-9.38664013836182,-9.606217825087477,-9.298107032437253
NHSL1,-9.27235592722146,-9.734649762749545,-9.71309165622034
NHSL1-AS1,-12.367480078310559,-12.621548554116861,-12.591513673074367
CCDC28A-AS1,-12.039130068840889,-12.35431310420654,-12.794672913505845
CCDC28A,-11.072225106098395,-11.186784488568714,-11.232921445056137
REPS1,-9.36580913456495,-9.409476547087397,-9.460027717445762
ABRACL,-10.392543594884529,-10.53519970405071,-10.5839952302959
HECA,-10.886936950887302,-10.949029708829633,-11.080542522410088
TXLNB,-10.668640782685175,-10.157426536663115,-10.734612549569418
ENSG00000226571,-12.234272457729066,-12.431020779458828,-12.190119590624937
CITED2,-8.76273334203362,-8.858518616798413,-8.858179721775832
VTA1,-9.508929144955399,-9.567914687378018,-9.586503116882012
ADGRG6,-10.403029617698856,-10.369008731826193,-11.30734676652301
HIVEP2,-9.515721648327812,-9.492111523956751,-9.641347580622101
LINC01277,-11.997941842112807,-11.920686115611371,-11.689921213772989
AIG1,-9.237195086548144,-9.292176495033278,-9.149962807261268
ADAT2,-11.076452517157653,-11.095017072997365,-10.942635186297474
PEX3,-10.229821322692365,-10.36693327229793,-10.298665424001882
FUCA2,-10.743114411748502,-10.45337120094284,-10.572939998831353
PHACTR2,-8.45264550513648,-8.542611376241208,-8.8090784132517
LTV1,-10.335246925819938,-10.404516521911484,-10.361903659124946
ZC2HC1B,-12.901699578240773,-12.461901009236325,-12.291384410530943
PLAGL1,-10.062246734805816,-10.204514930762361,-10.690779499498458
HYMAI,-11.964121669732863,-12.022869057559268,-12.546117611903552
SF3B5,-9.0879748742849,-9.310925123481907,-9.126911912320647
UTRN,-7.91426517968966,-7.89725040894063,-8.305256882450324
EPM2A,-9.798206639488688,-9.644154678774012,-9.833749180444338
FBXO30,-10.282795288659461,-10.282839009548516,-10.360053647134611
EPM2A-DT,-11.079532586004737,-11.04904723012732,-10.68365654496989
SHPRH,-8.720490893122395,-8.734791729076719,-8.778290547344442
RAB32,-11.372883628905994,-11.74908862327411,-11.453949277916378
STXBP5-AS1,-12.04521075932472,-12.162853827785506,-12.563841915677603
STXBP5,-9.407515660853466,-9.508476667461464,-9.58796495180145
SAMD5,-10.66641325699789,-11.178096550820449,-10.833562549295001
ENSG00000227681,-10.882224740545361,-11.459469858110397,-11.019142044729588
SASH1,-9.663097069792695,-9.80199745648796,-9.81880449198838
UST,-9.843398632421703,-10.022339419325117,-9.916477048467788
TAB2,-8.688556478347015,-8.696970745166231,-8.799392273194787
SUMO4,-12.17928854244188,-12.0176991588444,-12.056971233990408
ENSG00000289045,-12.720051300926729,-12.651911580154602,-12.619192838555485
PPIL4,-9.176248508590222,-9.249857698229723,-9.31199399228208
GINM1,-9.395592978342053,-9.455762445680834,-9.553741315077652
KATNA1,-10.42126471200267,-10.556982548345204,-10.55324078012487
LATS1,-9.929717818214751,-9.906388895040553,-10.115428102116384
NUP43,-10.537980534427497,-10.729040236736564,-10.768698582550266
PCMT1,-9.415256408928961,-9.406393223603901,-9.37688684218505
LRP11,-11.570211828984325,-11.533977859814328,-11.490184904012546
ULBP3,-12.367333738458383,-12.500585955003693,-12.676624462888249
PPP1R14C,-8.656417053545463,-8.87517899646428,-8.403144882842867
PLEKHG1,-9.99971513987454,-10.362036628456352,-10.41541271915564
MTHFD1L,-8.950465374616378,-8.962634712376769,-9.081663730824939
AKAP12,-8.410519362093638,-8.44899588451809,-8.612907392364129
ZBTB2,-11.308068746761505,-11.449888752227759,-11.593271044963931
RMND1,-10.163416262651834,-10.263240173664748,-10.284121310247004
ARMT1,-10.14377975034265,-10.292511004739682,-10.309504695491775
ESR1,-11.10038721002212,-11.111995396831984,-12.936623168391614
SYNE1,-9.036198277146744,-9.076466620683227,-9.328670312734857
FBXO5,-10.510405367515238,-10.8600235205295,-10.789705814498918
ENSG00000227627,-11.990858902176951,-11.979844257087125,-12.208457809363537
MTRF1L,-10.196784684189467,-10.204051575299658,-10.214484448247463
RGS17,-12.021144422304108,-12.196721549790617,-11.752461267013473
IPCEF1,-12.322939382393827,-12.21395602680406,-13.023545295848514
CNKSR3,-10.289093545083823,-10.352137656594856,-10.315290726858443
SCAF8,-8.932256567304075,-8.895305971968833,-9.030176113411576
TIAM2,-9.51466052042223,-9.409584305836828,-9.589288876480373
ENSG00000235381,-12.935915504737604,-12.91228073840525,-12.811819193722947
TFB1M,-9.872773658357785,-9.953579326862458,-9.7507849150469
ARID1B,-7.84075503292289,-7.927835208217211,-8.057124708721775
TMEM242,-10.349010120904689,-10.415469181782264,-10.554424974850065
ZDHHC14,-10.341466697772422,-10.289597132737287,-10.548198463253167
SNX9,-9.409078106282173,-9.419241374065978,-9.44280826437973
SYNJ2,-11.099239846291908,-11.070250326978522,-11.61871438890853
SERAC1,-11.103876604709258,-11.129152566345843,-11.142068657803254
GTF2H5,-9.51709814826244,-9.572489162607086,-9.492754295821708
TULP4,-9.070271069403718,-8.997912139538094,-9.24171133976078
TMEM181,-9.428914110301683,-9.309179724620176,-9.66286102143492
DYNLT1,-8.709161071509932,-8.72742794332369,-8.797341724737493
SYTL3,-11.04714308537589,-10.903823238474095,-11.241286535986974
EZR,-7.629053519901987,-7.81507603169935,-7.607409423470661
RSPH3,-10.267260005793215,-10.224687785034828,-10.36884423771846
TAGAP-AS1,-11.594025335557436,-11.329985881413823,-11.424131198247167
ENSG00000286533,-11.792375450898806,-11.098468993917272,-11.49051699206745
SOD2,-9.333850071359326,-9.298734637448051,-9.272362645250833
WTAP,-9.155786904920205,-9.290466179330503,-9.278048026539517
ACAT2,-10.827339411039047,-11.009738891652036,-11.11772470391801
TCP1,-9.006990363453028,-9.208560107728715,-9.170968667236577
MRPL18,-9.902595834543366,-10.02258621034608,-10.041060213552052
IGF2R,-9.022635485469339,-8.914222660468385,-9.24547026358776
LPAL2,-12.528044760372577,-12.651982390532268,-12.593687152164796
MAP3K4-AS1,-12.672671891495673,-12.716502520312446,-12.879914743982242
MAP3K4,-9.450572505418275,-9.440997653907163,-9.524217535241046
AGPAT4,-9.62390270296234,-9.706498409457298,-9.692311277666162
PRKN,-8.305309707683014,-8.321248852364278,-8.338314817229891
PACRG,-9.849875274452526,-9.692975926857091,-9.642518919744829
CAHM,-12.037809016375814,-11.902620332042918,-11.852241359538878
QKI,-6.786924390842025,-6.891821100784323,-6.700929905068971
PDE10A,-9.659690021720508,-10.290547237462855,-10.297061765669447
SFT2D1,-10.387729454994025,-10.414011561329149,-10.509657481511901
ENSG00000286760,-13.109344270933917,-12.829811291212904,-12.656354662498085
MPC1,-9.776854336575697,-9.892735915880131,-9.723218261912518
MPC1-DT,-12.709377544266712,-12.72316542041395,-12.535959597940385
RPS6KA2,-9.520430020277246,-9.686694122188316,-9.586184209398096
RNASET2,-11.280308593690801,-11.236489726064239,-11.138666055819268
ENSG00000227598,-11.210422203921544,-11.76132492539181,-11.79051625170804
CEP43,-9.971595765621053,-10.018672495774004,-10.171187253023481
ENSG00000287594,-12.210970525232678,-12.95478760624038,-12.475513284885887
AFDN-DT,-11.056059116047807,-11.381925038224281,-11.267790119474553
AFDN,-7.798092902001954,-7.948180594712185,-7.912609218576566
SMOC2,-12.672560671932864,-12.147678306232153,-12.385692307234814
WDR27,-9.753894932897866,-9.655451067630315,-9.795234721169258
C6orf120,-10.280430211692043,-10.165823014570119,-10.287399253952596
PHF10,-9.80612124367858,-9.821230778255638,-10.008888550463912
ENSG00000227704,-10.832160814177783,-11.159298287173366,-11.01209388413705
DYNLT2,-12.18792147914701,-12.367281347248865,-12.262906512949879
ERMARD,-11.219736146760225,-11.279020043123719,-11.34605683565581
DLL1,-13.138026665566965,-12.905846966418972,-12.990824753216144
FAM120B,-9.232501906913996,-9.230974291979514,-9.283927745820517
PSMB1,-8.48821026758309,-8.622448668008541,-8.564630502921323
TBP,-10.832728494465453,-10.954940520277432,-10.954459252539362
PDCD2,-9.733893384487951,-9.853824817305112,-9.92101389856108
LINC03015,-12.055781807247335,-12.570121625360418,-12.503403798613483
FAM20C,-12.354954872190959,-12.65874477138379,-12.719679439245049
PDGFA,-11.410259437117029,-11.284226351479854,-11.836600798687112
PRKAR1B,-10.676226898497976,-10.780493567744493,-10.814123767728562
DNAAF5,-10.616696513751693,-10.717099546517247,-10.755961170881376
SUN1,-9.51919585008117,-9.501356977633245,-9.567801385720143
COX19,-10.562246294125478,-10.572870251828391,-10.665044907974922
C7orf50,-9.682489688404711,-9.895258472883219,-9.861070343689665
GPR146,-12.752797355010106,-13.18319361147266,-13.034276185807968
ZFAND2A,-11.538110781141325,-11.823084300603686,-11.689626056027137
ZFAND2A-DT,-13.10744091808534,-13.229398499323125,-13.170134919112504
MICALL2,-12.903437706217192,-12.857836920861972,-13.105779730840716
INTS1,-11.48785452432477,-11.5578267106576,-11.609423576363612
PSMG3,-10.486995705919457,-11.350922952639742,-11.350409811511813
PSMG3-AS1,-12.208092371604153,-12.74011395048499,-12.811942678703168
ELFN1,-11.62742132911464,-11.522340242764598,-11.508775523304458
MAD1L1,-10.131910454823714,-10.286818842567351,-10.320687465064982
MRM2,-10.595636012713822,-10.756009629575592,-10.669037728445394
NUDT1,-11.430767094765278,-11.770847639540678,-11.613074644612187
SNX8,-11.20350615832874,-11.272894855886584,-11.456753697920632
EIF3B,-9.574869920176539,-9.752247019569738,-9.6595613340566
CHST12,-11.213762611766198,-11.226142765895617,-11.13406303730878
BRAT1,-11.109425994978759,-11.153877097607797,-11.190372016751871
IQCE,-10.658057456251731,-10.528446246349922,-10.87269034217552
TTYH3,-10.890866113689338,-11.011671505322832,-11.112924951465287
AMZ1,-12.293090195829116,-11.97230393230363,-11.612433744265095
GNA12,-9.759651042913955,-9.653906789732734,-9.845696117006364
SDK1,-7.506864968460367,-7.610702157221152,-7.801296252971953
FOXK1,-10.346643227686183,-10.437990466830389,-10.479196202817482
AP5Z1,-11.978951536562253,-12.12611311130927,-12.144546439211826
RADIL,-9.817108294286326,-10.06263200101867,-10.192123392564117
PAPOLB,-12.34213087711526,-12.55124521775364,-12.687752079174752
RNF216P1,-10.062645745532366,-9.995570584807068,-9.99548236881633
RBAK,-10.585792022482618,-10.575677106277825,-10.698062213078671
WIPI2,-9.892088809093357,-9.92497558524339,-10.03811827952887
SLC29A4,-12.656655213414835,-12.824177079355175,-12.587211210141747
TNRC18,-9.4601924746402,-9.426758330141311,-9.759616894643978
ENSG00000272953,-12.478370078963009,-12.505647977953661,-12.338816246657437
FBXL18,-11.78115994042025,-11.837143711977216,-11.987942473735869
ACTB,-7.184044108152801,-7.306998947787809,-7.410254466982505
FSCN1,-9.604399630872958,-9.756825133291445,-9.72548417605567
RNF216,-9.256045599975392,-9.268701160363698,-9.368066997672644
ENSG00000291099,-12.770622930401133,-12.618572865605223,-12.72914259931124
CCZ1,-10.819727519642612,-10.962196385648756,-11.189037835492968
PMS2,-11.052163433710458,-11.303095631075685,-11.182193983488162
AIMP2,-10.015035419372452,-10.139890868299673,-10.204439587323115
EIF2AK1,-9.23304345452188,-9.416751418457537,-9.350171515180419
USP42,-10.368005496206612,-10.310004445253346,-10.439148209436164
CYTH3,-10.254852588781157,-10.261575927519944,-10.266733665097181
RAC1,-8.345805653108277,-8.560538606151361,-8.440071381661278
DAGLB,-11.859539942378879,-12.00568361776605,-11.96009042340899
KDELR2,-9.521255634678106,-9.559679042175741,-9.702794820530737
ZDHHC4,-10.643982033469078,-10.566817086316027,-10.526733547571078
INTS15,-11.179059178885675,-11.192497289984187,-11.286918764250215
ZNF853,-12.179427285121228,-12.155798285300822,-12.272410680397725
ZNF316,-11.69788737803247,-11.72844384210826,-11.831602191692964
ENSG00000228010,-12.495041023334817,-12.420223670846273,-11.865883451421427
ZNF12,-10.506489283438231,-10.518142184672563,-10.578080909772211
ENSG00000290835,-11.973095492117368,-12.053053923789404,-12.100408851628451
CCZ1B,-11.162215913709652,-11.122246508371562,-10.932108500500371
C1GALT1,-9.589921746579211,-9.686158024210428,-9.76248558734892
MIOS-DT,-13.24594990410915,-13.002878216776974,-12.802363766748163
MIOS,-10.125289063689095,-10.253683209016804,-10.280171306918426
RPA3,-10.181098106798242,-10.469683157074542,-10.354504881052906
UMAD1,-9.684103771143805,-9.596862337003762,-9.743913067762264
GLCCI1,-9.591771375961528,-9.530707171422286,-9.167527354465163
ICA1,-9.988093268281304,-9.780625144393866,-9.849152363175016
ICA1-AS1,-12.071947612021107,-11.931154381261543,-12.362296510978341
NDUFA4,-7.392044769430094,-7.498959486067158,-7.416964857724552
PHF14,-8.623555581565697,-8.783434429101531,-8.765856408310436
ENSG00000230333,-11.437330325701819,-12.015286198296858,-11.230691505899516
THSD7A,-8.606845969598766,-9.115178018181378,-9.26818463090236
TMEM106B,-9.367716359164458,-9.342371381056072,-9.326933220784614
VWDE,-8.422309176104031,-8.019408063535995,-8.283682743942114
ARL4A,-11.381938477637561,-11.439893658871481,-11.128673595088735
ENSG00000229618,-12.739680701890077,-11.193218262848116,-11.315550603994085
ETV1,-7.962493294574333,-8.564347988398561,-8.765328724945736
DGKB,-11.46718430316873,-10.861149734868416,-11.43960350106482
ENSG00000286376,-11.874042632819416,-12.158142651836096,-12.66771778969178
CRPPA,-8.770990627417202,-8.921934883581752,-9.01222348806493
ANKMY2,-9.570685646187293,-9.517689232836126,-9.436708988527297
BZW2,-7.928788592233862,-7.848587616148107,-8.005925834914745
TSPAN13,-9.718418895702033,-9.930971534121078,-10.342766164680803
AHR,-11.490065056116073,-11.540978580128165,-11.258016832374437
ENSG00000237773,-12.912867051390581,-12.844242830477757,-12.877914575804942
SNX13,-9.185545507759336,-9.288646269784618,-9.326130905622913
HDAC9,-8.171782610671903,-8.255577935073845,-8.700799870879662
TWIST1,-10.637739752688379,-10.623314044225022,-10.732093114792976
POLR1F,-10.391088388812161,-10.475016347326903,-10.370681381773313
ITGB8,-12.845271686155161,-12.828387247083558,-12.135632642322525
SP4,-10.20030897970944,-10.298062342557088,-10.352915520779321
DNAH11,-10.07182371508753,-11.220887536361916,-10.674523341453348
CDCA7L,-9.640591772052934,-10.327159953973496,-9.792579465926902
STEAP1B,-12.11748650400011,-12.816465697704365,-12.376228314370696
TOMM7,-8.468310258250419,-8.437842672414238,-8.626047676838438
HYCC1,-9.698557839910187,-9.700609108167177,-9.895021588522308
KLHL7,-9.422607925541206,-9.464093795367022,-9.728727310448317
NUP42,-10.15789737080413,-10.079147017795822,-10.05566123665178
MALSU1,-10.297834207890405,-10.378026071383102,-10.344365149835232
IGF2BP3,-8.312202320791618,-8.40519977007051,-8.475768711895011
ENSG00000289109,-12.363183034291803,-12.786417080770542,-12.492774105652535
TRA2A,-8.476401195710743,-8.55933530559768,-8.603554276973444
CCDC126,-10.96893418842939,-10.871270594285035,-11.031165573560694
FAM221A,-12.12738566515337,-12.00614870661423,-11.624907852578685
NPY,-12.982225245365202,-12.516812850525193,-11.818658177348532
PALS2,-9.712471335592511,-9.547988006047994,-9.611020565177368
GSDME,-12.14818032062424,-12.274903451776627,-12.531659980130124
OSBPL3,-10.328412216413206,-10.281703209906931,-10.208178572736244
CYCS,-8.636706909330872,-8.610109528768307,-8.582392767196117
C7orf31,-11.719794034214623,-11.601650900129963,-11.773510416331796
NFE2L3,-13.103341320501215,-13.0710707322069,-12.761335696373715
HNRNPA2B1,-6.746643914798267,-6.91516073867956,-6.9429613553721286
CBX3,-8.071049620408472,-8.232717478357015,-8.044785000711288
SNX10,-11.997832286734132,-12.20537697166742,-11.952303046787803
LINC02981,-11.53253778568742,-12.014659738235954,-10.846413574837031
SKAP2,-12.568719251507174,-12.263899865427941,-11.7443645987447
HIBADH,-9.141698031326307,-9.10265238472479,-9.220232710555317
TAX1BP1,-8.269988589387667,-8.328630847019287,-8.36821911953913
JAZF1,-9.127054767339112,-9.31915900978671,-9.579493353642665
CREB5,-10.235531312984776,-9.606663225087363,-10.557742900198207
CPVL,-10.090541166218134,-9.767026265681023,-9.607484488556661
CHN2,-9.750038342657497,-9.275410285840993,-9.678234047500164
PRR15-DT,-12.209709251033075,-12.269230293111276,-13.05602097935781
ENSG00000288973,-11.35047987035639,-11.42067526708563,-11.771921863621367
DPY19L2P3,-10.985135094439759,-11.327310244580618,-11.380298160894807
WIPF3,-10.69711942204436,-11.672137261587672,-11.10257463133601
SCRN1,-10.279800516634545,-10.32595216885071,-10.26985868747668
FKBP14,-10.446322571418923,-10.544983071086039,-10.633547564299093
PLEKHA8,-9.559721126302314,-9.640580017089283,-9.612445083705735
MTURN,-10.163739410284636,-10.17763568008539,-10.862402326689079
ZNRF2,-9.263663527733845,-9.340031840575193,-9.721199025833904
LINC01176,-11.776702038618435,-11.801599424212883,-12.353683578655678
NOD1,-9.70637613736418,-10.265562499912157,-10.23791886092539
GGCT,-9.517108653206474,-10.056597738137238,-9.588820274697893
GARS1-DT,-10.325751800306989,-10.345763741168978,-10.571511992301316
GARS1,-9.534937460503901,-9.64083109497958,-9.50843164767422
MINDY4,-11.477567918938986,-11.416836240898638,-11.45655066614111
AQP1,-12.639962752558201,-12.90506890603976,-11.329175616675492
PDE1C,-11.758338470173221,-12.428072202594448,-11.631982078227143
LSM5,-9.442168386560251,-9.59635369744848,-9.415827891105232
AVL9,-9.459996760945597,-9.441175932003565,-9.59679098654851
ENSG00000273014,-12.349851095598636,-12.249797960264672,-12.700344154487613
LINC00997,-12.6440033746739,-12.499506588479852,-12.886830400201445
KBTBD2,-9.89860440140924,-9.921582989125074,-10.093263749321657
RP9P,-10.796031364241566,-10.79158835482294,-10.914488897026182
FKBP9,-10.904400841807487,-10.796907852740276,-10.993976950564852
NT5C3A,-9.727566520033903,-9.874188081176452,-9.84224369433682
RP9,-10.066928057378188,-10.20239209680581,-10.106785020721613
BBS9,-9.169708356871988,-9.043476646544905,-9.143461511028075
BMPER,-8.768446035730749,-8.617767277585386,-8.63179810587358
ENSG00000236212,-12.226922987967962,-11.058780500828238,-11.29823090129867
DPY19L1,-9.845997315540371,-9.817473120368945,-9.914421043769208
ENSG00000287249,-12.042687988586172,-11.83825160663148,-11.956914756113903
ENSG00000291133,-8.669682539784905,-8.586295046026839,-8.547766245387331
ENSG00000289089,-8.682285635782732,-9.324972254440036,-8.692318985079545
ENSG00000288947,-10.68285964824297,-11.271536238973257,-10.563380743538119
TBX20,-7.635423176575967,-8.07103350936983,-7.5301347760494926
ENSG00000289335,-13.097885498179696,-12.817987463427754,-12.395259389463492
HERPUD2,-10.21851211660209,-10.26646422333181,-10.316352293017417
HERPUD2-AS1,-11.723145572660307,-11.714321894477884,-11.722416294681661
SEPTIN7-DT,-11.897376338477672,-11.890237598517485,-11.62342249466601
SEPTIN7,-7.316685277590524,-7.356765009217278,-7.554085464787234
EEPD1,-10.73296068226818,-11.166170679673604,-10.78309831151111
MATCAP2,-10.839047073337007,-10.777580542870309,-10.96022986099559
ANLN,-9.889964527375534,-10.546566891824103,-10.37688341469855
ELMO1,-9.678363938316814,-9.863908291020055,-9.825010750822361
EPDR1,-11.544431269005853,-12.131755085827665,-11.863180954147715
STARD3NL,-9.672771098635746,-9.750266293855672,-9.786990052991351
VPS41,-9.213629903335391,-9.468561364699655,-9.349200581153857
POU6F2,-11.525458567568009,-10.980161699708201,-10.392553372992912
YAE1,-10.489808582155165,-10.511650456140742,-10.414614358141085
RALA,-9.31634489253333,-9.38714776696382,-9.366734314021786
CDK13,-8.734975829812047,-8.72716081409245,-8.810516109608974
MPLKIP,-9.510800007527653,-9.605407663732697,-9.644033401046666
SUGCT,-9.548797378814532,-9.409318475421342,-9.795671692898651
INHBA,-11.63663740759804,-11.535393090051302,-11.43678383943727
INHBA-AS1,-13.11872849399629,-13.200003700356048,-13.213495436750886
GLI3,-9.635144387212732,-9.245457249139037,-9.701941092267363
C7orf25,-11.89471593955427,-12.042113391041587,-11.987125894631685
PSMA2,-8.489155705079808,-8.698805583496563,-8.615147485219127
MRPL32,-9.667118704442803,-9.902969985842878,-9.77485974372318
STK17A,-10.30824005484122,-10.254756589344428,-10.108750644213552
COA1,-8.444401828628065,-8.531735388152663,-8.500474000742733
BLVRA,-10.3105021648638,-10.516523435862283,-10.334396979531975
MRPS24,-9.492442234049554,-9.684236701965771,-9.585996563375405
URGCP,-10.356132746945708,-10.353942370412465,-10.386911873285865
UBE2D4,-11.502653754683926,-11.441477481991573,-11.56503099306128
ENSG00000228434,-10.934435474236906,-11.481126315139582,-11.590440514149927
ENSG00000290872,-12.17488384995232,-12.377332148598796,-12.400464844120785
DBNL,-10.542703680800859,-10.661624252429966,-10.736242611485428
PGAM2,-10.884739198979743,-10.144494309066612,-10.502455329868079
POLM,-12.096655299155989,-12.038930108165722,-12.231591891225007
AEBP1,-10.263721584478281,-9.987066254293055,-10.535257736155982
POLD2,-10.20618359789018,-10.279504611676815,-10.323740755745424
MYL7,-5.214434537943453,-5.069888114587516,-5.416742677875173
GCK,-12.274450804689865,-11.764466291412527,-12.089031215119531
YKT6,-10.241399350512545,-10.218891597553698,-10.541990697895548
CAMK2B,-11.584153135063964,-11.621701983061357,-11.535816313272605
NUDCD3,-9.875251929999914,-9.861803945391644,-9.979244981456274
DDX56,-10.747311973535327,-10.838909699866177,-10.959251706334678
TMED4,-9.356506367357099,-9.322859532338693,-9.44749283573702
OGDH,-9.668336110803972,-9.650058163172657,-9.637148889417379
ZMIZ2,-11.25222934619436,-11.402037594956955,-11.318917722916186
PPIA,-7.054967357218462,-7.3209939895576674,-7.263837989240526
H2AZ2,-8.556239629079728,-8.685620623483384,-8.775747523385649
PURB,-9.556760242904687,-9.544366951003251,-9.697258750571455
SNHG15,-11.207590684993864,-11.206379760023264,-11.158494294508365
CCM2,-10.240171959312555,-10.194565271559043,-10.31508920578851
TBRG4,-11.211915847101805,-11.246495672548901,-11.281184179003402
ADCY1,-10.641511977350293,-10.44184615753084,-10.933590724470852
ENSG00000291207,-10.394477788204199,-10.46993192868955,-10.457299234678143
IGFBP3,-11.308025770793524,-10.839189045361662,-10.8181561113271
TNS3,-10.204141675913814,-10.60629852758203,-11.203167084080478
HUS1,-10.686277900341159,-10.694847571617561,-10.811378329648399
UPP1,-11.523028139015992,-11.696698191437898,-11.574358971962704
VWC2,-10.55316302258687,-10.072202426788069,-11.833683149359175
FIGNL1,-11.86381294933086,-11.971554903916049,-11.539996796351984
GRB10,-9.10406649876967,-9.307988282056781,-9.60770957023597
COBL,-11.258869664395926,-11.868158660736402,-10.923487573130897
SEC61G,-8.578766511442232,-8.723995483974024,-8.517846995500364
LANCL2,-10.232020511230967,-10.290339971467091,-10.471171151375104
VOPP1,-10.381614039459448,-10.266088738428701,-10.479026122259754
ZNF713,-10.371259570683335,-10.27747820397602,-10.666616451993377
NIPSNAP2,-8.509725057704145,-8.539718308273637,-8.473461656646853
MRPS17,-10.336667078094365,-10.509583574709074,-10.366126275988247
PSPH,-10.634917280331662,-10.570430937189018,-10.633677776762875
CCT6A,-8.15384819910848,-8.367748342242033,-8.382390177966858
SUMF2,-10.858852122502906,-10.679191805091682,-10.975945040875645
CHCHD2,-8.95783132685178,-8.363532093212273,-8.209877360804352
ZNF680,-10.789370740330392,-10.760372508935951,-11.098969344857837
ZNF107,-10.639547342015666,-10.77775392272667,-11.208538268425135
ZNF138,-10.292161210915458,-10.18110502659829,-10.207619826089331
ZNF273,-11.786802083697133,-11.894901672509393,-12.095238341347857
ZNF117,-11.164943638237249,-11.918965347959976,-11.091325769681845
ERV3-1,-11.370956995425745,-11.755708368117862,-11.232652325985462
CCT6P3,-11.502118940926472,-11.398589550875068,-11.51127138921168
ZNF92,-10.696559782549304,-10.751990288134053,-10.714868311380588
LINC03006,-10.464908990876852,-10.481578872829765,-10.50648281306833
ENSG00000291124,-11.53108820407906,-11.611871737886679,-11.672120689493068
VKORC1L1,-9.86385659271952,-9.867505039735457,-9.963062937108337
GUSB,-11.164032403137579,-11.414041482762386,-11.462527877473144
ASL,-11.401010817347,-11.542407911769669,-11.601468366286918
CRCP,-9.954584521734192,-9.990633688936096,-10.045486937515141
ENSG00000234185,-13.22380546799849,-13.115946637758508,-13.160632679833814
TPST1,-9.931636703885454,-9.920277262605033,-9.99677225060517
LINC00174,-10.545637623976159,-10.495220823608797,-10.477356384181064
LINC03011,-12.273409301693528,-12.238404145050973,-11.909504415236967
ENSG00000291136,-9.964956482832369,-9.848907874333523,-10.044050400176557
KCTD7,-11.391485603632558,-11.32436738914527,-11.49253932106551
ENSG00000226824,-9.932643503030429,-9.76990861182059,-10.111636574064356
RABGEF1,-9.246896672569225,-9.16861830611783,-9.448599941079637
ENSG00000272831,-11.123818643243665,-11.294605420978678,-11.173233225067053
ENSG00000289177,-12.850837791945398,-12.660489452421368,-12.9235598994652
TMEM248,-10.221762344670875,-10.25306039100523,-10.360187820215392
SBDS,-9.330761201848174,-9.308119014382225,-9.390473798670003
TYW1,-9.933488450527788,-9.875914406294193,-10.033479556774042
PMS2P4,-10.325756947913826,-10.153643752856238,-10.283859607285207
STAG3L4,-9.946421330022472,-9.905491375969971,-9.845593829008886
ENSG00000273448,-12.60638575603197,-12.834609814357584,-12.563996032301242
AUTS2,-6.94513614786772,-6.919072226302901,-6.8958423281713985
GALNT17,-9.595224183297288,-9.683939789432447,-10.219465682288305
CALN1,-11.895634187006232,-11.940038337285,-12.416887447765403
TYW1B,-9.954398310549772,-10.036505526396274,-10.232906053474977
SBDSP1,-10.89395359705776,-10.831195050689374,-11.03152856345121
POM121,-9.984347526157975,-9.984724635072864,-10.103805549236618
NSUN5P2,-12.065114220270422,-11.970913088343986,-12.058211031829632
ENSG00000290832,-11.625009081862235,-11.521398819108152,-11.619794082451245
NSUN5,-11.393085334892895,-11.62326775952949,-11.565011931145389
BAZ1B,-8.87271445023885,-8.962351430914294,-8.995007169043681
BCL7B,-10.970929796596604,-11.100424016418083,-11.150412233483026
TBL2,-11.246822721660786,-11.301612184702252,-11.284869552518787
VPS37D,-12.513393749022555,-12.630754042235802,-12.458691737579942
DNAJC30,-11.213702480689573,-11.355349485033292,-11.367461648881951
BUD23,-9.494439221659192,-9.645527896625014,-9.630450549516306
ABHD11,-11.42227352504537,-11.476446170319324,-11.449352101885168
LIMK1,-11.601997468114117,-11.61236149781068,-11.674497908433413
EIF4H,-9.208216520416006,-9.37696822297885,-9.314463265720978
RFC2,-10.609868380195472,-11.070728826692056,-10.928403727747172
CLIP2,-12.214296438340263,-12.242398028494131,-12.298683316986434
GTF2IRD1,-10.107398810568746,-10.075080794694232,-10.173957510506824
GTF2I,-8.391557474174718,-8.395071637876436,-8.525978630400145
GTF2I-AS1,-11.712135969919174,-11.721381609447368,-11.736157475226017
GTF2IRD2,-11.555137093953805,-11.462016482785293,-11.635499966004327
ENSG00000290833,-10.84881253113743,-10.75118840459232,-10.934028373006946
CASTOR2,-10.96866980974265,-10.904202747994052,-11.313941966343606
RCC1L,-10.516775331562322,-10.68966556038351,-10.703982285536602
GTF2IRD2B,-10.975615895362237,-11.060891622564704,-11.182327514422184
GTF2IP1,-10.440081102047452,-10.192692625576491,-10.507016261779045
ENSG00000290951,-12.388829554072613,-12.712413576786046,-12.943912666112155
NSUN5P1,-11.297718388467018,-11.250964459500825,-11.455594164557636
POM121C,-9.989150908998871,-10.10292255555935,-10.239149770761475
PMS2P3,-11.926497390301455,-11.990578776723607,-12.115065633616343
HIP1,-8.928745217201008,-8.916689876476655,-9.183104879705992
RHBDD2,-10.949682215734946,-10.972515495500147,-10.913911773824955
POR,-10.838920889458596,-10.843324838705065,-10.729270848065632
TMEM120A,-11.29186037965892,-11.451889889632636,-11.076445933525052
STYXL1,-10.642374256938922,-10.685607134335875,-10.636516510649342
MDH2,-8.338498240274632,-8.493961984342056,-8.055986972201357
HSPB1,-7.056317403719525,-7.038590892169609,-6.91746977406316
YWHAG,-9.059426668340938,-9.118178494927314,-9.252244392286656
SSC4D,-12.51231368029926,-12.109966397866959,-11.84018378904948
DTX2,-12.551236627937724,-12.43490096137286,-12.511912398287555
LINC03009,-8.771573950147081,-8.82929354000308,-8.96446707620324
POMZP3,-12.159171688943449,-11.946283031510609,-12.004523166016888
ENSG00000291121,-11.881569527874637,-11.937815541671299,-12.056574113577804
CCDC146,-10.458730608537516,-10.044953670904583,-10.56472627160683
GSAP,-11.450750867406995,-11.515172395744107,-11.936376278144072
PTPN12,-9.275884955378352,-9.388857431200597,-9.398699506186661
APTR,-10.619706748962425,-10.49262776386648,-10.70948569835938
RSBN1L,-9.149456325945662,-9.176744150163483,-9.344180646761323
TMEM60,-10.55330834277631,-10.570986100176839,-10.607574824742303
PHTF2,-8.961329271916554,-8.987331622131107,-9.126581889980029
MAGI2,-6.82158532564801,-7.24128443666913,-7.361714599729082
MAGI2-AS3,-9.012282457132974,-9.410221927616249,-9.627154214777264
GNAI1,-10.110758649256177,-10.255854458483697,-10.153220959818334
CD36,-12.636527574504923,-12.82938297998659,-12.510121411360595
SEMA3C,-8.50268662078597,-8.677077165301695,-9.4378046927609
CACNA2D1,-8.511162838378802,-8.624537390228149,-8.764635491672339
PCLO,-10.480105853683572,-10.767413292442283,-10.344366908814813
SEMA3E,-11.640274662907457,-12.28700058353017,-12.055189427602379
SEMA3A,-8.121624637545123,-8.255560245091974,-8.490341731871919
SEMA3D,-11.035772838063362,-11.345641878207303,-11.745041615667635
GRM3,-12.375811906669563,-12.224830874097123,-12.351151941871398
GRM3-AS1,-11.290667031218538,-11.04118131615229,-11.371875789343376
ELAPOR2,-8.413630939846476,-8.50318706515292,-8.287510218515827
DMTF1-AS1,-12.982790479554895,-13.1407212786986,-13.121779882973101
DMTF1,-9.215092840153863,-9.3022703976167,-9.375462891333841
TMEM243,-11.381518848535812,-11.587819744442003,-11.593485911017648
TP53TG1,-11.188446526769994,-11.508988536535572,-11.312573124453925
CROT,-10.708356680161055,-10.86779678431035,-10.885664553177685
ABCB4,-11.846186737855634,-11.84513703868699,-12.664228806863575
RUNDC3B,-12.231558862987901,-12.924690498948136,-12.490628314534856
SLC25A40,-10.418002693598666,-10.54543127364652,-10.532907639176193
DBF4,-9.84198024754426,-10.226964550583517,-9.991205151491979
ADAM22,-10.244845957888568,-10.582235173085623,-10.551504580900788
SRI,-8.733885934614722,-8.657003117767491,-8.672927095892964
ENSG00000228113,-12.551665761147614,-12.680860736586439,-12.355544366474382
ENSG00000233420,-12.009313893792031,-12.107806224737125,-11.772298559526384
ZNF804B,-12.991057282512124,-13.212136277723213,-12.922631288497657
STEAP2-AS1,-12.711463819215446,-12.900936329466292,-12.325451511304642
STEAP2,-12.095860349483976,-12.360496306007818,-11.797320595641681
CFAP69,-10.972251424626911,-10.949101444582444,-10.95700637328064
GTPBP10,-10.464288861753378,-10.463898039165723,-10.370421608241436
CLDN12,-10.97689785843462,-10.927085647080395,-11.057948461605816
CDK14,-7.840536401714187,-7.817467242500793,-8.11826819840224
FZD1,-11.485106615364161,-11.895328758578867,-12.258918728248544
ENSG00000235450,-11.31100027720174,-11.371237329872914,-11.889545793085052
MTERF1,-10.262821047511027,-10.413861982446674,-10.62880837642647
AKAP9,-8.122526200566242,-8.077158962448252,-8.294085770155752
CYP51A1,-9.342637921486979,-9.09198905337685,-9.363805183551646
LRRD1,-12.507041653087155,-12.24936143541772,-12.374550113326572
KRIT1,-9.280881903870327,-9.29332187349735,-9.427121937700589
ANKIB1,-8.870176041546324,-8.852486989984316,-8.995960290579072
GATAD1,-9.49275734736804,-9.558670168641928,-9.642248187029315
ENSG00000244055,-10.545344820824807,-10.513724424001088,-10.386415913752522
PEX1,-10.060045057572099,-10.107268240617104,-10.070415526294179
RBM48,-10.838865674291503,-10.842053309570808,-10.987461556351906
FAM133B,-9.23018175910745,-9.28385730657589,-9.311525138118572
CDK6,-7.679860435801668,-7.625504263555684,-8.292970264646106
CDK6-AS1,-10.187040256491413,-10.097172022928037,-11.231873818692318
VPS50,-9.867985633666374,-9.836071499498852,-10.023919510694185
GNGT1,-12.805325651220523,-12.467311643771799,-10.92852532280342
TFPI2,-11.961915406024152,-11.84853757820983,-11.745217504609673
GNG11,-11.06634045133147,-10.931841706046537,-11.028333909874599
BET1,-10.492086929467254,-10.573180618096321,-10.48126290290232
ENSG00000285090,-11.822450499673227,-12.105752676846409,-13.065547670952963
COL1A2,-9.930826050293254,-9.979096556122894,-10.157746448662209
CASD1,-8.6814779827081,-8.762986092938887,-8.818568604913397
SGCE,-9.783332344305242,-9.875402200690989,-9.873577530885425
PEG10,-9.044261997195433,-9.094608736365464,-8.988019722882854
PPP1R9A,-7.889922745897928,-8.023026427778918,-8.129762310581585
PPP1R9A-AS1,-11.599921096357045,-11.762446895437792,-11.83657505968345
PON2,-9.420050535051269,-9.375735422414733,-9.624014087008858
PDK4,-11.504998440243584,-11.801601705548082,-12.055146868287252
DYNC1I1,-9.338622619529099,-8.900616195531336,-9.714324122344308
SLC25A13,-9.222718335376422,-9.25390729046607,-9.270476651310886
SEM1,-8.834755556093342,-8.922412089016515,-8.871727595482398
SDHAF3,-10.35153853966388,-10.524539402572763,-10.280146642563414
ENSG00000284707,-9.595859748252849,-9.486728800397172,-9.707859037637505
LMTK2,-9.558947791119465,-9.468590864021584,-9.675546880190497
TECPR1,-11.58865457524921,-11.55812300918689,-11.728130972344434
BRI3,-8.938369015860514,-9.095676015304287,-8.840085716110444
BAIAP2L1,-9.976247683942498,-10.41988954046296,-10.058016952776459
TRRAP,-9.20743340557208,-9.23748554473574,-9.24270373026139
SMURF1,-9.661348447663725,-9.589368631718916,-9.738884682339087
ENSG00000284523,-12.515419764468737,-12.747079766824497,-12.38502559667766
ARPC1A,-8.934502126653797,-8.91185386588592,-8.999876211412936
ARPC1B,-10.922298602157205,-10.896722898584459,-11.067533520716191
PDAP1,-9.158945656566305,-9.257067750044346,-9.239520595511255
BUD31,-9.68559700051787,-9.911396751231,-9.883061306131005
PTCD1,-11.625864907529452,-11.67179223558993,-11.56935887482764
CPSF4,-10.859762334966314,-11.005906858332512,-11.064904861708744
ATP5MF,-8.60424039231992,-8.746751167803954,-8.706062396321455
ZNF789,-10.76444642597391,-10.72236530741237,-10.959095715278254
ZNF394,-11.236953627266837,-11.26602143776513,-11.382565117792423
ZKSCAN5,-11.450258869078906,-11.393592481331426,-11.6800892162507
FAM200A,-10.93482047429042,-11.012876517860409,-10.98713621354906
ZNF655,-9.701877405953443,-9.681820408710971,-9.801615588663543
ZSCAN25,-11.630014066732942,-11.750517847338667,-11.842436519037946
TRIM4,-13.12097858069303,-12.849388445420928,-12.013218141643886
ZKSCAN1,-9.306203729275126,-9.273377329649483,-9.45862162723872
ZSCAN21,-11.714618596873446,-11.681194760529166,-11.759175351974607
ZNF3,-10.994609694648382,-11.089106966195374,-11.040230576194343
COPS6,-9.557167779408385,-9.623965968776226,-9.580010312374407
MCM7,-10.356214234401762,-10.91415958621195,-10.832688478512443
AP4M1,-11.62906232736049,-11.73618870345982,-11.769816354741303
TAF6,-10.88330084715491,-10.942451898589812,-11.102654979964578
CNPY4,-11.758329709793445,-11.821593155423766,-11.882206476718155
LAMTOR4,-9.698985399513555,-9.67875198599324,-9.679192954688482
TRAPPC14,-12.650486254243866,-12.635127668682816,-12.83853002261432
GPC2,-11.279123733422521,-11.38754913035666,-11.343189452034984
CASTOR3P,-10.26602021362209,-10.151780683083762,-10.559224722383142
ENSG00000291178,-10.353247053239727,-10.371151934727564,-10.442965607954681
SPDYE3,-12.851230712533393,-12.820106868918321,-12.972276009167018
STAG3L5P,-10.140183451308081,-9.919850807935555,-10.28031476532193
PILRB,-10.884074428145533,-10.855203850079475,-11.11921530981587
PILRA,-11.8947853261154,-11.80135166203148,-11.806164669301962
ZCWPW1,-11.189269904429134,-11.076303906308084,-11.265683442888115
MEPCE,-11.849254750343281,-11.779480417318203,-12.061458172298165
PPP1R35,-10.790012705199633,-10.918770525897092,-10.79346025533583
SPACDR,-12.881301364880253,-13.2839879626583,-13.13379332819454
TSC22D4,-10.653838841904978,-10.962678538259812,-10.869433022909835
AGFG2,-12.377669276703015,-12.50606642201026,-12.351516466705585
LRCH4,-12.481703315792654,-12.526504008174838,-12.624117462774608
PCOLCE,-11.780370281793665,-11.492550062446032,-11.625739094256003
MOSPD3,-11.39428480246154,-11.45910420800183,-11.542003665122456
GNB2,-9.514100755622117,-9.630119573938716,-9.524410779889557
GIGYF1,-10.382358744686087,-10.540452302800118,-10.611240608178468
POP7,-11.092930276656446,-11.244737104431552,-11.137188208474258
EPHB4,-11.397616757987874,-11.46292101671144,-11.617424339126105
SLC12A9,-11.109072062455567,-11.104133420485885,-11.166411490101176
TRIP6,-10.938234949665354,-10.966185433111388,-11.26799542250054
SRRT,-9.900115227496896,-9.994014349932543,-10.130958735446606
TRIM56,-10.75640518575522,-10.871359562818613,-10.98334691497806
AP1S1,-11.079131641581487,-11.196483277988838,-11.158346388209498
PLOD3,-11.186852709446837,-11.339062826851407,-11.36823273103355
ZNHIT1,-9.530942865773204,-9.700456800724103,-9.576875250065529
FIS1,-9.10573922805226,-9.190054902621352,-9.244025307825376
EMSLR,-11.987177941617272,-12.71537988465552,-12.63606915139124
IFT22,-10.381513990172877,-10.48135449883527,-10.472350748041736
COL26A1,-12.211313152227488,-12.08166999182448,-12.51327298810344
CUX1,-8.125649325250517,-8.144276117300075,-8.34398252103474
PRKRIP1,-9.55595294165844,-9.609567293359774,-9.760894007990665
ORAI2,-11.11766138279225,-11.073575435827014,-11.383588682734338
ALKBH4,-10.98443677010467,-11.093165233796732,-11.053352387430936
LRWD1,-11.86834017921765,-12.176024947449795,-11.807964029023776
POLR2J,-9.814994702068814,-9.903415538135325,-9.935458096329997
UPK3BL2,-12.818062665769402,-13.266461263242755,-13.06582771860853
SPDYE2,-11.595121034516575,-13.207743724980302,-11.954725106960723
POLR2J3,-8.371060354289822,-9.144891780164409,-8.970642914912633
ENSG00000279168,-10.618345265999457,-11.481258965330474,-11.426718445914517
UPK3BL1,-10.774607030061178,-11.610985056911854,-11.21529433144183
POLR2J2,-11.591939440893933,-12.241667079842845,-12.183327183652038
ENSG00000286830,-12.787169468339524,-12.612081658701255,-12.875094350719943
FAM185A,-10.624682025369255,-10.749692354114181,-10.659029945783466
FBXL13,-9.949529783548881,-9.954165351068669,-10.091783787698084
LRRC17,-12.424093575315384,-12.242896727719693,-11.765338325257582
ARMC10,-9.90757876679085,-9.844025261324726,-9.713997485619208
NAPEPLD,-10.16038755219818,-10.323865704589489,-10.430472688598515
ENSG00000289956,-10.448217692077064,-10.395397487289813,-10.235763143462052
DPY19L2P2,-10.548707230545446,-10.795714770826274,-10.894610871300559
PMPCB,-9.237303635937433,-9.400184712857989,-9.407389789578179
DNAJC2,-9.522120182737702,-9.626651149944966,-9.637961125499046
PSMC2,-9.89920318632112,-9.978268811773349,-10.01089659998398
RELN,-9.291485957800562,-9.39337242088052,-9.370818211976246
ORC5,-9.982046409256004,-9.973818303166063,-9.88646706900006
KMT2E,-8.340316242152463,-8.383131843927918,-8.479210563831526
LINC01004,-9.97433504020476,-9.904812947309603,-10.175032384029764
KMT2E-AS1,-12.216004930909499,-12.251415942084831,-12.386618788832397
SRPK2,-8.555609834598556,-8.60844011413451,-8.70907873197982
PUS7,-9.71421719674568,-9.859313975274326,-9.872133104653095
RINT1,-10.731675642515102,-10.785117318254517,-10.763189202690517
EFCAB10,-12.301190130205857,-12.415348873767746,-12.448764781462708
ATXN7L1,-9.353877373564986,-9.44984566365739,-9.661560112236153
CDHR3,-10.423778899855623,-10.878318550635097,-11.16897138132833
SYPL1,-9.86009949842241,-9.842615979124696,-9.88307420092747
NAMPT,-9.658616221874729,-9.791133015756664,-9.61720875542072
CCDC71L,-12.039385268045502,-12.027510678223202,-11.89143442899388
PRKAR2B,-9.012378753071792,-9.063910786996106,-8.983139361654462
PRKAR2B-AS1,-13.117530158537466,-13.080432432044535,-13.015057391516214
HBP1,-9.540644303658533,-9.62597353276123,-10.014363633137624
COG5,-8.612810769180985,-8.598399520246035,-8.813504441201504
DUS4L,-11.032591254520234,-11.13633082512616,-11.127912005846412
BCAP29,-9.250181173011963,-9.260275893264872,-9.55167081890527
CBLL1-AS1,-12.955866446171822,-13.078672324034269,-13.127190635928127
CBLL1,-10.623591960804427,-10.62044575342218,-10.680830678826478
SLC26A3,-12.20616572325936,-12.292628977926958,-12.227615870363753
DLD,-9.473050988739208,-9.506918697262254,-9.539826703989663
LAMB1,-8.934660782728496,-8.899436688000462,-9.88279377768953
NRCAM,-11.566852049469155,-11.155660693414614,-11.723755862475123
PNPLA8,-9.584658912596256,-9.4799990809769,-9.620145234293226
THAP5,-10.575003112819893,-10.619484195250376,-10.543425688283529
DNAJB9,-9.914449823342505,-9.940576598288297,-10.007925052115583
ENSG00000226965,-11.609424600907468,-12.170564734293757,-12.515232842907643
IMMP2L,-8.465927905785088,-8.539485507228912,-8.68185476264864
LRRN3,-10.802212979019558,-10.437200375541073,-10.354510639009339
DOCK4,-9.388444581431807,-9.59541291945802,-9.23728725250861
ZNF277,-9.74417483854406,-9.805175592103216,-9.765231813828299
IFRD1,-10.282493650325321,-10.246143841077807,-10.428083949089572
LINC03076,-10.985399064443223,-11.028477430329112,-11.245187098312037
TMEM168,-9.722083668163899,-9.62536072282161,-9.780275483558057
BMT2,-8.400472519331121,-8.59776570106605,-8.710004520931943
SMIM30,-8.692959368968387,-8.829662363273167,-8.808260841963524
PPP1R3A,-11.496490341710517,-10.541040247562734,-11.28965879883148
FOXP2,-12.577966927792199,-12.511830755890697,-12.557809538942436
MDFIC,-10.135230004944502,-10.302338707724614,-10.302812680673156
TES,-10.689976559552258,-10.596245255028663,-10.37178659036138
ENSG00000237813,-12.664975913340053,-12.36781538707267,-11.943704392663056
CAV2,-11.097861390271976,-10.982480869105819,-10.661068398781664
CAV1,-11.923518617996752,-11.735154152586418,-10.74477763766686
MET,-12.366066861513366,-13.014684019049355,-12.287603306386389
CAPZA2,-8.383585150792886,-8.383227597762781,-8.41393620804485
ST7-AS1,-11.113235251034528,-11.227797066930144,-11.379872813787562
ST7,-9.003725622652489,-8.916917022739971,-8.825801375860895
ST7-OT4,-12.3966220881404,-12.159711707168487,-12.276209804474842
ST7-AS2,-11.866868436522228,-11.745673307288751,-11.555479149072156
WNT2,-9.90880137910062,-9.402013936405872,-9.23878610222905
CFTR,-11.03079873814738,-10.952087402973852,-10.657007806141463
CTTNBP2,-8.645726641542574,-8.74037236499263,-8.76056747759603
LSM8,-9.210643150005783,-9.429123312998062,-9.507627578449036
KCND2,-11.134857907329762,-11.13899212625578,-11.643382626396749
TSPAN12,-11.358850710940397,-11.364110798360313,-11.485557862693167
ING3,-10.313501911746474,-10.374941677053425,-10.465277123368182
CPED1,-11.048729173556403,-11.846998494183591,-11.146344749147806
FAM3C,-9.760635882992421,-9.620974950973139,-9.668895487544765
PTPRZ1,-12.59277545787047,-12.40780204826742,-11.869455755276265
AASS,-9.311266984923249,-9.352134777757401,-9.430463373761285
ENSG00000234418,-12.334538706208807,-12.259337816362445,-11.931302884298924
CADPS2,-9.276375792161794,-8.988214469338853,-9.378847432117722
IQUB,-12.193434670628008,-11.967316973066222,-11.807641761805852
NDUFA5,-8.982587815661104,-9.043027683639178,-8.948441984258059
LMOD2,-11.120691051743083,-9.534181606192139,-11.011850702414021
WASL,-8.758535956997672,-8.819942464625395,-8.882893561446105
WASL-DT,-11.220122440828527,-11.40695005945481,-11.306844346251832
ENSG00000242593,-12.624364327319885,-12.146036938663883,-13.062409239919049
GPR37,-12.627356179909095,-12.34023589412959,-12.470781530575277
POT1,-10.244274878153059,-10.194905350920576,-10.285735986027115
POT1-AS1,-9.847532378015869,-9.188484077272813,-9.618339227511035
GRM8,-10.19551406935001,-11.28706735434735,-11.192457338492458
ZNF800,-9.896261247759229,-9.929978597062815,-9.948056424085914
GCC1,-12.485682209820895,-12.44910754783495,-12.407025837309982
ARF5,-10.019590780389468,-10.153039572670071,-10.111595951791855
SND1,-9.00961546932966,-8.982457483134665,-9.100561335501077
SND1-IT1,-12.461289816573014,-12.374893602461347,-12.565326899407964
LRRC4,-11.722741040705404,-11.416161311383606,-11.806051182666916
RBM28,-9.529413619870079,-9.655636678279949,-9.631120730998248
IMPDH1,-12.118125354488962,-12.23921866864028,-12.299771320076923
HILPDA,-10.554918284035503,-11.080953256348892,-10.72900159037453
METTL2B,-9.906452207336539,-10.13217536864996,-10.126668342256094
LINC03072,-12.093213737094507,-11.993429761250725,-12.218377712393481
GARIN1A,-12.30757538464121,-12.384504528101111,-12.746966222333871
CALU,-8.599734691549902,-8.49733380481675,-8.71377890412541
CCDC136,-11.16748732822351,-11.213452514707171,-11.293273589199764
FLNC,-9.308830149902832,-9.125273533323163,-9.426540397448882
ATP6V1F,-9.362983142384508,-9.332916273428507,-9.27896555211207
TNPO3,-9.699050891359962,-9.773966707447313,-9.889147038847147
SMO,-9.767447163258941,-9.85671498849876,-9.978559936916174
AHCYL2,-9.162486255092865,-9.11854347727248,-9.314177270789871
STRIP2,-10.323623250160377,-10.100306865476576,-10.546328517522085
ENSG00000273329,-11.544487816515767,-11.624809856766902,-11.655159766221622
NRF1,-9.800258140511396,-9.770880930087612,-9.815480767001507
UBE2H,-8.25043455175107,-8.213022394483746,-8.394550981542851
ZC3HC1,-10.792932095834503,-10.88960528972426,-11.054022850933926
KLHDC10,-9.752780511740095,-9.810294457963234,-9.868618678470996
TMEM209,-10.550773680884745,-10.60990731202533,-10.77845399277036
CEP41,-10.921905457295901,-10.992356395812935,-11.03902349600173
MEST,-10.927801846146926,-9.743757001666149,-9.77303992491196
COPG2,-9.714835292062936,-9.744506907177636,-9.875863204916572
COPG2IT1,-11.450225724713697,-10.158802219261139,-10.127065343442023
LINC-PINT,-11.084194052874935,-10.907829590154375,-11.61225023140775
MKLN1,-8.550212893441817,-8.53599866124545,-8.651616353521622
MKLN1-AS,-12.63935572288348,-12.495324616330771,-12.701046265751671
PODXL,-10.359724215298858,-10.103080746110033,-10.326512069159602
PLXNA4,-8.846882500853384,-9.246161845204536,-9.163390804499736
CHCHD3,-8.591056680357807,-8.705586149881444,-8.575791857566232
EXOC4,-8.337640470259975,-8.343193839436365,-8.456728634779116
LRGUK,-11.760426267509578,-11.704532558629593,-12.259128992487359
SLC35B4,-10.581271620489364,-10.559693568673557,-10.5039825934536
AKR1B1,-9.355341568708328,-9.745962547210318,-9.08501386062416
BPGM,-11.392571791669537,-11.400137323541008,-11.25780467106229
CALD1,-7.5106253059323365,-7.690041974845019,-8.05728964099439
ENSG00000286458,-10.776692963151254,-10.537586873438816,-10.627545984584453
AGBL3,-11.213749735609621,-11.136633390611355,-11.022679433654346
CYREN,-9.926036097712588,-9.838469210289754,-9.867733640915407
TMEM140,-13.019297371448042,-12.919692988209153,-12.902470037888179
ENSG00000287733,-12.561004235586546,-12.527650411940257,-12.642347515659162
WDR91,-11.833985218751682,-11.941924130868395,-11.702592629078623
CNOT4,-9.082562551518317,-9.090684145031261,-9.142690478885319
NUP205,-10.184981524425694,-10.36211328370527,-10.380420899013297
STMP1,-9.025744969076577,-8.88402547471611,-9.0902782474828
MTPN,-8.579597585106988,-8.56137469071877,-8.819707770661585
ENSG00000232053,-12.031234238000605,-12.141384234333161,-12.342154781495026
ENSG00000234352,-10.487892178330474,-10.573948221498771,-10.046940371441393
CHRM2,-7.514254314309665,-7.663501327243578,-7.994783193801099
PTN,-9.497650721955447,-8.963215300186521,-9.871937388819202
DGKI,-8.800733597820269,-8.773694587032681,-8.978545887776576
CREB3L2,-9.588765016046528,-9.71495879600281,-9.851432348944972
TRIM24,-7.74121895432949,-7.72054165223335,-7.8971615363754095
KIAA1549,-9.825282260047258,-9.795261548000159,-9.934574433561455
ZC3HAV1L,-12.351549673080084,-12.152416652666702,-11.790729465339705
ZC3HAV1,-10.547872150749754,-10.224112173890271,-10.36450288507323
TTC26,-11.11973925414671,-11.1629288821971,-11.27478135691803
UBN2,-9.402183799950976,-9.358332857340738,-9.48800573428838
FMC1,-9.723047193682683,-9.997382882262142,-9.75571530481604
LUC7L2,-8.484026209982561,-8.550947473918184,-8.647214115333458
HIPK2,-8.237573541668493,-8.265777968691518,-8.383348979934896
TBXAS1,-11.990096882927219,-12.12970135208597,-12.078479533193223
KDM7A,-9.619005258208883,-9.714465634681767,-9.789087213853453
KDM7A-DT,-12.135480835128613,-12.151884852946655,-12.041507081999898
SLC37A3,-10.300231176517107,-10.501244856184472,-10.528656062013017
MKRN1,-9.74625880733726,-9.783742355452281,-9.876700962310839
DENND2A,-10.151210068214366,-10.118638537344832,-10.406548606699756
ADCK2,-12.444179483009455,-12.599217464355082,-12.201673475688454
NDUFB2,-8.594453227306147,-8.689031472629528,-8.60685350459962
BRAF,-8.516020975559146,-8.440716354782952,-8.615620201307006
ENSG00000289788,-12.75118267529596,-12.64803102830184,-12.820995738892403
MRPS33,-9.773663768120482,-9.903156798422241,-9.845985291949482
TMEM178B,-12.837676330850748,-12.237994075051564,-12.558140748946196
AGK,-10.528604428818314,-10.575344412402263,-10.563432700167322
DENND11,-10.901216487841822,-10.915387156349466,-11.067034178064224
SSBP1,-8.593274609344718,-8.788975629392878,-8.679423717166067
TAS2R4,-12.893894929853658,-13.05475984645342,-13.042008167115418
EPHB6,-12.156055160373796,-11.886534397411406,-12.076211214272261
KEL,-12.128615597647416,-12.486725466041703,-10.831193009716797
GSTK1,-9.575852243691852,-9.523559493738867,-9.518751793138811
CASP2,-10.915827167249772,-11.046955131745309,-11.084565113320132
FAM131B-AS2,-11.970341166956173,-11.781231781676327,-11.766548404557224
ZYX,-10.16143982948255,-10.238124658614426,-10.432444838966077
TCAF1,-9.070101138212426,-9.094023420341403,-9.148304063537223
TPK1,-10.465300077087514,-10.69387555609596,-10.863159397184855
CNTNAP2,-10.518490614178695,-10.815444173170077,-10.849996175216877
ENSG00000273314,-12.572021631471324,-12.512340400998799,-12.610353467466918
CUL1,-8.871861598429126,-9.012813620010997,-9.011563972591642
EZH2,-9.554022938887245,-9.840676208472734,-9.78515240207327
PDIA4,-9.284975741318576,-9.281204766563773,-9.37553690638859
ZNF786,-11.568016222727756,-11.519527619042329,-11.5847551925006
ZNF425,-11.887015878349125,-12.011155760221065,-12.07547939973952
ZNF398,-10.887583683906058,-10.844360109971817,-10.850972622949778
ZNF282,-11.465572877244316,-11.615741235935669,-11.697998246862257
ZNF212,-11.489585044178336,-11.860065276489832,-11.74756596031061
ZNF783,-12.63884635477646,-12.547778690832308,-12.837390447186545
ZNF777,-11.450479011528412,-11.527999924127258,-11.661792524794729
ZNF746,-11.431688944574514,-11.595151576211148,-11.603619947337803
ZNF767P,-10.015165142433002,-10.001746543327128,-10.093496424071725
KRBA1,-12.479962756557088,-12.668427090327842,-12.56173557417323
ZNF467,-11.9233588593483,-11.98216805240142,-12.067247888887234
ZNF862,-11.074438549589654,-10.913801105653594,-10.93575445531744
ATP6V0E2-AS1,-13.16477246343171,-13.120807197486446,-12.89463460210454
ATP6V0E2,-10.804374212914409,-10.731236058742562,-10.796541172273967
RARRES2,-12.430673860294025,-12.900221329478176,-12.318961717169808
REPIN1,-10.747860581261566,-10.890941031533563,-11.02130120318584
ZNF775,-11.78447093745942,-11.81036527253174,-11.918473238066545
TMEM176B,-12.026952384179417,-12.770901100542368,-11.939902029081587
TMEM176A,-12.220377167190955,-12.915774298089287,-12.538113421411559
KCNH2,-10.782518462358809,-10.826766380237183,-10.77080445990522
ABCB8,-11.983589901266628,-11.931644816951364,-12.19936170090058
CDK5,-11.581067565600588,-11.744573045674834,-11.782899937791386
SLC4A2,-11.425418925598093,-11.554874010639004,-11.635142400606416
FASTK,-11.011998567947323,-11.127734292076028,-11.175607445478954
TMUB1,-11.106656303659642,-11.186358375650777,-11.121554143338484
AGAP3,-10.66053405638988,-10.64602274257737,-10.809959338717253
ABCF2,-10.683242971877878,-10.715822832398596,-10.789118804844344
CHPF2,-12.23241233443679,-12.031840307277164,-12.377664940567593
SMARCD3,-9.96764213130005,-9.997755235104544,-10.264391519077797
NUB1,-9.728602621646326,-9.841494948294251,-9.835685594672684
WDR86,-10.871257462533444,-10.461658369001874,-11.203603809984413
WDR86-AS1,-12.987100558641805,-12.677000337019564,-13.088728133886017
RHEB,-8.940638853544636,-8.880642522074824,-9.099056942525007
PRKAG2,-8.734732090318449,-8.59974302369762,-8.523419158423843
GALNT11,-10.086940533827306,-10.045231622916093,-10.19829331118459
KMT2C,-8.207252157865266,-8.183277364676888,-8.353888725538468
LINC01003,-11.609327143754795,-11.449212760857465,-11.228288288106656
XRCC2,-11.17004107122584,-11.801918038748038,-11.69774994722791
ACTR3B,-10.879442174627423,-10.872715070636302,-10.885881670888194
DPP6,-12.15219085404496,-12.046234069004791,-12.753786926618002
PAXIP1,-10.639567591245859,-10.689120443683821,-10.67870233274184
PAXIP1-DT,-10.792689361565115,-11.117072065336098,-11.076021976855198
INSIG1,-11.865589595318996,-11.655481298364311,-11.939232657557746
ENSG00000283128,-13.076939749731892,-12.46687916148648,-12.3126774179626
RBM33-DT,-12.323229272465516,-12.243496632009784,-12.277034429894188
RBM33,-9.20797119713542,-9.175434246737101,-9.331791057661993
RNF32-DT,-11.05036546223501,-11.354654395090026,-11.318938179034863
RNF32,-12.670005396647667,-12.787952344278796,-12.807768057886177
RNF32-AS1,-12.870545896444995,-12.997660593916654,-13.030695382871286
LMBR1,-8.862556150152608,-8.950259386146683,-9.022219104502671
NOM1,-10.413342608214787,-10.556687505387458,-10.741788053794663
UBE3C,-9.250327118172478,-9.268798446897621,-9.383199005425539
DNAJB6,-9.263826230754356,-9.30094989149211,-9.307782063532393
NCAPG2,-10.68200997331743,-11.200675545019887,-11.079969263363592
ESYT2,-9.715659641813666,-9.833404428876598,-9.758544576884427
DYNC2I1,-9.346562315760059,-9.20867859883079,-9.230263503375836
VIPR2,-12.811717286890536,-12.418308161165937,-12.311324068648693
ZNF596,-11.872122544334111,-11.98205734482422,-12.022432463387178
FBXO25,-10.714563521059981,-10.789743609269681,-10.698653117924549
TDRP,-10.031401008417184,-9.781028094610434,-9.739995806263693
ERICH1,-9.592305766118525,-9.579590974397265,-9.5957132903001
CLN8,-11.390004796629471,-11.200348682960248,-11.357284660328329
CLN8-AS1,-10.732397816913014,-10.551758410382284,-10.452663032494
ARHGEF10,-9.948443286932406,-9.740789940197063,-10.12986703326194
KBTBD11,-12.583636792145443,-12.615546416119306,-12.788442044744258
MYOM2,-11.953264320068925,-11.451821345778399,-11.05241513295212
CSMD1,-8.96999000861418,-9.700657311813439,-9.123645984177472
MCPH1-DT,-12.44531753688454,-12.165709108979867,-12.462829743488246
MCPH1,-9.43177787434004,-9.481287101080557,-9.610188563404742
ANGPT2,-11.12300303044375,-11.448343887221224,-12.151335272568693
MCPH1-AS1,-10.907915790742914,-10.969041961325724,-10.919843737960727
AGPAT5,-9.133481914260994,-9.236361432993265,-9.445473385241955
ENSG00000290357,-13.206830200891455,-12.539937370668591,-11.984621155363573
FAM85B,-12.317932593371872,-12.131469118806875,-12.341720074677072
PRAG1,-10.921745505416748,-11.506947788623004,-11.36778572386721
MFHAS1,-10.235137328211003,-10.526515582194715,-10.489426151161714
ERI1,-10.536932742350787,-10.821422963702764,-10.794000262678553
PPP1R3B,-9.887937005832729,-10.034423484843039,-10.08269056885844
TNKS,-8.596360902927634,-8.56439985968102,-8.751425702208593
MSRA,-10.001662463832398,-10.133236420857987,-10.228783776963414
PINX1,-10.78959311624692,-10.929768233730337,-10.779594100523225
XKR6,-8.742692339922742,-8.745504361100881,-8.994922823590203
ENSG00000269918,-11.94399553492003,-12.082500816477573,-12.277733336868131
ENSG00000255310,-12.977124556669068,-13.003006515316128,-13.17724642785345
ENSG00000254936,-12.668438551011095,-12.792312172455302,-12.958564331039787
MTMR9,-10.389188731568124,-10.401986915034497,-10.480613016166505
GATA4,-7.943155295240385,-7.885659462004375,-7.907564857392677
NEIL2,-11.781392225671745,-11.48754612167976,-11.683658930704635
FDFT1,-9.592392941965034,-9.552359885035283,-9.874261054411118
CTSB,-9.936194692589893,-9.763999972406515,-9.958719724336751
ENSG00000290829,-12.883570716971407,-12.852100370193146,-13.151723290788784
ENSG00000255495,-11.293188890964062,-12.266789369525114,-11.896313495910018
ENSG00000283674,-7.370983865808927,-7.151348421065865,-7.462450318626623
LONRF1,-10.867260222689366,-10.863383531218194,-10.516380679200411
TRMT9B,-9.964268837366504,-10.343440962364499,-10.372669067820697
DLC1,-8.588115425536316,-9.15872941252228,-9.246336557115042
TUSC3,-8.434547481204064,-8.521016955671922,-8.474374944091034
MICU3,-10.053567176260096,-10.248535859694025,-10.073985581488099
ZDHHC2,-10.291934334844868,-10.34292761949251,-10.355891024269846
CNOT7,-9.395147874423118,-9.47549326016493,-9.548078671249565
ENSG00000289145,-12.824134635857622,-12.869986168404692,-12.994375108146386
VPS37A,-9.852853783618686,-9.899142734947723,-9.773711862367149
MTMR7,-13.191099289805594,-13.134920455736953,-13.144436522978136
SLC7A2,-10.509908778335765,-10.454253104337944,-10.166477939030335
MTUS1,-9.669338944640641,-10.317903268215899,-9.362446759876185
PCM1,-7.948783994879711,-8.002083747120501,-8.159342978753354
ASAH1,-9.64481821839074,-9.440469444606652,-9.436944689392748
ASAH1-AS1,-13.146342707883715,-12.97029748813964,-13.072977696286548
PSD3,-7.65326406869428,-7.923139129593963,-7.745629895613788
SH2D4A,-12.714634273105906,-12.766779098150398,-12.612692175967155
INTS10,-9.952235450469775,-10.118241549349825,-10.00150021721379
ATP6V1B2,-10.587522814828448,-10.673558669656082,-10.641320249811159
LZTS1,-11.790843034490965,-13.072630885442848,-11.753021677386876
GFRA2,-12.591652554551887,-12.217844006944608,-12.548637402197116
XPO7,-9.600533877112902,-9.676179825567726,-9.717048815739414
FHIP2B,-11.682811303264096,-11.804920386706646,-11.84092791699456
REEP4,-12.315515983217104,-12.506980247208405,-12.309422851373235
BMP1,-11.779086638672982,-12.00908829896428,-12.044069108209106
POLR3D,-10.412304227423,-10.498097801739856,-10.506409278737898
SLC39A14,-11.006276334463013,-10.808286158702195,-10.87560055766182
PPP3CC,-10.06974565484154,-10.158569102796436,-10.276516636902164
ENSG00000251034,-13.089795996039891,-12.99430130932368,-13.179473266323576
SORBS3,-11.714151723950922,-11.823066889336177,-11.854505055528692
PDLIM2,-11.549691380027108,-11.663552742225145,-11.261263820719575
C8orf58,-12.34104477650464,-12.566211034635147,-12.494888566702421
CCAR2,-11.027880355494858,-11.15548444610652,-11.226459224833633
BIN3,-11.283786972711724,-11.271690155469917,-11.346655182755907
PEBP4,-11.960845083098462,-11.699335795060541,-11.928115888925074
RHOBTB2,-11.186662197841457,-11.156559947684825,-11.272916580464095
TNFRSF10B,-10.085665332090734,-10.354121019128169,-10.370600632453053
TNFRSF10C,-12.70616685130296,-13.080717768663467,-12.924422335438177
TNFRSF10D,-12.057381607181389,-12.120004196951061,-11.96210758919505
CHMP7,-11.200328544146334,-11.278149598880438,-11.350453428760607
R3HCC1,-10.663278345069015,-10.618645399408827,-10.650460112143868
LOXL2,-10.38756018111685,-10.437083402316988,-10.666958892118405
ENTPD4,-9.264402792399416,-9.209241253867818,-9.394854974124376
SLC25A37,-9.352138046831417,-9.44613970724446,-9.330424360997634
NKX3-1,-11.956292136598679,-11.647411756599451,-12.233997464629638
NKX2-6,-10.726355394217592,-10.3579946374049,-10.92918597079888
ENSG00000253471,-9.077532091864978,-8.542365867483957,-9.11232529944782
ENSG00000254002,-12.273743353159395,-11.803008445972514,-12.265190297907061
STC1,-11.801225555919094,-11.892666565524557,-11.542784407069034
ADAM28,-10.219899234758117,-9.577996330087638,-10.061733748612495
ADAM7-AS1,-12.317664623741257,-11.82691289416814,-11.970937503348166
NEFM,-11.853901666492865,-12.127947649758308,-11.991516605544678
NEFL,-10.995449399309294,-11.498777332602055,-11.131397944952846
DOCK5,-10.621890180672715,-10.92605084956645,-11.370656654282078
KCTD9,-10.518074306575912,-10.65468663333755,-10.670002239636322
CDCA2,-10.538320539003207,-11.255815501196833,-11.101688115699726
PPP2R2A,-9.041819037181986,-9.135803457244961,-9.07460275966289
BNIP3L,-8.691228946454087,-8.920677905553621,-8.8227358336235
PNMA2,-11.915315793048537,-11.795174382680374,-12.565386680750867
DPYSL2,-9.912446730783616,-10.03801109755358,-10.306760696785917
TRIM35,-12.157919549669248,-12.26642853565787,-12.15534149127804
PTK2B,-12.247583198896129,-12.125674566272696,-12.403649583730363
EPHX2,-10.896259867278243,-11.108725215705755,-10.854208406292013
CLU,-11.465945065730242,-11.095492783567702,-11.97849171719943
CCDC25,-10.09989148172345,-10.242326005595272,-10.109423774946636
ESCO2,-11.671189677366375,-12.330074289302537,-12.255506670351377
PBK,-11.099399551996441,-11.982818188080406,-11.762245201947884
ELP3,-10.068285689912942,-10.117028731068686,-10.294842614938325
ZNF395,-11.171409355052294,-11.510789087299292,-11.29306121856332
FBXO16,-10.664772998847146,-10.550764788699546,-10.757762000615832
FZD3,-9.620591020719349,-9.576456563938137,-9.733078221993452
EXTL3,-9.494026930988342,-9.689369889751084,-10.020202779771948
EXTL3-AS1,-12.839360666483573,-12.94945697593474,-13.182103512912269
INTS9,-10.644897457767767,-10.770114376991394,-10.62649153818279
HMBOX1,-8.899122648960871,-8.972085287137164,-8.856963359353868
KIF13B,-10.25525833212008,-10.36331969049566,-10.2495073567492
SARAF,-8.976590129030251,-8.897050168835275,-9.01504458427636
LEPROTL1,-9.802593446958735,-9.868320984607049,-9.781528360582998
DCTN6-DT,-12.945030197719548,-12.943204641270958,-12.988180755905585
DCTN6,-9.991638578662638,-10.035805196274984,-10.144904496910675
ENSG00000285669,-12.565510864755723,-12.597505863395783,-12.547905071214617
RBPMS,-7.146086981976375,-7.268074352741891,-7.360720907237117
GTF2E2,-10.21394157299675,-10.194325467017272,-10.284460473426329
GSR,-10.286059928019087,-10.372935013088073,-10.383175061090093
UBXN8,-11.98577983826864,-11.919086795962277,-12.285920224520687
PPP2CB,-9.563584515124449,-9.495123444579496,-9.645752469651802
PURG,-10.411287748797413,-10.320388103807453,-10.607741592173815
WRN,-9.066957767372482,-9.143144397515648,-9.183741084711595
NRG1,-11.035672808558047,-10.819978698150182,-11.338822197424545
ENSG00000247134,-9.39544823733661,-9.521858809136512,-9.287524462190358
FUT10,-10.438272835061507,-10.331155859986447,-10.422866935545336
TTI2,-11.119230695129012,-11.006006601185684,-11.310686482372615
MAK16,-10.80223157440467,-10.879251690878135,-10.855989445551206
RNF122,-12.39030291516499,-12.55573106352524,-12.763621548625371
DUSP26,-12.395563928277717,-11.640553503471311,-11.972728254482877
UNC5D,-9.035796335734894,-8.95253234350471,-9.479199213350912
ENSG00000253363,-11.968239541577242,-12.173504818350283,-10.621363448654389
ZNF703,-12.522669221289693,-12.004344458958727,-12.06762701501803
ERLIN2,-10.14957352682341,-10.173163526078564,-10.269491825912182
PLPBP,-10.309468478214722,-10.446379118855134,-10.392125775694087
ADGRA2,-11.320852025875821,-11.565282719668929,-11.71768003117925
BRF2,-11.873045013753343,-12.001122296564416,-12.019987043223466
RAB11FIP1,-10.32450386638899,-10.335669596404083,-10.033426287251665
EIF4EBP1,-9.633032910615174,-9.77144681170204,-9.57352557854115
ENSG00000286677,-12.836454498189358,-12.73483345205687,-12.807869921025109
ASH2L,-9.848880783275197,-9.935954002679846,-9.967291284438897
LSM1,-9.722119420297174,-9.815427714664871,-9.79214465907314
BAG4,-10.581752106395587,-10.709216328994657,-10.701920326688072
DDHD2,-10.189234244465451,-10.21260199356794,-10.280746115161195
PLPP5,-11.050046869154864,-11.081903615067363,-11.519213665576338
NSD3,-8.492006460639757,-8.486229355092833,-8.655867194553394
LETM2,-12.584118027131863,-12.55368180222892,-12.481992240705775
FGFR1,-9.362896637340441,-9.336214430590134,-9.63997633198333
TACC1,-10.475823614329734,-10.711876224211302,-10.443428778322971
PLEKHA2,-11.356888392987699,-11.87613358073308,-11.094001899940245
TM2D2,-10.706848858957397,-10.635809050867062,-10.760341465737842
ADAM9,-10.24321181208018,-10.110672486139974,-10.242716513301
ADAM32,-12.124323919164306,-12.118523265697652,-11.911576956142644
ZMAT4,-9.39602277607279,-10.068059181010552,-9.907865372533328
SFRP1,-8.456094230168597,-8.555684763267658,-7.5897008532115935
GOLGA7,-9.458253871588646,-9.5268374959405,-9.491149171101075
GPAT4-AS1,-12.701171247386412,-12.684228519051187,-12.825144641111631
GINS4,-11.746512461868102,-12.12389876074795,-12.14334641639866
GPAT4,-11.285913258103095,-11.241630214028861,-11.301627053470229
KAT6A,-8.905259441254872,-8.946188331930035,-8.947194658562728
AP3M2,-10.690856786048101,-10.782356241097789,-10.625364304951711
PLAT,-12.332670773762091,-12.244724087388956,-11.414743531650364
IKBKB,-11.011355749805409,-11.006887271097504,-11.09626554393368
POLB,-10.227853166948343,-10.281826000265172,-10.275556466836376
VDAC3,-9.054728887348967,-9.180202737615634,-8.997714537057293
SLC20A2,-8.41466306224114,-8.285660792491433,-8.551103596325275
SMIM19,-9.50731217817871,-9.632727603434317,-9.557386793381092
THAP1,-10.898142157183065,-10.935100114585717,-11.041353129267463
RNF170,-10.426957481595453,-10.3224620642868,-10.551670019446615
HOOK3,-9.319868656515478,-9.259208729750458,-9.369138342964012
FNTA,-9.727193079816818,-9.760661729225863,-9.767222028942959
POMK,-10.669524456664998,-10.571469317678584,-10.883907628463154
HGSNAT,-10.11397774617071,-9.986373380350818,-10.236852927762577
SPIDR,-8.741390217309688,-8.800572158059557,-8.99673407797024
CEBPD,-10.152440215002883,-10.473199633347228,-10.587006085108829
PRKDC,-7.952540755522238,-8.046356224479942,-8.14560480936984
MCM4,-9.871735777764856,-10.357698757281586,-10.224755751124338
UBE2V2,-9.385463907249905,-9.441598814260315,-9.50000389504728
SNAI2,-12.603286129207545,-12.687673113209327,-12.365764241476668
PXDNL,-11.62450840376985,-11.56517498984094,-11.822848309340081
PCMTD1,-8.737296615597996,-8.756556952167205,-8.832184443402136
PCMTD1-DT,-11.449671515732508,-11.314296228722963,-11.40559019630645
RB1CC1,-8.705379168111586,-8.777416890549555,-8.871210506254771
ENSG00000288818,-11.582247851105581,-11.615409485311021,-11.513893810110376
ATP6V1H,-9.378359379065609,-9.452806882447186,-9.498642755371424
RGS20,-12.104924078398547,-12.315279668208465,-12.626296041199904
TCEA1,-8.724858039599434,-8.823291936063983,-8.732223450516164
LYPLA1,-8.923077250974702,-9.015725262289449,-9.085103290627298
MRPL15,-9.444957501481268,-9.574182287341404,-9.768084976449606
XKR4,-11.687492161340469,-11.46671852848368,-12.884814263311227
TMEM68,-10.600267027447707,-10.63088647765505,-10.672818974514453
TGS1,-10.135294394809344,-10.166124721216347,-10.207774667622932
LYN,-10.288175162005906,-10.399417246911902,-10.23192914815238
RPS20,-6.872968609251015,-7.159898353931431,-7.082288602755076
PLAG1,-9.573647144099711,-9.523122455701346,-9.706925025633273
CHCHD7,-10.359469681437458,-10.375754525934427,-10.231412762915749
BPNT2,-9.789463302790992,-9.605457054071008,-10.010674713182643
FAM110B,-10.049595200260828,-9.97752986367794,-10.11623220179686
UBXN2B,-10.182360917390499,-10.166200814881137,-10.230152174698219
SDCBP,-9.172084603089893,-9.067193746721374,-9.23836991832282
NSMAF,-9.879977546893308,-9.954876539763411,-10.103935703490174
TOX,-9.042382095831424,-9.301652583921744,-10.087147428508386
TOX-DT,-11.643764542363298,-11.837819305061394,-12.031945896306285
CA8,-11.645602419436429,-12.241165163528976,-12.633783015125902
LINC01301,-11.401845566536254,-11.155097775012047,-11.09923627921837
RAB2A,-8.43391925372844,-8.36975457339097,-8.551454236295903
CHD7,-8.388992242400748,-8.514297753533222,-8.592699247070716
ASPH,-7.997314494386976,-7.884506204799303,-7.961333704639282
NKAIN3,-11.143574883450444,-11.236565560029447,-11.684586324017086
GGH,-10.965127882901001,-11.333512927091077,-11.326717771684608
YTHDF3,-9.435025465813801,-9.432050401744299,-9.553412704654495
CYP7B1,-10.76049056578569,-10.908329721231976,-10.881039139885324
ARMC1,-9.98982527901449,-10.054950942894257,-10.028452897778305
MTFR1,-10.83037046278028,-10.731348878591753,-10.652650116650731
PDE7A,-9.2686397685955,-9.29765344587486,-9.430428444977746
TRIM55,-8.324297110736179,-8.291578226884969,-8.163400745357398
ENSG00000287127,-12.343226384585899,-12.54838135465498,-12.460356621048538
RRS1,-10.694514535254708,-10.832510840276754,-10.667783286049826
ADHFE1,-10.967053089286246,-10.744652943223972,-11.007361650529104
MYBL1,-11.78981876372605,-12.339402565337641,-12.385279033493694
VCPIP1,-10.847932889232387,-10.89937724305362,-10.981381205904963
C8orf44,-10.313006557890112,-10.32128105749952,-10.521357033055194
SGK3,-11.095956409924371,-11.359138259032452,-11.240750123499096
SNHG6,-8.600361581076774,-8.668752503632932,-8.58174938314482
PPP1R42,-12.839242638606885,-12.69428652619198,-12.893670013253361
COPS5,-9.768728781886681,-9.88180967024097,-9.901817549533401
CSPP1,-8.966978818789217,-9.041296989259818,-9.172740914546678
ARFGEF1,-8.685993614521712,-8.686902198970296,-8.85988802927469
PREX2,-10.651414539426106,-10.54666603458655,-10.642986421503826
SULF1,-12.336739312424543,-12.211486775881708,-12.804015953202025
NCOA2,-8.341579008468727,-8.365984416098115,-8.561872824305318
TRAM1,-9.214582876498515,-9.190642750262054,-9.227375410851154
LACTB2,-11.168570861203753,-10.868366337915612,-10.806328673476367
EYA1,-10.882005590366338,-10.614469636369792,-11.040536302475475
KCNB2,-11.8254325448455,-11.694994844225088,-12.241926671285453
TERF1,-9.677387010486111,-9.812822441061938,-9.801658885152303
ENSG00000253636,-11.824361268861338,-11.934831912028011,-12.00370033399049
RPL7,-6.6799537662671025,-6.916633393810042,-6.749970360751813
RDH10,-10.462775058856437,-10.723156921367364,-10.450753043459683
STAU2,-8.376572707391789,-8.394825645265382,-8.470513768069264
ENSG00000254538,-11.823500801336637,-11.783278365568643,-11.716921543607151
UBE2W,-9.203262381814621,-9.17306199364385,-9.386216386937674
ELOC,-9.072690347049527,-9.176747814280299,-9.169617823830295
TMEM70,-10.435969866762141,-10.527297449656764,-10.434789868013722
JPH1,-9.435246558372755,-9.518015717276686,-9.816182178869314
GDAP1,-9.889748745826624,-9.954942055549392,-10.302859033797207
MIR2052HG,-12.11156012370466,-12.114488205051774,-11.597260214754817
CRISPLD1,-10.001193205154095,-9.913413796262102,-10.523007398771735
CASC9,-8.980922459912836,-7.766548521013288,-7.896531938886229
ZFHX4,-10.339789192574823,-10.495966146602953,-10.480720074972488
PEX2,-10.093519204578755,-10.17760034528372,-10.15105394125494
PKIA-AS1,-12.24236651594511,-12.180154012555196,-12.09475959357955
PKIA,-8.296053792796346,-8.40148136798415,-8.64175328843144
ZC2HC1A,-9.126731235775885,-8.877433098901816,-9.152033112528185
IL7,-12.02539450071374,-11.776439955492858,-11.935486127113707
STMN2,-12.708980712293497,-12.841517069086429,-11.902932325122006
HEY1,-11.301423101945977,-11.349294153912128,-10.612385084236161
MRPS28,-9.294354807252777,-9.323211897717457,-9.449373244466651
TPD52,-9.727593744963787,-10.006501309612094,-9.658767399285317
ENSG00000251867,-12.585590190909672,-12.61308399304076,-12.824474989292353
ZBTB10,-9.91129508938191,-9.892305523343584,-9.98184937800705
ZNF704,-8.08663252570857,-7.933602136815929,-8.309111751884974
PAG1,-11.011847689112686,-10.971949797022182,-11.605126498020395
FABP5,-8.57212586175782,-9.219317844785149,-8.558528599693062
IMPA1,-9.76054622572627,-9.845102606245558,-9.808099453633266
ZFAND1,-10.429482837657261,-10.43263044298616,-10.430250625894745
CHMP4C,-11.302905783048397,-11.200932854016042,-11.272905828648147
SNX16,-10.87261202356117,-10.922231831163668,-10.960519861666631
LINC02235,-11.362002948912192,-11.299832451700947,-11.420334881965905
ENSG00000254394,-12.497075457897527,-12.474749715892287,-12.6251433332122
ENSG00000254202,-6.462314785048666,-7.408638068141842,-7.725477457497188
RALYL,-8.12320313178534,-8.894904278206972,-9.063708912966504
LRRCC1,-11.06865775000159,-11.241102178480558,-10.998280453936447
E2F5,-9.983032436982448,-9.97982815369297,-9.99548190855744
RBIS,-9.438516906952698,-9.553963261442645,-9.394392336377228
CA13,-11.89247400611266,-11.813244998097977,-11.7555094223127
CA3,-12.082188783117587,-12.107598290981173,-11.775398830209504
CA3-AS1,-12.937347043167897,-12.90249400252123,-12.682135847408507
CA2,-11.877251916368104,-11.854612650483563,-11.37458984998113
WWP1,-8.909150162989045,-8.801682302278733,-8.845073753241694
RMDN1,-9.319284913695205,-9.376239388318192,-9.509567572359153
CPNE3,-9.100904420588668,-9.278704638981912,-9.046507142518776
MMP16,-9.600632482799888,-9.969523631748869,-9.986455009190353
ENSG00000253553,-9.738193699978288,-9.916893535533424,-9.687500476893375
RIPK2-DT,-8.813259751813408,-8.64185951818711,-9.042100999638844
RIPK2,-10.950328588028917,-10.997784292763212,-11.051010587378627
OSGIN2,-11.179859398970734,-11.129208283713437,-11.27065559927154
NBN,-9.810459941914806,-9.865427889756432,-9.995668930201612
DECR1,-9.318082059235806,-9.546270224444635,-9.205010360658196
ENSG00000254180,-11.08609368358253,-10.907871003592982,-10.951893390424006
LINC00534,-12.286061542753597,-12.293453931051827,-12.343464112869386
TMEM64,-10.858189965656988,-11.065712530218743,-10.794949615796904
NECAB1,-12.530901622095262,-12.507436820961004,-12.021721611137915
ENSG00000289502,-12.48840528186437,-12.58548256818401,-12.362457412457385
C8orf88,-10.353048525279204,-10.26906362153225,-10.289551972643268
PIP4P2,-9.195241240880032,-9.288044877156816,-9.431895846283448
OTUD6B-AS1,-9.851239273291638,-9.813267698631147,-9.805350127290223
OTUD6B,-10.553151560056344,-10.559705878643191,-10.461828529651106
LRRC69,-11.333893087515321,-11.250666719376401,-10.988037716040068
SLC26A7,-13.244326528418743,-12.678353483587196,-13.011085034356785
RUNX1T1,-7.3117101417871595,-7.445302580053864,-7.613256546325813
FLJ46284,-12.008289324690752,-11.871994503610019,-11.848535908601638
ENSG00000253197,-12.989369674534174,-12.741047158358217,-12.757329547500753
TRIQK,-9.732523942894094,-9.649044248326645,-9.63392842125152
CIBAR1-DT,-11.413958634691607,-11.330365136802344,-11.497536311714914
CIBAR1,-9.423388430591547,-9.61405547848094,-9.521375248870404
ENSG00000271971,-12.750351808588112,-12.695599548621118,-12.734874185575062
RBM12B,-9.824473584320959,-9.862155675941867,-9.883288789964949
TMEM67,-9.886704739192844,-10.039921475229615,-10.00414703355493
PDP1,-11.605100761185916,-11.771422512515917,-11.62777700707359
GEM,-12.982336598423242,-12.85399825329912,-13.048210723528012
RAD54B,-11.564496510814726,-11.799705791126062,-11.812906163669766
FSBP,-12.056235435405052,-11.88336212567611,-12.167478431695931
VIRMA,-9.66901898864225,-9.770037071808158,-9.852154867566487
VIRMA-DT,-12.52899446808583,-12.467792969902074,-12.527119939969394
DPY19L4,-9.788726718898697,-9.724644719651227,-9.946245345646691
INTS8,-10.351863647431637,-10.261326572984414,-10.391391835767081
CCNE2,-12.322320196086718,-12.757908772933245,-12.967375712018892
NDUFAF6,-9.7036950557508,-9.960468224737307,-9.953842048846195
TP53INP1,-10.608798201339345,-10.808441814942885,-10.85038735280612
PLEKHF2,-11.281985211762741,-11.29565910370425,-11.469149863019068
CFAP418-AS1,-11.349266638767851,-11.769180838994686,-11.147879525914515
CFAP418,-11.776921583862379,-11.500918976739785,-11.75096698707517
UQCRB,-7.761023753199159,-7.944164692925034,-7.765417227839803
MTERF3,-11.08520094575224,-11.160360500033926,-11.01630578735024
PTDSS1,-10.935519856379637,-11.132588259688976,-11.217167476787566
SDC2,-9.475446903928757,-9.583151067385979,-10.089721912934541
CPQ,-10.99206175967605,-11.103133516386722,-10.73564884898824
TSPYL5,-12.89779732234201,-12.551693397832862,-12.2035978943414
MTDH,-8.503648907894073,-8.57346260845694,-8.54121337201859
LAPTM4B,-7.1670701931247365,-7.275236078856626,-7.488435894870274
MATN2,-9.490527147602377,-9.938753389299901,-9.36683712826966
RPL30,-6.595945208194858,-6.752432953363618,-6.6906100633517385
RIDA,-10.28467386231633,-10.523839948142928,-10.22518716163695
POP1,-11.099571062183925,-11.27190152351232,-11.152255700017433
NIPAL2,-11.463402995193121,-11.388755603695959,-11.507795335650423
STK3,-8.682579320960288,-8.614157224267272,-8.77413607467278
VPS13B-DT,-10.764862314294419,-10.737431534488138,-10.729287914553689
VPS13B,-8.432633881482966,-8.419572406330179,-8.612896365374409
COX6C,-7.9346390176651775,-8.030942540094786,-7.898054757386188
POLR2K,-10.005617315436766,-10.113905906521822,-10.063962098173821
SPAG1,-11.577765644853613,-11.585928223010075,-11.848746507354583
RNF19A,-9.096682950416454,-9.050071037421212,-9.08980643515548
ANKRD46,-10.492322164934352,-10.489756106626523,-10.448984690797014
PABPC1,-7.616436199994343,-7.889026311690757,-7.796283979764565
YWHAZ,-7.619956553612508,-7.61265662731107,-7.709174508568199
ZNF706,-9.514447776212474,-9.539134611488976,-9.540535374181328
NCALD,-8.710704948333081,-8.814002163523377,-9.06125384219721
RRM2B,-10.715934594915792,-10.81188760813561,-10.90836479225938
UBR5-DT,-12.100284656746144,-12.036014229734317,-12.077346348940447
UBR5,-8.338471542318462,-8.388432404264705,-8.512098329058746
KLF10,-11.368729083712502,-11.675598965319171,-11.235296336722609
AZIN1,-9.697659187643934,-9.582389739605008,-9.644587619890547
MAILR,-9.921084298146113,-9.855871236361882,-9.944246666615266
ATP6V1C1,-9.96521050547519,-10.01895874984942,-10.05705681388017
BAALC,-11.468223337867549,-12.100344635851316,-11.204063355118995
BAALC-AS1,-10.29650015337446,-10.90402638468968,-10.524019776813793
FZD6,-9.146901213129512,-9.663854672176004,-9.529110853060281
CTHRC1,-12.650958396474225,-12.793656938378824,-11.304424362900805
SLC25A32,-10.273167156195898,-10.346001880504142,-10.298113290191024
DCAF13,-9.740524714791905,-9.944176351343607,-9.782289341719293
RIMS2,-9.529652155787582,-9.881392642854534,-9.813211679794083
LRP12,-10.059589366629986,-10.291093684959888,-10.35810511812081
ZFPM2,-7.6884088378394155,-7.722005919713435,-7.701727516545617
ZFPM2-AS1,-10.994330875194859,-10.978237563667347,-10.919608052062486
OXR1,-9.126242217129743,-9.0485720891774,-9.445633603975585
OXR1-AS1,-12.69507289966284,-12.611345848980736,-12.863794526892184
ANGPT1,-6.952245801148561,-7.859087369259075,-7.567595172953673
RSPO2,-11.024605659944713,-11.732252870339561,-11.11011939536544
EIF3E,-7.639109722737654,-7.824804323915566,-7.697961500648196
EMC2,-9.758884193215668,-9.828147609618517,-9.76443839317383
ENSG00000253796,-12.111251512667,-12.713414894220028,-12.082645282760765
NUDCD1,-9.910382449580482,-10.043855244833027,-9.967221631562474
ENY2,-9.020739803597191,-9.198504492543206,-9.101248804225687
EBAG9,-10.415434021149101,-10.515733326614738,-10.419857530239272
LINC02237,-10.671501777609826,-10.309469867793009,-11.375581244015578
TRPS1,-8.855703594980092,-9.197221428231414,-9.06233807426045
EIF3H,-8.224310650967825,-8.406069593514518,-8.380870882517234
UTP23,-10.2229984566873,-10.294161526810008,-10.277686637754067
RAD21,-8.456378455431377,-8.504856568212196,-8.710494559130343
AARD,-12.494683035447284,-12.243191940023042,-13.132963438836686
MED30,-10.968729589480766,-11.021132702345504,-10.903365783959558
EXT1,-7.828414287750517,-7.946937659113385,-7.993365598007921
SAMD12,-10.10483094044984,-10.118894473340141,-9.923757539107656
TAF2,-9.720652207414435,-9.788291330640973,-9.897129443027868
DSCC1,-11.803567121774952,-12.440126088245535,-12.289859706171574
COL14A1,-9.239088713055159,-9.361227831977915,-9.159473535586919
MRPL13,-9.279536248008919,-9.485245536663516,-9.292828034451402
MTBP,-10.664998665178127,-10.92383878015504,-10.944764543741044
SNTB1,-12.637274183011183,-13.073240939149098,-13.17927302754428
HAS2,-9.19687379872433,-9.05433701550234,-9.1696437797904
HAS2-AS1,-12.063585369119123,-11.960262731807518,-11.480200029686177
ZHX2,-9.113918443450796,-9.23318362464669,-9.622567779064877
DERL1,-10.394688311159433,-10.48603401098398,-10.52858107194191
TBC1D31,-10.544025689373035,-10.683497040094421,-10.634566868823274
C8orf76,-10.498088125984745,-10.49315535852438,-10.522583214778217
ZHX1,-9.561454174411553,-9.504170229363005,-9.567572784383842
ATAD2,-9.334461971502476,-9.564651449206615,-9.536907876329348
NTAQ1,-10.992031868333196,-11.05952374166839,-10.967996410521277
FBXO32,-8.791104420038119,-9.14610717167841,-8.566360631416067
FAM91A1,-10.273700497431097,-10.318288278718727,-10.345212173100945
TMEM65,-9.027055353797554,-9.127705218261152,-9.188467836390876
TRMT12,-11.69599003504685,-11.778088870533452,-11.767314143944017
RNF139-DT,-12.974120438675584,-12.523771733349697,-12.729031103607532
RNF139,-10.988036952850297,-10.989177423963811,-11.117731308992743
TATDN1,-9.631198261592242,-9.735920638850178,-9.652619068291905
NDUFB9,-8.696084663939606,-8.82495501048575,-8.67404962541705
MTSS1,-8.454415088972855,-8.729714455638748,-8.610047353256993
LINC00964,-12.170838544108491,-12.714247860756897,-12.341172412144868
SQLE,-9.683560256350177,-9.641861203457417,-9.951399117633022
WASHC5,-10.27273497391224,-10.326629813476599,-10.394808912846287
NSMCE2,-8.57534731203559,-8.597989926368584,-8.719231081940856
TRIB1,-11.015599364933147,-10.943066579191575,-11.556594385429502
LINC00861,-10.636977528694457,-9.982052043574889,-12.62690048282903
LRATD2,-9.832050233209973,-9.898455142368588,-10.593998490256215
PCAT1,-8.683069971488601,-8.772327701212747,-9.562221068207663
CASC19,-12.539602280346486,-12.57283684655803,-13.16689685062586
PRNCR1,-12.483028810506767,-12.56059245769778,-13.149617899578224
PVT1,-11.394246492314378,-11.783060585008887,-11.677379710851472
CYRIB,-9.067281040852398,-9.11694404596108,-9.174489516729338
ASAP1,-7.856799268136163,-8.088664720745985,-7.964779941171947
ADCY8,-10.496713761564369,-10.385957961870258,-11.609524167047589
EFR3A,-9.376124671575749,-9.304485679245284,-9.485420733584412
KCNQ3,-10.704750919500722,-10.883752276691954,-10.347971637587344
DNAAF11,-11.372672861158923,-11.34968955736158,-11.603059220194446
TMEM71,-12.583226931386438,-12.548658676463686,-13.225440844043202
PHF20L1,-8.823096053248817,-8.783223625408262,-8.927892969310598
NDRG1,-12.438269983620598,-12.849449698553185,-12.311062087175461
ST3GAL1,-10.06891927509255,-10.388201151540517,-10.149504941184905
ZFAT,-10.971294573509768,-11.133163313854896,-11.148960860855304
ENSG00000289405,-10.131268706789482,-10.490771381910172,-10.10999159462216
KHDRBS3,-10.912150182559069,-12.921386986052639,-10.579935750310856
TRAPPC9,-9.185052604258377,-8.946957608064993,-9.113116326333015
CHRAC1,-10.705447436812545,-10.623508078238856,-10.836135975904813
AGO2,-9.141269229795743,-9.196519236581087,-9.310112042797108
PTK2,-8.109672178536888,-8.170128237448214,-8.254030208011798
DENND3,-12.404859191630143,-12.577339841304035,-12.790471346123242
SLC45A4,-11.7594229669512,-11.79816182901595,-11.835786715588215
PTP4A3,-10.892191936665922,-10.882014862376742,-10.730753865348941
TSNARE1,-11.29744606384932,-11.408080431117453,-11.418416812542908
JRK,-11.578372831335678,-11.723578215890454,-11.907466312774137
THEM6,-12.087316639991371,-13.124312924119272,-12.249420792680429
LY6E-DT,-13.074866571311889,-12.78721689593953,-12.965556689522607
LY6E,-10.517812275763102,-10.61923109760275,-10.485880200014755
LINC02904,-12.219217103329315,-12.629115825417989,-12.456396589543509
ZFP41,-11.682777676511016,-11.821448299976106,-11.923109881575787
GLI4,-11.651785238816712,-11.747493800685843,-11.894783152783278
MINCR,-12.158748636379716,-11.854671853974182,-12.060172737388793
ZNF696,-11.776891591143416,-11.72791933533533,-11.997399258491422
TOP1MT,-11.81197271959471,-11.910672831392882,-12.189863937949404
ZC3H3,-11.641495522659575,-11.729035799075582,-11.67557081285541
EEF1D,-8.553065201893059,-8.674906049023253,-8.818881242722737
TIGD5,-11.84695043308488,-11.955310349716747,-11.950540106306345
PYCR3,-13.087660178842397,-13.169130733171938,-13.139639773687854
GFUS,-11.311109709970724,-11.439608341139204,-11.67265187069299
ZNF623,-11.444206796455221,-11.325346548215514,-11.699772022794598
ZNF707,-12.324311013154698,-12.349365529683931,-12.594998194919084
FAM83H,-12.67860104066643,-12.781425651353329,-12.9481722667873
IQANK1,-12.032181248020807,-12.043773973187639,-12.327413119331872
SCRIB,-11.68934288562038,-11.72614579752217,-11.921320459473534
PUF60,-9.738785874682588,-9.873752860775394,-9.953711600506582
ENSG00000287222,-12.236219676613969,-12.341709211892292,-12.450677575137826
NRBP2,-11.381738618492955,-11.351704802721072,-11.472147540728294
PLEC,-11.081303702302456,-11.025515631296482,-11.309228005202316
GRINA,-10.515650927056388,-10.529245687679149,-10.672530783618079
EXOSC4,-10.710036500126423,-10.851796769422771,-10.81475366930086
GPAA1,-10.631303640946099,-10.687521224351283,-10.754421252709548
CYC1,-9.150972296415937,-9.384158254057764,-9.216929858152366
SHARPIN,-11.095421438894357,-11.161829399962613,-11.174213988315095
MAF1,-10.16438032520719,-10.320611514502259,-10.29546498028038
HGH1,-12.539565204036384,-12.85571257956018,-12.68374944059192
MROH1,-10.893456661994081,-11.108222900058426,-11.012195156698366
BOP1,-12.233328007716116,-12.467701154342524,-12.408293256637936
HSF1,-10.465157763495464,-10.60764320914254,-10.448795114309554
DGAT1,-11.859019680115304,-11.908543554559529,-11.858586758378497
SLC52A2,-11.546750255245925,-11.53012556758888,-11.720545963774775
FBXL6,-12.360062213819514,-12.429038077430132,-12.682280675495504
ADCK5,-11.793124014267592,-11.84357244451697,-12.017110043256055
CPSF1,-10.854272674601638,-11.167745661204993,-11.286044447418144
VPS28,-9.48505041539172,-9.613798411300145,-9.679080181798236
TONSL,-12.448376430101861,-12.582099748037072,-12.757657863241914
ZFTRAF1,-12.601462197417849,-12.583123384798329,-12.841577556724904
TMEM276,-10.793344853651487,-10.776548677899816,-10.86733510553058
KIFC2,-12.47097193853993,-12.347938486909626,-12.64056242219771
FOXH1,-11.496143141653597,-11.32606068296553,-11.269912227321274
PPP1R16A,-11.39186113666487,-10.50069151408028,-10.159549530262394
MFSD3,-11.259411908939084,-11.329916631853825,-11.216849278174628
LRRC14,-12.076975291778705,-12.142250012364128,-12.295428253983198
C8orf82,-11.485525603875423,-11.40279893134863,-11.60119770757762
ARHGAP39,-10.680508423288028,-10.704524821247368,-10.817818131410071
ZNF251,-10.233182885964855,-10.248641951268915,-10.388061424140673
ZNF34,-12.168659033017969,-11.981342240782437,-12.174188268122094
RPL8,-6.577108277479006,-6.7565829712363366,-6.637931122391699
ZNF7,-11.28806838690552,-11.355870936741812,-11.434730169025753
COMMD5,-11.054023002149249,-11.198116836287591,-11.16543959679625
ENSG00000286681,-12.733589945685733,-12.720573886484802,-13.126652418266401
ZNF250,-11.366706857831677,-11.381995975120507,-11.355933801992995
ZNF16,-11.241738414027479,-11.250241952847057,-11.422236819816177
ZNF252P,-10.628219510343659,-10.557917198452262,-10.642231739385785
C8orf33,-10.280414296270237,-10.323796356682333,-10.28425817403791
WASHC1,-12.546492232999958,-12.406510436568448,-12.513653257902392
ZNG1A,-10.161029658237208,-10.251163771778188,-10.219076475127002
DOCK8,-12.756880879735343,-13.007478798071407,-13.20841623072493
KANK1,-8.62397691156782,-8.316266140036918,-8.880822865527552
SMARCA2,-9.743417351551448,-9.775795699323076,-9.784343368741625
VLDLR-AS1,-10.046503913409536,-9.769421232015693,-10.077596940477369
VLDLR,-10.563763297445623,-10.356823082185038,-10.715563253296528
PUM3,-9.180802603040847,-9.317223720770569,-9.299571646842185
RFX3,-8.800453571962967,-8.831172209022935,-8.949375888574492
RFX3-DT,-10.309411301475292,-9.503773927906563,-9.218959489199696
GLIS3,-10.48715906177367,-10.777141423675399,-10.01799570767454
SLC1A1,-11.824173876128407,-12.88116115307286,-12.256883881296906
SPATA6L,-11.945782922351693,-12.309805920095126,-11.985773079000968
PLPP6,-11.968689470871468,-11.927621103719162,-12.081075457164712
CDC37L1-DT,-12.325816888099034,-12.299964909952449,-13.012892801116793
CDC37L1,-10.07983858360563,-10.008333881455638,-10.067549282410846
AK3,-9.159532030023247,-9.139092249246104,-9.08731910895151
ENSG00000287759,-11.94215281812475,-10.553823274381072,-12.780077931687593
RCL1,-10.779518236010501,-10.875887268792942,-10.868821841586902
JAK2,-10.147934064075397,-10.216553201246365,-10.29152549184323
PLGRKT,-10.716894967217463,-10.748412699175166,-10.584248407853435
ENSG00000286162,-11.361147635200277,-11.305235060593349,-11.356614081105594
RIC1,-9.555947566988904,-9.5660006377784,-9.650185537575585
ERMP1,-10.364592648846124,-10.389198636440037,-10.336733222657665
KIAA2026,-9.069609474314339,-9.025975242132434,-9.13760100491547
RANBP6,-10.3019216720725,-10.277537757618862,-10.361855166513985
UHRF2,-9.795339889529618,-9.893758662649034,-9.886007265797257
GLDC,-11.934947594705529,-11.64608846354094,-12.089025263186047
ENSG00000236924,-12.654440511675023,-12.554077882010612,-12.734604320563193
KDM4C,-9.13918320619132,-9.26522762670909,-9.280594639211603
DMAC1,-8.930776471543314,-9.068401025748978,-8.923014730032792
PTPRD,-6.815583494994205,-6.6815964795065,-7.006687941273758
PTPRD-AS1,-11.248698015888912,-11.279133788792697,-11.315388646427463
LURAP1L,-11.788751641467902,-12.372384172365962,-12.733813951199368
MPDZ,-8.466432135076346,-8.593190963808466,-8.65383391927958
NFIB,-9.629596704345973,-10.132990965530226,-9.648830991475984
ZDHHC21,-9.424362783884185,-9.421483431393368,-9.534237069924902
FREM1,-8.441864958177941,-8.780797107485975,-8.424335937163686
ENSG00000291185,-11.817700931905465,-11.3753975946964,-11.117565123699626
TTC39B,-11.64335678978747,-11.523868519833199,-11.666641062991413
SNAPC3,-9.653766962338363,-9.68469389067345,-9.727589187799074
PSIP1,-8.361929340506753,-8.559770061339405,-8.483062510014989
CCDC171,-9.628217423300157,-9.454303469901207,-9.567465357140627
BNC2,-11.023231697882347,-10.851853139275274,-10.501624460881644
CNTLN,-9.463944008680162,-9.883680254935994,-9.647768014631259
SH3GL2,-13.009213023340003,-13.015568503441129,-12.237377970940678
ADAMTSL1,-8.486399551606917,-9.588116238848153,-9.120308789278578
SAXO1,-12.61051376306481,-13.122176126084353,-12.732473447281759
RRAGA,-10.091206455014134,-10.161213935266975,-10.04433954802231
HAUS6,-10.216270244416467,-10.415849411661176,-10.296798708888248
PLIN2,-9.793360661303234,-9.423736974967433,-9.624338611955265
DENND4C,-8.714149962802312,-8.588164105904296,-8.818151762204257
RPS6,-6.22534766521117,-6.483539123958968,-6.4280578990014545
ACER2,-11.968301307032128,-12.426320141476596,-12.126141456275478
MLLT3,-7.676973950810601,-7.946821632269467,-7.625964534770404
FOCAD,-8.478754444059023,-8.438217376662616,-8.467401141862819
KLHL9,-10.104373547693749,-10.190802151653351,-10.143655528188166
MTAP,-8.97006668295274,-9.103119908869244,-9.08580260137398
DMRTA1,-12.502656622211067,-12.297160333069112,-12.496544564647587
LINC01239,-13.236989307503107,-12.211792896425779,-12.108598269619606
ENSG00000283982,-12.107922153909666,-12.017952243642734,-12.365497861210942
ELAVL2,-11.169172148025451,-11.141055331203594,-11.372099572872118
TUSC1,-12.645822235732652,-11.392025982296575,-11.081070059668779
CAAP1,-9.567984966525044,-9.619057700910135,-9.719722711271316
PLAA,-10.100004982302876,-10.203100999221487,-10.121331655949737
IFT74,-9.516995652608223,-9.65894384264416,-9.65406278922124
MOB3B,-11.231593097597026,-11.127295645073062,-11.43939081973239
C9orf72,-10.944541594554417,-10.884697901824993,-11.049282043315142
LINGO2,-10.504748005707057,-10.165487464150917,-9.19238201070905
ACO1,-10.113440904887515,-10.10962607172628,-9.994660626803372
RIGI,-11.334577254439578,-11.219651888188954,-11.402839472665484
TOPORS,-10.173005673183846,-10.15811197743776,-10.306344435918186
SMIM27,-11.498843028945682,-11.436345631308463,-11.441857541027634
NDUFB6,-9.059916113435541,-9.122692143045192,-9.095195120967556
APTX,-10.009104126006536,-9.888239457525547,-10.000411673937787
DNAJA1,-8.030793938222414,-8.137645718689335,-8.213352299841375
SMU1,-9.512687680707721,-9.54021307588153,-9.549664789020127
B4GALT1,-10.421522559793416,-10.29901353307753,-10.445727332623628
BAG1,-9.002254686931554,-9.177744041546768,-9.127851742017357
CHMP5,-9.329701254038902,-9.399812386598144,-9.413661874941399
NFX1,-9.68232812647599,-9.767162998395005,-9.854789206721204
NOL6,-12.320105299349017,-12.442696586572094,-12.483171438625588
ANKRD18B,-12.316186368989216,-13.005584762332216,-13.01062193558847
PTENP1-AS,-12.300528150967688,-12.685899004681502,-12.977940867033823
UBE2R2-AS1,-12.159652972172704,-12.4135092870206,-12.58206128493047
UBE2R2,-8.73450725802146,-8.782762385352305,-8.822810093530025
UBAP2,-9.31560834608201,-9.26230162766482,-9.44703012604513
DCAF12,-10.48330377486619,-10.494331147655618,-10.621182777184798
UBAP1,-9.663611268560958,-9.595966423687953,-9.743085269476587
KIF24,-11.734696349001585,-12.134813973193426,-12.128701337159681
NUDT2,-10.788433535531338,-10.758243762476669,-10.94756803190391
C9orf24,-13.28807936879276,-13.147875767677224,-12.851199392113891
FAM219A,-11.836392800111005,-11.750464209101347,-11.72245773070088
ENHO,-13.195958219259891,-13.243765466549466,-13.04985254348911
CNTFR,-11.926086094448674,-11.954485701533644,-11.677386392308655
RPP25L,-10.515766605575097,-10.646385085892579,-10.51840314484188
DCTN3,-9.82647145304539,-9.926893586084411,-9.949069052712451
SIGMAR1,-10.729483532575127,-10.859496932962719,-10.84302291788213
GALT,-10.917487524550614,-10.987019160078844,-10.95790837184071
IL11RA,-11.48747052302159,-11.406285332894967,-11.564027449529297
ENSG00000187186,-11.780043272562231,-11.842707746868749,-11.577683033244
ENSG00000230074,-11.962129782905956,-12.822066182254256,-12.4138565566444
DNAJB5,-11.634568843249172,-11.550610024345655,-11.664870029800706
VCP,-8.805898930998914,-8.837654215210023,-8.894262206459294
FANCG,-12.22643510380864,-12.662133750351757,-12.632599344788595
PIGO,-12.18604602525335,-12.12454165541563,-12.413865557988437
STOML2,-9.401211723340372,-9.605109876190312,-9.4522078725435
ATOSB,-12.438928498458054,-12.383346787857715,-12.427181785742919
UNC13B,-9.845946847607756,-9.843222594867695,-9.862646694073739
RUSC2,-10.858489737114857,-10.630760202963595,-10.927844645994622
TESK1,-12.322243385891896,-12.29306946510875,-12.34836433203436
CD72,-13.0147472850418,-12.804940473967218,-12.82790578415612
CCDC107,-10.443599435419994,-10.237228999618843,-10.501643143376654
ARHGEF39,-12.356585797013292,-12.840273694745454,-12.830347615482204
TPM2,-8.064578436315793,-8.018345769712836,-8.23452424839002
TLN1,-8.717406531398375,-8.68521166349089,-8.868968483919296
CREB3,-10.796044084998766,-10.720519474289812,-10.948384080639721
GBA2,-10.249928415280921,-10.194000156824035,-10.18793726160697
RGP1,-11.0453963888934,-11.050101446726824,-11.200873650006642
ENSG00000227388,-12.49596144707895,-12.743262066732031,-12.778964697241967
NPR2,-12.97272924015972,-12.77116506732009,-13.043568098591306
HINT2,-10.229305834380035,-10.424481589173888,-10.332066269033795
TMEM8B,-11.992323129012101,-11.912993087714836,-11.935778674745732
RECK,-9.821281066866831,-9.904388662085394,-9.96559267936101
GLIPR2,-11.06866110571587,-11.568449979253474,-11.343108421411092
CLTA,-8.721525594590666,-8.876395026125873,-8.787972234715165
GNE,-11.33346353130164,-11.374779849021502,-11.466155926674817
RNF38,-9.156626098739654,-9.217770185530933,-9.242637552941213
MELK,-10.999528073880326,-11.64061989857336,-11.639164370193479
EBLN3P,-10.125335168551615,-10.032754158057296,-10.184767344020683
ZCCHC7,-8.363247190723541,-8.373271450837539,-8.541276635811997
GRHPR,-9.427692118896196,-9.502597453467649,-9.50951125723708
ZBTB5,-11.046347070545519,-10.97864920312138,-11.250775397728257
POLR1E,-11.301533042244385,-11.329442921829346,-11.330629242279985
FBXO10,-10.969653551632899,-10.973390227993672,-11.04153390300489
TOMM5,-9.14728768387812,-9.383849755962588,-9.259635292778107
TRMT10B,-10.982341496148543,-10.918940968597369,-11.034154663073936
EXOSC3,-10.216776778283943,-10.17257865746868,-10.194611773736003
DCAF10,-9.239199032301782,-9.178013749389,-9.249097304077994
SLC25A51,-10.717571697323983,-10.691482963021835,-10.867263952010878
SHB,-10.510783338909144,-10.514942267903828,-10.74969840125765
ALDH1B1,-11.795858320896894,-11.84562306680578,-11.876897719342077
IGFBPL1,-12.586639195469845,-12.452355218410599,-12.60972214207052
ENSG00000291061,-12.570181891492831,-12.23541841406946,-11.842411594175312
ANKRD18A,-10.076629451496297,-10.443699294289825,-10.38365227975725
CNTNAP3,-11.741729882307737,-11.647428723805339,-11.904216485716045
GLIDR,-11.473120861418037,-11.865075428521576,-12.25759734031757
ENSG00000291075,-9.394191538553859,-9.646206626654642,-10.544581752787872
PGM5P2,-10.729652583780316,-11.19740472471949,-11.67583564744309
ZNG1F,-11.771644029583006,-11.812195745183,-12.56679077113823
ENSG00000288891,-11.582124855905295,-11.061718810544072,-11.585307815634014
CNTNAP3B,-11.20928497276055,-11.417296750201414,-11.478505584624097
FAM27C,-11.48249805874856,-11.717467426238526,-12.019877770913162
ZNG1E,-10.984932313602691,-11.11031270368807,-10.891983955308524
ZNF658,-12.056436871930046,-12.095522995135331,-12.010196336395042
ZNG1C,-11.369992221866218,-11.484393533795481,-11.81505243824712
PGM5,-8.933672605278806,-9.05084586654272,-9.206204773806068
ENSG00000229019,-12.892983490373176,-13.02007746262455,-13.038414731361458
PIP5K1B,-10.652518546247789,-10.652713832028553,-10.247201324946333
PABIR1,-10.850604532464287,-10.860546846931772,-10.828955971503031
FXN,-10.12028466818257,-10.187061646776073,-10.137267978586085
TJP2,-9.967776907269354,-9.914477581221707,-10.218653760417345
BANCR,-10.958386314449127,-11.02863968855828,-10.775925330901412
ENTREP1,-7.62721460292783,-7.652860741099431,-7.857052891052003
APBA1,-12.288313473690724,-12.146025555132955,-12.346423003418847
PTAR1,-9.569902262907535,-9.607724894085296,-9.609640910809697
MAMDC2-AS1,-11.951267458765525,-11.932323652723088,-12.09259082946148
MAMDC2,-13.09703771236521,-13.132323837267608,-13.119596732467032
SMC5-DT,-11.424150392770835,-11.413117273680337,-11.63129533092839
SMC5,-8.931519648980977,-8.996632531182357,-8.999503284285092
TRPM3,-9.268360114359119,-8.854891225508602,-10.504889081287258
CEMIP2,-9.495315340542934,-9.703875433212588,-9.804047231476048
ABHD17B,-9.983402960993391,-10.083668187381521,-10.054660025755705
C9orf85,-9.894658173662592,-9.894036862419338,-9.921221110670771
ZFAND5,-8.828869694054928,-8.79778162890594,-8.848808420910606
ANXA1,-11.85654226604548,-12.314633603169185,-11.791500731572766
ENSG00000232590,-12.417617148896811,-12.526990007098235,-12.30420287124402
RORB,-13.264461052939685,-12.968687338541812,-12.946028964478627
C9orf40,-11.64947264104688,-11.70914989750081,-11.727813070314793
CARNMT1,-9.941533629418107,-9.847137094520862,-9.932732016360248
NMRK1,-11.90269310680135,-12.068774743692913,-11.750910253203907
OSTF1,-11.076870014234732,-11.044057204624854,-10.992982600538992
PCSK5,-10.749127560692559,-10.71990019244026,-10.783956279258618
RFK,-10.688926822273741,-10.64786014667415,-10.43192360683018
GCNT1,-12.140215772449556,-12.289358685884265,-11.82894400390746
PRUNE2,-12.066810165857396,-12.02309371640739,-11.410069300743286
VPS13A,-8.743359526397692,-8.546358027288509,-8.960921510366035
GNAQ,-8.413308618041434,-8.465927621011842,-8.615536079618503
ENSG00000289440,-12.620805729259844,-12.994072011989113,-12.803431457696691
CEP78,-9.907280906798137,-10.016351332232952,-9.990924904118256
PSAT1,-10.635752578989134,-10.784997692505188,-10.589519411852788
TLE4,-9.750834917344632,-9.712277703569232,-10.059666602019112
TLE1,-12.159842370204839,-12.113223848167127,-11.832371117088943
FRMD3-AS1,-12.316886825987543,-12.058947067193337,-12.54893405813597
FRMD3,-9.771015005151012,-9.352206524848352,-9.743073012830589
IDNK,-11.958993283057756,-12.197509475066385,-11.970054833156185
UBQLN1,-9.397457345103593,-9.417858346951176,-9.480728760593216
GKAP1,-9.863393498976148,-9.851500510102573,-9.941944471216392
KIF27,-10.894520948481976,-10.78235607691555,-10.87048820114847
HNRNPK,-7.746954011496363,-7.860397782920599,-7.833188783308463
RMI1,-10.848547996612906,-11.013102195417924,-10.981447452568913
NTRK2,-12.236458857308477,-11.69759761206763,-11.989408688886929
AGTPBP1,-9.001406757733616,-8.972692681469203,-9.26619262290805
ENSG00000230303,-11.814944345832297,-11.326612892242764,-11.661878444711107
ENSG00000290924,-10.573253534009131,-10.664215288402948,-10.687096477319574
NAA35,-9.161229334907057,-9.199097887258276,-9.236719485056726
GOLM1,-9.515978810890488,-9.503633563168545,-9.568272738095763
C9orf153,-11.988024248039434,-11.805449394287468,-11.67806318649221
ISCA1,-9.860489151525059,-9.91856276081209,-9.907722063234335
TUT7,-10.003649759259122,-9.97149915990808,-10.072504133868867
GAS1,-11.993303312896057,-11.717070290062392,-11.614383450799629
GAS1RR,-12.956316279603517,-12.886312499526523,-13.113315648233149
DAPK1,-9.80056617508844,-9.77740706897923,-9.930938577072096
CTSL,-10.124211830406876,-9.938055182956655,-9.877613151420194
CDK20,-13.051553023952836,-13.02104849366033,-12.775133276612456
SPIN1,-9.087604867584504,-9.022064730323786,-9.103831918117686
S1PR3,-12.149144296879177,-12.108513104231374,-11.842518107752946
CKS2,-9.753720497472498,-10.258669800364908,-10.043332006413516
SECISBP2,-9.561899814795414,-9.540515254666614,-9.643442504800383
SEMA4D,-10.685734916164225,-10.803100727740647,-11.007734544889388
GADD45G,-11.13546563314852,-11.091391204691655,-11.001853838707332
LINC01508,-10.580143458966598,-12.24975794703473,-10.890170450426506
LINC02937,-11.859749660742565,-12.144438393056426,-11.793549357608905
AUH,-8.996938514607079,-9.072089919804956,-9.122364904090459
NFIL3,-10.344925299575177,-10.351099054516064,-10.487520384344275
ROR2,-8.811392130813413,-9.05102905077607,-8.726455563857671
SPTLC1,-9.93679256984557,-9.938811890052353,-10.114224973358093
IARS1,-9.054132321339555,-9.057780049518371,-9.012611696850168
NOL8,-9.897144530746376,-9.939104915274694,-10.019679179871078
CENPP,-9.522674139603211,-9.816906463254842,-9.680508932829362
IPPK,-11.628652758590283,-11.642542520492276,-11.72368876061673
BICD2,-10.883269888295775,-10.891591642777303,-10.834363569130328
ZNF484,-11.302460511422202,-11.296027248924114,-11.410193403053528
CARD19,-11.41953667462904,-11.50762097161724,-11.26414249040035
NINJ1,-12.046212689240077,-11.992025161370007,-12.02631637064427
WNK2,-9.438141054683905,-9.518662713363533,-9.318338280954631
FAM120AOS,-9.523083635920898,-9.70556396504241,-9.742986997934105
FAM120A,-9.404090230927952,-9.541380802892073,-9.580632757910594
PHF2,-10.589970687364916,-10.630762153084348,-10.81544506037858
PTPDC1,-11.217689206741246,-11.098602922793535,-11.087081835512562
MIRLET7A1HG,-10.447727708894025,-10.369465231674322,-10.58825615356384
ZNF169,-11.925663429588754,-11.871750545304032,-12.066755193862916
ENSG00000232063,-12.337467090531801,-11.842598048809009,-12.84121484650994
MFSD14B,-10.118157427701567,-10.229976315142638,-10.36128039907483
ENSG00000286850,-10.20867075791097,-10.559387340819107,-10.860829476732842
PCAT7,-9.930270445443218,-10.30443199471952,-10.578720238650334
AOPEP,-8.80452848473045,-8.708447458033051,-9.046100904566101
FANCC,-9.282922064196475,-9.42359392952012,-9.412021046024222
PTCH1,-9.847399245009395,-10.135275280917666,-10.522953867885281
ENSG00000271155,-12.683451447797992,-12.531448422179933,-12.951643700124322
ERCC6L2-AS1,-9.945577915514303,-10.118957142428481,-10.605749738295597
ERCC6L2,-8.854276838239194,-8.825242257268666,-9.063190126288724
HSD17B3,-12.190750130578618,-11.815907911326656,-11.940998459042632
SLC35D2,-10.329764687940212,-10.190988312627267,-10.492986640238877
ZNF367,-11.729650159496403,-12.181101499726315,-12.319474175344817
HABP4,-9.8373889010051,-9.810001303317694,-10.049887506108778
CDC14B,-8.847454899172591,-8.831173188305074,-9.070109820553563
PRXL2C,-10.459429497474675,-10.528354255093669,-10.587738918671663
ENSG00000224848,-11.569728762816544,-11.311860352510791,-11.673269894808797
ZNF510,-10.964790941024411,-10.977080341657178,-11.074577137289218
ZNF782,-10.279809977051617,-10.385864802983585,-10.215619768693378
MFSD14CP,-9.22602251009424,-9.287023495842197,-9.376939108566543
CTSV,-9.34173629001086,-9.74441017989479,-9.078653003158363
ENSG00000203279,-11.077784984225824,-11.331861132789882,-11.455281657547381
CCDC180,-11.279100528511046,-11.385620578363788,-11.439273536435838
TDRD7,-11.82665168791729,-11.879736918785735,-11.84727111781912
TMOD1,-8.373150932815335,-8.533185190688434,-8.436282692289481
TSTD2,-10.038345891832654,-10.024720946176444,-10.137093625241416
NCBP1,-9.816110714863457,-9.952862712303089,-9.948307501724575
XPA,-9.961869152968841,-9.938487708457052,-9.866243842176086
TRMO,-12.065017112068515,-12.08981189299583,-12.086950762204284
ANP32B,-8.181602574962305,-8.388503527964726,-8.262783974018538
NANS,-10.719956133203704,-10.892575213578644,-10.68591797106422
TRIM14,-13.103468337223681,-13.200052359340475,-12.689084868055005
CORO2A,-12.585537967166404,-12.095262057681419,-12.229641578863445
TBC1D2,-13.094700078846016,-13.044896054787348,-12.825690359866423
ANKS6,-10.659369182505044,-10.693986114850688,-10.648004573162298
GALNT12,-12.427968143352343,-12.713609513713397,-12.087576047733728
TGFBR1,-9.818062682301179,-9.832192675091683,-9.853984383900212
ALG2,-10.221081008489385,-10.240941962451636,-10.256379559096581
SEC61B,-8.781103829935123,-8.961771148889925,-8.810646235874808
ENSG00000237461,-12.376482352268061,-12.388081202668525,-12.379883755642185
STX17-DT,-12.408024352940297,-11.907588042206543,-12.221340221075957
NR4A3,-10.837866316750182,-9.704987192014627,-10.83653590567865
STX17,-9.990030798497191,-10.006831204854064,-9.871047181109116
ERP44,-9.4293445840321,-9.469831312300336,-9.485637384660555
INVS,-9.0748709968308,-9.101530305580138,-9.163554935452527
TEX10,-9.942936216887663,-10.021381613202342,-10.074476124651166
MSANTD3,-10.142551683344431,-10.233513158317312,-10.214419394301569
TMEFF1,-9.67133483536883,-9.738034418402066,-9.833698463323433
CAVIN4,-11.561844430742587,-11.550884864235277,-11.877834024234033
PLPPR1,-11.532241598139919,-12.344995370112061,-12.386373342581804
MRPL50,-10.375532318989002,-10.447519984351683,-10.393176518076492
ZNF189,-10.607048763120499,-10.48622598723452,-10.601248160854906
PGAP4,-12.49058662114426,-11.939333063438585,-11.730971045326607
RNF20,-10.095634155021903,-10.077782730760932,-10.186860677237123
SMC2,-9.510279233775291,-9.979774282154946,-9.799003391180674
NIPSNAP3A,-10.01449256346544,-10.351477749107747,-10.27182210946769
NIPSNAP3B,-11.597766873517864,-11.824992200323903,-11.603895146345877
ABCA1,-8.935813280947512,-9.018245948988751,-9.276191778858497
SLC44A1,-9.470976567553446,-9.369499501248772,-9.519502896709971
FSD1L,-9.763340692538952,-9.847541530771688,-9.887774424668185
FKTN,-10.03980091108194,-10.235588885074673,-10.125170469234664
TMEM38B,-9.869596979525166,-10.055178218682752,-9.752921793562754
LINC01505,-9.78325894166949,-9.822736719173884,-9.590266388799906
ZNF462,-8.775512496343127,-8.803701447318538,-8.920649776866581
RAD23B,-8.790147441679196,-8.80855795278682,-8.881577293996257
ELP1,-10.203254829723317,-10.232895645240363,-10.335445338384002
ABITRAM,-10.749142355495671,-10.797481705866888,-10.796912708674178
CTNNAL1,-9.177740866928028,-9.429430067613481,-9.374962015049798
TMEM245,-8.714822451737405,-8.733558335888398,-8.956813327363582
EPB41L4B,-12.299888511269984,-12.443937292171428,-12.371146893496892
PTPN3,-12.134399866257558,-12.015058448557246,-12.462381963995268
PALM2AKAP2,-6.773578408609138,-6.8618827850401205,-7.05463464719431
ENSG00000232939,-11.35621553864381,-10.97080159568648,-10.860868406697769
TXN,-8.646124939913046,-8.89486920637356,-8.587507788934577
SVEP1,-9.806362913504904,-10.170958606283394,-10.709272953537225
LPAR1,-12.064657505738682,-12.484851029092585,-12.27732043858299
ECPAS,-9.253054913886372,-9.214202705189223,-9.259295762197775
ZNF483,-11.30797478465472,-11.28316069671262,-11.431529561015095
PTGR1,-10.35720590764088,-9.689330996720674,-10.618037046851763
DNAJC25,-10.15429150619551,-10.307226315000117,-10.359128235066972
GNG10,-9.383076665694011,-9.555987476429513,-9.592462422815306
SHOC1,-11.608972728764156,-11.65324974064739,-11.596822998296872
UGCG,-10.126228385908316,-10.084869911861656,-10.210087008221631
LINC02977,-12.565217501102957,-12.374245071970554,-13.09936367217383
SUSD1,-10.197142078122079,-10.177490873316792,-10.704041842510065
PTBP3,-9.573746172987013,-9.583468616238406,-9.751602498272334
HSDL2,-8.859623899429387,-8.88513336841929,-9.103836323893479
HSDL2-AS1,-11.255461663589355,-11.318382098190797,-11.354217944218183
KIAA1958,-8.63757707633097,-8.652174761684028,-8.80783315390787
INIP,-10.611090740613873,-10.619314140826091,-10.598530605939851
SNX30,-11.018201634226264,-10.989269854440806,-10.972829237489316
ENSG00000291094,-12.99514192761498,-12.432851835864117,-12.602061844972525
ZNF883,-11.678561211568383,-11.341521650514217,-11.544573553036685
ZFP37,-12.057799759247496,-11.11450292881664,-11.533706024620095
FKBP15,-10.42605685828553,-10.482731797923787,-10.550558303360889
SLC31A1,-10.038571847769418,-10.010598167131329,-9.949930310904117
CDC26,-10.402847795737314,-10.452687807064764,-10.391387739810755
PRPF4,-10.409845457647851,-10.54253279705761,-10.508447304727566
WDR31,-11.515042388858618,-11.264790543882766,-11.486692200941274
HDHD3,-11.193799274026572,-11.004935109146688,-11.206366899919365
ALAD,-11.36744938006943,-11.28126856945374,-11.458002045296244
POLE3,-10.16465380235173,-10.366196742175907,-10.316491852411012
RGS3,-10.52947535985298,-10.81846532900275,-10.940978288759839
ZNF618,-9.576364208307332,-9.631627618947213,-9.70034578269696
COL27A1,-10.967689270534027,-11.243782209395963,-10.940478744678034
AKNA,-12.145119473830032,-12.272974314734281,-11.905420398909941
WHRN,-12.113607620379891,-12.25479979180706,-12.093762038646153
ATP6V1G1,-8.419303152657049,-8.526551132089729,-8.487820867312466
TMEM268,-12.988767030375467,-13.271305498981553,-12.988593962084517
DELEC1,-13.10049402302768,-13.161596442399356,-12.822898439759271
TNC,-10.551458184870373,-10.625018180293148,-10.37467762194267
PAPPA,-11.894690718288354,-11.3153295729558,-11.188187570263283
ASTN2,-10.714560796197587,-10.966277565016568,-10.811595479105744
TRIM32,-12.305203537223644,-12.273212703267694,-12.262673811042733
BRINP1,-12.019286225251168,-11.927150949635438,-12.250027943240859
CDK5RAP2,-9.388150242766931,-9.38770360566366,-9.57696882946947
MEGF9,-11.410680399235385,-11.415433437676493,-11.739811458170038
FBXW2,-9.942278161179027,-10.00765926291272,-10.119950078091628
B3GALT9,-12.31253762584857,-12.644411616661477,-12.382930863620208
PSMD5,-9.95803515945683,-9.975939293171308,-10.772403292151697
PHF19,-11.641125202476216,-12.216575180518722,-12.052107346845538
C5,-11.861966470306548,-12.114337945311153,-12.307654353695282
CNTRL,-10.002316355104442,-10.094163235146576,-10.400648301390028
RAB14,-9.3838713973578,-9.414143200898888,-9.434874868878024
GSN,-9.986121936228981,-10.000981816845025,-9.946080435380821
STOM,-11.547870250024284,-11.410501901839014,-11.984992202713544
DAB2IP,-9.801315794346648,-9.859488155057736,-10.04249195492364
TTLL11,-11.3669797054855,-11.514616943047775,-11.470899787695478
NDUFA8,-9.21731699310245,-9.341613070132631,-9.100071728971656
RBM18,-10.333366792428354,-10.364853907863564,-10.40647552851599
MRRF,-10.114850081284288,-10.145850592828403,-10.125943809617105
PDCL,-10.744180915234734,-10.707404309825193,-10.747538241039015
RC3H2,-9.349879938050394,-9.235122831710482,-9.354023187092185
ZBTB6,-11.763260103939162,-11.473438475004174,-11.637116276973403
ZBTB26,-11.334576012975598,-11.153444441995573,-11.255090692454484
ENSG00000261094,-13.000319431960094,-12.794068503089575,-13.025051305483409
RABGAP1,-8.683460629129453,-8.605593290608699,-8.801255690560591
STRBP,-8.865042443113369,-8.937305364170438,-8.942687606580002
CRB2,-10.916368866788057,-11.071797224428002,-10.989920459747982
DENND1A,-9.020221261171885,-9.052788132441187,-9.146699330657365
NEK6,-11.38934509249101,-11.569442668657642,-11.548089924844286
PSMB7,-8.994583334597266,-9.152166103761916,-9.185225532010586
NR6A1,-8.404721623070296,-8.430599578095313,-8.614192434547238
MIR181A2HG,-10.202719893227625,-10.47541176598117,-10.279084716520508
RPL35,-7.027038192531077,-7.266626845757847,-7.0740387854012985
ARPC5L,-9.602121210510184,-9.719389854622673,-9.616023785852025
GOLGA1,-10.420263868539495,-10.47487400225423,-10.426957071874593
SCAI,-9.552166328821752,-9.537002387154173,-9.699805566086516
PPP6C,-10.121815268337626,-10.169694145268823,-10.260980955951815
RABEPK,-11.427774487867662,-11.421916494439559,-11.559090257603092
HSPA5,-7.787426889534626,-7.682765408774757,-7.841151739922583
GAPVD1,-9.233959340912698,-9.194071946568934,-9.379785610711817
MAPKAP1,-8.861649633994674,-8.900057964593776,-8.974590285029588
PBX3,-8.179735339875753,-7.935678410471341,-7.729965076988762
MVB12B,-10.030617628960993,-10.110647698093336,-10.075857129259147
ZBTB43,-9.989062055274006,-9.979271846834381,-10.115079675867342
ENSG00000288995,-12.808094192805637,-12.766266759253282,-12.937122143600174
ZBTB34,-11.57725068973255,-11.630638380807724,-11.6455448665977
RALGPS1,-10.322753945354163,-10.318100972479618,-10.23589387490308
ANGPTL2,-13.015798943335044,-13.20630749040161,-12.691839394956965
GARNL3,-10.087667744899548,-9.960927335942413,-10.163741297348045
SLC2A8,-11.776190596523161,-11.854994264954856,-11.734334660716478
ZNF79,-12.896799491674201,-13.024916565993017,-12.932326607488337
RPL12,-6.486541426578566,-6.855936316299685,-6.745893784442981
LRSAM1,-10.589723356033076,-10.704507570797897,-10.728853878589513
NIBAN2,-11.620364857694554,-11.801673731176736,-11.72731031083696
STXBP1,-11.067553407075788,-11.092292196877898,-11.10054447817862
PTRH1,-11.733861751297862,-12.00781542172734,-11.844246812779224
TOR2A,-12.148261275780108,-12.154443769337613,-12.112195600399659
CDK9,-10.723988676717834,-10.89509020643807,-10.671055263339886
FPGS,-11.035645704522434,-10.986953603932143,-10.961253141310676
AK1,-10.009676211296945,-10.050301635300565,-9.974090581224543
ST6GALNAC6,-11.279447941678013,-11.413242675838704,-11.456788703581402
ST6GALNAC4,-11.433044098439439,-11.381868015541587,-11.223706161010345
DPM2,-10.964709157275072,-11.107475248243642,-10.89151233367716
EEIG1,-10.90942176357904,-11.046701290554486,-11.036247134940117
NAIF1,-12.861854176590393,-12.890666019620147,-12.982400579372264
SLC25A25,-11.750096744439336,-11.727210360778352,-11.779380191954848
SLC25A25-AS1,-12.812405947104846,-12.865574161776461,-12.892258370490351
PTGES2,-10.2912408587755,-10.385143578915166,-10.372825289296175
BBLN,-9.380368573920295,-9.491488632941293,-9.559271642897215
CIZ1,-10.399556475692732,-10.478101973030373,-10.538640546756302
DNM1,-10.939402611426418,-10.817749515212881,-10.931596109037427
GOLGA2,-9.852007596340487,-9.798268939646514,-10.015913012490369
SWI5,-10.549419111214275,-10.498010159193283,-10.553070490809048
TRUB2,-10.52308839839217,-10.736812349863376,-10.747188251752341
COQ4,-10.317634457821365,-10.429411712387862,-10.550946720310137
SLC27A4,-12.061879191312196,-12.04801767371345,-12.130090378847253
URM1,-10.654515424983119,-10.755430466623647,-10.828595144256134
CERCAM,-12.032969871262095,-12.13664012112987,-12.034890342645257
ODF2,-10.618449444151265,-10.7646955973965,-10.821154557717346
GLE1,-11.054959037756811,-11.115348837294022,-11.125406960811942
SPTAN1,-8.80742569089386,-8.651068119420655,-9.12252037978748
DYNC2I2,-11.166970624659346,-11.35920304022116,-11.558705887997979
HMGA1P4,-11.724101326531649,-11.768121534258578,-11.695256226508315
SET,-7.465155630559861,-7.630530067166483,-7.68123157074943
PKN3,-12.336983840390454,-12.703912448114632,-12.807259600709875
ZDHHC12,-11.089614160475406,-11.168464111943182,-11.228963115911975
ZER1,-10.347122075540002,-10.444272289744964,-10.666830838625785
TBC1D13,-11.485715848969004,-11.511158587209607,-11.613409174995194
ENDOG,-10.044349096145435,-10.202132357821812,-9.87003016612704
SPOUT1,-11.797328384974824,-12.080006046921635,-11.963220217599913
KYAT1,-11.36690362394434,-11.47871436532782,-11.449193974357177
LRRC8A,-11.007564790896465,-11.081578552670587,-11.11372827486371
PHYHD1,-11.114052199990466,-11.269682085616768,-11.309081093835859
DOLK,-11.894887347728048,-11.909030099388318,-12.01041284526258
NUP188,-10.667560388434964,-10.821573140102615,-10.959133830563996
SH3GLB2,-10.852384517091137,-11.030803253567429,-10.996704845338618
MIGA2,-11.791209419678337,-11.827556647953541,-11.867100951203732
DOLPP1,-12.066608287483,-12.188047671966102,-12.208782295770003
CRAT,-11.489021936856794,-11.553622955330273,-11.479682374024968
PTPA,-10.16507202234343,-10.243987601253593,-10.3097827681883
IER5L,-11.260942833345307,-11.355312115461178,-11.542285924648368
IER5L-AS1,-13.225897162188382,-13.161496386915651,-12.952782454570675
LINC01503,-12.394375083246322,-12.501437260732551,-12.35423378219733
LINC00963,-12.14752451365016,-11.865853163747643,-11.98470161697269
NTMT1,-10.825670945219747,-10.92848214606911,-10.872355964252899
ASB6,-12.52419992965563,-12.632008091627561,-12.63388828110705
PRRX2,-12.993868868977325,-12.697264329141278,-12.714561390503532
TOR1B,-11.839537574997989,-11.874268017195021,-11.966051631041603
TOR1A,-11.230888215353898,-11.086956452240686,-11.330346714028893
C9orf78,-9.81414528457867,-9.837023056288036,-9.91688081112091
USP20,-11.513720655012808,-11.553027758570655,-11.692344831297486
FNBP1,-9.175199350492502,-9.20013126248398,-9.43786393422213
ENSG00000289226,-13.01354327491375,-13.208641450326146,-13.051035296110253
GPR107,-10.276438216074572,-10.208772563982622,-10.497366835122437
NCS1,-9.97817800857392,-10.127995764515838,-10.325876636284873
ASS1,-11.605158353255266,-11.966680536241526,-10.715632763481297
FUBP3,-9.433258778837315,-9.392686051665304,-9.496178884811567
EXOSC2,-10.79601469057363,-11.038035134263476,-10.89470998567501
ABL1,-9.29852195187037,-9.257456344980424,-9.430316705713745
AIF1L,-11.530040739633584,-11.116574899778872,-11.347399975647955
NUP214,-9.612960802912406,-9.604883870905708,-9.746839781168244
FAM78A,-11.040393741928368,-10.522701671600734,-10.82056235528094
PLPP7,-12.75316959447945,-12.405173738522004,-12.44683560010124
PRRC2B,-8.583825300260676,-8.586351710101363,-8.710835410050139
POMT1,-11.475404327516074,-11.432561253700994,-11.596847270671127
UCK1,-11.691891262935258,-11.86858002997944,-11.746808799212344
RAPGEF1,-9.75698116083671,-9.82048353587976,-10.026904051828673
MED27,-9.5552293866162,-9.655075882486729,-9.763759218993174
SETX,-8.74795912857578,-8.747947972609076,-8.895150353237172
TTF1,-10.359692189122196,-10.467023996455566,-10.387398489113783
DDX31,-10.70356766116242,-10.816762525409981,-10.80296981127843
GTF3C4,-10.150087622820802,-10.321058943134501,-10.324298539979903
AK8,-12.927276369044053,-13.130404055134239,-13.04085044096914
SPACA9,-12.526690409856247,-12.509312879365044,-12.480531159390528
TSC1,-9.977504458901183,-10.011745932258828,-10.250113816879912
GTF3C5,-10.89399934120338,-11.096048705624737,-11.143497233315582
RALGDS,-11.095283911426185,-11.273323884511928,-11.396405053521825
SURF6,-10.479798075016127,-10.620483607422091,-10.685321194247255
MED22,-11.199375312935102,-11.453984419598884,-11.139812576335077
RPL7A,-6.397237222822117,-6.5360417096766135,-6.44039235666534
SURF1,-10.553881845317447,-10.91768913695371,-10.635009135768975
SURF2,-10.788259049332511,-11.048955439810753,-10.939473968786327
SURF4,-10.056983449066927,-10.013627021836042,-10.151782843929833
REXO4,-10.30299994311339,-10.432153186370341,-10.404179300067431
ADAMTS13,-12.504061365810207,-12.6212906883051,-12.940883649964672
CACFD1,-11.555426650017644,-11.532976650388957,-11.581421761821298
ADAMTSL2,-12.46416205189639,-12.768571334905937,-12.834758419289562
VAV2,-11.018016730473882,-11.298877536609035,-11.093573551716748
BRD3OS,-11.736130611848742,-11.835174466206436,-11.80287871813209
BRD3,-9.64046514257802,-9.774690946018962,-9.86802957700989
WDR5,-10.861531151739806,-11.001219859987126,-10.955999991399468
RXRA,-10.93700729357058,-10.980631479819477,-11.067191131225474
COL5A1,-9.956482539515722,-10.07189030947882,-10.021028933342597
PPP1R26-AS1,-11.764865765514335,-11.823630098560928,-11.76380729475262
PPP1R26,-11.720102469691229,-11.742446041933153,-11.802491957257526
PIERCE1,-11.737515889418882,-11.947830937891652,-11.914070433461804
MRPS2,-10.283467436337057,-10.513440606030013,-10.389690806408325
CAMSAP1,-9.948571175748372,-10.06249814625501,-10.122120148398494
CAMSAP1-DT,-12.02128479001105,-12.067714690961212,-12.188439387135311
UBAC1,-10.433179586595797,-10.525721526993262,-10.36687725818111
NACC2,-11.698793284532725,-11.903231485333055,-12.012596772639123
TMEM250,-11.91076918273811,-11.94787135639254,-12.018808307503212
QSOX2,-11.508641850027344,-11.619273263251655,-11.92020567858475
GPSM1,-11.447212631799378,-11.666101805982267,-11.731381145726072
DNLZ,-11.597501556312286,-11.360256427570055,-11.844626421420422
SNAPC4,-11.542381292510376,-11.567478772141428,-11.714692003302257
ENTR1,-10.59100653825704,-10.662717516462207,-10.815953582303784
PMPCA,-10.480914442722932,-10.60113355400429,-10.5570125680851
INPP5E,-12.252126408100315,-12.377161507256771,-12.34339085669372
SEC16A,-10.556004670436788,-10.505616881763341,-10.755102590141625
NOTCH1,-11.817169795943926,-12.02447217479316,-12.010394528085554
EGFL7,-11.213947426220658,-11.107822601837178,-11.209615551150048
AGPAT2,-11.32482877716856,-11.104919862979832,-11.065434348674598
DIPK1B,-10.493166566974418,-10.617234783981283,-10.451218622615022
SNHG7,-9.445837437271251,-9.442718912428122,-9.704847848174103
TMEM141,-9.31657432804175,-9.161340754474404,-9.49642892328317
CCDC183,-10.150883589619857,-9.968483563044359,-10.724563137012002
RABL6,-8.832735600563328,-8.783804530925202,-9.303918409284499
AJM1,-12.224382935331759,-12.301933293034756,-12.813194424633537
PHPT1,-8.53356076675276,-8.569197255081455,-8.669881080330537
EDF1,-8.580571021879715,-8.734812616692984,-8.731762303699941
TRAF2,-12.027134917975708,-12.051684416334512,-12.181291194002194
FBXW5,-11.053438480817677,-11.273463898868359,-11.357344162503258
PAXX,-10.444147764491657,-10.521404580929687,-10.71775283704649
ABCA2,-11.986798306940948,-11.914082636314385,-12.200310006268136
NPDC1,-10.747019911242683,-10.723928960919261,-11.051252035021268
UAP1L1,-12.79646474001371,-13.146625527199522,-12.908364307832011
MAN1B1-DT,-12.772362815775683,-12.690827371142985,-12.954598644051101
MAN1B1,-11.116637842706806,-11.238653769883724,-11.509557151265792
DPP7,-10.518667568404597,-10.54480784087937,-10.867536280778067
SSNA1,-10.37927099611654,-10.446203248308702,-10.479533718913778
TPRN,-11.80054798698476,-11.853567893976242,-12.065112144185525
TMEM203,-10.892633759125385,-10.948563892894096,-10.975119713700286
NDOR1,-12.348385123533824,-12.405225439419349,-12.558456035938198
RNF208,-11.61755479160224,-11.677709987751976,-11.677381912784442
TUBB4B,-8.805296795254673,-9.017622241845453,-9.115974211754631
NELFB,-10.828342745821796,-11.009865406791176,-11.046225551196098
EXD3,-10.975805850346097,-10.96229203379438,-11.017172803008815
NSMF,-11.59551104648434,-11.626680326291538,-11.709240184920937
PNPLA7,-11.969035278487873,-11.529774315361626,-11.84726064044844
MRPL41,-9.17991567396444,-9.30142697859877,-9.232161557912633
DPH7,-10.89230069974642,-10.867337179558854,-11.046221865056829
ZMYND19,-11.112243928991289,-11.378565455765596,-11.238059909073645
ARRDC1,-11.592289034783262,-11.515107858257005,-11.802286303655228
ARRDC1-AS1,-11.833984422864525,-11.845505019917958,-11.969080068582306
EHMT1,-8.91940284711136,-8.962661178493788,-9.092685124487872
CACNA1B,-11.651231590860064,-11.524813281534371,-11.525322350443933
ENSG00000290588,-12.265548346973455,-13.053832343273145,-12.458149701428368
ZMYND11,-8.849315908279493,-8.883618647059267,-8.959126607285388
DIP2C,-9.154949065821754,-9.263374044359153,-9.252147103856535
LARP4B,-9.341484286911644,-9.372842555561812,-9.536026888954172
GTPBP4,-9.342188589721086,-9.423840524455894,-9.413090819503406
IDI1,-10.21406865808829,-10.126659194687276,-10.409583123332636
WDR37,-10.285314476808836,-10.277016235409242,-10.379850492387202
ADARB2,-9.949568620302756,-10.443972020046793,-9.748853295907264
PFKP-DT,-12.856454967509329,-12.780675440765366,-12.886957499977063
PFKP,-8.155167851444014,-8.419487291546695,-8.33418534349315
PITRM1,-10.83800663698758,-10.792123274221392,-10.848802660159462
PITRM1-AS1,-12.200492285654128,-12.583826005221972,-12.696498860479347
KLF6,-10.56115233975936,-10.536274111563431,-10.657061102097693
AKR1E2,-12.863614407702062,-12.502878005320616,-11.754373373650505
AKR1C1,-12.091411744708534,-11.829882947339012,-12.365678965298912
NET1,-10.390583655595496,-10.709064113959931,-10.439760191342204
ASB13,-12.124019922626523,-11.983327271331945,-11.979729032254195
TASOR2,-9.015656058000861,-9.073853580827146,-9.055037685872565
ENSG00000226647,-12.892805374564107,-12.894754453555098,-12.702486417070292
GDI2,-8.59487172023654,-8.774222864985255,-8.671819062565444
ANKRD16,-10.259948662016946,-10.234789674612745,-10.412702912337636
FBH1,-9.545374808906123,-9.515235009560199,-9.737462225939487
RBM17,-9.011479696265994,-9.079311120372001,-9.102916526733505
PFKFB3,-10.035848115208044,-10.059612972920469,-10.349049492520413
LINC02649,-11.81380001552092,-11.40648402808178,-11.610998838305775
PRKCQ,-11.577280523928994,-11.606109402225744,-11.8206382499892
PRKCQ-AS1,-11.816385871905853,-12.008055209754598,-11.885584214524448
SFMBT2,-10.271371889029984,-10.651166240989008,-10.01309544747014
KIN,-10.023775565343296,-10.059393051630549,-10.061581951018061
ATP5F1C,-7.996858546711401,-8.095237938934778,-7.973352639466449
TAF3,-9.479343046510772,-9.623273342933176,-9.74394294609799
GATA3,-12.365414393812683,-12.662735555587593,-12.682585202269122
CELF2,-7.97607225680541,-7.775092024032695,-8.238250535168477
USP6NL,-9.502571922050551,-9.523726341959227,-9.568241703799755
PROSER2,-12.029181550704358,-11.734427673605557,-12.254757563407539
UPF2,-9.197434958748198,-9.205759098755887,-9.313820138179606
DHTKD1,-10.439181095313446,-10.746888558711849,-10.608948449833083
SEC61A2,-10.744888735570422,-10.692520640168771,-10.767487087155166
NUDT5,-9.327921604799313,-9.300429286611587,-9.552834247349441
CDC123,-9.284524190266708,-9.381282074269336,-9.497866226609522
CAMK1D,-10.27115842154631,-10.454616468983508,-11.005198980242838
CCDC3,-11.769899458204135,-10.391455688247229,-11.427310849020287
OPTN,-10.331286467720833,-10.542097710205931,-10.261476978071904
MCM10,-11.258677459953821,-11.89626649486977,-11.83720062242909
PHYH,-10.62484544636463,-10.872068928074778,-10.601640796619028
SEPHS1,-10.034373677682012,-10.21613790792986,-10.229055717281026
BEND7,-9.9276804301939,-10.17824205884601,-10.141294468209487
PRPF18,-10.324337769644478,-10.34964332293462,-10.401338140057021
FRMD4A,-10.068504737170871,-9.781285236387845,-9.970321454482296
FAM107B,-10.365557867834243,-10.865808064951933,-10.48543119090363
CDNF,-12.696182087238391,-12.745323528877144,-12.719151263080418
MSANTD7,-11.470389824830738,-11.618581879464946,-11.524033318394778
HSPA14,-10.722717924402168,-10.806525980525135,-10.772506608634007
SUV39H2,-10.898512990460334,-11.074423164504564,-11.075825764421621
DCLRE1C,-11.013986885024547,-11.060488991620703,-11.124213519538953
ACBD7,-13.037548244435751,-13.10871745538065,-13.248894381771215
RPP38,-10.535386129257882,-10.610907843640494,-10.608129905180421
NMT2,-10.628190224875688,-10.834738196216763,-10.627111764704985
FAM171A1,-9.586285728092012,-9.811948998404404,-9.586337238750914
ITGA8,-12.039537956692497,-12.107757146503749,-12.077883996278073
MINDY3,-9.892042661036102,-9.922246435822982,-9.987982158490015
PTER,-11.780722431568718,-11.47131600978103,-11.52782875686587
RSU1,-9.327664064954188,-9.446733047330783,-9.577856623252451
CUBN,-11.49977735174598,-11.152939476240112,-11.362900738493364
TRDMT1,-10.318025653387693,-10.39412146281953,-10.521987204414284
VIM-AS1,-12.536871821677957,-12.642335843554932,-12.568163715407422
VIM,-7.043608848740498,-7.350136284477216,-7.248896648646303
HACD1,-8.198729722881675,-8.236661182708668,-8.504355403529708
STAM,-9.777777376006556,-9.904389988060778,-9.827378260945673
CACNB2,-6.821115121819126,-6.929502195263676,-6.81215442057877
ENSG00000235020,-11.098018812056507,-11.172876577531383,-10.906826281782251
ENSG00000240291,-11.047103497899826,-11.026090542007262,-11.092470651082506
NSUN6,-9.664361189843552,-9.642783600182359,-9.765168105996178
ARL5B,-9.539218178973083,-9.555688262564248,-9.617681013512893
MALRD1,-12.304173822835176,-12.327120924149895,-11.832031902813366
PLXDC2,-8.219397539507352,-8.52520764713742,-8.580177890538625
NEBL,-6.459481344766184,-6.522412747936348,-6.477451888019301
MIR1915HG,-10.697050159917568,-10.728001471732066,-11.126714818211784
SKIDA1,-10.845476113735359,-10.864360521255755,-11.191411025069403
MLLT10,-8.419313844374942,-8.475450731672005,-8.661162855757276
ENSG00000289528,-12.400919485613803,-12.467791595437532,-12.61595769200191
DNAJC1,-9.045455025731908,-9.2610192980522,-9.464309146189882
COMMD3,-10.141766409525003,-10.31476682994243,-10.193360433728264
BMI1,-10.457467030524368,-10.4116967688799,-10.515659768458617
PIP4K2A,-9.007442000896715,-9.147368055115141,-9.509479210091545
MSRB2,-9.398385228043926,-9.458221644681776,-9.271679034256348
OTUD1,-12.253875115571416,-11.81553832624606,-12.352589861923356
KIAA1217,-8.956561069225087,-9.000495164756563,-8.843197970197963
ARHGAP21,-8.934368747681132,-9.003779308634757,-9.066998498506905
PRTFDC1,-10.94755381411698,-11.29289759901211,-11.534872958227051
THNSL1,-11.62919807697726,-11.279029076750005,-11.622338350339446
GPR158,-11.215956408940034,-11.476773999380299,-11.583520496293165
MYO3A,-11.693009375287208,-12.494976353734163,-12.050734913501865
PDSS1,-10.986125372680434,-11.158037157212615,-11.080308359823889
ABI1,-9.35704843946857,-9.321049804530364,-9.541160635267063
ANKRD26,-8.76466380613698,-8.613730311142728,-8.722709675690988
YME1L1,-8.571048110032512,-8.65098153260214,-8.761385147791296
MASTL,-11.122347421122722,-11.690954709140195,-11.674864579909865
ACBD5,-10.054539021339892,-10.161731063852883,-10.112568191628235
RAB18,-9.548173332528359,-9.610402146599698,-9.522502664954235
LINC02680,-12.728170555061366,-12.660128050264504,-12.839559813504025
ODAD2,-12.260662420177669,-12.799054255409917,-12.461752392332398
MPP7,-9.33910394791079,-9.388513300984846,-9.324782259127993
WAC-AS1,-9.937756924182128,-9.947897407943449,-9.517461693255042
WAC,-8.219218364509665,-8.310720033911588,-8.353546957181432
BAMBI,-8.342394991325419,-8.26697959369381,-8.440797167618314
SVIL-AS1,-11.01121608729738,-11.263098365024854,-11.102277827378522
SVIL,-7.016018466768506,-6.959333907339199,-7.099085046761729
JCAD,-10.046442521765695,-9.886890176935816,-9.657833041765858
MTPAP,-10.582511570867151,-10.637659381897274,-10.590687300285978
MAP3K8,-11.616997862278705,-11.94282640733929,-11.56975051907782
ZNF438,-10.528668944721874,-10.217561887801235,-10.290195829871577
ZEB1-AS1,-11.515211521728736,-11.215286887355923,-11.57336524942265
ZEB1,-8.619388556597066,-8.419149673431209,-8.725725616132966
ARHGAP12,-9.402854144138798,-9.327005751153632,-9.391619332815562
KIF5B,-8.313623974110026,-8.296402516036938,-8.475826742333409
EPC1,-8.6270610325837,-8.63290771508979,-8.718768389318104
EPC1-AS1,-13.091257022667156,-13.046692252151967,-13.124369497319929
CCDC7,-10.560611852026948,-10.366612726908677,-10.520893549609344
ITGB1,-8.0303859296429,-7.881242634259036,-8.058078691041093
ITGB1-DT,-12.716727875258494,-12.741568387417724,-12.687804348237167
NRP1,-7.559008684527633,-7.834060835694053,-7.755160789041017
PARD3,-7.680092634598453,-7.7918454234671755,-7.822560196194382
CUL2,-9.427590952429266,-9.497590838400157,-9.563816384982594
CREM,-7.844527370685634,-7.894132548785298,-7.932276403193153
CCNY,-8.60933009485448,-8.684079050689352,-8.739133831247557
CCNY-AS1,-11.066387663804537,-10.987317769914311,-11.252514353342047
FZD8,-11.888528219460724,-11.760564909001456,-11.810393946917713
ZNF248,-9.573335646199682,-10.41664398342151,-9.93599934109592
ZNF25,-12.2759849776606,-12.329273829895145,-12.56888473702141
ZNF33A,-8.952499598225682,-9.016607910284655,-9.156777606346484
ZNF37A,-9.49375161004262,-10.276937469642963,-9.770264719048239
ZNF33B,-9.366679396093586,-9.38898184441561,-9.62607529461482
BMS1,-9.672476485978866,-9.765023076918133,-9.764180151007835
CSGALNACT2,-10.66262618761627,-10.645623709378782,-10.70887798239472
HNRNPF,-9.098727307658033,-9.224287394103255,-9.203073731006409
ZNF487,-12.348996292804102,-12.169242927106259,-12.016628726811726
ZNF239,-12.923945289226976,-12.044023038494858,-12.02069534352358
ZNF485,-12.685634790572363,-12.598459994231966,-12.424873117311042
ZNF32,-10.884410231507767,-10.852768068441568,-10.706770143366755
CXCL12,-10.393341911602421,-10.745485083618547,-10.194728379614558
TMEM72-AS1,-11.29902222812649,-11.118363971517907,-11.292308232804652
RASSF4,-10.337875091247636,-10.448095872001833,-10.35557526340654
DEPP1,-12.09710481257437,-11.897133181746922,-12.250600121714719
ZNF22,-10.325429571534794,-10.300678893304639,-10.051673332871824
MARCHF8,-10.28119256200039,-10.274660020553325,-10.302182430134598
ZFAND4,-11.072981677283087,-11.044643297028433,-11.012191551717347
WASHC2C,-10.213524095649039,-10.178805097739481,-10.321186337800352
AGAP4,-11.775773320777075,-11.842813210125913,-12.000012869844022
ENSG00000290921,-9.791769341856863,-9.809612480750255,-9.847858178694828
TIMM23,-9.933534402432736,-10.021055719839739,-10.046007336304273
NCOA4,-9.106288943137693,-9.13590901377944,-9.000925635816161
LINC00842,-12.872361951693472,-12.793564907269491,-11.450557829698145
GLUD1P2,-11.539067676679952,-11.549528531077884,-11.654027519796749
BMS1P1,-10.70942528227454,-10.642097032822889,-10.76548743053755
AGAP9,-12.157419944149055,-11.88737102387831,-11.515048780794928
ENSG00000290453,-11.39369775591223,-11.094427793517605,-10.701065512830837
ENSG00000276850,-12.90580301049945,-13.3384577123725,-12.268965990110441
FRMPD2,-12.002741076168506,-12.986345633743706,-11.192750542843488
MAPK8,-8.288650788607564,-8.369103340221837,-8.273439325416152
ARHGAP22,-11.875865568484087,-12.51331896441373,-12.27417923340713
VSTM4,-12.345102560074546,-12.466489237275765,-12.576019110217539
C10orf71,-11.433287022781863,-11.464452664141302,-11.275541246503012
ERCC6,-10.168702572522838,-10.185388177861446,-10.231482379624882
OGDHL,-11.880189008221773,-12.008236812789974,-11.95848099222129
PARG,-9.645120101054234,-9.675815906370005,-9.714292234080068
TIMM23B,-9.757955869706858,-9.806251209482376,-9.889712214487956
AGAP6,-11.193195766888064,-11.20483750056017,-11.385353041642526
WASHC2A,-10.286643564879673,-10.444996064929052,-10.617456512457608
SGMS1,-8.779507156852942,-9.228188587598067,-9.108196397901526
SGMS1-AS1,-12.523555045289129,-12.594762448429345,-12.547395448791265
ASAH2B,-11.340467517035488,-11.350258731648145,-11.27533631730584
PRKG1,-8.204293554553713,-8.104462541591559,-8.56622661366
CSTF2T,-10.988172219825245,-11.06102954608102,-11.059991620807066
PRKG1-AS1,-12.401346527315201,-12.455075325346549,-12.437744082952939
DKK1,-11.515594225798614,-11.418249334844763,-12.239347244644506
PCDH15,-11.34396612105366,-11.113986978616577,-11.366442104497901
ZWINT,-10.83966106277195,-11.83181580912457,-11.374085824944798
IPMK,-10.350083461367138,-10.36642890814868,-10.435095413750492
CISD1,-9.01148913599921,-9.075583272132754,-8.893281134874288
UBE2D1,-9.877756128886839,-9.937821269663981,-9.79513645185
TFAM,-9.229476322416573,-9.3804416376803,-9.209830871956017
BICC1,-8.721341904658454,-8.645861132987639,-8.999816866099787
FAM13C,-9.702107443774926,-10.619440955834726,-10.057569067304323
SLC16A9,-11.11507151105289,-11.460742316097377,-11.048836715641757
CCDC6,-9.243680011868973,-9.380379652417412,-9.213745572607868
ANK3,-7.657286637995028,-7.610476918486422,-8.183558826062628
CDK1,-10.398265050849252,-11.17843737824108,-10.832937932155591
RHOBTB1,-10.892539178435092,-10.959979267985695,-10.764372592716073
CABCOCO1,-11.833076507858788,-11.55433561649909,-13.069095506605262
ARID5B,-11.000140788228276,-11.129365457587493,-11.10297772393181
RTKN2,-10.97203501593149,-11.668257188474476,-11.37120312339321
ADO,-11.177266178424027,-11.236222827591911,-11.172591155610755
NRBF2,-10.34880557680256,-10.317721155546064,-10.331468721659961
JMJD1C,-7.302208091491825,-7.287164337199085,-7.490511442497749
JMJD1C-AS1,-12.43338133954613,-12.679648863094643,-12.669966575343588
REEP3,-8.950083766355656,-8.910151399318424,-9.00188807267332
ENSG00000228566,-12.52234560212699,-12.570006579419383,-12.604437537744852
LINC01515,-10.082804120567555,-9.539498575999133,-8.601215574962655
CTNNA3,-5.907697671416983,-5.773857053023819,-6.2828830026305456
LRRTM3,-9.687886988061205,-9.474081229582437,-9.352300239448052
SIRT1,-9.844530297115202,-9.932736059501822,-10.019385007065072
HERC4,-8.726981124054438,-8.637681170546685,-8.793924338890506
MYPN,-11.571284959563076,-11.489668290839653,-11.406739358715914
PBLD,-11.395127133747533,-11.621934630905539,-11.827074897421966
HNRNPH3,-8.668671918019355,-8.82944030815018,-8.806603675517112
RUFY2,-9.901731337085765,-9.900463858316195,-10.042894596033548
DNA2,-10.732310500769245,-11.11611636890199,-11.214177642292855
SLC25A16,-10.618139596916542,-10.62904866200258,-10.940178799656291
TET1,-8.031514219425858,-8.309531196469068,-8.26498500985667
ENSG00000260400,-10.896243224803046,-11.128215476822755,-11.241102024971525
CCAR1,-8.6904325328249,-8.776590618683116,-8.873636218021286
STOX1,-11.417184827095406,-11.353224501102137,-11.720047560394345
DDX50,-9.387207510047539,-9.53354566208443,-9.472367303839945
DDX21,-9.355840877054614,-9.494196178970935,-9.419638172634999
KIFBP,-10.111121672836374,-10.161204137205027,-10.247097141982746
VPS26A,-9.677672894693073,-9.836258178458053,-9.846258666182633
SUPV3L1,-10.489164577203482,-10.56746184427832,-10.703674264530552
HK1,-9.06441635010681,-9.234542684361868,-9.042817787756203
TSPAN15,-10.323911739909343,-10.804571632567734,-9.87969727798057
ENSG00000287306,-11.635134534054096,-11.165601392952643,-10.845741707143006
FAM241B,-11.328321528033802,-11.735208315994727,-11.316204188455435
COL13A1,-10.028010474356705,-10.05077156256558,-9.724511190404604
MACROH2A2,-8.965352099401969,-9.108823214243213,-9.153008943665013
AIFM2,-12.608213272095375,-12.785147476783239,-12.607512818554149
TYSND1,-12.014229165913417,-12.180102959521598,-12.018657392772905
SAR1A,-9.746130181210596,-9.809519749368164,-9.832189997536217
PPA1,-9.643680837841895,-9.922784507204462,-9.527990403176439
LRRC20,-11.355616021928743,-10.994375946354534,-11.0656034418998
EIF4EBP2,-9.50329828247229,-9.541660526222039,-9.634680673758506
PALD1,-12.183054331978155,-12.656967908200619,-12.122782506555234
SGPL1,-10.003780875549788,-9.986784048657647,-10.059013140260316
PCBD1,-9.275909473951145,-9.30637377930354,-9.275863379789639
UNC5B,-9.422480565390357,-9.40696728548019,-9.370747454566356
UNC5B-AS1,-11.237124692848694,-11.112826935291542,-10.355443163066493
SLC29A3,-12.914862201153023,-12.934747656713835,-12.46656335736047
PSAP,-8.764035030971394,-8.741814879742293,-8.781106470327062
CHST3,-11.590429323519459,-11.849765575817763,-11.971975421246693
ASCC1,-10.110224482643789,-10.16217399842348,-10.18756700309764
ANAPC16,-8.659905365820618,-8.72857588977535,-8.645136709155551
DDIT4,-9.982412866241237,-10.771980233004998,-9.628706281190043
DNAJB12,-10.580734763058253,-10.65806359094349,-10.76039752277141
MICU1,-9.204867080581147,-9.324440448211073,-9.40079310598137
MCU,-9.863628151082521,-9.935992785481067,-9.920377617395847
P4HA1,-8.585285573477268,-8.711962147451189,-8.565387002805345
NUDT13,-12.671154963291743,-12.678490985839947,-12.620913850053318
ECD,-10.074489842697197,-10.106849284151275,-10.186185888364125
FAM149B1,-10.51801984893483,-10.329567305480174,-10.54018048969001
DNAJC9,-9.81344320852311,-10.070124329975505,-10.070960415050488
MRPS16,-9.6566841882015,-9.77866015163258,-9.755011768833846
DNAJC9-AS1.1,-12.745933466417439,-12.94293715605829,-12.83066154539046
CFAP70,-10.665706597627656,-11.21023576196181,-10.632002864428983
ANXA7,-9.858117675577674,-10.006935279215051,-9.996940496308085
MSS51,-12.041292256861022,-12.150244307434262,-12.347215022285527
PPP3CB,-9.451835241798717,-9.470507846047344,-9.664058683130389
PPP3CB-AS1,-12.976455784541809,-13.098874967028392,-13.027751659998797
USP54,-10.452294785267572,-10.373002979922868,-10.52707324882078
ENSG00000268584,-12.562011839802507,-12.663843175826257,-12.660587394233215
MYOZ1,-12.696132667039269,-11.976752294308438,-12.587733428151395
SYNPO2L,-10.232946293684794,-9.594762242724201,-10.365212140558636
SYNPO2L-AS1,-13.184911641168034,-12.500284924507865,-12.85974439348515
AGAP5,-12.275472702187322,-12.009926780386893,-12.17427781949341
ENSG00000272140,-12.908954453660506,-12.875863150611991,-13.153273564244413
ENSG00000290737,-11.367264567835273,-11.227913749686579,-11.358478728271443
GLUD1P3,-11.067635277449215,-11.00391256278911,-11.290894915611158
SEC24C,-10.917942736956414,-10.959569434183415,-11.091662881974635
FUT11,-10.152630863609643,-10.378161964309724,-10.351258006132296
CHCHD1,-9.887682970410781,-10.009716959016327,-9.99086800511131
ZSWIM8,-11.204966102710477,-11.22628372561534,-11.294999812913325
NDST2,-12.412178599937821,-12.384108460040734,-12.568646828585786
CAMK2G,-10.347739833791467,-10.302760598738523,-10.590094180704991
VCL,-8.273057921846425,-8.093460483539191,-8.380678920413999
AP3M1,-10.273530224548168,-10.318708926670118,-10.386419578495701
ADK,-8.366788091379442,-8.47197947698348,-8.55021339605815
KAT6B,-8.238196605100654,-8.342803432800837,-8.40849850700042
SAMD8,-10.480734746784282,-10.347163881304496,-10.527314734430693
VDAC2,-8.327517536117572,-8.406877723887074,-8.371402356680706
COMTD1,-10.624767888232237,-11.176747298896618,-10.684614913031014
ZNF503,-10.188416316030171,-9.944122462682559,-9.577468721938503
ZNF503-AS2,-12.32102443735238,-11.719807360066024,-11.705871424810669
LRMDA,-9.204977786865513,-8.957488606779064,-9.115004737311269
KCNMA1,-11.780944452881354,-11.235336984577973,-11.757551947682375
ENSG00000228748,-12.860764620735553,-13.02900803147196,-13.140708458260761
DLG5,-10.201905724673082,-10.283219302863646,-10.453965177559517
POLR3A,-9.986287833635709,-10.011721056084928,-10.07123572431646
RPS24,-6.305697461507749,-6.368488962160141,-6.267075892754045
ZMIZ1,-9.129474059955795,-9.23498651580237,-9.212955283884849
PPIF,-9.790547018560495,-10.139288463006132,-9.559031282217115
ZCCHC24,-9.728857425950583,-9.908964926042032,-9.91082647047878
NUTM2B-AS1,-9.125891685690302,-9.21404870174085,-9.463042731499117
ENSG00000272447,-12.060915056980464,-12.162876035170896,-12.168519451810107
NUTM2E,-12.186772530870888,-12.310486265518103,-12.36812545298581
ENSG00000283913,-11.129497296856748,-11.277429164678209,-11.373749735027793
TMEM254,-11.673460342432922,-11.734732972541439,-11.812837500414856
ANXA11,-10.342120865174769,-10.47812240524484,-10.225818854702537
PRXL2A,-9.186076408123403,-9.074389986128105,-8.964467919993307
TSPAN14,-10.812993379716094,-10.807392280049616,-10.855671854872975
NRG3,-9.164377520321157,-9.442620982778305,-9.76765333337122
GHITM,-8.885048352423352,-8.952721907258102,-8.811204295561055
CCSER2,-9.19148080932555,-9.193588838029557,-9.223181678084812
GRID1,-9.098518924786317,-9.67479408727674,-9.355002556935634
WAPL,-9.065792171854604,-9.098661755528436,-9.191042750831194
LDB3,-7.582615190735551,-7.663676356539987,-7.676298394729707
BMPR1A,-8.33273181619378,-8.21186794565825,-8.52778411688435
GLUD1,-9.425358214092649,-9.505540265518233,-9.484308896830687
SHLD2,-9.529534674856427,-9.56249126954835,-9.70926824442596
NUTM2A-AS1,-9.50267597009662,-9.298608799280265,-9.395339369391376
LINC00863,-11.55460975184992,-11.386902358990637,-11.72475107892434
MINPP1,-10.232965233562169,-10.442560335948727,-10.53475495138694
PAPSS2,-11.876931119965707,-12.183930754134028,-11.910810761721672
ATAD1,-8.949112341752322,-8.927340825337744,-8.987073838965284
CFL1P1,-11.970436073255078,-11.903037612364088,-12.02316994324926
PTEN,-8.523607116798477,-8.540571247301958,-8.754701877039265
RNLS,-11.09223686093587,-10.963277896976917,-10.413540841794246
STAMBPL1,-9.899947552743152,-10.11103754883965,-9.97047649855566
ACTA2,-7.163255556479268,-7.468728042301963,-7.369521509460242
FAS,-12.427347059202125,-13.013260264682062,-13.057755463917706
LIPA,-10.442048269146424,-10.444174333478955,-10.27038805552492
IFIT1,-10.589837535073741,-10.83994510872154,-10.771246621646961
IFIT5,-11.812227233849027,-11.783041840262399,-11.090431450447001
SLC16A12,-10.254628993632178,-10.132724510516685,-9.786348762681454
PANK1,-9.878590927929272,-9.94129777635144,-10.148320332151997
ENSG00000235100,-12.098208842024727,-12.22366492489716,-12.200975693570596
KIF20B,-9.862988803975586,-10.312969529431209,-10.213473607198079
RPP30,-9.863388930784028,-10.164807211179378,-10.1265674635152
ANKRD1,-7.936648388360685,-7.4954266709526145,-8.81575400859747
PCGF5,-9.146738628427327,-9.097778959524891,-9.79733144300217
ENSG00000289228,-11.551590987747138,-11.396229324366326,-11.104621535169505
HECTD2,-9.40784467387197,-9.290598602892164,-9.993425956076653
PPP1R3C,-10.08759781644624,-9.989266660697993,-9.643262117470496
TNKS2,-8.785259251635576,-8.845048524617594,-8.914786274859873
FGFBP3,-11.851065601841325,-11.849667991572142,-12.2430444316665
BTAF1,-9.149536300460586,-9.162176889485316,-9.264596453902815
CPEB3,-9.501830404671137,-9.543272069766827,-9.687294664718365
MARCHF5,-9.711697750124927,-9.721416266072376,-9.762618408154555
IDE,-9.695424014512692,-9.652911737561716,-9.782242327894595
KIF11,-10.285619627263474,-10.890152985832572,-10.698513978045964
EXOC6,-9.328814730031857,-9.326067926368957,-9.478433153632176
MYOF,-9.436148190460937,-9.348205994579907,-10.569518210521672
CEP55,-10.933512351827048,-11.868778686695443,-11.574044161002192
RBP4,-12.72109132419539,-12.714902837158888,-12.779322921847996
FRA10AC1,-9.836971356686595,-9.823990643969799,-9.760669172061174
SLC35G1,-11.180234060555843,-10.85450840015652,-10.876954490345268
PLCE1,-11.401674923033582,-10.962468167369167,-10.897791257800343
NOC3L,-10.274916374732658,-10.444512043097708,-10.19532665547372
TBC1D12,-10.724592940455297,-10.711597459140835,-10.675485541024239
HELLS,-9.494897198450433,-9.837441263460141,-9.887142364090721
ENSG00000288526,-12.858780051738991,-12.856537788484859,-12.581956008757016
PDLIM1,-9.134434760332656,-9.218708631376325,-9.358659173161762
SORBS1,-9.127203905099327,-9.439556314378592,-9.77680266384906
ALDH18A1,-10.392877701716534,-10.528227407543685,-10.503322789411751
TCTN3,-10.581186033861538,-10.441529396200798,-10.560401376196483
ENTPD1-AS1,-10.502685669824274,-10.332083538637432,-9.799223649493987
CC2D2B,-13.21936530028049,-13.22337521723093,-12.959094002024445
CCNJ,-10.496795764956284,-10.53323631447844,-10.598959927185286
ZNF518A,-8.822967141742556,-8.804389524724547,-8.881377420735474
TM9SF3,-8.84116463848145,-8.70821521440509,-9.009989326773697
LCOR,-8.880370300642516,-8.808356960745465,-8.956914690716832
SLIT1,-12.061076402893033,-12.15097926923963,-12.476660500030999
ARHGAP19,-10.576204444262382,-10.699876775846764,-10.648999270768918
FRAT1,-12.73392676762378,-12.592558638218437,-12.75001029798364
FRAT2,-11.461440535458625,-11.536053293749134,-11.573476617818379
RRP12,-11.695029115266296,-11.522785053300867,-11.945027860549194
PGAM1,-9.020375361799315,-9.174606119457875,-8.849153541995658
EXOSC1,-10.513039992429702,-10.59237135164187,-10.634364398389335
ZDHHC16,-11.169274939206002,-11.173739451687561,-11.263509471030424
MMS19,-10.507642686021125,-10.567386066556073,-10.58054604033949
UBTD1,-12.571107321285655,-12.451883675989903,-12.661821376699075
MORN4,-11.110378619891666,-11.048801258469679,-10.995980535308973
PI4K2A,-11.182697166460407,-11.145103688290632,-11.233706790958765
AVPI1,-12.369991339637817,-12.52597688021216,-12.530737010577626
MARVELD1,-11.334971320367229,-11.118092817586547,-11.685798121477584
ZFYVE27,-10.98313569609578,-10.869321554986165,-10.926233827838146
SFRP5,-12.353228028972083,-11.832849865273227,-10.390204055290335
R3HCC1L,-9.990344620939268,-10.075675775654238,-10.113203545497315
PYROXD2,-11.095693902901614,-11.755422625629466,-11.010920578763127
HPS1,-10.634567342781674,-10.841760678850235,-10.596737687251274
HPSE2,-8.963692666911365,-9.538499511009377,-9.433299376565015
CNNM1,-12.706756700411319,-13.252637633255937,-12.986584673454209
GOT1,-9.5907637037394,-9.588139144680836,-9.443130669163637
GOT1-DT,-12.40376764790606,-12.229147219749624,-11.930900489300539
SLC25A28,-11.216153654245543,-11.2377006939373,-11.14340049852974
ENTPD7,-11.535359059615807,-11.514213568922578,-11.520689874831838
CUTC,-10.708565516211237,-10.794883513363278,-10.745245525234607
COX15,-10.300067420596093,-10.40075843024898,-10.377130473780518
DNMBP,-10.313559265395462,-10.413998413656175,-10.48271347268601
ERLIN1,-10.973512789136505,-10.973616518019487,-11.047861610585738
CHUK,-10.742099852261497,-10.712242509045772,-10.840527758065193
CWF19L1,-10.554364998155432,-10.673343483309704,-10.813036402538346
BLOC1S2,-10.36334024996404,-10.551103429637976,-10.388813284338214
SCD,-9.813506822682042,-9.766781004199977,-9.830328782222928
OLMALINC,-11.106530549239203,-10.86761706016439,-10.963946003288628
SEC31B,-11.005192219844705,-11.172176044192135,-11.37311063311813
NDUFB8,-8.720314939115637,-8.816454498086808,-8.688761897505328
HIF1AN,-10.69064828427045,-10.688333678835253,-10.845505914686129
SLF2,-8.856162092904086,-9.060497759199905,-8.864303496898131
MRPL43,-9.816390616151157,-9.9459573458803,-9.895916138428479
SEMA4G,-12.394498959598693,-12.57534153165867,-12.510084767002711
TWNK,-11.769910009583997,-12.004940419760944,-12.016066191513184
LZTS2,-10.612847384245004,-10.74233479783108,-10.750238532207513
SFXN3,-13.202374031201131,-13.254084510193758,-12.723332176017296
BTRC,-9.014797543781654,-9.001332111596035,-9.144371317956768
DPCD,-10.476739985164283,-10.62775107899429,-10.526089817188145
POLL,-11.480369804534853,-11.557683745454248,-11.678704700060727
FBXW4,-9.754435908651617,-9.635664479631567,-9.933986319489627
ENSG00000286489,-12.902560647304629,-12.795804677230704,-13.138745471217485
NPM3,-9.871370311198628,-9.913644140886257,-10.259188479134865
OGA,-8.724949518498128,-8.691762430230092,-8.935613527487314
KCNIP2,-12.360319939426596,-11.676268998323424,-12.013114551007424
ARMH3,-9.825024956651939,-9.786628700016518,-9.927156506932512
HPS6,-12.362176094423248,-12.383794713082947,-12.34644392004362
LDB1,-10.392578103367846,-10.45661462489432,-10.630094231834168
PPRC1,-11.12044044152202,-11.173015755429939,-11.34863474740098
NOLC1,-9.39799173397201,-9.559719239843622,-9.500266784733569
GBF1,-9.332256114816529,-9.277498228360484,-9.59351168327936
NFKB2,-12.553663593666371,-12.550624770933982,-12.562913724446616
PSD,-11.71653517630836,-12.205155985835265,-11.914285532583742
FBXL15,-11.34836674289548,-11.473271335110484,-11.348182439756465
CUEDC2,-10.071720881349687,-10.23872009937345,-10.124110208869583
C10orf95-AS1,-11.501179963507726,-11.674389291193123,-11.628239741222787
ACTR1A,-10.126763889919719,-10.223271970253377,-10.210417445978988
SUFU,-10.494888826515014,-10.53314786930996,-10.665430843753246
TRIM8,-10.301081354023063,-10.294361925499201,-10.546709639518975
ARL3,-9.06241088997661,-9.087424160100484,-9.021277136118988
SFXN2,-11.053438653707348,-11.07891858834323,-11.349873368037102
WBP1L,-10.799036572261526,-10.744022891330463,-10.949488445637737
BORCS7,-10.149852389850501,-10.248524302046334,-10.462364059330035
AS3MT,-10.800815412966099,-11.189615119525083,-10.870222688617286
CNNM2,-10.442798015014882,-10.45015623380599,-11.09335372172819
NT5C2,-9.026869805998853,-8.862462717477083,-9.452321762441878
PCGF6,-10.294587267686095,-10.39870517645227,-10.385601713377358
TAF5,-11.938707989712066,-12.298833921848509,-12.110457681633127
ATP5MK,-8.484900101328227,-8.625370493823192,-8.536431373307126
PDCD11,-10.238078310155483,-10.3093289419785,-10.310019600943154
SH3PXD2A,-8.874078772833087,-8.91867332893839,-8.802940971614648
STN1,-10.773484515498382,-10.789212968450547,-10.807376438972746
SLK,-9.079920342817017,-9.095363859942804,-8.992611593503149
SFR1,-12.063504590469316,-12.242793043337342,-12.087340000979099
CFAP43,-12.329524324529357,-12.52893417296488,-12.004297699202361
GSTO1,-8.883974475625052,-9.685675235368107,-8.735195018315057
GSTO2,-13.125583127864795,-12.876293318267798,-12.854158102595202
ITPRIP,-10.800177566447212,-10.620082702211171,-11.07317228730495
CFAP58,-12.189748451996657,-11.923038958467536,-12.282956028539662
SORCS3,-8.710729698733525,-8.715321672348267,-8.734794064499058
SORCS1,-8.00405419136725,-8.060265127946673,-8.433044682820121
XPNPEP1,-10.373519242185127,-10.432109614883357,-10.495439304363703
ADD3-AS1,-12.290417411142698,-12.182877626508787,-12.36874481818058
ADD3,-8.496817264214684,-8.580714099102133,-8.656338976909717
MXI1,-8.874147131944474,-9.107690976936643,-9.12960160050369
SMNDC1,-9.629440749947861,-9.71417166575629,-9.69579103688311
DUSP5-DT,-12.798729927009044,-12.979476702213631,-12.879203679723053
DUSP5,-9.431737620553687,-9.574704765153419,-9.495970856174681
SMC3,-8.234818072964778,-8.405109749814518,-8.475801204396914
RBM20,-7.758722365391541,-7.770738023795226,-8.214499900408784
PDCD4-AS1,-13.013202142564987,-12.86579532955345,-13.03974631329283
PDCD4,-9.100383744031916,-9.201118181853285,-9.457529986964277
BBIP1,-10.46532458003521,-10.48788856408675,-10.580979424350133
SHOC2,-8.810220030314794,-8.76814222282884,-8.98587507027123
ENSG00000287231,-12.052230735734595,-11.39638713949857,-11.749106394411985
GPAM,-10.552971153847936,-10.455152361612987,-10.484247795932205
ZDHHC6,-10.699656951248368,-10.79221108231304,-10.833123711997604
VTI1A,-8.899687092080976,-8.88475203648627,-9.04407641948554
TCF7L2,-8.117021383335768,-8.425479663018653,-8.706440532362645
CASP7,-11.989674562639234,-12.268670712184274,-12.348266018414105
DCLRE1A,-11.75320886945373,-12.012468068430762,-11.9066536704828
NHLRC2,-9.182355679518997,-9.217486513944577,-9.248971338549861
CCDC186,-9.71576777505123,-9.83873757095856,-9.962945849082839
AFAP1L2,-12.753414628264109,-13.30482705982255,-12.4008173012
ABLIM1,-7.681381428034101,-7.967234087010764,-7.431647717903136
FHIP2A,-10.05325592968736,-10.104360310636489,-9.87194117643056
TRUB1,-10.577139012313813,-10.713255342082109,-10.74815486939064
ATRNL1,-9.548813178588562,-9.99523438750953,-10.104385493410563
GFRA1,-12.3845290906119,-12.49257199408405,-12.577657425823315
C10orf82,-11.925529420619768,-12.526351423696456,-11.92015472448487
HSPA12A,-10.769905787451453,-11.355765363281252,-10.806806955100317
ENO4,-12.492214536596075,-12.537110313715573,-12.466352623194048
SHTN1,-9.998966188706525,-10.212296091629582,-10.268229146761895
PDZD8,-9.674071795080042,-9.706963993589346,-9.736372041841639
RAB11FIP2,-9.868102880840981,-9.886953177087916,-9.836518415474316
CASC2,-10.767120563336807,-10.84633106646035,-10.817778496763811
FAM204A,-9.458301083054373,-9.54354784666042,-9.626917536436336
LINC00867,-12.83332354841136,-12.929115765739507,-13.066841569875233
CACUL1,-9.294498604314017,-9.312221296934885,-9.472982922142858
NANOS1,-12.93143416155721,-13.198293942829958,-13.069044728046332
EIF3A,-7.901414777066761,-8.027294859389837,-8.008368419059252
DENND10,-10.035157550207899,-10.045297399665984,-10.048905501283675
SFXN4,-10.184111315505834,-10.267997282834962,-10.327678832914398
PRDX3,-9.032067621402566,-9.115306124900362,-9.08974052671134
GRK5,-10.372526536099194,-10.1722065449829,-9.73347748091198
TIAL1,-9.278776506048136,-9.29418094859545,-9.395522433301291
BAG3,-10.333587522500387,-10.51891442413062,-10.261636113671115
INPP5F,-10.389076008331418,-10.415128417176042,-10.235193575367028
MCMBP,-10.10877047297152,-10.289402570494262,-10.257098347222717
SEC23IP,-9.809021740314343,-9.881068262664497,-9.968775092252116
WDR11-DT,-11.587267210375149,-11.61791374548098,-11.500754117839572
WDR11,-9.908875907254144,-9.93417544334706,-10.058553245082669
FGFR2,-9.782310534702436,-9.761904211117587,-9.533804465404588
ATE1,-8.803744621485288,-8.88283102597594,-8.888112241208237
NSMCE4A,-10.137359618389786,-10.352321839818726,-10.260143659481502
TACC2,-8.811953806958082,-9.060445739582926,-8.734135734833965
PLEKHA1,-9.856569473266733,-9.832420490534982,-9.867152889394477
HTRA1,-9.885415330334368,-10.00663402557383,-9.949954662687086
C10orf88,-10.831781826565729,-10.727801973076565,-10.859191843526432
PSTK,-11.024835739013966,-11.056885221570797,-11.228128145422456
IKZF5,-11.085704248499125,-11.16300692177122,-11.28017499793621
ACADSB,-10.259570075688721,-10.151808311918307,-10.13124560918925
BUB3,-9.693558560373848,-9.983518549900687,-9.867342979463078
LINC02641,-11.449050448341742,-11.272445159734737,-11.377969406593019
OAT,-10.8771990507403,-10.989484902512576,-10.654416825975071
LHPP,-10.914559321683598,-11.085779831153083,-10.992758164977245
FAM53B,-11.262018614140505,-11.537412993497767,-11.485936683115344
EEF1AKMT2,-10.146334101504852,-10.211121838259757,-10.25323203001126
ABRAXAS2,-10.492380981882155,-10.553034819297109,-10.656151005462101
ENSG00000249456,-10.703868949701583,-10.705560786938447,-10.851317451891159
ZRANB1,-9.728965991883175,-9.759291328520595,-9.925716380321159
CTBP2,-9.000773612513491,-9.05116867955166,-9.212540522467261
EDRF1,-9.947279502211376,-9.99855121008783,-10.703711397582135
UROS,-9.685027303978929,-9.783756472900512,-9.788927537874212
BCCIP,-9.309062191443484,-9.486583403395354,-9.392765356783558
DHX32,-9.554129167989972,-9.499960670029393,-9.479956449197685
FANK1,-11.028490414359288,-11.004813106914982,-10.946509716541353
ADAM12,-12.57273875916763,-12.582938194058276,-11.97263883836629
DOCK1,-8.82492618096406,-8.89030393380768,-9.056438261139725
INSYN2A,-12.196729610573628,-12.636018606013229,-12.22201097619514
PTPRE,-11.529108767225905,-12.056982594777045,-11.697142279764693
MKI67,-9.404614089777686,-10.15962329144648,-10.00688983790625
MGMT,-10.069818708100911,-9.876716058366778,-9.849158513471089
LINC02666,-11.79303558725301,-11.533380566380798,-11.610811698682607
EBF3,-12.946335927935207,-12.501967130960585,-13.158694610599612
C10orf143,-12.499778899012936,-12.3359937270197,-12.55115156593636
GLRX3,-9.416083320162526,-9.554771652723279,-9.485547724210557
LINC02646,-12.071965948093112,-11.52162311876012,-12.089717080158254
TCERG1L,-12.441646565036724,-12.879856939974355,-12.509671899590197
PPP2R2D,-9.825711606780086,-9.901118472611035,-9.94923416468074
BNIP3,-8.027380657444539,-8.241687381616696,-7.504931448255449
DPYSL4,-12.696908193530197,-12.954484936046283,-12.468517643408932
STK32C,-11.509512145734817,-11.646579017053524,-11.452247673036283
LRRC27,-11.345664586397525,-11.250031413816405,-11.432885584130318
PWWP2B,-12.685644042096452,-12.769808713151157,-12.581932093468238
ENSG00000226900,-11.003610462712931,-10.923565926664757,-10.34112211565209
INPP5A,-9.396909069835878,-9.43860649718343,-9.56909336375264
CFAP46,-10.986830049531585,-11.225957729010789,-11.00342466896934
KNDC1,-11.470382373062854,-11.378931972596453,-11.523270474987335
TUBGCP2,-9.531766856020985,-9.566805886551252,-9.690864723824472
ZNF511,-10.045319481057035,-10.087351419622806,-10.039739947683817
FUOM,-11.420834277348172,-11.55971272174294,-11.963797746153073
ECHS1,-9.182610434290321,-9.397692388830658,-9.266624275422295
PAOX,-12.134509772686457,-12.079547739058752,-12.463800785531703
MTG1,-9.837527879289011,-9.853247191188231,-10.018423004380676
SCART1,-12.326300270703916,-11.987619077946682,-12.348143016418105
BET1L,-11.548804465434529,-11.667756738670972,-11.78213220201839
RIC8A,-11.237621504350383,-11.36442967661074,-11.397853266855785
SIRT3,-11.145644709444834,-11.20430037719068,-11.253651965580508
PSMD13,-10.009087394019632,-10.205860321165108,-10.172081968380887
PGGHG,-12.118108414018602,-11.860235271617494,-12.346464024950446
IFITM2,-9.927018760688728,-9.981837884337125,-10.043619484321042
IFITM1,-10.70130593243704,-10.641760339117535,-10.758624747414666
IFITM3,-8.536761876895396,-8.653108873478407,-8.724968329816862
B4GALNT4,-12.019402962165465,-12.348008251086792,-12.17769417213087
SIGIRR,-11.433044275176902,-10.960053562344749,-10.689834210062337
PTDSS2,-10.843156956376484,-10.899583736116144,-10.966469721676143
RNH1,-10.141383927457833,-10.181708041338265,-10.260916679779646
HRAS,-10.802486202552151,-10.947119382502507,-11.0416045332002
RASSF7,-12.061547502541385,-12.131931207565385,-12.180225991220505
MIR210HG,-11.470266619788752,-11.669012074027899,-11.340882160234177
PHRF1,-10.677255649856393,-10.7437368991239,-10.874707317152595
SCT,-11.456625685001747,-11.17595331081413,-11.368080547804958
DEAF1,-10.317815563904944,-10.37718323839715,-10.560191964693738
EPS8L2,-13.240602456656015,-13.116458819223197,-12.74207301052856
TMEM80,-10.598286859877119,-10.543053841950112,-10.898855498568524
TALDO1,-9.384990457693144,-9.544210107976417,-9.49607030110358
GATD1,-11.16305171420712,-11.14179071416081,-11.30438650326011
GATD1-DT,-11.268708786868086,-11.187995781458284,-11.29331271591049
SLC25A22,-12.66204831124028,-12.700086412370569,-12.602972863374761
RPLP2,-6.797881529723284,-6.929693344974727,-6.883852067907206
PNPLA2,-10.781360926813583,-10.7940890266734,-10.96878102649865
CRACR2B,-12.300206752352276,-12.06617555535356,-12.341219701620256
CD151,-10.021708724669878,-10.183194952472741,-9.949959454192392
POLR2L,-8.913167508410071,-8.90801455184698,-9.139410539796877
TSPAN4,-10.889502725925542,-10.939353190027216,-11.086698652691428
CHID1,-10.12991613231242,-10.216533910281935,-10.20042258470559
AP2A2,-9.934609372487886,-9.989359154905092,-10.036122952747418
TOLLIP,-11.146078699236055,-11.26051576798551,-11.217816547132495
MOB2,-10.952447328188146,-11.0111565973505,-11.151509461276886
CTSD,-10.29148124833228,-10.31219623933487,-10.418207877387736
MRPL23,-10.802085820779778,-11.085297600001297,-10.868852783763908
H19,-10.043227744258402,-10.340805429657072,-9.817460781007332
IGF2,-10.972563256769272,-11.040918681346733,-10.415242426400217
TSPAN32,-11.610020788014623,-11.0712021020429,-11.338998229571697
CD81,-8.967013863625187,-8.913105988510232,-9.046225038960971
TSSC4,-10.880515704571243,-10.979519430083016,-11.089449061989239
KCNQ1,-11.250288260924856,-11.500456532714377,-11.28174583273269
KCNQ1OT1,-8.002361249680732,-8.050626034751637,-8.070531169878597
CDKN1C,-9.312545522347168,-9.468039648534612,-9.546595758606458
SLC22A18,-12.54074939976387,-12.419942548196035,-12.24944437362188
NAP1L4,-8.477400384674889,-8.59569883778947,-8.613778404170247
CARS1,-10.814447393203322,-10.922507776160625,-10.851767284299962
OSBPL5,-11.266652716550112,-11.357359305640427,-11.527629156700046
ZNF195,-10.16422780673385,-10.267869620802646,-10.319969134673578
ENSG00000290960,-13.07477788613179,-12.866689482155762,-12.942997134313837
ENSG00000254757,-12.777733099028486,-12.095489447714385,-13.058898449868966
ENSG00000255367,-10.99532540193291,-10.456436664091173,-11.376492246554568
ART5,-11.670488717561279,-11.037679256158281,-11.981930808233773
NUP98,-9.65096913940176,-9.60610755566227,-9.78728126236975
PGAP2,-10.936473184616823,-10.853950658646028,-11.068541429231338
RHOG,-11.622156651006748,-11.723374832669785,-11.701093872795987
STIM1,-10.538383088589315,-10.362191236259163,-10.755275600624575
RRM1,-10.019624222742236,-10.51756776514107,-10.397039929647903
TRIM21,-12.857400888640385,-13.11528917853749,-12.70355180079953
TRIM68,-12.910655139600726,-13.05247593506478,-12.809265852542765
HBG2,-12.682820905697655,-12.729573567411853,-12.536082503970372
HBE1,-10.77075550034943,-11.013917493329203,-10.67854713797035
TRIM5,-10.60169261514762,-10.61033752162823,-10.272697412573867
FHIP1B,-11.462618769148094,-11.422666527321553,-11.324764476391762
CCKBR,-13.103195868463954,-12.774935126043877,-12.211941028596941
CAVIN3,-11.2488196921361,-11.424958663137181,-10.973863567676617
ENSG00000282556,-10.491442266343908,-10.202311489950915,-9.990877334515114
SMPD1,-12.013350574247177,-11.921035411526612,-12.039678207841472
APBB1,-10.559500882178225,-10.68103837985258,-10.699597905498573
TRIM3,-12.443396834673715,-12.468275649319274,-12.5968387183957
ARFIP2,-11.23602594119758,-11.33589061137922,-11.333939604296708
TIMM10B,-10.936157157663098,-11.011400147553857,-11.048204088051735
DNHD1,-10.838208607343194,-10.743306694868533,-11.01038642155107
RRP8,-10.741368155643531,-10.816425788838993,-10.935439695149666
ILK,-9.654991056868468,-9.55990548297965,-9.817479661777384
TAF10,-9.460975139655313,-9.577988524527544,-9.684049576591931
TPP1,-11.516012727783696,-11.36469834351392,-11.551268824262037
DCHS1,-11.396595616171375,-11.623651550652966,-11.745889111546575
MRPL17,-10.016374325275983,-10.193073649694698,-10.24538863259892
ENSG00000283415,-11.575965515189045,-11.717241674008893,-11.394335452232157
ZNF215,-12.639727042137798,-13.201113850563896,-12.604829393787675
ZNF214,-12.001366484173403,-11.695546529577072,-11.854747136943061
SYT9,-10.023992122456487,-11.537994357818576,-11.747597138594914
SYT9-AS1,-12.276618084029934,-12.28301967107507,-12.242177160896373
PPFIBP2,-11.99314402412381,-12.002742902499048,-11.957120541234191
EIF3F,-8.159996454770438,-8.30720831153628,-8.332840682171556
TUB,-11.90448133489245,-11.790708843803836,-12.172130166125026
RIC3,-10.60651684958451,-10.827878162141452,-10.956089070475448
STK33,-8.746442004724766,-8.894463936495447,-8.88235636793651
TRIM66,-11.417992732078538,-11.571898389896502,-11.468347107367874
RPL27A,-6.882808584305704,-7.0057842130038495,-6.984050992374523
DENND2B,-9.931245266266197,-9.869182235305194,-10.279111328233563
AKIP1,-11.361881405206326,-11.351905710620821,-11.44395359035595
TMEM9B,-10.917551443368641,-10.811250352163789,-10.935679045176263
TMEM9B-AS1,-11.768046601951312,-11.341839967343278,-11.244053134334923
SCUBE2,-12.176896909287894,-12.037980810415679,-12.657450059368461
DENND5A,-9.065962893580444,-9.004119169805554,-9.165983359498085
TMEM41B,-9.222063935103401,-9.144618147921978,-9.346146911086516
IPO7,-8.452324908026375,-8.454300996865522,-8.626495185818374
ZNF143,-10.49633926776741,-10.515041571452103,-10.68071281864726
WEE1,-9.387829675818727,-9.328475493677024,-9.452175206261103
SWAP70,-10.184998506708581,-10.120510691020522,-10.303198725711733
SBF2-AS1,-11.57764396503398,-11.673589835217873,-10.972141566754965
SBF2,-8.204666753334864,-8.236119313859284,-8.261108650627454
ENSG00000255476,-12.44803543891467,-12.449025934553234,-12.501071097887841
ADM,-11.366134883566085,-11.318679361626451,-10.745379183180738
AMPD3,-12.35044177865907,-12.9579005155776,-12.249500541020002
RNF141,-10.946563227084285,-11.035777660370153,-11.118159412130955
IRAG1,-11.664103024008835,-11.733727703014075,-11.668440346904607
CTR9,-9.665636739997963,-9.678565674216033,-9.643421991608557
EIF4G2,-7.647733069859265,-7.726235915719419,-7.823809935610479
ZBED5,-9.832429366849222,-9.825588875523632,-9.94181996044773
ZBED5-AS1,-11.847211432373408,-11.769537253762483,-11.873605517742492
GALNT18,-11.625362570666747,-11.807793995764406,-11.309161097409758
USP47,-8.325665726632874,-8.319256884719039,-8.343352279700913
DKK3,-9.658019436816142,-9.446474832144792,-9.40038008924592
MICAL2,-9.359952000838522,-9.297109938974126,-9.281284133212301
PARVA,-9.509746523665097,-9.52393017188569,-9.756511569416976
TEAD1,-8.371941667862416,-8.423206187042014,-8.477140832768782
BMAL1,-11.78528057109465,-11.9279032113286,-11.69535161012062
BTBD10,-9.882502286819548,-9.887461030793247,-9.895783566141043
FAR1,-9.311732835474187,-9.300592077835619,-9.2927412761834
SPON1,-11.285022999743765,-11.031471939958475,-10.971593337438014
RRAS2,-9.406638597828364,-9.3815228003275,-9.54467653419541
COPB1,-9.064990278000277,-9.056894996523845,-9.13795094861478
PSMA1,-8.660488641560939,-8.782991424191358,-8.67253237327725
PDE3B,-9.351342294317812,-9.494992306008673,-9.3449554708349
CYP2R1,-11.224210642709782,-11.385108035359373,-10.963684432051867
SOX6,-9.119825085232982,-9.72699829238762,-9.585599787244472
C11orf58,-8.275468965138774,-8.39106609087621,-8.391419711286025
PLEKHA7,-8.931517053578016,-9.200536445467367,-8.789389965503739
ENSG00000290957,-11.798677664657484,-12.118885936405956,-11.728286516854162
RPS13,-6.721858168679438,-6.73308331724399,-6.8654565829460426
PIK3C2A,-8.882684962544943,-8.881629807283444,-9.026490301000774
NUCB2,-9.543923334200684,-9.546509159144367,-9.360403413850417
NCR3LG1,-11.717492242215119,-11.903598065657016,-11.498069468912135
SERGEF,-10.319857027641207,-10.29523699499851,-10.323873676358188
SAAL1,-10.982298772247631,-11.142160380381261,-10.97947038772653
HPS5,-10.812989374876725,-10.930265160406575,-11.025729638049663
GTF2H1,-9.806581973106397,-9.968220641440276,-10.003557067441786
LDHA,-7.745686558285459,-7.986500386069278,-7.236546701445518
TSG101,-9.075987018518274,-9.144784635300095,-9.20623669037033
UEVLD,-10.954969511754339,-10.919944462853111,-10.99629554217771
MISFA,-11.526560959287218,-11.58886169790934,-11.64014098557264
SPTY2D1,-10.3289335659828,-10.318569455832433,-10.312525922964475
ZDHHC13,-10.553584867163885,-10.472580489462704,-10.497737038889936
CSRP3,-9.257182472965994,-9.03855499745509,-8.965721512165938
E2F8,-10.52450300360472,-10.629978133982831,-10.83089288066528
NAV2,-7.817427593854129,-8.046254410474036,-8.383949327876701
NAV2-AS2,-11.71175803144883,-11.449416667074335,-12.381045368472611
HTATIP2,-12.90045106252306,-12.69594118412737,-12.496490946999554
PRMT3,-10.003967632296979,-10.019706660264566,-10.074614841235825
NELL1,-11.529980493029136,-11.012311788157849,-11.728844580366411
ANO5,-10.62696967032483,-10.416524912344977,-10.761430341274446
FANCF,-11.229790325271006,-11.220528007141906,-11.348174397338664
GAS2,-10.981311543592483,-10.678296017598921,-10.982399323125327
SVIP,-10.806213763711664,-10.95463870161315,-10.978407931675424
LUZP2,-12.817995122308128,-12.724561388730443,-11.780260740054791
SLC5A12,-11.951608969497647,-11.664295817582003,-10.772960001102158
FIBIN,-12.425736379119197,-12.191946332344289,-12.824390325405922
BBOX1-AS1,-11.26695240345679,-10.745634760981686,-10.426536633882295
CCDC34,-9.090366919032157,-9.420772551627788,-9.901469966745102
LGR4,-7.890062355215645,-7.864913932499115,-8.667909991504478
LIN7C,-10.641532807165675,-10.653705346077068,-10.659157999143039
BDNF-AS,-11.132899092361116,-11.141445080144907,-11.146604556517891
KIF18A,-10.391518458375216,-11.126311534474498,-10.853595112260884
METTL15,-9.003660414324296,-9.002940379784967,-8.979689751289152
LINC02755,-12.777607795032097,-11.750580046173555,-13.033969116865785
KCNA4,-12.806922597853777,-12.055227472294332,-13.07318427009392
ARL14EP,-9.848994240182156,-9.818148117991196,-9.722899493924524
MPPED2,-7.6142398485321525,-7.712291828133062,-7.878939868747187
DCDC1,-11.474774377930247,-11.36834192564422,-11.915092467385312
DNAJC24,-10.252227683516109,-10.258056272294683,-10.461079010009644
IMMP1L,-9.429627610865653,-9.47427090314406,-9.417896805695126
ELP4,-9.506767689364072,-9.421616923365539,-9.452249460955935
ENSG00000228061,-12.667340240442583,-12.464405761510855,-12.484159063641542
RCN1,-9.427444986504893,-9.550116161454351,-9.49531481363706
EIF3M,-8.433049959590475,-8.612516971699334,-8.60434967352906
QSER1,-9.104223190152497,-9.146640476929269,-9.204769396650075
TCP11L1,-10.957011665575754,-11.040081410128236,-11.238852372651051
CSTF3,-9.141430540383219,-9.264147403907472,-9.254604928028424
HIPK3,-8.052634643645192,-8.075290263595715,-8.107854527189652
KIAA1549L,-11.305042693154718,-11.323128946563804,-11.40568590436103
CD59,-9.405254822589995,-9.423720812899854,-9.574226513377619
FBXO3,-10.431262438313448,-10.562395395512683,-10.624852836164639
LMO2,-10.927820353553281,-10.692994359773946,-12.200390345137768
CAPRIN1,-8.514632749239135,-8.58028129479647,-8.689318431110088
NAT10,-10.697056326912552,-10.709612093319809,-10.758196242321324
ABTB2,-9.25609839595504,-9.571287067636465,-9.244829337376338
APIP,-9.852334940389781,-9.870908965267885,-10.315069061564495
PDHX,-9.266194454923951,-9.317512980770964,-9.310701902203409
CD44,-12.09847575203686,-12.034668591683547,-11.9912418896593
FJX1,-12.112401890274706,-12.491429182106478,-12.403426702675727
TRIM44,-8.70626015006438,-8.814724768329883,-8.845363866261044
LDLRAD3,-9.5748923374644,-9.883213005953195,-9.840273913798445
COMMD9,-10.628299422057845,-10.88085743051114,-10.829948190289613
PRR5L,-12.67189243235161,-12.917504644326026,-12.798733522956733
TRAF6,-10.611804275167017,-10.536616383084692,-10.726010008236603
IFTAP,-9.942596503703614,-10.073744149675075,-10.048870197631672
LRRC4C,-11.20903793531298,-11.794008904871566,-12.278414543872966
LINC02745,-12.995294278265696,-12.716206568431737,-12.753725201750537
LINC02740,-12.907456304855183,-12.470550011087337,-12.795827569437003
API5,-9.518804548677673,-9.58315122501478,-9.607613977976905
TTC17,-8.305803458218955,-8.297560053692635,-8.441696020817666
ENSG00000283341,-12.94949292016722,-12.996349074614216,-13.079564557517084
HSD17B12,-9.443455857644446,-9.366235141857123,-9.5315598222905
ALKBH3,-11.11879517336297,-11.25624452336367,-11.134640580298539
C11orf96,-11.464961790708825,-11.303893148188708,-11.773837552636667
EXT2,-9.833997797181148,-9.985335740054113,-10.076312107566707
CD82,-12.592870847135869,-12.796574981789515,-12.115430475461002
TSPAN18,-9.571168818785205,-9.76569956040391,-9.48345207300826
TP53I11,-10.566379877862266,-10.624041607026381,-10.650130059416282
PRDM11,-10.747826118722001,-10.802660668327885,-11.061218452552414
SLC35C1,-12.89891807538625,-12.770426100507198,-12.896518135241584
CRY2,-11.166335922547164,-11.098144159433948,-11.219526738581633
PEX16,-11.837137545940758,-11.872635674448086,-11.994696619616008
PHF21A,-8.029879104128664,-8.097354721336098,-8.306660944291352
CREB3L1,-12.452804276424432,-12.396684699012514,-12.33801148928767
DGKZ,-10.616647345694195,-10.75277375907612,-10.594061500185763
MDK,-6.801012989331009,-6.8677161803610485,-6.732718925090376
AMBRA1,-9.70190587319324,-9.74976614753149,-9.846340471149905
HARBI1,-13.06147980074701,-13.111131165058273,-13.209093321546659
ATG13,-10.429167813666721,-10.474033943894446,-10.727127084637667
ARHGAP1,-10.2133480660115,-10.141975471546985,-10.399832443068128
ZNF408,-12.740189302727611,-12.676576558408655,-12.79724984240883
CKAP5,-9.031389011894092,-9.179152994529662,-9.139457805427625
LRP4,-11.21763386351083,-11.136962561877803,-11.54759384440118
CSTPP1,-9.217091836255445,-9.179346991275274,-9.388719067511525
ARFGAP2,-10.272809039140059,-10.361415790584097,-10.513273770812505
PACSIN3,-11.318091918149577,-11.532633561010531,-11.188160745086916
DDB2,-10.923931532389684,-11.185431764484953,-11.243960412564084
ACP2,-11.237627308874542,-11.270472941309558,-11.259365447097533
NR1H3,-12.300803412201416,-12.314776125545677,-12.062611677072473
MADD,-10.74363700335386,-10.752767325482068,-10.77033207049436
MYBPC3,-8.566652925770471,-8.39749056611382,-8.542236217856283
SLC39A13,-11.680634909252456,-11.666452362534084,-11.831016154773003
PSMC3,-9.637265917617212,-9.86396977068645,-9.909694437870407
CELF1,-8.562453449480584,-8.63775682105063,-8.738537242542987
NDUFS3,-9.407456668219051,-9.5858926895034,-9.49007709927556
PTPMT1,-10.858681280398539,-10.847068290932999,-10.786374064143152
KBTBD4,-11.894825490378697,-12.038270786904162,-12.21700369158567
C1QTNF4,-11.598273893115689,-11.2007508698231,-11.126815870915902
MTCH2,-9.098909140079536,-9.225104163254581,-9.101485300194964
FNBP4,-8.77737456301089,-8.78351194498624,-8.932040870046649
NUP160,-9.911124971689555,-10.03202653604085,-10.134435532255427
PTPRJ,-9.861130186871305,-9.921774307995294,-9.919147559526829
TNKS1BP1,-11.149938574384638,-11.051161063916773,-11.222457822012338
SSRP1,-9.331661726244604,-9.62928971901851,-9.602627908828392
SLC43A1,-12.718575480517922,-12.961959450908882,-12.671200772559033
TIMM10,-10.934642696000147,-11.200130507499438,-10.600440704435266
UBE2L6,-10.173382260876652,-10.510623976509024,-10.061535823028672
SERPING1,-10.95429059574468,-10.641850648621949,-10.929524049143048
MIR130AHG,-11.423281788235755,-11.214019572392381,-11.47260118496875
CLP1,-11.418285030711363,-11.303834093428447,-11.415533083625863
ZDHHC5,-10.427010258639452,-10.36878090848332,-10.49333887790809
MED19,-10.259770878876836,-10.428064507284791,-10.456394971716708
TMX2,-9.830696924475218,-9.820162699269892,-9.932334490303417
SELENOH,-8.474034679587737,-8.576919979786942,-8.606986568823936
CTNND1,-8.555940605762636,-8.43482052907789,-8.708684584558956
LPXN,-11.325481149604611,-11.625263322639677,-11.555838702320381
ZFP91,-9.551951505842469,-9.606411797943082,-9.638740372202358
FAM111B,-11.545759896149823,-11.97591724976679,-11.863874974900675
FAM111A,-12.37710617519022,-12.568026603996698,-12.820290885423491
DTX4,-12.754430724975155,-12.959850465532808,-13.02555025588347
ENSG00000255139,-12.666582679849828,-12.661570687413253,-12.671575974380996
OSBP,-9.761783954352405,-9.80820110535681,-9.932613721219226
PATL1,-10.75181863602591,-10.829829500281269,-10.76490098748074
STX3,-10.1182636509671,-10.367371959035664,-10.177583321797577
MRPL16,-9.698203758652141,-9.830194038478682,-9.654304892898509
CCDC86,-11.692253188788126,-11.89738032700297,-11.889150961331033
PRPF19,-10.653801479128921,-10.844158933577289,-10.78972777705711
TMEM109,-11.017578593900463,-11.168567995574842,-10.968519988825914
TMEM132A,-11.399657048847432,-11.638694989258953,-11.791615807242593
VPS37C,-11.794440276371601,-11.83414382742306,-11.911564759071096
VWCE,-12.554054812210698,-12.871231795471545,-12.948816744016058
DDB1,-9.258479414511694,-9.371537761963232,-9.34607813030951
TKFC,-12.121615294335713,-11.916964375749926,-12.19966490710515
CYB561A3,-12.314568281818346,-12.493627110076831,-12.825780629221278
TMEM138,-11.369296909419575,-11.385996719468112,-11.499880097247624
TMEM216,-11.583684781480208,-11.683610954870849,-11.543187802175733
CPSF7,-9.916422356324295,-9.983877081396086,-10.094786398700553
SDHAF2,-10.264517538701947,-10.345718947249814,-10.391610228723577
SYT7,-11.975819748153123,-12.106577345415532,-11.80420416091669
MYRF,-11.002878419842032,-10.98013716505927,-11.191010512827614
TMEM258,-8.738724604836012,-8.830807866891885,-8.804516739837794
FEN1,-10.972152366706108,-11.538029425935095,-11.45159477218568
FADS2,-10.788983380093068,-10.890869434803705,-11.012775291611561
FADS1,-9.42476122984891,-9.576476053824317,-9.581014730604313
FADS3,-11.90156143867333,-11.858672699514194,-11.776116635027781
FTH1,-6.811105660113688,-6.929335194147983,-6.640772284717959
INCENP,-11.764391474940004,-12.20918734579146,-12.19132062804729
ASRGL1,-11.727652683414012,-11.92360664221948,-11.712569763010166
AHNAK,-9.182892539577612,-9.169837255663623,-9.615249440982717
EEF1G,-7.080533424334952,-7.164235073897329,-7.13853990821021
TUT1,-12.12044271584447,-12.062555545633693,-12.193654685885065
MTA2,-11.156574443968601,-11.251580455435043,-11.226706221537425
B3GAT3,-11.16171106659135,-11.194662334167967,-11.333739093816112
GANAB,-9.979674325682167,-10.060079166495319,-10.210549939274708
INTS5,-12.020722249651365,-12.076903628052092,-12.000063124761294
C11orf98,-12.022090819326941,-11.91135895628664,-11.933902674892336
CSKMT,-12.315835563452476,-11.487322992183342,-12.007862190366051
UQCC3,-10.728608886090655,-10.810446386508822,-10.707766579475162
UBXN1,-9.25817981791407,-9.343757388404116,-9.443214756531658
BSCL2,-10.819660713502365,-10.840229828598664,-10.8859543242759
HNRNPUL2,-9.66652096695838,-9.759017964933395,-9.841315233771727
TTC9C,-10.574744307808105,-10.664286804463941,-10.729072825256653
ZBTB3,-12.886151734295387,-12.76908600178727,-12.981110692158344
POLR2G,-9.980165886068843,-10.13439140873623,-10.055109844450905
TAF6L,-11.79681250491284,-11.809796358022496,-11.933603832436281
TMEM223,-9.99918006783729,-10.14845739929174,-9.997117668967775
TMEM179B,-10.30330069223262,-10.333997022362778,-10.431803540892972
NXF1,-10.750125023299065,-10.648952323023371,-10.987652188202933
STX5,-10.564353885663223,-10.549191285826133,-10.74597960507726
WDR74,-11.19985258507811,-11.325979943626896,-11.410553332672167
SNHG1,-10.291224521380489,-10.463948846004609,-10.532319870332783
SLC3A2,-10.409475846312585,-10.516258666299342,-10.366038807215736
PLAAT3,-11.395345963589847,-11.541762682161934,-10.883494705822002
ATL3,-11.296157951553585,-11.25733071753411,-11.416846281659048
RTN3,-8.44699568228105,-8.440881860257926,-8.587391971693098
ZFTA,-11.679691745337061,-11.652943480798795,-11.90653036926477
SPINDOC,-10.913996149544172,-11.006353481638762,-11.070033503224897
MARK2,-9.999720939344105,-10.04201581653926,-10.114025417330673
RCOR2,-11.217546453786118,-11.504383742937334,-11.140959420326642
NAA40,-10.60529821287354,-10.712526925060526,-10.790800782232768
COX8A,-8.14914731094485,-8.340341753042637,-8.156441656277735
OTUB1,-9.712181103714414,-9.876522817566135,-9.896121597510179
MACROD1,-10.440872658694376,-10.55357447964678,-10.55422451590717
STIP1,-8.907374307218555,-9.06603880552207,-9.105504982283723
TRPT1,-10.652638323552633,-10.746943458934748,-10.647282547500172
NUDT22,-11.321610868852748,-11.346782380909032,-11.178822478278326
DNAJC4,-10.611461630999594,-10.721179003059442,-10.597470232168918
VEGFB,-9.547099263681769,-9.596304030648707,-9.440334234381053
FKBP2,-12.38366332506494,-12.439983253524765,-12.338975042294713
PPP1R14B,-9.016412905791702,-9.19132535802286,-9.09262101782659
PLCB3,-12.578166211477141,-12.656599430391827,-12.807730861180692
BAD,-10.361203207907296,-10.452514777694352,-10.237636541753487
GPR137,-11.583434986890122,-11.596372485905743,-11.917650809012162
ESRRA,-10.742755970413684,-10.83285020425392,-10.825810376428059
TRMT112,-8.735110470911755,-8.822349840055749,-8.816641821961866
PRDX5,-8.49788165851617,-8.53223480695517,-8.45190065027707
RPS6KA4,-12.588369847833222,-12.726131790536815,-12.752556853634491
RASGRP2,-10.699761624336682,-10.411730175007241,-11.019245127222133
PYGM,-10.685742472298516,-10.72808142969362,-10.621651099556464
SF1,-8.639500038165288,-8.72328870400262,-8.782683711927145
SF1-DT,-12.881445732086792,-12.98775149168371,-13.035035265194956
MAP4K2,-12.307783214518079,-12.325123667893747,-12.373405398101266
MEN1,-11.800726731355708,-11.92844392895931,-11.938367389609136
EHD1,-10.860818333191318,-10.899739305276567,-11.104584282529476
ATG2A,-11.877571644919733,-11.828234085356437,-12.053212395629338
PPP2R5B,-12.618412363988563,-12.544030683605065,-12.741346921753992
ARL2,-9.934963596432228,-10.005415007054625,-9.835664123780221
SNX15,-11.094345091352215,-11.192131185335528,-11.334726525624385
SAC3D1,-10.91879633277683,-11.14770030281564,-11.161789962566086
CDCA5,-11.695051257675178,-12.458231461237492,-12.299372986591244
ZFPL1,-11.315390556767609,-11.404299250096695,-11.420618517890682
VPS51,-10.446409205757172,-10.487376001363128,-10.684287991196307
TM7SF2,-10.273844128543386,-10.153945590380948,-10.585135602703426
ZNHIT2,-12.188213355835936,-12.342175030957744,-12.278921854975195
FAU,-7.174401810521664,-7.28502130385572,-7.231707333670095
SYVN1,-11.923537801710713,-11.97973130268332,-12.134444283750105
MRPL49,-11.053447285802887,-11.185635915168266,-11.190473456470254
CAPN1-AS1,-12.833609706866683,-12.25116451741996,-12.971940167168855
CAPN1,-10.799957176847396,-10.81261821695739,-10.931408121349303
POLA2,-11.565110148254305,-11.943887343934284,-11.912109796903302
DPF2,-10.35240793912757,-10.354473622855782,-10.553915800584145
FRMD8,-11.989874321828252,-11.913392903917055,-12.25456436841934
NEAT1,-10.433875821042022,-9.680471054776774,-9.614674006734424
ENSG00000291174,-12.291918749998839,-11.790892623422579,-12.135702718442674
MALAT1,-3.8352346711721084,-3.669359563274869,-3.741712316605496
TALAM1,-7.799652991905694,-7.6464791529132725,-7.917005145537878
SCYL1,-10.572272791093885,-10.64909748162934,-10.748916856959005
LTBP3,-11.002223857564912,-11.153872661905122,-11.606031486794098
ZNRD2,-11.133070635514946,-11.36276939651727,-11.31432536418706
FAM89B,-10.69680900413831,-10.980341457257433,-10.898392204316016
EHBP1L1,-11.677859610347886,-12.111442154784966,-12.636797779102556
MAP3K11,-11.750629851707778,-11.845815225175185,-12.077904452950122
PCNX3,-11.953467470482169,-11.88758531547827,-12.281380835392927
SIPA1,-13.108134839993781,-13.297331686862783,-12.935300170271406
RELA,-11.5234981546713,-11.610975962258632,-11.755940457802437
RELA-DT,-12.399758465712727,-12.525246195915738,-12.31157629098442
KAT5,-11.111443116979002,-11.177588335297175,-11.256219030876919
RNASEH2C,-10.029772743351403,-10.264214646684792,-10.034159313279407
AP5B1,-12.512028513988383,-12.387506992590987,-12.44366918020829
CFL1,-7.441610284851394,-7.565275021806361,-7.6571894916449175
SNX32,-11.637784278211258,-11.90159515541567,-11.637076309954024
MUS81,-11.215508184685868,-11.299756485765405,-11.427744455880104
EFEMP2,-10.268695472209236,-10.234220598250658,-10.500241272433167
FIBP,-9.837173177629627,-10.0006760244729,-10.024710731173293
CCDC85B,-10.153439256486068,-10.221388161667832,-10.10746249931044
C11orf68,-11.144675527479185,-11.312553210257738,-11.298367976607311
DRAP1,-9.307475363749862,-9.372904163271336,-9.35161350728886
SART1,-10.87295933478722,-11.045268325806434,-11.092237527352017
EIF1AD,-12.053051297229596,-12.172766778464492,-12.10599741254977
BANF1,-8.415791285281385,-8.632616398175086,-8.52142292194479
GAL3ST3,-12.91398838833632,-12.77984443705771,-12.711780408309957
SF3B2,-8.896560361478294,-9.003033798271103,-9.077303390695178
PACS1,-8.79075554382811,-8.79263414025271,-8.924554228409278
KLC2,-11.786223686914067,-11.705052496401947,-11.916198607716835
RAB1B,-10.542524337254854,-10.640659658868492,-10.72855738142531
YIF1A,-10.322614330114336,-10.276132728443168,-10.311954417644593
CD248,-13.181256025719142,-13.233382026096736,-12.970005945197329
BRMS1,-11.536460373679045,-11.67876542775636,-11.73929693857586
B4GAT1,-10.796388498320539,-10.729567243230187,-10.697750590396431
B4GAT1-DT,-12.30708936015515,-12.3803490846555,-12.761490962968587
SLC29A2,-11.946165892365082,-11.828751930053183,-11.83270887751963
ENSG00000254510,-12.567415806397877,-12.347249085178778,-12.583801269183738
MRPL11,-10.010231313788859,-10.227449370484129,-10.17431218143295
DPP3-DT,-12.84820809959056,-12.895272017537222,-12.839599955890582
DPP3,-12.18560986671799,-12.647911653979216,-12.258525912391594
BBS1,-10.91626672107786,-10.881519183597876,-11.080730523040843
ZDHHC24,-11.618226802024612,-11.683267150196516,-11.743370788441986
ACTN3,-11.984048574017402,-11.75656904885415,-11.828691118178096
CCS,-10.449206850914246,-10.579582647952922,-10.185731947424873
RBM14,-10.797524273629099,-10.89422303340629,-10.960539680525239
RBM4,-9.097975526736468,-9.222131956113804,-9.294742956051046
RBM4B,-10.843528846831441,-10.810270527110369,-10.852529562931252
SPTBN2,-11.495699926737192,-11.585986774194721,-11.19030256713747
C11orf80,-10.455709848828441,-10.259684512536621,-10.40460535393318
RCE1,-11.954122737161704,-12.068689779742057,-12.151279602393998
PC,-12.558100382112682,-12.555641077936572,-12.717184871675075
LRFN4,-11.959461284007714,-12.061797792437982,-12.139527145121995
RHOD,-11.257797890752295,-11.175265633120814,-11.542329908228531
KDM2A,-8.76287782046572,-8.877357973156695,-8.934373817865705
GRK2,-11.502857376802075,-11.636412316088103,-11.626463697256295
ANKRD13D,-11.138541462811709,-11.130980167298848,-11.220516902176994
SSH3,-12.862735625922902,-12.860405409326525,-12.813661810838854
RAD9A,-10.74655125891299,-10.744163393486934,-10.86390183261341
POLD4,-10.97420757833042,-11.064913939206821,-11.08061302114798
PPP1CA,-9.709683436559468,-9.827158794026998,-9.90581066771303
RPS6KB2,-11.181141365810454,-11.306856362315523,-11.333135017078698
CORO1B,-11.222330149930654,-11.352204444464274,-11.419108321110802
TMEM134,-10.181984164275358,-10.204611905661844,-10.191071277469835
AIP,-10.977931516765166,-10.99947310830258,-11.085386050317293
PITPNM1,-12.810904212644495,-12.75624652491505,-13.141080908145758
CDK2AP2,-10.854499359305173,-11.001954282705839,-10.934237836244584
GSTP1,-7.8895953727138055,-8.16930534082837,-8.022454113375353
NDUFV1,-9.653080186757665,-9.73141235177367,-9.720202345687005
NUDT8,-11.533835860065834,-11.511975982207383,-12.069592149395026
FAM86C2P,-12.65575394654654,-12.462397914061201,-12.5501796840523
NDUFS8,-9.130056344128255,-9.241959334868397,-9.247501121450506
CHKA,-9.042545761434113,-9.049875122185439,-9.147454399702315
KMT5B,-8.998416737466506,-9.00625116081834,-9.187519131791705
C11orf24,-11.682655531749692,-11.894722146305769,-11.886804966269839
LRP5,-10.644440821774898,-10.764805798944534,-11.017170892582874
PPP6R3,-8.57309304681666,-8.637691170998272,-8.783934806905318
TESMIN,-12.700987936034114,-12.858906520107304,-12.381475585622963
CPT1A,-10.113293578813451,-10.334958129722038,-10.438714395367862
MRPL21,-9.037753677526151,-9.38770194704406,-9.306053574339046
IGHMBP2,-11.086573611868014,-11.179228929562342,-11.26840633714182
MRGPRF,-12.901588060058756,-13.249793509086038,-13.194203562003494
TPCN2,-10.698450086960476,-10.857796766808827,-10.641222148380903
CCND1,-10.125246587039372,-10.31567005107789,-9.844212450420015
LTO1,-11.310661974077284,-11.327611234781594,-11.50132176125831
FADD,-11.586157311783426,-11.774682315118854,-11.494065987340463
PPFIA1,-9.221174145969222,-9.252411034584737,-9.223574858719072
ENSG00000254604,-12.10038109574497,-12.140492874855592,-12.12086717803721
CTTN-DT,-12.092314466066908,-12.220972028539627,-12.214272802367372
CTTN,-9.489658327191792,-9.534243126184093,-9.607391747543486
SHANK2,-13.216033267429232,-12.953618378904318,-12.587111797039336
DHCR7,-11.957129904763175,-11.919552692462712,-11.739775706955356
NADSYN1,-11.408851432089909,-11.462575221574212,-11.358779305121598
ALG1L9P,-12.563533233738475,-12.645679712961876,-12.59444097756463
ENSG00000291247,-12.704699299220017,-12.845003826122129,-12.861141786980834
ENSG00000291186,-12.010851981400958,-12.625499908218977,-12.188079587569622
XNDC1N,-10.559943817472913,-10.692847698183916,-10.688175008401887
RNF121,-10.359345262872084,-10.392593922042902,-10.530256770122818
NUMA1,-9.600233898230405,-9.661600017277117,-9.807612982521269
LRRC51,-13.055959598720225,-12.990513438749089,-13.181355340945004
LAMTOR1,-9.029366195592372,-9.136600515378644,-9.111065349808053
ANAPC15,-10.453641079021441,-10.597704172965775,-10.626350806246013
INPPL1,-10.926233141245138,-10.933416894033902,-11.194017434180212
CLPB,-11.251719246645623,-11.245692536270257,-11.432749076129978
ARAP1,-11.31379639454044,-11.53781030484646,-11.263326960451066
STARD10,-11.262589468237543,-11.53693756404522,-11.239398595785335
ENSG00000285693,-13.090728327414913,-12.997591931468174,-13.046472664141838
ATG16L2,-11.520170038843553,-11.518718069082263,-11.238082229087867
FCHSD2,-8.494369742379806,-8.612398417083668,-8.67698731443533
ARHGEF17,-10.663446494884111,-10.667865695030047,-11.0170282574132
RELT,-12.48810056787853,-12.908165891857287,-12.775551576111278
FAM168A,-9.169443339687922,-9.23689817106375,-9.436925650276192
RAB6A,-9.323073675781695,-9.323982411237852,-9.382525588318057
MRPL48,-10.45874485534666,-10.606305845824918,-10.672060298867535
COA4,-9.27217622888268,-9.526893459820709,-9.37918379138858
PAAF1,-10.326863524345018,-10.341623356518877,-10.346364288273989
UCP2,-12.610099031368211,-12.690852832412402,-12.87001541613308
C2CD3,-10.325964028824062,-10.303552512626158,-10.427679669465025
PPME1,-9.450905711682966,-9.621350473427587,-9.532626885081156
P4HA3,-12.95850410229532,-13.078835231717411,-13.081930213672806
PGM2L1,-10.676313154131682,-10.798056318653444,-10.681212900657837
LIPT2,-11.915179722803579,-11.950571787662923,-11.901150259071828
LIPT2-AS1,-11.448268396287844,-11.412081238930316,-11.510314004222232
POLD3,-10.140428392594925,-10.312658979386786,-10.292400929153908
RNF169,-9.77409160290143,-9.821037277465406,-9.812433056049052
XRRA1,-10.830428162085301,-10.726087660574338,-10.841953626939103
SPCS2,-8.660385221689275,-8.683568044643337,-8.734599408089698
NEU3,-11.533372265411073,-11.721729880259295,-11.738203952676573
ARRB1,-11.354822932278282,-11.846115956067752,-11.417370753910854
RPS3,-6.722270660070205,-6.823857221587831,-6.7573654835070585
SERPINH1,-8.818875082418266,-8.850951285034974,-8.777706562122757
MAP6,-12.78623993586126,-12.781709920013322,-12.452708529863264
DGAT2,-12.428684904203786,-12.472320967615214,-11.800276047399295
UVRAG,-8.86282913079351,-8.89728371348596,-8.575799324994744
WNT11,-10.687091052744996,-10.916869151397446,-11.391252215115422
THAP12,-10.030554544091189,-10.035296519146284,-10.065877030203817
GVQW3,-10.939450224435486,-10.916559057475993,-11.027554378591843
EMSY-DT,-10.829499164043098,-10.991671311012219,-10.62299789095597
EMSY,-9.2690109029641,-9.277321273408983,-9.438486988181705
TSKU,-12.076049279068279,-12.314459607824668,-12.304438455580678
ACER3,-9.696730646553327,-9.728728998647084,-9.848350211834333
CAPN5,-13.077846522220677,-13.198440964705235,-12.524073477119723
PAK1,-10.050732350327827,-10.00064895355045,-9.760717035192659
CLNS1A,-9.078451148812253,-9.217582142758035,-9.20399610489076
AQP11,-12.243416517603762,-12.458085154602898,-12.09574016484653
RSF1,-8.126612551895843,-8.12770325637295,-8.26754052028223
AAMDC,-9.827827196732565,-9.73227188341899,-9.989869664084566
ENSG00000254459,-11.668039158069869,-11.81392321261268,-12.173234304666877
INTS4,-10.414778667980503,-10.448285258392428,-10.61987858686751
NDUFC2,-8.273011945887362,-8.406368949405083,-8.335630824057384
ALG8,-10.126006102536538,-10.285292312945645,-10.368252475835982
KCTD21-AS1,-11.623820036600636,-11.616972021728886,-11.875216303661347
KCTD21,-12.252676707822102,-12.376760110741067,-12.277840388105792
USP35,-12.164200671248489,-12.536193681831914,-12.465019361548956
GAB2,-9.469186228225556,-9.707545598544034,-9.70218433475366
ENSG00000254420,-11.935803833685684,-12.092221864259203,-12.034952386818677
NARS2,-9.591491552527852,-9.516445515045648,-9.55373642293418
TENM4,-8.418119387975725,-8.590009734815983,-8.142064338853174
PRCP,-10.07653603891364,-10.05949022842261,-9.917967812356137
DDIAS,-11.90585866265587,-12.542659293897106,-12.420426481521663
RAB30,-11.334519098766128,-11.312915025973993,-11.394616581780104
RAB30-DT,-9.824091571361516,-9.876653300618804,-9.974679047474872
PCF11,-9.68012933299571,-9.73687618527908,-9.704926270565306
ANKRD42-DT,-11.200054992851365,-11.16515073298969,-11.22784258387905
ANKRD42,-11.814464520212331,-11.828392642071435,-12.039916605405134
CCDC90B,-9.496497529223994,-9.602043223900694,-9.562965494620169
CCDC90B-AS1,-11.285327525106494,-11.288124389657131,-11.667976121524154
DLG2,-7.333126333580594,-7.944519236558387,-7.373663787009922
ENSG00000254787,-12.09707940816023,-12.785892079984054,-12.068079061618015
TMEM126B,-9.868463746332175,-9.992543954725303,-9.937886813366111
TMEM126A,-10.42395992197199,-10.560033315565974,-10.647395185266856
CREBZF,-10.227872914700288,-10.255185825518646,-10.306821951515568
SYTL2,-12.526291365816494,-12.344574926962542,-12.42046325167288
PICALM,-8.584410777667365,-8.531104175131746,-8.698460702748466
EED,-10.266304253630448,-10.3166811136135,-10.485609967666688
HIKESHI,-9.590505226585329,-9.663255879464197,-9.625662424255056
CCDC81,-12.420023736118562,-12.274271536707097,-12.667972133044138
ENSG00000254733,-12.058364084538372,-11.829214558630314,-12.379523536613116
ME3,-11.999915709576106,-12.139677667132716,-12.236941165160248
PRSS23,-9.173715215212054,-8.829086872736994,-9.328022440791194
PRSS23-AS1,-10.58416275933981,-9.914384205638568,-9.952321980360223
FZD4,-10.988963949916332,-10.737991239888634,-10.866314640432234
FZD4-DT,-11.539117710899387,-11.44948197753645,-11.616722807061732
TMEM135,-8.329027243593572,-8.497180853098213,-8.692289482156603
ENSG00000285835,-11.97877781319345,-11.4699404867261,-11.127949058374575
RAB38,-11.880319753925901,-11.711508860338421,-11.310235139189302
CTSC,-9.404780396713749,-9.286062597181731,-9.299062556113505
ENSG00000288018,-11.948994556317908,-12.002105413319484,-11.644377433862749
NOX4,-11.995314097945156,-12.05084872526663,-12.648951295154534
NAALAD2,-9.540923688973574,-9.909846897029094,-10.254497065614027
CHORDC1,-9.390883205902202,-9.574647403805775,-9.51350738619068
DISC1FP1,-10.41247429844252,-10.083567834003428,-10.47298625028674
FAT3,-10.093816965536217,-9.96499393614064,-10.859124351198409
SLC36A4,-9.307013290859112,-9.268085155824393,-9.339698289622632
DEUP1,-12.695895644122647,-12.426185820412858,-12.21840064813077
SMCO4,-9.795200272254887,-10.077244367500837,-10.064498142805443
CEP295,-9.841849292200743,-9.991078754566042,-10.022250806624522
TAF1D,-9.000415787391471,-9.05973751290109,-9.24567304652477
C11orf54,-9.715280501344496,-9.696467194378917,-9.62490017235128
MED17,-9.94751800773853,-9.939426242606807,-9.9985919016544
PANX1,-11.478181347432086,-11.460574759111678,-11.68585329466288
MRE11,-9.825907770576391,-10.114011918670812,-10.148422239743008
ANKRD49,-11.522596480699052,-11.529156465492672,-11.571615782735442
PIWIL4,-12.443931157884618,-12.303802530800818,-12.4314223808581
AMOTL1,-11.47088168612291,-11.429326472767064,-11.101479317836922
CWC15,-9.597393656736692,-9.673747770810506,-9.47432155885613
KDM4D,-12.47867432753122,-12.608131219289808,-12.478676034063808
SRSF8,-10.542759549408888,-10.701319636016247,-10.626285742590499
ENDOD1,-12.708808050925917,-12.714486638961626,-12.43510568531888
LNCRNA-IUR,-12.626904848322182,-12.414167021585358,-12.630123395600556
SESN3,-9.410516097877291,-9.351129449947804,-9.550308436881334
FAM76B,-10.274717865278703,-10.250490826232983,-10.311497833255151
CEP57,-8.867033328761908,-8.957997589738198,-8.981514533402075
MTMR2,-9.874113799858595,-9.945229543932257,-10.001914976041153
MAML2,-8.911833625565377,-8.852737460998961,-9.287093547581307
CCDC82,-10.018992609013953,-9.943075003375457,-9.879783809979054
JRKL,-11.590469745432946,-11.57940871384725,-11.543799959555235
CNTN5,-7.08454774799181,-6.298001201987724,-7.482378337497884
ARHGAP42,-7.506930461491241,-7.594269967342342,-7.907047606773515
CEP126,-10.834001783831598,-10.810291252229547,-10.903044133959579
CFAP300,-12.931446500669699,-12.642345792817487,-12.420087466433547
YAP1,-8.065944883272099,-8.174273158726429,-8.458536539661019
BIRC2,-9.983760655006249,-9.975575263840064,-10.017315703532532
TMEM123,-8.550047297711863,-8.642449278866247,-8.74697602703455
DCUN1D5,-9.257312859120661,-9.346611754511144,-9.283241361071095
DYNC2H1,-9.282762733723743,-9.256629156475778,-9.445353887122893
ENSG00000254987,-10.046570733746867,-10.678032558767777,-10.374179404710178
PDGFD,-7.687889092007985,-8.24985170315405,-8.256900813313667
GRIA4,-10.405520777478966,-9.854049316818886,-10.834570924128919
MSANTD4,-10.460184889383726,-10.453283711886492,-10.486149826686077
KBTBD3,-11.864515343390666,-11.740982816894256,-11.719192696774567
AASDHPPT,-8.738789208212001,-8.885785026626728,-8.898458957006415
GUCY1A2,-9.544970881097326,-9.640032901673917,-10.306492179063618
ENSG00000261098,-13.104561352393342,-13.116658932302482,-13.177458741574934
CWF19L2,-9.681719708261138,-9.717682165561138,-9.7142429569111
ALKBH8,-10.952202750385094,-11.042491689686404,-11.135241887925018
ELMOD1,-13.218536299778263,-13.019212585726734,-13.019205728560895
SLC35F2,-11.761002772411274,-11.934389544455584,-11.654894986559867
CUL5,-8.81083014269526,-8.820133250766755,-8.937512520141976
ENSG00000255467,-12.733121238643985,-12.709919629818549,-12.847854416859251
ACAT1,-9.614503066517914,-9.758688974922087,-9.660739995795543
NPAT,-10.319308757037687,-10.393218566208231,-10.443966926750479
ATM,-9.070668766071377,-9.013204831548004,-9.163208225135849
C11orf65,-11.825168889654101,-11.964264706177307,-11.777176052952502
POGLUT3,-11.462176633322871,-11.192092630750206,-11.804326821423187
EXPH5,-10.808045581101785,-10.595515814010112,-11.300662953726821
DDX10,-9.275974226874526,-9.324544607006466,-9.359067201915957
RDX,-8.123131791444587,-8.245936960065865,-8.194603362573996
ZC3H12C,-10.385145830370137,-10.443061108250497,-10.529188618629444
FDX1,-9.985465548173394,-10.133232098722853,-9.97871337087957
ARHGAP20,-13.201148880695358,-12.885546393515096,-12.544875912816721
LAYN,-12.439319756329901,-12.688800415013597,-13.008193045180281
SIK2,-9.733922260256637,-9.658110825995259,-9.849739730206261
PPP2R1B,-11.185721804071939,-11.220658388503557,-11.421607688632076
ALG9,-10.682849715352647,-10.72374892566746,-10.764682659775149
CFAP68,-10.842125883474429,-10.914877544565519,-10.676999801771757
CRYAB,-10.321304302811336,-10.373237527016165,-10.2147732153453
HSPB2,-12.580719218592579,-11.897371279618119,-10.181022699727475
DIXDC1,-9.319691585684879,-9.091202338163267,-9.468215113773136
DLAT,-9.54606811019803,-9.665835263633477,-9.64842781106989
PIH1D2,-12.391553246367026,-12.486744774826654,-12.442730881355422
NKAPD1,-10.175802501098186,-10.270513614137212,-10.252696590186861
TIMM8B,-9.054801131375667,-9.260190804322487,-9.238390305900944
SDHD,-9.508785532638775,-9.591727282391105,-9.54269145770107
BCO2,-9.891804215305598,-9.622197982342765,-9.082107791584558
PTS,-9.766533108790496,-9.837937944670891,-9.817311319677847
LINC02762,-11.77391039526678,-11.704265205708428,-11.841755890744867
LINC02763,-12.607842923765045,-12.883672167577549,-13.149643487034854
NCAM1,-7.969513892510609,-8.086895029436766,-8.24843524595819
TTC12,-10.933303565962206,-10.867372018457669,-11.01341733545217
ZW10,-10.740176535078545,-10.896038383832856,-10.87329393411664
USP28,-8.54556716956738,-8.519982556528259,-8.605892440699783
ZBTB16,-11.266542898075835,-10.982978868090928,-11.282094085906788
C11orf71,-11.614473887853896,-11.86947723273232,-11.738998474994812
RBM7,-10.37128938968067,-10.376279950131613,-10.335855395534434
REXO2,-9.72790932038886,-9.863929008864783,-9.802437542968425
CADM1,-7.8924442993616175,-8.105557579337495,-8.229111884095179
ENSG00000255580,-12.117381644746114,-12.250008660702703,-12.31880420989551
BUD13,-11.057845275006036,-11.12192435891169,-11.204887784127218
ZPR1,-11.089724325049222,-11.239506987657169,-11.125635608101783
APOC3,-11.941563867785867,-11.97053145444404,-11.927471509725548
APOA1,-10.462953776664502,-10.628931262501743,-10.246517778456077
SIK3,-8.375383276761774,-8.328568586452738,-8.476992471946545
PAFAH1B2,-9.384030104206436,-9.401942404551193,-9.59613708895477
SIDT2,-11.624996917344992,-11.621405057174988,-11.971444621294376
TAGLN,-8.793924793627987,-8.740279029146915,-9.748345576973245
PCSK7,-10.995865319572879,-11.04812929284121,-11.266660959869883
RNF214,-9.659776404522107,-9.728790303360096,-9.760114677207284
BACE1,-10.436678149178142,-10.609651036284099,-10.410067965828517
BACE1-AS,-12.096246625545865,-12.144332670980347,-12.320344019991275
CEP164,-10.799819144629351,-11.006985985730067,-10.691323420348418
DSCAML1,-12.519865871109005,-12.431940461353046,-12.090490059611119
FXYD6,-9.09857461823603,-9.360436832723096,-9.041279417869182
UBE4A,-9.853880880146015,-9.886067932778332,-9.97474057723134
ATP5MG,-7.799334754134692,-7.924820381850324,-7.784845719148917
KMT2A,-8.623695825662423,-8.628343209647541,-8.815240267797794
TTC36-AS1,-12.781946721098851,-12.852884945247148,-12.782183072783068
TMEM25,-11.430486460014453,-11.535459725059347,-11.453051922722192
IFT46,-11.398520712198206,-11.423892497784633,-11.365341543107224
ARCN1,-9.378425308255808,-9.446124724941189,-9.472991021397359
PHLDB1,-11.1019737012481,-11.005663934150013,-11.268896735170028
DDX6,-8.572064460624055,-8.52534467887314,-8.697663356580803
BCL9L,-10.91748771946582,-10.959566949091528,-11.190709484779633
CENATAC-DT,-12.865761981324752,-12.861709085207412,-12.940804302910898
CENATAC,-10.603963439061463,-10.600312769843569,-10.8183055069618
RPS25,-6.889610856686124,-7.00728859522939,-6.978378318281402
TRAPPC4,-10.130618344203798,-10.288071560257062,-10.234751869927354
SLC37A4,-12.253561185309307,-12.434653553739812,-12.257049707733435
HYOU1,-10.455760363011295,-10.362071722773559,-10.621253815917878
VPS11,-11.508129784371087,-11.673440297258711,-11.85758497297258
HMBS,-11.304410689240498,-11.391067063938213,-11.387274792146847
H2AX,-10.193787277850207,-10.658167987356839,-10.46667633164812
DPAGT1,-11.641827546029983,-11.651132414470844,-11.757166521388305
C2CD2L,-12.9863212329901,-13.00017962279117,-13.01762299700012
HINFP,-11.557406450026122,-11.681225638564474,-11.781379647404272
NLRX1,-12.815267145802812,-12.945959004763994,-12.933351633967192
CBL,-9.556996322845256,-9.57182637884529,-9.667545865991436
MCAM,-12.03399900222678,-11.854475562629858,-12.522621830558464
RNF26,-11.912450237171562,-12.075771417902331,-12.184645627603452
USP2,-10.66123433755418,-10.566086639742755,-10.721319677814689
USP2-AS1,-11.646400625025867,-11.612747162830281,-11.64594509056052
NECTIN1,-10.99976637022632,-11.636816857596889,-11.457633211482799
OAF,-12.34135416016652,-12.882623374849258,-13.138752336667176
TLCD5,-10.677744109017027,-10.719669257000065,-10.76042829371351
ARHGEF12,-8.97384229098448,-8.933363398466588,-9.042978762896675
GRIK4,-12.276734957609115,-11.863784608180284,-12.534927685155164
TBCEL,-9.968074656300306,-9.977403856345177,-10.112623534861664
TECTA,-11.971221852417461,-11.887721004868567,-12.209712570534649
SC5D,-8.756734012343628,-8.20179843621839,-8.79419540629805
SORL1,-11.479392700809296,-11.054718869565164,-11.213482375583128
MIR100HG,-7.882651807277339,-8.137045013668716,-7.8000227116896435
JHY,-12.036040003112866,-12.082139251732094,-11.813475134993357
HSPA8,-8.091473543038527,-8.163774871737631,-8.149244352922228
ENSG00000288061,-12.695752132472077,-12.677825067873394,-12.648856584371046
CLMP,-12.320711169765897,-11.713088603287654,-11.955612581349344
GRAMD1B,-9.97615841233925,-9.763362890351752,-9.729180734594584
ZNF202,-11.834810934658185,-11.737258466323647,-11.874474280271176
VWA5A,-11.97318265762815,-12.02337072390567,-11.735575915993604
TBRG1,-10.136555171124693,-10.077162863983418,-10.205617381392083
SIAE,-12.065117725131893,-12.097123309752106,-11.867016844634783
SPA17,-11.310968269403022,-12.174755584851384,-11.609066327511373
MSANTD2,-10.068172174149199,-10.149578682990152,-10.299936371182934
ENSG00000279342,-12.433651950681075,-12.567855940275894,-12.724725478562013
MSANTD2-AS1,-12.116162083691593,-11.95278239457418,-12.400837732620438
CCDC15,-12.231105249310623,-12.700258312110739,-12.452562410287422
TMEM218,-11.26779880580014,-11.201184600381003,-11.248801210370075
PKNOX2,-11.075087649927102,-11.31352113745398,-11.059293959082304
FEZ1,-11.30175181542795,-11.20137684722392,-10.776913694909668
EI24,-9.752191465089693,-9.971582268183454,-9.953499778289743
STT3A,-10.4771147115473,-10.436029742291332,-10.538444966739304
ENSG00000288907,-12.725944776375691,-12.297731856653801,-12.169130134796918
CHEK1,-10.429183484879669,-10.80966040529447,-10.679578011359185
HYLS1,-12.640562668871972,-12.604845476831512,-12.154792920133076
PUS3,-11.386044243555936,-11.53474238238382,-11.357687336828826
DDX25,-12.375113319385747,-12.223776909769361,-11.970281455763857
CDON,-10.762897624378322,-10.896611898705274,-10.980401667439493
RPUSD4,-10.916384474796544,-11.015125998162123,-11.207574137195015
FAM118B,-10.753403280967234,-10.813321425146135,-10.833973419917674
SRPRA,-9.968765273890314,-9.90411459269855,-10.100150137922906
FOXRED1,-10.769026666422832,-10.772095480433206,-10.751005879679433
TIRAP,-12.091875892152334,-12.124911512711243,-12.309610647824558
TIRAP-AS1,-12.91237488474962,-13.061295985655226,-13.026634288234732
DCPS,-11.475209907111573,-11.587398603203056,-11.464329865041627
ST3GAL4,-11.549792990742365,-11.745145913372998,-11.53778733782761
ETS1,-11.775334521258692,-12.281906493805225,-11.233591436827604
KCNJ5,-10.275138771667013,-10.533137116496999,-11.0346571700017
ARHGAP32,-9.200888724463328,-9.391217805847552,-9.323054124559759
NFRKB,-10.40566743270971,-10.391911524522701,-10.472954605743244
PRDM10,-10.997396566931707,-10.957851806777875,-11.303353459662222
APLP2,-8.038584793154914,-7.7942954016303485,-8.260207317758004
ZBTB44,-9.317013477787368,-9.35165114982256,-9.374779851482186
ADAMTS8,-12.384742268664038,-12.320050420893898,-12.138771615413951
ADAMTS15,-12.724490530412004,-12.521095740652887,-12.415935254251776
SNX19,-10.448212386967128,-10.614421569909547,-10.53660574375046
NTM,-11.590595398907563,-11.524349660888365,-11.312583383433527
OPCML,-11.502121410810584,-11.472748543214193,-11.64926971485297
IGSF9B,-12.42353841488962,-12.257527779646118,-13.067716129916766
JAM3,-9.375939478164376,-9.444666055938013,-9.658780526426863
NCAPD3,-10.144329119998199,-10.350035190761513,-10.372953209110973
VPS26B,-10.932236179502349,-11.039287271746696,-10.980443308740217
THYN1,-9.809474090756101,-9.862164600274067,-9.914231705364225
ACAD8,-10.862297016938316,-10.896481871101477,-10.92015480117853
ENSG00000261799,-11.771660871307423,-11.658065140674433,-11.976467108417447
ENSG00000290285,-12.665424940100237,-12.53655943951837,-12.71591391403841
KDM5A,-8.935980701069658,-8.639584980575231,-9.093122962140765
CCDC77,-10.646883552905372,-10.533128206892934,-10.974834809243884
B4GALNT3,-9.665679890189537,-9.973769282021516,-9.470960765821362
NINJ2-AS1,-13.070157382448542,-12.493852765282169,-13.07572504138751
WNK1,-8.386248534493987,-8.183370066369037,-8.36826754539048
RAD52,-10.976006800583008,-11.006216322653078,-11.099497000454821
ENSG00000250132,-12.83028105684493,-12.80803905243024,-13.044441821044638
ERC1,-7.878025816828881,-7.923609712155457,-8.20510801759875
WNT5B,-8.307477634994841,-8.392176787836163,-9.107600332257457
FBXL14,-11.142802819328908,-11.313316428171097,-11.67930919999261
ADIPOR2,-9.539532096526782,-9.524789036196387,-9.776890727583435
DCP1B,-10.682678100770746,-10.336782960658146,-10.557055745278143
CACNA1C,-6.6043292596119665,-7.043036206933244,-6.9287002280505385
FKBP4,-9.851561986641613,-10.0365041169609,-9.897407053409681
ITFG2-AS1,-11.427356717749422,-11.378452846866095,-11.573606459096435
ITFG2,-10.02520727366326,-10.141390879261396,-10.317657328598845
FOXM1,-11.687904412209246,-12.379778372172474,-12.20920708980151
RHNO1,-11.042051189404866,-11.27803194387485,-11.217596247426744
TULP3,-10.326911959705665,-10.383705759554132,-10.706889263532792
TEAD4,-11.266189996830358,-11.29153588949255,-12.006204261058777
TSPAN9,-10.148874910296493,-10.328558636272051,-10.215965051738227
PARP11,-10.350100434341874,-10.340921578901602,-10.509733987677281
CCND2-AS1,-11.571525768466012,-11.480375045394917,-11.669669100792605
CCND2,-8.029526020684342,-8.804205387761325,-8.794975920101221
TIGAR,-10.108320489608607,-10.097824664234434,-10.272601919036115
C12orf4,-10.478156748853262,-10.523646379476718,-10.56361865040174
RAD51AP1,-10.699490472382433,-11.43303063978387,-11.278702710794464
DYRK4,-10.430796324081806,-10.58748042350381,-10.440097787797805
NDUFA9,-9.646709766005321,-9.764854604886507,-9.741040403959179
GALNT8,-11.147301565157745,-10.928385959686603,-10.708213455513212
KCNA5,-12.8881100355887,-12.71565689745494,-12.431960322354701
ENSG00000256417,-13.118227418411013,-12.45801396583178,-10.483043896222073
NTF3,-11.731665475173479,-11.592890997240445,-11.65472930688009
ANO2,-12.107723072538667,-12.393402758127566,-12.48387305074698
CD9,-12.823074643998872,-12.9400245043092,-11.971631802559509
TNFRSF1A,-11.453347605042913,-11.601571857223702,-11.481790179315853
CD27-AS1,-11.477450604953761,-11.27359034927635,-11.00725930197306
VAMP1,-13.111392998898726,-13.066727678901346,-13.017604200047549
MRPL51,-8.949623932114326,-9.20761105765398,-9.139571688662727
NCAPD2,-10.193235486345795,-10.644483109738951,-10.623132053089147
GAPDH,-6.304194531514542,-6.522936975265323,-6.126095701996227
ENSG00000269968,-12.846706887600122,-13.154754625412084,-12.736063570471948
IFFO1,-12.21725753428928,-12.236951024627178,-12.276575081680747
NOP2,-11.20037052580433,-11.28322405040902,-11.2632246777438
CHD4,-8.059626612144783,-8.132634851003488,-8.214277217222197
ING4,-10.168125927552584,-10.33381326134063,-10.47009339065425
ZNF384,-11.195119012889073,-11.24560040120915,-11.363358679304943
COPS7A,-10.664408926042263,-10.666789914281424,-10.782663116790014
MLF2,-9.190048246647873,-9.263744645922454,-9.297136423327993
PTMS,-8.62090071995365,-8.666122811858596,-8.633733277766805
GPR162,-12.866090059354775,-12.97785265825628,-12.98131773023475
P3H3,-12.855461403464806,-12.808324514630112,-12.91398941042348
CDCA3,-11.307536615131646,-12.234978440035395,-11.842322920145342
USP5,-10.952265682446104,-11.115182317851842,-11.16943947283149
TPI1,-7.619354364146873,-7.871795347439228,-7.406866910555106
SPSB2,-12.464149524561787,-12.677894153410335,-12.839487821157258
LRRC23,-11.464594722475756,-11.325345225382879,-11.328306826017233
ENO2,-11.763497064138802,-11.652052159871724,-10.555437652489632
ATN1,-10.650663108437888,-10.675084939066515,-10.90377096395869
C12orf57,-9.290071752037898,-9.677089486013061,-9.502592374871803
PTPN6,-12.34800845137347,-12.33464821754806,-12.225866650861123
PHB2,-8.87027142780848,-9.048717061653647,-8.916501468547171
EMG1,-10.916967695486964,-11.0493227079497,-11.193211049775318
LPCAT3,-10.694391900445648,-10.762607332005102,-11.025216588866048
C1S,-11.363032276302738,-11.412429107518202,-11.321635159705172
C1RL,-12.061299448159348,-12.06648518831164,-12.021149174024169
CLSTN3,-11.891351172164825,-11.775872829481811,-11.846032145845971
PEX5,-11.674284457586758,-11.744488653668725,-11.690950618353012
SLC2A3,-8.923068195697,-8.887686278299483,-9.284352480788005
FOXJ2,-11.266479881092499,-11.330368478571984,-11.34336352615892
NECAP1,-11.061093405076655,-11.067126675748549,-11.179274034852844
FAM66C,-11.404121641350724,-11.899242546053463,-11.64336364408931
ENSG00000290940,-12.942407056369321,-12.898789459647993,-12.954949538414574
ENSG00000286895,-11.041463846473642,-11.044059824237765,-11.222048477903241
LINC00937,-10.02529301378416,-10.226069229421816,-10.710588005196307
RIMKLB,-9.681040266915879,-9.6508703253236,-9.722844996108762
A2ML1-AS1,-12.529213175528014,-12.489064144987147,-12.337829306306658
ENSG00000282022,-12.98410862533516,-12.590233726541376,-13.019624723970749
PHC1,-10.498069945876583,-10.470479157113337,-10.62334490957324
M6PR,-9.527766947483203,-9.520199259659268,-9.672320294205782
KLRG1,-10.903924650048618,-10.874108917303353,-10.833067042876785
A2M-AS1,-11.931064740087075,-12.570367746382244,-11.632014686895081
A2M,-10.270222239857212,-10.688805597413255,-11.087864994469218
PZP,-13.189013943346191,-12.997031466263751,-12.815505323217037
LINC00987,-11.901323948538424,-11.553886411836109,-11.654988997012362
ENSG00000284634,-10.890251028821298,-10.94861727906145,-11.56354565717972
ENSG00000291107,-12.234240161282882,-12.40816105785113,-12.369344551159982
ENSG00000257027,-12.771933101726521,-12.875372271112042,-13.099535878613795
CLEC2D,-9.571805014363388,-9.602882330296652,-9.897805947069891
GABARAPL1,-10.687338287093317,-10.61003347916542,-10.389586364632333
KLRD1,-12.18768014542263,-11.932946947958234,-12.03119544566863
ENSG00000290537,-12.912816979640457,-12.945997910931112,-12.824876289400853
MAGOHB,-10.07339467461246,-10.250711729238754,-10.170919032220596
YBX3,-8.587798813973444,-8.76675234577055,-8.766445753672496
PRH1,-9.826270448685861,-9.81494687572688,-10.151767342014068
TAS2R14,-12.201241972101126,-12.141239666444136,-12.450862746930387
TAS2R20,-12.52336921971246,-12.650624094316866,-12.777680021215124
SMIM10L1,-9.40668602290573,-9.427646896106719,-9.287763800276702
ENSG00000275119,-11.003662457243752,-11.013356133974545,-12.024340270189064
ETV6,-8.992667149984971,-9.092291778187573,-9.248076699741748
BCL2L14,-11.879655071250971,-11.732205481363044,-11.750670114662045
LRP6,-9.249086549218095,-9.237802095976026,-9.345576369001245
MANSC1,-11.919063440693682,-12.161550671099869,-12.173555945417954
BORCS5,-10.802487565880202,-11.184728455924839,-10.878831796162103
DUSP16,-9.53972550791446,-9.46985485209219,-9.651471877456736
CREBL2,-10.907220489855609,-10.91125088180992,-10.861240438669983
GPR19,-12.116152585794906,-12.339590782070038,-12.169119623612652
CDKN1B,-9.55875324367064,-9.673236723748627,-9.665213270642274
APOLD1,-9.914501355245134,-10.112276454880998,-10.311043858196085
HEBP1,-10.382166991827138,-10.56928880833985,-10.078886240206247
FAM234B,-12.462002914011379,-12.705894967754453,-12.455303989702523
GRIN2B,-11.858704563487281,-12.532611309904846,-11.10733175929405
ATF7IP,-8.691539446507942,-8.656276199912694,-8.763689903461776
PLBD1,-12.242668740619392,-12.014846725306858,-11.862081901266246
H2AJ,-11.288039860693834,-10.964432236446916,-10.373584622358784
WBP11,-9.028557899547879,-9.102353948311892,-9.053505645626082
RERG,-9.990137031239241,-10.312405551522337,-9.730597132535724
EPS8,-10.258732601880283,-10.84431817706139,-10.62699645497953
STRAP,-8.819704167656198,-8.950637454377858,-8.952798915871194
DERA,-9.659589890637955,-9.764900575018702,-9.960418089518383
MGST1,-9.463744270115901,-9.31903147761413,-9.598432560570734
LMO3,-9.624135990284422,-9.954874801150261,-10.882323147731627
ENSG00000283240,-13.221058833929234,-13.179863378575655,-13.13711997735511
PLEKHA5,-7.491505955898813,-7.456050208748912,-7.025982706047835
ENSG00000253284,-12.40357061618265,-12.386915548957992,-12.025970876589794
AEBP2,-8.852506152802908,-8.857066833713677,-8.896582760700284
ENSG00000255910,-10.995170567667815,-10.836992124436186,-11.034398856646192
LINC02398,-11.928101991434476,-11.755762105210307,-12.059955497972664
ENSG00000287075,-11.891444194728908,-11.991983668604052,-12.233907350113252
PDE3A,-9.209428767501686,-9.52114678198667,-10.24607840817165
PYROXD1,-11.17218732884819,-11.127878314250403,-11.217114138331777
RECQL,-10.349181500435082,-10.681594386767948,-10.721449842174117
GOLT1B,-10.942889907814422,-11.035250524663628,-11.086697455650887
LDHB,-7.461621740636005,-7.598079262033348,-7.440617683203488
KCNJ8,-11.727430644880773,-11.823186785700289,-11.9380855895624
CMAS,-9.715888994902572,-9.74656529672019,-9.675590398099956
ST8SIA1,-10.65214812727731,-10.629758615680696,-10.022899932387254
C2CD5-AS1,-12.213000806714655,-12.196366614491843,-12.20183942764459
C2CD5,-9.38963889572913,-9.402435482247233,-9.483133203748043
ETNK1,-9.065763065922523,-8.999082275606133,-9.089480129994636
LINC02955,-12.185483003450859,-11.93437062529084,-12.166044831170375
SOX5,-7.722966087257863,-7.884845035496718,-7.985016587511425
BCAT1,-10.457209605969721,-10.570194740680964,-9.620557265649282
DNAI7,-12.527398907282565,-11.947243021058718,-12.55096284502859
ETFRF1,-10.547218484936945,-10.539980592858557,-10.642169140499744
KRAS,-9.372184732599475,-9.40078479930681,-9.444473271454717
RASSF8-AS1,-9.946803270899569,-9.872020193944051,-9.822351036745824
RASSF8,-8.785266653570801,-8.739137170686687,-8.426047613314005
SSPN,-11.318065659479629,-11.567061687070773,-11.634748766176193
ITPR2,-9.136402385804448,-9.496828923873638,-9.529061681344492
INTS13,-10.21056526471543,-10.280480736879147,-10.45590809166048
FGFR1OP2,-9.515400770731528,-9.57697324246441,-9.57556247484791
TM7SF3,-10.041408869790507,-10.067929028419206,-10.357472348788926
MED21,-10.032567875588875,-10.072841715424762,-10.343362083822674
ENSG00000275764,-12.151048970558245,-12.209861723911233,-12.539128341925556
STK38L,-9.659609486815445,-9.693984961637929,-9.906084140247163
BMAL2,-11.706903713113835,-12.122232906820395,-12.347695881576374
PPFIBP1,-8.992429759866706,-9.047716058296498,-9.325291016420577
MRPS35,-9.209292888247399,-9.335388838831225,-9.306978092273242
KLHL42,-9.799636119941677,-9.764900283939928,-10.136582458890905
CCDC91,-8.893065965790647,-8.95628069914496,-9.068171845854918
ENSG00000247934,-12.66445155802225,-12.667016515940604,-12.672378855454227
ENSG00000257176,-12.482135972811301,-11.76049025018167,-12.205163399891168
ERGIC2,-9.456671373986964,-9.507484230928215,-9.576593411643403
OVCH1,-12.902204276040127,-12.865217272321203,-13.078145425508088
TMTC1,-9.428854583317934,-9.374385229625736,-9.605913118098044
IPO8,-9.968411008024095,-10.083051252852718,-10.10413658674692
CAPRIN2,-10.392741389173143,-10.328142601303202,-10.324999503871187
TSPAN11,-11.913980228992873,-12.15457467540296,-12.129822690825588
DDX11-AS1,-11.897586227881453,-12.17096670888334,-11.828647948759663
DDX11,-11.051739269931765,-11.089132836083506,-11.710557028984487
SINHCAF,-8.766463826711686,-8.783317992091352,-8.886946365856428
DENND5B,-7.786374072384736,-7.752489756880697,-7.825335744908132
ETFBKMT,-12.967086833694886,-12.848054938606364,-13.01345475349714
AMN1,-11.237859868796864,-11.111284306187422,-11.276641674703304
RESF1,-9.520649786147125,-9.36484784695863,-9.700322476540132
BICD1,-8.67035592101017,-8.636640884854588,-8.66252294182587
ENSG00000274964,-12.473288383290422,-12.413054469257597,-12.621772359955289
ENSG00000276115,-12.027927834423437,-11.936343693172983,-12.01229802940506
FGD4,-10.923352789758583,-10.610627719917979,-10.40578702250586
DNM1L,-8.977991322232123,-8.973452522271261,-9.052484846403686
YARS2,-10.140481296947817,-10.2373626006065,-10.415500239937959
PKP2,-7.287233069368133,-7.372004141462699,-7.644200713062171
SYT10,-10.922396539076084,-10.694466639657472,-11.596408190487457
ALG10,-11.808284631143916,-11.76330644764605,-11.802169991495422
ALG10B,-11.671724983555537,-11.51123240692317,-11.454032998535691
CPNE8,-12.411499734373388,-12.13030908945049,-12.863744842362022
KIF21A,-8.635634518496428,-8.676487708294738,-8.993890760026083
SLC2A13,-9.277518990069746,-9.709089070518113,-9.292111786699907
LRRK2,-11.613286288228782,-11.615714467698396,-10.955295191430267
CNTN1,-12.290993431982116,-11.35951254072872,-12.425121554595147
PDZRN4,-12.162869314577126,-11.413834927304253,-11.481340408670285
GXYLT1,-9.910778841348183,-10.046846587727396,-10.09696497821658
YAF2,-9.085007603473983,-9.166412428004385,-9.18309841502135
PPHLN1,-9.171747798022535,-9.262520239497324,-9.30951732347908
ZCRB1,-9.564539928308008,-9.646420097851916,-9.573926454178952
PRICKLE1,-6.9239589785179945,-7.181839494692615,-7.416546559602537
ADAMTS20,-11.873868949624413,-12.56931450321587,-12.219473706401791
PUS7L,-10.285486926140148,-10.4447278729876,-10.825385573285802
IRAK4,-11.549088399679995,-11.715785532261458,-12.227467756777004
TWF1,-10.10067847029913,-10.124176900726637,-10.052217204968565
TMEM117,-8.776892606939487,-9.048688963971234,-9.284190001455412
NELL2,-11.953906935307204,-12.025416713511762,-11.753551529144328
ANO6,-8.94030974088912,-8.900145183323867,-9.221079528268485
LINC00938,-10.974692751864877,-10.887811792461545,-11.107812629377761
ARID2,-8.49616260345192,-8.460880500943421,-8.685130411166776
SCAF11,-8.135912208532401,-8.098630830093132,-8.212042349858365
SLC38A1,-8.213604315170967,-8.152320979951552,-8.35976179486679
SLC38A2,-8.897614484582881,-8.801277574376243,-9.075710096981453
SLC38A4-AS1,-8.881585818221751,-8.632114249130527,-8.652046467272328
ENSG00000257496,-11.56694368709324,-11.246524699786203,-11.531921632907352
PCED1B,-13.188929586772682,-13.217540474428326,-13.005393023970667
RPAP3,-9.404094918582105,-9.454848675439967,-9.415818267467419
SLC48A1,-12.109614462895108,-12.12005200481771,-12.088173453786407
HDAC7,-10.54970522392098,-10.580452888327407,-10.812216072460188
TMEM106C,-10.074779160250447,-10.234757185080435,-10.245887239998941
COL2A1,-9.108802529176529,-8.564591961358225,-9.954153930948582
SENP1,-9.994901802164316,-10.097111542826042,-10.0430550908033
PFKM,-9.628196385147621,-9.750805573067717,-9.704598401382341
ASB8,-10.33322886862983,-10.365121894418449,-10.314340971845553
ZNF641,-11.519029374784532,-11.375740517231922,-11.548391522849935
ENSG00000257735,-12.200936620086082,-11.92123566378979,-12.410293133519932
KANSL2,-10.48942476704184,-10.513497263258314,-10.605488921085426
CCNT1,-10.389007977716844,-10.40257634509388,-10.538288784898093
ADCY6,-10.496558706078028,-10.760281512175,-10.35930945928742
CACNB3,-12.70165654869126,-12.647789500858488,-12.636058468963776
DDX23,-10.592731287322342,-10.751841804168347,-10.793141172125015
CCDC65,-12.185063685617685,-12.144196163353358,-12.327556817299556
FKBP11,-11.950224437711475,-11.987672364213562,-12.24818459972135
ARF3,-10.154345756402169,-10.194128365886598,-10.200386638979015
PRKAG1,-10.364338041043222,-10.482411334444762,-10.570346959037588
KMT2D,-10.532059943653142,-10.612980526185343,-10.766978235285587
LMBR1L,-11.18870862814437,-11.187755711510876,-11.373614425754734
TUBA1B,-7.58614398297737,-7.943761659762555,-7.915319749047611
TUBA1B-AS1,-11.224035837986047,-11.282627585271952,-11.422080864865935
TUBA1A,-8.231663349421856,-8.286228753364279,-8.49689350563494
TUBA1C,-10.29347560019554,-10.7359120872236,-10.506454002079998
TROAP,-11.591681815123298,-12.405183794430362,-12.08890176693953
SPATS2,-9.237823122611553,-9.267064037372506,-9.468361255019328
MCRS1,-10.372768104578741,-10.457737142466678,-10.607411659888879
PRPF40B,-9.667922611263887,-9.669373347321878,-9.837523047658207
FMNL3,-11.540828098390085,-11.682697667837271,-11.970850398009407
TMBIM6,-8.530466783217062,-8.577148412895795,-8.65705828603279
NCKAP5L,-10.765227968535074,-10.802716434569604,-10.93655506447691
BCDIN3D,-11.388362730649195,-11.476316586438841,-11.479098017212813
RACGAP1,-10.99883991270714,-11.551561806694849,-11.339056225860864
ASIC1,-12.223404683996032,-12.488108132959436,-12.531713484215686
SMARCD1,-10.156097341386275,-10.202611278121143,-10.333942049686744
COX14,-9.568124876532726,-9.553034207441428,-9.601540469471228
ENSG00000272368,-11.52815401319824,-11.44411603141289,-11.607991935155013
CERS5,-10.210386606219735,-10.127569632308857,-10.412646732465502
LIMA1,-10.215224721350957,-10.17629043433181,-10.172855749795065
LARP4,-8.955347979782958,-9.02407541379643,-9.029951084823198
DIP2B,-8.929883880511476,-8.887088511738426,-9.070078146702908
ATF1,-9.917798194533292,-9.94487172144055,-9.96872605242728
METTL7A,-11.94154814889888,-12.503662486615402,-11.794558576670116
SLC11A2,-10.337346632899239,-10.423349382059797,-10.442828434712345
LETMD1,-10.687761073410247,-10.878340653438704,-10.81005621672924
CSRNP2,-11.129215705260698,-11.185248304017408,-11.26080655411911
TFCP2,-9.886436991612,-9.902998453248946,-9.97767259369104
POU6F1,-12.841292534327982,-12.815837700674615,-12.950624953748092
DAZAP2,-10.308888778126894,-10.323121847182366,-10.445453417282065
SMAGP,-12.648747539737766,-12.699279136054736,-12.905343200736077
GALNT6,-12.947990668692912,-12.895680851372429,-13.279710005443453
SLC4A8,-11.194763950202113,-11.167152616374437,-11.463722929004518
SCN8A,-10.58053587747296,-10.718183719406328,-11.044155946271154
FIGNL2,-12.007731490754255,-11.9808446883497,-12.196914738446107
ACVR1B,-10.130886007271698,-10.207148608197514,-10.146033635044304
NR4A1,-11.169509435048932,-10.271650624729233,-10.947031696039062
ATG101,-11.115573072806038,-11.061114391264233,-11.14791888364901
KRT8,-8.100126151648388,-8.066333436930265,-8.417647131738276
KRT18,-8.24653069519823,-8.248324930190226,-8.752542131564347
EIF4B,-8.038453866308277,-8.139736780371924,-8.181682741483334
TNS2-AS1,-12.14481043955491,-11.98867322499553,-12.242679057814795
SPRYD3,-12.804970582377509,-12.69771704964721,-12.658041972199625
IGFBP6,-11.959971047645368,-12.403185317999986,-10.755302657662902
CSAD,-10.537449921301233,-10.495546586739087,-10.70163971573387
ZNF740,-10.788197880178728,-10.834432099055805,-10.99850114239167
RARG,-12.416094725804982,-12.469725244871292,-12.471029996086957
MFSD5,-12.178309837807639,-12.149824575623722,-12.341832090457853
ESPL1,-12.628987152952975,-13.327785248591887,-13.233122462508321
PFDN5,-8.123844769577971,-8.217972813603765,-8.248764354862129
MYG1,-10.610290740492426,-10.738620806257442,-10.83431826094644
AAAS,-10.682468379791944,-10.833209907197604,-10.896428566512947
SP1,-10.374604990276167,-10.346453795602232,-10.51664546398729
AMHR2,-11.422976686792248,-11.40591146726047,-10.906459221264532
PRR13,-9.942814932617322,-9.987892523887295,-9.953575850796073
PCBP2,-7.984595141087241,-8.176582981361792,-8.18977571647748
MAP3K12,-12.121301104697046,-12.045774647753374,-12.293048457587162
TARBP2,-11.320165222894074,-11.413259587854848,-11.499428169414566
ATF7,-9.870917449040853,-9.841876780310535,-10.019773633117495
ENSG00000285692,-12.367145625634572,-12.273413964718237,-12.400967130439295
ATP5MC2,-7.611689213262479,-7.701287713468774,-7.7207912540620125
CALCOCO1,-10.181303797057945,-10.189384157721522,-10.33848598568628
SMUG1,-11.64712657339855,-11.776841084993674,-11.60559412475095
CBX5,-8.218623041211883,-8.399818206533977,-8.374417732372603
ENSG00000289154,-12.37407711759301,-12.595703204802723,-12.578384655059365
HNRNPA1,-7.080167268436339,-7.374618889302295,-7.2496508991072215
COPZ1,-9.584806994166248,-9.763336110470494,-9.61938794685015
ZNF385A,-11.950619682206916,-12.195286149897813,-11.785395290182846
ITGA5,-11.721975004136372,-11.675391085164097,-11.460724044684405
PPP1R1A,-8.66745216832598,-8.891515968997098,-8.15650355992169
ITGA7,-11.378134399747962,-10.934305883876673,-11.236140987951709
BLOC1S1,-9.711731666623487,-9.856690164225485,-9.816069772667303
RDH5,-12.440754673005257,-12.52701231336254,-12.593207842862093
CD63,-7.903110065445007,-7.816086721218549,-7.824623302943453
CD63-AS1,-12.16607233315943,-12.274702187614807,-11.876351748277633
GDF11,-9.937907193523902,-9.716489684174507,-9.927330698957732
SARNP,-8.810979866790742,-8.903856352922558,-8.920277573512944
ORMDL2,-10.884953806080958,-10.957643896558498,-10.992206463306589
DNAJC14,-11.80109754609126,-11.720722182394946,-11.956819834055443
PYM1,-10.356006002700324,-10.464635082166378,-10.544769636167503
DGKA,-12.327184517931865,-12.381691616615267,-12.426612005367483
PMEL,-12.649627041446033,-12.552745793260103,-11.628237140613628
CDK2,-11.34748565330092,-11.549884300158698,-11.574560389939567
RAB5B,-10.1170425123148,-10.06715246300377,-10.264298538562485
SUOX,-11.598563924632698,-11.408219092185774,-11.56757038658637
IKZF4,-10.805362157089093,-10.756597607666848,-11.149387097496843
RPS26,-6.751092073071883,-6.824904113370974,-6.786640204564392
ERBB3,-11.923738901759313,-11.649149273339741,-12.216227081108253
PA2G4,-8.64524089001727,-8.838548810493563,-8.782245560336564
RPL41,-6.118688184933621,-6.296435636385893,-6.313249637248514
ESYT1,-11.101110163858614,-10.828645287705946,-11.494543973220502
ZC3H10,-12.213495246195674,-12.144110096680766,-12.183086740621203
MYL6B,-9.540231264425111,-9.796196971809415,-9.777484508004223
MYL6,-6.3840112439487,-6.38249880166265,-6.510721592392547
SMARCC2,-9.5602703277807,-9.527360439494213,-9.745027884096723
RNF41,-10.910594550912581,-10.821214607147825,-11.087844250666548
NABP2,-11.793859299867671,-11.831770437922563,-11.993870593570993
ANKRD52,-11.11381447252743,-11.08413829423574,-11.17919955526523
COQ10A,-11.21004121459398,-11.19570468752757,-11.158558874330998
CS,-9.439514839309856,-9.548499834529242,-9.524005668307856
CNPY2-AS1,-11.969378864343888,-12.034125132777643,-12.04662989599851
CNPY2,-9.018403830243626,-9.078208012691876,-9.120748544757259
PAN2,-11.288895802933489,-11.280230369002666,-11.447961468302962
STAT2,-10.724894762617609,-10.658860044709193,-10.837027217988023
TIMELESS,-11.116099144802448,-11.538493707787556,-11.55157933101992
SPRYD4,-11.309234937395168,-11.42924623815114,-11.525105455222764
RBMS2,-10.321043988423469,-10.210705969355768,-10.469939116591526
BAZ2A,-9.425302633861504,-9.37178854459804,-9.567494384922872
ATP5F1B,-7.572831216760279,-7.6974333482792385,-7.699942026209193
PTGES3,-7.977355925853005,-8.146669393807176,-8.085180360530465
NACA,-6.783139933123936,-7.023117776138808,-6.96839518344548
PRIM1,-10.912649801062635,-11.425831529477481,-11.270367553782137
ZBTB39,-11.609354677910146,-11.61329157299204,-11.643861336723447
TAC3,-12.675798685021858,-12.716549537557981,-12.00552083731755
NEMP1,-11.298397309714268,-11.603112277980163,-11.625149312854784
NAB2,-11.61714706233807,-11.638928057165922,-11.760586638055788
STAT6,-11.500940639237125,-11.412518664063832,-10.814583860381942
LRP1,-10.108590546197236,-10.211449598209377,-10.278997947802099
SHMT2,-10.802543027124461,-11.00530906274671,-10.578503711730797
R3HDM2,-8.779521195796946,-8.67969378524656,-8.860503737887086
MARS1,-10.289112517658115,-10.345393430307487,-10.404868826427554
DDIT3,-11.205808478737403,-11.301033078725695,-11.064732205379984
MBD6,-11.588985674321885,-11.87656980698699,-11.926003691877154
DCTN2,-9.638478051131832,-9.729750431147517,-9.769395343025973
PIP4K2C,-11.723240970595834,-11.842170794544367,-11.876050866508834
DTX3,-11.698047961170236,-11.783678656793494,-11.870676341046083
ARHGEF25,-12.764371282522509,-12.694293041395886,-12.620092933207081
OS9,-10.121874183852528,-10.033422499446415,-10.272039994329612
TSPAN31,-10.572433881543754,-10.490121652433832,-10.525215061383086
CDK4,-9.59074530311758,-9.7794916766231,-9.71317960730856
MARCHF9,-11.837176974247948,-11.940181807331703,-12.012998375340437
METTL1,-11.81125476212,-11.911970144274942,-11.927046963992314
TSFM,-10.33645902265489,-10.452041620127197,-10.428727097740113
AVIL,-12.105393263507656,-12.158123952374275,-12.751971477494472
CTDSP2,-9.941599237052612,-9.990169948948216,-10.194581149812501
ATP23,-11.587502612891559,-11.77724233088939,-11.56563755557415
GIHCG,-10.999782628289458,-11.021866530101992,-10.997235254996152
LRIG3,-10.2228358529854,-10.262814063887335,-10.671006574827825
LRIG3-DT,-12.721510110826191,-12.814262440245917,-12.961213283344126
SLC16A7,-10.204681685843745,-10.463271647345314,-10.244296504469231
TAFA2,-10.154351752165027,-10.170481803438655,-10.305112881892637
USP15,-8.645566341723622,-8.739381888831472,-8.606838684249873
MON2,-8.964440759166166,-8.98663558288695,-9.047618556823542
MIRLET7IHG,-11.416904028101813,-11.372377401515584,-11.5919515337852
ENSG00000275180,-13.016700594375264,-13.180451306019828,-13.129586319246787
PPM1H,-10.280800555691101,-10.41990842615159,-10.585449918346239
DPY19L2,-10.446499067703462,-10.50393330162993,-10.309102287206786
RXYLT1,-10.335838621489579,-10.298273803002868,-10.436718189497789
SRGAP1,-9.49812008773693,-9.54006551251323,-9.925254392879378
KICS2,-12.58572828189197,-12.477317485828069,-12.51529021358118
XPOT,-10.158448404739346,-10.189841310641752,-10.090251300194641
TBK1,-10.241123149419355,-10.301971784412839,-10.285051159411974
RASSF3,-9.985704140099788,-10.08331031826166,-9.922309230025824
GNS,-10.156176230649411,-10.142563811910692,-10.277882782942735
TBC1D30,-11.745352780010286,-11.822707501692811,-11.995729398607628
LEMD3,-9.755696052176672,-9.715515084642888,-9.82850187505039
MSRB3,-8.152042845038455,-8.071656795584023,-8.450659118264525
ENSG00000250280,-10.90578154278262,-10.700016018381312,-11.269831882718956
HMGA2,-8.616138707671082,-8.950102812591156,-8.689288780850767
HMGA2-AS1,-12.586302367243428,-12.78635932774652,-12.555760847732508
LLPH,-10.160780400515936,-10.304153405784682,-10.339748490698724
LLPH-DT,-13.121921421587075,-12.66754418212047,-12.89026473510662
TMBIM4,-10.085474128222101,-9.866983325057102,-9.882791776047164
HELB,-11.354685847116219,-11.460021234875606,-11.607656067702127
GRIP1,-8.682611319060797,-8.705447520530038,-8.682449026232463
CAND1,-9.024811903078858,-9.07999119018339,-9.025201732020495
DYRK2,-9.466592202709796,-9.4974795143592,-9.652877947826482
IFNG-AS1,-12.629786985304742,-13.079118480038808,-12.466070243229247
MDM1,-10.77271617169881,-10.782912984538262,-10.82828979863293
RAP1B,-9.292067901668675,-9.343187821490712,-9.411576772040394
NUP107,-9.829616844713806,-9.983800115949629,-9.95938319614972
SLC35E3,-10.16563270380313,-10.200077878335277,-10.329448686189954
MDM2,-9.254176785568962,-9.509253464021668,-9.646822589927389
CPM,-12.699362637106738,-12.81888400716925,-11.904689611440173
CPSF6,-8.705603088782771,-8.765541304737408,-8.780993265736859
YEATS4,-10.111697001328041,-10.548705686484366,-10.398756875731015
FRS2,-9.26748199768653,-9.252026709004022,-9.379914752245009
CCT2,-7.90979372137909,-8.077750891444,-8.127170166741317
LRRC10,-10.960637339290079,-11.028008076761232,-11.149238529836154
ENSG00000247131,-11.93401914548152,-12.409353596659052,-12.636309270464748
RAB3IP,-8.074149843299903,-8.352808462642258,-8.52542177800009
MYRFL,-10.054124172146809,-10.444805492411081,-10.71154628532045
PRANCR,-9.910499199246676,-9.231261449872896,-9.311042097224187
CNOT2,-8.853749887273846,-8.88211437784325,-8.979703091346659
KCNMB4,-9.801106733261518,-9.956565532749304,-9.819239792765211
ZFC3H1,-9.280336472800254,-9.18900119975838,-9.350251803543413
THAP2,-10.950320743097166,-10.905281384562363,-10.833217381660651
TMEM19,-10.938576921849142,-10.855717575739725,-11.034541018918187
RAB21,-9.583243403841605,-9.61811030021707,-9.68629147490441
TBC1D15,-9.851782777700707,-10.057449424966004,-10.000859537108479
TRHDE,-12.482249182268818,-12.527574146855736,-12.786570585464593
LINC02444,-11.922036216360942,-11.485565120368557,-11.881599138931053
ATXN7L3B,-8.844407935633404,-8.921334217319249,-8.899011165510863
CAPS2,-12.091827716100035,-11.59542412549972,-11.0806968070719
GLIPR1L2,-13.071092080659884,-12.543440572035092,-11.991840067607392
GLIPR1,-13.148949132794362,-13.142595798462343,-12.979181660408228
KRR1,-9.553463233141493,-9.617260503484335,-9.619667133273074
PHLDA1,-11.13387734879261,-10.885855259840008,-11.414865759994864
NAP1L1,-6.553604126692669,-6.572940843477804,-6.583850208106136
BBS10,-11.384010029592398,-11.231767649733465,-11.329797807849106
OSBPL8,-8.388584778777034,-8.495376311350022,-8.60887638797489
ENSG00000257526,-12.002622376644108,-11.631162157468477,-11.925653955676768
ZDHHC17,-9.550849319730837,-9.521171393384822,-9.65242207195223
CSRP2,-7.822210889024666,-8.329537030593418,-7.717308431812197
E2F7,-11.55337215314095,-12.271194743302068,-12.247445887163687
NAV3,-9.741799436561818,-9.80891952731881,-9.718758591309351
SYT1,-11.80861801579178,-10.690056946754751,-9.338771203207584
ENSG00000257894,-10.612819666673667,-10.556230837986933,-10.863915821624625
PAWR,-8.846255198298854,-8.918168667426267,-8.97774144677102
PPP1R12A-AS2,-12.113057978078674,-12.121000275790484,-12.175151926958177
PPP1R12A,-7.870667457450147,-7.870998866935298,-7.989917594072351
PPP1R12A-AS1,-12.025275268745128,-12.06677611109576,-12.207042458709868
OTOGL,-9.700792132154927,-10.478521663458606,-9.623706604427623
PTPRQ,-11.096698306969614,-12.43948766047257,-10.853141542563675
LIN7A,-10.694303834498122,-11.269656787096286,-11.033948787104977
ACSS3,-9.693118396723332,-9.596376987483655,-9.459245118699354
PPFIA2,-9.994374486901773,-9.692766920471211,-9.696470664606974
CCDC59,-10.03027266379125,-10.166555743827406,-10.033615030333051
METTL25,-9.30237990325198,-9.261533667533994,-9.425572959834975
TMTC2,-8.290452907503674,-8.159472181230816,-8.153091267598114
ENSG00000288941,-9.510276966309716,-10.182892589429272,-9.258667131577504
ENSG00000289309,-11.493071529581211,-12.17979035676644,-11.47977965010204
LRRIQ1,-11.496862830026009,-11.389855326573398,-11.814532238079833
MGAT4C,-9.536879147901479,-10.500150197842988,-9.43503242006265
C12orf29,-10.593363797530685,-10.732184877818607,-10.607802279694733
CEP290,-9.074929116803865,-9.085838000889645,-9.040151711098728
TMTC3,-10.008458388151427,-10.047232018913737,-10.004195735725649
KITLG,-11.36640409327938,-12.20911046637456,-11.865674711334643
LINC02458,-11.984379260233771,-11.835934386209129,-11.945752901871566
DUSP6,-9.080199912040472,-9.023293252684054,-9.494737867004813
ENSG00000286608,-11.366701338783733,-11.123475231384106,-11.236938097597266
POC1B,-10.564917308462482,-10.6036984410221,-10.621653397682946
GALNT4,-11.838402193263974,-11.772277006859571,-11.936771019130129
POC1B-AS1,-11.799544181882185,-11.829009471010496,-11.888133639331901
ENSG00000258302,-12.912817087740484,-13.066457372236142,-12.747137904314068
ATP2B1,-8.55172725821057,-8.72454288163375,-8.72068948696272
ATP2B1-AS1,-11.831544171298454,-12.220362820201958,-11.72388563105335
ENSG00000258216,-12.724871375966103,-13.151390687059042,-12.754885475029964
LUM,-11.29534570523494,-11.27457012454298,-10.571044702595444
DCN,-11.300855866433619,-11.266778843151863,-10.1934936794491
LINC01619,-10.352452586501212,-10.205516461811028,-10.528257008612325
BTG1,-8.220311029985185,-8.237236399074726,-8.273289968921045
BTG1-DT,-11.803574817560937,-11.846040418424488,-11.62189929349363
EEA1,-8.765956851931485,-8.827368473716664,-8.97777747923462
ENSG00000257322,-10.222753325539973,-10.294741655709254,-10.092377844951164
ENSG00000257252,-10.76860949212274,-11.412011420344433,-11.100789403994767
NUDT4,-8.70929961303517,-8.745798865126824,-9.273142119901964
UBE2N,-9.133453659146813,-9.261956892992636,-9.309249166535993
MRPL42,-9.465329051548524,-9.585718239364983,-9.539520087232695
SOCS2-AS1,-11.776608027692893,-12.01752746292369,-12.11116148916343
SOCS2,-10.795949456748456,-11.050361880939672,-10.821751851052415
CRADD,-9.49849243243939,-9.397394053731167,-9.60817433428959
PLXNC1,-12.012411716323077,-11.92397633711422,-11.717858642638761
CEP83,-9.416529665406868,-9.34652176089065,-9.331845518850661
TMCC3,-12.805309470236804,-12.002675894431967,-13.092500954901123
NDUFA12,-8.863643322154967,-9.029596592809561,-8.878456909802885
NR2C1,-9.421473076273658,-9.45850001687977,-9.57633481698623
FGD6,-9.118368120597877,-9.167424311474168,-9.600895972850854
VEZT,-8.854966322710501,-8.860058540417958,-9.047173608913162
ENSG00000289437,-12.845135158645006,-12.91018102996697,-13.118799255658306
METAP2,-8.720702066181465,-8.85895003310416,-8.777911912646028
SNRPF,-8.822608480812164,-9.05888211637771,-8.924606467713238
LTA4H,-9.609964163859424,-9.7470530258915,-9.602852819003168
ELK3,-10.673640362631597,-10.860114393821066,-10.980402215646002
CDK17,-9.603527428352866,-9.788981571625099,-9.802891091044769
NEDD1,-10.126019725730652,-10.0912814038228,-10.272467072899095
RMST,-12.684037257743821,-12.172518963732644,-13.107234085581855
LINC02453,-12.722309847891813,-13.08439739186271,-12.995004563839029
TMPO-AS1,-12.76227681334959,-12.97835252350776,-13.066249799414397
TMPO,-9.079112754685369,-9.321288654406056,-9.305299812251889
SLC25A3,-7.682471630246899,-7.8102549118424776,-7.821962212496267
IKBIP,-9.79630516112549,-9.977441854423075,-9.997965384748666
APAF1,-10.551814113788584,-10.572619133105649,-10.67762205732259
ANKS1B,-10.712094806029032,-10.612580509974258,-10.306931074399294
BLTP3B,-9.60500090151205,-9.703209879708096,-9.629069082881998
GOLGA2P5,-12.057390702413569,-12.030389028568075,-12.280095226436488
ENSG00000290576,-12.68581321349023,-12.646797233268181,-12.849884871623685
ACTR6,-10.231817459183882,-10.291460076472754,-10.182906061454023
DEPDC4,-11.939679971001999,-11.95653423649092,-12.013710179874721
SCYL2,-9.370660380923864,-9.323659855165317,-9.393177887108552
GAS2L3,-11.335221277086122,-11.961192239055867,-11.884097249303045
ANO4,-13.27169245839761,-13.073287687068623,-13.081610543933213
UTP20,-10.377261009936324,-10.333885233158526,-10.66714116523379
ARL1,-9.844388228545219,-9.80073481577373,-9.784432267477511
CHPT1,-10.306757630483801,-10.182288123966268,-10.040358118669108
GNPTAB,-11.32919822033348,-11.067378837987267,-11.291962574396717
WASHC3,-10.367285331659886,-10.34476561837244,-10.238409523474163
NUP37,-10.413086241220551,-10.596366881485563,-10.5388632437652
PARPBP,-10.912465156033731,-11.43285581017126,-11.346511957358498
HELLPAR,-12.305560992884658,-12.81921994168198,-12.41609970804287
NT5DC3,-11.920970601798809,-12.23969769355581,-12.239346151498914
HSP90B1,-7.137874926184163,-7.158940464663454,-7.26579722700147
UQCC6,-10.789157598985069,-10.783862670929066,-10.851928396749331
TDG,-9.60219264165719,-9.59785361987116,-9.775141218200721
ENSG00000288744,-11.408016678586959,-11.271776108216963,-11.531581831149339
GLT8D2,-12.17353299115374,-12.083987369965552,-12.31733921308802
HCFC2,-10.19463927851655,-10.236822430418034,-10.41778562026814
NFYB,-9.434916311532124,-9.374900176924497,-9.356291260393728
TXNRD1,-9.28062846044644,-9.363804334882781,-9.378863657312264
CHST11,-9.124158064180074,-9.197912871799799,-9.497833875599671
SLC41A2,-10.996867198240892,-11.141574412925975,-11.624624829333909
NOPCHAP1,-9.808419758322854,-9.85207861390014,-10.07084087690204
ALDH1L2,-12.941231411100103,-12.729008614490505,-12.656382641181716
WASHC4,-9.661886962618924,-9.65851568956461,-9.738054663722261
APPL2,-9.792310667333625,-9.82089320765051,-9.843127127481559
C12orf75,-9.796461451957253,-9.484135961905523,-9.799277721262653
NUAK1,-10.03816735989557,-10.482976747103919,-10.609643856423265
CKAP4,-9.327106092631555,-9.380223453199013,-9.442502488620624
TCP11L2,-10.739385636427757,-10.767043082194437,-10.901670292986282
POLR3B,-10.199576751857574,-10.138159811538062,-10.165752326576351
ENSG00000257545,-12.086143010503648,-12.147575031033298,-12.333927736681948
RIC8B,-9.722128647364107,-9.577568578490695,-9.816710399093399
TMEM263-DT,-12.706800877428265,-12.649271786630736,-12.44032759698798
TMEM263,-9.454162484301362,-9.298644824690166,-9.439101681985882
MTERF2,-10.266968888210009,-10.237478668837293,-10.208316730288658
CRY1,-10.329857785166482,-10.09993098128663,-10.40406707745388
ABTB3,-12.290025848317677,-12.60850219586212,-11.8709156450209
PWP1,-10.185241487440873,-10.270644870184022,-10.191664285338595
PRDM4,-10.98628766441495,-10.97152492071557,-10.97714389794173
SART3,-10.166340392081885,-10.286680536428456,-10.374730457390202
ISCU,-9.694053835014643,-9.75458400337151,-9.968676605996453
CORO1C,-9.237650389722013,-9.205015399562141,-9.327900496113974
SSH1,-10.03221964886078,-10.084725629702943,-10.207930587493633
USP30,-11.200738120997318,-11.28139101728254,-11.261895301677566
ALKBH2,-11.019813884257644,-11.222072153829536,-10.886049340871168
UNG,-10.119202163594355,-10.375762574248771,-10.264212505352722
ACACB,-9.545261090796261,-9.532923366914584,-9.657593269730889
KCTD10,-10.203167540181553,-10.124948241541379,-10.512956803326828
UBE3B,-10.572801790212582,-10.643583894463738,-10.805313755466779
MMAB,-10.12187094125998,-10.349301259815661,-10.329763932664305
MVK,-11.595106439314636,-11.774670491436476,-11.634299380937689
FAM222A,-11.82849869230596,-11.74273875253935,-11.825539937413668
GLTP,-10.61020784372166,-10.933498249745986,-10.813619396798824
TCHP,-10.327193195323769,-10.371619563271038,-10.449866572676356
GIT2,-10.14186782837814,-10.136481640259573,-10.319252545831723
ANKRD13A,-10.488219404787866,-10.537451328417,-10.656471060539095
C12orf76,-11.184878692884066,-10.97548262330098,-11.08845584757039
IFT81,-8.864774905532126,-8.864171683953309,-9.049923532444854
ENSG00000289311,-13.021461177212514,-13.066894729110563,-13.184012930181671
ATP2A2,-7.945028661837692,-7.975540695622691,-8.14076575831754
ANAPC7,-9.902406268322434,-9.99681290938031,-10.268853072788879
ARPC3,-8.844432411422426,-8.962249673217494,-8.986968178263655
GPN3,-9.876877151655394,-10.067519815994155,-9.930635856292584
FAM216A,-10.43059074699838,-10.591314085980079,-10.450311374306736
VPS29,-9.234148505165459,-9.408404416895523,-9.423969884927281
RAD9B,-12.562019351402856,-12.802023167632417,-12.975515506036176
PPTC7,-10.082349791983372,-10.115589297341328,-10.296162174429897
TCTN1,-10.47054473568584,-10.430358349801008,-10.493703286925369
PPP1CC,-8.694918462952419,-8.929447946351544,-8.900783406853941
LINC01405,-11.220226457970346,-10.50984716134491,-11.58671420071748
CUX2,-10.577581890855932,-10.593644003162755,-11.511941642936607
PHETA1,-13.132489696134614,-13.13533090193845,-13.089519043836145
SH2B3,-12.752031213573595,-12.828374742800102,-12.42482466039196
ATXN2,-8.721836426582307,-8.780768953183497,-8.901181421019123
BRAP,-10.502708279606509,-10.594194493511761,-10.663632012403127
ACAD10,-10.652946988705102,-10.678963175961542,-10.758562939836652
ALDH2,-9.907408478956498,-10.162216175071467,-9.794773515955535
MAPKAPK5-AS1,-10.92885241365789,-10.93145945439464,-10.834296185646792
MAPKAPK5,-10.150554073029914,-10.17934923944068,-10.39957503954236
TMEM116,-11.079374011225305,-11.100740064914707,-11.208861711172819
ERP29,-9.174918440851298,-9.22252420824422,-9.293975117668328
NAA25,-9.304079967688827,-9.285889196686675,-9.33364392631559
TRAFD1,-10.92351101154607,-10.952894255743923,-10.962465817482054
HECTD4,-8.914620705120424,-9.005599547507869,-9.08356500999352
RPL6,-6.365103710951092,-6.56264406572801,-6.429775864154055
PTPN11,-9.245485723079844,-9.155744725798309,-9.334079916827312
DDX54,-10.594969532558121,-10.850500502173643,-10.789986289031189
RITA1,-11.381860028348136,-11.580770391455193,-11.423894351430583
TPCN1,-11.648551969299072,-11.573026157987274,-11.426024360528915
PLBD2,-12.04280517154596,-12.18998763095928,-12.211607579981939
SDSL,-12.387459525850094,-13.097455323855007,-12.792639611873557
RBM19,-10.530659836627246,-10.615191398126948,-10.7947086158935
TBX5,-8.721626544911638,-8.98465305462339,-8.235598124983836
TBX5-AS1,-12.689138387991845,-13.156578238306768,-11.313580919487928
ENSG00000289101,-11.738056909793656,-12.021220191389068,-10.622197919007327
TBX3,-10.958798590151238,-10.7716081522331,-9.765813847793709
MED13L,-7.883315388780626,-7.8784496173162974,-8.048230098337056
LINC00173,-12.672569687926382,-12.068483913022185,-11.71257521270776
MAP1LC3B2,-12.080065210548465,-11.543057599178352,-11.849619204010066
SPRING1,-11.248398342713179,-11.265096725425373,-11.30584848590065
RNFT2,-11.6586264910274,-11.648278270199846,-11.675595991872346
FBXW8,-10.043721685630533,-9.974442693789083,-10.129691752761277
TESC,-11.41227702317083,-10.835125081417294,-10.57258877669111
FBXO21,-9.375959778172962,-9.490915719945397,-9.445814770331815
RFC5,-11.18703244023759,-11.548094898749984,-11.265018225925408
WSB2,-10.938080750951999,-11.080095854162414,-11.140927866297872
VSIG10,-11.019243670263386,-11.111491414208098,-11.146943084311156
PEBP1,-7.8031726444891465,-7.964136408866302,-7.863846252873452
TAOK3,-9.906045972170418,-9.877078208591305,-9.972666650927923
SUDS3,-9.516220708997793,-9.5101490058862,-9.508074968993304
SRRM4,-11.749750096495209,-11.314279443762224,-11.414535284804868
HSPB8,-10.324686277355612,-10.035208506490159,-10.174214168044776
CCDC60,-11.488621980783108,-11.280009882963316,-10.47171112605504
ENSG00000248636,-13.102885991835983,-12.852150840972227,-12.716035236792239
PRKAB1,-11.164586474345702,-11.352572156697516,-11.286118039206745
CIT,-10.880804212434297,-11.66794523529331,-11.433381156973683
BICDL1,-12.99157793910408,-12.899896935974414,-13.109404374066806
RAB35,-10.986835247451095,-11.075494057934966,-11.135190587981818
RAB35-AS1,-12.534525005395894,-12.699277509851767,-12.77393292784192
GCN1,-10.43746916315064,-10.518395527401935,-10.62516207345639
RPLP0,-6.516047777020025,-6.558849349265734,-6.560337548507151
PXN-AS1,-11.936748251074048,-11.885452380736478,-12.138149281898363
PXN,-10.740793992180206,-10.926911780969101,-10.736627331327554
SIRT4,-12.023184895916826,-12.109890734369012,-12.223983648397146
MSI1,-10.867576656414066,-10.88713377855651,-11.022275668748826
COX6A1,-8.034240198512013,-8.209307486330788,-7.926344367141198
TRIAP1,-10.559275375799947,-10.779147910121386,-10.818713482848436
GATC,-10.713872716555999,-10.663725249623651,-10.756844372838932
SRSF9,-9.179014338456845,-9.285369752200669,-9.276629114595996
DYNLL1,-7.901511405710754,-8.038183425623497,-8.085455464176091
NRAV,-12.642320889985516,-12.651161989720322,-12.792880018178353
COQ5,-10.64626926278091,-10.839661143310174,-10.868398244021169
RNF10,-9.594282378015734,-9.638691725102385,-9.755236374217517
POP5,-10.377702054972751,-10.405724318772814,-10.539573277923184
MLEC,-8.730998485386282,-8.720113146843731,-8.83965182857417
UNC119B,-11.612716564948464,-11.72122100927063,-11.69617632726077
ACADS,-11.687461515820184,-11.813370022875434,-11.851518085733668
SPPL3,-8.53794824422642,-8.669076828912129,-8.899215832945735
HNF1A-AS1,-11.480156871245057,-11.49175908787836,-11.45082887923906
C12orf43,-10.980721736478074,-11.004002202106026,-11.1375246910316
P2RX4,-11.6580573987497,-11.876940161639533,-11.946050401414109
CAMKK2,-11.451346089394507,-11.444034921862457,-11.489638789353517
ANAPC5,-9.340138160946065,-9.35389637939457,-9.417878647093406
RNF34,-10.036127347400223,-10.027032741470382,-10.07942396978075
KDM2B,-10.163456171759288,-10.204748183350091,-10.45047312101578
KDM2B-DT,-11.805544758897547,-11.756437423320246,-12.326353042952064
ORAI1,-10.802125516486235,-10.874049804345205,-10.707098781051767
TMEM120B,-10.517628917170478,-10.46003460282672,-10.679556686146551
RHOF,-12.166759808168432,-12.1507343383429,-11.882994205292952
LINC01089,-11.97672491607491,-12.046117647706362,-12.297283950142207
SETD1B,-10.920536134474375,-10.924339276836797,-11.027662999650152
PSMD9,-9.75593197827645,-9.905189411385054,-9.876472175655733
CFAP251,-12.472763218914668,-12.486307517597783,-12.218214596176633
ENSG00000255856,-12.65068197182684,-12.638474030841023,-12.952649285688121
BCL7A,-10.127794579771525,-10.360058977912631,-10.463513142323668
LINC02985,-12.652846194581537,-12.901970855902361,-12.274792210663648
MLXIP,-11.009021829092704,-11.219948143945459,-11.075576248306808
VPS33A,-10.485940006676552,-10.647313951934319,-10.718950020233699
CLIP1,-9.341355290004408,-9.272402952545178,-9.379789885805794
ZCCHC8,-9.927722565623386,-10.084673449114929,-10.126010090100147
RSRC2,-8.67525855692206,-8.762194396345604,-8.84709374831257
KNTC1,-10.637233401674228,-10.954594680831784,-10.985214232982942
DENR,-9.200000560817701,-9.225962926279976,-9.241150480394847
CCDC62,-12.9562002135989,-12.57473228679224,-12.528730279502835
HIP1R,-12.240848806110078,-12.28299014808787,-12.216664279024847
VPS37B,-10.458748785770448,-10.35812542183284,-10.457346476568953
ABCB9,-12.621648010064082,-12.564318798442955,-12.718129312596785
OGFOD2,-12.707375771615713,-12.757013317076057,-12.78512290252727
ARL6IP4,-9.154467696527538,-9.323453769638352,-9.402082358285814
PITPNM2,-11.63096180313856,-11.78702993104449,-11.718219146761951
MPHOSPH9,-9.639568257278745,-9.694280518685009,-9.839667588433596
MTRFR,-10.135548952085376,-10.236402021036652,-10.199728352151473
CDK2AP1,-9.780271429202939,-9.958452458171408,-10.14472350764836
SBNO1,-9.515269643041314,-9.545412631818994,-9.631524261351334
SBNO1-AS1,-11.824980521926625,-11.799160926233332,-11.637303622368332
KMT5A,-10.039145802534478,-10.159128308839882,-10.158831987956342
RILPL2,-11.316242397269336,-11.428757136405872,-11.43349321355338
SNRNP35,-10.833147650821672,-10.832503295643285,-10.978924962315455
RILPL1,-9.863801154046545,-9.805969603375344,-10.107598817801865
TMED2,-9.576127004218717,-9.62428480360222,-9.651695407045416
DDX55,-10.915395394835498,-11.176779802882116,-11.080338536200804
EIF2B1,-10.94130998635779,-11.034949864271235,-10.955298673877234
GTF2H3,-10.008971584463799,-10.14273576431161,-10.197162891387963
TCTN2,-12.114946139209435,-11.987281123333151,-12.165571451669607
ATP6V0A2,-10.061228012832784,-10.11617458203671,-10.207548413089192
DNAH10,-12.406714809384793,-12.485579330946521,-12.862205825479457
CCDC92,-9.719827005202328,-9.65871976269837,-9.896343910030595
ZNF664,-9.744025383694952,-9.857643189391608,-9.805938230946776
RFLNA,-10.940483017055175,-10.697000718190267,-10.983159449727603
NCOR2,-9.499442120272333,-9.530451614123871,-9.7491232523456
SCARB1,-11.438844648764768,-11.370295315521778,-11.567659444096385
UBC,-8.188086967708019,-8.350219137613676,-8.357048162260222
DHX37,-12.03875822891101,-12.089421886877663,-12.229948267107082
BRI3BP,-11.38847317797432,-11.524194809562252,-11.717826417428771
AACS,-11.11263022726672,-11.245577401770063,-11.089330392260951
TMEM132B,-11.197258922005599,-11.052385367060488,-11.731560447902446
TMEM132C,-10.076111893024288,-9.711892796091453,-10.50889254243273
SLC15A4,-11.17014948319235,-11.258313106871936,-11.224959821056055
GLT1D1,-12.751995357690214,-12.565336519520265,-12.556565881488941
RIMBP2,-13.074888805129229,-12.397239558954686,-12.109318570752944
STX2,-10.476926427014728,-10.486101710539613,-10.544956059541782
RAN,-7.88034925098694,-8.169149563668471,-8.099485470421431
ADGRD1,-10.034193830292356,-10.256245813360275,-10.02084799151468
SFSWAP,-9.647309279580849,-9.726118520774238,-9.7994404620751
ULK1,-11.076742321012226,-11.155909248494604,-11.259883410612938
PUS1,-11.906537884379645,-12.019111235931044,-12.08150531162571
EP400,-9.746564562704108,-9.768650705275723,-9.884073257246484
ENSG00000291171,-10.319786001375288,-10.622456027679139,-10.955356167811722
DDX51,-11.687346941704543,-11.815842472384483,-11.849058723214744
NOC4L,-12.18335392581749,-12.360849019204418,-12.263252914119898
FBRSL1,-10.895732599512955,-11.116073382014072,-11.075135736064556
POLE,-11.036677185925695,-11.29333789066129,-11.336630842215072
PXMP2,-10.341621494002046,-10.587913261571382,-10.364919999764991
PGAM5,-11.723843276175149,-11.890705917433166,-11.964287757114779
ANKLE2,-9.600834731132192,-9.61178512257888,-9.801445166230454
GOLGA3,-10.287721500424674,-10.233608523681555,-10.40643994661018
CHFR,-10.545507232448328,-10.481515902372166,-10.757489143676786
ZNF605,-10.533479395892382,-10.41097620609587,-10.695685130152482
ENSG00000289516,-13.140774348857862,-13.135346981889224,-13.089271695580322
ZNF26,-11.347507588694599,-11.300142133279772,-11.520972567730718
ZNF84,-9.929985843569332,-9.973869067763209,-10.007984972984174
ZNF140,-10.878843422749794,-10.859157558897781,-11.002287222651182
ZNF891,-11.030563483257424,-11.004431341381556,-10.979635418797788
ZNF10,-10.252356370787544,-10.144961235426301,-10.413103181695979
ZNF268,-10.760892673724515,-10.788015225310637,-10.845603214891096
MPHOSPH8,-9.344238322853585,-9.276947677193645,-9.266738017642856
PSPC1,-8.887641501945298,-8.956430104787701,-9.082944043321186
ZMYM5,-10.126435625385957,-10.066172631446577,-10.354122909294619
ENSG00000275964,-11.863525201637316,-11.79289167964486,-13.032731194424088
ZMYM2,-8.230131362760266,-8.218990946424755,-8.319977837903888
GJA3,-9.714187247335628,-9.966328667089746,-9.658254605789766
CRYL1,-11.198584009197708,-11.298468636881298,-11.333679236719961
IFT88,-9.419852058943595,-9.5158694296274,-9.663682987050377
ENSG00000278291,-11.390393116703413,-11.226557782588092,-11.484997360590341
IL17D,-11.595602743977887,-11.666077917549872,-11.981646083775821
EEF1AKMT1,-11.007863971556702,-10.85042630300422,-10.842064951360896
XPO4,-8.471700458380614,-8.52290421552538,-8.715747560754787
LATS2,-10.067789966618365,-9.86157500212781,-10.423928681601732
SAP18,-8.696993551722976,-8.789352951142943,-8.768841660583814
SKA3,-11.725103807275667,-12.43884431909789,-12.300828044009853
MRPL57,-9.215782954960776,-9.381078973258271,-9.242093931773356
ENSG00000291046,-12.14473375437274,-12.3835276349821,-12.150732311546513
ZDHHC20,-9.185084351090198,-9.16874542602919,-9.224973837902606
MICU2,-8.910900283410651,-8.791859339154032,-8.887707431319276
ENSG00000289860,-12.268313889826635,-12.89978221850836,-12.506497532039894
FGF9,-10.944666618007991,-11.10785576485425,-10.721496542993785
LINC00621,-12.583294337003133,-11.920955116126994,-11.961160646191855
SACS,-9.293140762311735,-9.51132722635416,-9.484138070154629
LINC00327,-12.127154964909701,-12.66480499610953,-12.52506786426874
TNFRSF19,-7.898537450073604,-8.696259573236656,-8.492109439276836
MIPEP,-10.32755476251718,-10.468435643682747,-10.269686461957095
SPATA13,-9.373175509426632,-9.837512051325422,-9.291741510909516
PARP4,-9.850339943507764,-9.96267018771339,-9.999076359468711
CENPJ,-10.445411376830924,-10.771323047168002,-10.664572338971839
ENSG00000291041,-11.924212733934306,-12.165266328831173,-12.063692228703651
MTMR6,-10.350338983163729,-10.53500213873013,-10.47246773445254
NUP58,-9.47852360882509,-9.619193730193963,-9.60743013400767
ATP8A2,-11.363590773001313,-11.654408889281283,-11.82763292966856
SHISA2,-12.712815464438428,-12.50990936244143,-12.48665133730243
RNF6,-10.729606435152323,-10.698430947337933,-10.668727665720551
CDK8,-9.097377310558256,-9.031112284821377,-9.081448147349528
WASF3,-9.67737469492846,-9.658360584079013,-9.552595532610727
USP12,-9.729541500965226,-9.680331431215981,-9.82320027360998
LINC02340,-12.252840569245683,-12.983085701991188,-11.681769408967725
RPL21,-6.695899228869125,-6.907689262565361,-6.776023678532154
GTF3A,-9.383439333774557,-9.504401698579533,-9.510795815696977
MTIF3,-9.684881519901275,-9.735992955679619,-9.982162292744501
LNX2,-10.764327009452517,-10.84673751306908,-10.832175334835386
POLR1D,-9.271799907444311,-9.372706314123807,-9.191994748484069
PAN3,-8.52123876754863,-8.486064025836235,-8.708840093530041
FLT1,-10.248183454413558,-10.32207163660402,-10.825115003576757
POMP,-8.802172975160058,-8.899816025127993,-8.881479542804861
SLC46A3,-12.220531742114026,-12.149082853085757,-11.696882923505937
MTUS2,-7.500927134170076,-7.657116534711045,-7.795885661331337
SLC7A1,-10.285048596482621,-10.410415487319476,-10.504462572027968
UBL3,-9.613302444250381,-9.580678247179517,-9.654765102199708
KATNAL1,-10.04013292483313,-10.124192474738544,-10.252299538110107
HMGB1,-7.145016207656694,-7.287191363677753,-7.310346695204665
USPL1,-10.180808848771237,-10.148472760923465,-10.25571147310216
HSPH1,-8.843287782243639,-9.120020117180273,-9.093013775804963
B3GLCT,-10.57741199532931,-10.603658995722402,-10.799481350874045
FRY,-9.398675294564843,-9.674645138027177,-10.060546577054604
BRCA2,-10.490567893129633,-11.30993852176868,-11.092903679382836
N4BP2L1,-12.075169801676896,-12.048572308562912,-11.984569806180984
N4BP2L2,-8.285826968224187,-8.218628419356547,-8.384166425556316
N4BP2L2-IT2,-12.443939933699992,-12.312318574576219,-12.490236963437523
PDS5B,-8.671727951917152,-8.692571511589591,-8.901254854400678
STARD13,-9.368836197957132,-9.272753386048993,-9.514714727035491
STARD13-AS,-12.93440546868942,-12.843942578344373,-12.928508727799695
ENSG00000230490,-12.312480947762568,-12.80306539159285,-12.593205635722994
RFC3,-9.361366481595725,-9.711494864639809,-9.750170075241902
ENSG00000276672,-12.46052763230214,-12.879289399890649,-12.929294378393346
NBEA,-8.329179509775834,-8.363040625116753,-8.354052012134302
SOHLH2,-11.852737903225615,-12.309990715428036,-11.814249742154281
CCDC169,-11.799443433555863,-11.445985373503973,-11.09760128778865
SPART,-9.838182805088802,-9.73108625603871,-9.692629436903564
SPART-AS1,-11.995097621201502,-12.37604262081788,-12.461870247248237
RFXAP,-10.643469801618313,-10.722533898823063,-10.696738378110402
SMAD9,-9.122114010348342,-8.985671931283404,-9.171454535637308
SMAD9-IT1,-12.829164008985158,-12.691262121799623,-12.985855514952968
ALG5,-10.072546186184336,-10.11467231304802,-10.17708814248775
EXOSC8,-9.512767533813381,-9.813480752161002,-9.635783171603082
SUPT20H,-9.43492022435535,-9.451132388611068,-9.481165365896695
POSTN,-10.766434402333537,-10.11652467451093,-10.06543784994974
TRPC4,-11.083350535616447,-12.742401105118812,-11.922783148712504
LINC00571,-10.677483852518595,-10.910555940396963,-10.895258467736195
UFM1,-9.534403683038988,-9.57033642917715,-9.587777123667044
FREM2,-8.384184277602204,-9.089433664080453,-8.47712795209361
PROSER1,-11.128793653005662,-11.12764532239935,-11.223130105493569
NHLRC3,-10.420468728497385,-10.436918746093575,-10.51660467201303
ENSG00000273507,-13.238931735103831,-13.084141401471225,-13.108832042156031
LHFPL6,-9.56236827375965,-9.570283734746894,-10.053896885660397
COG6,-9.401858440313223,-9.374640189606566,-9.401728648353036
LINC00598,-11.814917101458063,-11.301965130808176,-12.045587907543466
FOXO1,-9.925757922389977,-9.807974566142626,-10.252874144737522
MRPS31,-9.558128218856504,-9.571046028808848,-9.445961209060135
SLC25A15,-11.518271764457266,-11.609497000427666,-11.67475357834238
ENSG00000290476,-11.846196365587762,-11.658218539852196,-11.642695096256608
ELF1,-9.395086397329875,-9.35167722671974,-9.570984577669803
WBP4,-9.820523338109869,-9.917042520402662,-9.949869070357492
KBTBD6,-11.488052231445627,-11.52130970068344,-11.655123368743
ENSG00000278390,-11.714453111497196,-11.60592642117072,-11.630470488044363
KBTBD7,-11.109370615050752,-11.166054387259944,-11.09610383142718
MTRF1,-11.097318271062253,-11.060658528670617,-11.185852396356237
NAA16,-9.645730905060145,-9.712966350629179,-9.710613660789454
VWA8,-8.444815575000863,-8.467412950873777,-8.471320755029145
DGKH,-8.7308946003188,-9.084690622472666,-9.052143123457121
AKAP11,-9.718097017776802,-9.736217354399548,-9.774375014671088
EPSTI1,-10.349392161200608,-10.70332520582002,-10.842245348327845
DNAJC15,-9.522437448180245,-8.796789828606126,-8.908726516241352
ENOX1,-8.632365460041164,-8.623121809266044,-9.213588851475157
CCDC122,-10.205131713883894,-10.164710101506984,-10.061417096696355
LACC1,-11.624247017807926,-11.688583597775803,-12.128467884916759
SMIM2-AS1,-12.081475768109257,-12.705535896934485,-11.769560296687352
SERP2,-12.137103339667465,-12.094719135421412,-11.889412514833301
TSC22D1,-7.8223071724755355,-8.041049951497298,-8.008190617179217
NUFIP1,-10.333762555398073,-10.459524271374407,-10.402980695554344
ENSG00000223732,-12.822625065223729,-12.83413814322296,-12.773650162305083
GPALPP1,-9.818670103146335,-9.82153257134992,-9.899819746707257
GTF2F2,-9.316467322829794,-9.387960731544094,-9.378505503718639
TPT1,-5.797030678349086,-5.878240706743357,-5.910896351492016
TPT1-AS1,-9.946441963422753,-9.95868317550678,-10.000890887170286
SLC25A30,-12.025143760231364,-11.92888519270714,-12.134057632292
COG3,-10.230957916692038,-10.207709656976048,-10.313711736951984
ZC3H13,-8.449686065550614,-8.490198416490575,-8.574833861694733
CPB2-AS1,-13.008374882732225,-13.06146403964816,-12.928643271686306
LCP1,-12.212952056456523,-12.065132553788068,-11.631163422465493
LRRC63,-11.683376543516625,-10.787543295336656,-10.643508744205356
LRCH1,-9.655646160350605,-9.767677798897319,-9.76708202823807
ESD,-8.879104411593438,-8.976233714984115,-8.831091236840733
SUCLA2,-9.118327952855724,-9.172984471709643,-9.074583912281463
NUDT15,-10.857196236910143,-11.054818463172957,-11.218318352242918
MED4,-9.339094177612575,-9.348664352049742,-9.413081957605304
ITM2B,-8.192106885491631,-8.178738749270495,-8.33863166708269
RB1,-8.926517574979954,-9.00864765289074,-9.155096862752423
LPAR6,-12.337436159456264,-12.393326506986167,-12.128648856258772
RCBTB2,-10.637018750477354,-10.584367292452754,-10.67766451195781
CYSLTR2,-11.067832470370798,-10.819300646805216,-13.037288439782749
FNDC3A,-8.46899585077971,-8.509852959096856,-8.535531167578252
CDADC1,-11.214646154101967,-11.098744206066774,-11.18702676212581
CAB39L,-9.375250763735686,-9.688819653022957,-9.958878840477235
SETDB2,-10.339420949486158,-10.3131597603227,-10.446101654784945
PHF11,-11.545584720448602,-11.583167759730669,-11.474209192268827
RCBTB1,-10.659147894083173,-10.721203860263369,-10.888654217982847
EBPL,-9.33050457767863,-9.540480997772487,-9.37259173244682
KPNA3,-8.744653735343611,-8.78315015923703,-8.850858777478527
SPRYD7,-10.49932102261104,-10.586023769947243,-10.556087406516143
DLEU2,-9.917826364160602,-10.113112856467165,-10.454566177045713
TRIM13,-10.219242059504326,-10.206714058336699,-10.323533268832119
DLEU1,-9.793114176761069,-10.061964913864,-8.343245371883407
DLEU7,-12.576241652684235,-12.368448312470832,-11.928073626007276
RNASEH2B,-9.80531607794881,-10.549437488199658,-10.51869527086631
INTS6,-9.378115952672522,-9.368633707711982,-9.451876263276858
INTS6-AS1,-11.8836678343266,-11.930801276999496,-11.847985753868977
WDFY2,-9.654625033017274,-9.808248647940337,-9.805146387584351
DHRS12,-11.5244198898475,-11.491005945578491,-11.490820944400435
ATP7B,-11.303077983999824,-11.352223551436932,-11.365203134884599
ALG11,-10.521076201227835,-10.470939740448607,-10.535838272310635
NEK3,-10.523447638423384,-11.022113270329827,-11.137818554427337
MRPS31P5,-10.917586589829659,-11.141212163602294,-11.043205725583201
VPS36,-9.4895365580102,-9.431642101364707,-9.680396450185798
CKAP2-DT,-12.716681107806446,-13.044861609856797,-12.965688455415782
CKAP2,-9.38983108135808,-9.786565493400577,-9.666397793044654
ENSG00000290856,-11.171420435537588,-11.150465511189884,-11.25346378147079
SUGT1,-9.01606722791744,-9.077662363982038,-9.156433800946653
ENSG00000288765,-11.054021574107042,-11.277239442471517,-12.365704826145885
PCDH17,-9.983653328639003,-10.309462791897813,-11.522855158549111
DIAPH3,-8.439633377617465,-8.894333088883046,-9.669143006901319
TDRD3,-8.883798639760494,-8.852554670322363,-9.072837347529372
PCDH20,-10.461135007244398,-10.94424910805468,-10.790353032754677
PCDH9,-9.330354760149316,-9.191046732807719,-10.22606285765074
DACH1,-8.316887132021977,-9.208368132826378,-8.604327446063627
MZT1,-10.256841904325167,-10.447750549932865,-10.499675866445228
BORA,-11.650380485248217,-11.882988387512857,-11.892303999903952
DIS3,-9.707887290495176,-9.809737315144858,-9.835758237022267
PIBF1,-8.748616640143744,-8.817095927538446,-8.841508295042871
KLF12,-8.113899062580712,-8.06654338981065,-8.365086727113583
TBC1D4,-8.513922894570118,-8.690067811538285,-8.840344412305491
COMMD6,-8.356439622630791,-8.361282182004116,-8.135913362979565
UCHL3,-9.920812303819293,-10.062203625110369,-9.956122328984359
LMO7,-8.220487355621701,-8.2683875404639,-8.639645177077817
KCTD12,-8.611514482781049,-8.973965120652458,-8.946693896086565
CLN5,-10.795180074017532,-10.740419605586174,-10.890363050068139
FBXL3,-10.500441004322767,-10.483631470978947,-10.645093904153482
MYCBP2-AS1,-12.383327461684532,-12.236471454663356,-12.38223582881128
MYCBP2,-9.076534164431706,-8.887479637605889,-9.05630759573797
SLAIN1,-10.853711757520301,-10.917796897412071,-10.83362523392138
OBI1,-9.884420827457394,-9.779885792334403,-9.94300492136671
RBM26,-8.613452073325384,-8.63556091447643,-8.699068335076346
RBM26-AS1,-12.015214422647785,-12.224839063116281,-12.262169236430454
NDFIP2,-9.916931641252802,-9.904591569277343,-9.986608915192619
SPRY2,-9.945138176926852,-9.888930386010685,-10.311519716618848
MIR17HG,-11.420665310069916,-11.548420039477756,-11.454581851257174
GPC5,-8.999148010105827,-9.556950208052646,-9.99110507211833
GPC6,-6.870369377719329,-7.161399737807276,-7.478808742074944
TGDS,-10.808720324246567,-10.956550077613986,-10.893511815064029
GPR180,-10.61378905215938,-10.641906038999975,-10.78962692642761
ABCC4,-11.577877788072099,-11.614128649096061,-11.741827107835077
DZIP1,-10.101479159761457,-10.160856976998593,-10.594962457419722
DNAJC3-DT,-11.463382472274002,-11.448451923788427,-11.514308053529247
DNAJC3,-9.56547257632662,-9.48082085530161,-9.648483092683666
UGGT2,-9.370297073706809,-8.677028347189022,-8.723085923440344
HS6ST3,-12.14502578566508,-11.520422567448161,-11.140652325115882
MBNL2,-9.280602162063223,-9.220860203931535,-9.716747278948421
ENSG00000286416,-12.167260857441722,-12.202799718651434,-12.060479265734198
RAP2A,-10.142610682544275,-10.144809628447033,-10.236209875241059
IPO5,-8.834734147927541,-8.981708107137269,-8.980752514350984
FARP1,-9.184276896571967,-9.036329497943965,-9.331942296037795
STK24,-9.266628881723493,-9.150612183709564,-9.313054784608017
DOCK9,-8.665852801861565,-8.856781867131598,-9.013673666741274
UBAC2,-8.997841848718094,-9.053548643208627,-9.071385024607602
GPR183,-10.68898847007798,-10.364214895200286,-11.061336260719607
TM9SF2,-9.06507015842882,-8.988660027738412,-9.147422036326086
CLYBL,-10.55855427760033,-10.23510248511254,-10.357882111168763
PCCA-DT,-10.986244901472665,-10.91369297150826,-10.795748523169415
PCCA,-8.515895678333662,-8.550788118956714,-8.656560288428576
TMTC4,-10.282751139644493,-10.363062956093927,-10.335203259834769
FGF14,-12.535428787650037,-12.081686371818238,-12.815003953481632
FGF14-AS2,-11.85949558812149,-12.234199833036183,-11.908800677006115
TPP2,-9.415732464082028,-9.483679869220607,-9.486753744523007
TEX30,-11.955146716964702,-12.23661858062683,-11.876308986973577
POGLUT2,-11.029730015557853,-11.116166940709514,-11.098737176149081
BIVM,-10.533772151999376,-10.568478251477307,-10.60802885442624
ERCC5,-10.220534352850468,-10.118599172132802,-10.322408271215561
EFNB2,-9.996077639764714,-10.071374629490347,-10.90261486031418
ARGLU1,-8.084376141111184,-8.056556907392252,-8.098164944728989
NALF1,-8.732720000174833,-9.02294397173916,-9.63665944837186
LIG4,-10.93025433116411,-10.707429926982163,-10.818803393470505
ABHD13,-10.247290660400747,-10.156363811995517,-10.114497260930047
TNFSF13B,-11.226585982749606,-11.182810789852356,-11.180674871941342
ENSG00000289901,-7.61215526884749,-7.609250311034486,-7.727911821132302
IRS2,-10.493522304005715,-10.194688991856736,-10.83102368451302
ENSG00000275741,-12.638022214976965,-12.816022822416786,-12.880945140023249
COL4A1,-8.440382354227044,-8.713264082228473,-8.840249709164729
COL4A2,-8.187925018238962,-8.609369242986501,-8.525248646825881
RAB20,-11.90333641727554,-12.438251758387771,-11.989276193786614
NAXD,-11.193546566131419,-11.266091491480841,-11.219284500948199
CARS2,-9.989331119351771,-10.10760496702714,-10.1279439859458
ING1,-11.35190298283885,-11.364462204416258,-11.425025404117656
ANKRD10,-8.964216058459824,-8.99493169381253,-9.138023906220562
ANKRD10-IT1,-11.878671368477244,-11.932143002458572,-12.061056325109325
ARHGEF7,-9.540478383752058,-9.687771886105402,-9.64079445447497
TUBGCP3,-9.997753561179197,-10.031362502375389,-10.108847475482566
ATP11A,-8.629634596128565,-8.584939161971375,-8.751614385451662
MCF2L,-10.942681161406146,-11.13678951589655,-11.014824774575043
PCID2,-10.098274737488635,-10.229104046021604,-10.059728937561573
CUL4A,-9.347523247748054,-9.477567211668424,-9.26204595657699
LAMP1,-9.746077625576328,-9.771500223838432,-10.01469467432023
GRTP1,-11.457419842198448,-11.575911532827153,-11.83347043878813
ADPRHL1,-10.516771956038989,-10.21833056053692,-10.314855163639116
DCUN1D2,-10.253356327248474,-10.26952276305009,-10.417402135271736
TMCO3,-10.130822802320031,-10.122088941557358,-10.19814038924649
ENSG00000276248,-12.902271445525626,-12.882557638939444,-13.16287678856523
TFDP1,-10.085471650982717,-10.237494437845722,-10.31798984070896
GAS6,-10.005019726346765,-10.302940575180271,-10.214083036751166
RASA3,-10.68739643699997,-10.841468630474237,-10.741100541761423
CDC16,-9.476834159308668,-9.50847391716945,-9.473212751403283
UPF3A,-8.269978333978463,-8.2253113094753,-8.315714288732075
CHAMP1,-10.133663195074043,-10.176844526807951,-10.191955818815119
TTC5,-10.893781680063762,-10.900042695781286,-11.044931020375556
CCNB1IP1,-8.844999504468154,-8.74183933946945,-8.70560272080261
PARP2,-10.692575224533812,-10.750109645176819,-10.755783864844453
TEP1,-11.77354790752741,-12.035830370866714,-11.937692005883667
OSGEP,-10.53838092685727,-10.631877019880463,-10.670951036374417
APEX1,-8.400574890145824,-8.621376675904218,-8.565064784171833
PIP4P1,-11.28222706575682,-11.23614322020752,-11.239113835991091
PNP,-12.085998023525493,-12.3114200013407,-12.047873401004228
METTL17,-10.554599094769303,-10.582052740737025,-10.686752371616038
NDRG2,-9.6456065503422,-9.646143056451379,-9.668610181895833
ARHGEF40,-11.433354205851614,-11.322993529697994,-11.679893967898883
ZNF219,-10.855160150199822,-10.846051114601247,-11.090088612560212
LINC00641,-11.778143146629446,-11.838109048711425,-11.674465093019876
HNRNPC,-7.397679817393325,-7.539465663422651,-7.517970831833579
SUPT16H,-8.526837026124216,-8.73243329506301,-8.697732427476595
CHD8,-9.285311414706197,-9.255795403217201,-9.447046419427718
RAB2B,-10.601330647536818,-10.547553179300763,-10.699811026134233
TOX4,-9.817653255875719,-9.869193250485356,-9.942017719101498
METTL3,-10.84456263945484,-10.880442405181704,-10.867528598702181
SALL2,-11.543206936059132,-11.499305915124625,-11.680988971365323
DAD1,-9.271174770024109,-9.322248433562015,-9.353046543251242
ABHD4,-11.346050268065536,-11.551919802445992,-11.6889671576622
OXA1L-DT,-12.748197951343633,-12.894685601385676,-13.078592148513781
OXA1L,-9.790713505822987,-9.883639534444612,-9.827546372186742
MRPL52,-9.450317679883732,-9.53446278992317,-9.560829214110807
MMP14,-12.594249245120592,-12.329049494194116,-12.58967732250707
LRP10,-10.593586147947715,-10.375120469005767,-10.784630158113728
RBM23,-10.36503095393552,-10.343940196846978,-10.457129544847824
PRMT5,-10.54099402550594,-10.65493284729602,-10.65028604296873
HAUS4,-10.845009386666552,-11.08139513050211,-10.963785274924996
AJUBA,-11.413528795544266,-11.312834795575704,-11.913951216865382
AJUBA-DT,-11.831613360409474,-11.76609334383279,-12.007691666022351
C14orf93,-12.406279714814914,-12.214843184892391,-12.500389862632474
PSMB5,-8.705871257418277,-8.869992810523902,-8.918602434613351
ACIN1,-8.848901275420735,-8.939357128376711,-8.982041454224131
C14orf119,-10.040780032925191,-10.099202155522132,-10.040715008353082
SLC7A8,-11.63255343965381,-11.901890250775883,-11.360248753749229
HOMEZ,-11.53362263996765,-11.626966425298239,-11.481005696558569
PPP1R3E,-11.681914275065287,-11.666347152748985,-11.545956948114384
BCL2L2,-11.502703578211378,-11.542347925224155,-11.60123719965583
PABPN1,-8.185648678709873,-8.21568794621603,-8.276152772808432
SLC22A17,-11.637852756256502,-11.216250979546976,-11.70398581317338
EFS,-12.628609999459378,-12.394636785303433,-12.470945472480508
MYH6,-5.469074895415007,-5.399705293706182,-5.5998815085970435
ENSG00000289973,-8.057624962796783,-7.81613367832679,-8.152592038882526
MYH7,-8.294349076755216,-8.501719562623505,-9.879852970072891
NGDN,-10.588464191646805,-10.635375107673005,-10.599095194892987
ZFHX2,-11.877486739469646,-11.682639222963457,-11.853579403178017
AP1G2,-11.957001200160448,-11.937398741452922,-11.900224926167468
DHRS4-AS1,-11.42165711604932,-11.67608957198433,-11.44333716728879
DHRS4,-11.840512488112724,-12.567868406914856,-12.280593715816972
DHRS4L2,-11.309397172290437,-11.64958389892393,-11.548511793604836
ENSG00000286931,-13.12999767997647,-13.015210846367383,-13.096292251126046
NRL,-12.848155468538938,-13.168841070083614,-12.86990326073446
PCK2,-12.50014294298847,-12.690957140997748,-12.255040888634719
DCAF11,-10.35683086402865,-10.534260525466506,-10.368279634602118
FITM1,-9.350354153123154,-9.869124875741688,-9.171653258472357
PSME1,-8.899158294223627,-8.980478673982088,-8.850917325377992
EMC9,-10.75390523600298,-11.322192161137592,-10.889216346616584
PSME2,-9.66062645737492,-9.843877685718994,-9.607752717452211
RNF31,-11.831490475815269,-11.742488175493,-11.83266236374935
IRF9,-12.226109295188886,-12.529966340402188,-12.001116138647882
REC8,-12.515051128399014,-12.532692212499985,-11.572121854597567
IPO4,-11.933425522925987,-12.144919077604134,-12.207174191106526
TM9SF1,-10.73790695037494,-10.78884227424249,-10.847867735857365
CHMP4A,-10.443218202987953,-10.52789201763959,-10.615672830087231
MDP1,-10.701822865719132,-10.889458759196836,-10.724602619762504
NEDD8,-8.77526248835006,-8.834728430906141,-8.838206153311079
GMPR2,-10.799076111695152,-10.879907309419432,-10.928919843461463
TINF2,-11.813470061269191,-11.833581873520968,-11.959592525757937
RABGGTA,-12.367965949964601,-12.448144429246867,-12.3712007971262
ENSG00000288044,-11.506142225168626,-11.691753459467396,-11.726359025041036
DHRS1,-11.208238230681866,-11.355963746904619,-11.296191710935895
NOP9,-12.65759454661069,-12.69084372431834,-12.77898233489617
NFATC4,-12.16842978806031,-12.264795513651666,-12.279548025730717
NYNRIN,-11.13073878889481,-11.16022551162441,-11.273671066712
KHNYN,-11.518099516045936,-11.47154141607026,-11.60739905627722
SDR39U1,-10.557979565912511,-10.436575540113314,-10.550977540044883
STXBP6,-10.273689068968524,-10.372540870643101,-11.094598455046283
NOVA1,-9.090133240186395,-9.083523815147576,-9.33188592201182
PRKD1,-8.79182853144424,-8.73761403642689,-8.778167147009274
G2E3,-9.798302467456207,-9.967371081983227,-9.899354930434331
SCFD1,-8.644799637078744,-8.601392449358478,-8.757009497709323
STRN3,-8.595272313539985,-8.568179034466175,-8.728859795744832
AP4S1,-10.741926024502115,-10.805133921981929,-10.933499121533544
HECTD1,-8.65366750269717,-8.677344590317695,-8.743472771830405
HEATR5A,-10.071092780429547,-10.124989864526755,-10.04965439824588
DTD2,-10.972289068043096,-11.093693760683916,-10.943039946133224
NUBPL,-9.05519360817854,-9.035887196936818,-9.160138131222803
ARHGAP5-AS1,-11.858136382042238,-11.693132572058557,-11.77779487709141
ARHGAP5,-8.08263979349818,-8.155119248278542,-8.173558612785024
AKAP6,-8.932558536494014,-9.028660352124904,-9.29278088473902
NPAS3,-9.92914331336669,-10.239209413864243,-9.718950162290446
EGLN3,-10.769857500475245,-11.038918002887696,-10.425112116662813
SPTSSA,-9.891735417730999,-9.915474901636218,-9.936087919332648
EAPP,-9.588318557859207,-9.716018116376755,-9.77678294688951
SNX6,-8.639087021102407,-8.752219299158021,-8.690626318520689
CFL2,-9.024326915926686,-9.117225346604563,-9.296554396905815
BAZ1A,-9.51957867650136,-9.6882961573007,-9.645586936796548
BAZ1A-AS1,-12.636491728138001,-12.961247478100477,-12.97134555301914
SRP54,-9.136655138239728,-9.19594137213102,-9.202609519953326
FAM177A1,-9.613394746800942,-9.650197062448656,-9.722750341965245
PPP2R3C,-10.097956938596857,-10.269952417226069,-10.553085815580632
PRORP,-9.790928877348104,-9.79548035626155,-9.936149970921575
PSMA6,-8.650908625946052,-8.769492453487711,-8.788712509307427
NFKBIA,-10.18519628619519,-10.094850831678455,-10.173036405732809
RALGAPA1,-8.691580247296347,-8.670024536484421,-8.816230499895191
BRMS1L,-10.154299136452675,-10.17477920820595,-10.368149824682726
MBIP,-9.94576747524598,-10.02799266092878,-9.996700898565381
ENSG00000283098,-12.99272312974039,-13.170691166216171,-12.221515422164714
SLC25A21,-9.573513982256607,-9.650877114169033,-9.971831866248317
SLC25A21-AS1,-12.41223367198586,-12.635275701234043,-12.531804769151966
MIPOL1,-9.309376668794254,-9.222262798388678,-9.2109702203853
SEC23A,-9.448274171663982,-9.336224231803152,-9.495019639564747
GEMIN2,-11.026562288030616,-11.14738973117719,-11.07214881741418
TRAPPC6B,-10.147556698715803,-10.102514763008386,-10.269735105500777
PNN,-8.169841151156593,-8.236885931860037,-8.28780627380352
MIA2,-9.89787822783093,-9.822732154249586,-9.921279116568867
FBXO33,-10.187802667492495,-10.239254786146782,-10.550220029146884
ENSG00000258526,-8.488266374872971,-8.38108518262674,-9.041210138781066
LINC02315,-9.105147188395323,-7.974015840409694,-7.311972025089565
LRFN5-DT,-11.350513780545306,-11.368856097398126,-11.583205876748192
LRFN5,-9.684492725363,-9.412856955597956,-10.37050193543673
ENSG00000258394,-12.310847000080107,-12.798521312035607,-12.14943259787986
C14orf28,-12.090974595750144,-11.834019144900951,-12.065676272806817
KLHL28,-10.301263371946328,-10.2581266851346,-10.44135712757384
TOGARAM1,-9.699360217546209,-9.483659023818598,-9.602651035227273
PRPF39,-9.925349838075743,-10.034791865769638,-10.041134543604334
FKBP3,-8.401433808726003,-8.534208108405222,-8.53442714089151
FANCM,-10.257482490157372,-10.43155613456353,-10.479853004667104
MIS18BP1,-9.631122929606043,-10.016148526263796,-10.005524551641372
MDGA2,-9.31247655722036,-10.120967943874952,-9.445213161065531
LINC00648,-10.207657420890182,-10.151816124273163,-10.279815008432307
RPS29,-7.020184305474011,-7.168617456820933,-7.074497819644903
LRR1,-11.069999451916537,-11.29668651942154,-10.984674133546163
RPL36AL,-8.543549479677838,-8.6079349247632,-8.56065902021742
MGAT2,-11.140875509585939,-11.174002195404604,-11.150560927411643
DNAAF2,-9.796598054865425,-9.954039645152163,-9.803674393352676
POLE2,-11.211824482404358,-11.559152989362772,-11.632844690859251
KLHDC1,-11.98966987496339,-11.528091661190665,-11.740180389613599
KLHDC2,-9.277517233413974,-9.338755207717767,-9.406688410449535
NEMF,-8.764511888699234,-8.724344995317983,-8.821907609777552
ENSG00000282885,-11.848253960991094,-11.827549725263886,-11.832730669890687
ARF6,-10.572204368847927,-10.708705138289757,-10.732240406514567
LINC01588,-12.217279099567381,-12.576452386028544,-12.304562451421685
VCPKMT,-10.98824101541251,-11.124511242740088,-11.16557216162583
SOS2,-9.200212404356007,-9.134517341882361,-9.295340663224588
L2HGDH,-10.726825109310663,-10.72820541665203,-10.674438324865465
DMAC2L,-9.963339400533584,-9.97435574849832,-10.340746872884898
CDKL1,-10.698321881112633,-10.811253511887568,-10.868428617575388
MAP4K5,-8.728219188105921,-8.853009250472605,-8.919769943438965
ATL1,-12.524704565670646,-12.446221272448007,-12.433059887213116
SAV1,-10.182786480928119,-10.233006531481806,-10.347424400134189
NIN,-9.480916987708925,-9.502650343264337,-9.56540613398227
PYGL,-10.537304095447297,-10.480011752491453,-10.482047274186915
TRIM9,-11.297863819406787,-10.863216081601776,-11.74764639575559
TMX1,-10.170993872146301,-10.202298904631201,-10.26268486865578
FRMD6-AS2,-12.223870043750646,-12.147427548043465,-12.526099042274
FRMD6,-10.350403845995631,-10.163592346961604,-10.667841142325575
GNG2,-12.269909221329725,-12.641610168293576,-11.516319352549212
RTRAF,-8.479030467432938,-8.653678121446772,-8.571114370595648
NID2,-8.414310147202425,-8.642343556521087,-8.388649396313445
TXNDC16,-10.730620316893358,-10.737293850721645,-10.831997919980902
GPR137C,-10.522166959617984,-10.364173796520147,-10.655595925467313
ERO1A,-10.096627094225449,-10.213350892090345,-9.995443328418949
ENSG00000258757,-13.057538171495358,-12.982607064029176,-12.791491449573854
PSMC6,-9.02647611709073,-9.046152015588927,-9.068743110301144
STYX,-10.4793977599169,-10.502113161645207,-10.630101509589208
GNPNAT1,-10.637404625178702,-10.76250581110061,-10.689035273733227
ENSG00000285664,-11.596886603262524,-11.467539219951583,-11.631643205973784
FERMT2,-8.449494623517573,-8.403232518596504,-8.53878750728495
DDHD1,-9.417160077756245,-9.480042328844469,-9.42910593874862
ENSG00000237356,-10.238475277183719,-9.80427535929671,-9.928307081604313
BMP4,-10.982462400743229,-10.648694052121614,-11.194264283477878
CDKN3,-11.016523941003763,-11.68757043363982,-11.37750928438926
CNIH1,-9.500501881040886,-9.538621227453563,-9.614303009155925
GMFB,-10.311653035460452,-10.358586922887149,-10.315729599704706
CGRRF1,-10.863791420881093,-10.807844402553162,-10.805014864079553
SAMD4A,-8.525014957986052,-8.387415934238723,-8.718960393236008
SAMD4A-AS1,-12.63364524454735,-12.58098206246841,-12.75863408189546
GCH1,-12.805035628809172,-12.890642437222425,-12.733471579881076
WDHD1,-10.570309462081424,-11.062781767801827,-10.93888620334106
SOCS4,-10.270394822355435,-10.260137625537208,-10.337315023447644
MAPK1IP1L,-9.10693412034711,-9.16481521406427,-9.23651533206124
LGALS3,-9.806108902161165,-10.470407432597636,-8.745401966090844
DLGAP5,-9.865931105252614,-10.738703293332682,-10.348246801565347
FBXO34,-9.737871372259601,-9.707477616143352,-9.854343581749948
ATG14,-9.860964727048966,-10.036397760523318,-10.086955109107079
KTN1-AS1,-10.468657368467174,-10.823290595904187,-10.723782097889428
KTN1,-7.240023714405241,-7.434096844914534,-7.474149834400427
PELI2,-10.422619072613513,-10.647600260210249,-10.711349120411157
TMEM260,-9.825203645389555,-9.81707869090578,-10.044585339663179
OTX2,-12.21334828764773,-11.912493112899426,-13.122460048946085
ENSG00000286257,-12.849652557123013,-11.860987346012807,-12.098481887013184
LINC03059,-12.526925844779655,-11.521166739294973,-11.199544274342015
EXOC5,-9.26776069046074,-9.353777138133715,-9.410838951938054
AP5M1,-9.868966635654557,-9.817205972880346,-9.944056411873666
NAA30,-10.417649767002906,-10.499024423049171,-10.571839598229484
ENSG00000259969,-11.259862516472518,-11.680330779194188,-11.059448360026039
ARMH4,-8.69127714704596,-8.859446510578502,-8.493547498238781
ACTR10,-9.25551391982845,-9.32801075042695,-9.341099151120671
PSMA3,-8.961086844278965,-9.162723546957398,-9.028158752018951
PSMA3-AS1,-9.869374828485794,-9.842421403214324,-10.193246115939552
ARID4A,-9.604004308363741,-9.617159466637672,-9.71476282866349
ENSG00000258378,-12.869112081498223,-12.905740158092625,-12.936571636793596
TIMM9,-9.841722510584537,-9.999068926895179,-9.87548888139684
KIAA0586,-9.68948805805586,-9.816044914128298,-9.851497592498736
DACT1,-9.749012643827877,-9.867112912369914,-9.770037157609625
LINC01500,-11.504887210359126,-11.532592303768892,-11.357385021212258
DAAM1,-8.082493909034689,-8.278476352009982,-8.213337635024544
GPR135,-10.443682633046485,-10.380582567334384,-10.311463755674307
L3HYPDH,-11.00584491570949,-11.000476141492165,-10.92136134625562
JKAMP,-9.85278817399682,-9.95185756703463,-10.024272648089754
RTN1,-11.831525530373744,-12.148683400843819,-12.010759225457898
LRRC9,-12.679716274871568,-12.442945702407163,-11.957605863382486
PCNX4-DT,-10.89273864967848,-11.041938671743763,-11.083476566981703
PCNX4,-9.102818228760063,-8.965000818712214,-9.142063813251651
DHRS7,-10.694414794838922,-10.688252724969674,-10.524219319363777
PPM1A,-10.02835288752562,-9.96551902056089,-9.997816732362944
C14orf39,-11.326012501093725,-11.26331017493926,-11.00739455487452
SIX4,-11.607519681770986,-11.618011430833317,-11.659993784025017
MNAT1,-8.63601063840983,-8.677933985114235,-8.690464503630295
TRMT5,-10.910923194228525,-10.889502986462123,-10.862434994340804
SLC38A6,-10.798027191657251,-10.598953196015204,-10.702614641673636
PRKCH,-9.301335854103673,-9.692882514953393,-9.426648655209368
PRKCH-AS1,-12.752899825763198,-13.191686123026429,-12.379939287786998
LINC03033,-12.52050173041328,-12.963631675136837,-12.463452090274005
HIF1A,-8.33154075390445,-8.54045482817084,-8.509917177441089
HIF1A-AS3,-12.377310115202977,-10.903184723053299,-9.310876487755225
ENSG00000288928,-12.278364553175464,-12.433251845362213,-12.439530677174558
SNAPC1,-10.144121125820373,-10.058976636739512,-9.830152605202843
SYT16,-12.36565641432384,-12.597894779460367,-12.441075189296434
KCNH5,-12.165144939927085,-11.738042200426076,-12.284571265068392
PPP2R5E,-9.061351207782003,-9.122457071405012,-9.132360315111013
WDR89,-10.89758214005472,-10.948904295441732,-10.87651562212821
ENSG00000274015,-12.232933067288707,-12.263972670520767,-12.633815564448746
SGPP1,-10.985838011286962,-10.992544596007033,-10.992514695715936
SYNE2,-7.462827641989626,-7.85817588088578,-7.512169306516386
ESR2,-11.30106532243855,-11.562419069129128,-11.2135799785463
MTHFD1,-10.543140791484799,-10.58460239961425,-10.644564768138823
ENSG00000258824,-11.821518446344832,-11.653031685671412,-11.897613481871423
ZBTB25,-11.037056584552996,-11.034348967815278,-11.040696333962776
AKAP5,-12.376538675806286,-12.286134699380884,-12.494205314304292
ZBTB1,-9.675570293062487,-9.667009757745394,-9.85237082752518
PLEKHG3,-11.326957312148677,-11.43269835176635,-11.438243953802282
SPTB,-11.401753786743486,-11.29966960497867,-11.587310723965784
CHURC1,-9.413855875462191,-9.429549847393606,-9.506769309608135
RAB15,-12.488933156081481,-12.45699086161477,-12.815375642466734
FNTB,-10.283914694620938,-10.376732199180198,-10.311389099242707
MAX,-9.83744026671894,-9.86083756074763,-9.928549915232125
FUT8,-9.620795377951318,-9.66218694768697,-9.84160367890297
ENSG00000258561,-10.81766605708042,-11.21314529551873,-10.9902951095302
GPHN,-8.332493414652665,-8.345837514142527,-8.412758325732174
PALS1,-9.682742082237368,-9.557555217633041,-9.809080465248984
ATP6V1D,-9.301263676377163,-9.327801201944315,-9.401617475324835
EIF2S1,-9.64144902918281,-9.77282719170199,-9.799281602816691
PLEKHH1,-11.05935916367147,-11.268123930668667,-11.029517947119505
PIGH,-11.509307672451454,-11.461038909176722,-11.540476509049075
ARG2,-11.97215524624805,-11.688874259304308,-11.899542434605921
VTI1B,-9.706783441314679,-9.661926671257742,-9.805549488968461
RDH11,-10.051920948505241,-10.04399526573684,-10.248942651028939
ZFYVE26,-10.796486758123706,-10.860337937468945,-11.113518140151676
RAD51B,-8.780996517286122,-8.742565171408094,-8.751601905211587
ZFP36L1,-8.495084262015437,-8.561935654185488,-8.528774435766225
ACTN1,-9.216509771327296,-9.258786825841662,-9.725195608001464
DCAF5,-9.23642198989755,-9.315458297326565,-9.343439282500208
GALNT16-AS1,-13.074213280992081,-12.992549749268637,-13.140070962521579
EXD2,-10.7956473203441,-10.72892285053713,-10.82440433873747
GALNT16,-12.29862263282694,-12.921373891761373,-12.939296021300116
ERH,-8.345348875098933,-8.510539928006535,-8.478354091505153
SLC39A9,-10.409797976900819,-10.477320405119091,-10.767958948293165
SUSD6,-10.842530893495729,-11.000708353869852,-11.097847476053001
SRSF5,-8.433925810352688,-8.489743332251521,-8.454945440463737
SMOC1,-11.142336544642614,-10.783913471844254,-10.279488314385908
COX16,-9.402009325275316,-9.739227893940418,-9.38974498584628
SYNJ2BP,-9.827776339711383,-9.841074881060326,-9.855820059146607
ENSG00000257759,-12.160411443555844,-11.437528615790802,-12.361259971187978
MED6,-9.987544635953745,-10.007746417269878,-10.12776602897306
TTC9,-12.894262019167016,-13.294356938678996,-13.22851045901285
MAP3K9,-11.400117412085137,-11.432843706560103,-11.46778270195509
MAP3K9-DT,-12.460694976710384,-12.26697102463411,-12.321868191387939
PCNX1,-8.558136769646952,-8.57924625552439,-8.789187034474502
SIPA1L1,-7.911784642374829,-8.15089518181448,-8.4222773547004
RGS6,-10.583157402791723,-10.310069807011097,-11.42120566674427
DPF3,-8.308762208262813,-8.269738150153595,-8.33019037667173
DCAF4,-11.972783373030737,-12.020718701417435,-11.845490305223327
ZFYVE1,-11.107673733347623,-11.162678563504283,-11.268127531683357
RBM25,-8.196142745773816,-8.263178294842461,-8.325509248495242
PSEN1,-10.062531551612626,-10.03099282740549,-10.179287030100086
NUMB,-8.954964636418213,-8.941387129926047,-8.946018296958476
RIOX1,-11.927739297302328,-11.88097920950841,-11.825469882354229
ENSG00000258695,-13.233603321184553,-12.93709410842095,-12.95298349060875
ENSG00000258603,-11.920355882854047,-11.9073306897998,-11.72817261231906
ACOT2,-13.053039109091399,-12.244356730492287,-12.305499320012187
DNAL1,-10.862540761910642,-10.874858114460132,-10.871866312068853
PNMA1,-10.606624154222445,-10.687378148222034,-10.634104944596746
MIDEAS,-10.94912571260553,-10.813263477088995,-11.078204594861408
MIDEAS-AS1,-12.750103588123073,-12.531451943722145,-12.487445344373915
PTGR2,-11.162835100911613,-11.031189145286008,-10.96857021445027
ZNF410,-10.621128376748302,-10.643544967624843,-10.683673726700489
ENSG00000258891,-12.644105201313955,-12.477315958712571,-12.586014080453065
FAM161B,-12.309828486134856,-12.246669581100686,-12.42809943348742
COQ6,-10.974799980314994,-11.040951844201421,-11.083885598146738
ENTPD5,-11.437374119250002,-11.422209478873757,-11.427158879233584
BBOF1,-11.34029038167994,-11.285246454508465,-11.445966506441486
ALDH6A1,-9.757286591859812,-9.908811487653715,-9.848378154029245
LIN52,-10.10976613751998,-10.176749876082878,-10.489009111127078
ABCD4,-10.446860729002442,-10.531347826392068,-10.629229197539876
NPC2,-8.575648429576484,-8.707389405686044,-8.621932720431648
ISCA2,-10.104822466708956,-10.199439776750008,-10.12194659921854
LTBP2,-12.497326165993107,-12.58969187886436,-12.65632188154693
AREL1,-10.658714664072338,-10.653564042013127,-10.763810540045691
FCF1,-11.052984895632582,-11.1189643569354,-11.033244633760441
YLPM1,-9.164143983716551,-9.137560497685959,-9.249740492747542
DLST,-10.33503394788407,-10.417811563598885,-10.279422189247331
PGF,-11.987118251690402,-12.277557783500876,-12.117267168462421
EIF2B2,-10.910057582762997,-11.053671021259323,-11.086533741003214
MLH3,-10.280662863523231,-10.180756988641892,-10.126651323463616
ACYP1,-10.718024555183913,-10.784669852528785,-10.71393635800082
ZC2HC1C,-12.448016972135594,-12.354241557778332,-12.159144264777773
NEK9,-10.181912472244239,-10.213411377354324,-9.913061801942767
TMED10,-9.091826155129777,-9.00497119821063,-9.08809765485086
FOS,-9.338271872210854,-8.829887536307943,-9.455887632345215
JDP2,-11.46281677759765,-11.348290629863431,-11.67746856308936
FLVCR2,-12.228326107802232,-12.20166002860234,-12.314904014617275
TTLL5,-9.277543430149972,-9.08981589182342,-9.401950253449465
ERG28,-10.561087092445224,-10.564832035054918,-10.697944577098419
IFT43,-9.973024349893828,-9.980203837225007,-10.055459454547444
TGFB3,-12.098836733277633,-12.212658208273275,-12.38590012939143
GPATCH2L,-9.215574851294555,-9.271526199428388,-9.306833773860996
ESRRB,-11.388819662669475,-11.731722046831422,-11.256957066070433
ENSG00000259124,-13.203570863153697,-12.772758780219243,-12.797036149308228
VASH1-DT,-12.573399557824866,-12.32781741706753,-12.312773711321114
VASH1,-11.348767761424655,-11.452569824928947,-11.47765081651319
VASH1-AS1,-13.156326476836968,-13.157274432103165,-13.203626801969587
ANGEL1,-11.301791788379546,-11.29954988517195,-11.372704676071375
IRF2BPL,-9.98293827842401,-10.056018551155725,-10.21970687882424
CIPC,-11.370556587646403,-11.392377816156548,-11.25399992943368
POMT2,-11.303583440957114,-11.33222968741072,-11.48917085628175
GSTZ1,-10.907259245933595,-11.044382612250116,-11.178570738157703
TMED8,-10.675122776162521,-10.713861621766624,-10.7976736692022
SAMD15,-12.188480144023762,-12.153860001886352,-12.513537200311767
VIPAS39,-10.974823498921515,-11.076247732868039,-11.106641113717028
AHSA1,-9.718778312451265,-9.952897483465621,-9.788105276632518
SPTLC2,-10.091022647328714,-10.067356430906452,-10.069492053821627
ALKBH1,-10.832737090959276,-10.982626595119537,-11.108044584854337
SLIRP,-8.947739116217937,-9.146979959829496,-9.107863867833426
SNW1,-9.269211174361404,-9.284065900913559,-9.42482760559248
ADCK1,-11.289036831932489,-11.341318605071882,-11.696778936703987
NRXN3,-9.769961608467348,-9.823182332311514,-10.371361921618593
DIO2,-12.035365100847796,-12.266549560118932,-12.276385326994939
CEP128,-9.758062414113091,-10.265370098696405,-9.981724933577926
ENSG00000284959,-11.934535686074582,-12.191701870432157,-11.38375123812694
GTF2A1,-10.334321011394156,-10.381927814713466,-10.377989133968557
STON2,-11.6452731834729,-12.197748194444243,-11.822121806662803
SEL1L,-9.956806277313495,-9.854497107311243,-10.021840488263829
LINC02301,-12.920984978288251,-11.524192872141867,-10.54303971732363
FLRT2,-9.569854743996554,-9.729711300291806,-10.199134418263895
LINC02296,-13.085099925034323,-11.695346017725951,-12.941569898809506
GALC,-10.540980638509309,-10.52992306167801,-10.556199773578628
SPATA7,-9.91356087591591,-9.991148639577592,-9.911875227704904
PTPN21,-9.77253216205622,-9.755241453931404,-9.871892737302394
ZC3H14,-8.944838822492079,-8.98086720936567,-9.044167661868626
EML5,-12.441770417651432,-12.404097427159002,-12.356424963617842
TTC8,-10.289385159829441,-10.240176011375503,-10.305716448828102
FOXN3,-8.48058743441092,-8.623683005504791,-8.721044908748983
FOXN3-AS1,-12.520694224106345,-12.886297776424508,-12.41927855090585
EFCAB11,-10.045197825374133,-10.16398690607888,-10.211804619799382
TDP1,-10.792059079202685,-10.938344442591513,-10.874674303175654
PSMC1,-9.224408563238415,-9.344529327484208,-9.305443109202514
NRDE2,-10.744028468259637,-10.646182558377111,-10.954874350398164
CALM1,-8.762615459314617,-8.792833787079315,-8.822395625899242
TTC7B,-10.103228674001677,-10.0469788514056,-10.256408377030679
RPS6KA5,-9.616319371780193,-9.655605829103045,-9.574828005548506
DGLUCY,-9.988451162654693,-9.970986531099413,-9.912481682374473
CCDC88C,-13.267116838135793,-12.940868946278572,-13.140915980733412
PPP4R3A,-9.196653922263712,-9.28368483249039,-9.27878529890022
TRIP11,-9.08263870549747,-9.104296794956445,-9.135371390772105
ATXN3,-9.89919403413862,-9.826458050203215,-10.062163778022933
NDUFB1,-8.874756351852787,-9.005364295758381,-8.899111469874269
CPSF2,-9.805145309715263,-9.937792473964572,-9.955396656701529
RIN3,-11.579747245311381,-12.050238890322802,-11.986382758012589
LGMN,-9.629500856464519,-9.548048738592772,-9.531075178512724
GOLGA5,-10.17223714345864,-10.160859626018485,-10.222770253069113
ITPK1,-11.107544606127146,-11.173108965009181,-11.248326748831063
MOAP1,-10.31964267465424,-10.314645137666451,-10.369396778143116
LYSET,-11.051290997553913,-11.092197614145176,-11.027946680759701
GON7,-10.957527071219019,-11.191123473046776,-11.08128097638913
UBR7,-10.794347321084294,-10.97838345052216,-10.905904441153112
BTBD7,-9.161993605824254,-9.137080577963209,-9.214976000999076
UNC79,-10.346465215225983,-10.193484511560733,-10.170355782939144
ASB2,-9.709400288521474,-9.825076313233328,-9.782269541049498
OTUB2,-12.918989295179246,-12.759007664638755,-12.966379415710758
DDX24,-8.523750010893501,-8.57126843644869,-8.63132050886595
IFI27L1,-9.968494364531212,-9.959981706148975,-10.190075858852671
IFI27,-12.783555014740339,-12.528757355254516,-12.959382531686826
IFI27L2,-9.627841366439172,-9.554909709445498,-9.758874920683885
SERPINA1,-10.809208262468179,-11.200496681213009,-11.121698432873679
DICER1,-8.997875582458576,-9.01611713274141,-9.048627524969318
DICER1-AS1,-11.33392232757052,-11.341451118746955,-11.268108238541753
CLMN,-12.422060000864379,-12.447723489720495,-11.87744844820656
SNHG10,-11.977010158688682,-11.956420017920458,-12.118158882271036
GLRX5,-9.03112433601328,-9.236167164714681,-9.08905836033475
C14orf132,-12.121680726474596,-12.257060490717366,-12.408377838757369
ATG2B,-10.119636352338325,-10.117300033619946,-10.236356240758406
GSKIP,-10.790383344869106,-10.719211171082476,-10.829600056324443
AK7,-12.557264422018468,-12.333317518978484,-12.949103083734068
PAPOLA,-8.55684950616161,-8.610344529359812,-8.690968368983418
VRK1,-10.177081632163638,-10.545080250852449,-10.436625940459791
BCL11B,-12.187700402190654,-12.720408021813496,-12.078781633788195
SETD3,-9.581179375733475,-9.677367160456814,-9.654673056985484
CCNK,-9.540591660842479,-9.581802314004447,-9.635092125812665
CCDC85C,-10.853796128766232,-11.067964533999934,-11.0752154032107
CYP46A1,-10.549921002974227,-10.476579110496603,-10.76924731661835
EML1,-10.970761795504263,-11.130117321699753,-11.290551127956736
EVL,-9.314281968837268,-9.404084744102025,-9.570206194622756
YY1,-8.781785198122389,-8.922946534682971,-8.948857496200977
SLC25A29,-11.151470392436087,-10.766355727994052,-10.744513528178981
WARS1,-10.953245412062783,-10.9901779798431,-10.932745654806613
WDR25,-10.977174750962389,-11.009876744840192,-11.105876571887418
DLK1,-12.033714369259151,-12.041192410647215,-11.559912983636327
PPP2R5C,-9.042193288003991,-9.195921841135194,-9.276458382107077
DYNC1H1,-8.571549771949062,-8.690937485005659,-8.789521020975782
HSP90AA1,-6.760073096869541,-6.9595767277079235,-6.84449848179489
WDR20,-9.857618418912702,-9.878849285784758,-10.009552322663113
MOK,-10.528373064601954,-10.430103282447053,-10.560984434769118
ZNF839,-11.064956063281278,-11.13715383656806,-11.085932107864945
CINP,-10.924479556578076,-10.997413911126303,-10.93847690507752
TECPR2,-10.31337819612003,-10.297926548370132,-10.4333315750343
ANKRD9,-11.332800780164598,-11.350703656156245,-11.288243385736356
RCOR1,-9.523593697597939,-9.593710898333201,-9.609815842110622
TRAF3,-10.070557426048849,-10.172530210396678,-10.353116106765931
CDC42BPB,-9.223825796714738,-9.228861023368161,-9.336944347008599
EIF5,-8.549594782392711,-8.715566618845203,-8.685903663782993
MARK3,-8.962847473145041,-8.96401528987796,-9.088169768654717
CKB,-9.328339402134649,-9.362626448801509,-9.772838585484939
TRMT61A,-12.95040235827208,-13.123625547092912,-13.179541241067394
BAG5,-10.25376813584002,-10.251904671523208,-10.279747687308939
KLC1,-9.108485776779473,-9.09584734881203,-9.326230000958049
COA8,-10.123687538689627,-10.179164525802493,-10.218644641107286
KLC1-AS1,-12.590860475279033,-12.235260462949629,-12.699835385408003
XRCC3,-12.155441867215949,-12.266902482297064,-12.34256096462117
ZFYVE21,-10.26875052665216,-10.220340177257645,-10.33556948922067
PPP1R13B,-8.311858214156508,-8.314156742793065,-8.58855141833564
ATP5MJ,-8.589039194718056,-8.733097402682473,-8.570893211063126
KIF26A,-12.543519341528066,-12.7764587746443,-12.410498114697283
INF2,-11.863386931766712,-11.986673383542309,-12.058821465042463
ADSS1,-11.161756428584576,-11.250968976276019,-11.245775930155279
SIVA1,-9.583721970141877,-9.73684520416544,-9.770689111449752
AKT1,-10.426843458368781,-10.648570885504954,-10.632647333131262
CEP170B,-12.3814741005388,-12.737015424523936,-12.518139533754038
AHNAK2,-9.8870800539335,-10.832576178638675,-9.809369553968594
CLBA1,-12.112522245091341,-12.350017609540293,-12.262127805132938
CDCA4,-10.338876864108405,-11.072309316517455,-10.726813045817593
JAG2,-12.703698623514807,-12.730274242350053,-12.895124222109166
NUDT14,-10.869274914489772,-11.122700119370057,-10.765332902252847
BRF1,-11.102079128411633,-11.15552123513658,-11.275205813124884
BTBD6,-12.003492630604757,-12.048977013127065,-12.35358849367214
PACS2,-10.400099859812949,-10.431271365997324,-10.61120299903524
TEX22,-12.106915938611271,-12.434447135977834,-11.910114775629907
MTA1-DT,-11.78787635326843,-12.106264534060873,-11.924201138108979
MTA1,-10.258444541960847,-10.410263603060903,-10.45817049360519
CRIP2,-8.591759333629312,-8.832427603032691,-8.650226992335934
CRIP1,-9.42925538925872,-9.56160213221904,-8.631773601880875
TEDC1,-12.538481891284594,-12.9037315651367,-12.936561182849331
TMEM121,-12.224408975258672,-12.361986439978612,-12.232777610141557
HERC2P3,-8.816087761615142,-12.359132124172431,-9.391813444431008
ENSG00000291003,-10.559505402593674,-10.914279231175074,-11.833172723076745
ENSG00000290399,-11.588840090724728,-11.679474610933102,-11.58944389720855
ENSG00000290368,-13.215798184891204,-13.058486694628533,-12.371656419724642
ENSG00000274253,-11.86648021836095,-11.514138674654069,-11.42415705401786
NIPA1,-10.886665812403049,-10.744150839135076,-11.07039458774292
NIPA2,-10.075216282476983,-10.021742091997542,-10.166297593874086
CYFIP1,-9.897069143456504,-9.948995887980626,-10.095920229524332
TUBGCP5,-10.359346030453223,-10.379096438889247,-10.413731631822767
HERC2P7,-11.617775057303822,-11.633411929401671,-11.606282274133415
NDN,-9.746564825332472,-9.816536957633394,-9.665751131137641
PWRN4,-12.449410386536579,-11.913741289647255,-11.438333611807009
PWRN1,-9.315060922221038,-9.79657870580292,-10.38573710927742
SNRPN,-8.255563145685112,-8.128182270220021,-8.208172651920492
SNURF,-12.040363360286296,-11.812425953680679,-11.981020962253307
SNHG14,-7.276674444240867,-7.127413686719752,-7.296163453107536
UBE3A,-8.293640637333658,-8.35436248449051,-8.410508078226107
LINC02250,-12.479273210245655,-12.521749884325574,-12.674416095648008
LINC02248,-13.239997902613466,-12.850234921086326,-12.001384362168263
GABRB3,-12.546701609147444,-11.908318101995388,-11.644137325473343
GABRG3,-13.14589563732408,-12.875437312853384,-12.087096005249693
OCA2,-12.341661808696903,-12.518821127508318,-12.138588133951925
HERC2,-9.047572122155714,-9.023135363626372,-9.037024878836256
ENSG00000291259,-11.55098698434789,-11.48238348327587,-11.48834657239675
HERC2P9,-12.407686979163335,-12.152538728792564,-11.97518730011231
ENSG00000290879,-12.27193534077527,-12.575662415436787,-12.575381393494656
ENSG00000291258,-12.182271389172694,-12.08592249038934,-11.310673024505752
APBA2,-11.054861387148845,-11.385808849151791,-11.149794887499253
ENTREP2,-11.297867265929625,-10.797801243219348,-11.429843755099972
NSMCE3,-10.45422023933074,-10.420160750290021,-10.272864787151327
TJP1,-7.935374011819482,-7.878499334042491,-8.177006245314027
ENSG00000259644,-12.687119269803313,-12.628010254320975,-12.972001315518483
LINC02249,-12.42642621445847,-12.71579903799438,-12.449948254829254
LINC02256,-12.424768715396647,-11.980716926402925,-12.257840051447728
ENSG00000290876,-12.586215127709698,-12.40236305059658,-12.345360058456054
ARHGAP11B,-11.723063014542841,-12.246810282303226,-12.192853578058521
ENSG00000290886,-10.796930593472966,-11.592874994581075,-11.492859092989798
FAN1,-10.368086374909947,-10.351034608496565,-10.1797255459436
MTMR10,-10.680727184509882,-10.706767060021605,-10.928691614810852
KLF13,-10.017657832431937,-10.326869485564352,-10.326452855543295
OTUD7A,-11.358239005228542,-11.363952675450554,-11.207526715916432
CHRNA7,-11.184442714778797,-11.646324940401893,-10.76231570212905
ARHGAP11A,-10.809549580722946,-11.472108666496815,-11.368092026912052
SCG5,-12.102543194555297,-12.481757826356795,-11.851855109985083
RYR3,-11.468470276613347,-11.185794170236411,-11.25012730183236
ENSG00000259408,-12.446361901857069,-12.734102992566813,-12.940018532946949
AVEN,-9.83197010113435,-10.059329742868298,-10.130109247566116
EMC7,-10.070519306385668,-10.110841634117975,-10.163408286096445
PGBD4,-12.443706958214435,-12.4280139587069,-12.430516510572211
KATNBL1,-9.250388716237621,-9.253403647572714,-9.261214974503362
EMC4,-9.632688897582572,-9.77499650204241,-9.683489529350886
SLC12A6,-9.830536474300414,-9.822974043462516,-9.654946702684118
NOP10,-8.95501524212622,-9.009856160543698,-8.808361384710734
LPCAT4,-10.393393557765457,-10.401921262350871,-10.056250500377992
GOLGA8A,-9.508782990282265,-9.82668745938405,-9.707492010682985
GOLGA8B,-10.086182254867795,-10.254956056634676,-10.633429714873508
GJD2-DT,-10.593478257405115,-10.627643376212687,-10.565293287570988
ACTC1,-5.607572593681767,-5.688115115453647,-5.655418160429854
AQR,-9.413331988390915,-9.443732264754868,-9.503677504853679
ZNF770,-9.158793846844604,-9.453857577217963,-9.288176185584003
ENSG00000259336,-11.571026038909057,-10.569301682050918,-10.644688859071456
DPH6,-9.93883117919331,-9.141340088896007,-9.115974631728234
DPH6-DT,-11.24295769307953,-11.168656860144853,-10.054244039144862
CDIN1,-8.655808006969433,-8.147137478819745,-8.633171041590586
ENSG00000261191,-13.0791063988289,-12.479294670634266,-13.02622605100469
ENSG00000259280,-11.701006318884632,-11.226475213503818,-11.667244424185183
MEIS2,-6.5686082243136585,-6.250555514941984,-6.942478429504099
ENSG00000259460,-12.587161464648576,-12.512964928210542,-12.893381699205793
ENSG00000288808,-12.722908839882157,-12.411379202421225,-13.017477381710602
SPRED1,-9.548661733338248,-9.46809639272004,-9.649589177902595
FAM98B,-9.823470847877164,-9.878329666595418,-9.900398308261767
RASGRP1,-12.210492863480397,-12.40270681058284,-12.302038832214151
ENSG00000259345,-11.599973633107266,-10.666073091871624,-9.744422709132722
THBS1,-10.423469682527376,-10.250138518260774,-10.7303134902177
THBS1-IT1,-12.938400535462034,-12.446492929773244,-12.857442088348316
FSIP1,-12.890465176717818,-12.740715363094575,-13.122575397304502
GPR176,-12.675058429715907,-13.07764969594987,-12.788025600316402
EIF2AK4,-9.635242847520544,-9.67206034688559,-9.582386352060412
SRP14,-7.172947070874805,-7.17505573944542,-7.349096579813717
SRP14-DT,-11.191552136814176,-11.302785831141225,-11.168789613117132
BMF,-11.483878877795162,-11.457960141653585,-11.82567004977079
BUB1B,-10.246116325769412,-10.930149379921797,-10.75421011316089
PLCB2,-11.491198919419658,-12.1249011632072,-11.16871105458184
ANKRD63,-12.281995232181771,-12.81239873719564,-11.4915354829472
INAFM2,-10.595619822268034,-10.735949652678816,-10.536529583877787
KNSTRN,-10.829102621532686,-11.197053104404494,-11.087938720092685
IVD,-9.714638844769562,-9.815036524973896,-9.863929805564684
BAHD1,-11.533543672921747,-11.5759088299339,-11.664697009243588
CHST14,-11.414237987716618,-11.547546590073184,-11.59097935510877
CCDC32,-10.942136354851641,-10.83093983605244,-10.791175748482432
RPUSD2,-11.605687517257786,-11.732458255705078,-11.703876277654787
KNL1,-10.309882451434195,-10.97553664361451,-10.96162214386441
RAD51-AS1,-11.45088513208671,-11.318672647224256,-11.790801814305386
RAD51,-12.020099204926693,-12.692625175036094,-12.683632463048436
RMDN3,-11.02065157792336,-11.07551654018693,-11.148369164043817
GCHFR,-10.677921800632607,-10.838890062113368,-10.602782200893063
DNAJC17,-10.82324946249898,-10.840356604259794,-10.832423315642272
ZFYVE19,-12.420570263680489,-12.565880734271802,-12.536264233941266
VPS18,-12.214463849569041,-12.318076384028787,-12.134168173635468
INO80,-9.610356764838226,-9.627049710864865,-9.738402392160898
CHP1,-10.064829055719253,-9.982547885963683,-10.126011020712083
OIP5-AS1,-8.805212800074424,-8.864281898748287,-8.951997781913471
OIP5,-11.871076602654863,-12.404309583930015,-12.289212732686654
NUSAP1,-9.790619582845915,-10.495545727109732,-10.256518153773769
NDUFAF1,-10.913962141236095,-10.88136591206776,-10.940582016700837
RTF1,-8.992524907608608,-9.08553315403128,-9.034928823168856
RPAP1,-11.200550760306477,-11.271449796041805,-11.424894435433625
TYRO3,-11.52696364676823,-11.567470964303338,-11.552412047172972
MGA,-9.226180242892356,-9.216053973609384,-9.31588757335677
MAPKBP1,-9.916368953424879,-9.805743223364747,-10.077640266087213
JMJD7,-12.131233603924146,-12.067546489782066,-11.947779213842715
PLA2G4B,-13.086276379308098,-12.945799040465035,-13.017757429124316
EHD4,-9.404135779529573,-9.662585705812061,-9.405739880981022
VPS39,-10.460045924340942,-10.400379295904623,-10.577484084608878
TMEM87A,-8.676992794934943,-8.636092647797167,-8.91789492389606
GANC,-10.688726178198793,-10.36427513942509,-10.52520316568991
CAPN3,-9.845897573952938,-9.861984942523103,-10.351238943429138
ZNF106,-9.256034323678955,-9.328391615819585,-9.315466321088772
SNAP23,-10.77205842763926,-10.725599429120756,-11.025595535584987
ENSG00000261684,-11.80332584713553,-11.76441203161151,-12.00717485689419
LRRC57,-10.920985868619558,-10.974431245516127,-11.183260162602187
HAUS2,-10.597261574303669,-10.716832753894696,-10.767754909926678
STARD9,-10.997697193836881,-11.174575465716314,-11.028256643517159
CDAN1,-11.794289525926239,-11.813094252651073,-11.972797100449696
TTBK2,-9.493657305869787,-9.325250462898762,-9.507074062183387
UBR1,-9.172353497359913,-9.174338893589244,-9.249423959551708
ENSG00000285080,-11.279545604655487,-11.554612525368665,-11.52374416136049
TMEM62,-11.086400101412,-11.217519687641023,-11.247432793713312
CCNDBP1,-10.138601508731055,-10.254623446709537,-10.364972205081552
LCMT2,-12.851201624890509,-12.931935005963863,-13.013672096422379
ADAL,-10.708555616013648,-10.584922879990305,-10.757982939086684
ZSCAN29,-11.684808962772065,-11.735177140238086,-11.849482108014612
TUBGCP4,-10.758627571674756,-10.915105211826342,-10.883564773515358
TP53BP1,-9.011280077165415,-8.95604225991357,-9.144122796538428
MAP1A,-10.454305639383868,-10.378351694124111,-10.384275427985182
PPIP5K1,-11.313956538925526,-11.265931160560596,-11.264497664556243
CATSPER2,-11.261501398973126,-11.623189458106301,-11.766060198144748
CATSPER2P1,-11.993345723906906,-12.052276882108874,-12.24617216570382
PDIA3,-8.00702271950714,-7.9616004919256955,-8.10619276890443
SERF2,-7.3905907311226375,-7.45720130624454,-7.439945659028669
MFAP1,-9.643852093829604,-9.694687418698521,-9.701379298143955
WDR76,-11.8773705776176,-12.158711079958266,-12.13078409370114
FRMD5,-9.354659261914437,-9.412905061907118,-9.863798721832495
GOLM2,-8.929988005530499,-8.86470315873264,-8.981780371539221
CTDSPL2-DT,-13.109399658381047,-12.980927437788568,-13.07525619166954
CTDSPL2,-9.32499766979299,-9.446135423191512,-9.46040496172518
EIF3J-DT,-10.8447234992295,-10.82402226861063,-10.91806748240443
EIF3J,-9.06622902749099,-9.147434941710724,-9.13414236277455
SPG11,-9.494212945232093,-9.464122998951037,-9.562170100990441
B2M,-8.661791412962861,-8.692443554883301,-8.665451834488367
TRIM69,-11.293820562710073,-11.306824847296157,-11.117342867182822
SORD2P,-12.143377828975648,-13.208363407915797,-11.986911934171623
SORD,-11.699232512573815,-11.45369541834502,-11.59138862908712
SHF,-12.043746778500001,-12.102806343352867,-12.307507802789363
GATM,-10.443052426328489,-10.291948292095388,-10.082386385494843
SPATA5L1,-11.18724520648384,-11.263583455661681,-11.186311021769598
SLC30A4,-12.280353442400926,-11.89603122247397,-12.327552750582953
BLOC1S6,-9.935151881241941,-9.974305649823721,-10.005084345604645
ENSG00000259200,-11.86921534816955,-11.435863139755195,-12.971297624351976
SEMA6D,-8.23223759170358,-8.476538857431093,-8.951094695051228
MYEF2,-9.4406435178261,-9.497909490025444,-9.580051532825314
DUT,-8.623534891756801,-8.919807176503932,-8.945230354982145
FBN1,-11.805246876436655,-11.879750453438847,-11.906216843146067
CEP152,-11.251328709491414,-11.674812913634447,-11.604960637534202
EID1,-7.777758594508367,-7.919773493432461,-7.862592971282558
SECISBP2L,-9.073975132705757,-9.12550774146905,-9.183735191437414
COPS2,-9.009952891498859,-9.154144527687674,-9.124551515229905
GALK2,-10.233663016484964,-10.230370462014784,-10.24565115818848
FAM227B,-10.06894029757263,-10.015990086693144,-9.740048292350272
FGF7,-11.559616899010855,-11.88953955178174,-11.061750419991522
DTWD1,-9.42871835910053,-9.53972692642113,-9.47080848067137
GABPB1,-10.407938022383258,-10.543843772895924,-10.511999979127047
GABPB1-IT1,-10.502686679776042,-10.678599959047778,-10.717143884460183
GABPB1-AS1,-8.835604747408736,-8.76063637149724,-9.331820394160015
USP8,-9.361152981965356,-9.374314510290034,-9.414688374039008
TRPM7,-8.744062608515014,-8.849025133894518,-8.739602529133135
SPPL2A,-9.249236525464113,-9.284633227439079,-9.38435734711851
ENSG00000273674,-12.208353541244758,-12.406371751271534,-12.428180982748023
AP4E1,-10.282720070985498,-10.309507499248546,-10.463418019201338
MIR4713HG,-12.480138797816426,-12.303229409327672,-10.870393280963158
DMXL2,-9.742667413628924,-9.691290332943217,-9.731188201296131
TMOD2,-11.08929191656331,-11.62056093870815,-11.320667868477669
TMOD3,-9.934664255100536,-10.001435726067767,-9.964540189696324
LEO1,-10.155633343792482,-10.280603429534876,-10.323994976514188
MAPK6,-9.763411323071285,-9.766044265502371,-9.812522170105145
GNB5,-10.7134020570544,-10.760757874206725,-10.718823431140803
MYO5C,-11.086478809049265,-11.30575759123923,-11.255061937526607
MYO5A,-9.636881042806356,-9.426020056428678,-9.615188421419298
ARPP19,-9.276462270876388,-9.319252196555347,-9.316104495384868
ATOSA,-9.51463301378398,-9.615420058903183,-9.767540869789533
RSL24D1,-9.23459674050328,-9.320124903672275,-9.197848652990984
RAB27A,-10.476737231059634,-10.677482490659976,-10.332257997693333
PIGBOS1,-11.05987540887014,-10.98853683382501,-10.986916689713883
PIGB,-11.869526797020862,-11.789661904618981,-12.045836774239934
CCPG1,-9.974707612690874,-9.953491825909836,-10.072494003505899
PIERCE2,-11.952343266380131,-11.993022181998777,-12.046133537532063
DNAAF4,-11.016282146262542,-10.873528477085323,-11.106675740217055
PYGO1,-10.071688547774956,-10.109217591259817,-10.143359198162898
PRTG,-8.105923488261734,-8.09110131679303,-8.561415172726345
NEDD4,-10.06990904057581,-10.05895635629804,-10.230627002073845
RFX7,-8.683054409039409,-8.793491433202723,-8.886598069683433
TEX9,-10.158452720427222,-10.177605571152148,-10.335306371926793
MNS1,-12.339681613836687,-12.74335716126277,-12.690276956152921
ZNF280D,-10.144782284766078,-10.532542763801793,-10.28913337693006
TCF12-DT,-10.941542779788948,-10.747724267769284,-10.597485890619394
TCF12,-7.552665283342782,-7.620037556807761,-7.776585663570232
CGNL1,-7.691577114820606,-7.886425725907192,-8.183377045361379
MYZAP,-10.410132690927588,-10.496366444943856,-10.163290258930962
GCOM1,-11.141258789069264,-11.351544059023135,-11.007992730340018
POLR2M,-11.061091174553164,-11.13827078319716,-11.238496915713565
ALDH1A2,-11.49923547620261,-10.906528846377679,-11.217202529316014
ADAM10,-8.458919580346938,-8.392623745551045,-8.550550849733273
MINDY2,-9.407302922967816,-9.437111649043473,-9.537596678875637
RNF111,-9.550530357964348,-9.56102886992308,-9.621893190063814
SLTM,-8.702717164613375,-8.766086465563246,-8.794609040174501
CCNB2,-10.599400960614908,-11.371567796210302,-11.18017563872984
MYO1E,-9.215730827568722,-9.383188435405287,-9.467020957668144
FAM81A,-10.827653952925756,-10.96189555828824,-10.911173607835703
GTF2A2,-9.300122276803345,-9.401055486589032,-9.38204199657875
BNIP2,-9.468606124497981,-9.457645914337348,-9.491599979604496
ANXA2,-9.849166857701753,-9.588024308929928,-10.339765558661774
ICE2,-9.454898789003476,-9.537935623602557,-9.597988979471516
RORA-AS1,-11.348583252840406,-11.383055866413885,-11.438285537091009
RORA,-8.331275934047298,-8.59584192846501,-8.508752183544297
ENSG00000259481,-12.826715106283006,-13.007814818445041,-12.94260300868943
VPS13C,-8.893142386883813,-8.935589263762234,-8.784613404726665
TLN2,-8.121334030346928,-8.669800742550319,-8.45174201482362
TPM1,-4.757488350285364,-4.808000869115514,-4.864221476078258
LACTB,-10.405975354117004,-10.435539003330053,-10.245480663327923
RPS27L,-8.824783432879997,-9.156795481866192,-9.047870647205668
RAB8B,-10.841224886158352,-10.83288827405624,-10.774533388428644
APH1B,-11.318148322353604,-11.146547240442613,-11.488758223759191
USP3,-9.408334102913942,-9.571075291446041,-9.591584285892036
USP3-AS1,-12.296346893772727,-12.212833491786112,-12.158477619004861
FBXL22,-10.589199001479045,-11.050488165474547,-10.92495330508588
HERC1,-8.791532108660773,-8.886699959627073,-8.934363826786193
ENSG00000259589,-12.955178842214067,-12.91651888394584,-12.972231339419134
DAPK2,-12.157144745264082,-12.755761959850538,-12.517469496438604
CIAO2A,-9.669888614519602,-9.827559523440906,-9.673691266291616
SNX1,-9.756053215105167,-9.824713745704276,-9.912052715290999
PPIB,-8.043619693707743,-8.09703748327778,-8.041222631070951
CSNK1G1,-9.722173732186617,-9.677506858608274,-9.974112847453892
PCLAF,-10.201383050781292,-10.95901638568392,-10.694161927391068
TRIP4,-10.393893061461934,-10.42655283099027,-10.534724348163271
ZNF609,-8.826734570787997,-8.749207570489302,-9.082427764716591
OAZ2,-9.800253050519052,-9.781904604435189,-9.880505388537047
ENSG00000259635,-12.21497928738731,-12.195186707645673,-12.29825793773744
RBPMS2,-9.345327926255038,-9.5223362626052,-9.42054378391515
PIF1,-11.821976257154482,-12.451798171455852,-12.416065601921375
PLEKHO2,-13.017132610753622,-13.139807662374505,-13.158309541132304
ANKDD1A,-12.259384961164729,-12.352904201964193,-12.47216027697712
ENSG00000274383,-13.234685881554956,-13.094354434977003,-12.935114655584439
SPG21,-9.79984371466134,-9.771417256874484,-9.761645981122548
MTFMT,-10.212563563668478,-10.392408073483608,-10.43311287520126
UBAP1L,-12.357138802795253,-12.408780395398967,-12.480030480649408
PDCD7,-10.01347851619216,-10.020100352365652,-10.020060857922743
CLPX,-9.418265884591445,-9.49457240214989,-9.530006871503547
PARP16,-11.369372380669146,-11.441164697044318,-11.375985311185412
IGDCC3,-9.161300114804632,-9.382411622023335,-10.043144051702704
IGDCC4,-11.879590921191122,-11.807981124288554,-11.680401673332714
DPP8,-9.769053173366212,-9.791220913044027,-9.951674908989201
HACD3,-8.887202982815625,-9.033795033602726,-8.990228415147904
INTS14,-10.90756189824843,-11.02045406117086,-10.984560769620096
SLC24A1,-12.856935243721987,-12.673794810265472,-13.217765135871424
DENND4A,-9.716208479428111,-9.890205958350375,-9.845695895618068
RAB11A,-9.17607259163104,-9.230638445436218,-9.24335582808755
DIS3L,-10.65916876942699,-10.696244437060649,-10.79911245518156
TIPIN,-11.030021050497467,-11.070113655090791,-11.165963166904573
MAP2K1,-9.962189721784727,-10.103044762380968,-10.102114540257123
SNAPC5,-10.546202262614994,-10.658624450287318,-10.632023869278914
RPL4,-6.869456240134099,-7.010797157619708,-7.061933329351549
ZWILCH,-11.109531930401772,-11.342947183465052,-11.350799542980116
SMAD6,-9.1050204987425,-9.098881881818816,-9.128917287461395
ENSG00000274995,-12.826379661971043,-12.893094533667108,-12.824560099755322
ENSG00000259437,-12.382424517914345,-12.262662390750869,-12.707040300076956
SMAD3,-9.47482438684892,-9.5200237411909,-9.94214971088493
AAGAB,-10.204869544302953,-10.175035196426085,-10.350119664984524
IQCH,-10.507545537289968,-10.588185994520991,-10.579915057127247
IQCH-AS1,-11.009136434509491,-11.17634126604728,-11.338255986046368
C15orf61,-10.891062427232011,-11.099662033905613,-10.93574054607324
MAP2K5,-9.379340392933514,-9.4363534012779,-9.62388639675127
PIAS1,-8.749263399807027,-8.831107714725857,-8.95137290722975
CALML4,-12.541865128621788,-12.689607330767759,-12.797775754424125
CLN6,-11.42567710170646,-11.695568623295538,-11.641477519893387
FEM1B,-9.667146834550323,-9.728392978872922,-9.672306757250801
CORO2B,-12.068867137548118,-12.155608217002992,-12.589713090840917
ANP32A,-8.326369039543257,-8.394064968128855,-8.459574405221469
SPESP1,-12.153232760110198,-11.912046401118992,-12.19640766266379
GLCE,-10.404520144409727,-10.621224985077774,-10.786927843454345
PAQR5,-12.923887509456506,-13.198297201768323,-13.044047535808305
KIF23-AS1,-11.879926098746672,-11.340732038397169,-12.903373913293008
KIF23,-10.290221122581295,-10.787327138508909,-10.881333121785357
RPLP1,-5.7873744047907305,-5.900150493618343,-5.949811503483178
DRAIC,-13.104223360052734,-12.995698298283449,-13.1718074347065
TLE3,-11.339672924209179,-11.407438401351165,-11.56802672606732
UACA,-8.390151260522385,-7.916130947771526,-8.29682776035797
LARP6,-10.816121536881017,-10.90862046798349,-10.743458779689357
LRRC49,-9.363567559539682,-9.340934407093147,-9.732333070708307
THAP10,-12.429562518593535,-12.54899399363107,-12.317250847627635
THSD4,-8.714974819505391,-9.019571601166406,-9.051495067869906
THSD4-AS1,-13.186299608233876,-13.255489919972062,-12.09919117600499
MYO9A,-8.489966124276807,-8.488929201559309,-8.507773487909677
ENSG00000261632,-13.024484566779634,-13.219563491668719,-13.01268123974579
SENP8,-11.269121641449896,-11.30001108056479,-11.130055809379895
PKM,-8.062971400020638,-8.281965223451976,-7.897541448275669
PARP6,-10.658307877006155,-10.698290987446018,-10.730608474427902
ENSG00000261460,-12.893188052511999,-12.773587424714206,-12.976775307850787
CELF6,-12.769545466195442,-12.868037817737733,-13.124321012824103
HEXA,-10.323805736680619,-10.433657952172242,-10.393598706048856
TMEM202-AS1,-12.781997719417522,-12.66932381120425,-12.682348386039912
ARIH1,-8.479330898352151,-8.44174295947201,-8.530612623325142
BBS4,-10.49430473018904,-10.495787088867543,-10.563278724237296
ADPGK,-10.796297484321853,-10.96102148568537,-11.019403230491308
NEO1,-8.877180404738242,-8.792910754387105,-8.999889111707029
HCN4,-9.543797582197323,-9.907223809436122,-9.606326479704316
REC114,-11.250151501798133,-11.980696148924224,-11.2128083531895
NPTN,-8.429553314838788,-8.418809031313605,-8.51661919931606
NPTN-IT1,-11.1471334227125,-11.1081947035534,-11.143878585928642
CD276,-10.758013380301785,-10.7554009763996,-10.846478130749013
LOXL1-AS1,-12.835841688588285,-12.795244283406015,-12.472940372488061
LOXL1,-11.510504020594793,-11.418659224536597,-11.300222943336182
PML,-11.772522936537847,-11.990623083502962,-11.981713194577514
STRA6,-11.288599341000689,-11.6731214369859,-12.062690951987001
CCDC33,-12.009179447727501,-12.254526547886323,-12.538009551166265
CYP11A1,-12.740066933506561,-12.955457623029549,-12.21613633551583
UBL7,-10.813721793298546,-10.98217936752472,-10.942621291454275
UBL7-DT,-11.300368541039704,-11.298819707770761,-11.25663030353242
ARID3B,-10.193452763934749,-10.113231846937518,-10.246083405280164
CLK3,-11.129566365721494,-11.229066493288554,-11.115441387189225
EDC3,-10.99036736258479,-11.001922966515167,-11.077946377387052
CSK,-10.989443574388547,-11.184578647174689,-11.137682364670487
ULK3,-11.750013423702914,-11.981462857546358,-12.030554133509634
SCAMP2,-10.25306196794897,-10.425888431852757,-10.606513340206725
MPI,-10.865452759971546,-11.236251722355062,-10.914831119278409
FAM219B,-10.575779914928066,-10.713475397697438,-10.63918727916279
COX5A,-7.847504913062204,-8.038039982783927,-7.777645259131167
RPP25,-11.866904568992036,-11.924889529504252,-11.231605597158191
SCAMP5,-12.13593970412285,-12.361392771006107,-12.64312757174874
PPCDC,-10.705023764040819,-10.769129978407008,-10.737067136627294
C15orf39,-11.781796351766321,-12.230027805159487,-11.67928435091239
COMMD4,-10.221815252744364,-10.607276119974538,-10.528665661067073
NEIL1,-11.826562500223568,-11.89310158758614,-11.892468091743705
MAN2C1,-11.326054181269475,-11.311245971661151,-11.615100600043688
SIN3A,-9.922470831979243,-9.929971692296808,-10.069880101635016
PTPN9,-10.069349546351207,-10.210330445650962,-10.180702045431689
SNUPN,-11.249181664507526,-11.249080905840644,-11.261497420089196
IMP3,-10.061324152086858,-10.222487073928452,-10.151321549520024
SNX33,-12.480918726981391,-12.5039505879865,-12.704871793392831
UBE2Q2,-9.510316967780843,-9.482247855931021,-9.537823430459477
FBXO22,-9.37484503428788,-9.448260865725512,-9.437693468140427
ETFA,-8.675583705505565,-8.805064466044776,-8.713816912480954
SCAPER,-8.527901731095866,-8.50956756266445,-8.613363452801305
RCN2,-8.964581205745977,-8.966405458969051,-9.106305838563111
TSPAN3,-9.152210314095209,-9.20555449467279,-9.314033829796752
PEAK1,-8.872970436699493,-8.95355410967693,-8.872006969865486
HMG20A,-9.824601176982581,-9.862673203870807,-9.893960188365002
LINGO1,-11.545248424916638,-12.015197612081552,-11.402457330623378
TBC1D2B,-11.143825396231133,-11.361833425601166,-11.242033826955504
CIB2,-10.330983823883164,-10.197832381494946,-10.35201807388893
IDH3A,-9.75224413437304,-9.859663140452012,-9.658087910264411
SKIC8,-10.023374489421375,-10.111537696853151,-10.063280002931727
CRABP1,-12.834949485921607,-12.358414205671519,-12.839171132458295
IREB2,-9.329893493315053,-9.350724593228517,-9.444435889356162
HYKK,-12.814704751491176,-12.675793290749638,-12.636212240298333
PSMA4,-8.574847560324798,-8.729083141155709,-8.638669608159503
CHRNA5,-11.820196260827402,-12.232787363924302,-12.074028183378813
ADAMTS7,-12.081221147866968,-12.286412428014408,-12.034719799028618
MORF4L1,-7.710716681658472,-7.795657213795335,-7.7487579302223555
CTSH,-11.97738902590171,-12.226647402140243,-11.478750519002247
TMED3,-10.413801991434887,-10.44334822613997,-10.39959149477213
MTHFS,-9.71175484182039,-10.06630932993345,-9.861115655844907
ENSG00000286813,-12.009669468000538,-12.329128974111416,-12.184594938714126
ST20,-10.190009693505905,-10.245006483363165,-10.359667012696882
ST20-AS1,-12.146393717450696,-12.195088656528728,-12.456638028741427
ZFAND6,-8.769155678548193,-8.790316667151943,-8.815660639953537
FAH,-12.103488067271327,-12.309627284992242,-11.758329455827818
ARNT2-DT,-12.042762850469973,-12.548842594426658,-12.01893101525471
ARNT2,-11.150484320381477,-11.337589605449095,-11.401175633813535
ABHD17C,-11.926399421190006,-12.012016110679733,-11.975836868843848
CEMIP,-12.807392111297103,-12.724705037931267,-12.84327173203695
MESD,-9.567341279612839,-9.546168398671215,-9.66930229146979
TLNRD1,-11.073828891643721,-11.20400862831523,-11.380788755637232
TMC3-AS1,-12.431261931773832,-12.221286146332803,-12.11390476543987
ENSG00000259543,-13.021328427236957,-12.39649652755029,-11.856165141032628
ENSG00000259692,-9.80613000058328,-8.763342426133338,-7.912661030583769
MEX3B,-12.770256593168027,-12.64704766471616,-13.078554366411657
EFL1,-9.805708904719035,-9.84946183341734,-9.773859973003521
SAXO2,-10.973511758458455,-11.881529194565728,-11.892170535298975
GOLGA6L10,-12.803895230903551,-12.805990925664192,-12.7383991370891
UBE2Q2P2,-9.906144788440221,-10.023954293784053,-9.93757030046831
GOLGA6L9,-12.158027221946249,-12.467881703458742,-12.228493537956593
ENSG00000290948,-11.81363816172208,-11.878218959507349,-11.951897568873264
RPS17,-6.723011984469297,-6.985611650478143,-6.898563228639753
SNHG21,-12.239270098884152,-12.341603687283945,-12.3956538340922
FSD2,-9.257999909281684,-9.193973868405443,-9.060006509406309
WHAMM,-10.434901166432336,-10.359814933909348,-10.385593650094199
HOMER2,-10.75057656856167,-10.631521897070066,-10.757773231969106
RAMAC,-11.494674204296896,-11.542710282510946,-11.429554081266497
C15orf40,-10.579049692988722,-10.461241200824336,-10.567168259885895
BTBD1,-9.564504763335954,-9.509267179170775,-9.530679274822138
ENSG00000286872,-12.721590207704383,-12.770114277250924,-12.877041643413303
HDGFL3,-8.81192879388442,-8.893062809595405,-8.921325365174464
ENSG00000259986,-11.617165601894417,-11.65473620912616,-11.724598085564994
BNC1,-12.757934919394735,-12.616660521017208,-12.02411434737944
SH3GL3,-8.992284851101568,-9.076026477907533,-9.212938744094421
ADAMTSL3,-11.271308729632583,-11.575990139792905,-11.440225269444378
ENSG00000291062,-12.293611412452512,-12.901221072939533,-12.363597710670302
ENSG00000290689,-11.551874479911096,-11.598622239473679,-11.773218854820565
UBE2Q2P1,-10.48220902138741,-10.768677269844083,-10.597348890462886
ZSCAN2,-11.489867025037933,-11.621561557695083,-11.612883494703956
ENSG00000291159,-11.025594936668403,-11.538350195513976,-11.349017655011863
WDR73,-10.403401324926005,-10.422380826132619,-10.643096868197897
NMB,-12.939027881111528,-13.122851379998252,-13.03566547548676
SEC11A,-8.644659029114429,-8.752105477642909,-8.753262739186312
ENSG00000285667,-11.717017146421178,-11.841966284537957,-11.85071703932515
ZNF592,-10.64345403195455,-10.670639891553725,-10.84010133251877
ALPK3,-8.976471354181232,-8.935173720724494,-9.106489551800832
PDE8A,-9.551826385424532,-9.799674857216441,-9.694610339443845
AKAP13,-7.824900459929899,-7.734776191276479,-8.093052899174092
AKAP13-AS1,-12.292922502058962,-12.21193422607465,-12.394689544083013
KLHL25,-12.156331230653093,-12.602063507091119,-12.206958675598859
MRPL46,-10.597769460028973,-10.675114500798,-10.6858626922483
MRPS11,-10.38002112590169,-10.558197275924714,-10.604204857069522
DET1,-11.165702940628394,-11.20205500732723,-11.238652927078046
AEN,-11.794602049493005,-12.261452005178908,-12.183835330394105
MFGE8,-10.03744954132567,-9.771721873448389,-10.4072365336563
ABHD2,-10.269522605452773,-10.27434699899816,-10.412531566753467
FANCI,-10.287016819253514,-10.926533388068387,-10.740566852120475
POLG,-11.21863982061466,-11.150514678700562,-11.300467203452218
TICRR,-11.54938932709334,-12.32774177646471,-12.175751591331307
KIF7,-10.693105696721092,-10.816880642706574,-10.720315942310371
PEX11A,-11.751346779697405,-11.538999930983787,-11.6698485742961
MESP1,-12.956154121924149,-12.760623322090437,-12.442467038716966
AP3S2,-10.036650775011267,-10.045221463917937,-10.139795251841061
ARPIN,-11.018716151289237,-11.15886876357175,-11.157993705416336
ZNF710,-11.101308903975706,-11.156495200081983,-11.337616962318156
ZNF710-AS1,-11.517129682753568,-11.482435931081637,-11.310949420863276
IDH2,-8.994335248047383,-9.052985452692527,-8.831393223478075
SEMA4B,-11.266853189752275,-11.362610840734426,-10.850824285650491
CIB1,-10.41214405154575,-10.585319976731308,-9.956853163123387
GDPGP1,-13.264810516877073,-13.145158999492788,-12.564768869822919
NGRN,-9.284738053768395,-9.210575745133161,-9.27605463455785
IQGAP1,-10.256861513435949,-10.23468272193971,-10.27772083410342
CRTC3,-10.350624718324537,-10.326463369015741,-10.353550818181953
CRTC3-AS1,-11.677362058795646,-12.096496054005842,-11.806189523513863
BLM,-11.035761767168601,-11.634315232292188,-11.498885612849355
FURIN,-11.326623275091817,-11.322722202817138,-11.487762779055402
MAN2A2,-11.654610431576327,-11.628342327747712,-11.905414310595283
HDDC3,-11.67181771894377,-11.620275329993843,-11.481566232368513
UNC45A,-11.439311341390571,-11.464396610333369,-11.558345236695887
RCCD1,-12.033515806787141,-12.015852643104266,-11.932650103088282
PRC1,-10.113589063685618,-10.770008288788574,-10.575917034805252
VPS33B,-11.694982368389386,-11.707454339867015,-11.837741268929529
CRAT37,-13.086972829800333,-12.327974226297348,-12.340280834577607
SLCO3A1,-8.128061322846245,-8.57984657682968,-8.192693652384008
ST8SIA2,-11.502651604614842,-11.847588097548869,-11.922770067439794
FAM174B,-11.152876060087657,-11.312374024566694,-11.15906054840166
CHASERR,-8.707473871696644,-8.756913929421726,-8.758287279462984
CHD2,-8.27272238974673,-8.24210522378698,-8.394642555332998
MCTP2,-13.069693092189565,-13.284960539258565,-13.012925874460187
NR2F2-AS1,-12.027659085198106,-11.211458053473798,-10.203783966226556
NR2F2,-11.678289743612162,-11.118237478676157,-10.453103186520952
LINC02253,-12.575397453284852,-10.883141973374885,-10.346662461359465
ARRDC4,-11.032363554306324,-11.216808713077873,-10.50543587372041
IGF1R,-8.355758126148304,-8.428826830560133,-8.592418980431741
TTC23,-10.45115453180515,-10.381008144990622,-10.536101177469797
LRRC28,-10.153773674537613,-9.980344677561707,-10.11310237818119
MEF2A,-7.091771980640112,-7.108157158639555,-7.253647480491063
LYSMD4,-11.720019416472946,-11.63963138971887,-11.727693007215152
ENSG00000259363,-10.895801419895392,-10.835208284110866,-11.248426706681983
ADAMTS17,-11.372949294542817,-11.144932835034245,-12.05155638948374
LINS1,-11.20038488281978,-11.303356993360314,-11.120760091804348
ASB7,-10.855040018126214,-10.78076566063729,-10.870700053565988
CHSY1,-10.051071311851429,-10.348945295358577,-10.17285672650981
SELENOS,-9.684218145771338,-9.659813501685974,-9.7210744625298
SNRPA1,-9.81537400805556,-9.976143977265089,-10.02562764953391
PCSK6,-11.365292671639642,-11.954001592939614,-10.745887494243965
TM2D3,-10.375606828047243,-10.417464585418482,-10.450140429641994
TARS3,-9.555489098063541,-9.596171674846682,-9.461980216686957
ENSG00000290823,-11.179443456273564,-11.550989757315127,-11.337187458735505
POLR3K,-10.712033127583073,-10.838281524467007,-10.744813780439669
SNRNP25,-9.838988735245879,-10.09685069662269,-10.023902228930792
RHBDF1,-12.650505497943337,-12.441822369367037,-12.759263755706192
MPG,-10.10206764714425,-10.19597376487832,-10.168470744483086
NPRL3,-10.964296614462667,-10.908066311135098,-11.186455691185662
HBZ,-11.48555246875485,-11.704257319157264,-11.452233441846582
LUC7L,-9.377728675476659,-9.35877626961564,-9.535070106952807
FAM234A,-10.389319986007369,-10.392401143601656,-10.454775027285853
AXIN1,-11.231794799309057,-11.343939753723113,-11.410757727279432
MRPL28,-9.769034472332086,-10.07400699710208,-10.12375888385171
PGAP6,-11.14484059813457,-11.17218488188032,-11.397147950117995
NME4,-8.783531002128614,-8.590637786759642,-8.74885105183763
DECR2,-11.74347880633408,-11.732008267742662,-12.069565981144049
RAB11FIP3,-9.985134206847162,-9.991279407754048,-10.350420680429611
CAPN15,-11.971934007551019,-12.081568109038816,-12.198208065851743
PIGQ,-11.589911937150704,-11.770795107237005,-11.99213281902467
RAB40C,-11.187622701983274,-11.165429605305954,-11.410111257318828
WFIKKN1,-11.3371730465376,-11.143918261815594,-11.317547187592327
METTL26,-9.879100063457692,-10.06204875020886,-10.05532712997496
MCRIP2,-9.917597395441069,-10.160059501435885,-9.912174123961996
WDR90,-12.651921791418756,-12.897109126279602,-13.0566138873272
RHOT2,-10.910712401074411,-10.989781497593894,-10.953441098469487
STUB1,-9.970855317722618,-10.069937702403404,-10.128585541942893
JMJD8,-11.475454877524395,-11.55399064966405,-11.77368094590798
WDR24,-13.056512648987054,-13.021197267109855,-13.134395724191506
METRN,-10.22390521426885,-10.165708939321457,-9.983080960819589
ANTKMT,-10.88565812569489,-10.858971964532124,-11.092121233163803
HAGHL,-11.824752730803667,-11.954389652751027,-11.968739941580429
CIAO3,-11.650753158560748,-11.573175054179721,-11.751262514445447
RPUSD1,-12.207622500924346,-12.210833664603117,-12.34212953431843
CHTF18,-12.844483002983294,-13.10146785579827,-13.142421701413229
LMF1,-10.534233116165467,-10.579224629496695,-10.798396459674018
CEROX1,-11.877102885714057,-11.965446038633969,-12.296403260039574
CACNA1H,-12.235146734969147,-12.446838395641887,-12.667399528985328
UBE2I,-9.07020628901886,-9.311061819145229,-9.21810306673974
TSR3,-10.056293351521662,-10.207807528942789,-10.142639557661425
GNPTG,-10.53770287368635,-10.620722002486316,-10.811014063162315
UNKL,-11.488473636076916,-11.597935386938634,-11.826074655312341
UQCC4,-11.237207256899085,-11.336924752617525,-11.301763420508028
CLCN7,-11.57424384889075,-11.639990640349145,-11.830662096257385
TELO2,-11.868231523051517,-12.009913381110891,-12.004374341834515
IFT140,-10.866693097313991,-10.948899819799168,-11.146296051193644
CRAMP1,-10.48288996628121,-10.571107254780141,-10.783569489004359
JPT2,-9.915608805937323,-10.064263999036436,-10.078505448594077
MAPK8IP3,-10.494953693814063,-10.4893490290356,-10.593739428979912
NME3,-9.899601476177763,-9.920644782927036,-10.140679514947742
MRPS34,-9.189833239269705,-9.41211017624197,-9.345178543325314
EME2,-12.955329786903782,-13.170711891295289,-13.204512427413041
SPSB3,-10.844539702850941,-10.985810966978915,-11.047849168279106
NUBP2,-10.70808266727349,-10.846556775484473,-10.820861107195634
HAGH,-9.679481523364293,-9.856499593719587,-9.837193699185493
FAHD1,-9.455777953071063,-9.772194486334454,-9.479639660623175
MSRB1,-11.730167170566668,-11.942968496980582,-11.995807922387268
NDUFB10,-8.944898637831319,-9.089050822182465,-8.788484297022137
RPS2,-5.714345498669207,-5.966010833185343,-5.879755467708342
SNHG9,-11.462633861926207,-11.851555740517801,-11.644776626958132
TBL3,-12.009704190670298,-12.225135149803524,-12.138698300192292
GFER,-11.212669129972126,-11.374195038148224,-11.435057274069564
SYNGR3,-12.714276843240407,-12.676961762141552,-13.077610073584339
ZNF598,-11.715558985963266,-11.906899587477714,-11.979521873165503
NPW,-12.261127722691787,-11.827988839067686,-12.08478082166572
NHERF2,-11.680998270651846,-12.17832373518289,-12.115683564458354
NTHL1,-10.761833105465184,-10.9458145301295,-10.860077097060103
TSC2,-10.825522204758093,-10.881505002882232,-11.086313636242423
PKD1,-11.890989729720232,-11.856494399022061,-12.096520649654046
SNHG19,-10.89142062847032,-11.388073483973917,-11.376770430755244
TRAF7,-11.045504146461852,-11.268845169688419,-11.363175162763786
CASKIN1,-12.109359137989463,-12.225505555727738,-12.241559243324946
MLST8,-10.922190890960477,-11.127608346894887,-11.095560095505228
PGP,-10.11379864628781,-10.20749381012852,-10.150183993234196
E4F1,-11.794453230532133,-11.839534561347827,-12.000810883811827
ECI1,-8.897927065227389,-9.039280188545423,-8.990417532485589
RNPS1,-9.070701707803813,-9.26471325263783,-9.17958872980636
ABCA3,-11.626936078808125,-11.746495181285573,-12.046720184569777
CCNF,-11.346469067904689,-11.865397907942864,-11.835756402038943
TEDC2,-12.468432393562521,-12.671834617294948,-12.697107165790404
TBC1D24,-11.63215615787113,-11.626652402346474,-11.747270417393329
ENSG00000260293,-12.55951977963739,-12.581095234509789,-13.04683503921314
ATP6V0C,-9.08243688741149,-9.111565729438983,-9.235721740964745
AMDHD2,-12.205504961618463,-12.504478834777855,-12.546101478690378
PDPK1,-10.608277403231353,-10.585228079617735,-10.670413226495434
ENSG00000261613,-12.843985293126345,-13.007824032780071,-12.969658380856927
ENSG00000269937,-13.00505375855951,-13.110628187846112,-13.19320510411594
ENSG00000291228,-10.55329823416939,-10.568085128920034,-10.660904029712123
ERVK13-1,-10.945135388741402,-10.715553449448887,-11.10928085639834
KCTD5,-11.392801810003526,-11.467407575699447,-11.543591344775281
SRRM2-AS1,-12.853120244388435,-13.14788070922524,-12.946959910081148
SRRM2,-7.671412032036717,-7.615028366562662,-7.754096943934165
ELOB,-8.441407455892092,-8.550529714213754,-8.522920159936126
FLYWCH2,-10.5155646773425,-10.526622857047489,-10.418384048193452
FLYWCH1,-11.816676207165202,-11.88503450538089,-11.844447357003213
PKMYT1,-12.579734208807043,-13.144840787825244,-12.95741294929982
ENSG00000272079,-11.968278626936712,-12.042394517534893,-11.999372522927642
CLDN6,-9.417268042722023,-9.560980762111923,-9.555647880545816
TNFRSF12A,-10.022228615198774,-9.896619407602032,-10.10878180965743
HCFC1R1,-10.685213388403167,-10.753637326308715,-10.43899620515198
THOC6,-10.850380700243514,-11.018424960853126,-10.955102432494973
MMP25-AS1,-12.058154143583506,-12.115778339189347,-12.243860386773134
ZNF213-AS1,-11.26200746011069,-11.448694502311067,-11.602080836352958
ZNF205,-12.245149574721745,-12.390328075243495,-12.407322130623392
ZNF200,-11.460621776162132,-11.368050397520888,-11.52405891950303
ZNF263,-12.270818554147754,-12.124304598509468,-12.509382420205014
TIGD7,-11.437865797734387,-11.570554854700527,-11.45016832613937
ZNF75A,-10.37287768001693,-10.62343884086064,-10.56223627719216
ZSCAN32,-11.528811706876684,-11.38879809919263,-11.729261219296479
ZNF174,-11.064951529563299,-10.983420299576391,-11.108583774159973
ZNF597,-12.780851159317617,-12.36970963978201,-13.02159930069159
NAA60,-10.284791171655248,-10.173571974492605,-10.396464085616405
CLUAP1,-9.926044246443631,-9.9277103687058,-10.013978070187672
SLX4,-12.175160954967168,-12.243234190031524,-12.44683095571522
DNASE1,-10.915303697674798,-10.561141051768033,-10.654346817990438
TRAP1,-10.005852549955739,-10.130455556437894,-9.986231946720318
CREBBP,-8.794200276820991,-8.846667932054194,-9.042340034304113
ADCY9,-10.1041215994495,-10.349692911332955,-10.385633634619552
SRL,-10.377903532703744,-10.450646155305703,-10.702830928440024
LINC01569,-12.701528896816217,-12.469273046392706,-12.671569312598965
TFAP4,-11.460769724064539,-11.725687876097554,-11.774565711094892
GLIS2,-11.770527311212636,-11.900876094292622,-12.075947743518139
PAM16,-9.979750449291325,-10.096674655975528,-10.08264704597444
CORO7,-12.121509911901072,-12.057190678628746,-12.195642597332554
VASN,-12.307081226776942,-12.29202608886674,-12.734583771728087
DNAJA3,-10.84525283890118,-10.90840272218348,-10.879752337649395
NMRAL1,-11.781959086561008,-11.611957569174942,-11.673398997556733
HMOX2,-10.813413457318463,-10.758940511768825,-10.693873888384811
CDIP1,-11.017483034185569,-11.105242622881715,-11.168678032907403
C16orf96,-12.968413463991512,-12.882432143682186,-13.121826839043608
UBALD1,-11.303413700984123,-11.397322969991743,-11.56018806930275
MGRN1,-10.626594142507813,-10.639936943457657,-10.726769835504749
NUDT16L1,-10.12631513204163,-10.26323157285468,-10.269043512485142
ANKS3,-10.640633903048023,-10.826315510719528,-10.746202206379253
ZNF500,-11.888091068471619,-11.897288139513513,-12.15517296803079
ROGDI,-10.612563465428712,-10.613936321721976,-10.675477361616435
GLYR1,-9.4685575819254,-9.489960921525853,-9.718494553128375
UBN1,-9.753622173644558,-9.745506934381215,-9.886905702586082
PPL,-12.516778247068771,-12.389854109134932,-12.578705606222929
NAGPA,-12.145712888915767,-12.052988711793365,-12.496149657083027
ALG1,-11.634710125932248,-11.541981433730346,-11.81384468140256
EEF2KMT,-12.281698325148032,-12.25807131360946,-12.073141199068086
RBFOX1,-8.477486756667604,-8.430038866689973,-9.284494362870625
METTL22,-11.305708247906956,-11.413891644817298,-11.440912867958335
ABAT,-10.207736696853999,-10.207122618617342,-9.87248209263793
TMEM186,-11.666526915660594,-11.703964043757486,-11.70136266655952
PMM2,-10.130324934434745,-10.047827419918109,-10.264417982354344
CARHSP1,-10.087342608518052,-10.311682390394719,-10.145275235394298
USP7,-9.438512247802812,-9.54360959905268,-9.567545727745445
HAPSTR1,-10.640110628440208,-10.594457737730687,-10.753825168802189
GRIN2A,-11.018980530080732,-9.990054978538593,-10.692586057555484
ENSG00000285543,-11.198467841006826,-10.185685705712341,-10.630597441574874
ATF7IP2,-8.847315121318994,-8.582152226959568,-9.084887683662062
LINC01290,-12.067078357483652,-12.233622309086677,-12.164222244311764
EMP2,-8.5348665883872,-8.555521389050613,-8.590060797031507
ENSG00000256013,-13.296739341290696,-13.080196879424802,-13.193276850773488
NUBP1,-10.54658085835658,-10.703045946844767,-10.672084610008929
DEXI,-10.751830486546934,-10.753008272319367,-10.794387736193482
CLEC16A,-9.882316175401868,-9.920996470069621,-10.025269687594427
RMI2,-10.7211091883091,-11.103359125787986,-10.969441921044401
LITAF,-11.018930471371176,-11.053196707651363,-11.15856152485594
SNN,-11.729101645223999,-11.774889219103885,-11.801311258810566
TXNDC11,-10.788675531832146,-10.722233216401868,-10.74689866085381
ZC3H7A,-9.594111690707843,-9.597823207513319,-9.757531640775047
RSL1D1,-8.485684124729262,-8.64167470874381,-8.546965521391407
RSL1D1-DT,-11.743471245321414,-11.703528790201979,-11.902653250889903
GSPT1,-8.859143902937026,-8.954693664928707,-8.937578334483929
SNX29,-10.137680732545304,-10.17221346684781,-10.164084570672944
CPPED1,-10.757271247375536,-10.552426574692545,-11.006805615748215
ERCC4,-10.369878417441148,-10.344714597917735,-10.404709418648373
MRTFB,-8.933830092535331,-8.911588736121205,-9.107634682725756
ENSG00000276564,-12.879095943339227,-12.767472539756813,-12.841114901898747
MIR193BHG,-11.811421271468074,-11.946279684808601,-12.855742310834628
PARN,-9.719019588329912,-9.781985833082958,-9.901364044121497
BFAR,-10.164332479518992,-10.279959297560035,-10.336432601167601
NOMO1,-11.482575853220741,-11.490229027443474,-11.321547732531876
NPIPA1,-13.066791658601163,-12.924840930415826,-12.905824966735818
PDXDC1,-9.77108725713229,-9.825372395001642,-9.966290289427569
NTAN1,-10.786355207276282,-10.775376309251097,-10.743792488655195
RRN3,-10.332329690854294,-10.386094752235003,-10.562766064520174
ENSG00000290396,-12.489672851751575,-12.621958671392454,-12.753366453989141
ENSG00000291272,-12.431817068435453,-12.602272398920556,-13.010965172911392
MPV17L,-12.711328669039828,-12.959715217456619,-12.905504495602504
BMERB1,-10.337648770532622,-10.30401660460557,-10.718372698100533
MARF1,-10.269486934826475,-10.275207410381755,-10.338503597029467
NDE1,-11.343227737760815,-11.590262013784436,-11.576125991903156
MYH11,-13.219893955082753,-12.75921494971497,-12.37559774868736
CEP20,-10.48204511229019,-10.676615604403501,-10.65724476465025
ABCC1,-10.470556550401339,-10.745458428237576,-10.677736761005407
NOMO3,-12.106246462444268,-11.904550059645876,-11.930690071637938
XYLT1,-10.565966433273267,-10.344529417957126,-10.555853991514237
ENSG00000290383,-12.6356133650342,-12.448581553037641,-12.482862390663009
NOMO2,-12.106507036292735,-12.226156235673384,-12.376508228322034
RPS15A,-6.541047726003191,-6.713062072432238,-6.611486638999316
ARL6IP1,-9.057999710218601,-9.322579512109911,-9.097616091548893
SMG1,-9.317609294497498,-9.278248540172674,-9.39012330663833
TMC7,-12.338041896371264,-12.28024961294814,-12.489150120981778
COQ7,-10.849183342522577,-10.813193312808878,-10.883666750606547
ITPRIPL2,-11.722878601359842,-11.58064946690441,-12.061322700384839
GDE1,-10.03519533644744,-10.041864709693566,-10.252805719655395
CCP110,-10.498572909607255,-10.768412780947395,-10.842316081074246
VPS35L,-9.852281793569357,-9.867875301182302,-10.00650419843873
KNOP1,-10.179823914182103,-10.364533387446881,-10.234704226675817
IQCK,-10.703202891639082,-10.620718328153535,-10.86209799190881
GPRC5B,-11.779166054398628,-11.768472660727854,-11.747272675201245
ACSM3,-13.043736549631666,-13.11903641046356,-12.873784311328984
THUMPD1,-9.758039269035988,-9.763545401821911,-9.933649252424502
ERI2,-11.232318676197425,-11.322947193630402,-11.310834444859
REXO5,-12.182744272370526,-12.631000245479713,-12.399402326255355
DCUN1D3,-12.496351831855817,-12.35455526790416,-12.340854661296435
LYRM1,-10.927993807306137,-11.003444600624752,-10.908787334300232
LDAF1,-11.51218191087118,-11.177507541163385,-10.919010161943039
ENSG00000291073,-11.28582438267453,-11.182809434544101,-11.328224736711457
METTL9,-8.91038182153453,-9.028290878765052,-8.995114771329925
ENSG00000261596,-13.082629568560929,-13.163940875853129,-13.177805202759252
ENSG00000291066,-11.914530104492057,-11.758260491544206,-11.755210677442705
NPIPB4,-11.697192671047606,-12.094207674415502,-12.110510993373117
UQCRC2,-8.564484279180109,-8.630298404523714,-8.52539225603067
MOSMO,-9.685984144843646,-9.686662340996044,-9.775821015406352
EEF2K,-10.535312451426686,-10.650047854360983,-10.742517970026158
POLR3E,-10.888419745040506,-10.901960800705949,-11.071419907339411
CDR2,-9.790111532735585,-9.746390056671046,-9.92917460185155
RRN3P3,-11.967952049076795,-12.102280083436883,-12.318004048347225
ENSG00000291060,-12.468900820735128,-12.436993540307999,-12.38327472373973
NPIPB5,-11.869105330587656,-11.884586007271547,-12.02953318283378
USP31,-10.745005368977168,-10.840018118727743,-10.729565405227284
COG7,-11.200937564268227,-11.11630765403087,-11.246235755244657
ENSG00000260136,-11.633368623393874,-11.615151754885689,-11.775703576885505
GGA2,-9.50767905292168,-9.663778225076015,-9.704144030270344
EARS2,-11.486435262974345,-11.529961002391133,-11.709856258472517
UBFD1,-9.81659486326323,-9.944127671481816,-10.147785529267681
NDUFAB1,-8.573865813651846,-8.70103712653788,-8.61256604871046
PALB2,-10.904280164637347,-11.01161727360701,-11.07071726837801
DCTN5,-10.30412949056846,-10.33633014667957,-10.541787893906246
PLK1,-11.40638486875258,-12.197671625546072,-11.874316226936962
PRKCB,-12.711828860821822,-12.08136039173801,-13.141301180916292
RBBP6,-9.065568880682557,-9.10809891709993,-9.080635753122616
TNRC6A,-8.63498378229174,-8.64667644758298,-8.746052890773852
ENSG00000261669,-13.149133186928694,-13.17313811893675,-13.201128831386828
ARHGAP17,-10.131354084896792,-10.19766587392844,-10.210613094153713
LINC02175,-12.989799182561512,-12.418228570233246,-12.51884485044278
LCMT1,-10.22867196321742,-10.250176956495919,-10.341284808335564
ZKSCAN2,-11.676100826147811,-11.534729033259717,-11.702592959076457
ZKSCAN2-DT,-12.324826765412915,-12.30758416489963,-12.404808890776248
HS3ST4,-12.504719002941814,-11.585869378907875,-12.836576809922057
KDM8,-12.593142254734571,-12.65160665586112,-12.766271004751632
NSMCE1,-11.75047358848093,-11.134222821074285,-10.890656214724812
IL4R,-11.841193446853213,-11.057625692228498,-10.973885056776464
GTF3C1,-9.484330262820743,-9.477590378643056,-9.545524534778645
KATNIP,-10.628052487417238,-10.52247828298344,-10.773864516308683
XPO6,-10.088109275843856,-10.303082596290178,-10.25643131509207
SBK1,-11.86041860840515,-11.836130759083959,-11.906191484268701
CLN3,-11.676484645381509,-11.63087297332802,-11.720146510791437
SGF29,-11.136156328269994,-11.078491498780483,-11.237074461303587
SULT1A1,-12.639547720116223,-12.708121169356595,-12.164851278178608
EIF3C,-11.53506385271531,-11.509143448853141,-11.877075522259677
ATXN2L,-10.226004050527454,-10.294557404063143,-10.334853188837597
TUFM,-9.463222337865444,-9.571991453983026,-9.509443353935298
SH2B1,-10.86599759140066,-10.89903098960973,-11.110802302368835
ATP2A1-AS1,-12.065512517412607,-11.991632965932016,-11.839300445889538
RABEP2,-11.1796620995709,-11.016484353005074,-11.346657371491945
NFATC2IP,-9.927849377086833,-9.994403682210987,-10.12438915436525
SPNS1,-11.253122096977046,-11.297484928130466,-11.493776488360314
QPRT,-8.976411897519519,-9.00135964110377,-9.087375865163793
KIF22,-10.615989230181475,-11.001485806568434,-10.89021945515988
MAZ,-10.001845937955892,-10.10949798369656,-10.277855492773908
MVP-DT,-12.593086020949846,-12.560047760180742,-12.802375337296377
PRRT2,-12.050281537672857,-11.51404601553089,-12.319138223189249
PAGR1,-9.914724050984887,-10.00356759877168,-10.106800973912103
MVP,-12.756032310914017,-12.651997115916828,-12.764565273913078
CDIPT,-10.480260872654906,-10.485085401857445,-10.530792152590113
SEZ6L2,-12.316932200470118,-12.124856474901044,-12.290922783314793
ASPHD1,-13.147159780499825,-12.97977648881494,-13.072219503125854
KCTD13,-11.57311736292605,-11.488516372874605,-11.562376092952787
TMEM219,-10.030648104103507,-10.015086361828862,-10.036979761059596
TAOK2,-11.594802761260672,-11.595040878504161,-11.690281317773877
HIRIP3,-11.023287032255618,-11.323481752022182,-11.333313804383046
INO80E,-11.42053409000228,-11.530195896110342,-11.589669784670692
ALDOA,-10.946091900505516,-11.111679351656907,-10.762633201932273
PPP4C,-9.611237588907038,-9.717155712508514,-9.747743275984424
YPEL3,-10.006394546969114,-10.07451156541497,-10.204776079790333
MAPK3,-11.606926804625509,-11.73646439803439,-11.64421887358493
BOLA2B,-12.34731512687223,-12.461674290662792,-12.295551113488402
NPIPB13,-11.114378658922462,-11.059378059919526,-11.235815559303893
ENSG00000291047,-13.09161383485389,-12.813997004781417,-12.81496090936648
SMG1P5,-10.565068526624524,-10.412792549463397,-10.1481883093099
CD2BP2,-10.846513335820598,-10.982894437480015,-11.045807169532862
TBC1D10B,-11.748208330631405,-11.804115257270286,-11.914958931242797
ZNF48,-11.717240402878453,-11.760000306155312,-11.894369279088536
SEPTIN1,-11.856330530962223,-11.801591897024649,-11.834292643322312
ZNF771,-11.430832104217298,-11.541018847991033,-11.600493655909705
DCTPP1,-11.134460958764487,-10.93680454834712,-10.758740305590036
SEPHS2,-10.553851624806743,-10.495588977698265,-10.275834348244146
ZNF768,-11.689680493924401,-11.674281817180606,-11.63220875093953
ZNF747,-12.232049396654654,-12.271869240363829,-12.276338878263665
ZNF764,-11.632244101397987,-11.505194669267457,-11.492581206906646
ZNF688,-11.872568334547406,-12.06891098055645,-12.096796476082703
ZNF785,-11.107104795766526,-11.06354266264125,-11.191891595304876
ENSG00000260167,-12.780587500472752,-12.714401910963126,-12.753855907645875
ZNF689,-11.64428443747343,-11.654125703149875,-11.730852387857661
PRR14,-12.057825992957234,-12.037431166946321,-12.029649698113955
FBRS,-11.214199607675988,-11.169968383217766,-11.375328554818548
ENSG00000261840,-12.841716491365078,-12.9714352214436,-12.956483384446477
SRCAP,-10.529290925234749,-10.545141008266604,-10.796848719476715
TMEM265,-12.454652580052896,-12.482076727925735,-12.841575085843287
PHKG2,-11.459793072450006,-11.5761141084028,-11.578425608561368
RNF40,-10.796945004060163,-10.784523118732757,-11.02299758811907
ZNF629,-10.998087875249315,-11.029369289078218,-11.158107715921346
BCL7C,-9.695242992424442,-9.74015770152934,-9.74233866048349
MIR762HG,-12.426816817645014,-12.492135082761449,-12.565331184671109
CTF1,-12.509669234979608,-12.280503690872292,-12.576450340520555
FBXL19,-11.667033608519176,-11.623644198034798,-11.896721467164161
ORAI3,-10.651567310326493,-10.672345619571223,-10.615549157387056
SETD1A,-11.529729399494705,-11.464711992758476,-11.702946213219958
STX1B,-12.675221272910582,-12.772000598296056,-12.472689784894241
STX4,-11.060039097863527,-11.103900516531624,-10.95163916545507
ZNF668,-12.887596522203387,-13.005385995903307,-12.987905661697402
ZNF646,-12.385000359797553,-12.40366743438555,-12.592280507788514
VKORC1,-9.858040904870629,-9.974033057873745,-9.729340414961896
BCKDK,-10.888477318733916,-10.999884729112232,-10.810859904832334
KAT8,-10.247850559863439,-10.318398593641696,-10.33724987442519
ENSG00000278133,-12.637470511086313,-12.598306297540265,-12.912597846880786
FUS,-7.867767289345431,-7.947642011408032,-8.048182275216195
COX6A2,-11.518489623403186,-10.657381365795466,-10.33758037820207
ENSG00000261474,-11.797058096407753,-11.621873672986938,-11.810744940445183
ENSG00000260267,-12.18275768261848,-11.93708028490571,-12.098373583122319
ARMC5,-12.802793819018449,-12.820743137235821,-13.003333538166435
TGFB1I1,-10.777228134755772,-10.98036768070477,-11.087714928676851
RUSF1,-11.336978561824752,-11.364051741547502,-11.347313051280455
ENSG00000290927,-11.833220862146513,-11.804519237267762,-11.865792982616693
KRBOX5,-9.981984294600815,-9.931169739043156,-9.987796479811708
ZNF267,-11.011152317425958,-11.074530923913427,-11.111504887657134
SHCBP1,-11.551498618206555,-12.267148551813076,-12.127636926789698
VPS35,-8.760621487190233,-8.834014580391717,-8.774969996964595
ORC6,-9.857037585138508,-10.387968792276068,-10.274864189505248
MYLK3,-8.603910817343664,-8.588319214203985,-8.701692954447596
C16orf87,-8.954893725494799,-9.050943180325048,-9.173735960709786
GPT2,-11.18471987723216,-11.408330347342538,-11.201093603633895
DNAJA2,-9.16631314651678,-9.226457787110945,-9.29045101718616
NETO2,-10.090436417077253,-10.190023936429034,-10.57961275593651
ITFG1,-8.073597387784766,-8.08548421491642,-8.308220639159137
PHKB,-8.380790965925021,-8.412171244769969,-8.62158056023042
LINC02133,-12.18723979807229,-12.184607834397157,-12.326922893562926
LONP2,-9.086872608726404,-9.07982062190691,-9.136862716410585
SIAH1,-10.056125826701011,-10.072519130244286,-10.15888713945981
N4BP1,-9.512288860203011,-9.54541188161083,-9.65522508657999
ZNF423,-10.557777418313036,-10.517311914113094,-10.635847843361876
CNEP1R1,-11.50879980736099,-11.400527615546661,-11.488213798101519
HEATR3,-10.71478976470876,-10.67488208452753,-10.764053967871861
TENT4B,-10.1772650409338,-10.178679403020764,-10.19073626460679
ADCY7,-12.229651644830591,-12.399492711534197,-12.138895193678765
BRD7,-9.074945646949567,-9.164788863501128,-9.10794977734799
NKD1,-12.525928724057833,-12.559257815394515,-12.559907225779996
CYLD,-10.395860433547307,-10.533934860530445,-10.473852828365922
SALL1,-11.198090526278499,-11.278516084392395,-11.693529138489783
ENSG00000285367,-11.171136016285187,-11.325647390315424,-11.486520935133228
HNRNPA1L3,-11.57781123845066,-11.896836319635547,-11.710762939925658
CHD9,-7.9175464028182185,-7.940893567206421,-8.081262740404265
RBL2,-9.922287186519165,-9.951816094452631,-10.063238264837322
AKTIP,-10.892040570338787,-10.838856697533998,-10.998732109863173
RPGRIP1L,-10.264235138823617,-10.352216040517657,-10.293379110600569
FTO,-8.851644074534304,-8.878586019807308,-9.002423422581922
IRX3,-9.495922821109144,-9.505760102652594,-9.66934710852098
CRNDE,-8.927433575287152,-8.834996753216567,-9.174583388266589
IRX5,-10.780220760779265,-10.65291950649935,-10.998021028695272
MMP2,-11.867483144802621,-12.10129299175746,-11.889090162110122
LPCAT2,-11.723607785984123,-11.396823064158706,-11.192156616539679
GNAO1-DT,-12.574697245082039,-11.859405266590347,-12.227187227780949
GNAO1,-12.183350630583352,-11.528028283415251,-11.70401991171523
AMFR,-10.585912458144103,-10.38166564502977,-10.521729959428912
NUDT21,-9.506992509223531,-9.648784988219253,-9.631464897441973
OGFOD1,-10.713306278579571,-10.86459241186381,-10.867562799152468
BBS2,-10.842552625446585,-11.014495335873209,-10.876129628717901
MT2A,-12.586767989441999,-13.204066429061152,-12.839895441719221
MT1E,-11.8388041883427,-12.452274482829475,-12.396156707132675
MT1X,-12.145249712676934,-12.711997924849035,-12.172467942337482
NUP93,-9.700226170677238,-9.89980659322933,-9.844172086165635
HERPUD1,-10.24922891322344,-10.311838131040318,-10.181972256137561
CPNE2,-12.257239037420703,-12.290343457252359,-12.09372578381467
PSME3IP1,-9.71145334245863,-9.821750130890123,-9.842993712533703
RSPRY1,-10.020061353623337,-10.056434982192377,-10.07546651000486
ARL2BP,-9.263041709869482,-9.395351188876708,-9.357682103319444
PLLP,-12.713341020207004,-12.819711820001327,-12.743897346207183
CIAPIN1,-9.823015459046278,-9.906136522998672,-9.944996595192512
COQ9,-10.211321931236753,-10.289070223917026,-10.206747966502197
POLR2C,-10.16378219340195,-10.22386871863525,-10.320846577646662
DOK4,-8.76148295595968,-8.920797418597349,-8.61774562851735
CCDC102A,-11.468749382129868,-11.470988478025026,-11.714339865869944
KATNB1,-12.02578153204466,-12.162773631028493,-12.231086692872013
KIFC3,-12.329958432783442,-11.254014003266118,-12.065480719907995
ZNF319,-12.55630361062077,-12.549459672452237,-12.607590146381595
USB1,-10.890015518469962,-10.843475917990755,-10.984884971462943
MMP15,-10.054678892487459,-9.820439414532606,-10.070279748158052
CFAP20,-9.902887285265892,-9.929280023258093,-9.961759447621935
ENSG00000260927,-11.7512956134062,-11.676087518163225,-11.71391920249529
CSNK2A2,-9.55451079598337,-9.662791461080332,-9.760297799798952
CCDC113,-11.11668232727849,-11.189639162272407,-11.14299329888731
GINS3,-12.199763574077695,-12.555056050178198,-12.62429746181302
NDRG4,-11.012584761683806,-11.124716687090732,-10.94918786674935
SETD6,-11.117783222793365,-11.187366968615136,-11.0181183018892
CNOT1,-9.33836183312443,-9.435015889761155,-9.51376234276274
SLC38A7,-11.299566844843435,-11.326092096633404,-11.454793150522908
GOT2,-9.545919130698408,-9.591859344900001,-9.572582223329265
ENSG00000245768,-11.205863444586383,-10.98233814091798,-11.535493975408134
LINC02141,-13.1839911042048,-12.362514233692641,-12.925792174132432
CDH8,-11.02825282144801,-10.796158637681645,-10.43724852347092
ENSG00000261502,-11.901244779572599,-12.331022739119447,-10.741841316594446
ENSG00000260658,-10.701505217815606,-11.242073157379972,-9.364021897343843
CDH11,-9.424089386618354,-9.351529962400564,-9.835633636554324
TK2,-11.068156738182868,-10.820007015805146,-10.961938051978066
CKLF,-11.449757746611503,-10.641228437036627,-10.563112414115404
ENSG00000289353,-13.017541535236782,-12.152984066522432,-12.039829368701119
CMTM3,-9.806806630867133,-9.912087165422333,-10.09869333020656
CMTM4,-10.061512120161293,-10.200566081616735,-10.274792944835315
DYNC1LI2,-9.131664627633201,-9.241027532846918,-9.319088607389096
NAE1,-9.284723140754453,-9.465977476068593,-9.4323449843332
PDP2,-11.970236673685843,-12.060814545992473,-11.974102820163365
RRAD,-10.886965847789103,-10.870926578742418,-10.844509928833352
CIAO2B,-9.012831978354896,-9.167607649604914,-9.100001752623141
CES2,-10.72975022622711,-10.77268844118011,-10.955416670990088
CES4A,-12.857041984563368,-12.751340423590355,-13.149040483052818
CBFB,-9.685945832868397,-9.777874513734599,-9.921922531096708
PHAF1,-11.490610761861223,-11.483699188995892,-11.584683085711234
B3GNT9,-12.837614602803662,-12.685278843734144,-12.755972993013748
TRADD,-13.037845853634488,-13.044191307391703,-13.094084534581695
NOL3,-11.739331898122675,-12.252312594226579,-11.896273994472837
MATCAP1,-11.16735070121903,-11.047994625635868,-11.272561409189144
E2F4,-10.971992595361202,-11.040846543533261,-11.092234364096239
TMEM208,-10.69706797928001,-10.749052706969369,-10.81819974893115
FHOD1,-12.726772293826937,-12.917954354917649,-13.026716039833612
ZDHHC1,-12.414342492186217,-12.50256175412736,-12.493674313565
ATP6V0D1,-10.264536737251605,-10.389749636560822,-10.417481860662155
ATP6V0D1-DT,-11.63734678373851,-11.619059581821094,-11.89531204165629
RIPOR1,-11.225906976540351,-11.567215767663523,-11.557455814739434
ENSG00000261386,-12.708679029774332,-12.73241650823886,-12.92691861347021
CTCF,-9.503619501934782,-9.626235615748211,-9.70197357964021
ACD,-12.138128992321539,-12.418768791566738,-12.336432746656431
ENKD1,-12.124175587367356,-12.293243139347107,-12.408653818680046
C16orf86,-13.040907680619318,-13.010656475427513,-12.903333453986026
GFOD2,-11.63582177692967,-11.701326203459814,-11.85488689499969
RANBP10,-10.87849234221873,-10.93663106829535,-11.028769651547345
CENPT,-11.596069449770964,-11.707311525746741,-11.865673693304522
THAP11,-10.657128895564597,-10.754787360735245,-10.733665738642152
NUTF2,-9.14589732759287,-9.276833379388199,-9.33073525854576
EDC4,-11.2371360352143,-11.325559023986834,-11.37613465553085
PSKH1,-11.620388557202064,-11.732134234409905,-11.826922064289764
PSMB10,-10.880936907542878,-10.921885763522925,-10.851597900270837
SLC12A4,-11.962921653312018,-12.129902465436384,-12.326915250952661
DUS2,-11.783501892453415,-11.80805001771648,-11.817207594046234
DDX28,-11.937453728250139,-12.090367710351932,-12.08130009327594
NFATC3,-9.811181794539046,-9.830007109382016,-9.928217664976069
PLA2G15,-12.558121262787278,-12.439646222663693,-12.603611820043316
SLC7A6,-10.935487293459396,-11.005537790704128,-11.386173384539322
SLC7A6OS,-10.866524613007599,-10.965500883674755,-10.980531940740748
PRMT7,-10.697651421075099,-10.732469949218665,-10.787963807696634
ZFP90,-10.083999412789074,-10.080680070593559,-10.17052849723238
CDH3,-9.529724498503363,-9.754180115830216,-10.026865698878034
CDH3-AS1,-10.833556569578192,-10.920242206300873,-11.012216236433353
CDH1,-12.811794387697207,-12.709210408163067,-12.337098716226548
TANGO6,-10.830194378008311,-10.729537229186166,-10.847123649489632
CHTF8,-12.927426455796683,-13.016251706943978,-13.095185796795864
UTP4,-10.609663346356536,-10.709222527032813,-10.773660659415743
SNTB2,-10.478318682395795,-10.594751011582318,-10.739493183566175
VPS4A,-10.223696978022172,-10.271104260451331,-10.262294794237102
COG8,-11.247512080496286,-11.365912095279942,-11.38202649520212
NIP7,-10.774876158401101,-10.94394125744174,-11.111651318669512
TERF2,-9.895036782956977,-9.895930005551111,-9.993886460636004
CYB5B,-9.664790992256188,-9.872153983120871,-9.930058050051857
NFAT5,-8.293462859889669,-8.301521323091837,-8.540409068981658
NQO1,-12.719027570925508,-12.672795787907177,-12.813398821905551
NOB1,-10.505891229238726,-10.740854546538113,-10.603041914469902
WWP2,-10.534010254084361,-10.541193369358213,-10.646582292709985
ENSG00000290459,-12.527877825528366,-12.649983960996243,-12.71362033956446
ENSG00000290709,-12.055595115265108,-12.13607471497843,-12.107803121379876
PDPR,-11.014730929014744,-10.455302803881754,-11.151941073898065
EXOSC6,-10.460140744159737,-10.588636947820738,-10.646981450729788
AARS1,-10.713824679550884,-10.715484913804715,-10.6476830152654
DDX19B,-10.948851839819225,-10.989966357268301,-11.029720727266852
DDX19A-DT,-12.221049337642444,-12.55772320194496,-12.253629766909164
DDX19A,-10.257140217290113,-10.355823094829146,-10.372140101985577
ST3GAL2,-10.31680061843216,-10.353076461815089,-10.658598866686653
COG4,-10.796465819839296,-10.864325707869563,-11.033722024981964
SF3B3,-9.7114931240268,-9.867419623868733,-9.851074320363038
MTSS2,-10.943743747884252,-11.06250756298102,-10.934566958698033
VAC14,-10.844405373410995,-10.957525661951975,-11.095469094348305
HYDIN,-12.923050048510536,-12.447582410175933,-12.644084724104243
CMTR2,-10.737141309467637,-10.696062907952609,-10.780463649466627
ZNF23,-11.72817349597518,-11.67974639746896,-11.796409538898848
ZNF19,-12.040441187907442,-11.89967473827646,-12.109635895356114
PHLPP2,-10.52881478853209,-10.499810479215935,-10.809969260006115
AP1G1,-9.736262906087395,-9.762701756392456,-9.91185844446234
ATXN1L,-11.274501445091836,-11.225293116312745,-11.487907599352704
IST1,-9.432323944731786,-9.499663474676968,-9.521473763091217
ZNF821,-10.688724860920239,-10.743573612576105,-10.949321276062138
DHODH,-11.840229586185234,-11.943541052831748,-11.855672784606135
TXNL4B,-10.376632722014229,-11.500297116453147,-12.442138844569529
DHX38,-10.601932648245713,-10.756128709323157,-10.954310720860024
PMFBP1,-12.011135003424405,-11.56259048290663,-12.026455330927321
LINC01572,-9.10375064013787,-8.889563929917019,-9.131138354177684
ENSG00000260664,-13.064352109063734,-12.932476285151854,-12.942652919186195
ZFHX3-AS1,-10.487983936651068,-10.594218512456298,-10.652521122664226
ZFHX3,-9.079932791488188,-9.337831699337903,-9.3100810268703
PSMD7-DT,-12.255571766407408,-12.365503318580739,-11.856846191962651
PSMD7,-8.884837822945835,-8.977504410388901,-8.981623335635879
ENSG00000259972,-10.389020700025984,-10.660825508853314,-10.453601166687749
NPIPB15,-13.266731473603572,-12.94844034225287,-13.111264249394507
GLG1,-8.62737671405245,-8.647813974580258,-8.763446544065202
RFWD3,-10.81159418656607,-11.004145060425396,-11.030213034208142
WDR59,-9.630779968253343,-9.765018899725627,-9.762766362132641
ZNRF1,-9.829642007250888,-10.077365219906783,-9.81077889308705
ZFP1,-11.423991809338819,-11.416377874651895,-11.478524865206948
BCAR1,-10.744749389533746,-10.875067816948784,-11.099928463112134
CFDP1,-8.759110001452626,-8.764183341362104,-8.692988373690264
TMEM170A,-10.440836644961298,-10.43148195227728,-10.507003628432047
TMEM231,-11.677115718231345,-11.690827631091322,-11.72351348960857
GABARAPL2,-8.810448754965947,-8.855831319061158,-8.931284425376194
ADAT1,-11.075847442156295,-11.01319171475233,-11.299948602749527
KARS1,-10.010190595597457,-10.168237094573772,-10.130143634442081
TERF2IP,-9.353021133988527,-9.372615395100972,-9.513482812109698
CNTNAP4,-12.616188319689607,-11.39711646047605,-12.162973398801848
MON1B,-11.128478022549336,-11.080606540296957,-11.262160365747341
SYCE1L,-12.925102521004035,-12.77237454088893,-12.788377699409942
ADAMTS18,-11.826672057659366,-11.631436820153207,-11.910764267820438
NUDT7,-11.201235629461884,-11.432390592619827,-11.053150516656904
VAT1L,-10.926646691867058,-11.711575406606213,-10.832791710352522
WWOX,-8.03106034887329,-8.100891391841733,-8.173345047768581
ENSG00000260816,-12.761611103449457,-12.87800298254247,-12.940803263168556
MAF,-11.400507629092663,-11.498818912123522,-11.114746077723453
MAFTRR,-13.166781905213,-13.131374703258238,-12.485529504389941
CDYL2,-12.209836902652858,-12.214694273195196,-12.210053071791801
CMC2,-9.537866182178943,-9.506163806250543,-9.5801790148644
CENPN,-11.003432699401241,-11.484298435012912,-11.532331365082715
ATMIN,-10.025165725605508,-10.016472118577825,-10.155791525608999
C16orf46,-11.926371866159277,-11.82090570853903,-11.93195246878539
GCSH,-9.383330298813418,-9.50507378064385,-9.494393362942926
GAN,-9.823982761421705,-9.752177871982692,-9.984217944399482
CMIP,-9.69434343506705,-9.664738060768482,-9.82574762824251
PLCG2,-9.40933479083891,-9.328675422355296,-9.479202490292302
HSD17B2-AS1,-12.64280196363345,-12.309612326252799,-12.755226767043682
MPHOSPH6,-10.827483816456246,-10.817182042311495,-11.106440385938063
CDH13,-10.846241666953647,-10.055103109316654,-10.569157258235306
HSBP1,-8.548543873158856,-8.604758037642297,-8.493544785347725
MLYCD,-10.482378345106167,-10.608909694469544,-10.691240936080158
MBTPS1,-9.509412162333877,-9.515607180768333,-9.674173645709969
HSDL1,-10.139470663602266,-10.116865528843846,-10.19920734270376
TAF1C,-12.37837584030729,-12.512761000460893,-12.594907328463393
WFDC1,-12.01317237361562,-12.234297577657957,-11.17484228268651
MEAK7,-11.402145970653361,-11.238274292140336,-11.08672144137629
COTL1,-10.61435368154943,-10.683088883772982,-10.936905086864115
KLHL36,-11.558539672531055,-11.543103039194245,-11.543092912344417
USP10,-9.124669596232804,-9.190627233296016,-9.245192094460899
CRISPLD2,-13.064545971839685,-13.215629609004448,-12.906763837394248
ZDHHC7,-10.467966084467792,-10.46136881728985,-10.515254022140287
KIAA0513,-11.80042787411573,-11.892734677040592,-11.711665183706751
GSE1,-8.864086823001955,-8.885473105206374,-8.960807250919105
GINS2,-10.634534326739164,-11.431514148897424,-11.285242682716621
C16orf74,-10.667797397193539,-10.66113928299207,-10.492881014045166
EMC8,-9.947418129358072,-10.085047721292275,-10.0657960060662
COX4I1,-7.559928163731835,-7.6931005074582,-7.620628321716927
LINC01081,-12.54599694444634,-12.741060223333722,-12.866361790963886
MTHFSD,-11.423567246529364,-11.448071647626723,-11.5500070125335
C16orf95,-11.603007039048023,-11.88209409728409,-11.830533213038521
FBXO31,-11.61421150762039,-11.649815995599269,-11.708662130000459
MAP1LC3B,-9.032704956681568,-8.95770660973957,-9.01884503424945
ZCCHC14,-10.034698648766954,-10.142517659656153,-10.215277957849173
JPH3,-11.767545957812235,-11.585923998612556,-11.837120342795725
KLHDC4,-11.033903912229437,-11.095736286578925,-11.318273223353613
SLC7A5,-12.155716292211839,-12.324677030162697,-12.33102859775843
BANP,-10.51172394014215,-10.636333016909775,-10.745714030126399
ZFPM1,-11.020329189664967,-10.962198463015024,-11.043569983600923
ZC3H18,-10.218347442522647,-10.337769709304622,-10.419940419674193
CYBA,-9.584663217061449,-9.751372401957147,-9.648415894977601
MVD,-11.571413472188596,-11.414314521565203,-11.63083006218444
SNAI3-AS1,-12.047815483616628,-12.157094003233647,-12.183834311967443
RNF166,-11.754660291402669,-11.929410321915752,-11.867801890291439
CTU2,-12.42166907103603,-12.545644712590208,-12.508061721305218
PIEZO1,-11.50191682129597,-11.54753470467558,-11.829487515733616
CDT1,-11.768997931088755,-12.601589319872502,-12.422844010050268
APRT,-9.953728077495587,-9.827331825692035,-9.646771073473214
GALNS,-11.676813072785757,-11.75086483498829,-11.74830277932099
TRAPPC2L,-10.178279204629119,-10.176827756523997,-10.330974574099724
CBFA2T3,-12.664877643504061,-13.062829322794338,-12.849314329166164
ACSF3,-10.854663665653534,-11.001261574486623,-10.993659149919365
ZNF778-DT,-11.952202593489552,-12.581310146941995,-12.153979508716887
ZNF778,-11.854701411722797,-11.636015056042279,-11.912767920147402
ANKRD11,-8.283059952193682,-8.330209203323541,-8.445076634070398
SPG7,-9.973175111487047,-9.940065831152015,-10.211219490495747
RPL13,-5.9128552273888415,-6.068455295543675,-6.003080317103826
CHMP1A,-10.987523794689048,-11.059600245485719,-11.076401555732268
SPATA33,-11.71678394364292,-11.782024244244182,-11.847660919904193
CDK10,-11.243065764559866,-11.346589750190068,-11.443040074482978
VPS9D1,-11.179288442250634,-11.132525694112305,-11.239806870545838
ZNF276,-11.49884779976544,-11.453753005302403,-11.679482872939184
FANCA,-11.126938125923555,-11.47018730347168,-11.505687151953765
SPIRE2,-12.573016262349649,-12.301499094033387,-12.58877817518465
TCF25,-8.85130777775427,-8.85063524616367,-8.924687723263887
DEF8,-11.255413854552188,-11.309768589944921,-11.394575268125925
GAS8,-12.859146908572567,-12.093056495272423,-11.29022203296028
RPH3AL,-11.32434905839976,-11.463477521836895,-11.303749920487407
C17orf97,-11.181853118155038,-11.280601205887223,-11.510836512937665
RFLNB,-12.21717913606878,-12.365683702393508,-12.231662766253159
VPS53,-9.431787386999334,-9.405239971560924,-9.435575882658828
TLCD3A,-11.773410344763684,-11.955025332029283,-12.128312577004039
GEMIN4,-11.964277315930643,-12.095156588711408,-12.059701417516104
GLOD4,-9.669904141984716,-9.790853828829905,-9.864814154132924
MRM3,-11.29436956302092,-11.421459146693644,-11.420623964484559
NXN,-8.948552079929378,-8.937152266409187,-9.227961924152519
TIMM22,-10.317632862781965,-10.494305741479169,-10.52483791299079
ABR,-10.705048184819086,-10.880793081772374,-10.893750216422516
YWHAE,-7.6237313664767665,-7.775995488753529,-7.702731559967921
CRK,-10.200853527929016,-10.274891541870215,-10.425987733294397
MYO1C,-10.8651250160062,-10.758901142635484,-10.908796647001235
INPP5K,-12.135466070453736,-12.235519085777817,-12.518135904852231
PITPNA-AS1,-10.948718179472255,-10.985689717483286,-10.902588928983763
PITPNA,-9.706262017654199,-9.69476374043973,-9.947216898744674
SCARF1,-12.505283699537516,-12.514155678935348,-12.326205663454632
RILP,-11.889482224419126,-11.926842331494123,-11.532276137969397
PRPF8,-9.346071879364597,-9.388401536627534,-9.483416541262596
TLCD2,-12.197285561218424,-12.059846526963904,-12.48403091801513
MIR22HG,-12.078151875409025,-11.4529683355085,-11.976153770066311
WDR81,-12.59287647600268,-12.701908375765202,-12.854369204120776
SERPINF1,-10.972236393833684,-10.769738506451171,-10.748393520973785
SMYD4,-10.840669912704486,-10.899383905377821,-10.979208073083413
RPA1,-10.151167311225251,-10.341988564616285,-10.3390208312601
RTN4RL1,-10.836325406422043,-11.0413924745426,-10.985328520204563
DPH1,-11.892087558825368,-11.955136230194984,-12.169141955962255
SMG6,-8.967853623246194,-8.923683938581377,-9.132698233038687
SRR,-11.057237509476378,-11.033657287429932,-10.944238765151475
TSR1,-10.056268393335763,-10.238156046823846,-10.23429296768189
SGSM2,-11.302741202027496,-11.28866259494784,-11.54339499056684
MNT,-11.781545314247976,-11.847751591535829,-11.98945632127654
METTL16,-9.709743049660554,-9.681406016570168,-9.862439351439086
PAFAH1B1,-8.481005419345205,-8.485302315613193,-8.612227943482534
CLUH,-11.578286921927532,-11.614940182185208,-11.513651886201313
ENSG00000262050,-12.699822035656322,-12.464629189881176,-12.165853757930007
RAP1GAP2,-12.599464696929466,-11.883437022847387,-12.244917388919896
TRPV1,-11.736367040887759,-11.81770657080578,-11.818087163221199
SHPK,-11.302849954509545,-11.30697689693295,-11.416490790870839
CTNS,-11.336527588974528,-11.272913459650075,-11.654260529857238
TAX1BP3,-9.761488492703277,-9.800239721260766,-9.686014498386728
EMC6,-9.65322203749648,-9.696987015731231,-9.695485740498427
ITGAE,-10.031548522221488,-10.099364852930446,-10.129938897925369
NCBP3,-9.234478809778828,-9.23358204134155,-9.285893314784776
CAMKK1,-12.231581646085065,-12.115383927443284,-12.041400867290031
ZZEF1,-10.169232818818866,-10.238773698596692,-10.319195438236038
CYB5D2,-11.211791658069004,-11.443540075768027,-11.64075903052095
ANKFY1,-10.009257189644385,-10.069657219899378,-10.279538543822275
UBE2G1,-8.965823772722137,-9.015847483121247,-9.135810243526285
MYBBP1A,-10.945944336361048,-11.113519743703593,-11.147245654346015
SMTNL2,-10.314278411357723,-10.293241254041213,-10.051204560629435
PELP1,-10.57754785082315,-10.659458197134173,-10.765553298955135
ARRB2,-12.196792183540731,-12.283590530333152,-12.262392504867739
MED11,-11.113174956900648,-11.197364741238856,-11.147257013881822
PSMB6,-8.867965916072704,-8.96869011661295,-9.069186419573608
PLD2,-12.231211264672043,-12.311165342883388,-12.645675584546186
MINK1,-11.097048249732515,-11.080021866612373,-11.329286015629354
CHRNE,-12.693165293061439,-12.37555294107461,-12.71627664842755
SLC25A11,-9.877850237553485,-10.0903408036867,-9.931620657200483
RNF167,-10.274235385265918,-10.30399895811077,-10.367191609559635
PFN1,-7.235425790875574,-7.369324759555593,-7.366806780726235
ENO3,-8.981536150462544,-8.809347531672058,-8.799612630388355
SPAG7,-9.18481392025699,-9.346208622540527,-9.352741044220618
CAMTA2,-12.248601587652587,-12.199444985347558,-12.417700176638803
KIF1C,-10.266609155571507,-10.295099763131947,-10.641043141635231
ZNF232-AS1,-12.248183671544654,-11.935882728321582,-12.15157045140749
ZNF232,-11.758888207698815,-11.810767647623926,-11.805191206793031
ZNF594,-11.218308880411374,-11.271745567978808,-10.934389792597537
ZNF594-DT,-11.919674054759577,-11.81924808661949,-11.763677433802311
RABEP1,-9.090121047172415,-9.099264507800672,-9.130552102584407
NUP88,-9.930227654191894,-10.020104352623973,-10.182564765943479
RPAIN,-9.087808128176926,-9.232477980314075,-9.19338744950165
ENSG00000263272,-12.556518928204111,-12.798496485311718,-12.786089624010582
C1QBP,-8.688674880212588,-8.913633623799122,-8.876485359872467
DHX33,-10.863971578499173,-11.003747202489498,-10.980514706432375
DERL2,-10.697556927070401,-10.729102344983424,-10.801664764694012
MIS12,-10.629051719288055,-10.514311663456978,-10.657728585805392
WSCD1,-13.153706643271564,-13.171608148136867,-13.092107868511997
PIMREG,-11.890069450374893,-12.750115892744324,-12.440678931229986
KIAA0753,-9.915032389268662,-9.983763774410843,-10.157571635327653
TXNDC17,-9.058265121933383,-9.273320038603982,-9.334235848417814
MED31,-10.565750549868163,-10.742408201327528,-10.9090904934769
C17orf100,-12.48173076291184,-12.410947762170336,-12.523725360584514
ALOX12P2,-12.156062382529154,-12.32490090143476,-12.10064420467361
ALOX12-AS1,-10.178127941374209,-10.093380499866745,-10.493732733425073
RNASEK,-8.649327958753803,-8.717509034092453,-8.715556843154662
C17orf49,-10.071673962640814,-10.087385074919743,-10.087628696292645
ASGR1,-11.567035944792346,-11.689289576343656,-11.826995190390742
DLG4,-11.846017798516092,-11.79003920850526,-12.065102530997716
ACADVL,-9.700742688677428,-9.737966882184352,-10.090110029096541
DVL2,-11.247323931062821,-11.351341263691413,-11.370386374307111
PHF23,-10.041758517951804,-10.09455362273925,-10.227807523290698
GABARAP,-8.119515815043147,-8.280592742565668,-8.193496477611076
CTDNEP1,-9.983880747590328,-10.061462039564741,-10.104616226478425
ELP5,-10.612138090112092,-10.252584688189465,-10.639019717752301
SLC2A4,-12.042940518109093,-12.01466994552328,-12.266147293913138
YBX2,-12.235352932973157,-12.117008930065687,-12.478842939527189
EIF5A,-8.95977053675858,-9.385929461560876,-9.350980355613004
GPS2,-10.314485830664424,-10.47512078990106,-10.462760466446172
NEURL4,-12.387768383790185,-12.352591110612961,-12.619491377751332
KCTD11,-12.764932522244573,-12.65460730790007,-12.80358449261901
PLSCR3,-11.850723352390487,-11.987603620661355,-12.12586385364021
TMEM256,-9.193141938024928,-9.418614064803352,-9.096691383562906
NLGN2,-12.209820441251981,-12.033128100150032,-12.438764804367123
FGF11,-11.747041794529943,-11.734040603464585,-11.303813302767875
CHRNB1,-11.986142177987276,-11.733700786292795,-11.86216726115345
ZBTB4,-10.588481803567865,-10.527833007472339,-10.698034788266526
POLR2A,-9.601136744880053,-9.671632097968763,-9.816926348776985
SENP3,-11.473013796412705,-11.566891822432998,-11.725359666576635
EIF4A1,-7.726764198414974,-7.972924887782204,-7.9310292532165745
ENSG00000233223,-12.869821120682175,-12.942849238789847,-12.93082459102934
MPDU1,-10.951657008812536,-10.870729375522387,-11.14581991734075
FXR2,-11.004683420313167,-11.083615458482713,-11.17788993087995
SHBG,-12.689322967474759,-12.779868922299666,-12.699834613308903
SAT2,-9.77250056646962,-9.863066166180259,-9.764714753855769
ATP1B2,-9.752996918733844,-9.482749455984528,-9.881124786842541
TP53,-10.936197246370861,-11.109120454296185,-11.154951997976466
WRAP53,-11.969025568569345,-12.257162554574109,-12.125312659894288
EFNB3,-10.554881154606763,-10.841292280563515,-10.629954473632711
KDM6B,-10.137025136766594,-10.222966493513766,-10.225617474119494
TMEM88,-9.829170461130728,-9.806129396349569,-10.287891321586338
NAA38,-9.594837487779106,-9.563157898921826,-9.6924624118096
CYB5D1,-11.752049172772962,-11.883130343547037,-12.036582667179147
CHD3,-10.139907686222527,-10.192453014323108,-10.320523729552704
TRAPPC1,-9.355757663621949,-9.42153164299919,-9.442004229235229
CNTROB,-11.756165566942993,-11.96215872625443,-11.988775542957619
PER1,-11.725593014348329,-11.612427828876182,-11.832908442714105
VAMP2,-9.616997770672258,-9.659390287037693,-9.588845154697529
TMEM107,-10.947081500769073,-11.07107469821857,-10.816066380375673
BORCS6,-12.336945359255674,-12.338904307259552,-12.315426179645334
AURKB,-11.285232334512497,-12.096559283639287,-11.768154797144788
CTC1,-12.203441786154718,-12.134254985248544,-12.330443478896163
PFAS,-11.022926201147822,-11.236357072869046,-11.129640889140811
SLC25A35,-12.961101098685656,-13.214733253308893,-13.159458587216436
RANGRF,-10.91203817108874,-11.034308956531182,-10.853913439181072
KRBA2,-10.611453410875574,-10.621104180184295,-10.495018662834996
RPL26,-6.568192696632499,-6.730290509971114,-6.6526903628735035
NDEL1,-10.659056484500404,-10.698501840397844,-10.752310883035344
MYH10,-8.009928322198446,-8.041706653991401,-8.24483532335298
NTN1,-11.686486632272196,-12.957925432523949,-12.584645628056256
STX8,-9.51845050842429,-9.555362442847386,-9.592677111480315
USP43,-13.087088523899332,-13.190589472307598,-12.994070152953606
GAS7,-10.573625411021064,-10.47000792604854,-10.78003744105492
MYH4,-13.00525364299465,-12.98052610148584,-12.78746489179993
SCO1,-9.820120510403775,-9.888906208699606,-9.901190567753265
ADPRM,-12.158336991249387,-12.272825203700737,-12.168706504661255
TMEM220,-11.4043482216562,-11.270280838642574,-11.225353104164048
TMEM220-AS1,-12.307311369154599,-12.395223788384174,-12.324647039634357
SHISA6,-12.500660206878983,-12.445871956881383,-12.71011735475792
ZNF18,-12.526516163073634,-12.523964226490147,-12.463690873592874
MAP2K4,-8.668970473515818,-8.694220054754656,-8.76740046503289
LINC00670,-11.64974441897215,-12.355425861748138,-11.67260737567155
MYOCD,-7.110507224658242,-7.175691820156822,-7.331810749637309
MYOCD-AS1,-11.046442277104179,-11.006177492561113,-11.210583387170377
ARHGAP44,-9.788540320697695,-9.918340707978308,-9.678875065334593
ELAC2,-10.422586271127681,-10.60775515490666,-10.732041014066402
HS3ST3A1,-10.265577075327124,-10.379401137166827,-11.536858420510928
COX10-DT,-10.773466773490789,-10.847792363573541,-10.952146539287506
COX10,-9.7851793205012,-9.822040181041027,-9.926330068013522
HS3ST3B1,-12.371998827320331,-12.387281465174299,-12.722322680577172
PMP22,-9.892094686547098,-10.24100236005995,-10.44313052205984
CDRT4,-11.897112257004315,-11.005077074409972,-11.156842268583546
TVP23C,-10.60105870230165,-9.491109131995811,-9.711245771806023
TRIM16,-10.60223877519689,-10.599819239140839,-10.647659051554232
ZNF286A,-10.222914842832079,-10.381025439341279,-10.31911266592575
ADORA2B,-12.659840097170296,-13.15398099298124,-12.727239903759713
ZSWIM7,-9.884109113635622,-9.921188687713903,-9.869757720362548
TTC19,-9.386498252473542,-9.478750447169121,-9.451227677204926
NCOR1,-8.332539246877829,-8.358754588662345,-8.41283119085973
PIGL,-10.17422011924627,-10.244748682972428,-10.343831241406646
CENPV,-10.17293879047438,-10.318828871833688,-9.933457131367756
UBB,-8.39296102502579,-8.562881076689312,-8.260627070655541
SNHG29,-7.127838169405277,-7.287701074034518,-7.3037346157168725
LRRC75A,-11.061336863909302,-10.957324141635683,-10.951586073289771
ZNF287,-11.783108160875654,-11.758172560705818,-11.812529289596917
ZNF624,-11.751253246056566,-11.615559538409283,-11.940446872948684
CCDC144A,-12.73669229095965,-12.722123076359104,-12.975265102757508
MPRIP,-9.399498181727795,-9.531148741766332,-9.538058962275878
FLCN,-12.103703243207255,-12.062043021325891,-11.966396838108466
COPS3,-9.702935158388495,-9.909822153527875,-9.938713597777069
NT5M,-11.682638576928102,-11.839947716255347,-11.527551358533607
MED9,-11.018679096337138,-11.034947600504355,-10.945702895583121
RASD1,-12.389721005788669,-12.229281502829965,-11.192366433582947
PEMT,-10.520508770862246,-10.771030107686252,-10.356093065955127
ENSG00000264666,-12.455795781356493,-12.593419761674664,-12.3675023038675
RAI1,-10.510034486412488,-10.66675376733,-10.781715635177086
SREBF1,-12.20935862447169,-12.293183357806056,-12.379160391368908
TOM1L2,-9.909954182937229,-10.054094567668733,-10.082288075775681
ATPAF2,-11.251524543772975,-11.451220219545663,-11.264026491423722
GID4,-11.18865576601717,-11.303980007652022,-11.12182811692137
DRG2,-10.795823184509047,-10.887868296218448,-10.87601285013441
ALKBH5,-9.70227858067053,-9.783360891411466,-9.671889614925139
LLGL1,-12.681851506093462,-12.788291594374572,-12.816356702567825
FLII,-10.491655394775913,-10.557885599763953,-10.624279013234858
MIEF2,-11.895971473012798,-11.969491902787999,-12.068610232989558
TOP3A,-10.427894577768267,-10.784831420949184,-10.803508702268104
SMCR8,-11.756102242472435,-11.879996599621949,-11.992625545039436
SHMT1,-11.270168025421293,-11.545557629521259,-11.32829964519536
ZNF286B,-12.109208097549578,-12.14226965674643,-12.210810239701331
FOXO3B,-12.789741687596477,-12.963514356590121,-12.897494594225014
TRIM16L,-11.777253238004574,-11.7614363582758,-11.71984124309113
TVP23B,-11.300570108169685,-11.273363450712514,-11.189684456942466
PRPSAP2,-9.735965563570057,-9.928181676591594,-9.921624740876986
EPN2,-9.258191093229586,-9.429785909738216,-9.476533146909585
B9D1,-10.678667119553944,-10.73157407043797,-10.854890117425915
MAPK7,-11.904258815960771,-12.056236799110417,-12.222051485053939
MFAP4,-11.954499982388757,-12.066417268948936,-12.684788693882895
ENSG00000235979,-12.550596764642185,-12.800551119897909,-13.053932906956595
SLC47A1,-12.229843314273918,-11.895850563560932,-12.214026155311167
ALDH3A2,-9.67435705285195,-9.678820111097568,-9.68812232027701
ULK2,-10.519575033217468,-10.522474695071649,-10.481987932474967
AKAP10,-9.640580427933616,-9.698342523990586,-9.844580748729122
SPECC1,-9.700830570209353,-9.721194906278699,-10.006494236121826
ENSG00000291194,-12.400959213759277,-12.458335504795107,-12.796236475681747
CCDC144NL,-11.861648755695395,-12.483495691421739,-11.814005592699463
CCDC144NL-AS1,-7.927193054158521,-8.423305846291305,-7.901844940663031
USP22,-8.730223435439118,-8.751353603370376,-8.873361888448681
DHRS7B,-10.092326877166075,-10.020391700334727,-10.239916182042426
TMEM11,-10.58160331266619,-10.731736495398096,-10.670885893634775
NATD1,-12.369399300298705,-12.41718137917919,-12.449286059114586
MAP2K3,-11.490216748419849,-11.725387431203073,-11.505109737450232
KCNJ12,-11.935279347602908,-11.989233731270891,-12.002728054543587
LINC02693,-11.472247531475354,-12.367819859540205,-11.928263167728616
UBBP4,-12.186299424536147,-12.667117993447558,-11.558167034062881
WSB1,-7.822922516827378,-7.88761920882944,-7.635367609461632
KSR1,-10.654940247730897,-10.72955450548609,-10.881205693582379
LYRM9,-11.887342105778739,-12.026599565677811,-12.00085454440452
NLK,-9.25660467656404,-9.23925895912939,-9.415205976662358
TMEM97,-9.812997566503208,-10.105038574649688,-10.037794222607586
IFT20,-10.027552708685404,-10.077086252155855,-10.103803921968629
TNFAIP1,-10.973326070563031,-10.921283786887269,-11.124193221238626
POLDIP2,-10.380523588059132,-10.50595504793328,-10.410760259721703
TMEM199,-10.921807680568241,-11.023417043740839,-11.065641193813265
SARM1,-12.047211873681958,-12.12186574986403,-12.262288169867146
VTN,-12.838447498004635,-12.67596805549975,-12.180757229172114
RSKR,-11.777470722463145,-11.827406224941377,-12.044341975647564
UNC119,-10.978789202595843,-11.101812178290913,-11.009825118794705
PIGS,-10.25942051142186,-10.344315371804777,-10.452946353874621
ALDOC,-11.761153377812331,-12.069836247595088,-11.17286233012137
SPAG5,-11.684474330621894,-12.513142122950622,-12.307258778066457
BLTP2,-10.165731420554737,-10.164697819394325,-10.352146082939953
SDF2,-10.347777414768377,-10.406148590713272,-10.488400422711456
SUPT6H,-9.442254570362548,-9.470080406658067,-9.676441228964258
PROCA1,-12.840544094877416,-12.379926228218837,-12.438401663624088
RAB34,-10.167090566106005,-10.27833932737494,-10.278662267195994
RPL23A,-7.07473185194019,-7.098314167241264,-7.084423626421274
TLCD1,-12.994954617704382,-12.971516566581192,-13.018820936569009
TRAF4,-11.215450249204364,-11.271746573123322,-11.441446886735958
FAM222B,-9.79378601174848,-9.798872249128001,-9.93826309620185
ERAL1,-11.159271591042165,-11.3187248506572,-11.32670898677704
FLOT2,-10.419909532767745,-10.52071537942616,-10.57912323799432
DHRS13,-12.152141327582395,-12.323854354824975,-12.219028501177169
PHF12,-10.247043148359545,-10.279160293903463,-10.568909074785765
PIPOX,-11.754935245013968,-11.786964353783521,-12.49667193375364
MYO18A,-9.218611738261746,-9.227437537121173,-9.365092270429782
NUFIP2,-8.983473190753244,-8.941391780317504,-9.058251612405646
TAOK1,-8.64592025256347,-8.63735467315139,-8.776086015032408
ABHD15-AS1,-12.078691040833192,-12.074295710970715,-12.000295747915136
TP53I13,-11.120244968540346,-11.075595855415063,-11.130266152343864
GIT1,-11.617029012824483,-11.759228819813703,-11.66833444024479
CORO6,-11.256198220684166,-11.145299047129146,-11.238820835190536
SSH2,-8.12703243677924,-8.06622054831658,-8.158205976895468
ENSG00000263657,-12.584670670509137,-12.478045398590982,-12.53131198103986
EFCAB5,-11.97190206002797,-11.738144908182054,-11.718601080114048
NSRP1,-9.245837857649427,-9.285120253844758,-9.338298712695762
BLMH,-9.793941359406988,-10.073636542381783,-10.0674109700924
CPD,-9.70066067238213,-9.629273606702492,-9.703509614202728
GOSR1,-9.454618283529054,-9.465857068911333,-9.531718716996615
ENSG00000214719,-11.646494302482168,-11.833924941584694,-12.01906050535516
ENSG00000290450,-11.120156807174727,-11.297505216819326,-11.453736787797064
ENSG00000290928,-9.038056077608589,-9.033812390445123,-9.106180671467605
CRLF3,-10.098421504104946,-10.384593863572777,-10.407568877652055
ENSG00000266490,-12.981969952132648,-12.795457664410007,-12.743705087941422
ATAD5,-10.147168930231379,-10.469777445788278,-10.443085049188388
ENSG00000265334,-12.939697135043936,-12.629562720117072,-12.751683578995635
TEFM,-10.719628279465645,-10.660294449075817,-10.725935818867091
ENSG00000291063,-11.898452901543287,-12.003672909021102,-11.97827426296728
MIR4733HG,-12.787799607444105,-12.72459545208853,-12.99916649715238
NF1,-8.274729780611079,-8.195941916706554,-8.44320289352622
OMG,-13.03881401597602,-12.820909136444525,-13.00590570222321
RAB11FIP4,-12.589992149189799,-12.864362944562233,-12.254404150656223
COPRS,-9.98485841085991,-10.161209442586593,-10.042265984463196
UTP6,-10.059954309811253,-10.109361172704553,-10.170043330970879
SUZ12,-9.097328338913997,-9.109738713506411,-9.224422388278201
LRRC37B,-11.050448742179894,-11.072072066211419,-11.230568498923388
ENSG00000214708,-12.388205018836985,-12.118486288942318,-12.254063163261828
RHOT1,-9.530564836640362,-9.524022835332886,-9.59704719440051
C17orf75,-10.16360198110016,-10.258490680721634,-10.186735608576578
ZNF207,-8.771016354654837,-8.794294912580474,-8.898101009169286
PSMD11,-9.500002814207672,-9.625089888129859,-9.618039681481397
MYO1D,-8.307245930951991,-8.337664513529042,-8.653098313892116
TMEM98,-8.977751801401665,-9.056244213572537,-9.27855607558479
CCT6B,-10.925153304969436,-10.981016279817146,-11.390534053072088
ZNF830,-10.530889641145409,-10.534130034742878,-10.53163922999462
LIG3,-10.303142936621862,-10.26542265040598,-10.307605058222514
RFFL,-10.863893632032163,-10.887161482991612,-11.024854802413548
RAD51D,-11.307477881604843,-11.42816047920356,-11.478377897909448
NLE1,-12.056340290118397,-12.413038682445304,-12.30424142015233
UNC45B,-8.980421703378122,-9.012147792858082,-9.112084982744955
ENSG00000266947,-12.635255814318784,-12.697359552960911,-12.60183043091648
SLFN5,-11.361635289370943,-11.43167610948691,-10.77477967513259
SLFN13,-12.902706432763704,-12.608939159553744,-12.949432711586981
SNHG30,-10.8334583900715,-10.97482407079014,-10.881278505708812
PEX12,-12.580180519437652,-12.533784132082639,-12.556736645356676
AP2B1,-9.25605237558155,-9.2954207699967,-9.326345988948383
RASL10B,-11.294141195562517,-11.41512959211752,-11.509198174883485
TAF15,-8.396442606860353,-8.455853001003879,-8.58772134049995
ENSG00000270871,-12.753796266116913,-12.773745707741714,-12.845446562610316
ZNHIT3,-9.640797455440445,-9.85019256915661,-9.804457762848022
MYO19,-10.70973120799658,-10.911036546875737,-10.78541675104711
PIGW,-11.93792717734875,-12.15585839612169,-12.307299852871257
GGNBP2,-9.276850190607208,-9.307275652902735,-9.391657414141083
DHRS11,-12.349041006485827,-12.430034346629267,-12.545149810443764
LHX1,-12.10576250202169,-12.947404075813077,-12.515788845759323
AATF,-9.926209296948596,-10.032148788943532,-10.09448272685241
ACACA,-8.91506371395949,-8.919859500856898,-9.140628187795395
TADA2A,-10.450227502387643,-10.487745279920082,-10.539086133122641
DUSP14,-10.833486734241328,-10.874444461864256,-11.031809605656926
SYNRG,-9.56747290803703,-9.50153575037835,-9.678774943363269
DDX52,-9.429981956661557,-9.54751519108258,-9.566444293840282
NPEPPSP1,-11.146345475873558,-10.959449012053462,-10.251378856525823
MRPL45,-9.976294708936491,-10.116589502694998,-10.225824401661352
SOCS7,-10.727023187131493,-10.73458579007289,-10.812157328824403
ARHGAP23,-11.72618793415471,-11.789983680330268,-12.291980428553824
SRCIN1,-12.307841069114401,-12.171414026363694,-12.472555118457699
ENSG00000277969,-12.59115427287762,-12.609570432522922,-12.546243568101964
MLLT6,-10.56016733547171,-10.70574895543874,-10.808471896318178
CISD3,-11.124939865510669,-11.249581273042264,-11.160096550894766
PCGF2,-10.964426557164916,-10.963851133596894,-11.05534484502809
PSMB3,-8.90982940235268,-9.101092928145261,-9.088223469291243
PIP4K2B,-10.375004636876682,-10.392432727786856,-10.686925635468112
CWC25,-10.900778655004299,-10.941442432366312,-10.934296984075022
RPL23,-6.3855070125457,-6.560362157537772,-6.4836193586404605
LASP1,-10.726868872957583,-10.911295698457478,-10.909750611650042
CACNB1,-12.677701635014717,-12.346678975235905,-12.533737019656154
RPL19,-6.589117061234804,-6.7623932975691305,-6.797814238652447
FBXL20,-9.329026929303167,-9.445204180300978,-9.763818578127482
MED1,-9.812525641182598,-9.878794340242255,-10.065516367166758
CDK12,-9.315664581797577,-9.306793131395748,-9.425419674376457
STARD3,-10.9971102814051,-11.108665652383236,-11.185875006178552
TCAP,-10.447180028622572,-9.982904126942971,-10.396799157433229
PNMT,-11.575140219185709,-11.781150438107186,-11.923234210095872
PGAP3,-11.983149666938052,-11.948363937315001,-12.007287355681026
ERBB2,-9.555473535595285,-9.654276215416003,-9.834946025989725
MIEN1,-10.466695096154286,-10.421822692467565,-10.429739578636926
GSDMB,-12.37842114925572,-12.392812721191811,-12.481014928303575
ORMDL3,-11.672800063345168,-11.684027367404266,-11.76886817624915
PSMD3,-10.147010001217673,-10.25937905764987,-10.204021261031565
MED24,-10.725728893399246,-10.797219991989072,-10.919967297276191
THRA,-10.067007703469686,-10.107279987097886,-10.111065372426017
MSL1,-9.882013917442064,-9.87431571780682,-10.18265496755573
CASC3,-9.995816679868131,-10.047249422683507,-10.136008646971375
WIPF2,-10.284352462595137,-10.239516890353656,-10.513310109210185
CDC6,-11.031548203314928,-11.803175239867917,-11.687104000443435
RARA,-11.435125504762695,-11.62873235282133,-11.622877350880488
RARA-AS1,-12.991663703711655,-13.072282294622866,-13.115974666235529
TOP2A,-8.997007781177125,-9.796593729479932,-9.457219722151548
IGFBP4,-11.108231947648841,-11.41850473706579,-10.691773320582328
SMARCE1,-8.488100245619773,-8.512140599926436,-8.517547093377054
ENSG00000278834,-12.947167707552568,-12.821649473834993,-13.134914465573253
KRT10,-9.233690741315712,-9.304763548640027,-9.311475655711956
KRT10-AS1,-11.7675728765469,-12.013261424836875,-11.990572826085026
KRT19,-9.14076233788128,-9.451641575731578,-8.962904467000211
EIF1,-7.661879246745878,-7.709145110938933,-7.694589010640358
JUP,-9.59603984165703,-9.668602852744879,-9.840665200081066
P3H4,-10.077584164106211,-10.105521370559256,-10.41127146809103
FKBP10,-9.625921561336979,-9.699004940947232,-10.010515499568081
NT5C3B,-9.875400711598088,-10.040713633307012,-9.89454258661141
KLHL11,-12.199604134523575,-12.158180588066546,-12.22376500131708
ACLY,-10.408378730181344,-10.492407429569422,-10.577501046262679
ODAD4,-12.563490000457318,-12.45872906787741,-12.892705489320008
CNP,-11.139746653446501,-11.32177123337528,-11.346052720370455
DNAJC7,-8.901790288356372,-9.009852862995013,-9.071636818036051
NKIRAS2,-10.27604646001967,-10.385685957022337,-10.445731860391804
KAT2A,-11.609347344926254,-11.541028718229219,-11.642807374724587
RAB5C,-10.574732176033397,-10.667342674985926,-10.68052944040945
STAT5B,-9.713306820192079,-9.767633086970113,-9.798498559578862
STAT3,-9.46906875435477,-9.601735424441483,-9.419286711095268
CAVIN1,-9.92053175462162,-9.755821809603917,-10.850535281272009
ATP6V0A1,-10.17648274714778,-10.05691509922881,-10.377345859123547
NAGLU,-11.551646104543993,-11.647476597693307,-11.73667011058527
HSD17B1-AS1,-12.56835255988869,-12.535314101792991,-12.496527831501613
COASY,-11.65656346930634,-12.254384464002914,-11.62939539530444
MLX,-10.765455904853003,-10.920365321857245,-10.928150532289235
PSMC3IP,-11.927895396253485,-12.449064891961854,-12.331407030990663
RETREG3,-10.913759811461823,-11.007589080617073,-11.180652387990023
TUBG1,-10.989094288350117,-11.093003929280323,-11.176823003075373
TUBG2,-11.440626234641769,-11.50463917098226,-11.630952693381733
PLEKHH3,-11.492199652483228,-11.640478478793918,-11.627505328938907
ENSG00000267042,-12.68663432538149,-12.710999084551522,-12.679735213528543
CNTNAP1,-12.353166455151841,-12.440980643841106,-12.54317227994351
EZH1,-10.271218785678514,-10.197465929941487,-10.321879660977913
RAMP2-AS1,-12.549911313300573,-12.01070335470278,-12.586890288498912
RAMP2,-11.44918219702597,-11.044950401849064,-11.433362039860796
VPS25,-10.206928358381962,-10.33323392552638,-10.304483363556349
COA3,-9.620110203275893,-9.81234737207507,-9.671353776971666
BECN1,-10.274129439655107,-10.256647993119165,-10.386855476782086
PSME3,-10.440033696649692,-10.498710001192272,-10.567273971748849
AARSD1,-9.91978895102096,-9.844546034420231,-10.21837698438509
PTGES3L,-10.414053546459108,-10.493707408867063,-10.048674591911277
RUNDC1,-10.853437835025051,-10.795580960095053,-10.922810452116329
RPL27,-6.840563797949769,-7.0015726436872,-6.9939186734405565
VAT1,-10.81513689518852,-10.824531938211859,-10.416247699713164
RND2,-11.374963779915669,-11.22883711319536,-11.007970619029825
BRCA1,-10.631988246658388,-11.095871324495485,-11.106852239961636
NBR2,-11.725627578417175,-11.585739234283277,-11.691829005048263
ENSG00000267002,-10.816408914256996,-10.658150532116986,-10.875670954830506
NBR1,-10.129229477668627,-10.126364493709682,-10.322227930409605
TMEM106A,-12.740430951296695,-12.451973211093616,-12.329127260782023
ARL4D,-11.93304688303299,-12.00118680326625,-11.513124480116154
DHX8,-10.466813739191803,-10.500920919253135,-10.572504052589798
DUSP3,-10.329482954315564,-10.333950187126284,-10.291086523035771
MPP3,-11.843431745753138,-11.886606506743078,-12.016531615750102
MPP2,-12.02532923231443,-12.199196295285795,-11.929902238729529
TMEM101,-10.844112618968538,-10.910009158919173,-10.936764035348078
LSM12,-9.631055194638021,-9.747795156523425,-9.772682057590512
G6PC3,-10.661356488983342,-10.648555011079594,-10.77557412010369
HDAC5,-10.278148432952102,-10.351995464853658,-10.578486358359138
ASB16-AS1,-11.83409597642302,-11.960521878814628,-12.200511325884337
TMUB2,-11.254631773016824,-11.25928059700269,-11.383236594656253
ATXN7L3,-10.801120917020603,-10.700713884360422,-10.90944539923163
UBTF,-9.27508141215197,-9.38295376228892,-9.391688268125877
SLC25A39,-10.194458754075406,-10.229410080195048,-10.166492543083612
GRN,-9.925642864395837,-9.88626298567648,-10.10294203681848
FAM171A2,-12.13015486305839,-12.45206421473892,-12.265685500573344
GPATCH8,-8.619392963564827,-8.668199153317532,-8.762592730930926
FZD2,-10.6560935380514,-10.729329162057972,-10.820594686021193
CCDC43,-10.044209125841563,-10.154775896500555,-10.23693719361827
DBF4B,-11.291358209755758,-11.459539896715588,-11.726874696014265
ADAM11,-11.498865300893883,-11.984528596924994,-11.107632797827526
GJC1,-10.0185931978608,-10.061235916402769,-10.138759621994565
EFTUD2,-9.921295589721563,-10.017730779616414,-9.991771713797323
KIF18B,-11.3492854228012,-12.054541847575972,-11.99494364347719
NMT1,-10.014898903776773,-10.093403360691376,-10.17391216115147
DCAKD,-10.629385995313964,-10.693361777184393,-10.678762114801346
PLCD3,-12.323048832494006,-12.470080130000486,-12.552272495768118
ACBD4,-12.55587546005518,-12.445561536421007,-12.415287223858916
ENSG00000276728,-12.79884107771982,-12.897415169051104,-13.040692591142978
HEXIM1,-10.612000256884556,-10.483298988975875,-10.759159596536755
HEXIM2-AS1,-11.73225900910249,-11.698662516090183,-11.774213986677452
HEXIM2,-12.349721495264717,-12.525042707836718,-12.616299486097835
MAP3K14,-11.702760593960821,-11.739607212713103,-11.964522549332854
PLEKHM1,-12.000134660090714,-11.943476888357194,-12.067147668767685
ENSG00000291175,-10.474836918017111,-10.754172959712681,-11.07984355768137
MAPT,-12.908440685451492,-12.848649367605443,-12.860465206920695
KANSL1,-8.611502366682489,-8.664152158393195,-8.769870224591292
KANSL1-AS1,-12.700507867571154,-12.794154280850933,-12.615399925907635
ARL17B,-11.041591706073179,-11.4479359498821,-11.162726802838746
ARL17A,-10.853150919144614,-10.874575338073212,-11.219134357891717
LRRC37A2,-11.786177209440206,-11.446414091088155,-12.44905678054095
NSF,-10.025759285190116,-10.145261964301374,-10.203570573942324
WNT3,-12.718168673945248,-12.764999936285147,-12.861058670425473
GOSR2,-10.20959816377729,-10.103360867715207,-10.1405784209589
ENSG00000262879,-10.045032137030686,-9.745240266850372,-9.942180859589811
CDC27,-9.045261544263976,-9.202393555411138,-9.24314576916945
ENSG00000262265,-12.295979646691102,-12.377775652677268,-12.473733496011798
MYL4,-5.975192855457639,-5.960120534579729,-6.123645559791556
ITGB3,-11.044054641468412,-10.8974886336237,-10.662236622375907
EFCAB13-DT,-12.76801678161468,-12.531435370796721,-12.484871665326732
EFCAB13,-10.783425026555092,-10.389742028094691,-10.372053226786011
ENSG00000253347,-11.980816791918116,-11.826421582774653,-11.999968247104592
MRPL45P2,-10.8830130770118,-10.880635410660359,-11.118376091438016
NPEPPS,-8.800495606221919,-8.80546478672627,-8.814665594277898
KPNB1-DT,-11.764919912177676,-11.555067855617908,-11.835338326291872
KPNB1,-8.313786713813373,-8.513812663374205,-8.514681676033115
TBKBP1,-11.696997178581968,-11.566366293374493,-11.939156176993915
OSBPL7,-13.02733770628806,-13.020196710628401,-13.154488308071235
MRPL10,-10.398059998439386,-10.389506405604008,-10.37895859600819
SCRN2,-11.138315687036721,-10.899518942592245,-10.793864006881916
SP2-DT,-10.659664151885295,-10.37821931500472,-10.402013752481778
SP2,-11.168900507371808,-11.199603883478302,-11.429855123544622
CDK5RAP3,-10.66171075225623,-10.65720373592087,-10.803248364112907
COPZ2,-12.955772217187446,-12.999282371598563,-12.780739016591811
NFE2L1,-9.696822395978435,-9.570072603142425,-9.812357830922377
CBX1,-9.24984865922723,-9.294740039774457,-9.272693985582244
SNX11,-12.334073512895523,-12.492405728273189,-12.43235256454929
SKAP1,-13.061862734784027,-12.680943701949243,-12.338039876507308
HOXB2,-11.927988337386527,-10.490260249754034,-10.565728049592186
HOXB-AS1,-11.436703046825357,-10.411799291836086,-10.21886232613153
HOXB3,-12.651900234578214,-11.633561564087502,-11.53535781637593
HOXB4,-12.817810338924337,-11.794691765434589,-11.767216933621611
CALCOCO2,-10.458572272858436,-10.29775363395449,-10.238863989404674
ATP5MC1,-8.723886316450871,-8.807263383062855,-8.695735337237938
UBE2Z,-9.855109565803254,-9.88965942956963,-10.104805483213648
SNF8,-9.704601244426415,-9.83057887678831,-9.867542132539944
ENSG00000289021,-12.836570239188523,-13.10525106129772,-12.912096686453243
IGF2BP1,-8.438397403503478,-8.578641306220208,-8.701040076199106
ZNF652,-9.295203973748398,-9.300776112634695,-9.388692200236953
PHB1,-9.286394066939762,-9.374832738365907,-9.328597636034296
NGFR,-11.194166157204734,-11.879226080959965,-12.844005842307539
SPOP,-9.375437828452343,-9.265742925681602,-9.50206166302335
SLC35B1,-10.251146733252732,-10.283490455992055,-10.440971657404768
FAM117A,-11.134297397974521,-11.25443873466531,-11.182161259826454
KAT7,-10.10359488983945,-10.159932293020447,-10.268428480839246
ITGA3,-11.121050974378495,-11.151505649676322,-11.647133898130553
PDK2,-10.455099442117932,-10.507814554955212,-10.749517693490205
PPP1R9B,-12.44247569770186,-12.578091249908386,-12.573489748198089
SGCA,-12.257447532308763,-12.18421367326791,-11.459591717034815
COL1A1,-10.381019101610052,-10.292099031839337,-10.038032287209079
TMEM92,-12.713007559737765,-12.796986311805908,-11.782088816941668
XYLT2,-11.499784937931048,-11.732773712996673,-11.688622992648854
MRPL27,-9.86472165170614,-10.016963289021747,-9.918460694253657
EME1,-12.321837446149434,-13.012217018434413,-12.862382171899133
LRRC59,-10.665007093310049,-10.800254825922947,-10.879530383600585
ACSF2,-10.677650184052855,-10.64481368968272,-10.393912544482276
RSAD1,-11.538751499186766,-11.741021958957619,-11.621666710242689
SPATA20,-11.574214529374272,-11.578638111552591,-11.568201301083644
CACNA1G,-11.397904609692612,-11.369515153414293,-10.89291464539991
ANKRD40,-10.739103848055917,-10.74866802065771,-10.838587110726102
LUC7L3,-7.911328087710767,-7.923789664936053,-7.892456110902541
TOB1,-10.297775697114108,-10.372428883006528,-10.091886867718113
TOB1-AS1,-11.652772129076787,-11.670257802551985,-11.675943538531655
SPAG9,-9.154857503159377,-9.13602268986746,-9.179095940842089
NME1,-9.533134298483153,-9.867196134914481,-9.773294151867576
NME2,-7.666311825779832,-7.894322994417427,-7.793580331694195
MBTD1,-8.969207977158163,-8.991132061345747,-9.234983959620989
ENSG00000264895,-11.18544625037744,-11.259926113489417,-11.423346311368894
UTP18,-10.598126220134064,-10.655011062262965,-10.701503091564446
TOM1L1,-9.980352523174075,-10.081256600887452,-10.117622528541425
COX11,-9.962657961307567,-10.138385291519885,-10.13010558982862
STXBP4,-9.268646681298447,-9.321524677901325,-9.316452933260813
MMD,-9.985250202217232,-10.240739567700585,-10.255767929197457
PCTP,-10.868615684299108,-10.94126244752491,-10.724192024932746
ANKFN1,-12.453423662831941,-12.175993058761,-11.825191415833286
NOG,-11.644780375540444,-11.946258569380086,-11.864934469147364
C17orf67,-11.953115794024054,-11.997078203086405,-11.85622478434469
DGKE,-10.69535495066149,-10.863155011645794,-10.868524128855054
TRIM25,-11.649297171295784,-11.824350078838734,-11.725743187858958
COIL,-10.178935929870589,-10.263642629757964,-10.305567567375745
SCPEP1,-11.244425849205097,-11.050137822709369,-10.564113785973012
AKAP1,-10.943115914010997,-11.063042008598032,-10.785316772818108
MSI2,-8.259082411277161,-8.319516723930073,-8.442858822035408
MRPS23,-9.674008760344476,-9.853498028595684,-9.824333541257884
CUEDC1,-11.100556773030489,-11.101888232073648,-11.59762460921559
VEZF1,-9.721193906320433,-9.752155683451385,-9.88527960384035
ENSG00000264112,-11.321289483929187,-11.243641932525593,-11.474719558252133
SRSF1,-8.983223100159472,-9.077350105936894,-9.112385537002286
DYNLL2,-9.77380283207018,-9.769449622606855,-9.936816354606282
MKS1,-11.443721893867988,-11.52596735444379,-11.50965634064811
TSPOAP1,-12.417076212822353,-11.555214632497519,-11.633730992075451
TSPOAP1-AS1,-12.928570445488658,-12.79211959617105,-12.612141623583467
SUPT4H1,-9.425859822356367,-9.571265084579158,-9.503265131859626
RNF43,-10.932764157514391,-11.011329769324748,-10.951265514726861
MTMR4,-10.422128036953056,-10.49792546524255,-10.557525230605336
RAD51C,-11.50189408566675,-11.46381929600037,-11.45459048492507
PPM1E,-12.179329064390044,-12.117496186718732,-12.706042026302265
TRIM37,-9.83337470834197,-9.867155246947657,-9.94871876551042
SKA2,-9.534777685511711,-9.724907220181201,-9.975813885531768
PRR11,-10.163525751304208,-11.063094416057377,-10.793751443659053
SMG8,-11.407146581212587,-11.510869103443264,-11.472739830282777
GDPD1,-10.965740670318498,-10.742593035253483,-10.792804659098756
YPEL2,-9.124994649691965,-9.231598330476826,-9.474477452564287
LINC01476,-13.101317831680515,-12.95344866760281,-13.115619665433517
DHX40,-9.93683876037003,-10.048859920728763,-10.041723817137246
ENSG00000273702,-12.272639413162178,-12.641829673097297,-12.358067912631334
CLTC,-8.609686496046303,-8.694981486479247,-8.66787073903657
PTRH2,-10.741606626598115,-10.817581648594663,-10.826440072949858
VMP1,-9.276007854988467,-9.048253258358695,-9.400591928447124
TUBD1,-10.577197217317561,-10.663278585264512,-10.751811906562203
RPS6KB1,-9.996953057372838,-10.091703044431753,-10.119273608953032
RNFT1,-11.027980602320405,-10.964594018171818,-11.216547384207479
HEATR6,-10.286489022121671,-10.19038461266199,-10.288466824698268
ENSG00000267248,-13.136761531274317,-12.92907720657355,-12.603665085869817
USP32,-9.06588114220822,-8.974457924455677,-9.133123210883161
APPBP2,-9.321247615842847,-9.305552280633368,-9.480169955092318
APPBP2-DT,-12.231399955706244,-11.987366426556934,-12.083153697071676
PPM1D,-10.302662542200043,-10.483333222695842,-10.590311335342182
BCAS3,-8.321565102333864,-8.266247036949833,-8.361756904528697
ENSG00000267131,-12.732993639377138,-12.657090137793704,-12.76205010990997
TBX2-AS1,-11.035187569118197,-10.743697871894367,-10.36303415791505
TBX2,-10.140184237385776,-10.020888293902841,-10.093403801166925
BRIP1,-9.751498049214534,-10.391008035491991,-10.395667983730423
INTS2,-10.823543158195072,-10.817651338664934,-10.981449539579547
MED13,-8.827707090304786,-8.817527972798441,-8.992853274479861
METTL2A,-10.141244776121118,-10.2762201481703,-10.458521086598513
TLK2,-9.130890696702002,-9.129745791017852,-9.245295721306329
MRC2,-10.514891989427102,-10.602672966213367,-10.44405941753623
ENSG00000283538,-10.358114146595131,-10.58343620765525,-10.848458569698806
TANC2,-7.240330947388103,-7.4077263276507095,-7.462295892375218
ENSG00000233635,-10.910217834524078,-11.024119174021108,-11.063951467964479
CYB561,-13.061046531880473,-12.99719425499783,-12.629596558338703
DCAF7,-9.345547128476511,-9.386340898462317,-9.394922450562413
TACO1,-10.89539512553505,-11.00566085111459,-10.85590841648857
MAP3K3,-10.595414502208225,-10.598440697811501,-10.748553769900996
STRADA,-10.631892238573196,-10.618603357385899,-10.770325285738181
LIMD2,-11.268948844723544,-11.335175348545048,-11.510460140571487
CCDC47,-9.324284845020534,-9.380887804258002,-9.406758817469063
DDX42,-8.951472672601856,-9.014154722613572,-9.074136057111089
FTSJ3,-10.25118940182662,-10.306400066285281,-10.366498702123724
PSMC5,-9.497122301241834,-9.65549324376981,-9.838681321026426
SMARCD2,-11.699647894798535,-11.800117633640106,-11.686542539254631
ERN1,-11.616234348981411,-11.482681204234565,-11.569959151088499
SNHG25,-11.670382378758763,-11.679093437123738,-11.574649200298502
TEX2,-10.24136074082401,-10.343278412632264,-10.44323998936641
POLG2,-10.634875398949948,-10.68393850321651,-10.821438900996565
DDX5,-7.740612025143306,-7.7199644281221165,-7.90309896008407
CEP95,-9.383383060122807,-9.437140878640188,-9.49277537055131
SMURF2,-9.433966186367321,-9.46791493991896,-9.52152020849499
ENSG00000291117,-12.50768187680727,-12.01551146530951,-12.326343062607462
LRRC37A3,-11.88183992886728,-11.997029853844225,-12.172096098677004
AMZ2P1,-11.665231937545393,-11.62346934596256,-11.537772198111913
GNA13,-10.466345885854905,-10.486384649765865,-10.52353392021364
RGS9,-12.676947642599742,-12.458810193769086,-11.729167492585633
AXIN2,-10.649899583206059,-10.82229258154081,-10.667314625359833
CEP112,-9.047951081579017,-8.729898966678375,-8.981136419937107
PRKCA,-9.754370907658132,-9.839618432478382,-10.022169384653642
HELZ,-8.70604398699327,-8.804949091415333,-8.9837852628203
ENSG00000285877,-12.203662048468765,-12.50629171179957,-12.714200751185018
PSMD12,-9.300925989975303,-9.417913513517824,-9.38150027728139
PITPNC1,-10.412260422806536,-10.45722244712658,-10.746690242547055
NOL11,-9.789740840782862,-9.88325297419524,-9.909900938011196
BPTF,-7.839664052013654,-7.882822567184326,-8.069676819431383
C17orf58,-11.552884884349691,-11.628300753951894,-11.627972092106347
KPNA2,-9.329553401382098,-9.79266411205725,-9.653314520791985
ENSG00000291214,-9.461744261795795,-9.431577140683904,-9.461983717235027
ENSG00000278730,-11.069274057089295,-11.17871060688537,-11.20474995938392
AMZ2,-10.43851312769215,-10.483999094147013,-10.415027924443596
ENSG00000290793,-12.893767232180798,-12.623895191944358,-13.05532598362315
ARSG,-11.594004654837684,-11.605136396326213,-11.807971763829382
ENSG00000267009,-12.727856063880303,-12.587399785287332,-12.92824844436005
WIPI1,-11.312794168077508,-11.209404592662581,-11.320307040321342
PRKAR1A,-8.981569280939121,-8.923246888223964,-9.19470644546207
FAM20A,-11.204449647330167,-10.740027478174417,-11.137479401527894
LINC01482,-10.710915507890398,-10.449856072941648,-10.597337221637645
ABCA8,-9.758337493501001,-10.291791336020244,-9.688886292486004
ABCA5,-11.280632406378194,-11.151761991159574,-11.448085885988654
MAP2K6,-10.005739770149432,-10.124744907144045,-10.219410793545212
SOX9,-12.90897877858052,-13.01191263634818,-12.768423500328879
SLC39A11,-10.822885618694134,-10.657744469928122,-10.880213243430774
COG1,-11.217742212826606,-11.18838531491871,-11.140511920730876
FAM104A,-10.851439770490854,-10.88166894214515,-11.00946007653534
C17orf80,-10.080489172173385,-10.148450020540867,-10.136583851980529
CDC42EP4,-12.442818182977831,-12.538195745803552,-12.363312903040086
SDK2,-9.135980846645042,-9.255354920880334,-9.62670720470837
RPL38,-7.521619382174989,-7.663884058291366,-7.555248886140695
TTYH2,-12.635182577557725,-12.572245410781935,-12.690362674744279
GPRC5C,-10.76250524304941,-10.827733214021222,-10.953314663254488
NHERF1,-10.941120187299823,-11.018586284421454,-10.43616167280158
NAT9,-11.778407316733672,-11.748954078543425,-11.771450837900604
TMEM104,-12.058204934773844,-12.10322498859978,-11.9401927847632
FDXR,-11.976981352339791,-12.189936742956625,-11.850195235719404
HID1,-12.25225245341719,-12.65427431485636,-12.58149650850063
CDR2L,-12.873939191206773,-12.974301719140826,-13.098086919257373
MRPL58,-10.386370396953335,-10.701389369184229,-10.480381633566214
KCTD2,-11.316598513043687,-11.390960454422368,-11.504127891087899
ATP5PD,-8.279299909363258,-8.417088198058007,-8.271699337658628
SLC16A5,-12.939769348359956,-12.485016657955763,-12.988386903734806
ARMC7,-12.530544985833407,-12.709399991474951,-12.754246710026074
NT5C,-10.093237756330987,-10.208877896025284,-10.196293877312756
JPT1,-9.35662350153289,-9.767929911921124,-9.508193177073602
SUMO2,-7.828477354089624,-8.015882393216275,-7.950918232609039
NUP85,-10.88543211554505,-11.03424662822386,-11.024242823042893
GGA3,-10.9524428123084,-10.966017729206195,-11.210097583466759
MRPS7,-9.710018895005025,-9.832519194136497,-9.868225284522195
MIF4GD,-11.497830798470218,-11.567445491626986,-11.516650635422105
SLC25A19,-12.277069779011224,-12.592443262223558,-12.288994315745223
GRB2,-9.09695753721287,-9.139425112943046,-9.187082032875729
TMEM94,-11.091779757199582,-11.10946670123512,-11.311235646701117
CASKIN2,-12.163683452503571,-12.107026748876972,-12.315072489954924
TSEN54,-11.092299728690701,-11.057423729854325,-11.116423093982352
LLGL2,-10.790809504393588,-10.917987486693777,-11.110629888712204
MYO15B,-12.235270423311112,-11.57544784469154,-11.893938514657824
RECQL5,-12.192360383135433,-12.193319454021363,-12.368642014284706
SAP30BP,-10.118713842492241,-10.2229351443155,-10.228769870275267
GALK1,-11.761625988322953,-11.828565722984633,-11.704076035297762
H3-3B,-7.932984070423168,-8.006668925743591,-8.027522588200132
UNK,-10.227420505735818,-10.352685013343336,-10.464143639283675
WBP2,-10.582715148140956,-10.545738782281749,-10.706202254063326
TRIM65,-12.003958558520305,-11.89520282590484,-12.185607124132037
MRPL38,-10.518517885577337,-10.60081779194754,-10.776875825499
FBF1,-12.286826488658393,-12.19538184073058,-12.570829929933103
ACOX1,-10.39883876622118,-10.501265163612683,-10.532075120336557
TEN1,-11.590174098184846,-11.625532454764405,-11.862298191109993
SRP68,-10.275311359783275,-10.396182324371765,-10.396640998518091
EXOC7,-10.221438798026707,-10.277715295616055,-10.47795300694381
RNF157,-10.695537913299384,-10.767877483197163,-11.441769502350748
UBALD2,-10.870980632884752,-11.137892536171456,-11.242424079771164
QRICH2,-12.446117309589063,-12.55738030738604,-12.755292470454707
PRPSAP1,-10.342847332186853,-10.354688547076734,-10.382875509918613
UBE2O,-9.731554038995863,-9.913024383804965,-9.816046847756125
SNHG16,-9.395743774446483,-8.754895115545207,-8.689690166937378
ENSG00000284526,-12.141382333150815,-11.680161929589827,-11.661673988570561
MXRA7,-9.338331632625676,-9.258091192867392,-9.375821062261442
JMJD6,-11.159108117720455,-11.380998258497781,-11.137103116107449
METTL23,-10.7082978032152,-10.770295278638809,-10.723764774280262
SRSF2,-8.786704186605583,-8.988402960431877,-8.90338541136683
MFSD11,-9.67379816464916,-9.790748453272,-9.674914325675813
SNHG20,-12.067335792923046,-12.194257714886108,-12.270626731076561
SEC14L1,-9.853559223234619,-9.907470278194195,-9.958626449289323
SEPTIN9,-9.309289632319436,-9.555116141008458,-9.559220267456508
TNRC6C,-9.181675402648985,-9.35542159230048,-9.292384150073923
TMC6,-10.753249434254945,-10.789320017880474,-11.116224059904773
SYNGR2,-9.760569993533293,-9.724241956649395,-9.983694364242352
TK1,-11.479200739185494,-12.233531918753187,-12.229095292072353
AFMID,-10.65486601396063,-10.985906845924177,-11.034409900707036
BIRC5,-10.237214168424766,-11.006081767354935,-10.682885832580773
SOCS3,-11.464006480293534,-11.38567417222824,-11.843218555789417
SOCS3-DT,-12.618928095046416,-12.498395536745305,-12.14820346282117
PGS1,-11.077654185785613,-11.083100851134251,-11.217171535556083
CYTH1,-10.241295507774032,-10.378061612003265,-10.324730142076865
USP36,-10.67893137090892,-10.79273050041028,-10.757899830125083
TIMP2,-10.660565016201385,-10.908692332999346,-10.9771674872548
LGALS3BP,-11.610067324042419,-11.949551229955594,-11.293650716537488
CANT1,-10.929648854647768,-10.936474963950634,-11.084270558535788
C1QTNF1-AS1,-12.242385651627592,-12.78472855282619,-12.130195600153655
C1QTNF1,-12.6870600373523,-13.161134538163207,-12.737082357381452
ENGASE,-12.48143396200615,-12.203269974893594,-12.394213792997494
CBX2,-11.484669999388446,-11.60502949017678,-11.643039427646867
CBX8,-12.007664670699828,-11.925545532790446,-11.938453542219253
CBX4,-10.622188419635183,-10.631000715410384,-10.590529347278242
TBC1D16,-10.64584969319342,-10.808283700996785,-10.853882512508754
CCDC40,-11.185365366764442,-11.310611025057902,-11.541348413316678
GAA,-11.795230615756786,-11.947442911196378,-11.832432905047062
EIF4A3,-9.70586093918779,-9.84328549067312,-9.820244019234867
ENSG00000262580,-12.82469158276469,-13.253374616077972,-13.088348343103018
SGSH,-12.109043394156098,-12.099098391445672,-12.227850179960788
SLC26A11,-11.39176123604051,-11.321883139132135,-11.492169333831345
RNF213,-10.203099547126454,-10.29408237806095,-10.302838396542086
RNF213-AS1,-10.601002398933678,-10.542246109000043,-10.851803986542022
ENDOV,-11.593476672488842,-11.566382146912874,-11.683435055962457
RPTOR,-9.599691084934477,-9.625259972240263,-9.772211306686078
CHMP6,-11.514748214290334,-11.547692892777777,-11.671881935765159
BAIAP2-DT,-11.587161880309731,-11.420372380691028,-11.602528622488967
BAIAP2,-11.824058345140132,-11.861341777319678,-11.981741276343316
AATK,-12.23843138606481,-12.23516968562982,-12.410653134811076
PVALEF,-11.66444894785484,-11.797851935411453,-12.220285962106416
CEP131,-12.273291301086807,-12.37093539185168,-12.219248336432134
TEPSIN,-12.60122269357529,-12.713953528593784,-12.823173958174584
NDUFAF8,-9.661961479637755,-9.871617571707615,-10.086028937875842
SLC38A10,-11.016213394950613,-10.959989691460002,-11.203497269205075
RENO1,-12.115875770086351,-12.277542805689535,-12.08796027203015
BAHCC1,-10.950164674944793,-11.171268998230204,-11.282234554766395
ACTG1,-7.539785269524676,-7.728895921783926,-7.639067909280601
ENSG00000289182,-12.71168531607113,-12.680609744205103,-12.868607637199567
FAAP100,-12.39748841104246,-12.462270498689367,-12.500639060771215
NPLOC4,-10.212613777972752,-10.238489482256643,-10.411576671807586
TSPAN10,-12.173102814493271,-12.073782744748234,-12.562218352881938
OXLD1,-10.766822793920706,-10.73093149098198,-10.920292197146834
CCDC137,-10.770532472391482,-10.805119685857262,-11.023691371790461
ARL16,-10.24225241904071,-10.497255869199574,-10.409477333081984
HGS,-11.002589334154699,-11.135485131954947,-11.263153437072248
ENSG00000262049,-12.412681053530298,-12.484731082817472,-12.501787790258934
MRPL12,-9.388845133444294,-9.580244027714597,-9.469586039281712
SLC25A10,-12.423407391868105,-12.682632355721047,-12.651107406222096
MCRIP1,-10.042752080439891,-10.087621342021434,-10.093643984668214
P4HB,-9.510342774115992,-9.528963247062938,-9.707276498188875
ARHGDIA,-10.464391787523711,-10.659591533361198,-10.632686225738814
ALYREF,-9.723642333357228,-10.03890929046967,-10.008587313836953
ANAPC11,-9.12469101703447,-9.257815880843534,-9.131055184887023
PCYT2,-11.009536933206947,-11.188418455663147,-11.306563216876294
SIRT7,-11.790774451901942,-11.837654288863554,-12.052387920543223
MAFG,-11.067596260941428,-11.04914382848108,-11.29782424740293
MILIP,-12.442857084871873,-12.363537704200075,-12.790230778817376
PYCR1,-10.697078759838606,-10.92541095043389,-10.834879676252283
ASPSCR1,-10.794524815885794,-10.804065724997402,-11.017233281892496
CENPX,-10.326400415575048,-10.483794413727887,-10.437862168775778
LRRC45,-12.86992037622558,-13.11593016580298,-12.97370025226605
RAC3,-10.881502053132468,-11.170399984006925,-11.184794377831448
DCXR,-9.669521317715605,-9.987109486762868,-9.870702124012007
RFNG,-11.147435713936666,-11.22860757037747,-11.339998008981324
GPS1,-10.606924894478256,-10.798964773673504,-10.761869882213402
DUS1L,-10.975248844985812,-11.012541677175525,-11.061841098744454
FASN,-10.982276005071864,-11.218116277733715,-11.297189389124405
CCDC57,-10.056347307203042,-9.990197160868329,-10.296284635278493
SLC16A3,-11.233997525978783,-11.490390091093596,-10.726690466204234
CSNK1D,-9.87988250430837,-9.940615745386712,-9.979529897452792
OGFOD3,-11.218400720334522,-11.001812408899497,-11.309613036460322
HEXD,-10.7511929220421,-10.712620389392729,-10.93205059858706
CYBC1,-11.723867051861717,-11.734771872318204,-11.953634268374541
NARF,-10.124063302352804,-10.117737687352186,-10.239294338789628
FOXK2,-9.905506235401434,-9.942466958310185,-10.070132136290404
ENSG00000261845,-12.838252945794965,-12.869817356565859,-12.986008199619986
WDR45B,-9.858332413793061,-10.050237759917767,-10.006892875516721
RAB40B,-11.08152430029302,-11.24914947697961,-11.285579060181055
FN3KRP,-11.156517797934201,-11.362043492987334,-11.31937032618013
FN3K,-11.663629932378061,-11.716228886473997,-11.802114940684692
TBCD,-10.369388395969148,-10.480737809198143,-10.50611687774604
B3GNTL1,-11.865591147196245,-11.873557790855225,-11.933795722187407
METRNL,-10.570776361043913,-10.587849045807566,-10.549617440249627
USP14,-8.790855617642295,-8.769603059990686,-8.877819183909114
THOC1,-9.44531852120067,-9.304865202308441,-9.411727587068542
COLEC12,-9.078933891644631,-8.546324050954516,-8.899267377580815
TYMSOS,-11.726628796842824,-12.497338917404889,-11.837026145456171
TYMS,-9.586540037724298,-10.406097570916275,-9.978503482276441
ENOSF1,-9.294138558914787,-9.409963758792562,-9.502023679416107
YES1,-9.451867683704721,-9.5766051371403,-9.57859012785826
ENSG00000273355,-13.066039451907296,-12.951485354435654,-12.830913218058164
ENSG00000263551,-12.465110308443018,-11.441512294157313,-10.439706107142815
METTL4,-11.09888212785196,-11.007699442578657,-11.245021150605572
NDC80,-10.40673196883168,-11.221324370634509,-11.092140736823126
SMCHD1,-8.263100917736228,-8.322194730694552,-8.371421746035093
ENSG00000266049,-11.791962771747288,-11.822663529362991,-11.845532529424956
ENSG00000289061,-12.932316852674584,-13.067366117507929,-13.157230035407611
EMILIN2,-8.61780443805878,-8.744641366969514,-9.126921160879734
LPIN2,-9.797422903477194,-9.603878883403551,-9.835552956351355
MYOM1,-7.179000466062192,-7.04502325721403,-7.435051247719064
ENSG00000265399,-12.59689711136025,-12.168402138735098,-12.4623555358426
ENSG00000272688,-12.956992635956329,-12.845190018407287,-13.0002475137766
MYL12A,-8.55626079338379,-8.531599356455187,-8.703089151816924
MYL12B,-8.835528481670814,-8.842678910024249,-8.983455034750047
TGIF1,-11.076398428761777,-10.991849700060785,-11.207909855244042
DLGAP1,-9.115237285469002,-9.098416320515364,-8.620522843250681
DLGAP1-AS1,-12.337549100440498,-12.055669493864219,-12.430277717123115
ENSG00000266268,-12.676065421852925,-12.651677847296677,-12.581779190336073
LINC00526,-12.48314281577091,-12.707061913772568,-12.575398898261927
LINC00667,-10.469635844942768,-10.222757928486013,-10.370694841251408
ZBTB14,-11.58435183567838,-11.722353172131067,-11.757097106697282
LINC02974,-12.177051544000514,-12.197751796870172,-12.52041560941413
EPB41L3,-7.585699731118674,-7.6113848987171036,-7.645557764349822
ENSG00000264000,-12.167080886846403,-12.14690952045923,-11.999990150303926
TMEM200C,-11.882521895157604,-11.897503898199119,-11.824780783332809
ENSG00000266846,-12.944304967200354,-12.745917524925574,-12.273436684690985
L3MBTL4,-9.311079788858992,-9.153964093694439,-8.78215215210332
ARHGAP28,-9.801411579356838,-9.773465844679727,-9.742248549816612
LAMA1,-9.769706045897975,-9.52604837892052,-10.241799353358799
PTPRM,-7.685605331422325,-7.885976345257196,-7.984797457795289
RAB12,-9.914015272039057,-9.96404268290763,-10.070471521333147
MTCL1,-11.887197487890038,-11.919366879072868,-12.108771343982879
NDUFV2,-8.585497550127931,-8.665988350872,-8.630398760135831
NDUFV2-AS1,-11.751501889309168,-11.841849218881102,-11.936533535075766
ANKRD12,-8.467230596130715,-8.54118533908705,-8.614407491516621
TWSG1,-10.281630540206491,-10.307499020933959,-10.415968614027623
RALBP1,-9.47914682924218,-9.492725870400193,-9.48934721192289
PPP4R1,-9.500763671459412,-9.505375715441275,-9.635907910577085
RAB31,-9.622212603636891,-9.677271163042075,-10.628288883069116
VAPA,-8.688248209345321,-8.781430524636924,-8.761712113906325
APCDD1,-10.432884375703624,-11.215947282860244,-10.479292266227738
NAPG,-9.91661952434609,-10.044752571293818,-10.074150386377987
PIEZO2,-12.193779793758571,-12.685509290600908,-12.837819585133559
GNAL,-11.131476067086009,-11.031010057410356,-11.177522585780327
CHMP1B,-10.346694261480797,-10.328301904096273,-10.44905762709046
MPPE1,-11.031183041155028,-10.82028875119094,-11.228739171093762
IMPA2,-11.22035077677728,-11.193863816542883,-11.468293442200313
TUBB6,-9.61222875749554,-9.317851157168942,-9.63330906641736
AFG3L2,-9.117102771591387,-9.196669166167124,-9.150552446022779
PRELID3A,-12.519503706171086,-12.470081871843583,-12.5273756835999
SPIRE1,-9.175298994758931,-9.236351367550343,-9.30472721830224
PSMG2,-9.462629202413986,-9.576678559768668,-9.541503475469083
CEP76,-11.06776244389296,-11.146052586056417,-11.130843267987462
PTPN2,-9.267692736552766,-9.353013839583419,-9.410640892357437
SEH1L,-10.583327272743473,-10.669429633570072,-10.682712362855812
CEP192,-9.414500518875686,-9.53192637559736,-9.647165800509718
LDLRAD4,-9.36259276805363,-9.764686872676629,-9.493693577038865
FAM210A,-9.985075848685808,-10.101750989094889,-9.957961279474123
RNMT,-9.04698136383663,-9.154224594510673,-9.05315502366876
ENSG00000288839,-12.819080499674978,-13.132490430051822,-13.075596668088316
ZNF519,-10.559869817773887,-10.841840767011583,-10.827186033492664
ROCK1,-8.595062359651267,-8.570055585023287,-8.699085561423393
GREB1L,-9.902472190075358,-9.406342753925859,-9.852397712036476
ESCO1,-9.40664542220168,-9.382144875388354,-9.450112576344736
SNRPD1,-9.027950237874597,-9.353168748999051,-9.219210188793623
ABHD3,-10.999029059791525,-11.157070270301293,-11.225202044199584
MIB1,-8.84735778316145,-8.780411325378534,-8.922659070885372
MIR133A1HG,-9.267002107605183,-9.088577325535137,-9.487635462447107
LINC01900,-12.055249548313121,-11.713367717767218,-11.443710923184932
GATA6-AS1,-9.44548755256967,-9.253947081382929,-9.052704121361426
GATA6,-9.09871408886784,-8.99127652498687,-8.840384285221557
ENSG00000265943,-11.92341994769057,-11.920415327022765,-12.032169701608748
RBBP8,-9.453374870714422,-9.591378614206011,-9.629519203994438
CABLES1,-11.685164068976798,-11.767588581369319,-11.676218861182226
TMEM241,-10.968810781581253,-10.975782347521008,-10.954997524875882
RIOK3,-8.721780479829176,-8.792449825221583,-8.797571214994429
RMC1,-11.719613301278246,-11.684867755641013,-11.771560228376115
NPC1,-10.739181604397812,-10.7231937906738,-10.897539345181027
TTC39C,-11.050410135694262,-11.150165641778422,-11.21869279952014
OSBPL1A,-9.523061750583045,-9.517418014253051,-9.530041042069655
IMPACT,-10.438610877663123,-10.620342655128528,-10.545362513561427
ZNF521,-8.089938657106062,-8.097095927624292,-8.247220738257381
ENSG00000285595,-12.404668289434012,-12.4788749905794,-12.594582189137725
SS18,-9.27623788297609,-9.352465872268896,-9.526064398760694
TAF4B,-11.201874643719306,-11.484803048036229,-11.4139216070899
KCTD1,-9.800450626331788,-10.194824820183896,-10.30568631206428
CHST9,-11.346343330486516,-11.452263595987938,-11.292501187278884
ENSG00000227279,-12.426699497765812,-12.3585739302565,-12.503988835993393
CDH2,-6.891892490025525,-6.8292736240106615,-7.023429350467824
DSC2,-8.993872501085942,-9.18915477080525,-9.390953266179945
DSG2,-9.176749837338182,-9.356929165494124,-9.540011054822976
TTR,-11.88754371362159,-12.06978438395996,-11.93122037137506
B4GALT6,-10.429664447707072,-10.339899013951536,-10.706771329299745
ENSG00000259985,-12.934147986876033,-12.988675555193158,-13.135679347063332
TRAPPC8,-9.53306802532737,-9.529781378671,-9.714266599396929
RNF125,-11.52335169995603,-11.363076228177878,-11.705785845371498
RNF138,-9.981862790741287,-10.075369911905844,-10.096113824808214
GAREM1,-9.293029617530257,-9.632889639712959,-9.64297497870245
ENSG00000285095,-12.468647165804455,-12.815848610043949,-12.246243526390558
KLHL14,-9.0519919161137,-9.481615475904025,-8.819369717799331
ENSG00000228835,-12.074490047330162,-12.70838526630149,-11.988388289237944
CCDC178,-11.9506308970552,-11.410419951020282,-12.143563226816738
ASXL3,-9.113317947911066,-9.031328652518233,-9.445070368181979
NOL4,-12.347979140602233,-12.468124509025186,-12.239474990594488
DTNA,-9.82986547756334,-9.66058415054646,-10.141645844534406
MAPRE2,-9.98112985714332,-10.053062401828534,-10.079425284302541
ZNF397,-10.648527188993917,-10.598500146395494,-10.661001132286595
ZSCAN30,-10.598665651388503,-10.510752026897318,-10.581418854729353
ZNF24,-9.612881266200755,-9.546236426715183,-9.697531255567961
ZNF396,-12.811698163725056,-12.707149474938735,-12.799787381891312
INO80C,-10.462696673063329,-10.53239757402781,-10.51984304308887
GALNT1,-8.863486325386319,-8.96750702016514,-8.983057841952702
C18orf21,-10.637054403986602,-10.759440830606437,-10.75553254246773
RPRD1A,-9.20087294226971,-9.21363995068734,-9.389194712991173
SLC39A6,-10.248604653749663,-10.269331674525723,-10.355627234343693
ELP2,-9.715704030073903,-9.792689012031568,-9.887169821254094
MOCOS,-12.916802164561199,-13.105375787278701,-12.707578235317007
FHOD3,-7.088995227324832,-7.095856306285215,-7.153799456786947
TPGS2,-9.406317900449032,-9.65341512024178,-9.419741115441775
KIAA1328,-9.240902918133198,-9.253922586842206,-9.369454379840427
CELF4,-12.852135125418272,-12.939149146620124,-12.770507329524685
ENSG00000286328,-12.904098478759275,-12.754117230081683,-11.900948626891136
KC6,-9.907802112721605,-9.547615924447566,-8.798113298397219
PIK3C3,-9.233238534188478,-9.300469329526145,-9.389584811242829
LINC00907,-10.960699470713617,-11.015466872221953,-11.188223204342798
SETBP1,-8.654520982120046,-8.604789436377098,-8.964870048798614
EPG5,-9.983348477188429,-10.016718935531784,-10.153831438346515
PSTPIP2,-10.724452390824792,-11.048529336756769,-10.922897178978598
ATP5F1A,-7.7482237840575525,-7.82938884424633,-7.778583439770382
HAUS1,-9.919980741368676,-10.07093799908924,-9.926541473689857
C18orf25,-10.281550817903215,-10.375545089454416,-10.261998617470491
RNF165,-10.771945429335048,-11.242444800738324,-10.894308047343937
PIAS2,-9.22395394121824,-9.253038219192566,-9.137921873316234
KATNAL2,-11.343282567841174,-11.507576301806852,-10.581829107548682
ENSG00000266957,-12.819882249038736,-12.869529023498004,-12.524683290579858
HDHD2,-9.525332439239817,-9.466211621109599,-9.660249971491499
IER3IP1,-9.590676103580543,-9.554831946742972,-9.682748288097333
SMAD2,-8.966663331158136,-8.681247444996597,-8.990010150139112
ZBTB7C,-11.323159947811078,-11.493804952918943,-10.477647359128438
CTIF,-10.234241557714533,-10.386993359930392,-10.470449515687756
SMAD7,-10.935174484468419,-10.910969130371843,-10.83385813118774
DYM,-8.975085891298002,-9.023839356014951,-9.004564779397016
C18orf32,-9.885033198681855,-9.931087666465741,-9.792498572107997
RPL17,-6.307060136387929,-6.466398982658374,-6.351143978064026
ACAA2,-9.0708596055623,-9.188147257353084,-9.248584332848294
SNHG22,-11.968713324169887,-11.763089863611215,-11.90657941486147
MYO5B,-11.876006130959935,-11.664754344428891,-11.36306379009211
CFAP53,-12.469951310168113,-12.551020802005459,-12.153286278290583
MBD1,-10.512788232425518,-10.421391534496607,-10.535299980925958
CXXC1,-11.577079786413147,-11.497212647430713,-11.492146450691957
SKA1,-12.102675728785384,-12.738664412749886,-12.574059013591379
MAPK4,-9.173236861083458,-9.647051726910941,-9.260829408098132
ME2,-9.60458691642858,-9.646861930963762,-9.76618424670751
ELAC1,-11.837570298666614,-12.068498595733551,-11.927662548489884
SMAD4,-9.106148882199703,-9.117167152896151,-9.172701372384191
MEX3C,-10.694618633479024,-10.819596726292916,-10.803115421242099
DCC,-10.697744186252626,-10.794533199487622,-9.867687326592007
MBD2,-9.950115478302724,-9.979395609591121,-10.063195356970043
POLI,-10.179222646177125,-10.21161364180122,-10.202001858591924
C18orf54,-11.86936755257256,-12.088976062293407,-12.14613084968548
TCF4,-8.174280711227333,-8.401097290276667,-8.320231656931796
ENSG00000267284,-12.551278176247395,-11.992652683931297,-10.235585400055607
ENSG00000267327,-9.854033417809195,-10.784798376742977,-9.103378501506247
LINC01905,-11.528516991293122,-12.388741015579988,-10.571761747191195
TXNL1,-8.94211144039651,-9.015479644820287,-8.9661714539556
WDR7,-9.553373623373414,-9.527097217324929,-9.544293729401915
FECH,-10.916722129080147,-10.964813477613578,-10.943111600375932
NARS1,-9.089396410861665,-9.138021720156342,-9.064686604719865
ATP8B1-AS1,-12.773496494116218,-12.79784684667164,-12.878732598201411
ENSG00000267787,-11.064190208959316,-10.780539819356811,-11.022138495572694
ATP8B1,-12.280479458760917,-12.051902708463231,-12.10460822673728
NEDD4L,-9.089087208135195,-9.134380241651005,-9.166669919205349
ALPK2,-7.670348296242723,-7.604026842099197,-7.761470959184026
MALT1,-8.935382196014222,-8.83503550527131,-8.981551571014455
ENSG00000267476,-12.325343162701865,-12.148431494565685,-12.11975607505793
ZNF532,-9.34929743575413,-9.361941213351146,-9.5667153249123
SEC11C,-10.563390946022585,-10.61542729078495,-10.459814808818578
LMAN1,-8.944707947780078,-8.963269372681737,-9.07966643247326
CCBE1,-10.596722508271746,-10.354846657028064,-11.11819434691676
RNF152,-11.669385162387703,-11.105807120128894,-11.705631716510094
PIGN,-9.634396072669846,-9.606350006315965,-9.711303871268875
RELCH,-9.650544492621556,-9.669688994234027,-9.714975254205811
ZCCHC2,-10.26995360976076,-10.231218184070245,-10.26930390676199
PHLPP1,-9.382029963159335,-9.343219803359359,-9.658153220040624
BCL2,-10.75380009462919,-10.899137374353828,-11.555272049042241
KDSR,-10.196858796271266,-10.174604644268216,-10.197507315501396
KDSR-DT,-12.50659982571801,-12.494487778427562,-12.432055251993392
VPS4B,-9.929344191781103,-9.922716009902782,-10.04976975776401
CDH7,-12.195855448052583,-11.808330147049226,-12.949452209219988
DSEL,-11.764817695158294,-12.007498323742425,-12.065427280232216
DSEL-AS1,-12.550120524988083,-12.863475513918495,-13.071723944401944
TMX3,-9.745961917994462,-9.797599802350367,-9.721626187198742
CCDC102B,-10.08406756266107,-10.085178436223892,-10.004790855796015
DOK6,-8.964571328867617,-8.718664203592251,-9.247805748801746
RTTN,-10.162826249871523,-10.245551152388096,-10.301665536687066
SOCS6,-10.26580146959804,-10.213391605159973,-10.186418045054182
LINC01909,-12.841860947040395,-12.718306149859993,-13.008618261075027
NETO1,-11.974448609402833,-11.475016454145063,-11.397319259483142
TIMM21,-10.337082687883498,-10.47964784159949,-10.35297862782969
CYB5A,-8.87227762295176,-9.387054697593694,-8.892677251749966
CNDP2,-10.603593532247238,-10.75281122425788,-10.861501889536692
ZNF407-AS1,-10.486906044797916,-10.489223013111703,-10.563235569041469
ZNF407,-9.065764591083388,-9.101941196014499,-9.373752867906271
PTGR3,-10.669470605770895,-10.767280014188646,-11.019317489697196
TSHZ1,-10.916284939954126,-11.020166868655831,-11.124931116042545
ZNF516,-9.884386475757571,-9.827235876411173,-10.027080737385255
LINC00683,-12.438407344645904,-12.568666158660436,-12.125204269505808
ZNF236-DT,-12.864667293258645,-12.813093636322462,-12.803240302108748
ZNF236,-10.29360446981107,-10.274664132347954,-10.443457880733762
ENSG00000264015,-11.077781118037239,-10.205779616409043,-10.152710363479951
SALL3,-12.816748731364914,-12.733538404158374,-12.97648090604339
ATP9B,-8.956330085476665,-8.970251530598988,-9.058951914330121
NFATC1,-11.643361180798882,-11.690002102009078,-12.019454025167912
CTDP1,-11.483717453709845,-11.662260088997373,-11.66384626303047
SLC66A2,-11.053333995345927,-11.139334625321105,-11.216518798876267
HSBP1L1,-12.8086305605456,-12.719975527570279,-13.122934432542902
TXNL4A,-9.373868025233756,-9.49983934486899,-9.512228164290818
RBFA,-10.165074798659617,-10.251094893310302,-10.298460864623914
RBFADN,-11.119913979921629,-10.92246684033479,-11.207923539670336
ADNP2,-10.058547785585551,-10.177107969473962,-10.025513789834932
PARD6G-AS1,-12.546167994665423,-12.406428907207214,-12.771075067284784
PARD6G,-11.111246860490597,-11.31424936730643,-11.348806512867005
ENSG00000282393,-12.111641186311358,-12.27350027524551,-12.340197547228678
MIER2,-11.52541710637544,-11.611369119106081,-11.685929117505713
SHC2,-11.41694331279007,-11.222386904478606,-11.682513441036786
TPGS1,-10.904646818624089,-11.017599856616465,-11.340716792286923
CDC34,-9.814882301086401,-9.912305871836425,-10.133466788492626
BSG,-8.769436025266062,-8.850084658811776,-8.793556576640485
POLRMT,-11.977546300449383,-12.107608995882009,-12.106012595881166
RNF126,-10.76736253807625,-10.924388435842152,-10.937242464989868
FSTL3,-12.481402313478373,-12.432009535601813,-12.66178133458758
PALM,-11.154214089155722,-11.35833860860973,-11.46798631984701
PTBP1,-10.275443150657653,-10.453473116575122,-10.537643305131702
PLPPR3,-11.455187280403432,-11.241456385358633,-11.791523106775461
CFD,-12.72898685622183,-12.89583561693598,-12.594080530910116
MED16,-11.629059702323266,-11.836150941125286,-11.717262345469695
R3HDM4,-11.02022334123542,-11.064428762094364,-11.135234687161566
ARID3A,-9.482007118875053,-9.47494064673694,-9.86738627329691
WDR18,-10.340409983697283,-10.52097370648274,-10.536404199388468
TMEM259,-10.650490703384728,-10.73653943143932,-10.777653312842558
CNN2,-9.127064962158848,-9.304287989076157,-9.50365418829656
ABCA7,-11.191685640636674,-11.619325531620298,-10.93409485524401
ARHGAP45,-12.47923706483712,-12.8823330619306,-12.206708168313765
POLR2E,-9.4190365115183,-9.563281484981832,-9.552256271069028
GPX4,-8.564565965613527,-8.600110710666648,-8.536391476182501
SBNO2,-12.223177070205386,-12.325708698199353,-12.370412390068532
STK11,-10.66236672742677,-10.720006493185124,-10.720411941526306
ATP5F1D,-8.467198513894898,-8.596286413501653,-8.48789582968905
MIDN,-9.724244213966543,-9.75272046122797,-9.905804962660243
CIRBP,-7.984387919394968,-8.106967262082122,-8.180190253037372
FAM174C,-11.419228161281957,-11.55251750140691,-11.426680743434195
EFNA2,-12.287245423993397,-12.809881845691027,-12.535075631376035
PWWP3A,-10.036399804109474,-10.236460651128153,-10.349247190292484
NDUFS7,-9.389166044131352,-9.661690401942717,-9.386814735089473
GAMT,-9.733251763249752,-9.974060959945131,-9.954532675011007
DAZAP1,-9.751442737871567,-9.96258474004753,-9.952346144721574
RPS15,-7.095315569796008,-7.312621015077495,-7.180339903693291
C19orf25,-10.937778764764076,-10.983343553458935,-11.100086792356102
REEP6,-11.781713187027357,-11.649211025667777,-11.500121843362063
MEX3D,-12.16128925875472,-12.273592609412809,-12.34944771586833
MBD3,-10.87211138080448,-10.918875086707926,-11.0570929057436
UQCR11,-8.435959242764843,-8.497187462452736,-8.389296218839227
TCF3,-10.23081110910331,-10.315557829837896,-10.497839810955563
REXO1,-11.164998697500545,-11.154603039175745,-11.464711420232355
KLF16,-12.430978013330163,-12.587370135087623,-12.738176180521517
ENSG00000261526,-12.653266524521973,-12.758316926305493,-12.658360475765331
ABHD17A,-10.449937908294926,-10.61088514440775,-10.5737820858657
SCAMP4,-11.243578214490743,-11.11329189088054,-11.342079717773592
CSNK1G2,-10.511125370542402,-10.610622492631384,-10.726182206581539
BTBD2,-10.669199334578426,-10.674259123539938,-10.78142994891644
MKNK2,-10.749697980743777,-10.984442959466177,-10.896778376086818
MOB3A,-11.562431730632735,-11.618844888723197,-11.78185484039496
AP3D1,-9.889363354274638,-10.01809422199608,-10.09792437583608
DOT1L,-10.68609738168446,-10.641490394840938,-10.80601311837941
PLEKHJ1,-9.506847709866284,-9.678836167792806,-9.575426527589537
SF3A2,-11.028936680746106,-11.113687532443416,-11.193362644812444
OAZ1,-8.133320326787102,-8.17509270346386,-8.223193083906814
LSM7,-9.18120242788533,-9.287981787234834,-9.25814664038971
SPPL2B,-10.920134453028417,-10.923693505111205,-11.07437628606907
TIMM13,-9.07259314046814,-9.14472910125277,-9.101396774454232
LMNB2,-10.762289887969706,-11.025778051226977,-11.176979768561427
GADD45B,-10.277510636201322,-9.9634485870008,-10.619669122847403
GNG7,-11.115382244419283,-10.772635826642686,-10.871236940539285
SLC39A3,-11.421241391714034,-11.346996125451318,-11.460846689565491
SGTA,-11.035796596178567,-11.133532750100324,-11.193140848282448
THOP1,-11.738186830856653,-11.883646657192534,-11.833031570502026
ZNF554,-12.157150494757397,-12.099130480191247,-12.251171457364595
ZNF555,-11.8342045480198,-11.666599601382853,-11.745853736033451
ZNF57,-13.268881516200288,-13.147195311322458,-13.170250171413649
ENSG00000253392,-12.895677231202477,-12.871125309607132,-12.908779663753116
ZNF77,-12.355634344109834,-12.32179195737266,-12.427889743708088
TLE6,-12.129252280402993,-12.22876947897628,-12.351544370425598
TLE2,-11.003846945031402,-11.317770374915133,-10.960698942967891
TLE5,-8.874576398112513,-8.971189695239527,-9.075186571020849
GNA11,-10.908100415467928,-11.067901766003434,-11.065329743967864
NCLN,-11.63329505486692,-11.700303821031982,-11.936912642108187
CELF5,-11.907513449991471,-11.917189578986411,-11.70780821224619
NFIC,-9.995427305951873,-10.122764674178724,-10.251843624314525
DOHH,-12.213518762906872,-12.305172753363891,-12.282008759917456
FZR1,-11.782679805748609,-11.839489231071273,-11.95865461319073
MFSD12,-12.053165393863017,-12.098633279179506,-12.07502261288196
HMG20B,-10.51017048248359,-10.624959854034794,-10.568759605752632
CACTIN,-12.497200865947272,-12.58571300078043,-12.694912321227337
PIP5K1C,-11.517388056870104,-11.570604529360972,-11.798777188686502
APBA3,-12.942635777408977,-12.836063104357667,-12.93801004964269
MRPL54,-10.42633417029736,-10.533557482952137,-10.375462538794991
ZFR2,-11.420146940893392,-11.390189528588786,-11.434806807119607
NMRK2,-12.784455382775347,-12.398221158361755,-12.054732056798295
DAPK3,-10.147033999832278,-9.764499277757519,-10.219815005276496
EEF2,-7.629827701002613,-7.701516983781272,-7.802976031014818
PIAS4,-10.880719098208157,-10.979906638178074,-10.998236984379925
ZBTB7A,-11.167891680047367,-11.023874883676223,-11.32863694578833
MAP2K2,-10.008591319739587,-9.965229851701057,-10.10993264814082
SIRT6,-12.247541874276829,-12.19155804911418,-12.211499495297375
YJU2,-11.731246982516698,-11.897271485808778,-12.092766687507877
SHD,-11.584946648135872,-11.79640219513914,-11.46888391465106
FSD1,-12.010656122815709,-12.095385531644581,-12.19944903134923
STAP2,-12.093653402619841,-11.92379092547434,-11.98141238476431
MPND,-11.677649359636098,-12.002806803221771,-11.847999807894103
SH3GL1,-10.744334059290392,-10.879493229922966,-10.964914179651132
CHAF1A,-10.884081256449292,-11.346064812663984,-11.318611265024412
UBXN6,-10.958500322807046,-11.129426346876908,-11.045868797802852
HDGFL2,-9.905758191194673,-9.962673737872526,-10.03085924400366
PLIN5,-11.76350206043535,-12.052122165212543,-11.717469721702205
SEMA6B,-11.460905631246181,-11.836778272072122,-11.355795994031048
TNFAIP8L1,-12.421255140529125,-12.558361759585988,-12.658226312521881
MYDGF,-9.865540948165448,-9.959579428239254,-9.917829030924207
DPP9,-11.402594333517783,-11.532624601722032,-11.629231292592282
FEM1A,-11.575756463691146,-11.614292537871014,-11.787391172898143
ENSG00000269604,-12.121265307350837,-12.167361975258927,-12.101119764005757
PLIN3,-9.931361732352418,-9.977842562268682,-10.036413454051269
UHRF1,-11.917634511437939,-12.445181560066386,-12.641728391452355
KDM4B,-9.355695440695127,-9.584543147808473,-9.559583361786474
PTPRS,-9.797015020726485,-9.711571570341379,-9.879628250581966
TINCR,-12.87657231311628,-12.859323685655747,-12.766218275340128
SAFB2,-9.759952799757697,-9.862202922528374,-9.917106841827389
SAFB,-9.103313516318892,-9.169766800087077,-9.221793408806533
RPL36,-7.302973325200297,-7.49303208348995,-7.384784177939669
MICOS13,-9.562591518065132,-9.66811644453684,-9.549499322406989
HSD11B1L,-11.581215699593647,-11.455354453766796,-11.434827944575016
LONP1,-10.67583393677509,-10.775978114236247,-10.702334659903567
DUS3L,-12.481275142886284,-12.213577466911595,-12.637161386251535
NRTN,-11.315651414288668,-11.101967071227547,-11.376690433733268
NDUFA11,-8.356682700008587,-8.412589065172154,-8.390122618561664
VMAC,-12.872079746848774,-12.86441806202677,-12.892559920096273
RANBP3,-10.617164954328409,-10.728210863517333,-10.79503455239817
RFX2,-11.6661223991168,-11.71163696467315,-11.628967270669731
MLLT1,-10.832675299227665,-10.83522236016499,-10.949771526636935
CLPP,-9.936768333918012,-10.184079524632685,-9.974330250410102
ALKBH7,-9.339644433985494,-9.402284228900104,-9.358009914413044
GTF2F1,-9.829578454252964,-9.800135330992095,-9.973002357809332
KHSRP,-9.54516779119243,-9.706794625412702,-9.764580314935484
SLC25A23,-10.445497932303631,-10.408484024641151,-10.519486956518262
GPR108,-11.354067923519352,-11.406831080937033,-11.480200853653626
TRIP10,-11.153052404921533,-11.081029920934368,-11.255993210846801
ZNF557,-11.614147018162583,-11.620857725156485,-11.723984714527889
INSR,-9.577267774764456,-9.534220910630916,-9.86173676025461
ARHGEF18,-10.854521460962175,-10.837265494612549,-11.004824121715076
ZNF358,-11.03046858493427,-11.081935983197932,-10.997311554439557
MCOLN1,-12.063082237594479,-12.155367496491241,-12.212121278649347
PNPLA6,-12.507350204650098,-12.476490458890698,-12.473951645745421
CAMSAP3,-12.956202070702801,-12.99553406109482,-13.147441242860111
XAB2,-11.901968354232162,-11.896859193600486,-11.93691240584643
PET100,-9.820512808668239,-9.904297872123157,-9.92186761695332
STXBP2,-11.794514573421544,-11.839560613612713,-11.890713218863617
TRAPPC5,-9.80541298222255,-10.020447430621092,-9.950462496527164
EVI5L,-11.701987455437962,-11.721043920794802,-11.937198057477566
PRR36,-13.05123027571022,-12.999497227550185,-13.10452436643366
MAP2K7,-10.877373478331231,-10.919050593317513,-11.107445941912088
SNAPC2,-11.757922409880686,-11.798072016001068,-11.911451070138133
CTXN1,-10.887895811882727,-10.951355874838491,-11.14557601819765
TIMM44,-10.498122592367675,-10.55965901338326,-10.504498490924993
ELAVL1,-9.23124093659427,-9.369882462061204,-9.369334021180823
ENSG00000267939,-12.88776825490584,-12.423027754818122,-13.04284801771944
FBN3,-11.535013886501993,-11.74342125350162,-11.837359783376435
CERS4,-10.476995770170465,-10.485071855031972,-10.648882876666283
CD320,-10.455264401543616,-10.59341192813765,-10.55712411644416
NDUFA7,-9.03552710988144,-9.131779601071338,-9.051458575707384
RPS28,-6.6928023952259155,-6.846701555251477,-6.7307102390749165
ANGPTL4,-12.337634268748864,-12.629707278591075,-12.854722599299441
RAB11B-AS1,-11.426520049505793,-11.450055285936251,-11.83027055988539
RAB11B,-9.813106183968934,-9.827461707094747,-9.898559532645727
MARCHF2,-11.349557658953865,-11.261027734296809,-11.386788141775543
HNRNPM,-8.303897091194033,-8.465998660904457,-8.474599381305513
ZNF414,-11.435082538030487,-11.439074134407887,-11.550792983244756
ADAMTS10,-11.861329995643011,-11.831826736977694,-11.783156394742445
ZNF317,-11.814246778442412,-11.769516496298328,-11.860924076257977
ZNF699,-12.275758196014376,-12.174136399493564,-12.310304023629454
ZNF559,-10.64616733615164,-11.112218899756737,-10.620102201067388
ZNF177,-11.765908934962088,-12.034193895885531,-11.729749347877119
ZNF266,-11.313795968509913,-10.947938045740406,-11.51233815101703
ENSG00000287275,-12.455246133098873,-12.432323755834531,-12.72126863416356
ZNF426,-10.847305199485819,-10.862818691123781,-10.959415479201265
ZNF121,-10.283795371980696,-10.340297274698266,-10.398760384532524
ZNF561,-10.432796609155119,-10.503951871583876,-10.563267089687733
ZNF561-AS1,-10.286048282154148,-10.342467987899747,-10.233500683093418
ZNF562,-11.041848948689152,-10.814063674505777,-11.287787137816688
ZNF846,-10.806310757669092,-10.983564010532401,-10.528738544413313
FBXL12,-10.787867254154701,-10.881309854504089,-10.879354563785734
UBL5,-8.387002219330613,-8.415728152660625,-8.418027776325985
PIN1,-9.741095756947939,-9.927366443725118,-9.935704330348631
OLFM2,-11.938934258320778,-11.936191473751865,-11.745477220259394
PPAN,-11.209828150978165,-11.347436898268015,-11.282605872208991
P2RY11,-12.348809649840767,-12.448037227788475,-12.688320436788274
EIF3G,-9.37017895882037,-9.462039534074695,-9.51254540076685
DNMT1,-9.505588412873273,-9.686831954818192,-9.771461848704583
MRPL4,-9.988266276294105,-10.14374885757906,-9.977422839438258
ICAM4,-11.944852359864221,-11.241063200702008,-12.184679420627266
FDX2,-11.055931742006226,-11.167795468107586,-11.285317129154517
RAVER1,-11.560477076154912,-11.703200168924537,-11.723945339232397
ICAM3,-12.364245306229224,-12.405975458999208,-12.445777491052548
TYK2,-11.019312412313663,-11.030760854662551,-10.613539834323255
CDC37,-9.287786012554859,-9.384586488367539,-9.41270926204463
KEAP1,-10.789334559658101,-10.92254283656855,-10.929678550960375
ATG4D,-11.37528879157787,-11.511354312607628,-11.407832665113116
KRI1,-10.961291048446313,-11.052556864522632,-11.113370971478458
CDKN2D,-12.371489844144309,-12.453697803467026,-12.48876115755525
SLC44A2,-10.834485646505994,-10.764278741282018,-10.898042729879428
ILF3-DT,-10.594569643302904,-10.89977893432907,-10.92525596768717
ILF3,-8.661207214971302,-8.776709494213911,-8.884633632635559
QTRT1,-10.71313354504212,-10.88142434797764,-10.945105841344269
DNM2,-9.951662512265111,-9.919615236664878,-10.160974037662143
TMED1,-10.55621639382291,-10.536341092661164,-10.668001315838438
CARM1,-10.760097446653123,-10.882442815191922,-10.92319954240298
YIPF2,-11.412807910885261,-11.529953322855965,-11.398184377479964
TIMM29,-10.870207794089648,-10.941982507642313,-10.904905167167946
SMARCA4,-9.27558452989775,-9.340284171296709,-9.449449958463983
LDLR,-10.939443349751306,-10.748412878803402,-11.177351445840797
SPC24,-12.162852979077474,-12.810712899006065,-12.683489775056147
KANK2,-10.695254541546113,-10.92525233186894,-10.830076847971839
DOCK6,-11.925977046545492,-11.939354802022658,-11.927968685316015
ENSG00000267082,-12.688003230593965,-12.618394243183559,-12.56120663169565
RAB3D,-12.270421949640346,-12.296527558173182,-12.236004549635451
TMEM205,-10.36900232709188,-10.381818422760482,-10.408409974923378
CCDC159,-13.11911830086369,-12.861720761474956,-12.934253254619794
PLPPR2,-12.668617915677398,-12.744243179845519,-13.178263019766085
SWSAP1,-12.459627676356277,-12.596403790898707,-12.527335615771287
EPOR,-11.10773182534437,-10.924619535348281,-11.200076433990944
RGL3,-11.352476950229779,-11.274501729456102,-11.358771505694785
PRKCSH,-10.270366391683945,-10.342903710297506,-10.472165334937268
ZNF653,-12.635127952881074,-12.644189136034697,-12.747205237280692
ECSIT,-10.789897064810274,-10.844546524275293,-10.969696869935891
CNN1,-10.114240565531965,-9.749132130292601,-9.868912294665888
ELOF1,-10.847333356302455,-10.94995041715245,-10.869429747474456
ZNF627,-10.84371237310792,-10.786193735821952,-10.98591445090742
ENSG00000197332,-11.943646864428484,-12.595800148047909,-12.410844126055581
ZNF823,-11.559608368669963,-11.562775473570472,-11.625368413703704
ZNF441,-11.482488071883393,-11.440646681615982,-11.579694164282278
ZNF491,-12.35736212600061,-12.497305257042703,-12.559584732214873
ZNF440,-11.425531395924562,-11.320709309947041,-11.624527860283619
ZNF69,-9.797053784403609,-9.600921254619948,-10.077048659048266
ZNF700,-11.223447055954333,-11.28528849476633,-11.525719837107424
ZNF763,-12.385806583676642,-11.95918681913906,-12.541444138204195
ZNF433-AS1,-10.628126469702712,-10.400887839726376,-10.581788529069451
ZNF433,-11.679217971984922,-11.527345640059348,-11.862380618332844
ZNF844,-11.531978126510907,-10.840456965822408,-10.958283724963449
ZNF20,-12.640313634388406,-12.389297717233289,-12.606672549370256
ZNF625,-10.527929829467064,-10.568536324691767,-10.729508476271722
ZNF136,-11.724255115344297,-11.714720140400722,-11.894449345914463
ENSG00000291101,-12.144447476266146,-11.716873433411816,-12.01600114605129
ZNF44,-10.083094118493102,-9.994490567240085,-10.264102025805627
ZNF563,-12.976706872960994,-13.023427755032596,-13.088084088926074
ZNF442,-12.517160391982474,-12.437707516862067,-12.613022341172705
ZNF443,-12.854020247492794,-12.955508966711124,-12.695709152204904
ZNF709,-11.085736409604968,-10.993353411409544,-11.087430111707095
ZNF564,-11.622971150948347,-11.51220735733774,-11.64260351126984
ZNF490,-11.619193225112452,-11.475586443481884,-11.641517650641928
ZNF791,-10.307307307179313,-10.237854453470039,-10.403928862424179
MAN2B1,-11.902573287900596,-11.790770718795839,-11.974126097905849
WDR83,-11.78235109244925,-11.787061088041156,-11.836382835831644
WDR83OS,-8.858503958861288,-9.005405137428975,-8.975600968849188
DHPS,-10.628137422101831,-10.693356047521574,-10.800101716645498
FBXW9,-12.01869896233824,-12.177661394215923,-12.118613378685003
TNPO2,-10.587116536307573,-10.669419728770322,-10.783593397512432
TRIR,-9.064002448098767,-9.197303052352696,-9.232876610590473
GET3,-10.904617251702234,-11.061128102179483,-11.114418175848806
HOOK2,-10.6814532554547,-10.54918013470952,-10.621226924209605
JUNB,-11.108542775983906,-10.803218016411078,-11.408460961924408
PRDX2,-7.848458893396903,-8.052805214530949,-7.831378795618913
MAST1,-12.416233828356686,-12.8132910648199,-12.749163727023383
DNASE2,-11.70994924726457,-11.525288990086713,-11.611797567918854
GCDH,-11.305441922275469,-11.390972624124512,-11.440199280515337
SYCE2,-12.549967163423744,-12.785683264537303,-12.800419208703774
FARSA,-10.880562934145782,-11.05471949527168,-10.933607925622717
CALR,-8.382915535608644,-8.337377712229674,-8.597991262088968
RAD23A,-9.323660333101293,-9.432920559323126,-9.373002071229983
GADD45GIP1,-9.122627106628995,-9.326367858296631,-9.320538844525569
TRMT1,-11.591580435474127,-11.673528277632325,-11.89099037062101
NACC1,-11.497494731620366,-11.559576573373024,-11.674215220402996
STX10,-11.316833888978438,-11.322955364804738,-11.356056541499102
IER2,-9.936397010908387,-9.523390239949286,-10.103418543856067
CACNA1A,-11.352236648899769,-11.044096937961777,-10.812487224478856
YJU2B,-10.532714171270491,-10.411896825452612,-10.616623758341168
MRI1,-11.529958980408363,-11.264598587820434,-11.733724291313788
C19orf53,-9.231076823712378,-9.309674447439654,-9.28248910843225
ZSWIM4,-12.024173203005,-12.01548157205816,-12.219408295080193
BRME1,-13.216056232531157,-13.237936336030536,-13.170306918296076
CC2D1A,-11.528561947296607,-11.556766487063225,-11.623597396606533
DCAF15,-11.395425143513187,-11.436739972461108,-11.599823638260485
RFX1,-11.379204148883316,-11.375628303056418,-11.5446274621715
SAMD1,-10.126537516165584,-10.150383513812313,-10.334755680669227
PRKACA,-10.144129033733208,-10.131462430406664,-10.304308765654296
ASF1B,-11.966947014742777,-12.610233195598163,-12.546324895235974
ADGRL1,-10.799049235492596,-10.770944058793168,-11.000480760855783
ADGRE5,-13.019805050934005,-13.176496523970142,-12.903844430961662
DDX39A,-10.861239346501426,-11.172940553189456,-11.21836638637898
PKN1,-10.577833893077623,-10.732653609076833,-10.75960860208287
GIPC1,-10.110877264386295,-10.288548813877801,-10.329367454262773
DNAJB1,-9.841219041385207,-10.173097575411605,-9.951794404624938
TECR,-9.882066172148788,-10.001097277794047,-10.194458210836222
NDUFB7,-9.061707225122206,-9.162684930998587,-9.112671608688823
ZNF333,-11.871681051410102,-11.816119211152945,-11.827590505106983
SYDE1,-12.196102727623316,-12.356779320687938,-12.548870576373734
ILVBL,-11.27279436999758,-11.26247000813556,-11.320197025256107
NOTCH3,-11.246774303644251,-11.205996916312726,-11.682541401277364
BRD4,-8.957177169673209,-9.041346703398954,-9.084080657232029
AKAP8,-10.686432479178544,-10.733194634224443,-10.867855801277749
AKAP8L,-9.40595003585193,-9.419395745693112,-9.617805310859211
WIZ,-11.186080722848617,-11.28553148619743,-11.361105086372213
TPM4,-8.742335735704732,-8.73511656043511,-8.750900361563504
RAB8A,-9.903202932603879,-9.917497717344324,-9.923828478581692
FAM32A,-9.935716688589027,-10.027804310044232,-10.063413768383045
AP1M1,-10.863663713696752,-10.969615578060155,-11.033339537404277
KLF2,-11.635812494730867,-11.833187886912203,-11.431593765857397
EPS15L1,-9.773925028859644,-9.873965973957116,-9.86215147663953
C19orf44,-11.88500863468882,-11.7540199408293,-11.99138717946072
CHERP,-10.731905159151458,-10.854596724455588,-10.931963068872122
SLC35E1,-10.544917595850789,-10.672433465677642,-10.725980227129448
MED26,-11.57171288743241,-11.74567207877116,-11.774873071214817
SMIM7,-9.636128586911976,-9.804650113718903,-9.815619922151065
TMEM38A,-10.136318497329219,-10.084557624043082,-10.15208531280532
SIN3B,-9.955583936383356,-10.03271265147149,-9.955024485464962
CPAMD8,-11.719674400486747,-11.633805494913352,-11.973310292878312
HAUS8,-11.536726873856157,-11.597329594081108,-11.728371001594562
MYO9B,-10.040488688075062,-10.081931806191578,-10.260442727973231
USE1,-11.020508513016429,-11.045262548052396,-11.152573168782883
OCEL1,-12.054448638455389,-11.885689782879851,-11.803702866679613
NR2F6,-10.160373047294858,-10.179786750204544,-10.27281657783543
BABAM1,-9.938473163044364,-10.169609693613184,-10.10842112675409
ABHD8,-11.713953925241865,-11.690655442895062,-11.86649789652046
MRPL34,-9.410150542281322,-9.624983277741954,-9.416285487211999
DDA1,-9.998924190252433,-10.12289920280572,-10.216713198808247
ANO8,-12.788445952535472,-12.802495362739023,-13.059978631648006
GTPBP3,-11.614606836866479,-11.73000273874365,-11.829293166404039
BST2,-10.913293698476226,-10.351687818560654,-9.759816502768876
MVB12A,-10.662182053558539,-10.665746897209827,-10.807740657345072
SLC27A1,-11.607780005503662,-11.475090676593306,-11.608182073411294
PGLS-DT,-12.076421650870863,-12.113183157564205,-12.370999137467027
PGLS,-9.74814107565656,-9.89457575041702,-9.73578575924866
COLGALT1,-11.456652162657354,-11.538175497784724,-11.4360801519806
MAP1S,-11.633344818650649,-11.742046148895472,-11.708009499460353
RPL18A,-6.706693331287468,-6.929057461513929,-6.9609455525810295
CCDC124,-10.435190233338615,-10.458026002959814,-10.49277280149522
KCNN1,-12.890570068761852,-12.7570031785602,-11.58017660720461
MAST3,-12.653246160912833,-12.704109435976793,-12.757699421606485
PIK3R2,-10.862077234537407,-10.955011561627643,-11.028517673858309
MPV17L2,-11.520933363708862,-11.591899394417798,-11.553713316818062
ENSG00000268650,-12.616091792861793,-12.874909953902911,-12.326694047587177
JUND,-9.273648169832793,-8.984627063306915,-9.522355654912017
LSM4,-8.803316911564616,-9.076392215641675,-8.858193626642128
PGPEP1,-11.388221117529035,-11.420650805942481,-11.552727181717923
SSBP4,-10.195184845865915,-10.19489211796077,-10.0862628892856
ISYNA1,-9.46295563555588,-9.530590577282254,-9.844958556600739
ELL,-11.406087048022771,-11.405232536284073,-11.625867309889477
FKBP8,-9.778360097296845,-9.789190268490918,-9.797636232079805
KXD1,-10.533142116107511,-10.7716201230038,-10.821471160597275
UBA52,-7.493379978866667,-7.631661527641971,-7.641920793572666
REX1BD,-10.190286922606727,-10.230047621061603,-10.024901923855987
CRTC1,-10.658177586671123,-10.646318543512564,-10.868303132304238
UPF1,-10.724776486576188,-10.8554379177102,-10.842254533972582
CERS1,-12.457988444310105,-12.50242213413151,-12.423724683381337
COPE,-9.345694053939589,-9.483020863822809,-9.474669227490722
DDX49,-10.844668869677554,-11.046873609142764,-11.105284000536496
HOMER3,-10.849944141775929,-10.746068117570031,-10.871719098076696
SUGP2,-9.366792672117722,-9.34729234152428,-9.461163068491853
ARMC6,-11.683055031059228,-11.71945584975789,-11.829362820520583
SLC25A42,-11.628945761101875,-11.543306771103646,-11.572447426762396
TMEM161A,-11.021439026801094,-10.765220678543532,-10.67882924941817
MEF2B,-12.185345162233737,-12.194155812815085,-12.44524472628761
BORCS8,-11.37257926242559,-11.57679811703868,-11.460359432495522
RFXANK,-10.81083678151239,-10.820005603350664,-10.890171337334618
NR2C2AP,-12.122900775118918,-12.278363179410345,-12.096635151070643
TM6SF2,-13.06511755323487,-12.98334732797539,-13.084380228983932
SUGP1,-11.107867523712658,-11.076601080609212,-11.226811364179756
MAU2,-10.371131733291248,-10.432085015809978,-10.71584725376311
GATAD2A,-9.600455837899284,-9.636400652505706,-9.731631963528356
NDUFA13,-8.106940229696436,-8.229496773160909,-8.12691406172321
YJEFN3,-12.173341386399725,-12.163608244425546,-12.285209927674952
PBX4,-11.677365251747323,-11.773823395272576,-11.895219790292591
LPAR2,-12.060831507814243,-12.238581698510542,-12.259247943901135
GMIP,-13.27350156047418,-13.242312776558553,-13.186885984022862
ATP13A1,-12.146809361395626,-12.235729369731116,-12.336283326939
ZNF101,-12.263943302307668,-12.314767066948683,-12.51069134920125
ZNF14,-11.543369543753045,-11.24996940360189,-11.378235062097481
LINC00663,-12.445815315426156,-12.229090463477393,-12.307698648092977
ENSG00000291177,-10.499195407803285,-10.965444417618592,-11.124467317072792
ZNF506,-13.133237534438269,-10.243615998784962,-10.166713207647241
ZNF253,-10.147328222493263,-10.11875642643163,-10.29181712416201
ZNF93,-10.468928409928111,-10.541256353947196,-10.671075031017697
ZNF682,-10.482572833256906,-10.805098784110472,-10.805462145606166
ZNF90,-10.70953079258237,-11.082634324860186,-10.583642737294497
ENSG00000267383,-10.965952232104454,-11.406255300130338,-11.03613022666592
ZNF486,-11.673328342243115,-11.725354734124913,-11.484221426360916
ENSG00000291130,-11.877016801625164,-11.26698452686471,-11.341458583363675
ZNF737,-11.083403116890555,-10.952234084834569,-11.040987930073234
ZNF626,-10.301449132579366,-9.750407854960327,-9.75947794683612
ZNF66,-10.750201112485074,-10.818697659408985,-10.901184099696467
ZNF85,-10.825302407491009,-11.193636399402871,-11.203827094678937
ZNF430,-10.863782677190413,-10.976198872028558,-10.902581295286048
ZNF714,-10.259288804090701,-9.98442701941136,-9.978273431203883
ZNF431,-9.376108228527835,-9.504340376433063,-9.455421622578243
ZNF708,-9.83768223692498,-9.773611955290532,-10.002217450108855
ZNF738,-10.265459473495847,-10.323949563077987,-10.24325272619982
ZNF493,-10.414968604808223,-10.377364319304355,-10.320335395980837
ENSG00000268119,-11.320753511822346,-11.394870124080239,-10.87026104304749
ZNF429,-10.248004035133562,-10.448070632005967,-10.421016733326304
ZNF100,-10.77784900018753,-10.986204836780004,-11.168287568187997
ZNF43,-9.922933566530663,-10.04072165565988,-10.109031285324303
ZNF730,-10.809014109349313,-10.989049047893905,-11.259287911435974
ZNF724,-11.489454491502734,-11.74286872324818,-11.777980423841402
ENSG00000284428,-11.171533803483376,-11.134946712030393,-11.402914131154448
ZNF91,-9.112634229836722,-8.977664159338003,-9.208821672380715
LINC01224,-12.599610016053091,-13.166727065305304,-13.185945699873605
ZNF675,-10.68783664034277,-10.910118375275728,-11.066854833690421
ZNF681,-11.489542475880206,-11.55845335114545,-11.557981654592904
RPSA2,-9.464841626391303,-9.470209869847364,-9.703098364738036
ENSG00000268362,-11.508686864487359,-11.34461630216853,-11.666589550974798
ZNF254,-9.61897318544305,-9.30561955170799,-9.457499175449598
LINC00662,-10.66459139627947,-9.9381639275756,-9.875072315861201
LINC02987,-11.70520741463118,-11.097121946062652,-11.20679292558411
UQCRFS1,-8.786029323267416,-8.84996785104975,-8.74339830589462
POP4,-11.025491036904581,-11.11088620630789,-11.072680755231923
C19orf12,-10.575586317698544,-10.480524928203828,-10.525872281970265
CCNE1,-11.773801638432387,-11.916268579273233,-11.969810276686228
URI1,-8.809809163629588,-8.892654504503028,-8.866534242212493
TSHZ3,-11.918697702175699,-12.056206403290973,-11.918021184916032
ZNF507,-10.011794301075039,-10.144412036964368,-10.213048677254543
DPY19L3,-9.855871048425804,-9.775137963538443,-9.880160253166869
PDCD5,-8.765349154950126,-9.02212190565461,-8.90388638382486
ANKRD27,-11.246631819258864,-11.171502226966778,-11.248283884573045
NUDT19,-12.37490535067112,-12.223614005750619,-12.204611096894515
CEP89,-10.500317866494482,-10.570010542218863,-10.587234769446717
RHPN2,-11.307362361803321,-11.333006818553155,-11.418844931104527
GPATCH1,-10.838086679188915,-10.832904875654641,-11.16145191384912
CEBPG,-10.039094762633205,-10.093912500735536,-10.019966480720504
PEPD,-10.359837061955904,-10.411758329522328,-10.611779517968149
KCTD15,-11.050569575383225,-11.011445127451156,-11.051576256120159
LSM14A,-8.617384172144398,-8.643229746646247,-8.799572443992004
GARRE1,-9.953569437086177,-9.914844082788154,-10.079631530802763
GPI,-8.681242871438938,-8.866973961445877,-8.522481009366576
PDCD2L,-11.270846628832384,-11.328639412580578,-11.341745801347997
UBA2,-9.161139745504745,-9.305605956277478,-9.347764359792398
WTIP,-10.981414985988847,-10.899121173643866,-11.325227826997784
SCGB2B2,-10.704155988227763,-10.896874327873372,-10.848286357754578
ZNF302,-9.575556310246007,-9.601862319453133,-9.57978548853917
ENSG00000274104,-13.085689832482887,-13.095375829679154,-12.951393494093221
ZNF181,-10.81289071413083,-10.839429605640298,-10.926089815739918
ZNF599,-11.982463121915222,-12.00988511266319,-12.05869210000716
ZNF30-AS1,-13.011286003280162,-13.087282911701344,-13.117741705200869
ZNF30,-11.847044990750037,-11.599327213779327,-11.648227938696449
GRAMD1A,-10.594372002543517,-10.614827879257636,-10.622672212791642
HPN,-11.839022453235744,-11.851745659796059,-11.347287600227288
LGI4,-12.185019481310439,-11.775642289979485,-11.878116668471046
FXYD1,-10.429052925301049,-9.812752526937922,-10.093117193405647
FXYD5,-13.09055368008033,-12.400660165398138,-12.289620848641775
LSR,-10.834068991037043,-10.894732894592646,-10.93008191251266
USF2,-10.281228306159923,-10.384553595693458,-10.304593455880209
HAMP,-12.967142716923558,-12.82968281351047,-11.344243579537478
DMKN,-9.496579052686412,-9.838812044501763,-9.433471055141242
TMEM147-AS1,-11.698692664734681,-11.517766282254607,-11.454942292104807
TMEM147,-9.657863812845083,-9.688681476669801,-9.614463941107584
HAUS5,-11.979365458261784,-12.22418047231604,-12.184683483500297
RBM42,-10.159208508538544,-10.31421299325854,-10.322335788119917
COX6B1,-8.0639340720316,-8.201126381910429,-8.032270947180438
KMT2B,-10.681176770478093,-10.680064249723129,-10.884468869713036
U2AF1L4,-11.518068632374233,-11.898989480843426,-11.599957443875168
PSENEN,-9.988708802358254,-10.00870645668504,-10.012281327834364
LIN37,-12.168742256726961,-12.229982347022302,-12.332405624141773
PROSER3,-11.728115885038484,-11.830882652909418,-12.0669879876785
APLP1,-11.493077644515614,-11.65355665875271,-11.731706244775406
LRFN3,-12.888754183856834,-12.778574743784272,-13.020332294930892
SDHAF1,-11.518475430097746,-11.62038075567638,-11.548074388612498
ALKBH6,-12.029905000466268,-11.924213562256082,-12.06912029969455
CLIP3,-11.774575908102976,-11.565252548973037,-12.084812790749746
THAP8,-12.023076767453329,-12.104907080334005,-12.299883188764644
WDR62,-12.379898728691808,-12.987101816664962,-13.10707312358793
POLR2I,-9.798903747498716,-9.959819198180895,-9.894790193968715
TBCB,-9.668074057064931,-9.748183988693954,-9.788473013637557
CAPNS1,-9.717652995576513,-9.759915534185318,-9.846181756621663
ZNF565,-11.299828032211893,-11.311826453681785,-11.371954495058592
ZNF146,-9.317669938784427,-9.375107906686972,-9.456271747805907
ENSG00000267053,-12.710811333584632,-12.687879298771318,-13.025155071795364
LINC00665,-9.826459164326746,-10.078432705495471,-9.875091503103315
ZFP14,-10.440703348614988,-10.310447320771317,-10.490173048804966
ZFP82,-10.649325489562788,-10.78949182722692,-10.814970706030287
ZNF566,-10.783670171781658,-10.782518415493277,-10.86628158910599
ZNF260,-10.542742477578948,-10.501569820571541,-10.520947306746903
ZNF529,-10.346161838309902,-10.204749412543604,-10.362875733023063
ZNF529-AS1,-11.1234544225725,-11.117586756571937,-11.182214106657883
ZNF382,-10.903039922469507,-10.824285625284316,-10.868876420835726
ZNF461,-11.627824411664449,-11.535783365865319,-11.701811427301083
ZNF567-DT,-12.912496702126344,-12.999668219881489,-13.06086421557135
ZNF567,-10.956186780152244,-10.941953506191178,-10.985472916807314
ZNF850,-10.815851447728038,-10.764950975077786,-10.872628311703354
ZNF790-AS1,-12.035192633293821,-10.949431480221243,-11.030612592826117
ZNF790,-10.950456875026388,-10.925553336426063,-10.975094221064856
ZNF345,-10.259104598046218,-10.331851092719045,-10.421511798658372
ZNF568,-11.148808782904084,-10.667946518789602,-10.64915238997804
ZNF420,-11.14581264320419,-11.138743558751298,-11.19973605020523
ZNF585A,-10.780457918745888,-10.697782033409245,-10.774041914862975
ZNF585B,-11.678597356823097,-10.97828254401923,-11.224033812350445
ZNF383,-11.67502299488597,-11.485513292865791,-11.72584085247055
ZNF875,-10.279312579832261,-10.21151398691252,-10.34833262012092
ZNF527,-12.11484488599468,-12.092595324822616,-12.151560559404997
ZNF569,-10.688559534898424,-10.82186200636134,-10.888159815219106
ZNF570,-11.607926194623637,-11.594456666067664,-11.60965610962009
ZNF793-AS1,-11.947052837105561,-11.728745202051885,-12.506445927141886
ZNF793,-10.452771114525202,-10.415823170267883,-10.603825999090335
ZNF571-AS1,-12.961588413032294,-12.964281382455734,-13.135140982173397
ZNF540,-12.6868696973587,-12.595765639174493,-12.728516500998005
ZNF571,-11.398813098104592,-11.335597780727348,-11.55396169087933
ZFP30,-10.226714282451082,-10.089765944732365,-10.419124934506492
ZNF781,-12.028852853384638,-11.943183151760135,-12.216250341786568
ZNF607,-11.670966338296296,-11.588823674255867,-11.701607598056901
ZNF573,-11.294958276440411,-11.259405165067013,-11.26890297137608
SIPA1L3,-9.881248119943338,-9.828635063284075,-10.086484985000913
DPF1,-12.687616102088468,-13.07781497513891,-12.958050215030829
SPINT2,-8.668303534101232,-8.823770090417092,-8.68502431839077
PPP1R14A,-10.63585976094946,-11.087113084229733,-10.318474917682146
YIF1B,-11.290814087386321,-11.431014935769644,-11.395572478666493
CATSPERG,-11.925782279897561,-11.631594350308662,-12.054126884498439
PSMD8,-8.983218167903122,-9.103053045026586,-9.054466831057619
FAM98C,-12.1346547652026,-12.075552486052423,-12.209139043234693
RYR1,-12.663463299652406,-12.616457164840597,-12.180617568610446
EIF3K,-8.4505253645598,-8.602722094385886,-8.48416371962623
ACTN4,-8.81912376454502,-8.7511494279462,-9.153670096241012
ECH1,-9.078762000166048,-9.095758851153855,-9.197043736602996
HNRNPL,-9.064122890212534,-9.15409847659039,-9.200182070985374
RINL,-13.116556316483745,-12.938797738157978,-12.583491529869598
SIRT2,-11.633022653198276,-11.579703964254414,-11.65082949340836
NFKBIB,-11.703689514046843,-11.61486511398816,-11.826711822850573
SARS2,-11.58902273189872,-11.676056940698562,-12.02112903117153
MRPS12,-10.544423490524101,-10.571412923867605,-10.494801045693883
FBXO17,-10.321815909505206,-10.275508002238238,-10.292758434896717
FBXO27,-12.208043751424963,-12.203767632045937,-12.021677493750587
PAK4,-11.02625080262027,-11.138949102349335,-11.164020247463144
NCCRP1,-12.94333550723442,-13.015651956702953,-12.234557292475285
LRFN1,-12.578270258366768,-12.465141296967595,-12.524961719852957
SAMD4B,-9.719506560857829,-9.700390816648564,-9.976313463486816
PAF1,-10.193742690717906,-10.322532206435877,-10.436162736940336
MED29,-10.48252879407617,-10.460314072453158,-10.416714620522653
ZFP36,-11.608422439708315,-11.332191349652218,-11.753577325120302
PLEKHG2,-11.026751219832695,-11.004788376507287,-11.409935534204621
RPS16,-6.781883618810233,-6.831051624419393,-6.789097165347945
SUPT5H,-9.589799544268809,-9.666682686300433,-9.811144256869389
TIMM50,-10.730130016198652,-10.83434617320069,-10.80356196178345
DLL3,-11.913894191339184,-11.512522154662422,-11.839724151884836
EID2B,-11.457383292029688,-11.532330150488042,-11.568333266002464
EID2,-10.049387016817358,-10.02169922341965,-10.055931443364175
DYRK1B,-11.544169655865508,-11.647760255632406,-11.861184262668015
FBL,-9.439583502509093,-9.71020961575445,-9.41786526650125
PSMC4,-9.835477732709444,-9.91804730017274,-10.06574674092224
ZNF546,-11.78586282166533,-11.698747873920373,-11.769494065079869
ZNF780B,-9.870237422070234,-9.780570576087616,-9.832606580638053
ZNF780A,-11.407738234098057,-11.417355366391174,-11.443028155525061
MAP3K10,-12.204706935354226,-12.084848939056505,-12.173236752449291
AKT2,-10.579452768058918,-10.586470098571823,-10.667270790887223
C19orf47,-12.43854013200381,-12.503398097341572,-12.646506378657774
PLD3,-8.778053265482935,-8.775234030157087,-9.08207406724382
SERTAD1,-11.524741467051438,-11.452896474691899,-11.56583434222161
SERTAD3,-10.543223173081858,-10.253308495269478,-10.66320506264811
BLVRB,-10.814195253419687,-10.760130832826883,-10.392661843586177
SHKBP1,-11.890192210274671,-11.831219096715467,-11.95363608859076
LTBP4,-11.13215466529627,-10.946864735955794,-10.93904256158117
NUMBL,-12.510351141638786,-12.619922875064686,-12.790845652132374
COQ8B,-11.050118876998281,-11.022570095295542,-11.257710146017972
ITPKC,-11.914335937786394,-11.961185863563632,-12.074471637146134
ACTMAP,-12.04787172578632,-12.209843869344915,-12.175967277192242
SNRPA,-10.15053731434009,-10.399779605621259,-10.274295771002626
RAB4B,-11.94474969038942,-11.825061160849481,-12.003498411016873
EGLN2,-11.017652790439135,-11.08039356842903,-11.151142008047
AXL,-10.839876872804036,-10.905082765818376,-11.114924598812971
HNRNPUL1,-9.179960339212922,-9.3488904243789,-9.36319121771034
TGFB1,-11.465094515530893,-11.516243776746343,-11.59013749549483
CCDC97,-11.334282181320205,-11.320626805888962,-11.35558247161848
TMEM91,-10.924005916743733,-10.648927957104974,-10.865191772282474
B9D2,-12.658261784215425,-12.615203904300108,-12.811666993627883
EXOSC5,-11.018422603923172,-11.37818126225497,-11.281880697228043
BCKDHA,-10.757872988139974,-10.963266669618774,-10.794165343705009
DMAC2,-10.218939957427263,-10.605017392815906,-10.659591585846673
RPS19,-6.5400564852269705,-6.832751962043056,-6.7196593167520104
ARHGEF1,-11.39612422823768,-11.381898131305714,-11.588476612103861
RABAC1,-9.526578131927588,-9.38993359355217,-9.441119820202829
ATP1A3,-11.997023533127944,-12.749452623485942,-11.77611107339627
GRIK5,-12.557440238263071,-12.471487829046298,-12.452099186467464
ZNF574,-12.47374357488018,-12.581008561967826,-12.53312469603979
DEDD2,-11.649030907301402,-11.83507260150454,-11.728914631328177
ZNF526,-12.752479571324693,-12.860038988953978,-12.987961175462322
GSK3A,-11.326677888560184,-11.40258793358867,-11.41261276478057
ERF,-10.945749793604538,-11.035932140355142,-11.180184384764832
CIC,-11.711060758224699,-11.646945996256228,-11.962093176876358
PAFAH1B3,-10.012692824571937,-10.158628248437534,-10.113308579848919
MEGF8,-10.639746528768441,-10.711696665685174,-10.8983529330464
LIPE-AS1,-10.515093279014287,-10.649277987712546,-10.46778294215779
LIPE,-12.503984747228042,-12.56022414369691,-12.500233660615619
PHLDB3,-11.815113098334185,-11.852588562986197,-11.955185530147974
ETHE1,-10.915195627310101,-11.123242935112996,-10.918460953049323
XRCC1,-10.541519298642166,-10.503204318879076,-10.335075564619688
PINLYP,-12.496135382394051,-13.079610411950412,-12.1529620363069
IRGQ,-11.336302134394055,-11.25527177042681,-11.623474753369122
ZNF576,-11.802685889872155,-11.855408188441503,-11.971716541825662
ZNF428,-9.388845275057568,-9.396217374364632,-9.440159780590724
CADM4,-11.509845994381841,-11.442038207820064,-11.615141612728829
PLAUR,-13.254149102084762,-13.188070581006935,-13.09321537705703
SMG9,-11.50885453723332,-11.531139864332099,-11.656061101833647
ZNF404,-13.070498008052592,-12.761005577966944,-12.28474161351337
ENSG00000267058,-13.265191637170014,-12.97382104917467,-12.61786995325558
ZNF45-AS1,-12.781125355010724,-12.814978161242328,-12.32926695056231
ZNF45,-11.762693165909374,-11.76819227724498,-11.88936664960812
ZNF221,-12.565297543297453,-12.63268134900613,-12.597751650274011
ZNF155,-10.607093933875854,-10.542692422341517,-10.590043529749497
ZNF230,-13.026956359495104,-12.905137673622303,-13.110240628274214
ZNF222,-12.596925825296983,-12.588013285186575,-12.601154731417493
ZNF223,-11.916508756525738,-11.693975004914856,-11.972869764535693
ZNF284,-12.811694201265993,-12.87990910627823,-12.951632577157113
ZNF224,-11.409971890155258,-11.398330337378557,-11.452793622390365
ZNF225,-12.492402348066204,-12.457971908249426,-12.465154973079828
ENSG00000289428,-12.814311888142017,-12.830763893469987,-13.064769965354891
ZNF234,-11.175670802818106,-11.131973949722687,-11.263721540460509
ZNF226,-10.68450645405277,-10.597924361178256,-10.753469903781953
ZNF227,-11.265346904154498,-11.287585207132029,-11.333027887871172
ZNF235,-9.952860803933433,-9.886684591493696,-10.057802717564144
ZNF233,-12.55303176414046,-13.010069806485872,-12.971680717704102
ZNF112,-11.263087275542757,-11.202307698030602,-11.245461458558719
ZNF285,-12.582287501402215,-12.533128360116628,-12.502584806197735
ZNF180,-11.231112543478142,-11.328633736513142,-11.434591485081096
CEACAM16-AS1,-12.644687275846936,-12.358697594319947,-12.447337214310844
PVR,-11.280951204505145,-11.171115711448223,-11.303011784871027
CEACAM19,-12.345020207103351,-12.19797363132442,-12.211046800841281
BCL3,-12.866890819548797,-12.946040940980257,-12.69136536142697
BCAM,-10.459585575659029,-10.306255360008501,-10.841235036648532
NECTIN2,-9.758427384128158,-9.589433866300643,-10.045223563822677
TOMM40,-10.151630419870838,-10.314964398568112,-10.285991759734985
APOE,-9.021001483351451,-8.651616749385234,-8.51592441177198
APOC1,-12.059849673777848,-11.929898468393098,-11.315349795898586
CLPTM1,-10.775561703554938,-10.729477451636992,-10.934175232841612
CLASRP,-10.574354959849858,-10.633094246336515,-10.717099965318118
GEMIN7-AS1,-12.312568422749276,-11.903651672011476,-12.002075862620632
GEMIN7,-11.12424476288993,-11.25527664378402,-11.2355655996605
MARK4,-9.897828237673025,-9.920245991379222,-10.09980036301699
PPP1R37,-12.141825209222798,-12.159097145899132,-12.35567009483747
TRAPPC6A,-10.072704715376696,-10.139427175612342,-10.162691962539625
CKM,-9.653719699262819,-9.59779573971267,-8.834970288324994
ERCC2,-11.386808927456064,-11.40965945333833,-11.457648103027395
PPP1R13L,-11.638063985335272,-11.62695585651736,-11.201128778676985
POLR1G,-11.136307044080088,-11.245971938537744,-11.344501096521908
ERCC1,-9.912105366774618,-9.932698917054386,-10.10288828517021
FOSB,-12.483794260401895,-12.095239896205346,-12.874056706114748
RTN2,-10.67527404481172,-10.455104911191684,-10.99972180937921
VASP,-9.991878897138486,-10.06240641223223,-10.19022215370577
OPA3,-10.5394517769444,-10.651667934614325,-10.819465634785569
EML2,-11.664546067848207,-11.534453099559135,-11.523636690740918
GIPR,-11.9894225927842,-12.154235650148335,-11.925741508215955
SNRPD2,-8.4661163323171,-8.502933091595969,-8.49528322408452
QPCTL,-12.00663044303676,-12.092612909970256,-12.335781095134923
FBXO46,-10.761675745747628,-10.810715894738339,-10.92852952785446
SIX5,-11.497093481906427,-11.533096699796506,-11.7263302088461
ENSG00000259605,-12.01467220409902,-12.006573987863971,-12.1285363433422
DMPK,-10.932426799578666,-10.908885726846734,-11.443983942362529
DMWD,-11.037044781072371,-11.058421783813815,-11.354852477632942
SYMPK,-10.311226491490064,-10.380477721379185,-10.334581324615728
IRF2BP1,-12.22171416632769,-12.301537859690443,-12.408029161478593
MYPOP,-12.20168841264474,-12.064565725600506,-12.43793195867983
HIF3A,-9.501087799105335,-9.568107814125556,-9.76466939560881
PPP5C,-10.07448247009571,-10.211989357065631,-10.235568389115242
CCDC8,-10.481525565094355,-10.562170632324628,-10.567929621080374
PNMA8A,-10.860860130125488,-10.957733239205178,-10.74325719696102
PPP5D1P,-12.018837091449535,-11.82352199219213,-12.061390965742595
CALM3,-8.891035000568552,-8.948327092880652,-8.890241352319746
GNG8,-12.801361684976289,-13.216300464150196,-13.03151451719695
DACT3,-10.134336277436264,-10.312698453342824,-10.370288427401066
DACT3-AS1,-11.170430453335277,-11.246755768203169,-11.749126994867305
PRKD2,-11.697346138515918,-11.684996878849567,-11.728520324639733
STRN4,-10.87685389930122,-11.018325680877252,-11.223291449019987
FKRP,-11.28031076481315,-11.122120520870865,-11.597656910052939
SLC1A5,-11.15946854743287,-11.146265255726878,-11.334270700214768
AP2S1,-9.524378465411559,-9.667968799877716,-9.68490257974621
ARHGAP35,-9.155114877703927,-9.168471135875414,-9.433473747615896
NPAS1,-12.935265461077073,-12.783642769777794,-12.694101212596873
TMEM160,-10.459284115646415,-10.502058178045731,-10.550294743743732
ZC3H4,-10.666933242746166,-10.799149365301195,-10.887660360559137
SAE1,-9.497704974471436,-9.625102907208413,-9.74603641660786
BBC3,-11.815449849156721,-12.37909317812823,-12.355086814386528
CCDC9,-12.097902399119375,-12.017658939391476,-12.205785097446077
INAFM1,-12.966766069630088,-13.057620727431017,-12.917279523631779
DHX34,-11.659850749070964,-11.637026179797095,-11.797006841803356
ENSG00000288827,-11.597838669318925,-11.521552965973155,-11.523021163748975
MEIS3,-11.015437614940755,-10.794722328537333,-10.810274894431013
KPTN,-12.256896902857314,-12.2495865270235,-12.497798758263848
NAPA-AS1,-12.787534939547607,-13.018715138448954,-12.81808186425894
NAPA,-10.341492598832705,-10.42637105257831,-10.505661206445863
BICRA,-12.437937423669714,-12.651046357225741,-12.661249807345019
NOP53,-9.164209041911883,-9.1039397647126,-9.268086169691218
SELENOW,-7.2655145574455124,-7.244522557948315,-7.350906948779828
SULT2A1,-13.193866717578828,-13.254507323968188,-12.900928869745698
PLA2G4C,-12.570479553802093,-11.963009647034811,-12.811201936526542
LIG1,-10.692705462021403,-11.13170174222886,-11.02791188638233
ZSWIM9,-11.392609190087839,-11.463949406120314,-11.643000600545129
CARD8,-10.575844057880056,-10.756470794569035,-10.721588710091423
ZNF114,-12.641449725641358,-12.703917166603508,-12.714623092222876
EMP3,-10.5412633016756,-10.164240612994604,-10.412662963824557
TMEM143,-12.232315431681194,-12.25557866031958,-12.329148918475708
KDELR1,-8.182255677535446,-8.209419217321125,-8.248431955830435
GRWD1,-11.401476029227483,-11.567302521198764,-11.57470225151506
KCNJ14,-12.815825485252564,-12.852771366206953,-13.17980158047407
CYTH2,-10.697876349063911,-10.746762239683768,-11.000550808140078
LMTK3,-13.233135326073267,-13.2306044595285,-13.053063981355676
RPL18,-6.6266619097884485,-6.824892538313907,-6.677100331251206
SPHK2,-12.49407521979164,-12.511866801652063,-12.904443731616507
DBP,-12.308471992333814,-12.341852929023663,-12.29562891374887
CA11,-12.056541526281253,-12.10376645649663,-12.028641333097042
MAMSTR,-13.060409550043468,-12.919873503916389,-13.001769502753568
BCAT2,-10.24936376975389,-10.431534053760538,-10.321088467158507
HSD17B14,-12.272745397359975,-12.291488325858904,-12.359184660368248
PLEKHA4,-11.927781477651516,-11.859368831938355,-11.473669185171985
PPP1R15A,-10.425930387943524,-10.219562676611906,-10.540447799410238
NUCB1,-10.19523613859529,-10.222942969814074,-10.213290352378895
BAX,-9.608307008528293,-9.916466204304479,-9.919617963097272
FTL,-7.997600804174738,-8.096064066795702,-7.884521208481988
GYS1,-10.479324921172449,-10.6053555354742,-10.521322928783034
RUVBL2,-10.609940100858719,-10.875766314428255,-10.8257753258677
NTF4,-12.70798520650361,-12.422728869850019,-12.648296773746758
SNRNP70,-9.18479458931971,-9.224451695512894,-9.313560027294812
LIN7B,-11.559449198036834,-11.62189429712359,-11.518554031179931
PPFIA3,-12.056031001586348,-11.982179259399613,-12.105217172583739
HRC,-9.449762487947213,-9.222165900870952,-9.628596010914109
TRPM4,-11.296873768218763,-11.025224598695523,-11.614600974818599
SLC6A16,-11.117073284026763,-11.619230390078316,-11.52914480887275
TEAD2,-10.520095824194279,-10.508114684743177,-10.618509979689371
DKKL1,-12.482344651313776,-12.76387391704873,-12.670607856737773
PIH1D1,-10.055290521217279,-10.252673258570482,-10.160368850911887
ALDH16A1,-12.044617134100411,-12.130395586302855,-12.300868856363802
RPL13A,-6.095552425359804,-6.264716654521436,-6.249375217664071
RPS11,-7.011448677769337,-7.222327018351076,-7.297663856184275
FCGRT,-11.7853410188418,-11.691522690162662,-11.868762159225206
NOSIP,-10.056414001309617,-10.209124268460378,-10.149528624311063
PRR12,-10.673200864042716,-10.676065893435387,-10.879731334128127
RRAS,-11.428465024606405,-11.204845193507609,-11.483061765157013
SCAF1,-11.349146508168566,-11.433659517998922,-11.559904392416493
IRF3,-11.166205324999108,-11.164656802444494,-11.288838543836992
BCL2L12,-10.525548200624351,-10.647265359855139,-10.614717827459588
PRMT1,-8.681759885382288,-8.816759486123892,-8.804140757476429
CPT1C,-12.463547848492828,-11.761975900531587,-12.030505711634772
AP2A1,-10.422589784845869,-10.483834049620576,-10.544410241624423
FUZ,-11.537291997772831,-11.912086550666691,-11.981444522478695
MED25,-10.944981877282226,-11.119116302066862,-11.178797599566838
PTOV1-AS1,-11.996092204567734,-12.016679744639232,-12.174438762983074
PTOV1,-9.235592139699085,-9.300695569116655,-9.390324169176523
PNKP,-11.021572418567757,-11.03320628242156,-11.147588661441272
AKT1S1,-11.437188833292195,-11.56974847535882,-11.80174700395056
TBC1D17,-11.744358459908144,-11.867987612421127,-12.02478232506937
NUP62,-10.525664948669112,-10.7619415860468,-10.726147172835397
ATF5,-11.752011036335492,-11.536395552920094,-11.540875026362693
VRK3,-11.045289736387515,-11.021293246370258,-11.042271961047799
ZNF473,-12.446485925322468,-12.3530857550659,-12.625232534154058
MYH14,-13.113758511613808,-12.479139507484179,-12.618900228409304
KCNC3,-11.961600889184592,-11.349878562322367,-11.79611558388021
NR1H2,-11.478026380159445,-11.342992630279413,-11.4726997258111
POLD1,-11.795173378048938,-12.123807905292754,-12.10529757855191
GARIN5A,-12.515097543591189,-12.691053800221384,-12.817174701791926
EMC10,-7.528844405134538,-7.606064788720531,-7.48518720531388
ENSG00000268518,-7.508152871425594,-7.471004731509219,-7.136104234277519
ENSG00000289950,-8.665845271008711,-8.589737893692462,-8.350482019249743
JOSD2,-11.73623849740427,-11.730266586950906,-11.849650426073676
LRRC4B,-11.949592877718967,-11.792229693722591,-12.030928959625115
C19orf81,-11.497361733553845,-11.422174988479163,-11.31231754573687
CLEC11A,-10.994718892899401,-11.145240708799111,-10.904980825056398
CTU1,-12.060625819984418,-12.062560597198575,-12.074523599819333
VSIG10L,-12.950287292891604,-12.461571671172697,-12.63461114102936
ETFB,-8.766047656193813,-8.915336721127078,-8.679239062800313
CLDND2,-12.994845996770563,-13.05956535907573,-12.675391245572802
ZNF175,-11.765588599075794,-11.563355364371658,-11.807561829878809
SPACA6,-11.467137125304706,-11.543779181809645,-11.74374953093039
ZNF577,-10.46503913515493,-10.175342374721305,-10.148348736667858
ZNF649,-10.76136426824711,-10.635153956133768,-10.747159882186148
ZNF613,-11.727624676945707,-11.603906959390764,-11.905948484760083
ZNF350-AS1,-12.75553197786152,-12.197997118945041,-12.618162249762587
ZNF350,-12.076036627582932,-11.96179484961866,-12.08442804555601
ZNF615,-11.767544992315125,-11.7462304564165,-11.882548507733066
ZNF614,-11.201018299145835,-11.113306172269827,-11.274679276410954
ZNF432,-11.220003400496827,-11.200900806264544,-11.29395296525657
ZNF841,-12.357417671548289,-12.274666572182962,-12.303534393908842
ZNF616,-11.352024925352477,-11.432490628535732,-11.641495086365188
ZNF836,-12.057619828386336,-12.106569095345602,-12.218779700560495
PPP2R1A,-8.996862886006713,-9.15870830178758,-9.021508460911175
ZNF766,-10.68091084353806,-10.694617920251764,-10.676310005829116
ZNF480,-10.264300363400361,-10.31091333026549,-10.336989609471928
ZNF610,-11.2339763690802,-11.489360702387465,-11.247574306451185
ZNF880,-11.561224934583068,-10.808444157144589,-11.124448746434748
ZNF528,-12.723295228956014,-12.609036388157184,-11.173743894798411
ZNF808,-10.71923828049242,-10.630256326230535,-10.73393484827618
ZNF701,-11.441455270845887,-11.25827420251559,-11.666700345589154
ZNF83,-9.652206118009305,-9.33698866608732,-9.860193833396142
ENSG00000290073,-12.190499062436244,-11.984557907101838,-12.29494721982176
ENSG00000269825,-12.106965050772223,-11.86412371124915,-12.370511486803483
ZNF611,-10.225417874234862,-9.79926932739655,-10.506102611079497
ZNF600,-11.891612470138684,-11.876004852252095,-12.24288784645732
ZNF28,-11.632429339685052,-11.388468669364197,-11.731596555855889
ZNF468,-12.052647095083184,-11.989130573407559,-12.563210521804606
ZNF320,-10.395039403690935,-10.37919958455168,-10.613629865115499
ZNF888,-12.3671305429756,-12.295483759537165,-12.638049103771781
ZNF816,-12.1355476979831,-12.125332034451235,-12.386203030689682
ZNF160,-9.710130196352742,-9.6187679408678,-9.814401866815858
ZNF415,-11.286432492536447,-11.162015558956309,-11.140344530929754
ZNF347,-11.733126246920735,-11.437564263519443,-11.706568201346151
ZNF665,-12.57376674896308,-12.607841312441122,-12.652449435318369
ENSG00000291131,-12.538672102625997,-12.66440411818066,-12.866544891145335
ZNF845,-12.160864637593617,-12.264461508757286,-12.278480104445915
ZNF525,-11.747726792550583,-11.764281106324896,-12.015606464608478
ZNF765,-10.99830960586622,-10.681700737598545,-11.43705812035605
ZNF761,-10.539066418689075,-10.421466646511231,-10.688307479154933
ENSG00000287608,-13.091252395941815,-12.848267220140494,-13.104790077564465
ZNF813,-11.152653248066011,-10.95748341290851,-11.314406529293066
ZNF331,-11.03806972271761,-11.067303005852013,-11.020498868039516
MYADM-AS1,-12.140084284749491,-12.256887942399464,-12.811656046626508
MYADM,-9.80776303594215,-9.60592137682523,-10.032852125106723
PRKCG,-13.011945535908165,-12.79183729826455,-12.601537747139592
CACNG8,-12.039066332898239,-11.93634897201186,-11.784785853450982
CACNG6,-11.842078686408026,-11.751434134517613,-11.500590109916617
NDUFA3,-9.680893438074992,-9.414867553742718,-9.556652713278226
TFPT,-11.476271559627195,-11.478060557765076,-11.47950325886705
PRPF31,-10.278747598351117,-10.47637532971176,-10.480501020900642
CNOT3,-10.64982294082996,-10.690927814788035,-10.848199771556565
LENG1,-11.678934537670603,-11.722418004324194,-11.81682280678125
MBOAT7,-11.016308574440549,-10.96880589385258,-11.104926632353415
TSEN34,-10.125596904245564,-10.093805855053331,-10.05752805614463
RPS9,-7.007208782931804,-7.198761257990445,-7.131995536705771
LENG8-AS1,-11.789707986755287,-11.7356235712128,-11.882127199287543
LENG8,-10.927854036154983,-10.740228427117655,-10.995179744945498
CDC42EP5,-11.882924260849666,-11.112204303743312,-11.139718398206657
RDH13,-11.63323249916294,-11.862719961704762,-11.373527295111144
PPP1R12C,-11.50163904413661,-11.504907925749787,-11.524387583300978
TNNT1,-12.539413856257777,-11.826208756060021,-11.460921977351733
TNNI3,-11.34314463750149,-9.859361061712587,-9.303663058450597
PPP6R1,-10.79589948965979,-10.919307655213778,-10.995219391335683
HSPBP1,-10.883974201941548,-11.027756427312998,-11.045515618000826
BRSK1,-12.130380264434981,-12.055117787253538,-12.076188346019531
KMT5C,-11.654323962688164,-11.695948400336817,-11.782561134865134
RPL28,-6.866855498631451,-7.02979532537177,-7.010575282939559
UBE2S,-9.597239586617043,-9.908265913491247,-9.89169007400348
ISOC2,-10.529900798499705,-10.553054810168021,-10.470747146811743
NAT14,-10.447098363037956,-10.58101200353267,-10.525942602305593
ZNF579,-11.959536834348272,-11.979163324100707,-12.149248234525693
FIZ1,-11.909170546849946,-11.89930504987659,-12.199290659960484
ZNF524,-12.55334612682511,-12.65589544122627,-12.566807085757182
ZNF865,-12.719658952228082,-12.669882637321326,-12.840165373554825
ZNF784,-12.915066011956197,-12.92802339172118,-12.97014427741957
ZNF580,-10.314722773256996,-10.444132063045435,-10.416136614254166
ZNF581,-11.081756435357299,-11.169445544833987,-11.239302258135035
CCDC106,-11.514521725453243,-11.538306019280485,-11.730189984850158
U2AF2,-10.468717389553229,-10.603592383817222,-10.723565994568164
EPN1,-10.56677868836605,-10.659063389036127,-10.748920131185825
ZNF787,-10.806343279783379,-10.84582188938109,-10.938045246690118
ZNF444,-11.250865402652252,-11.180717667978888,-11.42777804987182
ZSCAN5A,-10.395827889922776,-10.353332696957539,-10.553010684398298
ZNF542P,-10.353487712530907,-12.425031734997443,-11.060795807514033
ZNF582,-11.788539212973767,-11.86811480759813,-11.887821767316469
ZNF583,-11.409041343326589,-11.465716332342959,-11.294374071861371
ZFP28,-12.078100671612058,-11.885647290605082,-11.93887550818951
ZNF470-DT,-12.823245464177994,-12.965219700801972,-12.687817341261985
ZNF470,-11.238175132345198,-11.45062711167311,-11.310104646073981
ZNF71,-11.675579952214843,-11.674568299293716,-11.612724601722405
ZNF264,-11.240545428388439,-11.22326026216773,-11.32242577394834
ZNF805,-11.484352692786398,-11.439184935774124,-11.449132860970094
ZNF460-AS1,-12.895413501818188,-12.808499693835818,-12.921339943688361
ZNF460,-10.976130670413786,-10.878853422454458,-11.004604122365734
ENSG00000288899,-11.33561751760257,-11.326734479596873,-11.384359697409788
ENSG00000268205,-10.932612552487342,-10.801193011308092,-10.986347693540196
ZNF543,-12.107001214885619,-12.017402603847923,-12.170768533214426
ZNF304,-12.127170325787006,-12.155495216522766,-12.168132741413146
ZNF547,-12.82118694463202,-12.929816763931042,-13.11719060287194
TRAPPC2B,-11.245622425022704,-11.341236806283028,-11.48459167227352
ZNF548,-11.65945662666104,-11.611492444157717,-11.885644962950293
ZNF17,-12.29369867400883,-12.346182474839203,-12.340711612427134
ZNF749,-11.856584235835271,-11.902398499243496,-11.92812633059686
ZNF772,-11.683424377801837,-12.173170380368099,-11.977928180616697
ZNF419,-12.03834582962411,-11.92035568493467,-12.301369742455577
ZNF773,-11.909439510988912,-11.90712634672803,-12.092724221441442
ZNF549,-11.24046602669944,-11.124576071013335,-11.338843910703204
ZNF550,-11.827867091755907,-11.922214276688365,-11.929909189013813
ZNF416,-12.581818706080972,-12.562722087489382,-12.668739586199036
ZIK1,-11.863003341025852,-11.880513868166464,-11.875080010008405
ZNF530,-12.483240657658946,-12.596184891647992,-12.376741760917096
ZNF134,-10.927686344950065,-10.870158392131511,-11.040271682690921
ZNF211,-11.490768603189757,-11.476621437850593,-11.642953880049584
ZNF551,-11.11077995666508,-11.229495738407374,-11.316685121107001
ZNF154,-11.652409814185502,-10.9519619054998,-11.278311226952736
ZNF671,-13.129533037626029,-12.610162610065897,-12.745199269364909
ZNF776,-10.980311707888163,-10.974286867381782,-11.184547312371
ZNF586,-10.35849924909956,-10.307634612651869,-10.47745850407926
ZNF552,-11.659537845716725,-11.631462223880561,-11.926028040627944
ZNF587B,-10.402197350534726,-10.444715201734637,-10.652438857746109
ZNF814,-10.16200740779826,-10.17660590552452,-10.399492139287561
ZNF587,-10.855008316666316,-11.040396791427813,-11.161955977257286
ZNF417,-11.537755165807907,-11.531531454073665,-11.785351068241603
ZNF418,-11.881445304908295,-11.827071234570369,-11.975151576710301
ZNF256,-12.334800604770534,-12.267089728992387,-12.288184143880239
C19orf18,-12.28498314041069,-12.029821111143617,-12.179796566976304
ZNF606,-10.851332801715861,-10.814343465619979,-10.810753785325545
ENSG00000176593,-10.521362490284567,-10.532951113758969,-10.60767820128391
ZNF135,-11.66019593927922,-11.456948103489294,-11.61520195577397
ZSCAN18,-10.966037823687897,-10.877559402479687,-10.959927822419333
ZNF329,-11.527966712159703,-11.300031161883142,-11.463612997388333
ZNF274,-10.976462523187708,-10.846505530804052,-10.977600977243494
ZNF544,-9.78230945586759,-9.84376919675165,-9.74232807115036
ZNF8-DT,-11.641454472121666,-11.763231175131407,-11.804919077459303
ZNF8,-10.804988376504774,-10.841758091814794,-10.922560859343793
ERVK3-1,-10.107546682001901,-10.251037997744202,-10.263456596385035
ENSG00000283103,-10.638540516134567,-10.675120508134253,-10.64392033114419
A1BG,-11.486273570165153,-11.387390338251297,-11.726626669392456
A1BG-AS1,-12.004624698171883,-11.847426916752159,-12.095489120765533
ZNF497,-12.878782976311326,-13.071784417836641,-13.187210028883342
ZNF497-AS1,-12.799780879439664,-12.807219647839673,-12.944358401273005
RPS5,-7.447588251539765,-7.598327541441967,-7.569520433687602
ZNF584,-11.848060533754866,-11.872112920028908,-11.983681761234765
ZNF324,-12.491690199987064,-12.558641613837274,-12.530761030974707
ZNF446,-12.215281974322474,-12.250245918796312,-12.37695249314372
SLC27A5,-11.602269747996235,-11.553955691837997,-11.450655964705179
ZBTB45,-11.88428596742411,-11.958189713233262,-12.076063736286017
TRIM28,-9.468664185434005,-9.64161151284232,-9.722132444063352
CHMP2A,-9.546481530723359,-9.645070099059732,-9.556235089782062
UBE2M,-9.823176859088793,-9.933435687154294,-9.820525843678153
MZF1-AS1,-12.290837069543407,-12.31659211581375,-12.436922998993412
MZF1,-11.193719846510781,-11.15920289335502,-11.534426071697334
C20orf96,-10.48071093058001,-10.810027414258753,-10.522731505108327
ZCCHC3,-10.815499657281807,-11.235516820230014,-10.901050816443917
NRSN2-AS1,-10.91870432846731,-11.281327289543407,-11.023454259718102
SOX12,-10.367550957920978,-10.583551405239277,-10.441424738681999
NRSN2,-11.046671335350503,-11.544505081417526,-11.177983544266686
RBCK1,-10.743460567510674,-11.115039033042327,-10.852831395559631
TBC1D20,-10.46235799535689,-10.829189772374306,-10.615295687812429
CSNK2A1,-8.873826788705832,-9.256240342175376,-9.029587659760656
SRXN1,-11.99118014224929,-12.21979059838462,-11.980383474047889
FAM110A,-12.405821989298296,-12.780210075450192,-12.10476290922532
RSPO4,-12.048434292387311,-12.133022082387424,-11.60880054537615
ENSG00000286787,-11.689388041038752,-11.860826927685592,-11.665282401043813
PSMF1,-9.814318196083118,-10.260606441078568,-9.896258499314003
SDCBP2-AS1,-11.116919481411264,-11.360256254831322,-11.120022223287336
FKBP1A,-9.45257125364304,-9.873057238234363,-9.539920008290636
NSFL1C,-9.891023714901541,-10.206785650660844,-9.845049560128603
ENSG00000276649,-12.004034005915953,-12.623406731888528,-11.775554248006184
SIRPA,-9.799183018669913,-10.552305507475122,-9.873392006901156
PDYN-AS1,-12.00989582677686,-12.654094288814509,-11.516768434111905
STK35,-10.983491205111513,-11.473844706185101,-11.127309626344678
SNRPB,-9.214451001265724,-9.767751405043278,-9.358908727355438
ZNF343,-11.787847610154659,-12.099428176474815,-11.825677383024637
NOP56,-9.232905837147497,-9.645066321321435,-9.322335445640226
IDH3B,-9.987711328989823,-10.461318782669558,-10.044713328197597
EBF4,-12.224262056388334,-12.452665742965191,-12.143036560131593
CPXM1,-10.638383542500968,-11.118208894209666,-11.003028093209004
PCED1A,-11.5639926925683,-11.932885987187474,-11.761271060985727
VPS16,-11.479867132033725,-11.795608458470436,-11.533211808950032
PTPRA,-8.933258079174946,-9.236702425149302,-9.041818352582386
MRPS26,-9.430156676534724,-9.889415162504537,-9.39573657347794
UBOX5,-12.045249580745933,-12.393245930996343,-12.28327573533416
FASTKD5,-11.43872552390134,-11.786789292385336,-11.437230191525021
LZTS3,-12.91890294922602,-12.915787781009552,-12.85629450363939
DDRGK1,-10.78869911804363,-11.043996131881956,-10.823692227922235
ITPA,-10.072218119188841,-10.559856850153775,-10.287565055283322
DNAAF9,-9.149174753776057,-9.370052369762412,-9.363898733345314
ATRN,-9.408620246263446,-9.683586110327978,-9.547734844209032
ADISSP,-11.131048280193102,-11.721610376729055,-11.035629465658129
CENPB,-11.827503730345294,-12.155552610666929,-11.991017672649452
CDC25B,-12.069970567579697,-12.883091676064234,-12.43080566188275
AP5S1,-11.955801878890055,-12.405345073989537,-12.211544432939169
MAVS,-10.468208458478582,-10.845395177552255,-10.546460237900295
PANK2-AS1,-11.813534605198523,-12.149848102356632,-12.064310909328675
PANK2,-10.097951172188655,-10.519948013787749,-10.271824912540797
RNF24,-9.902627227661714,-10.565596914631056,-9.985526349637748
SMOX,-12.912954073050699,-13.0933126932479,-12.625393180225968
PRNP,-9.336849422380466,-10.019413077324334,-9.259654961577663
SLC23A2,-10.60112453812679,-11.098006137755338,-10.753078823554734
TMEM230,-9.276432392933016,-9.611974435174016,-9.430594589044855
PCNA,-9.873780227658301,-10.733393720394831,-10.284631825561629
CDS2,-10.437320881253381,-10.74292743220065,-10.470911712571336
GPCPD1,-9.614295934830793,-9.89737825064251,-9.673769734839768
SHLD1,-10.93566927191112,-11.518710749575819,-11.161864635291675
TRMT6,-10.642897573504001,-11.019875884185195,-10.760494294308975
MCM8,-10.926319551800145,-11.517490495359976,-11.302445054523654
CRLS1,-9.010671312848334,-9.224247483906476,-9.148261428568635
LRRN4,-10.810498540042042,-10.891254358469203,-11.25690971428847
FERMT1,-9.748622702719151,-9.929275599357794,-10.191528581731118
BMP2,-9.143317304518927,-9.370003205616648,-8.868420293503055
TMX4,-9.14653161669369,-9.302199405478975,-9.131613620300406
PLCB1,-8.789360574603618,-8.89240023826024,-8.626844954901264
PLCB4,-7.95320814641233,-8.46496377106817,-8.226409494053192
ANKEF1,-11.987510567885115,-12.468813449631778,-11.873255491778869
SNAP25-AS1,-12.400486893519965,-12.352354556190958,-12.637875426411645
SNAP25,-10.738718571957499,-10.756619496084548,-11.056053020929069
MKKS,-10.77877133439386,-10.945211709932572,-10.712552916704347
SLX4IP,-9.810456094605847,-10.314495628526345,-9.95348507225864
JAG1,-9.411567193833655,-9.974686301365,-9.386121770257834
ENSG00000270792,-10.764400846735525,-11.174825813547622,-11.021782473696536
BTBD3,-9.903643647040763,-10.123554755140617,-9.922390075086218
SPTLC3,-11.74040380906693,-12.451219526186055,-11.681320760167338
TASP1,-9.465976380970302,-9.892297936796965,-9.588782875021886
ESF1,-9.32111043656034,-9.721268028700692,-9.365722751356744
NDUFAF5,-10.121137683407795,-10.44834658020177,-10.083630619661044
MACROD2,-7.916191870675173,-8.23342936667721,-8.138813772127941
FLRT3,-11.084871651973499,-11.73689479791187,-11.65522029512019
KIF16B,-10.117637626288651,-10.237109358196662,-10.016144778611928
SNRPB2,-9.045222908955532,-9.48012233248545,-9.052590045604546
BFSP1,-12.235466757897512,-12.581965438461854,-12.36205504694483
DSTN,-7.380970437245305,-7.729324913971129,-7.457448362738843
RRBP1,-9.694173210533549,-9.92442951357439,-9.606989437893057
SNX5,-9.113506789431556,-9.617899606098346,-9.225684862344846
MGME1,-9.945682674617025,-10.655893429001935,-10.247612326282246
KAT14,-10.976682412103212,-11.363731449693434,-10.966997135197307
PET117,-12.30596259546243,-12.647625517882066,-12.064862358307387
ZNF133,-10.213177623003427,-10.565031075797933,-10.259871887450192
DZANK1,-11.097560637229513,-11.51399223100257,-11.197499768974264
POLR3F,-10.8601410087253,-11.31084449732954,-10.954655108033979
RBBP9,-11.089585943641108,-11.246282956511674,-11.09542720742472
SEC23B,-10.905245821733217,-11.22988487600003,-10.979969670362278
SMIM26,-9.492582715218594,-9.82122101566068,-9.538766863072553
DTD1,-9.673709711694634,-10.175477964382754,-9.766299662406494
SLC24A3,-11.08840650337306,-10.835167911411883,-10.724532014705265
RIN2,-9.080750194456071,-9.317841891559015,-9.336212909551564
NAA20,-9.54022466854889,-9.897813729103875,-9.670479503249098
CRNKL1,-10.060599274570441,-10.488383312865123,-10.148317560901392
RALGAPA2,-9.272180621865607,-9.694899265272305,-9.188452043985574
KIZ,-10.31739274406995,-10.717495385279092,-10.32871276093933
KIZ-AS1,-12.82982794220335,-13.129449755351573,-12.805239704062815
XRN2,-8.796689175002799,-9.257275255725819,-8.971697920185672
NXT1,-11.035499694255853,-11.515642455403631,-11.125002494493357
GZF1,-11.306538624550692,-11.50424921832578,-11.246143914460212
NAPB,-10.807043312795605,-10.956692528696697,-10.679534503163405
CST3,-9.618014855688408,-9.978600178428056,-9.568173295631977
SYNDIG1,-11.6694545752484,-11.538466212168693,-12.074769618964424
APMAP,-10.584831127360362,-10.898148503247924,-10.773875225411368
ENTPD6,-11.25126767726113,-11.432642987731219,-11.346263992132515
PYGB,-9.612374458334738,-9.825352467585452,-9.677775185416614
ABHD12,-9.812595096025177,-10.096766377970493,-9.791573317402445
GINS1,-10.898512105873424,-11.565637839010963,-11.231140632921658
NINL,-9.444758191063016,-9.704241343266675,-9.568858453182218
NANP,-12.026207772432446,-12.433376565833262,-12.182952088227488
ZNF337-AS1,-10.635410987303324,-10.958227644363213,-10.689130190633104
ZNF337,-10.711355364295997,-10.999740677836106,-10.654285248085245
ENSG00000226465,-11.699298814303493,-11.9602908097399,-11.833172920331638
ENSG00000291100,-9.2805958268273,-8.9857212991191,-9.444934954843301
HM13,-9.23108420317897,-9.47240972987205,-9.473763179249266
ID1,-8.794640894468426,-8.55338541247905,-9.03583666494948
BCL2L1,-10.468162180619762,-10.624023018065538,-10.676266153981675
TPX2,-9.168411940999924,-10.085477062144216,-10.082107372254024
DUSP15,-12.412363978676787,-12.43906860217248,-12.645082653955223
PDRG1,-10.458668039910835,-10.765135520351146,-10.99751765695954
TM9SF4,-9.471416740815023,-9.61739935161392,-9.983810518304253
PLAGL2,-10.175858346372296,-10.350923542320874,-10.693842704554779
POFUT1,-10.91188797714024,-11.093474886980788,-11.417221949688017
KIF3B,-9.963475173286772,-10.087776412624217,-10.52171561798438
ASXL1,-8.629565530226355,-8.859718341937162,-9.355185674818106
NOL4L,-10.205721500754866,-10.364882279927711,-10.620621039101653
COMMD7,-9.403107741828519,-9.478084330423044,-9.566563619028358
DNMT3B,-11.462592014835149,-11.5393311271419,-11.363226261185872
MAPRE1,-9.12501920220978,-9.17690987960257,-9.492244487543983
CDK5RAP1,-10.89019341539882,-10.670536060791296,-11.095203314696564
SNTA1,-9.21118432807143,-9.103143186295489,-9.24053715448364
CBFA2T2,-9.089035011420854,-8.913932767592907,-9.158166293888803
NECAB3,-11.017065818693549,-10.594436188946936,-11.34687200779418
E2F1,-12.072687148062537,-11.966153301691888,-12.88633551192962
PXMP4,-12.155843321699438,-11.868804955441687,-12.828277267759244
CHMP4B,-9.856655167676042,-9.6965910218536,-9.959400951591373
RALY,-9.406103869681925,-9.310663836146947,-9.606484065539249
EIF2S2,-8.602529764615607,-8.554295796646047,-8.742458578295775
ASIP,-12.0624056696001,-11.749414596757035,-12.445877525711317
ENSG00000250917,-10.77671515972301,-10.31801525792122,-10.897962745221932
AHCY,-9.604239383401337,-9.710061720004493,-9.975606105261534
ITCH,-8.968944416859145,-8.757121412944059,-9.157372948102825
DYNLRB1,-8.906429334776423,-8.763554706521715,-8.979590396413627
MAP1LC3A,-11.87152028825456,-11.554747290070932,-11.915821574537992
PIGU,-10.595815969203091,-10.375651521563329,-10.775845886515325
NCOA6,-9.471374569228285,-9.222377695673536,-9.584773742903703
TP53INP2,-12.692674676897376,-12.279864319764712,-12.908274029774736
ENSG00000286803,-12.676182444791603,-12.40655821340859,-12.61235181116785
GGT7,-10.451496777123689,-10.23409184231287,-10.634909651164756
ACSS2,-10.588167454459025,-10.272744304388523,-10.834613003171796
GSS,-10.811396341700691,-10.763600839529783,-10.87510820011146
MYH7B,-10.892267969864552,-10.605416889556244,-10.582373777186639
TRPC4AP,-9.058798687319788,-8.951286110813703,-9.21766119372597
EDEM2,-11.138281392210635,-10.961943698712927,-11.135558116914176
MMP24OS,-10.589933131651529,-10.277740159678695,-10.46638799820763
MMP24,-12.770379181369771,-12.51443680049085,-12.630332999019869
EIF6,-9.843422273304487,-9.690062513566227,-9.949399370814401
UQCC1,-10.022620724617326,-9.779054206202481,-10.081182004129971
CEP250,-10.619557694241166,-10.454530293614157,-10.633656460897805
CEP250-AS1,-13.103273624135195,-12.992623504387723,-13.098333153327735
ERGIC3,-9.412986467713315,-9.301273275566384,-9.587916836019392
CPNE1,-9.349936578871027,-9.06435525558863,-9.463620133211224
RBM12,-9.98510912672275,-9.9594801735421,-10.17385391464555
NFS1,-11.923617394966572,-11.74862648645974,-11.926084385124877
ROMO1,-9.301345271729458,-9.192986134852386,-9.330228021426217
RBM39,-8.03202275327482,-7.866747912816675,-8.222213460850632
PHF20,-9.451925095659794,-9.192971033366783,-9.523908320164967
SCAND1,-9.30020837400442,-9.22799653303426,-9.340909003946122
CNBD2,-12.645357839950348,-12.521675548123193,-12.687113345197806
NORAD,-8.480406384748216,-8.083532157216556,-8.623754606680997
EPB41L1,-10.560189484747514,-10.257686747989107,-10.393551735109083
AAR2,-10.92820403557888,-10.749781219729982,-10.98369057945055
DLGAP4,-9.998407981035715,-9.85281435489631,-10.131142196082928
DLGAP4-AS1,-11.088423933715092,-10.79982714516626,-11.164412973896512
MYL9,-7.473629424705799,-7.220595057480794,-7.703127258888626
TGIF2,-9.487607879854352,-9.411871132794058,-9.698859083421704
RAB5IF,-9.78346952340355,-9.606976528195649,-9.80050644911477
NDRG3,-10.44217418657822,-10.373707389391845,-10.468193314022805
DSN1,-11.331359764618247,-11.616869471395772,-11.714906408867405
SOGA1,-10.651758090174095,-10.512284775696259,-10.74002399525792
SAMHD1,-11.992588752384425,-11.589208476765268,-11.655339489504122
RBL1,-10.774052483087473,-10.883115008431709,-11.038711878726987
MROH8,-11.45105119950462,-11.262354278117249,-11.681986902387159
RPN2,-9.22900749716621,-9.03924774934844,-9.326073780254601
MANBAL,-10.68206241666678,-10.512509028239698,-10.739105340648129
SRC,-11.65973827180558,-11.766548252168128,-11.978327500491591
BLCAP,-9.908647947041695,-9.774616289246428,-10.096650594188416
CTNNBL1,-9.973178829108848,-9.826717499671007,-10.19098482167164
VSTM2L,-10.354414831957563,-10.24015075110554,-10.056351935680837
TTI1,-10.430448303627074,-10.34316533946774,-10.736718874206417
RPRD1B,-9.86207436601855,-9.720796655140916,-10.052059766448862
TGM2,-9.771556488051612,-9.944431689193356,-10.017898254447141
SNHG17,-9.561342062663835,-11.253862691556375,-10.170760582982085
SNHG11,-11.461001571215881,-11.362762131967523,-11.531581610428505
RALGAPB,-9.738604179363705,-9.536824992661328,-9.841530697967116
ACTR5,-11.979282055925069,-11.765080344034217,-11.955937526874104
FAM83D,-11.637583059059562,-12.194081194954661,-12.059281854360574
DHX35,-10.721167387305105,-10.496099770936334,-10.861257779988255
MAFB,-12.987627981783993,-12.272581660447592,-13.007130240006559
TOP1,-8.399780170697591,-8.317224062440971,-8.501182135415068
PLCG1-AS1,-12.035351755363116,-11.658248793079204,-12.246690802248603
PLCG1,-10.881426570647747,-10.786198019126402,-11.001945710539935
ZHX3,-10.350525286478723,-10.235325236393317,-10.401574426515827
LPIN3,-12.382910273106688,-12.235918648987283,-12.380724509175378
CHD6,-8.864957741430713,-8.607993444777787,-8.955803633565774
PTPRT,-12.834007711069253,-12.415823335386799,-11.910042920525742
SRSF6,-9.33619327972322,-9.314994138498776,-9.60602963738746
L3MBTL1,-10.860914237976433,-10.32802817876734,-10.898002314617345
IFT52,-10.67731954507021,-10.503601817116373,-10.65187474770801
MYBL2,-11.394964022543347,-12.015817296125801,-12.033627484015717
JPH2,-8.910050053459344,-8.67186301983857,-9.12923492580343
OSER1,-10.67314878569593,-10.512535862514357,-10.801410145606475
OSER1-DT,-11.99376215734399,-11.670913619619899,-12.058241606977415
GDAP1L1,-13.06732506613842,-12.583336351508848,-12.478592638047779
FITM2,-11.101780783586115,-10.759377080765821,-10.991377841063546
TTPAL,-11.509634040334623,-11.369114114080364,-11.65060460573233
SERINC3,-9.894063819130968,-9.64847181488311,-10.101064947207595
PKIG,-9.661358307854558,-9.475523506298488,-9.802740319671537
ADA,-12.304718269344772,-12.299097654843619,-12.129629966280726
YWHAB,-8.377484470429021,-8.212659362773762,-8.527584288647018
PABPC1L,-11.286431633910293,-10.961517878710707,-11.506754944500582
TOMM34,-10.507662624809834,-10.451348035675371,-10.574449184428993
STK4,-10.119213623243041,-9.921246207354141,-10.127724251417161
SDC4,-11.063779393826936,-10.966906692427496,-11.127037535034155
SYS1,-10.869371939416018,-10.646336906444283,-10.94255369107969
DBNDD2,-10.221363721848478,-9.982633429377547,-10.45106677964486
PIGT,-10.702883308951796,-10.418729108368378,-10.898378988628135
WFDC2,-12.569327682185534,-12.124969783998791,-12.380048486955618
DNTTIP1,-10.54135476005613,-10.470972212870628,-10.651145348759265
UBE2C,-9.890276895247581,-10.428150175592206,-10.345482106644837
TNNC2,-12.256580425528535,-11.810132914449802,-12.308863432266241
SNX21,-11.494451701234894,-11.228333094073694,-11.712890036302191
ACOT8,-11.203351593969785,-11.035949745070358,-11.357053082501745
ZSWIM3,-11.936504306088853,-11.836673393046999,-12.054314621081025
NEURL2,-10.904182896330301,-10.49814980223345,-10.600778653291284
CTSA,-11.039657825644085,-10.99310389829379,-11.428476513020758
PLTP,-11.026996407491517,-10.863279901879547,-11.005055410100244
PCIF1,-11.48736746114754,-11.547880512954116,-11.525513280452788
ZNF335,-11.720219270168773,-11.619071815406757,-11.83546262576814
SLC12A5,-11.173667938075104,-11.194905933686258,-11.554246899414222
NCOA5,-10.208525849286227,-10.070874498042091,-10.309901323539236
SLC35C2,-11.020155481643386,-10.789082360625219,-11.097135892666447
ELMO2,-11.26443385348011,-10.996114675104714,-11.158549660644693
ZNF334,-10.479688779637488,-10.36257955909948,-10.519591695332663
SLC13A3,-12.01116981980153,-11.433112647758641,-11.326740556580136
TP53RK,-10.885122530346573,-10.748391173017072,-10.840587291674652
SLC2A10,-12.38921190306044,-12.098539840953539,-12.433705346732033
EYA2,-13.117749770940446,-13.136358656291367,-12.921776998939581
ZMYND8,-8.885563814697479,-8.85380447438099,-9.005147134749276
NCOA3,-9.695465334109533,-9.492811769827123,-9.824583883517292
SULF2,-11.594003881963179,-11.566964071993286,-12.423952022286713
PREX1,-10.95696794839955,-10.935597681672494,-11.183440127790623
ARFGEF2,-9.370572260745297,-9.13287045637579,-9.579034111002736
CSE1L,-9.437288024819612,-9.412668674928367,-9.56336119145495
STAU1,-8.714770748308407,-8.56672913643518,-8.837927615419796
DDX27,-10.120152048467457,-10.014039993601695,-10.326584550255548
ZNFX1,-11.44797952999867,-11.149376226001166,-11.527779766568935
ZFAS1,-8.488910269156076,-8.4263153676885,-8.680045815396982
PTGIS,-12.595907764869642,-12.410065831176965,-11.883781243247887
B4GALT5,-9.920670834005596,-9.742176283032737,-10.058765065980312
SLC9A8,-10.751965575345467,-10.44383063542812,-10.80865535608895
SPATA2,-12.875420364930747,-12.647086740823498,-12.730171262862203
RNF114,-10.449481748657492,-10.318422347753938,-10.521142294989174
UBE2V1,-8.732908005328095,-8.591190253325971,-8.806861789929144
PEDS1,-10.706184011539456,-10.497658021437028,-10.768348885142348
CEBPB,-11.13318702939081,-11.045868882229879,-11.1700854644642
PTPN1,-9.717616568187792,-9.56553896409784,-9.837382180338558
PARD6B,-9.46647278369989,-9.366125454153275,-9.773070551299678
BCAS4,-11.082639360618519,-10.933942621297762,-11.268120308737641
ADNP,-8.66415488654599,-8.46842945799848,-8.744785122686581
DPM1,-9.86876629524992,-9.669276023642297,-9.922923110011018
MOCS3,-12.171303810428444,-12.031517386594473,-12.345018221949314
KCNG1,-11.781569175407984,-11.219837819978439,-11.644060449757877
NFATC2,-9.981468300506846,-9.687370411959906,-10.045355115430366
ATP9A,-10.581671140279221,-10.437091469874217,-10.588707708178685
SALL4,-10.737989517639095,-10.648138743982718,-10.680287203331691
ZFP64,-10.641273704037284,-10.51587340918183,-10.744487361766675
TSHZ2,-7.378775520613637,-7.469434494813202,-7.6277414653273965
ENSG00000271774,-10.649836637095936,-10.660007039764707,-10.737903007246972
ZNF217,-10.063198317248759,-9.860224612377516,-9.940210818719589
PFDN4,-9.719586749771077,-9.655738583676813,-9.801386233073686
DOK5,-13.163068409808695,-13.13018598525733,-12.444027103764993
FAM210B,-9.110277769469425,-8.991245140541652,-9.323549133390049
AURKA,-10.349062648580405,-10.645032712952082,-10.721636556180824
CSTF1,-10.526593773207605,-10.42676832209483,-10.651408362823808
RTF2,-9.57314881807311,-9.413147095945707,-9.678277696675861
BMP7,-9.024915311837594,-8.73418547399549,-9.182234725825392
RAE1,-9.916156602078662,-9.885371917714204,-10.087809621330408
RBM38,-9.076621928974951,-8.987914142916447,-9.248255717452844
HMGB1P1,-11.179920422852293,-11.1623390166686,-11.860610389219966
PMEPA1,-11.404434508967105,-11.47521164195797,-11.26895727745007
ENSG00000291067,-11.486866266618536,-12.394288101017576,-11.447446638954037
RAB22A,-10.190730771624366,-9.974667739222507,-10.23620954652661
VAPB,-9.779234411109282,-9.723815688761904,-10.041951141443382
APCDD1L-DT,-12.08587420707953,-11.827111097848583,-12.256352678869515
STX16,-9.362932238739536,-9.154906386535256,-9.449936266433768
NPEPL1,-11.206016786404572,-11.041739402041973,-11.174672400762178
GNAS-AS1,-11.985068883701492,-11.743774791394133,-12.075853342466525
GNAS,-7.007688596619227,-6.841202040186726,-7.118229883454824
ENSG00000225806,-12.437143253680844,-12.466065329808178,-12.282839494562724
NELFCD,-9.772948759193207,-9.756655928937136,-9.996220977486571
CTSZ,-10.69283139592942,-10.69021391685914,-10.660576029617085
ATP5F1E,-7.6925398586678755,-7.615481125078523,-7.743574877091704
PRELID3B,-10.581825127269555,-10.56063060338064,-10.401035462676383
FAM217B,-10.376205631853878,-9.736382316141663,-10.133563112955668
PPP1R3D,-12.401242914179768,-11.709831117969344,-12.030159716259314
CDH4,-11.629482381633176,-10.90646500597652,-10.760820885866387
TAF4,-10.82447979458458,-10.651838343425396,-11.051788743884384
LSM14B,-10.812025544116413,-10.63351079381621,-11.047761855112274
PSMA7,-8.28870479427147,-8.241954783428648,-8.320918162069747
SS18L1,-10.992164907502664,-10.725132722739026,-11.162567159785244
MTG2,-11.150257102890603,-10.943521208317884,-11.298520948387283
OSBPL2,-10.45694383421175,-10.256431431167538,-10.448876617646004
ADRM1,-10.015839191062476,-10.009078373786327,-10.210566433223473
LAMA5,-11.125480226378471,-10.780644149829227,-11.214757506207738
RPS21,-7.382004836180376,-7.327725353487521,-7.526909280378316
CABLES2,-12.108470775851748,-12.079685576275589,-12.105253695957243
GATA5,-10.96956660000538,-10.728500192249825,-10.828645655947525
CRMA,-10.097774663155613,-10.121734809562753,-10.421279773704706
MIR1-1HG,-11.551078002608351,-11.353348818926811,-11.812701686237702
MRGBP,-10.788297301639737,-10.567837013836453,-10.841513325706863
OGFR,-11.491707842922336,-11.277701438770388,-11.646465492108343
TCFL5,-11.265742301348393,-11.009311103842121,-11.409787899134148
DIDO1,-9.751378666550698,-9.519051628590665,-9.87299005758967
GID8,-9.945539023154794,-9.821191311267562,-10.06499571580471
YTHDF1,-10.667989952495244,-10.552629286818366,-10.767688934311789
ARFGAP1,-11.482273980942619,-11.344571922374369,-11.666258902738097
KCNQ2,-13.02778422168318,-12.94075342058614,-12.99162329423569
EEF1A2,-9.570964039383123,-9.103242892989456,-9.535148255680397
PPDPF,-8.74488103803539,-8.682156542471985,-8.963661397705192
GMEB2,-11.786244357792738,-11.614008360525931,-11.935159427765889
MHENCR,-12.219740410420169,-11.842010541816148,-12.159742979333762
RTEL1,-12.261140646191201,-12.232020319980224,-12.628755805162212
ARFRP1,-11.122729299340579,-11.004087625247864,-11.22934898539454
ZGPAT,-11.67774505871521,-11.47381475914959,-11.843019389499808
SLC2A4RG,-10.537626806165271,-10.487785090031858,-10.800028500385636
ZBTB46,-9.589919311113011,-9.361759289861974,-9.842974088417385
TPD52L2,-10.215429839190968,-10.057338425754578,-10.417750960210904
DNAJC5,-10.8778698334557,-10.682898080177873,-11.042222143972914
UCKL1,-11.242269195511474,-11.161752992591621,-11.310458277089973
ZNF512B,-10.75489873973725,-10.608099607477167,-11.043823848547612
SAMD10,-12.765495622592018,-12.667696366715107,-12.776192283852732
PRPF6,-9.484468409250534,-9.307176165404956,-9.642313311326994
TCEA2,-10.04647666598123,-9.952626048292846,-10.129889710178373
RGS19,-12.538131593271892,-12.54139206143936,-12.667184522807487
PCMTD2,-9.759062669392758,-9.488461319538303,-9.818555332329353
ENSG00000278903,-12.957978930348242,-12.037231008213633,-11.892194679785245
ENSG00000280145,-12.007006114758765,-11.722465770640484,-11.521854488826808
ENSG00000280164,-13.099402487210046,-12.149956142145626,-13.218616577968895
ENSG00000280441,-13.032374395849597,-12.961739587262867,-13.098384575427971
ENSG00000224905,-9.561419385174291,-9.744047974907065,-9.862725700458666
RBM11,-13.07263674219516,-12.985041631832885,-12.761335231211776
HSPA13,-10.380534174586229,-10.353539240455259,-10.469887801091945
LINC02246,-11.554882761274692,-11.377624232553481,-11.905521763680369
NRIP1,-9.021672575430374,-8.843365061190418,-9.257661911980092
USP25,-8.395669521441075,-8.465360773876112,-8.595837358414983
MIR99AHG,-7.20242991925669,-7.315599750743376,-7.630015700525201
CXADR,-9.28967585881265,-9.3176210429443,-9.308472488210743
BTG3,-10.310797071508443,-10.234410341809527,-10.31293889244797
C21orf91,-10.465135025358352,-10.448811145568913,-10.286918829698141
CHODL,-11.516413684528013,-10.900317227714217,-11.679878443413743
NCAM2,-11.619026646496852,-11.437712619460427,-12.134985442430747
ENSG00000222042,-11.263750435659011,-11.029048827658036,-11.537552726610043
LINC00158,-10.870756867140386,-10.874315291503654,-11.388300048065716
MRPL39,-10.243765296198102,-10.42405139887232,-10.318177808008404
JAM2,-12.261942599465767,-12.673549790947,-12.73077479645622
ATP5PF,-7.75523377436129,-7.810825318267256,-7.824929190114604
GABPA,-9.822227013770304,-9.85362361317818,-10.054900673170911
APP,-8.1164288877533,-8.130354006413425,-8.313133818190058
ENSG00000233783,-12.769773037427479,-12.780463250990694,-12.841181744716344
CYYR1,-9.774853260768452,-10.150752772869673,-11.058070439255607
ADAMTS1,-8.7079872084633,-8.912881807106011,-8.889271608270631
LINC01697,-11.253662904127097,-12.428743015988244,-11.962584135737854
LINC01695,-11.325319688055364,-11.808988602278223,-11.085317118160114
ENSG00000232855,-9.636895282423875,-9.838400611819203,-9.674315789781232
N6AMT1,-10.838522135878117,-10.78477719912363,-10.838617506673485
LTN1,-9.585750502090303,-9.653310307594618,-9.6440499230281
RWDD2B,-13.092006680874958,-12.123162275193614,-11.748455661783048
USP16,-9.613285035523722,-9.660474115816726,-9.727727166660157
CCT8,-8.438989511016715,-8.558276870044972,-8.507978592525811
BACH1,-8.899979870246714,-8.87692030531215,-9.034068659851412
GRIK1,-11.68912631416876,-11.81426046599385,-12.791514250151133
TIAM1,-9.720256646913672,-9.997493607857988,-9.69365413860105
TIAM1-AS1,-13.231774311440784,-13.295036158737128,-13.161871617651405
SOD1,-8.45812084038956,-8.460239953413142,-8.427685870756415
SCAF4,-9.7306334588603,-9.785418350264948,-9.79387944074561
HUNK,-10.644553664782817,-10.71694740434124,-11.249667841246183
LINC00159,-11.604656498825877,-11.687455861200908,-11.57834463366808
MIS18A,-10.668552279385134,-10.94012217205571,-10.767472703275988
URB1,-10.727643617480313,-10.728952655051794,-10.757258955418198
EVA1C,-12.198421105443545,-12.166372306263154,-12.261340229797227
TCP10L,-10.63605500825764,-10.646010205822954,-10.698071759214598
CFAP298,-9.61706283505284,-9.668129501093615,-9.697486115449989
SYNJ1,-10.773340193472286,-10.643058793482947,-10.889960005956912
PAXBP1-AS1,-13.108629409325783,-12.87647533146727,-13.043183900353963
PAXBP1,-9.174002277121073,-9.222077260844292,-9.181972238008983
C21orf62-AS1,-11.922166673249865,-11.974387510334921,-11.938804018058782
IFNAR2,-10.575524379159777,-10.654493794899114,-10.416211526343027
IL10RB,-11.74569907752813,-11.770169728278997,-11.727932446162368
IFNAR1,-9.981392851253188,-10.077449823596954,-10.152845675719306
IFNGR2,-10.46304702625439,-10.485550483398963,-10.513114962885597
TMEM50B,-10.292863258286161,-10.233716267883652,-10.222165678387848
DNAJC28,-11.86339599823763,-11.683944490889132,-11.640398149958392
GART,-9.757659621342869,-9.872616746593687,-10.040366761238294
SON,-8.090102166081236,-8.112358960205091,-8.208047177633704
DONSON,-11.137000292678973,-11.238403478596112,-11.276074092009592
CRYZL1,-10.018129966176712,-10.026946421477092,-10.023874250965504
ITSN1,-8.51212923696773,-8.28328173965706,-8.59682556023806
ATP5PO,-8.074057337408552,-8.230919321887892,-8.150727218331603
LINC00649,-11.894959595808665,-11.392407720251887,-11.460765934522772
MRPS6,-8.471821291239985,-8.568045281855357,-8.582027689808275
SLC5A3,-9.713974034774912,-9.649282984810204,-9.952416463468229
LINC00310,-11.456814741929215,-11.21092571962547,-11.54912772599407
ENSG00000214955,-11.164590817767031,-10.967328236890475,-11.248644021151286
SMIM11,-10.758576235779122,-10.75891720876811,-10.7265149976204
RCAN1,-10.043030527225312,-10.020715993812557,-9.956615842036094
RUNX1,-12.592512533371018,-12.748157770914164,-12.898269485257874
SETD4,-10.994224672004899,-11.080265149918588,-11.068935992293397
CBR1,-11.411605163679356,-11.726649206328274,-11.284350063430614
DOP1B,-10.67941529544423,-10.858879812011429,-11.15808811335753
MORC3,-9.64387140186286,-9.633957353940342,-9.742017119204315
CHAF1B,-12.583082312035405,-12.882161109774875,-12.891998104171886
HLCS,-9.699894790798645,-9.67325497903152,-9.912012013974508
HLCS-AS1,-12.904465388525423,-12.94090436081957,-13.111181356968107
PIGP,-10.082302463248066,-10.211650003428357,-10.149071252891876
TTC3,-8.103136052762215,-8.12021989722329,-8.218311170738493
VPS26C,-10.564809161630086,-10.616777542520719,-10.748392701251044
DYRK1A,-8.591698530641944,-8.597393340304713,-8.716446254668353
ETS2,-10.297351058879222,-10.706527471159168,-10.11732484751422
LINC02940,-12.318750440155668,-12.230898213690894,-12.537906556150842
PSMG1,-10.321833557745872,-10.598514377770242,-10.463031871188457
BRWD1,-8.483468616242927,-8.5570258897475,-8.627684527646851
HMGN1,-7.948483156402953,-8.077149406405939,-7.939588186579397
GET1,-9.84756361072656,-9.846355587819483,-9.952823551004142
LCA5L,-12.02000295890392,-12.150887189379226,-11.790039197913122
SH3BGR,-9.016064404583098,-9.290496731290371,-8.251788354813733
B3GALT5,-11.515820906237485,-11.670504979045713,-11.269411424769977
B3GALT5-AS1,-11.862283796468143,-12.082343843388184,-12.299378938863569
ENSG00000225330,-12.127097420361407,-11.931524087676939,-11.958214264934789
IGSF5,-12.365058149370775,-12.162899570252934,-12.390416047106513
PCP4,-13.069060696772397,-13.121803864876586,-13.104861875698049
DSCAM,-12.055262042046193,-11.770677326791969,-11.621409285027102
BACE2,-11.291538695675507,-11.669761841520344,-11.513402826432769
PRDM15,-11.763727205970982,-11.813134833400484,-11.99676372145171
C2CD2,-11.319381364041213,-11.350959166503838,-11.263930059910958
ZBTB21,-11.428777079039092,-11.404374204533259,-11.454775400591478
ABCG1,-11.400683206890498,-11.61851807095334,-11.479024029147434
SLC37A1,-12.148979422398499,-12.299885473888882,-12.288384552637295
PDE9A,-11.003284094970818,-11.21321322832778,-11.107967910182547
ENSG00000225218,-12.382567453238691,-12.480287212469065,-12.638198974529944
WDR4,-11.526638150322214,-11.71114722263754,-11.729331218515993
NDUFV3,-9.131092339672753,-9.247387501242237,-9.079487881370094
PKNOX1,-10.238278048206126,-10.21105008763835,-10.313529337853081
CBS,-10.434779572775279,-10.643828137621945,-10.5986196766906
U2AF1,-8.664852089589058,-8.817946582774724,-8.831443940965013
SIK1,-11.572527593464265,-11.905348959525616,-11.49427130890315
HSF2BP,-12.217500719977762,-12.145326062506204,-12.55818549103877
RRP1B,-9.742833193798635,-9.955138323316966,-9.916212489333248
PDXK,-10.352540472856802,-10.412096524740166,-10.404529579498794
CSTB,-9.092578328636838,-9.016493247653996,-9.138723751920157
RRP1,-11.32301320161766,-11.46353983329076,-11.397598569977886
AGPAT3,-10.53038600503173,-10.536161793069379,-10.654061133004053
TRAPPC10,-9.957689406885544,-9.899817290534308,-10.028442720748512
PWP2,-11.671379505120491,-11.911219213882314,-11.93626848294537
GATD3,-9.408998747692765,-9.708010905468141,-9.497302169461715
PFKL,-10.8067490739306,-11.00266703813837,-10.692661947895823
CFAP410,-11.657898529497103,-11.562139431544413,-11.89979099583653
TSPEAR,-11.609446546816562,-12.34847252350194,-11.989816812646753
UBE2G2,-9.123201106715337,-9.182949591426127,-9.343848890594106
SUMO3,-10.024394724733886,-9.989598084985255,-10.142728683679662
PTTG1IP,-8.37855175934044,-8.4379353652696,-8.557094291656336
SLX9,-10.76354024716891,-10.861526522131106,-10.87098255732595
ADARB1,-9.705333855694187,-9.766378132268859,-9.838044742566725
POFUT2,-11.153732938554425,-11.073800206167828,-11.38758641458277
LINC00205,-10.53910885478388,-10.53617293282224,-10.733518694525188
COL18A1,-8.784772379295152,-8.973389467839365,-8.97728800418354
SLC19A1,-12.046930636798995,-12.049473945917667,-12.159789974610868
PCBP3,-11.601824531022551,-11.581088204770246,-11.508018280860163
COL6A1,-9.495998802463532,-9.532649956873016,-9.013748668592038
COL6A2,-10.592747961438162,-10.613942885789633,-10.102424940721066
FTCD,-13.149121319562415,-13.026647205961803,-12.74436742934584
SPATC1L,-11.820602019866545,-11.27432466374715,-11.195476327857605
LSS,-10.929518020814957,-10.846372728600889,-10.976236188880533
MCM3AP-AS1,-10.971937136103325,-10.991023083254811,-10.944066661946046
MCM3AP,-9.99049048991642,-9.937564864650463,-10.072882238175877
YBEY,-10.437825587888772,-11.161179832462873,-10.683123522791286
C21orf58,-10.707257175152275,-11.260155659873107,-11.189997315538813
PCNT,-9.938425632191189,-10.0495248613462,-10.275102203311851
ENSG00000289421,-11.966647344791063,-11.82972166924402,-11.861758797829868
DIP2A,-9.498158396010336,-9.669990979843334,-9.66474020035603
PRMT2,-9.257339707465432,-9.24739251813544,-9.317360529500855
IL17RA,-12.486927916477308,-12.330970339726466,-12.187721048504242
HDHD5,-10.26132255577674,-10.49701509909053,-9.8768760353264
CECR2,-8.615021362335488,-8.58822630539237,-8.747955636327111
ENSG00000286195,-13.031331592447144,-12.9977065487038,-13.170647004377734
ATP6V1E1,-9.882848262891285,-9.954622919767791,-9.96424367679902
BCL2L13,-9.936074607821208,-9.990566493375592,-10.06490327297818
BID,-10.886665395039397,-11.277142041134486,-11.276246102283089
MICAL3,-8.715375901186253,-9.050675271050023,-8.782898354898352
PEX26,-10.572622589455024,-10.785032222846661,-10.94491310646617
USP18,-9.71561031623914,-11.370814436391019,-11.453207576719032
ENSG00000288811,-10.992315690050244,-11.996547682500008,-11.864259079825159
PI4KAP1,-10.256245428217142,-10.618181533391367,-10.361944524063215
DGCR6,-11.71098990564027,-11.662003476549604,-11.86185731677862
DGCR2,-10.475319312725613,-10.562234612819568,-10.593194073416104
ESS2,-12.380606493467072,-12.446625017538368,-12.603293168544926
SLC25A1,-11.142057489386683,-11.279625270310687,-11.17068972786064
CLTCL1,-11.139041241357186,-11.249920845796547,-11.28281127251685
HIRA,-10.825790453287542,-10.9800129455256,-11.052907445603491
C22orf39,-10.105401562258702,-10.183324972506934,-10.193507361184219
MRPL40,-10.07432851072216,-10.12260134091585,-10.151738824765625
UFD1,-10.168162075464314,-10.319527637505507,-10.424710769917338
CDC45,-11.967981986638556,-12.79049242824643,-12.815244121859422
SEPTIN5,-11.335571631315409,-11.286272572349144,-11.413011417104624
GP1BB,-11.377390601186983,-10.942075441424427,-11.53627931649938
GNB1L,-12.96283089899247,-12.924252467119254,-12.908997209427303
RTL10,-12.04283016277634,-12.117873903126043,-12.222360924513035
TXNRD2,-11.377251325549265,-11.700811453795083,-12.068816464724206
COMT,-10.579199564753743,-10.81432463274919,-11.349611556449608
ARVCF,-12.602183057248444,-12.69219065703984,-12.59110011730991
TANGO2,-12.393574110123685,-12.266293008004995,-12.4927956017678
DGCR8,-11.016807682614793,-11.078163162260276,-11.210557434641533
TRMT2A,-12.107969985545632,-12.25297520750678,-12.237389950789122
RANBP1,-8.884431264474276,-9.117729583570428,-9.090325607353144
ZDHHC8,-11.943445561696391,-11.907026024968285,-12.114162545271062
DGCR6L,-10.563829480298939,-10.721063109590942,-10.677429258035945
ZNF74,-11.74402294760288,-11.775125333122517,-11.836310496251132
SCARF2,-11.732666755202613,-12.079413751358036,-12.199581053525778
KLHL22,-10.395258375646979,-10.445674912312532,-10.570853110249725
MED15,-10.326166284252782,-10.300371282361484,-10.459496783747342
PI4KA,-9.831164663243491,-9.88749943517531,-9.990351724478193
SNAP29,-10.05060920234595,-10.092309285436041,-10.159505507508152
CRKL,-10.357393527016624,-10.5000487670685,-10.5496073000913
LZTR1,-11.65174399199138,-11.889168974673662,-11.88849585753701
THAP7,-11.606469381775804,-11.70129651343921,-11.760702875372896
THAP7-AS1,-12.39832452637584,-12.491607294241641,-12.903525103933726
TUBA3FP,-12.480104403002734,-12.690385155895129,-12.685629957440698
ENSG00000197210,-11.414035775265921,-13.158252189290847,-12.962434828656061
HIC2,-10.281747985024053,-10.385979090351277,-10.551953494305874
TMEM191C,-12.510219305626679,-13.227974717467221,-12.885957703258297
UBE2L3,-8.88218123301331,-9.000459124446017,-9.031468299264807
YDJC,-11.612691423628226,-11.911716141762229,-11.858294513995238
SDF2L1,-10.712866440619576,-10.883146687837844,-10.798681796118414
ENSG00000207751,-11.826598100134692,-11.776941877015574,-12.311976794044417
PPIL2,-11.035606554722435,-11.064250317080413,-11.262932355299322
YPEL1,-10.696137995690307,-10.750606274989785,-10.920807901079826
MAPK1,-9.249623767265883,-9.221091100872428,-9.451193640524378
PPM1F,-11.687989988777403,-11.817352338289165,-11.78343851033375
TOP3B,-12.116402905060637,-12.164984840714133,-12.205404807248295
ENSG00000274422,-10.861705379866812,-11.07187200518528,-10.865530601606602
ZNF280B,-11.137409626975478,-11.280138005219145,-11.263406641160017
BCR,-10.645211397735114,-10.826098762271073,-11.01259541492268
ENSG00000290920,-12.962280295332048,-13.087484223421777,-13.201416879531111
PCAT14,-11.659931856514184,-11.850501758905494,-11.91065017381947
ENSG00000291299,-11.72415362127943,-11.73590943215975,-11.849164605875979
ZNF70,-12.195813110199367,-12.059670577384704,-12.21527061453004
CHCHD10,-8.186311030215501,-8.269764084131921,-8.100665463495957
MMP11,-12.33567386876231,-12.191544613628064,-12.218784155389262
SMARCB1,-9.605516081319887,-9.674290834521619,-9.716250895739316
DERL3,-13.045412628799914,-12.94233542373154,-12.773684155856426
SLC2A11,-10.913255420004612,-10.812902377145702,-11.017895331682048
MIF,-7.060067943215581,-7.310109978666879,-6.789538243308537
DDT,-9.063103351916642,-9.030897281485458,-8.675084556596143
CABIN1,-9.752337197604545,-9.856177364685907,-9.816211648244286
SPECC1L,-8.417126841627816,-8.450200203622032,-8.546251684576353
GUCD1,-11.169918074671536,-11.323009349556035,-11.2678176994541
SNRPD3,-8.650875079038386,-8.821144308650865,-8.808176665930187
LRRC75B,-12.460816784974206,-12.525322157025917,-12.449507623764045
KIAA1671,-9.935464581115122,-10.144145354578725,-10.078354062999965
ENSG00000290796,-12.332099517574411,-12.738753683931344,-12.775528024024936
CRYBB2P1,-9.891935049524202,-10.449482796249049,-10.358593672868732
GRK3,-9.216148246218248,-9.384105570825726,-9.332834725528382
MYO18B,-8.245462919811633,-8.348175489439157,-8.483289694700334
HPS4,-10.874916389205929,-10.97095091030715,-10.913156197113103
SRRD,-11.39623864289802,-11.432497881486581,-11.55011507529779
TFIP11,-11.531416650496238,-11.774973652070054,-11.585000239586902
TFIP11-DT,-12.777137825906637,-13.101801231513969,-12.942774794472006
TPST2,-11.318444119782662,-11.240482136426037,-11.367595036377022
MIATNB,-11.52140445515189,-11.371188605654847,-11.690807466407849
LINC01422,-12.92703525874965,-12.319496180123235,-12.561515641579694
MN1,-11.333654618146694,-11.0634954530826,-11.33210095973967
PITPNB,-8.445886797536026,-8.583994859097098,-8.480745147112914
TTC28-AS1,-9.767404801808924,-9.715110261189981,-9.691621073382597
TTC28,-7.631683316109292,-7.646834458270652,-7.829117486052208
CHEK2,-11.158492554179428,-11.510548504785794,-11.407651824174708
HSCB,-10.75374246541232,-10.839549780513096,-10.84496226008654
CCDC117,-10.365922222689502,-10.344404953431889,-10.344669285026812
XBP1,-10.02160623621912,-9.848153226205737,-9.939571636630724
ENSG00000226471,-11.630406725233565,-11.255471226092236,-11.122357912910987
ZNRF3,-9.347077210802084,-9.308670712966649,-9.603554836470504
KREMEN1,-11.102949808019634,-11.18355777692634,-11.095798099876248
EMID1,-12.546715696194411,-12.656223713500438,-12.400032563519904
RHBDD3,-11.159013090768951,-11.139365226453988,-11.286404722139473
EWSR1,-8.833234184560473,-8.940731785673924,-9.04845525491959
GAS2L1,-12.794712032934884,-12.923826051916473,-12.839197794516258
AP1B1,-11.026082667517697,-11.186767797361087,-11.064624337353356
NEFH,-13.262944601817592,-12.87034395577579,-13.002755049118631
THOC5,-10.678492326494595,-10.83992789441574,-10.87757282673005
NIPSNAP1,-9.769945652931957,-9.88592346853443,-9.820838627744186
NF2,-10.687743789856018,-10.718987738394457,-10.747546323529054
ZMAT5,-11.180188590224718,-11.271248201244795,-11.21342402038345
UQCR10,-8.36587588858728,-8.462179240629384,-8.371283970920143
ASCC2,-11.058904185744739,-11.016722909400862,-11.22135978961745
MTMR3,-10.438485146197896,-10.276936577473377,-10.612157580675634
CASTOR1,-12.66250203730309,-12.739146319100799,-12.633425377801471
TBC1D10A,-12.45045459925793,-12.494383439012726,-12.50047574651772
SF3A1,-10.283389354314998,-10.353485592804258,-10.54634489304616
CCDC157,-12.884611693540975,-12.8983834390813,-13.10342987395494
RNF215,-11.385672879841048,-11.3251084388013,-11.463069345162618
SEC14L2,-12.994625697422359,-13.159055334347167,-13.080264385729889
MTFP1,-11.222603609119115,-11.899760231709198,-11.360082219847676
PES1,-11.102550143446006,-11.249284967691386,-11.273811554428997
TCN2,-12.901051960922002,-13.122032139459867,-13.05840935798575
SLC35E4,-12.504430083920418,-12.202060298430647,-12.625054274899396
DUSP18,-12.15419586517947,-11.70536887630246,-12.056553077981862
OSBP2,-10.712395242329016,-10.627477886518877,-10.953702051409014
MORC2-AS1,-13.072817270405514,-13.230994424193602,-13.152361406752249
MORC2,-10.297510549085631,-10.262619011048162,-10.263021078465188
TUG1,-9.100424310862401,-9.085216346697797,-9.230322971216061
SMTN,-12.421948480388606,-12.629271244286233,-12.869182030820506
SELENOM,-11.001626478133923,-11.0158493058586,-11.463085942271553
INPP5J,-13.021436861170695,-13.092074887568048,-13.007339632448945
RNF185,-11.036884610214027,-11.073750071891066,-11.064837584021642
LIMK2,-11.111611486670773,-11.251418178725649,-11.424762455334141
PATZ1,-11.124020199355659,-11.276865683240631,-11.47040086690508
LINC01521,-12.708924859283469,-12.783900859424653,-12.932745768035842
DRG1,-10.116384416969762,-10.213793384282239,-10.168285561912162
EIF4ENIF1,-10.151782911750349,-10.199734186757428,-10.311360057476163
SFI1,-11.558932233427864,-11.633161395916948,-11.839671485335076
PISD,-10.701808773117243,-10.717405905780963,-11.064620203922438
PRR14L,-9.513939109688055,-9.534036537474027,-9.569437795705717
DEPDC5,-10.829992789369467,-10.867273941886678,-10.961909491831005
YWHAH,-9.196189450332213,-9.34419372139412,-9.387261147452895
SLC5A4-AS1,-11.988593343361135,-11.979744164016266,-12.759702796858829
RTCB,-9.571591356795762,-9.710202688552716,-9.660460640414776
FBXO7,-9.79844046310289,-9.849725783711957,-9.820728305747807
SYN3,-11.83487959380763,-11.715089770384823,-11.399380067523438
TIMP3,-8.568514014343975,-8.681975467470716,-8.573934910941032
LARGE1,-9.191735924657902,-9.060815499357714,-9.233523374477763
HMGXB4,-9.848994517253814,-9.981361906302684,-9.98392321891201
TOM1,-10.749540841066132,-10.86777608083319,-10.838159799694642
MCM5,-11.386981910343508,-11.992733693313125,-12.006488581166373
MB,-10.15241532862396,-10.254746079623427,-9.198831470735396
RBFOX2,-7.663546454734982,-7.715662232700394,-7.891512829261032
APOL2,-12.392140994976929,-12.486178303675757,-12.289322514255804
MYH9,-8.903914957611365,-8.852085324415524,-9.13203602807099
MYH9-DT,-12.97029219657192,-12.44395796740511,-12.406397014939602
TXN2,-9.617614513604915,-9.715188959711316,-9.69707867171736
FOXRED2,-11.982796867999065,-12.103057791158909,-12.016207539056998
EIF3D,-9.204344368026689,-9.33910103425874,-9.391210171888204
IFT27,-10.838228667212906,-10.820511305495872,-10.673492640246467
TST,-10.190177601509252,-10.59630897259782,-10.456776368810619
MPST,-10.011846804610983,-10.243668736715723,-10.068074712218548
KCTD17,-11.880724556234115,-12.39116969203081,-12.045187061446326
C1QTNF6,-11.894655320879705,-12.007276684867922,-12.344585641737982
GGA1,-10.67128120500271,-10.830502091293138,-10.887490856505305
SH3BP1,-12.119018475858661,-12.421521975868377,-12.228388078739082
PDXP,-10.831005870851978,-11.061256210091626,-11.0892368546358
LGALS1,-12.653734366700617,-12.716749386289916,-11.425276410780334
NOL12,-11.433785304395935,-11.57537825043715,-11.738741727606945
TRIOBP,-9.327342815833472,-9.342695613266429,-9.574227396868368
H1-0,-9.803897007988214,-9.406131375459804,-9.249731825697502
GCAT,-10.712181374422174,-10.959789986372762,-11.04371039828101
ANKRD54,-11.186281294932256,-11.355500749626572,-11.437193281608774
EIF3L,-8.70668725721945,-8.802519162844785,-8.83479319213468
ENSG00000279738,-11.875071750737591,-11.969426764366876,-12.009708085371422
MICALL1,-11.812340565254832,-11.805846797362108,-12.06866661187013
POLR2F,-9.430297330735613,-9.583225945744857,-9.594329146341341
PICK1,-11.29085271569255,-11.46509847685266,-11.522113831902718
PLA2G6,-12.943461956484393,-12.949401525819578,-12.936337717106063
TMEM184B,-11.029021947730033,-10.973125974011172,-11.245153289082051
CSNK1E,-9.534185296387257,-9.609869658702852,-9.616474540937324
ENSG00000291015,-8.969387974034209,-8.90549067595737,-9.235654921406748
KDELR3,-12.142178819780394,-11.98551127477102,-11.994208058298856
DDX17,-7.4348490527198825,-7.484110268834996,-7.605680966479411
FAM227A,-11.04519220834232,-11.132320272174944,-11.146067492507031
CBY1,-10.615550249509125,-10.71773572772248,-10.569620093533468
ENSG00000228274,-12.547824686677464,-12.366093437449196,-12.641126391001121
TOMM22,-9.48894345937984,-9.62992474706577,-9.622358835479686
JOSD1,-10.62426942010749,-10.711027594150256,-10.742934439084621
GTPBP1,-10.669121757117614,-10.803557050952884,-10.889363372913998
SUN2,-11.967198466316383,-12.318979523127906,-12.27734966730486
DNAL4,-11.539037605739418,-11.636710041524003,-11.535605555640435
NPTXR,-12.071970396830528,-12.087099657225195,-12.34914604867692
CBX6,-10.42006835381297,-10.719479880172607,-10.73871088835745
APOBEC3C,-11.183659620550236,-11.371060590426751,-11.302502241675633
APOBEC3F,-12.064781956205772,-12.190729015009174,-11.95649299754259
CBX7,-12.227613567253927,-12.185478495118097,-12.463634511315346
PDGFB,-12.381060749427421,-12.800450847240656,-12.264837706735781
RPL3,-6.48010531666637,-6.5911661648159585,-6.491444943109415
SYNGR1,-10.184942464816364,-10.165285552545544,-10.259442869156377
TAB1,-11.283815844897758,-11.350026856944732,-11.33916457569542
MGAT3,-11.408851478849465,-11.330463469420572,-11.668754303966189
MIEF1,-10.551614786115048,-10.62898034905914,-10.69157333394877
ATF4,-9.168879998295443,-9.263281311894135,-9.297508456119186
RPS19BP1,-9.784339030636657,-9.976709833336676,-9.942549396376478
TNRC6B,-7.975267472973312,-7.900490273428362,-8.080321649698185
ADSL,-9.730221151195735,-9.976588088189159,-9.928671558870343
SGSM3,-11.327993600349156,-11.370027148607175,-11.459677623803756
MRTFA,-9.63289398322082,-9.65383737033882,-9.85854265399849
SLC25A17,-10.58386751341435,-10.643381809845229,-10.844667682761486
ST13,-8.01778052854589,-8.086988897331617,-8.04959333655825
XPNPEP3,-9.96556874752635,-9.992344158658339,-10.091987672934227
RBX1,-8.318639749568796,-8.467740988754361,-8.442675876709936
EP300,-8.87096982661421,-9.042443115859284,-9.135192866812318
L3MBTL2,-11.25965045574448,-11.383617960104216,-11.449979421086908
RANGAP1,-10.757997161215608,-10.952653459283626,-11.099046414551351
ZC3H7B,-10.817250025277882,-10.870508359955295,-10.972053822371597
TEF,-12.4128986630083,-12.486464645711177,-12.389253871180392
TOB2,-9.887287837115966,-9.96212307335876,-9.932529453085918
ACO2,-9.444001094546396,-9.48115938930957,-9.506577113586719
PHF5A,-10.58923028730163,-10.526002571507751,-10.680402156030613
POLR3H,-11.442103183770861,-11.499784366871825,-11.619476575620473
PMM1,-11.24434710336793,-11.343847240519368,-11.19098373036907
DESI1,-10.696419125430607,-10.834522123587329,-10.752096826497034
XRCC6,-8.499683230981127,-8.650590936656993,-8.676347502845315
SNU13,-8.89638176776626,-9.125704467515513,-8.97407659673676
CCDC134,-11.479335444307669,-11.498143951069833,-11.56458293315832
SREBF2-AS1,-12.697103188542867,-12.547957380979469,-12.785560967058972
SREBF2,-9.326271488485942,-9.198637093811437,-9.42413009419281
CENPM,-11.475662904512724,-12.33720091336507,-12.186910715939383
NAGA,-12.29952051451833,-12.176702201131034,-12.000797851092827
SMDT1,-9.237521462777998,-9.26038589604474,-9.29389765075069
NDUFA6,-9.11257953145893,-9.288006065566412,-8.989839080942309
NDUFA6-DT,-11.856188940934794,-11.762659196301334,-12.156093085088353
TCF20,-10.056236586322484,-10.126731889702487,-10.212053187964935
RRP7A,-10.522296203881496,-10.324294019414433,-11.29496317912616
SERHL2,-13.11818416017644,-12.773022904080605,-13.009004390692734
RRP7BP,-10.602568950539812,-10.398797306427324,-10.766814306483209
POLDIP3,-10.555534377671282,-10.64587615565715,-10.736093405886507
CYB5R3,-9.360591607646557,-9.4917535289426,-9.524893764191303
ARFGAP3,-9.657263826797402,-9.694829449914408,-9.716854547134957
PACSIN2,-9.61202593485333,-9.686483096173033,-9.668753296249589
TTLL1,-10.674770521984001,-10.886544402711987,-10.739158720465698
BIK,-11.57334185177759,-11.975617188877248,-11.779379309621254
MCAT,-11.147913947613375,-11.3900755306499,-11.349701001827372
TSPO,-12.703104762235936,-12.751851105733422,-11.975526212873595
TTLL12,-11.691189600233015,-11.886669141930632,-11.805985457256362
SCUBE1,-11.952691154123036,-12.199463878831303,-12.143074317727722
EFCAB6,-10.682031850759035,-10.864716706959017,-10.848693119838025
SAMM50,-10.136244987624535,-10.296780805135178,-10.154152571333828
PARVB,-11.30565367086664,-11.361025818243924,-10.81209961228831
RTL6,-11.516264326781915,-11.548991626021701,-11.578244759548676
PRR5,-11.97028600217461,-11.93916817651049,-11.85645132407803
ARHGAP8,-12.468651295884381,-12.94694047019673,-12.956713062767562
PHF21B,-10.537180949784828,-10.370554453054625,-10.78956275212856
NUP50-DT,-10.661270835395358,-10.28884203407737,-10.662714877736272
NUP50,-9.975498883186381,-10.015894839498573,-10.26438797957686
KIAA0930,-12.123705935563022,-12.258479444561068,-12.100863008353684
FAM118A,-10.746178681392085,-10.719547608511084,-10.80906329159206
FBLN1,-10.767960837202196,-10.98054188229605,-11.08350793442461
ENSG00000280383,-11.703552862900153,-11.758004171767785,-11.927122254572852
ATXN10,-8.351562860280882,-8.373304929259108,-8.492056738336462
PPARA,-9.949556730283332,-9.992941172200345,-10.041065741311355
CDPF1,-12.187941219797835,-12.28252616071619,-12.220951869076735
TTC38,-11.331959586658554,-11.669331891812465,-11.279521846871445
GTSE1,-10.759239625155853,-11.51498433352373,-11.403784818187454
TRMU,-10.227176611413274,-10.420888926645736,-10.328288697755095
CELSR1,-10.277903970908811,-10.470725411064029,-10.62491663685661
LINC02925,-12.170688171072555,-12.47696240888986,-12.247807572686012
GRAMD4,-10.790564254711468,-10.985862107496027,-10.709654903121049
CERK,-10.181438030911735,-10.45766178901678,-10.352611751694461
TBC1D22A-DT,-11.847242080772267,-12.199954927744193,-12.118920519278916
TBC1D22A,-9.198491571015895,-9.282209728808908,-9.398452668732201
TAFA5,-12.637383567681075,-12.848420822445622,-12.404061055437989
BRD1,-9.640896378473139,-9.628046076982805,-9.783429528630688
ZBED4,-10.779023415819783,-10.792599489783985,-10.825167862960065
ALG12,-11.854387416729153,-11.960684151530208,-11.887830316138563
CRELD2,-11.007717091491916,-11.043930555411245,-11.14759977658893
PIM3,-11.394425406797316,-11.162481897737003,-11.516206853042194
PANX2,-12.68463074619888,-12.629828331417928,-12.537334507069199
TRABD,-11.228298534486319,-11.326727379962405,-11.441589549531566
SELENOO,-10.28177325671981,-10.376341328744932,-10.445660935121177
TUBGCP6,-12.04243904983766,-12.072181732275267,-12.262457804850243
HDAC10,-12.96455480489575,-12.846360817664538,-12.915727804707188
MAPK12,-11.822824965839274,-11.881243688680383,-11.973349989874636
PLXNB2,-11.102166350605692,-11.244322647806388,-11.416954498136416
DENND6B,-12.36248308012388,-12.339226403196,-12.456617391178565
PPP6R2,-9.376592742005819,-9.333845523210046,-9.64543662426092
SBF1,-11.707117523357653,-11.871835291163649,-11.859420460873979
LMF2,-11.722817787461048,-11.985496667766117,-12.000196764606615
NCAPH2,-11.528897875227269,-11.819569164867524,-11.792407151562884
SCO2,-10.794541861696212,-10.911396417146818,-11.109127699715703
CPT1B,-11.853155281406416,-11.988637120012182,-12.326120755449033
CHKB,-10.67401752145484,-10.455960027688558,-10.853171028574865
CHKB-DT,-11.237073802763875,-11.311917675645882,-11.594643873256514
ARSA,-12.402203235083755,-12.367177063411535,-12.559959439264288
SHANK3,-11.706322028732917,-11.888957397124237,-12.014298943390532
RPL23AP7,-10.452866962374335,-10.562060615058774,-10.508437112369071
RABL2B,-11.057212617436733,-11.223351229607587,-11.351498011585736
PLCXD1,-11.844630851396847,-11.638602273634655,-11.794685875703804
GTPBP6,-10.835362865491405,-10.790690140356332,-10.945015040548263
LINC00685,-11.136417560993271,-11.035593338785011,-11.380313784927262
PPP2R3B,-10.440257854774885,-10.54870079434197,-10.487695507078607
CSF2RA,-12.830902195721942,-12.038420244506906,-12.314468289098297
IL3RA,-11.315597250657222,-10.667294547829894,-10.869448586586712
SLC25A6,-7.61695276123473,-7.828447775280118,-7.821874225936967
LINC00106,-12.136059149095015,-12.021926508466246,-12.408064694414552
ASMTL-AS1,-11.476017896748102,-11.42206048062738,-11.90672067339368
ASMTL,-11.443647027890535,-10.9747979570628,-11.138968793278375
AKAP17A,-10.665619887906427,-10.25500645955857,-10.37938736779541
DHRSX,-10.084407335476056,-9.833676125519718,-9.993828977428851
ZBED1,-11.40185288808024,-11.112042446716083,-11.217239273904202
ENSG00000289007,-12.965810362069853,-12.017215357093923,-12.273732273690637
CD99P1,-12.020622802176671,-10.990059752861086,-11.367586039233064
CD99,-8.763624342745816,-8.021063077145413,-8.168627702016018
GYG2,-10.653812945493721,-10.634803768461396,-10.223631272551957
ARSD,-11.60672185136844,-11.597847098425305,-10.930616710057622
PRKX,-11.12320087001554,-11.344527018531863,-10.838945923967406
ENSG00000285756,-11.354442944846731,-10.468093880977262,-9.938763781754023
NLGN4X,-10.59797529335447,-10.677666014556438,-10.225285200159478
PUDP,-10.137398260076068,-10.061493121030137,-9.455893412439728
STS,-10.736712912225837,-10.724953016684205,-10.09177508900444
PNPLA4,-10.940989278064418,-11.049079412357218,-10.149963829198114
ENSG00000285679,-8.9873417446582,-9.010778966580926,-8.254368592794917
ANOS1,-10.344677387218773,-10.079857322029918,-9.834653847586354
TBL1X,-9.01411166449349,-9.040098329997813,-8.360365937576367
GPR143,-12.460161747295263,-12.56006936461903,-12.034672851524622
SHROOM2,-10.387373838639865,-10.390187472069764,-10.062066819058833
WWC3,-10.22891643905427,-10.158680565549348,-10.530666853831532
CLCN4,-11.376328189575297,-11.389028493803249,-10.764247533532643
MID1,-8.244233365015145,-7.914227621544114,-7.830648220523718
HCCS-DT,-10.549556839905387,-10.918417515659044,-10.237397642127107
HCCS,-10.959073239733339,-11.050120449484144,-10.296601723116279
ARHGAP6,-8.095387617713566,-7.904341496950643,-8.179690869614138
MSL3,-10.792429192808754,-10.820727790670585,-10.795672420685289
FRMPD4,-11.337143909654454,-11.070210795301497,-10.629744045213796
PRPS2,-12.641510241260681,-12.830427251128448,-12.875032770259226
TMSB4X,-9.376749744253834,-9.302556386319178,-8.498317177381125
TCEANC,-12.941334054948054,-12.80486635940437,-12.715558394275263
RAB9A,-10.921653828584327,-10.971085582641779,-10.427605684618056
TRAPPC2,-10.952661830078085,-10.952998611334188,-11.12527103978254
OFD1,-9.602301828346887,-9.555819437524395,-9.523044089867911
GPM6B,-10.730338075405145,-10.622509255903015,-10.753243993666702
GEMIN8,-11.008168888951328,-10.975787630254128,-10.505523600451559
FANCB,-11.44707716027194,-11.92948848310352,-11.891430714001789
MOSPD2,-11.096578329374749,-11.14502298923025,-11.141729948749875
PIGA,-12.357060716100081,-12.439725370498278,-12.399737362278028
PIR,-12.271614178041196,-11.978231238488052,-12.013849805516191
CLTRN,-12.463831660413579,-12.352567596934856,-12.550625491431324
CA5BP1,-11.519806823967519,-11.430625013485212,-11.696324005835839
CA5B,-11.320678030412381,-11.100374052952322,-11.239986825883896
ZRSR2,-10.95449582901497,-11.16702975561407,-10.619567834286295
AP1S2,-9.107854634189094,-9.40092082252382,-8.718753045522647
CTPS2,-9.881890278535979,-9.97337855978973,-9.385674630935368
SYAP1,-9.555171492857061,-9.723917206932114,-9.084306188415873
TXLNG,-10.412604884991463,-10.578772651403057,-9.917399526610572
RBBP7,-9.014395646438874,-9.056860570886359,-8.46680694774856
REPS2,-10.457183917839117,-10.3281712334033,-10.091133150379237
NHS,-12.206808620810289,-11.53255003159413,-11.17439019753214
SCML1,-11.341797942842405,-11.093554316200258,-10.69537636013045
LINC01456,-11.917933786854517,-9.524295518219807,-10.118954567417598
SCML2,-10.600112945774317,-10.61481254835998,-10.821410547728723
CDKL5,-9.973244078266243,-10.018056268201036,-10.076172413528175
PHKA2,-10.391759015722181,-10.230599102413935,-10.29574035927669
ENSG00000286724,-12.536731863261448,-12.402207182576266,-12.479216955079321
ADGRG2,-11.562923411209256,-10.8364578101911,-11.66469297040705
PDHA1,-9.154215980240824,-9.080000775806905,-9.02654923880052
MAP3K15,-12.350094625198242,-12.683604347124367,-12.555198581678358
SH3KBP1,-9.298153697714834,-9.485866209561184,-9.053369541068331
BCLAF3,-10.544235761582875,-10.480386588962233,-10.512694125742255
EIF1AX,-8.518708583009722,-8.683531244029924,-8.635431035975941
RPS6KA3,-9.480313480392736,-9.549141961726965,-9.843197947510898
CNKSR2,-9.97883187454336,-10.02552396563987,-9.639189106557227
SMPX,-7.749562878237856,-7.969710118788475,-7.3292910503640245
MBTPS2,-10.354575833673296,-10.386917367899166,-9.766194871931955
SMS,-8.225367750320137,-8.729238199926892,-7.850944694643472
PHEX,-12.443000489305776,-12.635500499495448,-12.211011989602927
ENSG00000289084,-9.5277112479634,-11.296703987831346,-10.153347621744476
PTCHD1,-10.810740767684125,-12.391265147979349,-11.268858839247002
PRDX4,-9.32052764128645,-9.549970366188655,-8.697471274978419
ACOT9,-11.051439589576635,-10.922874845506627,-10.762828744455467
SAT1,-10.593409584299742,-10.846218637956076,-10.01503053177153
APOO,-10.363622638504554,-10.328206747545316,-9.689771072814358
KLHL15,-11.64064840496018,-11.45189738272576,-11.021992581041912
EIF2S3,-8.851204112631633,-8.894385215849839,-8.28476827563621
ZFX,-9.360047056583577,-9.851595083657152,-9.39005646837866
PDK3,-10.014113628480795,-10.156114724603968,-9.29521098548943
PCYT1B,-11.01735095910651,-11.302175853018106,-10.704902413249233
POLA1,-9.473640527891781,-9.661521284486625,-9.053593646276537
IL1RAPL1,-7.989967321004149,-8.325653991380557,-7.621222088844458
GK,-11.724459345921757,-11.765280350459786,-11.467163674070802
TAB3,-10.77090856474818,-10.834362364009616,-10.854003632616914
DMD,-7.054468766941961,-6.662868486755906,-7.29703899737383
ENSG00000233928,-13.043928669993864,-12.841601007085536,-12.338144836009063
TMEM47,-10.78535385132987,-10.314696434897028,-9.548218379200526
PRRG1,-10.494462145818494,-10.5610875092342,-10.009471746638503
XK,-12.70725569335863,-12.572305722331194,-11.616467840699512
DYNLT3,-10.915349973139644,-10.88265483862981,-10.99905122612469
ENSG00000259977,-12.085777344488397,-12.042717096382887,-12.632115247882464
SYTL5,-10.972617684498903,-10.83177171547057,-11.330005676223486
SRPX,-11.464434185019865,-11.886402594049487,-10.567543517798251
RPGR,-10.489832940860634,-10.476794322900062,-10.026689239539298
TSPAN7,-10.221552087773881,-10.656688987396263,-10.962409109261564
MID1IP1,-11.31433710804059,-11.614066414889637,-10.638311761239184
BCOR,-9.9545930823422,-9.932667887963026,-9.936979031558593
ATP6AP2,-9.674519506082904,-9.653591138984659,-9.00296107156576
CXorf38,-11.35838586225775,-11.789359071046537,-10.698039922028617
MED14,-9.914439670693952,-9.974110983119626,-9.453489154149882
USP9X,-8.68525034553998,-8.657794532842958,-8.134962470691152
DDX3X,-8.94354241518579,-9.012798839088083,-8.570139290538224
CASK,-8.653288279779073,-8.596233364878469,-8.158984625557654
MAOA,-13.051293732470707,-12.664726237538876,-12.136117270822563
EFHC2,-11.782445167719777,-11.507109433684965,-11.508627541170634
FUNDC1,-10.51342391768974,-10.46538013392175,-10.509233050080267
KDM6A,-7.979913519117584,-7.919765290367154,-8.05827500364772
KRBOX4,-10.694379332597828,-10.740973497084322,-10.760837565040742
ZNF674,-12.225925370612286,-12.208792673687611,-12.337339464910446
ZNF674-AS1,-12.72598746446656,-12.96452547595156,-12.880026653113488
SLC9A7,-10.976113692977588,-10.972516889184867,-10.33937319827402
RP2,-12.038462050967398,-12.019083111236803,-11.898657865514402
JADE3,-10.272462297028618,-10.281437876482036,-10.38058217876616
RGN,-11.2056957710243,-11.583403119916433,-11.337024987811537
NDUFB11,-8.643034631311266,-8.673509490613654,-8.449626555606498
RBM10,-10.33350826313352,-10.437161084966728,-10.457628808320289
UBA1,-10.078635788409331,-10.314140471625633,-9.743646854269445
CDK16,-10.40412788771834,-10.57618589053541,-9.864830838441847
USP11,-10.031389187073186,-10.011227635931645,-9.514533092575494
ZNF41,-11.514343315403915,-11.419281861361696,-11.832900394592134
LINC01560,-12.279012487491295,-12.317608779957855,-12.275358230945072
ARAF,-11.11886906361875,-11.133465816464762,-11.354595660535097
TIMP1,-10.133119458073438,-9.84456438168474,-10.068446823569158
ELK1,-11.418082361756671,-11.418509733512936,-11.638983797837973
UXT,-9.558289340900929,-9.666325659461723,-9.727824725892562
ZNF81,-10.824049859257602,-10.758626907029596,-10.93564381252368
ZNF182,-11.798497355381985,-11.701015760786179,-11.863191215903479
FTSJ1,-11.776151800439585,-11.670462081611879,-11.877506532640648
PORCN,-12.833793475449175,-12.662845016545043,-12.822077392159654
EBP,-10.74891581008021,-10.973450623250052,-10.899767665996704
TBC1D25,-11.565360627887847,-11.512390795095099,-11.718462705158888
RBM3,-8.756123223646098,-9.077906045699326,-9.329932336108872
WDR13,-10.631321929392751,-10.601063077058859,-10.734257684889092
ENSG00000232828,-12.141030043198056,-11.921741890225718,-12.47284358280918
HDAC6,-10.919399764095731,-10.795646303483377,-10.969358124093825
PCSK1N,-12.253069234573251,-12.043181218517288,-12.102030332227443
PQBP1,-10.325449667653663,-10.424766124349162,-9.876194929283354
TIMM17B,-9.615936788617015,-9.680199818695856,-9.10736441345757
SLC35A2,-11.959115741695488,-11.938405406438095,-11.5373444141271
OTUD5,-10.622832254685013,-10.634430444172745,-10.171247459666457
GRIPAP1,-10.244370656723188,-10.18077339692265,-9.664850384182873
TFE3,-12.12061050301149,-11.974175150017867,-11.603571025796006
CCDC120,-12.613690820673847,-12.526439931641304,-12.578613413667316
PRAF2,-11.265525502782998,-11.220762225135047,-11.274478317211969
WDR45,-11.073862655012158,-11.194975013728865,-11.212451845916714
GPKOW,-11.754569743663748,-11.796815229601433,-11.946281087726065
PLP2,-11.945395535226753,-11.669982290427956,-11.292248463103032
PRICKLE3,-13.122799375113624,-13.053072624858832,-13.203922635491416
CCDC22,-12.24097947337122,-12.31966676271697,-12.353744589313877
PPP1R3F,-11.572135272440882,-11.498143525379119,-11.522083607420416
USP27X,-12.007721799403079,-11.997192477602194,-12.051100425788297
CLCN5,-10.263504898764765,-10.093662353786163,-10.656787888932374
SHROOM4,-10.773642101858933,-11.34243948935065,-11.181643392786171
ENSG00000229151,-13.174568615121657,-13.144026872504615,-12.917525553694784
NUDT10,-12.831900598655682,-12.729502610995526,-12.559966877589732
NUDT11,-11.145542839097873,-11.232373593705697,-11.239843192223024
GSPT2,-10.453759601860241,-10.478831636872501,-10.515164579556457
MAGED1,-8.700235459149011,-8.990583463830747,-8.832860997808648
FAM156A,-12.20694840967555,-12.145481120767073,-12.356534965001801
GPR173,-9.971418164251864,-10.080334109846504,-10.298005364521536
TSPYL2,-11.2925628872522,-11.136705170784413,-11.05202703933661
KANTR,-10.042808214523426,-9.98367722104911,-10.056633833310181
KDM5C,-10.05071260011016,-10.515596378929073,-10.012902352754583
IQSEC2,-12.082437071467815,-12.064834716626418,-11.720897133342218
SMC1A,-9.075580683930838,-9.236203448431057,-9.290147587098872
HSD17B10,-9.469871565210358,-9.725293181580467,-9.66925598863872
HUWE1,-8.450342350497117,-8.44821232727438,-8.563265228060459
PHF8,-10.848797604858111,-10.831933806255446,-10.995952163773042
FAM120C,-10.909311744717368,-10.867113689955394,-10.96118812285811
WNK3,-10.36093970288903,-10.28427056162529,-10.310218753122182
TSR2,-10.175815269346199,-10.332095188466235,-10.267164862849432
FGD1,-11.306094012792288,-11.271081257176522,-11.313074754869534
GNL3L,-10.165311614949102,-10.086984156129677,-10.571523305326663
MAGED2,-8.48329118768435,-8.377928360789006,-8.574493824171867
TRO,-10.875610464791418,-10.890857375588581,-10.92934054917385
APEX2,-12.120778816466261,-12.293984623074529,-12.330797197387081
FAM104B,-10.877445088453646,-11.051153452060767,-10.95489294097522
RRAGB,-10.1840894226111,-10.170875007044852,-10.189557075057877
UBQLN2,-10.14568945438414,-10.138431657225004,-10.193349777368793
NBDY,-9.105782041943344,-9.118078568582508,-9.039625743857785
SPIN3,-10.946243667515768,-10.893369911813533,-10.863326841711533
SPIN2B,-11.45163739302689,-11.414063613601831,-11.573999064776727
ENSG00000226310,-11.189244646896958,-11.215565224917514,-11.318683956660594
SPIN2A,-12.57946998385213,-12.679605136020319,-12.638145071568113
FAAH2,-10.351507334339331,-10.281768523358137,-10.158679177601554
ZXDB,-12.366110529090934,-12.44228639229896,-12.430735555217352
LINC01278,-8.83975015402361,-8.751889665699652,-9.055249404742447
SPIN4,-11.760320245058043,-11.838245088531608,-12.045095330311591
ARHGEF9,-9.98446657514363,-10.047706678858688,-10.132588550001469
AMER1,-12.428267652960688,-12.337154629777592,-12.239541533185909
MTMR8,-11.130430024347097,-11.228813301852625,-11.11231860053114
ZC4H2,-9.2202086787608,-9.303475500608222,-9.39869383330334
ZC3H12B,-8.29497097290304,-8.18298502955728,-8.55050567485954
LAS1L,-10.284435200638523,-10.453190493005136,-10.37100299444231
MSN,-10.574561291410275,-10.583821054006037,-10.470625202594805
HEPH,-9.221641510749468,-9.5783694358116,-9.699568064805026
EDA2R,-11.902264659031175,-12.46731479263743,-12.49702922355594
OPHN1,-10.124931749490191,-10.113216841783672,-10.190893346936228
YIPF6,-10.001494000830336,-10.005790762943985,-10.130022688730788
EFNB1,-11.748563399316733,-12.229915312909647,-11.872351139509181
PJA1,-10.494677412486778,-10.699829469888385,-10.670966286839965
EDA,-10.7127240040453,-10.406916335109647,-10.621156283015504
IGBP1,-9.55828198408247,-9.605825567423937,-9.63852680062777
PDZD11,-10.368207162135207,-10.494346923706722,-10.412516512686464
KIF4A,-10.434162228492996,-11.232628297352926,-11.001746874102741
DLG3,-10.066565071437013,-10.016891008116312,-10.15719307494356
SNX12,-11.292032073579719,-11.259574547380979,-11.323256836672607
FOXO4,-12.553482664147438,-12.418600432784839,-12.760912216377449
MED12,-10.945201875270548,-11.017266837311363,-11.176999812085572
NLGN3,-12.503905846219196,-12.160383976988893,-12.80083386344568
ZMYM3,-10.366738551015331,-10.306907252868585,-10.442961453597889
NONO,-8.169239277106701,-8.357468628841172,-8.47254918648704
ITGB1BP2,-9.66109895032348,-9.73965556297827,-9.752116896204136
TAF1,-9.804522042417677,-9.828421037671582,-10.024970903080009
OGT,-9.368070727142303,-9.416441228826,-9.540542178611563
GCNA,-11.946598948809774,-12.020834803282675,-12.423819594364405
NHSL2,-10.802533323448365,-10.49395202150844,-10.91774301770517
RTL5,-11.492161032422208,-11.445034309651051,-11.65966535166333
PIN4,-9.429713429740962,-9.572120463167733,-9.692665268482935
ERCC6L,-12.250571146795595,-12.885198053441494,-12.682422909948004
RPS4X,-6.675214847596045,-6.78598580118367,-6.171191822218785
HDAC8,-8.579266198597288,-8.541607873810436,-8.726256985067797
PHKA1,-11.076354635823387,-11.261841651993963,-11.137967731655616
NAP1L2,-11.430276444867644,-11.645730297806692,-11.753745806608437
CHIC1,-10.307131431002157,-10.260018511571646,-10.325632815297444
XIST,-7.629455311115432,-12.67239670078087,-12.789431271508713
FTX,-7.76409790936191,-7.591564447210881,-7.870911484007714
JPX,-8.319189594881793,-8.837490414459982,-8.180202660149332
ENSG00000271533,-10.85660356445599,-10.758743068820154,-11.034936217604082
SLC16A2,-11.57377380711766,-11.637703904534497,-11.363101812341434
RLIM,-9.948744773726679,-10.013232802795331,-10.144777744563578
NEXMIF,-12.135964479055927,-12.226478194647624,-11.950268430977545
ABCB7,-9.636480645026568,-9.963809469360923,-9.630333011483122
UPRT,-11.224541632153189,-11.559337729772125,-11.135812689451027
ZDHHC15,-10.640522567516332,-10.746461768242263,-10.834156518772623
PBDC1,-9.920147267723006,-9.997324350479898,-9.909994673662007
MAGEE1,-13.099447991157998,-13.029879929386905,-12.887930971123021
MIR325HG,-9.71051834086318,-9.637913036863091,-9.775699045649196
ATRX,-7.804030352336076,-7.798497683441879,-7.905554096581595
MAGT1,-9.69480856661717,-9.605325527915777,-9.90582567508461
COX7B,-8.228188415897188,-8.341862189015469,-8.199576291850907
ATP7A,-11.066961895543924,-11.05952061253433,-11.023446720903769
PGK1,-8.004088924007108,-8.230740409353167,-7.654560768592461
TAF9B,-10.987653890681818,-11.073515871712507,-10.998145546257984
ITM2A,-11.481239019157893,-11.575432736650054,-11.17364898190945
BRWD3,-9.644995545521445,-9.588209771273931,-9.723779069837647
HMGN5,-9.902538581548995,-10.14088208492342,-10.124960718960516
SH3BGRL,-8.398932644268438,-8.37427126667946,-8.618190713242543
RPS6KA6,-10.632466437651663,-10.696132844693558,-10.791344396209745
HDX,-10.596850735231268,-10.738297982503552,-10.63565716281537
APOOL,-9.836177201915246,-9.84209845520987,-9.904321441676544
SATL1,-11.777886730234544,-11.650163785492454,-11.649524770652416
ZNF711,-9.67855594706251,-9.716985972456952,-9.848446736439227
CHM,-9.643291016529416,-9.737417234454371,-9.764921754480135
DACH2,-11.958185224995319,-11.615126581840185,-11.681745132867025
KLHL4,-9.650527149765452,-9.566097916820524,-9.275763534332969
PABPC5,-11.528527302365264,-11.486672390858633,-10.77224359099021
PCDH11X,-12.083588736612771,-11.37503756301503,-11.011549155670645
NAP1L3,-10.38359712121323,-10.50301051879873,-9.781530965820313
FAM133A,-12.83904481444084,-13.003538797593977,-12.226060428535185
DIAPH2,-9.468271093011346,-9.734250974580066,-8.664519363917647
LINC03077,-9.727086523546735,-10.176879758617085,-8.744864661305778
TSPAN6,-9.409153900151829,-9.54503880364372,-9.426232777490855
SYTL4,-12.935161905739,-12.956811196469344,-12.42821170665151
CSTF2,-11.152381343771731,-11.267821818633738,-11.31990902653222
TRMT2B,-11.214309363971127,-11.164862008833206,-11.461413742630183
TMEM35A,-12.302451951625253,-12.25961448560996,-12.168263544207395
CENPI,-11.256399292587018,-11.760098476543781,-11.850763235532035
TIMM8A,-11.128021725073308,-11.200076604662954,-11.003592029140831
RPL36A,-7.024165460877604,-7.234076027590504,-7.121309564690727
GLA,-12.245572251069422,-12.321385445283903,-12.232623468529868
HNRNPH2,-9.432836822517617,-9.445081984471642,-9.622234014616195
ARMCX4,-10.220075003786173,-9.98576853390951,-9.836392300163526
ARMCX1,-10.799561758052377,-10.18699858833574,-10.301732267925674
ARMCX6,-11.626534809926426,-11.411089445967006,-11.666902230070182
ARMCX3,-9.232363611848449,-8.972745540474213,-9.265225712662492
ARMCX2,-10.2028873207298,-10.169674472957492,-10.23097294728822
ZMAT1,-10.281388450249107,-10.287794028704813,-10.260152239355726
TCEAL2,-12.989721773067643,-13.06018192372992,-12.48227956066887
BEX5,-12.285646673292131,-12.367795183357897,-12.134759402012241
TMSB15A,-10.879354202833813,-11.525494758477077,-11.203244265588753
ARMCX5,-11.919110530760367,-12.064267847760249,-12.006165608515174
ARMCX5-GPRASP2,-10.340372493596321,-10.289411794420605,-10.422355224540867
GPRASP1,-12.07315548410755,-11.935824774694607,-12.059979499236958
GPRASP2,-11.777945125418924,-11.54986533218697,-11.445887210204193
LINC00630,-10.69754988069951,-10.635289830737953,-10.682261092743
ENSG00000239407,-12.066488340300811,-11.875909540715028,-12.08815919643944
BEX1,-8.5691555189407,-8.782670714149079,-8.959627896257793
BEX4,-9.000797359311544,-9.0606083352615,-8.416441593153897
TCEAL8,-9.203739635969374,-9.303593378834915,-8.511610503776238
BEX2,-9.920139576596423,-10.024967210408452,-9.380834120392096
TCEAL7,-12.586503812678963,-12.82928764611746,-11.011950583352045
TCEAL9,-9.135956222663433,-9.217833306152682,-8.505768689567644
BEX3,-7.591523963786805,-7.667070358307415,-7.075213695877633
ENSG00000234405,-12.689159407305997,-12.583624709855819,-12.127911030725251
RAB40A,-12.672979807961278,-12.568519470994351,-11.945466078923594
TCEAL4,-8.687099732560096,-8.908352086982912,-8.03473058566172
TCEAL3,-11.052439167870997,-11.252897241098038,-10.450468530607456
TCEAL1,-10.853276563615644,-10.91061906369185,-10.22017552059082
MORF4L2,-8.383812283854487,-8.430105042572743,-7.884819023262289
MORF4L2-AS1,-13.070867599046718,-13.159057999981366,-12.414775755685215
RAB9B,-12.50270161897499,-12.298601679391133,-12.114217851923526
TMSB15B-AS1,-11.671221890103654,-11.527914943121488,-11.972042568734107
TMSB15B,-12.67095162509829,-12.868525232115202,-12.822548064376894
TMSB15C,-12.96663250914729,-13.09606648356842,-12.963472331402953
SLC25A53,-11.251128389688771,-11.25723542502812,-11.271582796208062
FAM199X,-10.35398114033179,-10.305178892150456,-10.122041103258729
IL1RAPL2,-9.895410785082927,-9.752481920159493,-11.74033743288384
PWWP3B,-10.510507460572784,-10.605671724478645,-10.29926176360854
TBC1D8B,-12.405740893441761,-12.964710549724575,-12.214107361329098
MORC4,-10.81790021563749,-11.253515199632085,-11.300774818125218
RBM41,-9.309912194993814,-9.372081417763352,-9.293319763242106
NUP62CL,-11.356207592009364,-11.76679542939417,-11.493929610791342
PRPS1,-10.942457824451193,-11.156212507629606,-10.443951343071248
TSC22D3,-10.279128294546453,-10.535979436391147,-9.7560304167818
MID2,-11.294187042788856,-11.462884938217263,-11.119652239745701
PSMD10,-10.537755974650489,-10.757628473805134,-9.973557514959081
ATG4A,-11.702219170209267,-11.718746256704831,-11.066354763694633
COL4A6,-9.29849456086246,-9.460047929486368,-8.571821530193022
COL4A5,-8.38181082384824,-8.414223122309904,-7.822421780806661
NXT2,-12.508500814523298,-12.601580732397563,-11.849428108894209
ACSL4,-9.93763629617529,-10.24941691782312,-9.637108501932774
TMEM164,-10.557075795187854,-10.57205319186106,-10.075449631087892
AMMECR1,-10.863565650783585,-10.816434429309334,-10.185220662108492
PAK3,-13.011328234999272,-13.065493513763462,-11.461376644565467
SERTM2,-12.093929977778597,-12.297932937436894,-11.22634210658703
ALG13,-10.090789044021562,-10.162748834977625,-9.489087029494941
AMOT,-11.041066963886646,-11.095163738661297,-10.868565879485077
XACT,-12.92142116956168,-12.372404717164068,-11.71473294246705
HTR2C,-11.640112627228364,-11.947540992465782,-12.858378891331032
LRCH2,-10.530834292102316,-10.60624448452518,-9.8400272662336
PLS3-AS1,-10.53567584811205,-10.613587229753053,-10.347199556934683
PLS3,-8.847870075195887,-8.906969372401315,-8.591589823921243
DANT2,-8.051607909689528,-7.9704629276364045,-7.402514203293343
KLHL13,-10.25651112847378,-10.389844758139569,-10.41457878203239
WDR44,-10.388275222752313,-10.288301238248339,-9.780631069057181
DOCK11,-11.093740532025267,-10.869801468237698,-11.13438105143374
IL13RA1,-10.492384217845602,-10.493887122775126,-10.735618784016769
PGRMC1,-9.129695895002845,-9.090714956774006,-9.624107735265305
SLC25A43,-11.703478286308354,-11.718427619301924,-11.812145880082172
SLC25A5,-8.035991095261194,-8.216423120252044,-8.02707043567105
UBE2A,-9.759625841578837,-9.817403125223667,-9.83787898966616
STEEP1,-11.495905905283388,-11.757228991007873,-11.397668994278028
NKRF,-11.44330743599163,-11.498330971668421,-11.583812047924471
SEPTIN6,-9.633340320415122,-9.755828727836377,-9.929333728049729
RPL39,-6.703474329193431,-6.866508598093064,-6.769241275314666
ENSG00000286366,-13.090516665836768,-13.173254855581188,-13.19645359838597
UPF3B,-9.684930764274533,-9.824226776730162,-9.72408774533142
RNF113A,-11.072508725968227,-11.34449920997092,-11.190052683687377
NDUFA1,-8.724834470671912,-8.714871210467702,-8.741091613005352
NKAP,-10.10018261512779,-10.20648784499462,-10.120094916716036
RHOXF1P3,-12.51362786606823,-12.865891116240222,-12.906563009402149
RHOXF1,-9.764684568834777,-9.678865096050151,-9.931433270189318
ZBTB33,-11.42383205948962,-11.43939471319608,-11.422296156118792
TMEM255A,-12.931514942889148,-12.285636024206331,-12.428754972705173
LAMP2,-9.789850577953109,-9.69213900940567,-9.774059413245771
CUL4B,-9.789595873889754,-9.852353759703831,-9.865539428396731
MCTS1,-10.090409331038856,-10.135323890342308,-10.179420766265046
C1GALT1C1,-11.172382966534792,-11.026738831748492,-11.281773265023297
GRIA3,-10.643993494797993,-11.12538162584272,-10.753794752368952
THOC2,-8.713463058486184,-8.80417990883359,-8.921394605316708
XIAP,-9.712403697063992,-9.648003570898574,-9.836652558274029
STAG2-AS1,-13.017415217089116,-12.453203693485186,-12.41417480519843
STAG2,-8.78663662228472,-8.908432582985036,-9.062222921024778
TENM1,-10.676782895199652,-10.239435456899896,-10.299881883413667
ENSG00000225689,-8.238828773307546,-8.132572065549773,-8.76364813365086
SMARCA1,-7.8916665933845405,-7.952170545158739,-8.184064902145217
OCRL,-10.400891031609168,-10.47996799491013,-10.62215633783287
ZDHHC9,-11.467600275039258,-11.561429238953076,-11.599615649108614
UTP14A,-10.283896654592876,-10.417686068688324,-10.535608890666497
BCORL1,-11.288416574587403,-11.281552796065201,-11.529155260726242
AIFM1,-9.702057037465428,-9.769291664013304,-9.732166421765942
ZNF280C,-10.5407162673916,-10.564004737078616,-10.552911629792009
SLC25A14,-11.831329502968917,-11.739780528433894,-12.007607047269381
RBMX2,-10.302179885500749,-10.33539701736688,-10.68989942820737
ENOX2,-9.877575313024334,-9.643213320747213,-9.543097150531041
IGSF1,-10.561701427976423,-9.312558002254733,-8.331835624273504
FIRRE,-9.158859642505414,-9.58403611510217,-8.544611697542829
STK26,-9.167895784490947,-9.447158568634823,-8.720152911451969
RAP2C,-10.842527462788093,-10.851781623960353,-10.16565357638989
RAP2C-AS1,-10.038465163925395,-10.054495225895883,-9.430931279185973
MBNL3,-11.934637938392527,-12.25230467218589,-12.35152226830097
HS6ST2,-9.389634899353695,-9.868599329982011,-9.82835355377132
GPC4,-11.03618116711747,-11.169189189654197,-10.171779282580811
GPC3,-8.606752962661993,-7.831510898679602,-8.958679350988545
CCDC160,-10.471951786927123,-10.688372874860955,-9.84084481415594
PHF6,-9.058085024824116,-9.126640658601506,-9.035376257077665
HPRT1,-10.204624454053706,-10.45683843263233,-10.334895292966996
MIR503HG,-12.653573465444005,-12.600504815904173,-12.23848351076312
PLAC1,-12.359103190703303,-12.6647209385703,-11.929333162044092
PABIR2,-11.976461102465016,-12.045901983571804,-12.090220671381164
PABIR3,-11.59172334454818,-11.428504079056982,-11.45325478816464
MOSPD1,-10.960745336175583,-10.902544936320004,-10.967566441851336
SMIM10,-12.527399692912557,-12.269077583038962,-11.980080344407147
RTL8B,-10.878772630574955,-10.555703018739726,-10.772940361159723
RTL8C,-8.948856136090464,-9.007979293136776,-9.118981452291981
RTL8A,-9.801848925657772,-9.841119440844698,-9.820282497999019
SMIM10L2B,-13.046884580674057,-12.896617342420647,-12.87203846682165
ZNF75D,-10.51258060213452,-10.357869522872955,-10.45999564254949
ZNF449,-11.38257336572039,-11.326718192872283,-11.341596849082373
SMIM10L2A,-13.285048213809773,-13.169022634302799,-12.803548123916483
INTS6L,-9.124023654851708,-8.879929030538586,-9.244380301658113
MMGT1,-10.57574020121284,-10.530202071390232,-10.62116492381798
SLC9A6,-11.485056163899046,-11.385207720996824,-11.491085389589735
FHL1,-10.937800924055601,-11.064117376195668,-11.042792677067592
MAP7D3,-10.499927085590736,-10.62765277415583,-10.57691304714822
HTATSF1,-9.06496274276526,-9.105528900975841,-9.166601096206035
ARHGEF6,-12.963163913839374,-13.134337017081858,-12.824572578250036
ENSG00000232611,-10.520308305792668,-10.470317579451201,-10.728720476947728
RBMX,-8.61951610962805,-8.760026018291772,-8.712555309542811
ENSG00000291054,-11.623944556533864,-11.515280671611048,-11.441462086082689
FGF13,-9.38920224868984,-9.515697216983332,-9.681311438496627
FGF13-AS1,-12.732869249729157,-12.965528162880446,-12.96340651658947
MCF2,-12.951815988786501,-13.172080533481909,-12.99186261829929
ATP11C,-9.844215687827072,-9.988735718718896,-9.962594185580015
LINC00632,-11.828368799289962,-11.797064284366666,-11.317003352802914
LDOC1,-10.366221643624076,-10.648969199416658,-10.523566982035454
SPANXA2-OT1,-11.325307100473855,-11.723973418890793,-11.5897789396796
SLITRK4,-12.828995881971125,-12.16119792377101,-12.558592609126906
FMR1,-9.475011439353292,-9.771968542561149,-9.743966784962018
AFF2,-9.390872469884641,-9.690127384686194,-9.430122323104944
IDS,-10.240274699203589,-10.209576501356201,-10.34089219770563
EOLA1-DT,-11.218691975191692,-10.84202735642866,-11.407719792203093
EOLA1,-13.019527933351663,-12.958833626661114,-13.093954850865094
TMEM185A,-9.916337582447476,-9.92509165902947,-10.395629556744888
EOLA2,-12.404216465974317,-12.406044415772417,-12.46247283638081
EOLA2-DT,-10.443784132900095,-10.171166749692045,-10.608904614548763
MTM1,-11.369810876222356,-11.332243756941523,-11.131935004788449
MTMR1,-10.13690150375511,-10.152902842247974,-10.198633022579505
CD99L2,-10.84131978040599,-10.789789004513672,-10.269025819861179
HMGB3,-9.300579699202352,-9.390342924781537,-8.897606481958196
VMA21,-10.195476599972169,-10.302528772793334,-10.234803405731759
PRRG3,-11.900455187239018,-11.63421286994129,-11.883184721287376
CETN2,-10.161946696293283,-10.044539682877694,-10.177372455908328
NSDHL,-11.369461523677238,-11.386248958989226,-11.3697325603482
ZNF185,-11.65503299416811,-11.599048663486943,-12.063394343400168
ZNF275,-11.816190072627082,-11.89395541808326,-11.933110774155343
CCNQ,-11.39237331041341,-11.568700495241393,-11.507740625553451
PNCK,-12.557063739874415,-12.293120122363243,-12.024084502520314
SLC6A8,-11.656975464682827,-11.702378758931678,-11.8097504050251
BCAP31,-9.5006701696165,-9.507415323580476,-9.63686139651388
ABCD1,-12.531376857484963,-12.708211128917764,-12.847686749374068
IDH3G,-10.331695114780098,-10.483289693023647,-10.535892007665643
SSR4,-8.8453032648485,-8.933377593710008,-8.984240708559772
NAA10,-10.088749851739545,-10.235707537436214,-9.558138367941401
HCFC1,-10.350273173118344,-10.439008744330536,-10.500778305581195
TMEM187,-12.746891700686593,-12.813861614896311,-11.98947268053238
IRAK1,-11.81429228501339,-12.51388551314217,-11.833864778816755
MECP2,-9.770229991046236,-9.821539301625648,-9.922148858261732
FLNA,-10.026340866400028,-10.023546721806428,-10.294186053960491
EMD,-10.470934602475511,-10.588810408736059,-10.48191532486927
RPL10,-6.457267469645376,-6.573042695104104,-6.540204784305697
DNASE1L1,-11.828509314699463,-11.919670679100866,-11.99533140273479
TAFAZZIN,-11.341932553401339,-11.432481005866414,-11.538285826566067
ATP6AP1-DT,-12.098324050801507,-11.764243305288932,-11.976873958109028
ATP6AP1,-10.5090508593818,-10.506703765558145,-10.680943684353773
GDI1,-10.806215125964737,-10.874660777018203,-11.036918117975922
FAM50A,-9.835586158809008,-9.881320634579,-9.93718246957033
PLXNA3,-12.10815798127934,-12.149040789332878,-12.513895685538293
LAGE3,-10.05384225619478,-10.038915075616258,-9.879905500072692
UBL4A,-11.29704601971329,-11.310137160421412,-11.322108732478865
SLC10A3,-12.012215722113737,-12.062789522266804,-12.14502036397646
FAM3A,-10.596987963010996,-10.767888973125787,-10.714208017647953
G6PD,-12.111781704604756,-12.153554716531717,-12.133855580696723
IKBKG,-12.315695577903842,-12.376169733109146,-12.435381630374637
GAB3,-12.878372548159081,-12.917651632651358,-13.036509810885308
DKC1,-10.04197138671015,-10.227899756869022,-10.212735401222776
MPP1,-11.286740209958952,-11.469744901117238,-11.315434442905428
F8,-12.025946966377969,-11.889214604183557,-11.742565921959525
FUNDC2,-9.771531885613111,-9.78756261703752,-9.731021986986638
CMC4,-10.769524029362513,-10.917991653397216,-10.695937066958546
MTCP1,-12.469608373397646,-12.293911139697718,-12.157168319598139
BRCC3,-9.849527194282349,-10.003144947249789,-9.97663015500436
VBP1,-9.478175846357212,-9.592046761477315,-9.607119398351134
RAB39B,-12.667600505981476,-12.60879867049881,-12.513369667954553
TMLHE-AS1,-12.33675811965282,-12.649670328166152,-12.634208308589573
TMLHE,-9.331150887308592,-9.236942682065777,-9.263725299215
SPRY3,-10.412551329371839,-10.434330198538197,-10.678710905248408
VAMP7,-10.765686828194996,-10.83129626221765,-10.897853418190094
MT-ND1,-7.556749121448246,-7.421831141512861,-7.3389209582146036
MT-ND2,-6.913736200264036,-6.399438090550618,-6.7959077847717895
MT-CO1,-5.414026938141484,-5.5189840136223145,-5.271284112709609
MT-CO2,-5.863771075940134,-5.7772911551533195,-5.803984982835332
MT-ATP8,-9.099565330557727,-8.807360441909688,-9.043239276230544
MT-ATP6,-6.626223287653705,-6.426594018931107,-6.558775453841606
MT-CO3,-5.558760707155843,-5.34122364322329,-5.381137367844517
MT-ND3,-7.026666581392274,-6.533350613217276,-6.674046233485831
MT-ND4L,-6.896225355789245,-6.673418207548644,-6.823783538931784
MT-ND4,-6.176333536782218,-5.875682033339129,-6.125900781720183
MT-ND5,-7.025634858362018,-6.765993740197599,-7.02309779982272
MT-ND6,-10.707964629749261,-10.809863540310179,-10.731602989594862
MT-CYB,-6.450538914578678,-6.2106467937474115,-6.473169364128969
ENSG00000276256,-11.76229188806141,-11.423908066555859,-12.070179878966162
ENSG00000271254,-11.290651102525766,-11.439577474478005,-11.675298459904685
ENSG00000278817,-11.02750691174316,-11.234740684979291,-11.174823256547215
