gene,NA19099_Cardiomyocytes,NA18522_Cardiomyocytes,NA19093_Cardiomyocytes
ENSG00000291215,-12.774037509324346,-12.193517886299004,-12.64001838655225
LINC01409,-11.926024251296859,-12.026172016763777,-12.120413033841231
ENSG00000290784,-13.051605159287147,-12.853529350373355,-12.977395183670744
LINC00115,-12.435234233964282,-12.519072540362735,-12.462491048263653
LINC01128,-10.482720060940284,-10.617104467574384,-10.650300982178662
SAMD11,-11.994962970531194,-12.115138321984311,-11.844868072956766
NOC2L,-10.28866046336967,-10.48239042181744,-10.408005265888644
HES4,-10.675382279543303,-10.640479110801966,-11.524117609050089
ISG15,-11.105787295809392,-11.20338507948136,-11.16726942131581
AGRN,-11.576329946014722,-11.622288079240047,-12.246720790846586
C1orf159,-10.957395803718121,-10.926607875416487,-11.201223537841527
SDF4,-9.99286422909801,-10.158880682428272,-10.117631314489365
B3GALT6,-11.084747354808192,-11.14286582091665,-11.370009548199072
UBE2J2,-10.348071200789192,-10.449250145751478,-10.370289182295274
ACAP3,-12.049182932494803,-11.987396120984757,-12.226166128512359
PUSL1,-12.110827345859926,-12.024949066053164,-12.361574721079796
INTS11,-10.909808120839232,-11.185351655780499,-11.10599143457511
CPTP,-12.164074553830174,-12.3429225263131,-12.136892609737382
DVL1,-12.317556969674415,-12.652278683992085,-12.458656973568857
MXRA8,-11.486317593551462,-11.069274317582,-11.706848910908581
AURKAIP1,-9.337867850428196,-9.422422986718326,-9.350453960526599
CCNL2,-9.238940643426687,-9.180691278938596,-9.47245561698438
MRPL20-AS1,-11.969396544067507,-11.592456413155999,-12.05934073143901
MRPL20,-9.003718016890577,-9.10170343261243,-9.086106395860577
VWA1,-12.071827800179964,-12.457016924765025,-12.825901108020513
ATAD3B,-11.959836067876628,-12.067504397009602,-11.995754799497362
ATAD3A,-11.324649538306312,-11.397344743856461,-11.462174770148522
TMEM240,-12.4905034260874,-12.69063567156003,-12.682863436551413
SSU72,-9.550941807584127,-9.485217173137045,-9.538068799399477
FNDC10,-11.949055055569328,-11.79079991431586,-12.600740009970128
ENSG00000272106,-11.477299224512185,-11.557620684978248,-11.493558166437808
MIB2,-11.145467588042143,-11.278167393900585,-11.360475034356972
MMP23B,-11.817875127178,-12.125444336175745,-13.172992232794641
CDK11B,-10.426429143513968,-10.564774301604013,-10.4262281371031
SLC35E2B,-10.533775257333492,-10.476357282093483,-10.617626939608526
CDK11A,-10.758526903544098,-10.754345105320546,-10.87186766203382
ENSG00000290854,-11.56778837260361,-11.445106800898687,-11.7552515268592
NADK,-11.3439121450454,-11.302536766443108,-11.36936554004415
GNB1,-8.700677604731089,-8.79925068627047,-8.90295628625985
PRKCZ,-10.996695507594168,-11.11648715169213,-11.089329696697423
FAAP20,-9.815358850403879,-10.007923990236755,-9.921744397199388
SKI,-10.644605323188232,-10.51681562098564,-10.71078749870548
MORN1,-11.56016494388469,-11.725545020519057,-11.756350256925968
RER1,-10.280931718911159,-10.262702352261039,-10.33914699995074
PEX10,-11.501756694311746,-11.553389766734194,-11.609803665349572
PANK4,-12.202965450505369,-12.270286309479378,-12.139370806869424
PRXL2B,-12.176243740304265,-12.202983523615778,-12.043094032153727
PRDM16-DT,-11.47361124270474,-12.015129265089936,-11.662700904237681
PRDM16,-9.309398878939211,-9.606784397224764,-9.387940945281374
MEGF6,-12.337762864976064,-12.341134489320618,-12.637494792965208
TPRG1L,-11.050156371755751,-11.153038517153576,-11.166542136602464
WRAP73,-11.613854212432532,-11.637112972712615,-11.723689405130049
SMIM1,-11.617838268128947,-11.78046132840737,-11.634002587983282
LRRC47,-10.360784826673992,-10.476067213759189,-10.464874928265967
CEP104,-10.490117102021314,-10.531610338981462,-10.53231582654603
DFFB,-12.08313107943957,-12.080454581179934,-12.213140056255225
C1orf174,-11.296304533963632,-11.245139195183393,-11.421322064828999
NPHP4,-11.302647481862687,-11.322626927228523,-11.057505149490911
KCNAB2,-12.338963557544266,-12.676360978879545,-12.09802466231106
RPL22,-7.151829286224525,-7.314438125791113,-7.264847851832241
RNF207,-9.90471137965305,-9.584777803804402,-9.799401616581616
ICMT,-10.423273884366484,-10.476422363304852,-10.727906359691676
GPR153,-12.556110260663248,-12.115283415655922,-12.21871690159911
ACOT7,-11.46772893359043,-11.789285386240381,-11.670619548171922
PLEKHG5,-12.264558781711214,-11.93357644820536,-12.18429964377246
NOL9,-10.189833666353406,-10.290427505624642,-10.32951117827955
ZBTB48,-11.964739355376437,-12.056087778285733,-12.28326620912881
KLHL21,-10.456100202135465,-10.438129968349957,-10.827750208120854
PHF13,-10.244633973845826,-10.190402029036635,-10.583784500644917
THAP3,-11.436917916025337,-11.679566414823382,-11.355018765245653
DNAJC11,-10.000886922398244,-10.058639472743522,-10.095638485025862
CAMTA1-DT,-13.125400728311574,-12.832972846088136,-13.094989022165931
CAMTA1,-8.284182662351363,-8.157617879509532,-8.147101277600603
VAMP3,-9.973419927358522,-9.894701406040134,-10.06661765789798
PER3,-11.385096082726607,-11.088037194056918,-11.080354442126454
PARK7,-8.499500545251454,-8.62130045516118,-8.518543334650825
ERRFI1,-11.055847205798477,-11.01381389324699,-11.086136993504697
RERE,-7.453162233898167,-7.472416780287358,-7.650272594096882
ENO1,-7.1445017281165,-7.542298396376213,-6.78464470434433
GPR157,-11.757813655475369,-11.645086145203075,-11.853926370737465
MIR34AHG,-12.295070072504673,-12.45234051572072,-12.67351114517064
H6PD,-10.90006083969271,-10.980717176339732,-11.2538907524161
SLC25A33,-10.710014922455537,-10.62072943271959,-10.810159247434472
TMEM201,-12.34578672167681,-12.559017131256569,-12.26659309088332
PIK3CD,-12.963344327600987,-12.916771215502166,-12.997628108705634
PIK3CD-AS2,-12.187731784327339,-12.674821131029686,-12.027495837212427
CLSTN1,-10.056830563264434,-9.898092815074682,-10.31238984576448
CTNNBIP1,-10.002964825851503,-9.942369752843007,-10.123792850759866
LZIC,-9.500918012729851,-9.498140382774858,-9.463865129521716
NMNAT1,-10.939711279723687,-10.907109655197917,-10.89844049281388
RBP7,-13.046969794158315,-13.005069741970528,-13.020544065576543
UBE4B,-9.086041290584962,-9.07850125221537,-9.447010653548768
KIF1B,-8.508304149841724,-8.505887255270949,-8.765742447319083
PGD,-9.555676141588824,-9.731286110304909,-9.81818141218399
CENPS,-11.189921088903706,-11.393808074447062,-11.193371865609263
DFFA,-9.750136382427137,-9.925008808715704,-9.853070676859248
PEX14,-9.870725339321933,-9.891770413124982,-10.078739973740603
CASZ1,-8.98175810394006,-9.073120014667023,-9.213427988810233
TARDBP,-9.453174697464261,-9.424974198628998,-9.496929543427461
SRM,-10.015741577115154,-10.193622835105863,-10.099621549185677
EXOSC10,-9.74635903556725,-9.790940811862983,-9.86508515704258
MTOR,-9.849412404631693,-9.887416024591314,-9.916055199448516
UBIAD1,-11.204611828334606,-11.140792774588112,-11.241443293733608
FBXO2,-12.267377583011545,-12.225914938989357,-11.963937849414894
FBXO44,-11.867047538767816,-11.752911309516753,-11.508155529065924
MAD2L2,-10.837141269556152,-11.074295065421238,-10.59382791898419
AGTRAP,-11.069038412808803,-11.064728352553256,-10.676433793770283
MTHFR,-10.496952723529661,-10.425146453888507,-10.722844370030401
CLCN6,-10.645351851185097,-10.731583344935975,-10.845002655936332
NPPA,-8.744960833224988,-8.48536740841978,-8.06535689179724
NPPB,-9.984076456549667,-9.754378251719249,-10.127106760432806
KIAA2013,-10.874855481771078,-10.926000576670313,-11.087118293411852
PLOD1,-10.644525099368062,-10.73312311339615,-10.50739940798036
MFN2,-10.222875886581992,-10.26134911318401,-10.397791070046798
MIIP,-12.69797073558507,-12.459582745505013,-12.504998548944512
VPS13D,-9.153064831412099,-9.393578515066123,-9.361807420444217
DHRS3,-10.602001686982865,-11.241609119368679,-11.290854278972244
PDPN,-12.556485848676688,-12.413734930639746,-11.45424294914906
PRDM2,-9.595621601117422,-9.584079514281063,-9.678068885620783
KAZN,-8.267366892789141,-8.235044905329218,-8.507152941590089
TMEM51-AS1,-11.55516779177163,-11.672749933859416,-11.012004574680173
TMEM51,-10.022307087534477,-10.383420099954737,-10.267449719144913
FHAD1,-11.684408939183744,-11.943600402433344,-11.457768016240038
EFHD2,-11.548913045073292,-11.653832990620206,-11.166416673914409
CASP9,-11.125471308811017,-11.288596846525891,-10.993187219090048
DNAJC16,-10.091904802002983,-10.090099472753165,-10.238598570462674
DDI2,-10.258389543229503,-10.230072805643807,-10.183045901536854
PLEKHM2,-9.897278326320237,-9.84528728732452,-10.077982436081149
FBLIM1,-9.990330444097477,-10.078306403855452,-10.164491293777749
UQCRHL,-12.144488369807728,-11.964745312528983,-11.882419761967197
SPEN-AS1,-11.000558107118792,-10.981066509767539,-11.006400316531519
SPEN,-9.142792593268467,-9.174684929304167,-9.278300116575965
ZBTB17,-11.653621860117665,-11.582463354010558,-11.866282398243161
HSPB7,-8.627390550970022,-8.863128458403743,-8.599266535041876
CLCNKB,-12.736698542779644,-13.207232597791442,-12.96197529963491
EPHA2,-12.253778832440402,-12.075688769347313,-12.544467334879315
FBXO42,-9.757484140308241,-10.033238740906633,-9.988097002122739
SZRD1,-10.067803282015477,-10.225509235882342,-10.234019589918793
NECAP2,-11.298620613921267,-11.227711555567447,-11.210155589979712
CROCCP3,-10.437954958985165,-10.44677740454398,-10.628939024952484
NBPF1,-10.294352038682586,-10.120240810775936,-10.294426445798708
CROCCP2,-10.794088219554283,-10.68161207933103,-11.09150435033423
CROCC,-11.192191075749196,-11.639323833908549,-10.825734491274046
ENSG00000238142,-12.207415775848744,-13.011187067313463,-11.728542926074534
MFAP2,-10.333579239646342,-10.37033117432716,-10.801836734419142
ATP13A2,-11.770620770572533,-12.002422725099455,-11.9567571815111
SDHB,-9.755312560577453,-9.842277944121198,-9.77772141551018
RCC2,-9.988429144005126,-10.132989145219515,-10.147333660304191
ARHGEF10L,-11.010072094715248,-10.995945088192443,-11.074697896040181
ALDH4A1,-11.213337523054768,-11.033898079485539,-11.021965005775186
IFFO2,-12.690762753135624,-12.88120309700715,-12.408286866076566
UBR4,-8.80625554897067,-8.898943266900908,-9.022433757189667
EMC1-AS1,-11.219179530610775,-11.293419656845419,-11.0795858082989
EMC1,-10.843507104140953,-11.196559525065997,-11.24493163182684
MRTO4,-10.286283695934147,-10.550481493462508,-10.36691319384637
AKR7A2,-10.037297697264215,-10.229803332124998,-10.138709538796208
SLC66A1,-12.05113572320672,-12.003879023223005,-12.076015297597952
CAPZB,-8.576958560312944,-8.625807348308445,-8.691149222458938
MICOS10,-8.56834818498132,-8.746478917970059,-8.588925295631682
OTUD3,-11.108055358558675,-11.198602838981083,-11.060106458355934
CAMK2N1,-12.672397596395703,-12.440150316986742,-12.45574183425739
MUL1,-11.305320171775229,-11.478270981489088,-11.270268977286872
PINK1,-10.415836072748524,-10.597161974697974,-10.530628431899622
PINK1-AS,-12.582679454238654,-12.76563761245605,-13.076942415506895
DDOST,-9.327121056035127,-9.41689981492374,-9.59141152902662
HP1BP3,-8.73545141667175,-8.85712327340576,-8.876106914578473
EIF4G3,-7.8922317819374115,-7.923425824814963,-8.041774281294556
ECE1,-9.990025399060059,-10.171669679568987,-10.424287607305075
NBPF3,-11.315875032401738,-11.902360818868523,-12.003703697022246
USP48,-9.198707867173734,-9.225592094566176,-9.26457064693874
HSPG2,-9.949228798768935,-10.082186861433714,-10.140078975840618
LINC00339,-11.611192088108416,-11.81948135162843,-11.68051648343258
CDC42,-8.346309861981023,-8.37405172458492,-8.386193705659561
ZBTB40,-10.53522441526457,-10.54166267253287,-10.602333493472814
EPHB2,-10.077806266012193,-9.859051945033816,-10.162893263655505
KDM1A,-8.660944272538291,-8.74807249632672,-8.684672344067485
ENSG00000240553,-12.362126858292362,-12.510396391153,-12.35193467636551
LUZP1,-9.350312088600601,-9.299642044082402,-9.382735798288058
LINC01355,-11.639483614281007,-11.585776357673709,-11.86069451841893
HNRNPR,-7.960809389087875,-8.144587406067178,-8.173057915610784
ZNF436,-10.8021654278656,-11.215163404250807,-11.235651834379476
ZNF436-AS1,-12.056242812222699,-11.658178847852128,-11.177753623462438
TCEA3,-9.082319305784447,-8.929490828683718,-8.843022675392838
ASAP3,-10.693203353926263,-10.68500117375775,-10.80000520746134
ID3,-8.63297390179223,-8.564014946300503,-8.731975732736078
RPL11,-6.512909597097152,-6.6645484174059755,-6.569349706823106
ELOA-AS1,-11.058992524170622,-10.843358129854158,-10.982756681618568
ELOA,-9.936884441154426,-10.127440701706211,-10.148343847539945
PITHD1,-10.364007590140323,-10.44888554684909,-10.332912276834866
LYPLA2,-10.581072734453999,-10.785514876216128,-10.6075706387765
GALE,-11.411270523140708,-11.431762617936236,-11.354282318211412
HMGCL,-10.97124576161789,-11.192809662189418,-11.017960224479577
FUCA1,-11.678595550288486,-11.657982242858187,-11.528798246345685
PNRC2,-9.40009409506072,-9.471027243229171,-9.488028946584127
SRSF10,-8.672039632640882,-8.723963022984496,-8.728700109938146
IFNLR1,-11.523968952516785,-11.852337869692594,-11.78476169525584
STPG1,-11.690678863324532,-11.762213859927206,-11.679791174567164
NIPAL3,-10.971696356789906,-10.853227908238702,-10.888788187344947
RCAN3,-10.885111964853765,-10.737212838349397,-11.006929917074515
SRRM1,-8.373534282660705,-8.418019390497788,-8.374774094422147
CLIC4,-8.392212456182587,-8.570873091803318,-8.330501987859158
SYF2,-9.660332971992215,-9.781515298897734,-9.696963249481884
RSRP1,-8.802597700156342,-8.760265170012062,-8.748046107665909
TMEM50A,-8.737633777647517,-8.629015474016365,-8.69519189294731
MACO1,-9.780766785407787,-9.848988105678275,-9.869674043758264
LDLRAP1,-12.112342643425169,-12.380105373345542,-11.976906629358016
MAN1C1,-9.820310514002168,-9.906602996828253,-9.74536091042341
SELENON,-10.870100475487646,-11.005244499490281,-10.9661542941992
MTFR1L,-10.28888296464363,-10.281427722283121,-10.091259768557492
AUNIP,-12.434714303128281,-12.999558500522088,-12.96698406474841
PAQR7,-11.932119054044898,-11.979645273457216,-11.979954747155695
STMN1,-7.633294521778405,-7.790309041468194,-8.000010243949284
PAFAH2,-11.88780631702039,-11.846672121475486,-12.121430560642091
TRIM63,-10.65008664520622,-10.558159639427126,-10.70808118833343
PDIK1L,-11.26771062754324,-11.21982376006908,-11.173478761149813
FAM110D,-12.482218291314464,-12.215406082319692,-12.622125609086797
ZNF593,-10.695058153693372,-10.923412150623193,-10.749363410366842
CEP85,-10.910412501121703,-10.886770163482506,-11.024878468117025
SH3BGRL3,-10.398826608257766,-10.320677063413841,-10.315477936715489
UBXN11,-12.255770319432532,-12.255592108231147,-12.384832043344531
LIN28A,-11.291676883643307,-10.903767817230046,-11.450452981423757
DHDDS,-10.85294482380981,-10.893726097036811,-10.978604824408043
HMGN2,-7.801281697261996,-8.090467811644457,-8.043026998168145
RPS6KA1,-12.072223437418234,-12.249407525734659,-12.0784709730076
ARID1A,-8.831771418858432,-8.877937726798184,-8.989463883960171
PIGV,-12.591631281457328,-12.412554461266591,-12.088932555204858
ZDHHC18,-12.189378678978033,-11.906315772132109,-12.2022270276909
GPN2,-11.224522067565216,-11.401689196273974,-11.283516015939256
GPATCH3,-12.296184492885478,-12.441661411310895,-12.257322083027047
NUDC,-9.050811358771236,-9.189873169884644,-9.208108737295184
TRNP1,-10.856788192764114,-10.882632940554604,-10.85436623106657
SLC9A1,-12.02363656659257,-11.932046121424062,-12.24715326525803
WDTC1,-10.853759478459606,-10.818511506026477,-11.02674134630255
TMEM222,-11.183974133670963,-11.24974369990642,-11.249270271034447
SYTL1,-11.579227882137685,-11.507279660404604,-11.397635754333011
WASF2,-9.198654571938123,-9.294326668551863,-9.18994567759119
ENSG00000237429,-12.89499260137277,-13.099343646425826,-12.771429955536096
AHDC1,-10.210244710504416,-10.317796213819868,-10.36317751885377
IFI6,-12.194998552756342,-12.455430143575462,-12.231649191595588
FAM76A,-11.29347378831456,-11.039030734028936,-11.253714493550003
STX12,-10.183923113084703,-10.261708474248968,-10.17489516794009
PPP1R8,-10.839559504457153,-10.820349801149924,-10.739082577587325
RPA2,-10.140178669173384,-10.379721220032785,-10.400575269996446
SMPDL3B,-12.50988923916965,-12.687145663404227,-12.280760734127238
XKR8,-12.065956442572986,-11.877699962751228,-12.007587775285934
EYA3,-9.786204475347724,-9.76789015917186,-9.893882313828207
DNAJC8,-8.991283870673385,-9.009830063523154,-8.927091238242758
ATP5IF1,-8.51058898492329,-8.621340359316605,-8.498896103787711
SESN2,-11.312658386895711,-11.327395847426821,-11.351551429137713
MED18,-11.703422195874538,-11.774792574060182,-11.82903642217776
PHACTR4,-9.0742243442739,-9.086095775528474,-9.311066767582773
RCC1,-10.922273132313427,-11.106003877174098,-11.326319065192267
SNHG3,-10.716363113632788,-10.724724323897238,-10.836893374414995
TRNAU1AP,-10.345572776136882,-10.562777399994161,-10.53094995004241
SNHG12,-11.901217005350365,-11.881055722389458,-12.173827232854725
TAF12,-10.305577151265354,-10.284371611439079,-10.344646449352991
GMEB1,-10.926231427445686,-10.836892822387824,-10.939420102899943
YTHDF2,-9.352308699392161,-9.056952554324377,-9.405428556583635
EPB41,-9.401162865230894,-9.372940379305586,-9.43214017552243
TMEM200B,-12.363397714004666,-12.152362134882942,-12.410855957377931
SRSF4,-8.757620719548308,-8.71404090800063,-8.831754385599202
MECR,-10.935447106682847,-10.926362535215592,-11.002552384996674
PTPRU,-12.103280356042227,-12.109894617564036,-11.89619315556597
SDC3,-10.542583408032971,-10.75946092611528,-10.836436154202087
PUM1,-8.34431453371042,-8.446058891629399,-8.514068524483669
SNRNP40,-9.963361148708309,-10.055409278931618,-10.117862340255606
ZCCHC17,-9.728945529409609,-9.788930963245802,-9.740811137259302
FABP3,-9.350483897421416,-9.18273554431824,-9.226539257897631
PEF1,-10.318267844156122,-10.510052566824593,-10.389248533411733
COL16A1,-11.371626336003578,-11.323654905274712,-11.797964940937264
ADGRB2,-11.17690372734353,-11.12389852247192,-11.053302403933339
PTP4A2,-8.851424983599433,-8.823793083597668,-8.907847808681622
KHDRBS1,-8.063539320562475,-8.181375297632545,-8.168652689293474
TMEM39B,-11.222137557640316,-11.527783171849368,-11.569959655560123
KPNA6,-9.585961163423736,-9.66813808402289,-9.723807286267778
TXLNA,-10.432460053962203,-10.501213993703477,-10.585559340555827
CCDC28B,-10.67108083118021,-10.759936050729072,-10.46706064327765
TMEM234,-11.90952513857606,-11.849556685468206,-12.027642256511205
EIF3I,-9.079298941016003,-9.21972345804827,-9.083852992102601
ENSG00000291132,-12.874602419001697,-12.796959216234837,-12.906678750205284
HDAC1,-9.699194766879428,-9.882253521187895,-10.046911226458164
MARCKSL1,-8.221083917504531,-8.405206440609218,-8.403601077409737
TSSK3,-12.675570569434925,-12.584523695724778,-12.624361921156941
FAM229A,-12.895855329555957,-12.62421115013845,-13.12921265090724
BSDC1,-10.323592156490179,-10.323679733854885,-10.526986782753704
ZBTB8B,-12.193587247259337,-12.452818751867929,-12.38863489478086
ZBTB8A,-10.782210634293644,-10.714737806126802,-10.758369843206902
ZBTB8OS,-9.756759803298205,-9.873924612744876,-10.042418520584707
RBBP4,-8.535002742613306,-8.627857705198139,-8.661877329023278
SYNC,-11.427863279807042,-11.714262663920925,-11.759026175827495
KIAA1522,-12.466262517413437,-12.527728627242873,-11.985988774954615
YARS1,-9.859622459709234,-9.980611052101379,-9.705916225901817
S100PBP,-10.114746590668776,-10.001521533237904,-10.07741235163696
FNDC5,-11.63393952479958,-11.977929072988863,-11.4657302654438
RNF19B,-11.490962639397498,-11.625473789072986,-11.435576934421894
ENSG00000236065,-12.851352819126998,-13.029239078082094,-13.031356318145736
AK2,-9.804050831890645,-9.847792232938234,-9.707122956472844
AZIN2,-12.412150516643498,-12.433389686484729,-11.890777586545894
TRIM62,-13.047708660986546,-12.855110002601549,-12.57126860714378
ZNF362,-10.506421461123484,-10.623717900673887,-10.834100613415872
PHC2,-10.204936202784364,-10.345575456509737,-10.28141190051689
ZSCAN20,-12.591981647262767,-12.605415196273288,-12.724774802754784
SMIM12,-10.780824436354736,-10.862101469437176,-10.777088133201122
TMEM35B,-10.951033905805383,-11.168059480950578,-11.227512127641344
ZMYM6,-10.356642593033449,-10.383478165380632,-10.198761749639479
ZMYM1,-10.307200234425725,-10.233793322812899,-10.283191983747857
ENSG00000284640,-12.735549275590767,-13.369241029292132,-13.059906828530814
SFPQ,-7.810262243543204,-7.918536386693665,-7.913908454570529
ZMYM4,-8.498614731612529,-8.441977379381203,-8.586082952643203
ZMYM4-AS1,-12.901249835053079,-12.679119866760004,-12.710214156175134
KIAA0319L,-9.311909075152279,-9.386591035973142,-9.4270873264772
NCDN,-11.837696620084177,-12.297328231757467,-12.240380740142808
PSMB2,-9.242471841952092,-9.428324030131519,-9.33554946678878
CLSPN,-10.608720106506295,-11.015906933446997,-11.185783056698574
AGO4,-9.67176909167144,-9.617765407001388,-9.775524717486627
AGO1,-10.454082065765093,-10.455608338824604,-10.495697904280759
AGO3,-9.058737678818783,-9.00662877236613,-9.17119281612442
ENSG00000271554,-12.944733435803412,-12.94643928335095,-12.964822458780317
ADPRS,-10.769444962287158,-11.008703541574208,-10.945622215306798
TRAPPC3,-10.367982371584537,-10.319409367560372,-10.341284772675735
MAP7D1,-10.630041675939307,-10.681579426732002,-10.69378391033805
THRAP3,-8.513003377587399,-8.652528510026452,-8.645678123250903
SH3D21,-11.454172658700791,-11.53509737098374,-11.214758809465494
EVA1B,-11.793791587586245,-11.95714523507067,-12.165477375138165
STK40,-10.925253436019132,-10.981650499821036,-11.121082751583092
LSM10,-10.714898696619155,-10.819933160840653,-10.730219324413268
OSCP1,-11.84406086601784,-12.120662676096645,-11.784262744010906
MRPS15,-9.847838676806234,-10.054234404284738,-9.911847850892988
MEAF6,-9.553068012202019,-9.603178008209841,-9.622318390811149
SNIP1,-10.855980175313023,-10.891850411913639,-11.003517351835347
DNALI1,-11.035333942836402,-11.054344141913282,-10.953192656956746
GNL2,-9.865987166058256,-9.952872615405155,-10.031512502899878
C1orf109,-10.975130635083081,-11.183764717835137,-11.081415162553181
CDCA8,-10.996473787779824,-11.965648339131457,-11.39538315999867
YRDC,-11.223842143113067,-11.11196752721641,-11.421683736480432
C1orf122,-9.905264645633714,-9.909564048993708,-10.01176114474282
MTF1,-11.547469859653345,-11.442626955235536,-11.599637649582016
INPP5B,-11.359800576722424,-11.179202306718619,-11.25362800193753
SF3A3,-9.708175143099563,-9.831522038772265,-9.781733189493455
FHL3,-11.150494099920566,-11.1219191852287,-11.48918786213569
UTP11,-9.902570930697921,-9.927948967919582,-9.9041216560237
RRAGC,-10.845639644419112,-10.92794054952141,-10.865873961960858
RRAGC-DT,-11.080434807885958,-10.73945087364482,-11.085078665161369
MYCBP,-10.521359524644932,-10.605098474909926,-10.583021191150191
AKIRIN1,-8.635209753473184,-8.769187687775814,-8.80006507587884
NDUFS5,-7.955635831341177,-8.09874757884064,-8.191836572110972
MACF1,-7.340506870363806,-7.268593604661076,-7.4825007001598705
PPIEL,-11.977771348905318,-12.476957021591456,-12.97395779092204
PABPC4,-9.383841772071484,-9.705455334563226,-9.936467533464892
PPIE,-10.64698570951643,-10.766190386660154,-10.756013177105515
TRIT1,-9.950900861013366,-10.190545911576717,-10.16782556406949
CAP1,-9.36757794603526,-9.562208017734436,-9.503948165362937
PPT1,-10.678984913398958,-10.606383777178293,-10.876393880024148
RLF,-9.110399050173209,-9.1808872567971,-9.144415924084607
ZMPSTE24-DT,-11.507316012627204,-12.072391641705345,-11.891500528200572
ZMPSTE24,-10.535057892014445,-10.44100996884032,-10.731413169230086
SMAP2,-10.811794585878724,-10.886643743770003,-10.75137151480287
ZFP69B,-12.550968162626107,-12.641976966906599,-12.784900608296278
ZFP69,-12.933058161369736,-12.709220995888536,-13.007838398946909
EXO5-DT,-11.722587215234574,-11.78035907645551,-11.655224503516274
EXO5,-12.70850349461621,-12.788389686587617,-12.861613080695262
ZNF684,-11.718535752966758,-11.505201876024895,-11.811640117305002
RIMS3,-12.26277750866211,-11.933175927898484,-12.24742734328346
NFYC-AS1,-12.350935790091702,-12.52596365526483,-12.793246694484548
NFYC,-9.382096587321122,-9.524469559657788,-9.530054312133103
CITED4,-10.276283513773176,-10.195881730071639,-9.898707649141143
CTPS1,-10.575082763269542,-10.752270487813421,-10.84424137331836
SLFNL1-AS1,-12.462822836525373,-12.516812387046953,-12.43843152174659
SCMH1,-7.6326055829120705,-7.617794214740093,-7.943709567940628
FOXO6,-12.789788844230335,-13.049321081334728,-12.935465739343089
HIVEP3,-11.454829095313933,-11.370275487726524,-10.886000494551178
FOXJ3,-8.909242195643458,-8.858759726070852,-9.011226826218044
RIMKLA,-11.02175512941727,-11.34905134030351,-11.15032353866719
PPCS,-10.002084050671082,-9.993650298691309,-9.832900812925757
CCDC30,-10.822798356587256,-10.591108728033673,-10.789172951202474
PPIH,-10.299544527270866,-10.406307140023575,-10.401912448563895
YBX1,-6.800339325661785,-6.993038667922307,-6.947633184864739
P3H1,-11.09176155661928,-11.337354644116514,-11.15215672915141
C1orf50,-10.667171238191479,-10.712466999297476,-10.641852190279048
SVBP,-9.727178103190365,-9.807409146476889,-9.640650962103729
ERMAP,-11.072992363218683,-11.312093430566446,-11.454615342693387
ZNF691-DT,-13.278655798235407,-13.063019679437266,-12.854302998082732
ZNF691,-11.849020295150863,-12.122164345292223,-12.117153464826114
SLC2A1,-10.086559991992624,-10.360788753122678,-9.8922144814824
SLC2A1-DT,-12.8246536414725,-11.882087315004096,-12.33760210636373
CFAP144,-12.730426555276457,-12.510122093277984,-12.447338544892707
EBNA1BP2,-10.170973505023133,-10.242413912720293,-10.208267184418348
CDC20,-10.924680743824426,-11.903292680364697,-11.356298257062974
ELOVL1,-11.975774510033817,-11.925230342666355,-11.726985423492541
MED8,-10.845583023786661,-10.938114323535933,-11.05747744735685
SZT2,-10.896055742708128,-10.86952109609827,-11.090846749599125
HYI,-11.67014298370383,-11.196655002976911,-11.651687852712989
PTPRF,-10.235768471324494,-10.138428371992287,-10.22974425172646
KDM4A,-10.136781285887649,-10.24059356487968,-10.130501506479668
KDM4A-AS1,-12.200906372266042,-12.243972878342444,-12.35447451780179
ST3GAL3,-9.111688133685746,-9.044941586432474,-9.29121237178242
IPO13,-12.229131750581296,-12.431833300562541,-12.579609349551255
DPH2,-12.357015902554274,-12.567801139839364,-12.383685828946026
ATP6V0B,-8.99362633020147,-8.88055808999257,-9.16344019678254
B4GALT2,-10.906917188792427,-11.085394044434919,-11.151105132619325
CCDC24,-11.870440538601661,-11.874653717422724,-11.906516059143726
SLC6A9,-12.734149771681187,-12.716652941835902,-12.734257769889057
ENSG00000230615,-12.706840021912738,-13.086932128481518,-12.581965753183729
DMAP1,-10.858916368623284,-10.973075730313804,-10.96373593201803
ERI3,-9.571778391987799,-9.588726538042954,-9.670823146028066
RNF220,-10.806135734397607,-10.360877489611859,-11.11011094988556
TMEM53,-11.944977743638308,-11.786344425305478,-11.91844543954079
ARMH1,-11.337876618603683,-11.61306394458797,-11.281790669546405
KIF2C,-10.92441897366231,-11.543390238675352,-11.355660879992135
RPS8,-5.763652168378862,-5.869833345288566,-5.693125794237138
PTCH2,-12.41247963054444,-12.368667965082768,-12.427028029693481
EIF2B3,-9.692993416295689,-9.76601388363546,-9.64689078324874
HECTD3,-12.324384018445611,-12.617933677170846,-12.523849172329745
UROD,-9.889182067804786,-10.148401178842748,-10.122387255635468
ZSWIM5,-9.657026299264745,-9.902076164759356,-9.9981300613881
MUTYH,-12.039957046742563,-11.9125095599697,-11.965858564413443
TOE1,-12.035535041986684,-12.180165018309014,-12.15404624213473
TESK2,-10.946519480316674,-10.997917982617379,-11.332547995255297
MMACHC,-12.214473323704944,-12.199201451049193,-12.514974984321919
PRDX1,-7.48163281436522,-7.302101437478528,-7.34725809286703
AKR1A1,-10.062285174450293,-10.030825057920332,-10.05674308463493
NASP,-7.987295880489653,-8.269421691229914,-8.260163990322233
GPBP1L1,-9.164822350358522,-9.169748204559328,-9.317151895682233
TMEM69,-10.326317285901528,-10.419301584530878,-10.514678166487508
IPP,-10.84057487436526,-10.763655532324272,-10.882460635438935
MAST2,-9.388262509464822,-9.464605988893645,-9.366988512469344
PIK3R3,-10.44145178029811,-10.494868995725515,-10.196519015825947
POMGNT1,-11.040335164235843,-10.897618421147744,-11.01187223552737
LURAP1,-12.73700821636183,-12.954215075085902,-12.444732567886541
RAD54L,-12.385600179054457,-12.76864557184104,-12.819064971962252
LRRC41,-10.024779194406786,-10.134288191421588,-10.091215022176085
UQCRH,-7.708006035420534,-7.898028291672882,-7.716893082216548
NSUN4,-11.208523300862723,-11.22805396419264,-11.332058707126635
FAAH,-12.745201939006694,-12.966744096527332,-13.140197178662236
MKNK1,-11.318890644794244,-11.297769476941971,-11.177450882783981
ATPAF1,-9.591318379314622,-9.708310645358953,-9.614278641949856
EFCAB14,-9.909769253425571,-9.829654967029414,-10.093367062895366
STIL,-11.193768286787138,-11.52454530087121,-11.815980591810623
CMPK1,-9.955967059127323,-9.965970933582174,-10.001688903102844
TRABD2B,-11.46829028431607,-11.104744780566541,-10.219395850831138
SPATA6,-9.696402479985293,-9.711117356438221,-9.614013993281626
AGBL4,-12.751010288013067,-13.041086105625238,-9.831363692407516
BEND5,-11.175048899772609,-11.85572136508417,-11.582369862753472
FAF1,-8.42969673531653,-8.524755751555519,-8.54458523757014
RNF11,-9.83565569141554,-9.772016507294051,-9.824903796204417
TTC39A,-13.162804976094845,-12.78897294341306,-12.482738754742458
EPS15,-8.465690587458283,-8.406933402420762,-8.58167916725861
EPS15-AS1,-10.912554901256357,-12.193809915805653,-12.625759143533264
OSBPL9,-8.474968587235397,-8.523171923269805,-8.721311411893952
NRDC,-8.731694406157123,-8.79953794865024,-8.884808760509358
RAB3B,-11.390681521755907,-11.676588572196808,-11.91476356080693
TXNDC12,-10.07511238101936,-10.122214002299124,-10.136596752948622
KTI12,-12.218452370317511,-12.34690442574147,-12.328899178231175
BTF3L4,-9.098147298624022,-9.285976986676046,-9.201562996531713
ZFYVE9,-9.281023230609863,-9.342105708159671,-9.411468592129959
CC2D1B,-11.90150131457307,-12.099421993342476,-12.180050799019545
ORC1,-12.494465513181272,-13.024770570860086,-13.291003020181
PRPF38A,-9.945691174189676,-10.088011195256918,-10.120950493101212
TUT4,-8.22448775526712,-8.228683526812942,-8.252443224771099
GPX7,-11.189484426591271,-10.933187800816954,-11.20761321770572
COA7,-11.312760035131461,-11.300022816236744,-11.221548820861134
ZYG11B,-9.409379208340482,-9.400653579518098,-9.453870183616235
ECHDC2,-11.177054961504272,-10.778922285690452,-10.5077648351515
SCP2,-9.156761099232478,-9.178638905210704,-8.751532383951954
CPT2,-10.698290734280883,-10.826127771137154,-10.67265359252384
CZIB,-10.466649299673362,-10.611262651999743,-10.602307300446062
MAGOH,-9.903433117393625,-9.988522801355998,-9.986005380265427
LRP8,-11.16286060597745,-11.984897781580873,-11.421324457293695
NDC1,-10.683732939963262,-10.77869805534188,-10.842550506181125
YIPF1,-11.39239416976655,-11.350082359374374,-11.502448973440636
IFT25,-10.058194779580386,-10.16314280835665,-10.082456624842443
LRRC42,-10.642668997444693,-10.521201249229938,-10.681656417107595
TMEM59,-9.075103475948591,-9.099615500823331,-9.253703530355784
TCEANC2,-11.367004064171143,-11.29715011608484,-11.319045131169084
CYB5RL,-12.622750503880448,-12.496948734390395,-12.518021405141855
MRPL37,-10.36773806750634,-10.467289678091623,-10.464087327532296
SSBP3,-8.841104981304195,-8.856748331328157,-9.0976446495101
ACOT11,-10.097148043823124,-10.154185715735267,-9.580334410365037
MROH7,-10.817477641242187,-10.945798046994803,-10.316054785221452
TTC4,-10.452212180175497,-10.679774245223633,-10.312416289160451
PARS2,-12.801774457798183,-12.949358949250733,-12.766256895379431
DHCR24,-11.561496619746038,-11.400176294085332,-11.83917949373487
USP24,-9.392281704434064,-9.343542972300208,-9.37134576604819
ENSG00000260971,-12.122536844471334,-12.146888089539909,-12.091007718435499
PLPP3,-10.275362969923732,-10.31376882332006,-10.083377234959046
PRKAA2,-9.327873923391708,-9.334313968400663,-9.37153087921266
DAB1,-8.087171354563647,-7.57084815534325,-8.05080274445875
OMA1,-11.25479634351188,-11.264228041351918,-11.405639947365726
MYSM1,-9.440871177509194,-9.454013563595526,-9.495739322777137
JUN,-9.637794861926503,-8.871542659574384,-9.53449881641538
LINC01135,-13.129654724750313,-13.209846867578038,-13.144919798293715
FGGY,-10.245398650131513,-10.406910767808041,-10.296277262574192
HOOK1,-10.825532015683399,-10.150978332008691,-9.892960951173196
NFIA,-7.920243111772662,-8.421479045410065,-8.304393001758449
TM2D1,-9.653281762311789,-9.596335760008632,-9.744901337276984
PATJ,-8.96856563822509,-8.937271462856422,-8.72887067904887
L1TD1,-12.759101447275867,-12.301846011458194,-12.44891284663065
KANK4,-11.11193226008566,-12.01484434132607,-11.696511881961836
USP1,-9.580609040591472,-9.746459175649496,-9.704835181863718
DOCK7,-8.693339657234,-8.808335993874977,-8.812788817441959
DOCK7-DT,-12.032089931836273,-11.78794978781093,-12.024459112579269
ATG4C,-10.419676228160125,-10.440015060034831,-10.340450783451413
ALG6,-11.5386275229756,-11.410210715258547,-11.379094247453656
ITGB3BP,-10.178719429395546,-10.125845852864774,-10.368373311874011
EFCAB7,-10.600008059651675,-10.547856201730054,-10.6919398521628
DLEU2L,-12.965309464248405,-12.86261861186958,-13.200101593272844
PGM1,-9.20359442832871,-9.526002776321137,-9.159732263381287
ROR1,-8.248934042132838,-8.48116317815018,-8.32991473760898
ROR1-AS1,-12.485185801856902,-12.974353478440971,-12.677547345803575
CACHD1,-8.565779580755486,-8.989583983984412,-8.99213001657126
RAVER2,-9.795341045810865,-9.9570908090449,-9.94590915034297
JAK1,-9.047826246775232,-9.210496463297604,-9.241831054116563
AK4,-9.3249425711901,-9.64412156190081,-9.538487805931918
DNAJC6,-9.022999440556681,-9.188275638018478,-9.078049528446623
ENSG00000229294,-12.26901759202433,-12.299040242664995,-12.17774187498647
LEPROT,-9.217755988051938,-9.185324170399403,-9.260449520218534
LEPR,-10.185906633830475,-10.258596499307368,-10.156686946670563
PDE4B,-11.537001625255845,-11.610711340752367,-11.492241694675917
SGIP1,-11.21101630679552,-11.715847791198893,-10.329206361181091
DYNLT5,-12.754097806981761,-12.649562109119282,-12.262965246802251
DNAI4,-10.422985351174182,-10.34440326166444,-10.570606667098671
MIER1,-9.1795430551816,-9.25106564546131,-9.29239281425359
SLC35D1,-9.76874297372912,-10.081177865652334,-9.817857027777334
SERBP1,-7.542546230474273,-7.754951032616026,-7.59439559863468
GADD45A,-9.731802818764315,-9.903150979443106,-9.831008867416879
GNG12,-9.717945136271327,-9.668111469142739,-9.904230039406391
GNG12-AS1,-10.857342703099665,-10.741564204839598,-11.157877905202367
DIRAS3,-12.126286990592744,-12.14902529299988,-12.997715881565588
WLS,-8.273480843839799,-8.20666714721094,-8.87859090662036
DEPDC1,-10.343787439007963,-11.460110476469286,-10.814052332233803
ENSG00000285407,-12.615658792267784,-11.946072263052681,-11.198646159187797
LINC01707,-13.001791816978466,-12.895845514171436,-12.089703404636667
LRRC7,-11.448270300729357,-11.642367481314045,-11.392931051625675
LRRC40,-10.335989364038147,-10.33052054465208,-10.222432261028644
SRSF11,-7.968629994612797,-8.024508647706803,-8.100487290051118
ANKRD13C,-9.51568751013148,-9.473181296881087,-9.559082223506696
HHLA3,-11.783719748530666,-11.570754662674158,-11.824917704097524
CTH,-11.981980562718169,-11.984204782115297,-12.024007960860079
PTGER3,-11.235069622044827,-11.59020604733733,-11.285185314202515
ZRANB2,-8.284713543378853,-8.300831875311019,-8.350620984379258
ZRANB2-DT,-10.113260660511333,-10.254005916057215,-10.49883634003893
NEGR1,-11.35135205486249,-10.687048761141936,-11.751855764350779
ENSG00000286863,-10.400872281957465,-10.593224450027236,-10.72594375635805
ENSG00000225087,-12.21387601910014,-11.546188034699602,-10.35034393810371
FPGT,-10.777793037618611,-10.520735246370295,-10.863659080550432
TNNI3K,-9.470041359085666,-10.159593620356373,-10.477359782412892
CRYZ,-10.044318750809296,-10.321752855116202,-10.34735285061895
TYW3,-9.507273478518082,-9.674269991181946,-9.698395961230482
SLC44A5,-11.489042026001693,-11.048277650841236,-11.46327094182295
ACADM,-8.853970724516484,-9.028532342489568,-8.86322141078309
RABGGTB,-10.284625789992125,-10.31231212652642,-10.284392031761662
MSH4,-12.408856794657405,-12.051415832972742,-12.103926557768743
ST6GALNAC3,-8.834221224890868,-8.851231529761852,-8.707685582370113
ST6GALNAC5,-10.770438347559955,-10.867690588559745,-11.715886736215221
PIGK,-10.286600772276957,-10.153729646923498,-10.3410163792421
ZZZ3,-9.062430779241296,-9.028682906914247,-9.17383244423007
USP33,-9.064074488503145,-9.02514667997649,-9.072949040832896
MIGA1,-10.150170275319256,-10.080178780423692,-10.165666118727545
NEXN-AS1,-11.806354612497186,-11.762625409919156,-12.089652799448091
NEXN,-7.259671131950905,-7.259422069113611,-7.418405258040286
FUBP1,-8.595138021436856,-8.680784580765556,-8.699044548721297
DNAJB4,-10.425923594451035,-10.22374049141751,-10.508470868544498
GIPC2,-11.969112538541223,-11.614083469176752,-12.034163113911424
ADGRL2,-8.320538479348683,-8.215376413101627,-8.481643286124871
TTLL7,-10.405926384257949,-10.443507335381607,-10.696629454525823
PRKACB-DT,-12.082535632450378,-11.949221879364487,-11.964178411255261
PRKACB,-8.809826600099614,-8.796169935266159,-8.840811743607553
SAMD13,-12.129423995303561,-12.644301814466438,-12.556880538779746
RPF1,-10.065705415006946,-10.31332403361216,-10.096230434318871
GNG5,-7.959612197354339,-8.151147362806547,-8.024843201020897
SPATA1,-12.095497493114541,-11.97313655074603,-12.11265817053012
CTBS,-11.188491713007128,-11.154037542368389,-10.946022490325923
SSX2IP,-9.825823760152947,-9.823552922115832,-9.914502676757296
LPAR3,-11.285866021514359,-11.341275589998357,-11.796282923105897
DNAI3,-12.35767327594327,-12.395099521542186,-12.28625263399391
MCOLN3,-11.600455580674764,-11.768892363979141,-11.067593354268553
SYDE2,-9.290395088218515,-9.08925047554992,-9.478376576730202
C1orf52,-9.649339065643483,-9.597168331668422,-9.594497487832623
BCL10,-10.623036149826794,-10.656848629951114,-10.73358515284505
BCL10-AS1,-11.915163078525284,-11.576164182432883,-12.392007875946025
DDAH1,-10.07047817879966,-9.906155852624659,-11.486484659847997
CCN1,-9.436487193588192,-8.818206633337292,-10.25851922681801
ZNHIT6,-9.6624028754301,-9.755405830771105,-9.824770977481466
COL24A1,-12.558900364291798,-11.7465552286641,-12.428138032829148
LINC02795,-11.938667332351972,-11.1930061321989,-11.415613241392146
ODF2L,-9.096219965699646,-8.970492018630425,-9.068749980324489
CLCA4-AS1,-12.80023019994984,-13.061671365246582,-12.986854373314564
SH3GLB1,-8.58923554830653,-8.552066568132593,-8.6078690943895
SELENOF,-9.310773313772636,-9.322456547345848,-9.4077492782036
HS2ST1,-8.72891075726014,-8.735595082409302,-8.936950625786194
LMO4,-8.53441446599765,-8.654499587637831,-8.834796661691488
PKN2-AS1,-11.201597037991109,-11.345035369191548,-11.761666475462535
PKN2,-8.00984395447623,-8.064405284787716,-8.310954134577747
GTF2B,-9.985092034758289,-10.04815018297359,-10.09010190218573
KYAT3,-10.413243242592994,-10.421409656865341,-10.61126896953868
RBMXL1,-10.701790442793794,-10.669889725729943,-10.591192194119637
ENSG00000286802,-12.483461416374835,-12.605006268277773,-12.036770965010232
GBP4,-11.92500911270597,-12.214836442113691,-12.178061466998555
LRRC8B,-10.763329840222084,-10.992726310153557,-10.8335347926133
LRRC8C-DT,-11.384355712965272,-11.483152004361575,-11.414066293739207
LRRC8C,-10.560429132394187,-10.667950584514827,-10.705893558869414
LRRC8D,-9.958602642947307,-9.855160360741372,-9.880934371901953
ZNF326,-8.828291383994447,-8.910081546052275,-8.907193830512604
LINC02609,-12.707891689444677,-12.917879198612205,-12.126854766613333
ZNF644,-8.487208833819976,-8.404676583253892,-8.513920413146565
HFM1,-10.259185905513005,-10.269590302801502,-10.309498414462684
CDC7,-10.69712923277162,-11.225146779090176,-11.408930892683557
TGFBR3,-10.083943549102916,-10.366585879794172,-10.347131194309648
BTBD8,-10.57481741406318,-10.535430904768521,-10.952719377891531
GLMN,-9.435175225461581,-9.469631918058612,-9.594348962728612
RPAP2,-8.716410992565976,-8.779862416086992,-8.790920109145382
EVI5,-8.738110267238191,-8.717950615525083,-8.81089042961541
RPL5,-6.070772565070098,-6.242408133880001,-6.058316421620403
DIPK1A,-10.233054223781346,-10.19690341729379,-10.134237037818412
MTF2,-9.215777021700852,-9.236180842576168,-9.316518549497268
TMED5,-10.196135099328512,-10.160522404165842,-10.531077932969179
CCDC18,-10.286512736052783,-10.722757247346989,-10.743656287583539
CCDC18-AS1,-9.384209927236439,-9.333537376620807,-9.340697800912672
DR1,-10.182590350876815,-10.126215232444904,-10.145324554784931
FNBP1L,-9.94154402415604,-9.91281631706358,-9.848155500459077
BCAR3,-11.758735828617274,-11.726414055368146,-11.80144115812098
DNTTIP2,-9.503692588514493,-9.584723024348822,-9.55565032049651
GCLM,-11.434579154536575,-11.328970531914884,-11.42629303658933
ARHGAP29,-9.396064324312846,-9.946740644817476,-9.70857389819267
ABCD3,-9.7769621577672,-9.865249341837071,-9.851489977006331
SLC44A3,-12.108750561743433,-13.020813427203196,-12.778462011576197
CNN3,-8.896787753485903,-8.930722850033348,-9.174987683743316
CNN3-DT,-11.18413281534013,-11.410605046817611,-11.369140296598102
ALG14,-10.782514671450427,-10.709039082910689,-11.02838480060015
TLCD4,-9.678742083543224,-9.603845419919342,-9.91658564189709
RWDD3-DT,-12.165972486543462,-12.39046857502865,-12.495444574799661
RWDD3,-10.048447583704492,-10.049525157894212,-10.098062380497753
PTBP2,-8.035202027530826,-8.171594167883654,-8.23278174853428
DPYD,-10.120549581653117,-10.240240107122744,-10.13705173284983
SNX7,-9.907986810903566,-9.898340975810768,-10.14964747114157
PLPPR5,-12.792895394708896,-12.443751946525294,-12.4554863035812
PLPPR4,-10.137211797681351,-10.077777121041114,-11.32116484080799
FRRS1,-12.041426565003698,-12.050750131729846,-12.247404222476895
AGL,-8.094768611901264,-8.097705030974154,-8.45426874268412
SLC35A3,-10.338190477716337,-10.233316029955072,-10.52070796722366
MFSD14A,-10.113028686019407,-10.025511974873092,-10.157140576314545
SASS6,-10.873315844693707,-11.210502994023761,-11.196175964006018
TRMT13,-10.026710174718588,-10.127239242316953,-10.138374546648478
LRRC39,-10.392945013478043,-10.108963370640984,-10.375559584569586
DBT,-10.00066136635496,-10.049681222575447,-10.093096031524288
RTCA-AS1,-10.964109043585239,-10.851976319072492,-10.735047986080007
RTCA,-10.285489105441082,-10.329927073084704,-10.29931479703541
CDC14A,-9.780975583072506,-9.486628087008024,-9.677607902661784
VCAM1,-8.703007396087365,-8.763961033117498,-8.766379427527031
EXTL2,-9.806757269055465,-9.789650517092399,-9.870446779136186
SLC30A7,-10.248467377873617,-10.224312509453101,-10.236778097180748
DPH5,-10.129363927715882,-10.20382210281787,-10.158800263572754
DPH5-DT,-10.111241040403085,-10.104668605316071,-10.113707410733227
S1PR1,-9.842615567553993,-9.927883855989426,-10.09822842272027
COL11A1,-10.503508127746311,-10.506330930650654,-9.096287945181418
RNPC3-DT,-11.701044907117316,-11.868568395898539,-11.899966230358416
RNPC3,-8.914756660386777,-8.813080997703207,-9.049334607886069
AMY2B,-10.335796661935,-10.286725262952142,-10.466018911257995
PRMT6,-10.98808604627264,-11.085530118953217,-11.022925005527258
VAV3,-12.275978881822585,-11.962109974006111,-12.744844166327049
SLC25A24,-10.08538841895677,-9.72081772939686,-10.029709062470435
EEIG2,-10.45284872326943,-10.323822092341333,-10.222335759286448
PRPF38B,-9.173376241343577,-9.266237285991316,-9.38595334430866
STXBP3,-9.82982515353647,-9.702626494764901,-9.830904665658842
GPSM2,-11.159692491054276,-11.363972620821185,-11.433734178730685
CLCC1,-10.63652173252729,-10.501357362844827,-10.68468786395743
WDR47,-11.227402239388617,-11.237388525103714,-11.390298838195902
TAF13,-11.280665254938016,-11.197609916815892,-11.142916931402448
TMEM167B,-10.706161102043017,-10.717682777206717,-10.78239186929614
SARS1,-9.997395814093565,-10.177170399307514,-10.0705471927575
CELSR2,-12.11960525409441,-12.072799700784909,-12.389679434872786
PSRC1,-12.418432659195505,-12.894918562511544,-12.674335752276637
SORT1,-9.894218215376096,-9.66375794399684,-10.119421984170513
PSMA5,-9.309793408295427,-9.452527609883111,-9.40190926396712
SYPL2,-11.778102475337016,-11.047390598991331,-11.225826822518243
ATXN7L2,-13.029883936485053,-12.662296673902482,-13.047255355669172
GNAI3,-9.555584350117119,-9.582757939653188,-9.613960217844706
AMPD2,-12.244388366395935,-12.341132019921968,-12.679538210745283
GSTM4,-10.618435185685334,-10.890932631740682,-10.527312210329097
GSTM2,-12.003577172224569,-11.876725262823312,-11.79196407050951
GSTM3,-10.107233661057405,-9.924365252886652,-9.900435497772078
CSF1,-12.380985387039217,-12.583340567775664,-12.894164031002514
AHCYL1,-9.613702690151769,-9.670157629431294,-9.582375874632506
STRIP1,-10.627786620672849,-10.738206811210063,-10.686829620371919
RBM15-AS1,-12.725273804983615,-12.78676539538338,-12.509547266712246
RBM15,-10.994050331669001,-10.936050629761182,-11.139488947783782
LAMTOR5-AS1,-10.543650432761908,-10.679362103958269,-10.653840815488829
SLC16A4,-12.285072359164852,-12.365348818038951,-12.390554438268616
SLC16A4-AS1,-12.29889837010395,-12.54420200445969,-12.714924991600235
LAMTOR5,-8.930874825380673,-9.001017177536355,-8.862306002188127
LRIF1,-10.288238097224742,-10.445455208378815,-10.32859818274074
DRAM2,-10.041185452537164,-10.085874873999572,-9.99821116631138
CEPT1,-9.961001416714245,-10.06443962082217,-10.30682772005123
PIFO,-11.243088154803589,-11.583814468225242,-11.138307479625643
OVGP1,-13.021382438141634,-12.974840561364783,-12.865541280002809
WDR77,-10.715911169353488,-10.787353246034407,-10.858854541470471
ATP5PB,-8.375620243375408,-8.574884502076614,-8.455062112999
RAP1A,-9.286510030672037,-9.344019086661703,-9.41896997400726
INKA2,-11.315374789690807,-11.351238156889695,-11.43204709666866
INKA2-AS1,-12.79514260180251,-12.918910551960858,-12.86113555418007
DDX20,-10.593248793504117,-10.59365266459137,-10.689968205669066
CTTNBP2NL,-9.807758021294488,-9.739637816507445,-9.8565873003217
WNT2B,-12.113603673385898,-11.601156833633375,-11.518066285519621
ST7L,-9.78289279797179,-9.795390494446226,-9.915809246615144
CAPZA1,-9.155427145468169,-9.108298518441346,-9.215846354059577
MOV10,-10.97450513972784,-10.951862175194961,-11.134992796452037
RHOC,-9.735269490247651,-9.723699498479881,-9.75170856628166
PPM1J,-12.782886875524932,-12.769011999871552,-12.86126483539849
LINC01357,-12.980170370923211,-13.16078419957215,-13.015355777354344
SLC16A1,-8.680216665849382,-8.628045115889014,-8.93375037080208
SLC16A1-AS1,-9.354659163004417,-9.204422279884222,-9.402323199300692
ENSG00000287807,-13.219048382387719,-13.0268942291872,-13.142204226679915
LRIG2-DT,-11.798064285379951,-11.53909490674982,-11.659788882471803
LRIG2,-10.222673924020993,-10.134305049459028,-10.233102030553876
MAGI3,-8.885079292516856,-8.956369182629262,-9.0328675616395
PHTF1,-9.889618289275074,-9.816570480761659,-10.005850454215041
RSBN1,-9.975763397420666,-10.076082052634911,-10.118222411675486
AP4B1,-11.943599558126875,-11.922187138990777,-12.21776788985477
DCLRE1B,-12.334204734797638,-12.4525637688017,-12.66328811500242
HIPK1,-9.852197134497809,-9.852917420017835,-10.127301092574838
OLFML3,-11.887603498325044,-11.581628529180955,-11.909706932244763
TRIM33,-8.734791331945976,-8.80282899961293,-8.84516843886341
BCAS2,-9.896120186654986,-9.986752942829627,-9.848086972726875
DENND2C,-11.502389253829291,-11.483788967822147,-11.229116204717474
NRAS,-10.110711785515765,-10.179725435054348,-10.257355935037847
CSDE1,-7.70185722884711,-7.827948522674263,-7.94126581955859
SIKE1,-9.576675268326552,-9.610300683364885,-9.611968986355148
TSPAN2,-9.155104760642361,-9.190067871269477,-8.910013134910466
VANGL1,-11.343885256756868,-11.421130802884147,-11.341938734945309
SLC22A15,-10.765845356023267,-10.698550773960296,-10.716801212181359
ATP1A1,-8.135180279923937,-8.02865049972621,-7.982467842555914
ATP1A1-AS1,-11.599918867664456,-11.788325736234123,-11.644518575192334
LINC01762,-12.27619267111172,-11.922827351299807,-12.157865449954945
CD58,-10.692422503388835,-10.603903827840764,-10.958477652761013
IGSF3,-9.424989342361657,-9.769643157816942,-9.655673982191933
PTGFRN,-9.677784281414537,-9.952752227585718,-9.913069463913144
CD101,-12.72414606341387,-13.23467080747859,-12.813931315191578
TTF2,-10.650021509813307,-10.741923158169504,-10.742996319289768
TRIM45,-13.087653006753335,-12.716350421496807,-12.700620256619949
MAN1A2,-8.75310278027992,-8.69323551793458,-8.726568397412775
GDAP2,-10.192643263340678,-10.234864281835938,-10.228162538398108
WDR3,-10.403345325661467,-10.565639506712753,-10.325470008468793
SPAG17,-12.828288969381674,-12.496545942951798,-11.909551581622717
WARS2,-10.367958188648132,-10.406091539668603,-10.482943256920498
WARS2-AS1,-9.949313287218159,-9.756479355090022,-10.098465318288413
ZNF697,-11.655446279505558,-11.674633573348784,-11.7245550564956
PHGDH,-10.313626452661042,-10.595717187795547,-10.45995438596735
NOTCH2,-9.85925545792913,-9.802962775176477,-10.188087112077016
SEC22B,-10.28594893037381,-10.2000254944831,-10.318916945257651
NBPF8,-11.861253239387102,-12.529570702657459,-12.097498703431878
ENSG00000290999,-11.846201393924595,-11.869366635781574,-11.558128688998819
SRGAP2C,-10.810984891832673,-10.417385445896732,-11.18031935975362
LINC02798,-11.486535886067342,-11.216891024177269,-12.029449443431782
NBPF15,-11.271111656333634,-11.033517345368933,-11.002394681303869
SRGAP2B,-11.444761974599432,-10.761781291845137,-10.846720561867393
LINC01145,-11.728545783571498,-11.847367623940958,-11.915700967134077
NBPF20,-12.018329712071063,-11.871617004430776,-11.826144185120013
GPR89A,-11.248466680370347,-10.909827428509745,-11.01925959661669
RNF115,-8.776712444312855,-8.642274385253934,-8.95372318962428
POLR3C,-10.483166122324045,-10.477263345119493,-10.510361124163738
NUDT17,-12.166110060050922,-12.13435164358246,-12.184478792897847
PIAS3,-11.504888658311582,-11.444572893736803,-11.62983282328908
ITGA10,-12.495001694866295,-12.213735282693326,-12.622375705394283
PEX11B,-11.659415371216435,-11.649343002939665,-11.483022413621809
RBM8A,-8.862825704086408,-8.992408495475063,-8.899716637330446
LIX1L-AS1,-12.56155711336547,-12.383746549457598,-12.603898363720702
LIX1L,-10.47179026072509,-10.493262004005395,-10.592452767757283
POLR3GL,-9.969937962254757,-9.942102838916114,-9.91501483902781
TXNIP,-8.583624011255562,-8.633146576931741,-8.265211698216184
LINC01719,-12.548132241154153,-11.48901420516624,-12.16061444977902
NBPF10,-12.581592463013909,-11.759536078671475,-12.023039242841321
NOTCH2NLA,-11.501746668282673,-11.25508070793369,-11.498940909565272
NBPF12,-10.97607555560212,-11.081792310992274,-11.046044905982153
PRKAB2,-10.0145294978546,-10.047731159204167,-10.10170984555835
ENSG00000237188,-11.914966792803417,-11.414631022785777,-11.380293553455662
FMO5,-13.100694666380418,-13.078684227026477,-12.962621652665879
CHD1L,-12.733628546356645,-12.96663841602339,-12.909915789381236
LINC00624,-11.901306468733207,-12.49850173153762,-11.922780276057265
BCL9,-9.64763169104962,-9.576193373934608,-9.832486281805208
ENSG00000289419,-12.284519266908495,-12.191598660859825,-12.295069856655966
ACP6,-10.796450520467307,-10.622088124559047,-10.929942978890017
GJA5,-10.754409385766381,-11.880418015803855,-10.650983903324388
GPR89B,-11.061268060989404,-11.005365391871566,-10.948552509108124
NBPF11,-10.730543438792191,-10.677171205960452,-10.751885307890742
LINC01138,-10.966520934459977,-11.03297740876318,-10.965915745780288
NBPF14,-10.970059084039216,-11.111624186716098,-11.95548279408161
NUDT4B,-11.956197305469793,-11.849598967764225,-12.260765116498295
PDE4DIP,-9.514869304381172,-9.253481205175902,-9.35938057299221
NBPF9,-11.176933556438911,-11.327761821255976,-11.448028592867267
ENSG00000274265,-10.819810938810605,-10.897270835596945,-11.224568010643917
ENSG00000289614,-11.703446857276996,-12.235648143880372,-12.090795445055306
ENSG00000291233,-10.55016924502129,-10.651036772483186,-10.594039982585421
NOTCH2NLC,-11.921425627449244,-11.93052270871661,-12.048269240281092
NBPF19,-11.451406382448887,-11.508406026545384,-11.445213153676765
LINC00869,-11.631371241725848,-11.401268645087946,-11.543285350845348
H2BC18,-12.918629402275062,-12.737954594738696,-12.864735953540707
ENSG00000290791,-11.729952019030547,-11.81804038888768,-11.768505745095194
ENSG00000290792,-11.975893420785338,-12.002332315280634,-12.330734323055605
H2BC21,-11.072222470495898,-10.721043359031032,-11.55857855557847
H2AC20,-9.343124017620845,-9.659504129614758,-9.605275438197562
BOLA1,-11.752536433908116,-11.772447490332112,-11.64016334621605
SV2A,-11.660493912772747,-11.795319523467446,-11.47148711871393
SF3B4,-10.297121155243534,-10.30695773760227,-10.530788170598898
OTUD7B,-9.668749424250523,-9.62331478083087,-9.750714755634284
ENSG00000285184,-11.854363694590052,-11.559795000635212,-11.600131804867717
VPS45,-9.350161599319371,-9.269793088320185,-9.507163483206634
PLEKHO1,-9.403516255233258,-9.35195785166662,-9.506965341157938
ANP32E,-8.882589055911392,-8.936468964425337,-8.940687966409392
CA14,-11.096571610057019,-11.198420855072612,-11.000279735324941
APH1A,-10.086660214204022,-10.093247272818923,-10.200591324953741
C1orf54,-11.269270771884544,-11.046463591314238,-10.871685325267023
CIART,-11.959125276587802,-12.27050120340481,-12.358079121594772
MRPS21,-8.890142133939944,-9.136128355375098,-8.94839679769024
PRPF3,-10.530614873912736,-10.484624278340311,-10.627693722485274
RPRD2,-9.130011106903035,-9.015252379035648,-9.196886029898696
TARS2,-10.910475120538436,-11.14248286934363,-10.979211071258828
ADAMTSL4,-11.755885071724114,-11.696481679221703,-11.29540997595192
MCL1,-9.853090770467452,-9.634309317751091,-10.111473163180444
ENSA,-9.503283689972879,-9.486320920319931,-9.735302654312807
ENSG00000288880,-13.050528055971833,-12.402118913805182,-12.65603333355714
GOLPH3L,-10.915469410334396,-10.85174679985698,-11.012058501042837
CTSK,-12.810196381059988,-12.53629294971134,-12.812142523332973
ARNT,-10.091230823216602,-10.001700609696668,-10.12085262388098
SETDB1,-10.055351581050349,-9.993166863276251,-10.132670383557981
CERS2,-10.307655659021679,-10.432536295894312,-10.375250711272766
MINDY1,-12.006388184043502,-11.69410424157525,-11.92974490549407
PRUNE1,-11.079224881519044,-10.826898090137037,-10.902827445910853
C1orf56,-12.006157947656428,-11.778143302592607,-11.73797171819135
CDC42SE1,-10.47385402124282,-10.299974892306592,-10.521246132055015
MLLT11,-9.710725719886149,-9.572990478496695,-9.577535283655678
GABPB2,-11.366972764433383,-11.009098562130276,-11.195561394065827
SEMA6C,-12.53207301973253,-12.50956011624127,-12.602706960311163
SCNM1,-10.799860443884777,-10.811982163705865,-10.83625908594959
LYSMD1,-12.483945099727531,-12.059154764615068,-12.404213127623658
VPS72,-10.59843126683131,-10.614731188909461,-10.660080333055493
PIP5K1A,-9.575438185132192,-9.513838366789631,-9.807151795355253
PSMD4,-9.20995570901487,-9.375689549524687,-9.382846481814196
ZNF687,-12.08560595361252,-12.091644006776285,-12.413058111404109
PI4KB,-11.155295845345188,-11.100430913635698,-11.300986996215741
RFX5,-11.284030963168583,-11.511090798375747,-11.526896264837816
RFX5-AS1,-13.188749317494024,-13.187604259457498,-12.899978874881823
SELENBP1,-11.852671836023125,-12.129324069593611,-12.113338516871329
PSMB4,-9.161063829101407,-9.251909619627064,-9.326529651405083
POGZ,-8.85427030359305,-8.813728142604282,-9.022930087948533
TUFT1,-12.861432647972975,-12.627925337756983,-12.87488525272895
SNX27,-9.888316007719139,-9.879589864228368,-9.8462289993566
MRPL9,-10.260875121189642,-10.3780449200059,-10.447809032722231
TDRKH,-12.764094751631921,-12.461335355446167,-12.489903006315016
THEM4,-10.175302734377254,-10.238956365188276,-10.110042658077612
S100A10,-9.358659132383556,-9.812335983941606,-9.381436614694048
S100A11,-9.923527070992746,-10.221025521335232,-10.19434060321281
S100A6,-11.87255825113879,-11.259984964910082,-11.381527783656407
S100A4,-10.391272332734,-10.29006870693788,-9.912794460907145
S100A16,-11.558401210433013,-11.742598897409653,-10.842259405154618
S100A13,-9.680932511957263,-9.74434924623403,-9.493828215380846
CHTOP,-9.883509166410443,-9.985924988199459,-9.948216113530505
SNAPIN,-10.415357234549981,-10.46118498294479,-10.398641428088538
ILF2,-8.845081025543891,-9.095333322360496,-9.045234329544307
INTS3,-10.308708498665649,-10.251545413587692,-10.398959686141666
SLC27A3,-12.534351507952223,-12.426887086096722,-12.6281141198734
GATAD2B,-9.238070752028237,-9.151878833850349,-9.40389991717838
DENND4B,-11.447441121801603,-11.468455034544204,-11.412232341085485
CRTC2,-12.666541853000473,-12.801537777867612,-12.684882052952638
SLC39A1,-10.916578785038471,-10.865426380243369,-10.941475322233128
CREB3L4,-11.66911063748422,-12.036835613250533,-11.503271556076985
JTB,-9.710251220518764,-9.73986871843948,-9.589540138579672
RAB13,-9.25837656383832,-9.404488189584054,-9.368768422528131
RPS27,-7.152705504714532,-7.19433493160864,-7.154751721789466
TPM3,-8.976738308815758,-9.084151727878119,-9.196089999731502
C1orf43,-9.526025785079817,-9.523636974322038,-9.717455486373156
UBAP2L,-9.46145543128666,-9.445912636959942,-9.59096593298032
HAX1,-10.19313637803666,-10.314649320633917,-10.330572166889873
ATP8B2,-10.753396435282962,-10.532652010404995,-10.807650062056732
UBE2Q1,-10.007390832174162,-9.995335449912456,-10.018950506767059
ADAR,-9.467618454486061,-9.446046578725689,-9.51875842693039
KCNN3,-12.914072338780528,-12.450546660088982,-12.282460475316068
PMVK,-10.619102196060005,-10.66706366011792,-10.564373287544058
PBXIP1,-10.532543131802841,-10.451177977263127,-10.589851638854956
PYGO2,-11.234586760980926,-11.151628140979968,-11.28731127450072
ENSG00000271380,-12.050228203105023,-12.409282143294627,-12.339311546313624
SHC1,-11.587774907574248,-11.405173136837504,-11.747102940144535
CKS1B,-9.532049996284416,-10.064817268860796,-9.784469628280517
FLAD1,-11.3276716396946,-11.22936368037668,-11.343067342929405
ADAM15,-12.57016578941684,-12.639359577648637,-12.557751737541377
EFNA4,-11.269381804227697,-11.335012900835663,-11.3533173662239
EFNA3,-12.464844772369487,-12.734436507925347,-12.333795466603977
EFNA1,-10.7588719506789,-10.539997187525351,-11.222777568241888
SLC50A1,-11.171804363999678,-11.145395067472577,-11.20681997929927
DPM3,-10.421978137415154,-10.443109854371338,-10.371933096338044
KRTCAP2,-9.549529438328811,-9.580751094565803,-9.58010247359853
THBS3,-12.462612177292591,-12.588889012933171,-12.984799281186303
MTX1,-11.384520481523008,-11.315614578095195,-11.551449262877481
ENTREP3,-11.615586948760162,-11.446250715861435,-11.81147953515156
SCAMP3,-11.05565848648997,-10.858843712892916,-11.029306824212098
CLK2,-10.790136618188969,-10.818559838080722,-10.914393804802284
FDPS,-9.895633613425908,-9.878524253398771,-10.122209925556627
RUSC1,-11.94089939609693,-11.704191467632562,-11.937738365260188
ASH1L,-8.123552338712658,-8.087599759284096,-8.30375752200148
ASH1L-AS1,-12.249238986626525,-12.28574146590945,-12.65000614692203
MSTO1,-10.597633392878688,-10.673198382351245,-10.897124230219038
YY1AP1,-10.177737329870551,-10.247472729471465,-10.480682497190172
DAP3,-9.314001523005809,-9.221951477385646,-9.327024081155672
GON4L,-9.749109044168051,-9.62221035404533,-9.79190262317914
SYT11,-12.669953432956952,-11.839446214028582,-11.584106602911213
RIT1,-10.203998319182308,-10.004621519957558,-10.05582139738241
KHDC4,-10.265550276243548,-10.196495176207431,-10.381633152300427
ARHGEF2,-10.885163668924745,-10.75419883289468,-10.850391937376283
SSR2,-9.099686450356241,-9.18451131581122,-9.084424042863457
UBQLN4,-11.360463643720871,-11.175188801293059,-11.27132010047959
LAMTOR2,-9.552065257565202,-9.540824278209227,-9.528592160419818
MEX3A,-9.796039448064088,-9.84454622891541,-10.1232889237257
LMNA,-9.917115979014797,-9.920503400636608,-10.107155550190575
SLC25A44,-12.184753741822483,-12.130535583757803,-12.31617848710952
PMF1,-9.76248403853436,-9.9115326677559,-9.992583949225034
BGLAP,-12.625254948727545,-12.801197813012367,-12.723439298535137
SMG5,-10.559227215150072,-10.44788488416967,-10.444237507218046
GLMP,-10.933335986281643,-10.845325013220046,-10.908304550467482
CCT3,-8.101321912334113,-8.178228097955746,-8.258281163594003
MEF2D,-10.969896813275316,-10.76474766987086,-10.99347838239659
IQGAP3,-11.865340387327452,-12.418884234286928,-12.51599995459146
NAXE,-9.89033173480271,-9.944017350588531,-9.774543042532134
GPATCH4,-10.4602178706079,-10.49753018412616,-10.899823651041512
NES,-8.482543366664302,-8.254638336011775,-8.55503521557537
CRABP2,-8.975084104603571,-9.02085761173236,-8.800449386242496
ISG20L2,-10.596315790715817,-10.589300012086218,-10.72235828776174
METTL25B,-11.468200048537206,-11.65042480393461,-11.451548787293676
MRPL24,-10.917811576367882,-10.96792396461852,-10.953952414513331
HDGF,-8.812426197826387,-8.97386038295646,-9.039015496161353
PRCC,-9.699097111731472,-9.667810808882129,-9.805582855952979
ARHGEF11,-9.372785741888052,-9.28680461169275,-9.498827010229117
ETV3,-10.87751686833528,-10.702136924433445,-10.929371366368336
KIRREL1,-10.315332194576401,-10.405443757930101,-10.593860117130625
IFI16,-10.933727805353211,-11.349953458115648,-10.270857724679685
DUSP23,-12.0508340197846,-11.335818418954728,-11.23932805359991
TAGLN2,-12.428927704367275,-12.453205875664958,-12.64493649249721
PIGM,-11.17505192154954,-11.079490914131789,-11.1748061713452
IGSF8,-12.153014186326532,-12.385838321679126,-12.340656963133343
ATP1A2,-12.317885105724935,-12.516573525722041,-11.68159461202105
PEA15,-10.399099931156531,-10.460045562679994,-10.129772381696629
DCAF8,-9.358678340884529,-9.334439966020316,-9.488970296299158
PEX19,-10.23733426458807,-10.236443644832924,-10.282913327844446
COPA,-9.117555992022059,-9.073419685922877,-9.139062580239996
NCSTN,-10.540108086757352,-10.396098131744967,-10.842498335618744
VANGL2,-11.32424421418975,-11.28164957624852,-11.385299688679742
F11R,-9.963602603396346,-10.141717642486121,-9.999913757327697
TSTD1,-9.34234581146918,-9.203189767489151,-8.924567410673703
USF1,-11.814895854901819,-12.1440593418093,-12.04932446120119
ENSG00000289121,-13.037353545755956,-12.858483631180682,-12.92395537619735
KLHDC9,-11.737385960228565,-11.536145513010323,-11.718036525826276
PFDN2,-9.335429126083804,-9.423931661068307,-9.305321472157438
NIT1,-11.110775478033496,-11.07858499910807,-11.093955185604438
DEDD,-11.085823774066922,-10.947754987452951,-11.09251655215943
UFC1,-9.352445335710867,-9.46414554521292,-9.418757395652673
USP21,-11.693828819904004,-11.69148899508618,-11.956286837133606
PPOX,-11.666535312861901,-11.513394924317197,-11.520570983093506
B4GALT3,-11.250645316236385,-11.284354073742925,-11.380157873556296
NDUFS2,-9.132099869798846,-9.130720360183487,-9.169445549847568
APOA2,-11.392662079268872,-11.693077714276617,-11.64453965407004
TOMM40L,-12.727520235985121,-12.820336491157544,-12.688938943410323
SDHC,-9.523725096199597,-9.636651064358528,-9.593588332048467
ENSG00000289106,-12.941501669888105,-12.934610250777247,-13.211753626968134
ENSG00000288670,-12.484601264432193,-12.206518884081131,-12.384205464853332
ENSG00000283696,-12.559055546484734,-12.46398733853098,-12.465478431436269
ENSG00000288093,-13.004827161488896,-13.206271503037158,-13.208869541045962
DUSP12,-10.222225465257164,-10.435353854135942,-10.675672318186605
ATF6,-9.004407622587971,-8.961488796681211,-9.078949046068292
NOS1AP,-9.598883208297224,-9.693383371580518,-9.757661954660248
C1orf226,-12.718767386997389,-13.079121815614238,-12.92681483102719
UHMK1,-10.378548475416748,-10.221443477714644,-10.412774744706352
UAP1,-10.784366792373634,-10.626535378845457,-10.629199500799542
DDR2,-12.03130637040041,-11.964442964249306,-11.381801855368286
HSD17B7,-11.98021422581331,-11.831458405830297,-11.772523683482234
RGS4,-11.510087888874134,-11.5020648734455,-12.827557226947274
RGS5,-8.43305257929912,-8.555721274380588,-8.748000606083943
ENSG00000232995,-13.171081894334858,-13.212983181211808,-12.753775507012582
NUF2,-10.744301009328746,-11.155410171314518,-11.117764527039748
PBX1,-7.044274131067987,-6.968848514489702,-7.368585349534624
ENSG00000271917,-11.849838675103646,-11.886023557634157,-12.204677085277982
RXRG,-9.919239469250797,-10.101043347450887,-10.139313431012987
LRRC52-AS1,-10.66354767718291,-10.560593523911535,-11.18697479630026
MGST3,-7.884209712406676,-7.849228647789908,-7.838494677410293
ALDH9A1,-10.022272067368284,-10.097415787326124,-10.096186672646086
TMCO1,-9.404563140302274,-9.446570092212616,-9.529537421036421
UCK2,-10.42867263940564,-10.702378216550516,-10.618161047202765
POGK,-10.038060808947419,-9.914362109003111,-10.11238325748059
TADA1,-11.109924524093628,-10.991097806326946,-11.148334740551945
ILDR2,-10.076904858246174,-10.224809448015039,-11.006476491160106
GPA33,-12.78671335086451,-13.204074969289298,-12.477279586585288
STYXL2,-10.050555453568334,-9.981507685866333,-10.288649723084717
POU2F1,-8.850583445984984,-8.894369954260396,-9.02727142584754
CREG1,-9.69304133172374,-9.772375363905772,-9.723479770325321
RCSD1,-9.360283350616934,-9.224399244048358,-9.172438808971114
MPZL1,-9.03510242821512,-9.05440878060745,-9.25407129823167
ADCY10,-12.713515800457056,-13.007655995297162,-12.727208223650008
MPC2,-9.391990677984412,-9.53010529530421,-9.414763358767418
DCAF6,-8.395152724379207,-8.306317384351122,-8.66928024947684
GPR161,-10.614735518149661,-10.754764761406562,-11.015060947697481
TIPRL,-9.248088106472649,-9.237497663528169,-9.28506173599941
SFT2D2,-10.56702991151102,-10.463997332679602,-10.57704722389077
TBX19,-13.007198643964973,-12.8008616676598,-13.057575010438683
ENSG00000285622,-11.874691708647523,-11.439836527088623,-10.873588645134824
ATP1B1,-7.7187727782482485,-7.73838226183502,-7.481696462643905
NME7,-9.339933187558788,-9.301538691744033,-9.4293164287745
BLZF1,-10.027515796946199,-9.900296816249154,-10.090137720358273
CCDC181,-11.532073758038186,-11.29441018849409,-11.276984231112932
SLC19A2,-10.88524367156795,-10.677189223033869,-10.975560027127427
ENSG00000213062,-12.456365731089797,-11.950899194987018,-11.96024155360093
C1orf112,-11.398646217985547,-11.370425277375903,-11.845699827186381
METTL18,-11.806860826099795,-11.624193100885067,-11.942313746859499
SCYL3,-10.880951106635656,-11.007299862096538,-11.262754641810844
KIFAP3,-8.927136150755947,-8.713009630630468,-8.877456860804676
GORAB,-11.233270710915525,-11.167584776620055,-11.226548925399136
PRRX1,-12.10357068649815,-11.71142975795389,-11.787374563960526
ENSG00000231424,-12.622841339136437,-11.659268787833886,-11.4087253422183
FMO4,-12.02366270825194,-11.56782061646976,-12.024115301921128
PRRC2C,-7.861069397737753,-7.837981589481235,-7.929481487708453
VAMP4,-11.480654100652115,-11.342871676937587,-11.365700844780402
METTL13,-11.551745025426577,-11.565103928700736,-11.606314679047026
DNM3,-11.287502737820143,-11.042776188146084,-11.165284189626826
PIGC,-10.554528902730986,-10.475492179415255,-10.55635460266255
C1orf105,-12.226375529143025,-11.407389606272798,-11.41798995073301
SUCO,-9.030466035464787,-8.824276797089682,-9.042303741762622
TNFSF4,-12.722134116357923,-12.724386814572004,-12.812988901640049
PRDX6-AS1,-9.893998851735567,-9.9062641713968,-10.362843114621493
PRDX6,-7.695538175015271,-7.799337790710862,-7.810275259088682
KLHL20,-9.593873003948456,-9.702315020045454,-9.792458931453773
CENPL,-11.42217137123033,-11.67117846536705,-11.798207490102701
DARS2,-10.9186627264612,-11.113661596469656,-11.141416896282792
GAS5,-7.492388492558549,-7.742223131707159,-7.878691633598948
ZBTB37,-10.365910549914965,-10.148041149504573,-10.397700619287411
RC3H1,-8.975723336063842,-8.931385262135015,-8.987455011672635
RABGAP1L,-8.139301303686048,-7.692805166895321,-7.622589366493376
CACYBP,-8.829224698382374,-8.978301313046458,-8.830514984911675
MRPS14,-10.228976881808792,-10.260636641149127,-10.233310589406592
KIAA0040,-12.93966358640791,-13.223434406597057,-12.172412245787315
LINC02803,-11.868126939136763,-12.203562167727922,-12.595162332743943
COP1,-8.65134257743721,-8.519728283915438,-8.610911240328514
COP1-DT,-12.2535295934196,-12.228615338951293,-12.083609340671835
PAPPA2,-11.67854384071205,-11.850589345073391,-11.468525502682487
ASTN1,-11.605278524993556,-11.610067153213583,-11.550027415338764
BRINP2,-13.004030511348434,-12.460641224484021,-12.449394922452177
RASAL2,-8.462006857821176,-8.326414494401844,-8.617486756144148
RALGPS2,-8.758977222892419,-8.675104179782087,-8.743129740429392
ANGPTL1,-12.726311719390702,-12.362298408071302,-12.648909222900922
FAM20B,-10.110043594853284,-10.103770388040067,-10.341239546589533
TOR3A,-11.849725351495138,-11.900918428203806,-11.827509534881331
ABL2,-9.633701274492806,-9.61650886164257,-9.799150965443145
SOAT1,-10.851755223053672,-10.754130894125735,-10.994237515105917
TOR1AIP2,-9.469818901794923,-9.406993340065608,-9.608181786735514
TOR1AIP1,-10.558789944896402,-10.386215943300217,-10.808250002972196
CEP350,-8.530317444379303,-8.450491446940955,-8.602304082682167
QSOX1,-11.684775310027188,-11.916997485507016,-11.55970526174017
ACBD6,-8.752696834092223,-8.743360858225637,-8.900681876724772
XPR1,-8.664415659972127,-8.682144294638789,-8.897254803131688
STX6,-10.185569358647221,-10.348184482335212,-10.354045783603306
IER5,-12.031140877515632,-11.97553158588213,-12.7735168563256
GLUL,-10.29979962690578,-10.30111505235011,-10.174048169099162
NPL,-12.824360588532933,-12.701330864782912,-12.993001991152934
DHX9-AS1,-12.178227180990724,-12.468750199875494,-12.272589879861714
DHX9,-8.461294094617411,-8.497923232061224,-8.54377407110994
LAMC1,-8.93429318656608,-8.902311933081734,-9.036773585257407
SMG7,-9.365989522726295,-9.320222820555598,-9.400174968343222
ARPC5,-8.428251525628614,-8.453457757289652,-8.43917396755498
RGL1,-8.725202514157555,-8.535059572619945,-8.964279419056853
COLGALT2,-10.1258416876645,-9.782083352340145,-10.66052743393249
TSEN15,-9.98723931421415,-9.731276398802141,-9.947176655442794
C1orf21,-9.158946741297378,-8.932696565432108,-9.620176656507995
EDEM3,-9.886825555146613,-9.823542920972198,-10.014544152797333
RNF2,-9.983721982487918,-9.839125718981995,-10.170711549354543
TRMT1L,-10.257659179481575,-10.309845909847953,-10.308949994325841
SWT1,-10.519905379472126,-10.404827598182255,-10.707872825881353
IVNS1ABP,-9.320308877217004,-9.507131789220931,-9.780810048296868
HMCN1,-9.267727447822315,-9.034214841675063,-9.20463758180197
TPR,-7.920649163475007,-7.981114929216425,-8.068501506360553
ODR4,-9.878568523331367,-9.733496251295852,-9.903484916520442
PDC-AS1,-10.96397800023718,-10.79765298775086,-11.057082270700217
LINC01036,-10.97050827952911,-10.79036708010477,-11.508892966733187
BRINP3,-9.980923421867566,-10.92649567355475,-10.044971004925783
ENSG00000285280,-11.119958035876342,-11.153512987008796,-10.688984378070488
RGS13,-11.957314490885246,-12.971808883969112,-12.443506050698085
RGS2,-12.064209817569298,-12.162295478372995,-11.969002313167294
UCHL5,-9.751080372727605,-9.83200959339107,-9.762142785821611
RO60,-9.049970997917725,-8.979766903683684,-9.030280134094639
GLRX2,-10.763209522223883,-10.806955926762614,-10.888250156185032
CDC73,-8.924023093956025,-8.8658017604084,-9.044323810226981
ENSG00000227240,-11.841433762686432,-12.114306958864459,-12.237216062658765
KCNT2,-9.075251596327414,-8.978317532212175,-9.182299474252607
ASPM,-9.398186729893473,-10.085951906315444,-9.81215647255185
ZBTB41,-10.39249815589734,-10.260622628610262,-10.40946433990375
DENND1B,-9.019778168029845,-9.229600332210937,-9.164640449076574
C1orf53,-12.047425111028074,-12.306437847546164,-12.30564877616483
NEK7,-8.657982135718914,-8.691818082606762,-8.930507121547887
MIR181A1HG,-10.648558092772516,-10.87707395880526,-10.960098279063335
ENSG00000230623,-12.064325984912957,-12.232293787749688,-11.314490822004274
ZNF281,-10.142130627870706,-10.080068173404538,-10.144966192522668
KIF14,-10.220001407205064,-10.89094837997895,-10.826772261626406
DDX59,-10.61354710927407,-10.631021514750401,-10.779543668696594
CAMSAP2,-8.770160206195351,-8.68421893531347,-8.963573950691957
INAVA,-12.03789174809075,-12.744158224119504,-12.770683945881444
TMEM9,-10.09809603257076,-10.274178148879539,-10.031424686436642
TNNT2,-5.7610818392982,-5.778062212681316,-5.552435815828588
LAD1,-12.919906046201303,-13.03432098685972,-12.489559033252894
TNNI1,-6.506135785554535,-6.543284979076947,-6.354073838507466
PHLDA3,-11.209101666599047,-11.552400702473872,-11.402076792518574
CSRP1,-11.016710431865626,-10.449457538103372,-10.592526030869344
NAV1,-7.695227375140509,-7.826271899664853,-8.190298763745442
IPO9-AS1,-10.548007131849083,-10.524570926904632,-10.905121170376724
IPO9,-9.22389972966353,-9.145698966337655,-9.50237821226493
SHISA4,-12.805220060511616,-12.814172401209827,-12.835740246553664
LMOD1,-9.31918040531276,-8.908216148356608,-9.284173968301626
TIMM17A,-9.558320993432867,-9.577952799813975,-9.590864148136932
RNPEP,-10.777444892312653,-10.905971050128827,-10.818494387225654
ARL8A,-10.690032595934003,-10.674462603840233,-10.647412233365973
UBE2T,-10.283982050238874,-10.471835548291162,-10.59124812700396
PPP1R12B,-7.4318658063491085,-7.080810392119506,-7.603390547292331
SYT2,-13.032017073845251,-12.55904388352841,-12.970776443063402
KDM5B,-8.202931934679546,-8.180801339420107,-8.316266983195655
PCAT6,-12.018209619890536,-11.677392719834733,-11.393139331454512
ENSG00000291234,-12.295562186042455,-12.273352918267495,-12.35302717679457
RABIF,-11.466843918185202,-11.400786380745378,-11.62639513916625
KLHL12,-11.066830652370069,-10.9873046663498,-11.13403513927962
ADIPOR1,-10.218879169153306,-10.12698764354938,-10.305134883618727
CYB5R1,-11.16224857377402,-10.935472702574847,-11.122980679069519
TMEM183A,-9.794558227979152,-9.764983152630487,-9.776678082137547
PPFIA4,-10.539542384694686,-10.613732651353404,-10.450901798364464
ADORA1,-12.411890700131503,-12.282224854618859,-11.719339700357004
BTG2,-10.324036934842008,-10.093498914341215,-10.149426796846654
ATP2B4,-9.161199880575575,-9.157239074225156,-9.118728244688587
ZC3H11A,-13.089675631562924,-12.969579764662534,-13.088075579336497
SNRPE,-8.606419519837896,-8.793290247836811,-8.753901868304915
SOX13,-11.83271885107673,-11.628232163988349,-11.875401299215174
ETNK2,-12.660510998219165,-12.371724641620643,-12.788334607511898
PLEKHA6,-10.065058453728524,-9.859766088680313,-9.895647957865716
PPP1R15B,-10.652286679776623,-10.585708637606688,-10.595656865135775
PIK3C2B,-10.999942048149489,-10.999816756427428,-11.16912872775337
MDM4,-9.203044833898286,-9.174967424943123,-9.321267461147375
LRRN2,-13.035294002163194,-12.404093346567134,-12.163154012512708
RBBP5,-11.082427074726116,-10.893350808632547,-11.132105537908354
DSTYK,-10.495172952492531,-10.360082181577242,-10.614663287218457
CDK18,-11.917875708138205,-12.249942305504009,-11.837059120217598
ELK4,-10.892345705954336,-10.75945348450547,-10.91387513222451
NUCKS1,-7.2880387134549895,-7.421147068080489,-7.475360350628578
RAB29,-12.23737712625254,-12.107889947360718,-11.828643610030229
SLC41A1,-10.557696037872542,-10.425792040754915,-10.732118574121824
ENSG00000286619,-12.463927039466485,-12.61971187686753,-12.374381906912157
RHEX,-12.846654608008512,-13.312462614227167,-12.119925012993694
SRGAP2,-9.674439576221426,-9.532876446133853,-9.895888192106497
IKBKE,-12.019985039621302,-12.219285641263475,-12.14730288119745
RASSF5,-10.400233046333904,-10.870805548793069,-10.467191647834818
EIF2D,-10.692613822825644,-10.71019349019608,-10.77594937070069
DYRK3,-10.873202430526236,-10.773296461839388,-10.729639668392938
MAPKAPK2,-9.722850285027375,-9.645206496935792,-9.78081882633076
PFKFB2,-12.901821741852148,-12.695465206307581,-12.74045085670113
YOD1,-11.534586723176218,-11.319143740783794,-11.48995796296017
CD55,-10.592755504508249,-10.35455714370719,-10.562630527165064
CD46,-8.971330680251496,-8.845975758724062,-9.123001463923133
MIR29B2CHG,-12.565891140081053,-12.540569682959381,-12.446494398112124
PLXNA2,-9.754243827235168,-9.837496053862724,-9.642320165857404
G0S2,-11.51294889434257,-12.487985648764631,-11.228422148186356
UTP25,-11.122840501616304,-11.164236762066807,-11.109614914838549
SYT14,-10.668430185743622,-10.947164828306803,-11.037001928217679
HHAT,-10.588587051878102,-10.541484204141746,-10.489417608151998
KCNH1,-11.497456716892128,-11.23165725090589,-10.746770676325406
RCOR3,-9.190895853454546,-9.176252234148745,-9.269667920663922
TRAF5,-11.564324319425017,-11.633331026697034,-10.683168870382726
LINC00467,-10.820193134636702,-11.345599203787893,-10.41317880895224
SLC30A1,-11.818139038583094,-11.95008011069959,-11.767122458774633
NEK2,-11.488456762197956,-12.543798007368576,-12.00108847842307
LPGAT1,-8.965237074955983,-9.107451005194784,-9.18598506846087
INTS7,-10.294849166716517,-10.262056342940934,-10.577815971984048
DTL,-10.676311916001051,-10.792990106397294,-11.640079270143117
PPP2R5A,-9.555911355006822,-9.495750214069794,-9.69700856510036
ENSG00000234915,-12.796158468997552,-12.752619922674342,-13.195532573786338
PACC1,-11.615473378320583,-11.558960755868679,-11.48779235488255
NENF,-10.697790156787368,-10.726878664536454,-10.709823233596262
ATF3,-11.290165237300021,-10.107870893699527,-11.167702205702808
NSL1,-9.414290481640284,-9.363763237377418,-9.43232899770428
TATDN3,-10.862635391158808,-10.994692450768177,-11.173457357371419
FLVCR1-DT,-12.469255422329528,-12.693126564494245,-12.676519915374836
FLVCR1,-10.697323075622066,-10.60752945961078,-10.682984399435538
VASH2,-12.805912489713252,-12.619212944690743,-12.965928827554524
ANGEL2,-10.072147299689448,-10.059851863968525,-10.104054807387833
RPS6KC1,-9.243451593300495,-9.096760289247793,-9.234815810392558
PROX1-AS1,-10.67762524746451,-10.86883998051054,-10.89516856670084
PROX1,-8.98280649752778,-9.146402698279383,-9.378870885745641
SMYD2,-9.533262119450907,-9.86944530237047,-9.961139670755108
PTPN14,-9.942181991274698,-9.796529715173193,-10.232944122297054
CENPF,-8.587172938174634,-9.39311538384429,-9.0570515343779
KCTD3,-9.559964571422011,-9.613808662663073,-9.73166737117857
USH2A,-11.541257763967298,-11.233615354615079,-11.784042367600042
ESRRG,-7.135156330786276,-7.173648514429995,-7.412268158281373
GPATCH2,-8.953744633951914,-8.821729474876307,-9.05969794989272
SPATA17,-10.952822781088477,-10.90661595633562,-10.888061118769107
RRP15,-9.514335569468873,-9.780713525288302,-9.720461339493285
TGFB2,-7.821216815477259,-7.813807205636845,-8.406696895936394
LYPLAL1-DT,-12.524238804010631,-12.372147742118123,-12.004137247303236
LYPLAL1,-9.226125020659635,-9.145652131177757,-9.050746110617208
SLC30A10,-10.895566428901363,-12.58008969901118,-12.750618923082001
EPRS1,-8.798941997399242,-8.822386201180697,-8.815979683677194
BPNT1,-10.742897138272125,-10.930185886528815,-10.908867829770035
IARS2,-9.105143868736654,-9.324959280700938,-9.294169397966282
RAB3GAP2,-9.29294537279149,-9.256785572666404,-9.38048291807593
MARK1,-8.681327688538884,-8.843276784893746,-9.014860916690772
MTARC2,-10.448948316169531,-10.42484631704768,-10.728365720542033
MTARC1,-10.837142359000762,-10.805837454585417,-11.439084959539104
DUSP10,-11.383120685416605,-11.288772827869813,-11.292034289488685
TAF1A,-11.85193791772832,-11.839620859378424,-11.683976493013578
TAF1A-AS1,-12.354843332110885,-12.83593871128367,-12.640667614414559
MIA3,-9.241872585448272,-9.12507626261893,-9.257890459190914
AIDA,-9.973003735593249,-10.00309480532718,-10.012413285815267
BROX,-10.02999562051017,-10.060753360093095,-10.121228904177501
DISP1,-9.619265109493707,-9.380535303203287,-9.648026925182476
SUSD4,-11.902915863316203,-10.094977882977132,-11.442056881774603
CAPN2,-10.078498034222829,-10.092575693007591,-10.256414034717535
TP53BP2,-9.31469668367831,-9.217454977167192,-9.3581467904779
ENSG00000291068,-11.954060944194099,-12.004731895813547,-12.15803855920493
ENSG00000290989,-11.662918804326655,-11.116997514115297,-11.130015835002077
FBXO28,-9.98007873994185,-9.928579494265572,-10.08241334763944
DEGS1,-10.093005746488295,-9.972911987528624,-10.270025292176502
NVL,-9.975801871513902,-9.835800309664398,-10.091954091813692
CNIH4,-9.852966465833346,-9.923357298202003,-9.900972000958573
WDR26,-9.416436106368003,-9.35613533713495,-9.53131059169469
CNIH3,-11.367400646139492,-11.370307686019846,-11.205365647928327
DNAH14,-9.26790463071099,-8.691984195733339,-8.54878334492878
LBR,-9.771339724413203,-9.78900015306593,-10.00706443539488
ENAH,-8.195841646068644,-8.145422051538333,-8.313391293371136
SRP9,-8.629252015561976,-8.693237107582414,-8.747434298382366
EPHX1,-12.041733121306434,-11.84253413435051,-12.009211325281647
ENSG00000242861,-12.451171682236325,-12.261930125518267,-12.444172319415408
TMEM63A,-11.273668748636501,-11.338477199956724,-11.470270753055484
PYCR2,-10.771452262358467,-10.819325641221612,-10.851385847258115
SDE2,-11.134595823046379,-11.190495136384975,-11.364641318143848
H3-3A,-6.82153346684228,-6.914595924390396,-6.909013607365451
ACBD3,-9.358504468069137,-9.277755650998722,-9.272107065397089
MIXL1,-12.728076271657073,-12.252982616257919,-12.03403292508538
LIN9,-10.214648594675106,-10.149933566171235,-10.331433957367398
PARP1,-8.7460111795038,-8.845104423093803,-8.829051497507042
STUM,-11.369450711177063,-11.610491466504,-11.979715778222369
ITPKB,-13.14857450702055,-12.634810470737856,-12.898234411198253
PSEN2,-11.557244152780758,-10.90932934276098,-11.456820318831795
COQ8A,-11.305666286669146,-11.60070068671371,-11.457912572157847
CDC42BPA,-8.598988170672449,-8.420943916091867,-8.679530856077
ZNF678,-10.331997740638654,-10.119614190698135,-10.524277445160497
SNAP47,-11.077356458761356,-11.25294363333101,-11.151550074784351
JMJD4,-12.017152039326318,-12.12435262198884,-11.942420382810901
ARF1,-8.256267185479201,-8.30473080719386,-8.228864764915336
C1orf35,-10.299133378243548,-10.371859693041939,-10.467200764316388
MRPL55,-10.579428960308677,-10.747837053992459,-10.689770048051173
GUK1,-9.496287407225227,-9.52338219173943,-9.571763567897396
IBA57,-11.850037952903882,-12.006881630543505,-12.190723730874884
OBSCN,-9.189988900539886,-9.021201677223905,-9.170322537807724
ENSG00000269934,-12.852009130413917,-12.696222665978283,-12.575622077406182
TRIM11,-11.491793716878803,-11.49958944908056,-11.635258572158719
ENSG00000231563,-12.586498014608527,-12.833494077027044,-13.063474023985183
H2AC25,-10.367188466932786,-10.636371960422236,-11.190568728223056
RNF187,-10.217808238037875,-10.26662356108542,-10.298405930511484
RHOU,-12.19642876761837,-11.852241462165711,-11.488613381170689
RAB4A,-9.643290647344301,-9.569428604311073,-9.555248135356145
CCSAP,-11.629863740743728,-11.587842826525945,-11.757098412361177
ACTA1,-11.647017308538908,-9.819862637996772,-10.531320870919053
NUP133,-9.7682452754283,-9.824966452590973,-9.83851163346845
ABCB10,-10.734566243182455,-10.465666493152565,-10.765310195632685
TAF5L,-10.943779534575242,-10.60770467604518,-11.204114223678308
URB2,-11.562683417248765,-11.539704263471291,-11.692782325220811
GALNT2,-9.344477446577798,-9.359759197938185,-9.611484791743806
COG2,-10.183412868863995,-10.284123291757222,-10.30963116653999
AGT,-11.907775926230983,-12.181884314009393,-12.29788729457422
C1orf198,-10.580215981795948,-10.528153458561144,-10.95149799507354
ENSG00000223393,-12.179295033643124,-12.241649590136817,-12.29194017492721
TTC13,-10.74144132890712,-10.845754459329196,-10.867120977519486
ARV1,-10.32534282675346,-10.389696268016952,-10.334217122567738
FAM89A,-10.548717494790942,-10.329764981216892,-11.078102999942692
C1orf131,-10.588946956770133,-10.689593557187266,-10.678886681385817
GNPAT,-10.176136214734093,-10.274628922585471,-10.187256225891442
EXOC8,-11.68440966737512,-11.418473704637812,-11.744438319029555
SPRTN,-11.10655191826568,-11.029264210813272,-11.133848992602811
EGLN1,-9.286701919513058,-9.520648611787637,-9.394397514266974
TSNAX,-9.585644457560688,-9.555962278232535,-9.636249887941807
DISC1,-9.504975437150945,-9.71137778798009,-9.748220966935662
ENSG00000286071,-9.21621630149504,-8.860631166384945,-8.594165620526487
SIPA1L2,-7.7487561826750895,-7.840833958428162,-7.745297903404678
MAP10,-12.269648046334044,-12.897154788696072,-11.219436937310075
NTPCR,-9.386619183848271,-9.434108135185829,-9.376415477572152
PCNX2,-10.246652645670048,-10.027981319384894,-10.059907869461727
MAP3K21,-12.451473605159777,-12.352205175872015,-12.06806608731681
KCNK1,-11.453647379646846,-12.070158147693293,-11.866872599707449
SLC35F3,-9.814976817880515,-9.96358719975952,-11.127665328104705
COA6,-10.101209289063771,-10.249839011812345,-9.958022008927522
TARBP1,-9.500730835224068,-9.40978141615429,-9.447792743791608
IRF2BP2,-9.69746601506421,-9.58277738364311,-9.777731041614524
TOMM20,-8.023097420362575,-8.090668055886775,-8.119347794616008
RBM34,-11.83186492475654,-11.885732656819352,-11.755615696370697
ARID4B,-8.452616545383014,-8.417833935923971,-8.589561955654272
GGPS1,-9.826958591985033,-9.803535116977343,-9.961073126376323
TBCE,-10.329211963240114,-10.472110728181422,-10.59352922827424
B3GALNT2,-9.849047965676778,-9.810813073411698,-9.95603533215558
LYST,-10.134826002955634,-10.163354421327355,-10.196390411316171
NID1,-10.106506665360046,-10.680790051167595,-10.60916220482587
GPR137B,-12.437635993572018,-12.35418534480584,-12.58353968707327
ERO1B,-12.18524793971868,-11.890203590448303,-12.009302337183671
LGALS8,-11.29529963507753,-11.172531843253326,-10.979396375252195
ENSG00000230325,-12.150347381099964,-12.526217396193315,-12.54110118400912
HEATR1,-9.964744972783361,-10.014078442507865,-10.024981985365844
ACTN2,-7.833216181018169,-7.625246736639297,-8.109857031611739
MTR,-8.63183523564504,-8.717413537713039,-8.846652217850664
RYR2,-5.8629929270659185,-5.899957281964285,-5.942627905326952
ENSG00000289628,-12.34261024686042,-12.334699646118757,-12.65816052031102
CHRM3,-12.592371626096403,-11.703992776896467,-10.342251795382372
FMN2,-11.982218641670235,-12.590072181278384,-12.010422118735955
GREM2,-10.133767236187518,-11.334790524497363,-10.589125724631977
FH,-9.528902837174913,-9.665662290323718,-9.533752550642186
OPN3,-10.937287326126587,-10.600296028865834,-10.675935474281825
CHML,-10.180239730366125,-10.322875653648111,-10.23907069238864
EXO1,-11.318419584545584,-11.665999880242081,-11.89771335627491
PLD5,-11.456578745058703,-11.295874416324928,-12.64047160940532
CEP170,-8.697442462805425,-8.683028101393518,-8.971799384701892
SDCCAG8,-8.952782403695766,-8.79258048410016,-8.936497032139735
AKT3,-8.564019435910533,-8.568052923473765,-9.008790686462602
ZBTB18,-11.254636114465745,-11.169260341822586,-11.644644083852306
ENSG00000240963,-11.99886870879637,-12.092436826007408,-12.131518287932407
ADSS2,-9.807751337752752,-9.814969000150798,-9.834260105819183
CATSPERE,-11.167937285305845,-10.730302592482772,-11.14091811268921
DESI2,-9.6365776564872,-9.715878752511664,-9.77826134155498
COX20,-9.331743325981938,-9.323388166937848,-9.203224729250666
HNRNPU,-7.421080624520834,-7.554451400160256,-7.605441946834838
EFCAB2,-8.931716242549664,-8.7849718473607,-8.91110047001298
KIF26B,-6.287262407112165,-6.424388304041892,-6.448042480953695
KIF26B-AS1,-10.421088715687025,-10.59880960969337,-10.475566476197223
SMYD3,-8.002140362379444,-8.030416557766475,-8.057195775480137
TFB2M,-11.063012253666502,-11.12365935974657,-11.104483454148335
CNST,-10.14939312292511,-10.106048152301618,-10.352902998130824
SCCPDH,-9.68689138682312,-9.804926706088938,-9.831178170613939
LINC01341,-11.721459197002154,-11.908858106553959,-12.0792655813753
AHCTF1,-9.485393815319865,-9.442110880108796,-9.559197264395753
ZNF695,-12.482261359741003,-12.300826025020497,-12.604294214374715
ZNF670,-11.281794025102233,-11.334132867999848,-11.479440477278745
ZNF669,-11.8921247246752,-11.897397702558454,-12.083048253419435
ZNF124,-9.476009074819018,-9.62636255219388,-9.687751373282989
ENSG00000259865,-13.091326606555938,-12.61214041304766,-13.264062600883971
ENSG00000290683,-11.915632133286469,-12.185154956265594,-12.289151578331467
ZNF496,-10.78082584775001,-10.69190616430129,-11.017830359339133
ZNF496-DT,-10.139864929162378,-10.115677719584644,-10.291660263920265
TRIM58,-12.878958446505743,-12.482103828108615,-11.962059762050595
SH3BP5L,-11.971896169852535,-12.036525700187477,-12.158847800706738
ZNF672,-11.622943438844679,-11.560788351942088,-11.48676773182175
ZNF692,-11.969373100669499,-11.628055485427963,-11.82964630161796
PGBD2,-11.854782070060581,-11.70588455189362,-11.940877390609304
SH3YL1,-10.438386824939764,-10.369208882091709,-10.374294277752963
ACP1,-9.241863884924348,-9.367275700485267,-9.307041374514034
TMEM18,-9.95744950863815,-10.04133875844692,-10.209700640730528
SNTG2,-11.907013749476135,-11.80179269465168,-12.55174679072043
PXDN,-9.513432737418325,-9.42403078371915,-9.441543509361672
EIPR1,-10.639017953978927,-10.724298361476928,-10.874606560762988
TRAPPC12,-10.133343159622267,-10.24199366832701,-10.168201912943504
ADI1,-10.107633672905036,-10.098060994442987,-10.313244988802312
RNASEH1,-10.172535259096552,-10.229835383662211,-10.379466472528927
RNASEH1-DT,-10.844458105775969,-10.888805134876733,-11.003760730221787
RPS7,-6.369801989768834,-6.570297563270809,-6.391347101400126
COLEC11,-12.711314482581361,-12.650028663777146,-12.232668192327393
SOX11,-9.788146066028947,-9.598325563766991,-9.922334320587483
RNF144A,-10.346950972820318,-10.759667870537323,-10.149708480322525
LINC00299,-12.784738723870076,-12.732725432421667,-12.6256370124465
ID2-AS1,-12.497260296276298,-11.936189068108785,-11.745490164916067
ID2,-8.268017085388442,-8.195058341103499,-8.196664031843019
KIDINS220,-8.477403226433724,-8.505782243037297,-8.51533277957516
MBOAT2,-9.213586039340258,-9.228382982566218,-9.259848588746118
ASAP2,-9.456719678559288,-9.565562064152369,-9.84091955115449
ITGB1BP1,-9.899035859181232,-9.988247971109796,-10.006841633749342
CPSF3,-9.964633016944033,-10.0917344639622,-10.179548168780217
IAH1,-12.280484508620589,-10.516908717764704,-10.782983872815874
ADAM17,-9.561628334867336,-9.532269502453486,-9.611862063450515
YWHAQ,-8.247143625318953,-8.414692513097005,-8.488279936153072
TAF1B,-9.880609283126823,-9.88170141830919,-9.93183187375318
ENSG00000269973,-12.516902943431003,-12.740591313612043,-12.70707113652174
GRHL1,-12.861746741887309,-12.892924439274841,-12.998985684292792
ENSG00000260077,-11.988715250605956,-11.932350718311337,-12.239632884694501
KLF11,-10.89207217940147,-10.943412704443123,-11.026514515490678
RRM2,-10.812123172788077,-10.939525295814779,-11.576941067664999
HPCAL1,-11.773588336773638,-12.091269419683602,-12.015361011495889
ODC1,-9.104537733510906,-9.22552776687111,-9.174486633966485
NOL10,-9.62556896405374,-9.741945847757059,-9.725704933951205
PDIA6,-8.097074372289967,-8.074325223507405,-8.1878804851356
SLC66A3,-12.135359238993491,-11.922235620321967,-12.04806007848991
ROCK2,-8.639271499525597,-8.684454287979833,-8.78492945426343
E2F6,-10.722445751719514,-10.462141497415619,-10.697995328004406
GREB1,-9.30251754536309,-9.313558170543875,-9.706300352677404
LPIN1,-9.99585552894575,-10.033648384760767,-9.883982178962096
TRIB2,-10.004964671255383,-10.095758519028577,-10.332042164598318
LINC00276,-11.468527196158314,-11.449463156585976,-12.54547348365641
LRATD1,-12.688388604261288,-13.027219686818084,-12.80458421034646
ENSG00000287291,-11.744277437832963,-11.771243975774457,-12.293592323324365
NBAS,-8.722860571081645,-8.76900697495002,-8.85108927336382
DDX1,-9.08981035729031,-9.123446629841746,-9.212580833166605
MYCNOS,-12.525901322811663,-12.829694941469052,-12.81140859177219
MYCN,-9.951055076680914,-10.373919410741955,-10.109024433448171
CYRIA,-12.248929438124367,-12.39356772629843,-12.771241429942899
SMC6,-9.403479900388243,-9.450470040480708,-9.488838296806344
GEN1,-10.439725330717483,-10.428167767386894,-10.620038622208115
RDH14,-10.130771472455468,-10.313918262013306,-9.970535750547413
LINC01376,-10.746766514669355,-10.958352750777843,-10.780656350666758
OSR1,-11.856002145798596,-11.852683620410009,-10.774690684921687
TTC32,-10.557201666646018,-10.522668467825376,-10.94163435689381
WDR35,-9.790185239546824,-9.820466443092055,-9.870028006870596
MATN3,-12.159079461561602,-12.635781349554653,-12.974659617177908
LAPTM4A,-8.528763624657625,-8.508144059127854,-8.680218849504515
PUM2,-8.399543067300414,-8.412572163681757,-8.534881999501804
RHOB,-10.81083113113733,-10.685330016407171,-10.935598461058317
HS1BP3,-12.54289120535477,-12.5850593594934,-12.319395602778577
LDAH,-9.7103471730082,-9.692434039048644,-9.626013998525023
APOB,-12.24243359515895,-12.276645694664603,-12.337611594437979
KLHL29,-11.975628909912434,-11.697744838724208,-11.137261248881739
ATAD2B,-9.000489502004772,-9.017590064673838,-9.069595958877064
UBXN2A,-9.211852464417243,-9.322105075379302,-9.39962389353297
WDCP,-11.398242237772559,-11.551295532063765,-11.374413035831068
FKBP1B,-10.995590705255166,-11.214043046077085,-11.168111086466734
SF3B6,-8.533978811523221,-8.733309331682536,-8.620144376567135
FAM228B,-9.733341056691119,-9.696467782004298,-9.634834993310147
TP53I3,-10.695296280109904,-10.838952590684295,-10.982849902535646
ITSN2,-8.80810295778551,-8.825737014162875,-9.023698324887027
NCOA1,-8.470276505592125,-8.442960384658361,-8.827920625931563
PTRHD1,-10.039829993288887,-10.17512113135832,-10.47228269531056
CENPO,-11.66553683812748,-11.718821219654194,-12.045749166961295
ADCY3,-12.33434724597003,-12.409015008658018,-12.668584246692747
DNAJC27,-10.945010603223766,-11.083768360511307,-10.913039025840842
DNAJC27-AS1,-12.34359285403993,-12.12921985391511,-12.187147838817527
EFR3B,-11.152594899859707,-11.163534470759974,-11.418675326436219
DNMT3A,-9.396068610619585,-9.459491749897852,-9.557455103757823
DTNB,-9.462973929647353,-9.43746582382659,-9.380194928555646
ASXL2,-9.425775472787297,-9.446874059939882,-9.61500155900879
KIF3C,-12.39083362782045,-12.401023253384793,-12.923056374739161
RAB10,-8.803966824245373,-8.761626323072429,-8.84118077886383
HADHA,-8.472289628682676,-8.564523020063389,-8.501118789711496
HADHB,-9.156757484019158,-9.199101916297186,-9.189666620211067
SELENOI,-10.294156076160153,-10.315346446223636,-10.241409177394365
SLC35F6,-12.171422341721682,-12.011444446569323,-12.185188394952613
CENPA,-11.686220075399211,-12.517915733079093,-12.114496266744096
DPYSL5,-13.231334689360152,-13.042168670722255,-13.21406267437233
MAPRE3,-9.909549481032155,-9.879095839908116,-9.803774058283345
TMEM214,-11.598174686639556,-11.78616695026262,-11.688777246740527
AGBL5,-11.031691135557876,-11.143818535152834,-11.491646301967394
OST4,-8.233808314455903,-8.327089071933859,-8.359128888906973
KHK,-12.222663864496292,-12.695780132356571,-11.964644989736147
PREB,-11.330868704870507,-11.500330745730936,-11.305351573669665
SLC5A6,-11.606657408526235,-11.642180149287995,-11.790091173708214
ATRAID,-9.432577207046396,-9.403383865068639,-9.44777995341353
CAD,-11.394149287791356,-11.498468667245312,-11.751331999776795
SLC30A3,-10.354596690294626,-10.686147990696464,-10.299585025565422
DNAJC5G,-11.374461807174471,-11.415065422154122,-11.15247457472655
TRIM54,-10.282662742957447,-10.1234228325493,-10.469980416590934
MPV17,-10.91759987003036,-10.98467556649899,-10.952519745244997
GTF3C2,-10.647989530664045,-10.672617763742176,-10.869289429727024
GTF3C2-AS2,-12.520212205283872,-12.250677755439494,-12.469555656433425
EIF2B4,-10.940435277672128,-11.032382385646152,-10.922776291121359
SNX17,-10.158868490729594,-10.384965507714101,-10.253924586093467
ZNF513,-12.37954536603819,-12.423325568937484,-12.663387225293638
PPM1G,-8.832339694010873,-8.990197365829264,-9.007527177215296
NRBP1,-9.692391022552847,-9.7528996232345,-9.773460364359481
IFT172,-10.650429372037296,-10.621514338382823,-10.738695272521806
FNDC4,-11.774142865444224,-11.736611912822301,-11.847348835241892
ZNF512,-10.450730446257882,-10.840847900386047,-10.473804439510467
CCDC121,-11.996896982555686,-12.232166723791806,-12.08759296618314
GPN1,-10.696147516598282,-10.82540402510633,-10.717367857950329
SUPT7L,-10.88465915395881,-10.850128060646968,-10.94621870869919
SLC4A1AP,-10.036544407324238,-10.056035451485004,-10.204276482594315
MRPL33,-9.357377412589221,-9.378979810664049,-9.380355957342351
RBKS,-11.298289387359652,-11.39245257587393,-11.256627428173514
BABAM2,-8.954381794778621,-8.920483248507772,-9.004637090448924
FOSL2,-12.746087575708774,-12.326288046534362,-12.523599719275028
PPP1CB-DT,-12.360332365469015,-12.228028589646033,-12.427516492427086
PPP1CB,-8.50308149902454,-8.5599448416505,-8.394103823835364
SPDYA,-12.290275105411432,-12.096305820384107,-12.487741929808713
TRMT61B,-10.539375312636622,-10.531528058653915,-10.577699211129625
WDR43,-9.173282368309737,-9.348282430342682,-9.253340688336161
CLIP4,-10.909158736138192,-10.991295784240693,-11.003841023221971
ALK,-10.787955366322663,-11.58652009487241,-11.850897162936946
YPEL5,-9.337352763395721,-9.228548023926072,-9.3338069215927
LBH,-8.132559350804371,-7.760056596920164,-8.218207999544825
LCLAT1,-8.955241609335115,-8.792806821210585,-9.054282911493837
GALNT14,-12.636558134048512,-12.191213623656866,-12.764750305579305
EHD3,-11.32378320850184,-11.39598702942181,-11.455060350568802
XDH,-12.476381491835648,-12.23952519172504,-10.937179987532788
MEMO1,-11.704100317959774,-11.78297765409667,-11.836582058503465
DPY30,-9.46695681956963,-9.638295532026442,-9.531207208473354
SPAST,-9.636093243126329,-9.563816025791688,-9.65567562717131
SLC30A6,-10.128221394777158,-10.253847612672457,-10.16966540435552
ENSG00000289727,-11.637007967026102,-11.470072656107087,-11.736421183476443
YIPF4,-9.558672573507524,-9.558086142465072,-9.678686415480316
BIRC6,-8.074276924630563,-8.11250387858751,-8.202821122172129
ENSG00000276334,-12.284841012566801,-12.430191535923305,-12.445718762285596
ENSG00000276517,-12.037325163657657,-11.891091564430216,-12.139775380066892
BIRC6-AS2,-11.983827703921454,-11.80078138793092,-12.024701751034788
TTC27,-10.156712888556774,-10.176205440061702,-10.263986122324175
LINC00486,-9.102941927926654,-9.104420459407258,-9.147506441830059
LTBP1,-7.501538929311228,-7.403804541715109,-7.701777750606849
RASGRP3,-11.650331625363846,-10.993549649475368,-11.28792479116373
FAM98A,-10.23952578620158,-10.140007632969436,-10.22301225707456
ENSG00000286415,-12.094056829359047,-12.092959694633414,-12.181004627924164
CRIM1,-10.275984630773358,-10.369641405301632,-10.082358984058944
FEZ2,-9.69380426396845,-9.828491330934023,-9.731165018191465
STRN,-9.13733888674627,-9.078905386260361,-8.93539711848958
HEATR5B,-9.93188572582714,-9.895184976184344,-10.03190423632999
GPATCH11,-10.848028696697531,-10.80129288653963,-10.922065942130946
EIF2AK2,-9.797454269130254,-9.721607012270278,-9.804360275906525
CEBPZ,-9.311911120738667,-9.349059896057536,-9.286266896925559
NDUFAF7,-10.445437832957703,-10.535472983375058,-10.5441661875495
PRKD3,-9.541480346769465,-9.586498753741672,-9.760192943072221
CDC42EP3,-9.15508969120497,-9.183365131406637,-9.589838462679058
RMDN2,-11.099370747262553,-11.025665387570793,-11.157276572866845
ATL2,-9.82550916110696,-9.840388602710854,-9.98203165578414
HNRNPLL,-9.560445536922058,-9.534347745867937,-9.683547856049664
GALM,-10.493864386042626,-10.638275771120167,-10.601637988889985
SRSF7,-8.67379344683732,-8.78751272353392,-8.758130469857212
GEMIN6,-11.223111567368203,-11.229308750039676,-11.166064576995938
DHX57,-10.003311548730679,-10.06798645530073,-10.14872875707255
MORN2,-11.034895080141089,-10.975594743107782,-11.005421958905258
SOS1,-8.246972485939759,-8.2350735296875,-8.332687474230717
CDKL4,-12.454896009341692,-11.987705529837498,-12.3982039567947
MAP4K3,-8.624975443483129,-8.455760580422032,-8.594358956646373
MAP4K3-DT,-10.016442869963925,-9.87186108239256,-9.977581185424775
TMEM178A,-10.734592248863546,-11.345719933957223,-11.153445302877863
THUMPD2,-9.921898151531975,-10.014305853579911,-9.850336044132481
SLC8A1-AS1,-9.48927218367668,-9.497480411536465,-9.374469806927129
SLC8A1,-5.488934010709576,-5.601468220447896,-5.513086207439912
ENSG00000289013,-10.279149799411643,-10.386668289247952,-10.284209637633973
ENSG00000287255,-12.861613954923357,-12.986999669675672,-12.802276016591067
PKDCC,-10.233980824587068,-10.162947961494165,-10.209944360576559
EML4,-8.38878930835818,-8.372929067311935,-8.528430949647023
COX7A2L,-8.941009993124888,-9.089482122499373,-9.082651884448428
MTA3,-9.146597804331925,-9.093249671164997,-9.279690167959973
ZFP36L2,-9.762132873517075,-10.042212935004237,-9.80675060371014
THADA,-9.660822751688197,-9.696121000579893,-9.826808731989987
DYNC2LI1,-10.244267036169965,-10.082507464926808,-10.177959445519662
LRPPRC,-8.511814191022589,-8.60054613729707,-8.516589607255293
PPM1B,-9.692978575513237,-9.603954243437467,-9.700803363932607
PREPL,-9.640123025617862,-9.658146755384127,-9.755226115694636
CAMKMT,-8.992981487017145,-8.894864683040968,-9.075237927241739
SRBD1,-9.538706634401589,-9.685589122509098,-9.587651123973234
PRKCE,-9.06809714993672,-9.109091885208947,-9.23701185142395
EPAS1,-13.04762736807626,-13.016120366465206,-12.885774712860353
ATP6V1E2,-11.437748960786005,-11.55461546408864,-11.47714889253754
RHOQ,-8.518801738424091,-8.740674998978525,-8.586455416279083
RHOQ-AS1,-12.49713236422084,-12.593525360993096,-12.339908203973684
PIGF,-10.220704836874484,-10.189840657382337,-10.073539329507005
CRIPT,-9.835038346228847,-9.9566742126032,-9.927293267627952
LINC01118,-12.16801633871472,-11.73152015147578,-12.010456467943955
SOCS5,-10.994505983475218,-10.79859383639433,-10.82400283235898
MCFD2,-9.74332960925166,-9.742650777446219,-9.774520238811656
TTC7A,-11.02860944816234,-10.907215841673569,-11.087219027439804
CALM2,-7.807025270621604,-7.936989016447389,-7.864752941685849
EPCAM-DT,-12.406630893766842,-12.462934677341705,-12.088985520725448
EPCAM,-11.624742507872865,-11.791829959855173,-11.296377332837984
MSH2,-9.130584952319008,-9.121938032906101,-9.228069911369532
MSH6,-9.123114782787425,-9.200110849977575,-9.238521896560071
FBXO11,-8.554025005042433,-8.592195321649244,-8.64359248517764
ENSG00000230773,-13.232857623667645,-12.830075991483596,-12.60530786769356
FOXN2,-10.852749996536948,-10.64936346646668,-10.911245041761457
PPP1R21,-9.954760279143972,-9.998875409289935,-10.135095041541284
STON1,-10.41525554130611,-10.496287503414692,-10.54167350715729
FSHR,-12.433515024563462,-12.341440217748808,-11.428842747148357
NRXN1,-8.530682682529179,-8.970713631984578,-8.464456008760285
ENSG00000228033,-9.388306053870041,-9.315976684927422,-9.505807177852251
ASB3,-9.067165944952437,-9.104677007410842,-9.29560910487539
CHAC2,-11.951894919868918,-12.360006624164065,-12.244796123805465
ERLEC1,-9.837916733675378,-9.745428191073596,-9.880861433386283
PSME4,-9.205776621535614,-9.200866420449028,-9.334713143256334
ACYP2,-9.027005057862024,-9.123913899842448,-9.044888862313792
SPTBN1,-7.452170604664503,-7.407963640515873,-7.688342142248178
SPTBN1-AS1,-12.71294441812783,-12.960355516865643,-13.010437706896143
EML6,-12.020934017880892,-11.692822219487343,-12.340120422779142
RTN4,-7.765811270536824,-7.753834899342227,-7.914435863708113
CLHC1,-10.028301090354567,-10.082088467427322,-10.222030354262865
RPS27A,-6.5252603109027225,-6.666592188153815,-6.642338481180489
MTIF2,-10.007980891228938,-10.136237498775934,-10.125467993860092
ENSG00000240401,-12.585747635795272,-12.341191294871797,-12.336037279034294
CCDC88A,-8.631900078605094,-8.642372043385343,-8.751614315966906
CFAP36,-10.433473970033269,-10.403713354918535,-10.315672794730611
PPP4R3B,-9.279147202245886,-9.30031415812552,-9.415341689074728
PNPT1,-9.792590886379722,-9.896972015229183,-9.934109310506605
CCDC85A,-11.018344717116818,-11.185330638185635,-11.012158196353292
ENSG00000285755,-12.074887678922808,-12.042895137915947,-12.099354668232854
VRK2,-9.894923066537906,-9.963742355418738,-9.821765896952387
ENSG00000287875,-12.756243620538687,-12.764639742996168,-12.77709592785076
FANCL,-9.582291220440668,-9.63709540777472,-9.658333821761138
LINC01122,-9.907152877298106,-10.089791774952012,-10.177552811380698
BCL11A,-9.57512862935891,-10.133771053787195,-9.61669832851257
PAPOLG,-10.08628514029838,-10.248773889264754,-10.294554980325238
REL-DT,-13.006139379035876,-13.156655166265558,-13.12735503310978
REL,-10.469316155404927,-10.421673386565569,-10.504763891396445
PUS10,-11.316570062251056,-11.101910195464097,-11.224489430249031
PEX13,-10.117234248964042,-10.177310671660909,-10.142828813610038
SANBR,-10.131874611960356,-10.07493690521129,-10.278252614434003
C2orf74-DT,-11.617279941988429,-11.952105858737365,-12.019169813626695
C2orf74,-10.616213477084957,-10.221489759915276,-10.676821791551243
USP34,-8.10057556186092,-8.07496824439666,-8.207310207356484
USP34-DT,-12.759844265791282,-12.742522851868875,-12.684653746338986
XPO1,-8.388103664336596,-8.365675441772371,-8.468721289567958
FAM161A,-10.164904299606567,-10.054934444055572,-10.208293998667266
CCT4,-8.312327986234552,-8.508705169863738,-8.35778477247726
COMMD1,-8.972583076503867,-8.967098750336607,-9.093583708062564
ENSG00000229839,-12.47876243443476,-12.691271289883181,-12.721492502846349
B3GNT2,-10.954431755365643,-10.711162369212643,-10.974848383514393
TMEM17,-12.086119068530401,-12.203954599315063,-12.45341544866049
EHBP1,-8.251650651487951,-8.249708772259416,-8.414394594192663
ENSG00000226605,-12.986633947237546,-12.884795242031018,-13.01747019739195
EHBP1-AS1,-12.466267328080733,-12.635386971479294,-12.921586702448952
WDPCP,-8.711971388470062,-8.703347524116898,-8.947387283932281
MDH1,-7.5015913320425005,-7.707264489219601,-7.644986907413495
UGP2,-7.897716582996812,-8.015613000046175,-8.054970865976848
VPS54,-9.039167379495717,-9.025054279559749,-9.132340362636038
PELI1,-10.666570231760057,-10.730821083653424,-11.006672285177464
LGALSL,-11.4126906761617,-11.59811701301889,-11.566676784456854
AFTPH,-9.856601373061716,-9.815209725561983,-9.901991588901277
SERTAD2,-9.959931218713717,-9.873633515924384,-10.099306769141785
LINC02245,-10.839154150629875,-10.77098694724074,-10.982504201012524
SLC1A4,-10.58908125279907,-10.891041821378057,-10.512463439454788
CEP68,-10.531434142825224,-10.542032931481092,-10.55795881772521
RAB1A,-9.122907815773198,-9.091138341913652,-9.138081328761531
ACTR2,-8.809252244793491,-8.84005640773759,-8.915443033602138
SPRED2,-10.458753688771711,-9.96915106339574,-10.242684419611061
LINC02934,-12.883866367896642,-11.407533758854695,-11.723972460993899
MEIS1-AS3,-12.673293819332613,-13.032999762983577,-12.080029937029328
MEIS1,-8.457446908615118,-8.42966985830376,-8.546099489341682
LINC01798,-10.430198256039073,-10.407197431503956,-10.214242282176533
LINC01799,-12.860772962763242,-12.91942144934108,-12.354069036366857
LINC01828,-11.522986258034795,-11.090076987837524,-10.811628462730068
LINC01829,-12.588130247273764,-12.547241181426804,-11.955597331042615
ETAA1,-10.50641742074256,-10.427276152097482,-10.544927019540639
C1D,-9.660105106323705,-9.724421641290897,-9.632413519456305
DNAAF10,-10.747223907213153,-10.784830400740756,-10.888776973761807
PNO1,-10.143776516353322,-10.285296037197535,-10.22733295247511
PPP3R1,-8.992971591887823,-8.9835282660739,-9.081775158794711
ENSG00000289156,-12.941421478371655,-12.84675100598976,-12.76532307877508
CNRIP1,-12.334196220686282,-11.548639935572396,-11.922331417042724
FBXO48,-12.951910912159786,-12.91739749246164,-12.666936371884441
APLF,-10.2291707812547,-10.029475698336224,-10.189622486917152
ARHGAP25,-12.780944166343529,-11.864931253498343,-11.147576353026631
BMP10,-11.63573013270893,-11.796749516069365,-12.274306814506092
ANTXR1,-8.705289908329599,-8.819187996611682,-8.980320443079899
GFPT1,-9.552904777502745,-9.483906276147998,-9.555592561446675
NFU1,-9.734410604624845,-9.903026689572801,-9.785864854425615
AAK1,-8.490324697199497,-8.38465778054139,-8.61550887343977
ANXA4,-9.906319845432922,-9.734412259782045,-10.042510440257436
SMANTIS,-11.859298960092536,-12.445393440831044,-12.885760299115024
GMCL1,-9.552128456871872,-9.60084651759626,-9.948312067790312
SNRNP27,-9.936603263904404,-10.052036896681082,-9.959874660189168
MXD1,-10.835043427166394,-10.960116409116958,-11.081389919459713
PCBP1-AS1,-9.903592110835477,-10.064573285100911,-10.266977094672244
PCBP1,-8.558198712826707,-8.77643380177029,-8.651990224163837
C2orf42,-11.662984078610924,-11.737202840870916,-11.798565912935306
TIA1,-9.099312868553483,-9.248400816722313,-9.236228656372901
PCYOX1,-9.455607514215425,-9.478487080310698,-9.611469955104297
SNRPG,-8.966294667945396,-9.092173361074913,-9.077691016773368
FAM136A,-9.359531415490004,-9.6215753762584,-9.359078379224503
ADD2,-11.699908496057287,-11.899215838125976,-10.995601430594451
TEX261,-11.501979561802473,-11.469954533391434,-11.73357479115526
NAGK,-10.586976560523116,-10.696461192388483,-10.636095010302778
MCEE,-10.234348833508703,-10.317373865532662,-10.422560850278973
MPHOSPH10,-9.638143884989553,-9.771649522639937,-9.77672244876823
PAIP2B,-10.389558904468586,-10.819257776932664,-10.39300479593276
ZNF638,-7.90336705957049,-7.93296897543576,-8.046492141181071
ENSG00000289463,-11.65490425217991,-11.649382391963115,-11.72803054772107
DYSF,-10.025116225654832,-9.91613531962264,-10.201936417328136
EXOC6B,-7.718235856999921,-7.494865960674375,-7.633304738244777
SPR,-12.341535630022133,-12.998016983262886,-12.617883140828612
SFXN5,-10.86523728875061,-10.877665083188004,-10.947831990719415
SMYD5,-12.1771804481968,-12.124887680867351,-12.3010945500176
PRADC1,-10.76511262993226,-10.85607809969281,-10.802562611458331
CCT7,-9.186298599802509,-9.408111935054825,-9.296538834439742
FBXO41,-12.404045863260635,-12.910889394083705,-12.955230368339876
ALMS1,-9.189382059258485,-9.18587173202362,-9.30452645591993
ALMS1P1,-12.612518357679367,-12.103094181894003,-13.044192911894012
TPRKB,-10.136408549193394,-10.390440068404008,-10.170403140200309
DUSP11,-10.628299513049923,-10.830598007828472,-10.82293911078666
STAMBP,-10.21178488025272,-10.211965853008635,-10.260051160968288
DGUOK,-9.595365295527712,-9.628554988528768,-9.633669626728471
TET3,-9.907038625258714,-9.970356100364688,-10.068550719739662
BOLA3,-10.323379687087966,-10.602189649718742,-10.567827817833756
BOLA3-DT,-11.823472134433992,-11.985947519533656,-11.939615447970693
MOB1A,-9.607264203277637,-9.581419199251352,-9.598099525789237
MTHFD2,-10.201540344814623,-10.285531033017218,-10.286945385315146
SLC4A5,-11.422167261682047,-11.278277572316947,-11.34837542460675
DCTN1,-9.856468401986245,-9.926240437305824,-9.94296997330264
C2orf81,-13.155910743598433,-12.704652200843638,-12.794625145413873
WDR54,-10.689960018110819,-11.03440623237303,-10.612658468229133
RTKN,-11.195545278962241,-11.221643066733076,-11.256686193777524
INO80B,-12.38285909808897,-12.210853645249093,-12.020507331951944
WBP1,-10.438374341113748,-10.443860523140051,-10.636861084787657
MOGS,-11.17928289644108,-11.199110535194766,-11.173762579217033
CCDC142,-12.111094587977577,-12.224551798075357,-12.416321225955816
TTC31,-11.749408115492871,-11.859669402183595,-12.188556297011496
PCGF1,-12.549768223718086,-12.635134102444523,-12.49283286912221
AUP1,-10.82083669916598,-10.871339466499048,-10.957534304182337
HTRA2,-11.082893611799626,-11.220929562619531,-11.128959934569732
LOXL3,-12.029311131187896,-12.026175057638289,-12.444161910595566
DOK1,-12.660487632155982,-12.801906904215747,-12.861609129337221
SEMA4F,-12.763441015825142,-13.045596220102526,-13.10080186387206
ENSG00000286739,-12.860932445229958,-11.97506171286834,-12.25979179120285
HK2-DT,-12.735978164430401,-13.014089094548602,-13.152603471003864
HK2,-10.112140405231347,-10.219445453751327,-10.177207616558343
POLE4,-10.176862226469598,-10.365060613138573,-10.654028005987392
ENSG00000270571,-12.013266737103176,-11.892341020957113,-12.448063511013041
MRPL19,-9.242154231498219,-9.352961001578091,-9.458951567525133
GCFC2,-10.194184437318382,-10.154760542746747,-10.0213687335025
LRRTM4,-8.047776724077451,-7.588369000517329,-8.180971063748585
CTNNA2,-9.648101970591267,-9.388996876139768,-10.26251701290949
LRRTM1,-12.71795475840018,-11.971785628736605,-13.040849246008571
SUCLG1,-9.0980214220123,-9.146398076312297,-9.131080915830777
DNAH6,-11.486761736602533,-12.239939597858434,-11.949858329189485
TMSB10,-7.880332362087834,-8.086775602315802,-7.8279611772024
ENSG00000290085,-12.720345164764248,-13.05733010001141,-13.186920292187919
KCMF1,-9.547429837182268,-9.45789651243782,-9.623749869865629
TCF7L1,-9.568907019381797,-9.556672350986968,-9.758622731097358
TGOLN2,-9.948957350551492,-10.175077338783185,-10.27238023988146
RETSAT,-12.57680541776275,-12.31898241548758,-12.623951559986752
ELMOD3,-11.174025455472725,-11.442488061053329,-11.205472397402414
PARTICL,-12.543179693173114,-12.989371224901394,-12.736577298635773
MAT2A,-8.969255982542766,-8.90017914500921,-8.946713080323919
GGCX,-11.136401821820115,-11.003025091086757,-11.197447260260699
VAMP8,-11.71227343249813,-11.53433583927989,-10.982574410932028
RNF181,-9.685219739161047,-9.779161178675281,-9.587593333211505
TMEM150A,-11.638122442930504,-11.47070258938474,-11.453818558432532
USP39,-10.34957408774762,-10.46878401958577,-10.47020600573032
C2orf68,-10.679207443082838,-10.742758069234133,-10.802039952569547
ST3GAL5,-11.959730982269267,-11.491989861943198,-11.484949629789579
POLR1A,-10.374067680927947,-10.451639723750622,-10.577769116768367
PTCD3,-9.415406254397679,-9.396671204703491,-9.515651393230002
IMMT,-8.73604083743694,-8.79808251438021,-8.752722462406263
ENSG00000273080,-12.765024230305567,-12.643710550387665,-12.640590799882943
MRPL35,-10.44622239984398,-10.472181904542483,-10.528137409021438
REEP1,-9.601730756944239,-9.71065488975467,-9.946787331145256
KDM3A,-9.077439476480311,-9.048134920303523,-9.174788319016159
CHMP3,-9.577051466886124,-9.650798349810394,-9.811765723311787
CHMP3-AS1,-12.835759265304098,-13.066264712655181,-12.923320333794205
RNF103,-10.703364828046112,-10.52862117521141,-10.75508849989803
RMND5A,-9.726576467214132,-9.717512426038125,-9.80514515717735
ENSG00000287763,-12.93530147374542,-12.69622984594728,-12.343651097476023
KRCC1,-9.622843036200555,-9.768181921736984,-9.780857302341959
SMYD1,-8.40491526510896,-8.438260428552955,-8.577606102448948
THNSL2,-13.083505630254617,-12.21152993471713,-11.080670078431433
EIF2AK3,-10.400051730466863,-10.190609056314154,-10.31258692406172
RPIA,-10.731642771444436,-10.91881465481112,-10.745280092122718
LSP1P5.1,-11.585977418005136,-12.02750555029846,-11.976165638563225
MRPS5,-9.190419361264956,-9.268590422572707,-9.170921459266944
ZNF514,-11.132499598533554,-11.020920455613917,-11.261715881241447
ZNF2,-12.361096681466327,-12.521222203683342,-12.525473562960055
ZNF892,-10.65208563292254,-10.258180011901029,-10.651169777191678
FAHD2A,-11.545195039065133,-11.559485656753994,-11.462257255367684
LINC00342,-9.2450778179141,-9.481319270836723,-9.465032176572764
ANKRD36C,-9.283619517061155,-9.507876943262653,-9.467099927704758
ENSG00000291176,-11.841882962805826,-11.755275114720295,-11.68641481871942
ADRA2B,-12.578117038855531,-12.91496800709321,-12.533087834873374
STARD7,-9.479668329399,-9.479897520548612,-9.56115786472658
STARD7-AS1,-11.430836408088153,-11.413677730985778,-11.45903715151459
TMEM127,-10.482579541090464,-10.333255176910722,-10.46263577851434
CIAO1,-9.633469183413453,-9.690120924915703,-9.687345705186598
SNRNP200,-9.331139794498394,-9.442005308125239,-9.46485561519624
NCAPH,-11.463060783031345,-11.99733775659879,-12.025413647799274
KANSL3,-10.083506288046516,-10.1372183494894,-10.241405823333398
FER1L5,-12.901054294077374,-12.943972357538383,-12.437386056124618
LMAN2L,-10.658916661166453,-10.729358668593877,-10.863467379395134
CNNM4,-11.661086728056222,-11.444802119066981,-11.703925829822515
ENSG00000289135,-11.755788200609047,-12.143914966474284,-12.045989599331117
CNNM3,-11.589575901437685,-11.650735352196223,-11.879290823985562
ANKRD23,-12.22328227752907,-12.187453023782213,-12.2485021841792
ANKRD39,-11.606645910481237,-11.50851825445957,-11.42505896523181
SEMA4C,-11.650195396013073,-11.694632258852456,-12.106320552064998
FAHD2B,-11.83136618070332,-11.666931831449814,-11.670880104170152
ANKRD36,-9.004494649305059,-8.614235493876292,-9.055258697966286
ENSG00000277701,-11.355462966834981,-11.06013156411266,-11.527468776961166
APPAT,-9.549930132971602,-9.388422904730772,-9.621212950369175
ANKRD36B,-9.277881545022105,-9.369646855713057,-9.520173058714693
COX5B,-7.923188616368027,-8.050945228521591,-7.858444046669431
ACTR1B,-10.850139872341007,-10.804918258105491,-11.00976267498675
C2orf92,-11.335076315009966,-11.149563641548184,-11.384833675879719
TMEM131,-8.800371488681309,-8.753403094662547,-8.86204143291217
INPP4A,-10.129902656178041,-10.083903159865558,-10.24736201358189
COA5,-9.97553386061239,-10.151720310649196,-10.003011683681411
UNC50,-10.585528100037697,-10.526297584881332,-10.669074518423555
MGAT4A,-11.146062957629374,-11.081562072701304,-11.183231066483376
TSGA10,-10.570675117079396,-10.51790726844534,-10.261468589419811
C2orf15,-12.328895679769145,-12.544758956833801,-12.196655688977064
LIPT1,-11.73972883819505,-12.090784356005685,-11.874479816755251
MITD1,-10.370959480240531,-10.562144269290574,-10.56871985491711
MRPL30,-9.965963810182865,-10.10885183241155,-9.983589650444566
LYG1,-12.865847091286366,-12.780128857639301,-12.607437104399148
TXNDC9,-10.302391547025369,-10.204877705118928,-10.32860430661827
EIF5B,-8.588819661691547,-8.62238197787325,-8.604142070101508
REV1,-9.289729373206367,-9.228496887526994,-9.366728591582778
AFF3,-8.142420478050994,-8.179627086598863,-8.362789305613413
CHST10,-11.736293874620412,-11.682144015006745,-11.899059949833992
PDCL3,-9.912756381157417,-9.972891689516876,-9.965433416907063
RPL31,-7.115954984486238,-7.2463210104785185,-7.176717785156619
TBC1D8,-10.09745599200202,-10.09534552092504,-10.403625059311045
TBC1D8-AS1,-12.59951227557447,-12.68993549274328,-12.891450498194493
CNOT11,-10.069123541839454,-9.901068889350423,-10.262798080784185
RNF149,-9.573640637534021,-9.358122474132555,-9.70832375543741
MAP4K4,-8.175146725456695,-8.222137486990619,-8.365791322183943
MFSD9,-11.77959937301263,-11.814915340118967,-11.647351169312213
TMEM182,-11.400463122232823,-11.213525918600089,-11.348354200075585
MRPS9-AS2,-12.816952925685683,-13.03153619512381,-12.82439684174843
MRPS9,-9.352482100034678,-9.477416208345797,-9.379929945935249
TGFBRAP1,-11.089463298874238,-11.122091376710054,-11.338916180814973
C2orf49-DT,-11.730221744128096,-11.762984177495786,-11.683950463335162
C2orf49,-10.47223109432814,-10.503422075741023,-10.353348577879833
FHL2,-8.731910202293324,-8.592761658944884,-8.471650346305017
NCK2,-9.949019023860076,-10.124391162721624,-9.987172715929512
UXS1,-10.335612153934463,-10.296592040451724,-10.375612082255282
SULT1C4,-11.937657624551466,-11.44427400616831,-11.190467738664587
GCC2,-8.937507196587799,-9.037983634328288,-9.020949736392238
GCC2-AS1,-12.386681183517506,-12.612111753597524,-12.581025943090978
LIMS1,-9.170569979753846,-9.17501604355058,-9.182296282028698
RANBP2,-8.902177081627778,-8.861530938462973,-9.013441926789843
CCDC138,-9.495898841578834,-9.46310095222082,-9.606933094036885
SH3RF3,-11.374459311472773,-11.577415235332287,-12.195173714549535
SEPTIN10,-9.079944586138765,-9.017258090885345,-9.17501548185264
SOWAHC,-11.952738932202452,-11.890655314097966,-12.186987120938316
ENSG00000282033,-12.527408503549767,-12.119461502779924,-12.706233386590318
RGPD5,-13.233441482143887,-12.776676962989283,-12.89799983532285
NPHP1,-10.857382422731023,-10.794638986191543,-10.788946517243657
MTLN,-11.324294530889103,-10.971839036401565,-10.538182129274613
RGPD6,-12.248729910004744,-11.95715020008213,-12.82826928526272
BUB1,-9.955934718017742,-10.638359083356677,-10.374606466661165
ACOXL,-10.62838045022023,-10.745080137631993,-10.531780189543031
MIR4435-2HG,-11.766378992411166,-11.504274278720668,-11.770418524502368
BCL2L11,-10.842371407953065,-10.819419909887305,-10.995785102213185
ANAPC1,-10.21857006718049,-10.336817376672748,-10.376530655717177
MERTK,-10.906668427688684,-10.495432975378028,-11.149657373828914
TMEM87B,-10.638162686405387,-10.541602537598207,-10.536570445107344
FBLN7,-12.687765670574601,-12.703258390768156,-13.196806700321028
ZC3H8,-10.094794948455572,-10.089132540380648,-9.985843486178787
ZC3H6,-9.735569439938697,-9.759026025834943,-9.813168539490926
TTL,-10.341586089569079,-10.358374585530978,-10.527151281516614
POLR1B,-10.601176800386108,-10.82838053643967,-10.505295618523732
CHCHD5,-10.56101507872703,-10.588236053875491,-10.65191903033299
SLC20A1,-10.427720149726678,-10.463949838314171,-10.514739308347972
CKAP2L,-11.317521836801946,-12.017618764570459,-11.605115114791374
ZNG1B,-10.254419384761222,-10.294742365815205,-10.17267722470883
WASH2P,-11.591145058183029,-11.76677159393488,-11.815407493460539
RABL2A,-11.341019134328716,-11.406013314811315,-11.358629629518736
SLC35F5,-9.468797353876745,-9.494768457202623,-9.724567424641139
ACTR3-AS1,-11.390547812800953,-11.567715059611917,-11.856534931578578
ENSG00000270019,-12.825043493641964,-12.676804244512628,-12.840275515386477
ACTR3,-8.818732257137395,-8.899583639306366,-8.959533814060004
DPP10,-9.11771073010207,-9.726335223209853,-9.316648758662394
DDX18,-9.342556756396204,-9.44254466465322,-9.263890714534547
ENSG00000236255,-12.964123331339692,-13.212706728850389,-12.714108975328898
CCDC93,-9.972426210036016,-9.99040691479513,-9.886179190462064
INSIG2,-10.106074202290921,-10.447193342931499,-10.162258783467225
C2orf76,-11.400640715754738,-11.303974269865073,-11.35511541947283
DBI,-9.18797074542682,-9.298224280505943,-9.312529668562638
CFAP221,-10.187780797979784,-10.234266396609083,-10.036803461051408
TMEM177,-12.131779539497575,-11.796525890801359,-11.832859563728842
PTPN4,-8.854996418296341,-8.80487244888123,-8.900211844586039
EPB41L5,-9.18757861952453,-9.065075877365494,-9.221562210024727
TMEM185B,-11.486936858761544,-11.517328417054024,-11.666001494121392
RALB,-10.708243866920377,-10.693312896835865,-10.588959889513951
GLI2,-9.937995174129462,-10.486051813929022,-10.845284720382265
CLASP1,-8.218147285712883,-8.64457371145516,-8.748604567732468
NIFK-AS1,-10.387014460903341,-10.739365399884834,-11.010916894399575
NIFK,-9.038375020731293,-9.525229021873411,-9.284076750504589
TSN,-9.791616813609142,-10.273340429193821,-10.209436145568205
GYPC,-9.405270742184955,-9.885644446242335,-9.027600268829385
BIN1,-11.20626578353841,-11.226697106943679,-10.663833015709834
CYP27C1,-11.941562329719675,-11.85534042376318,-11.973266399047041
ERCC3,-10.4417060427461,-10.515452263561377,-10.644565366250186
ENSG00000286145,-12.102243235558143,-12.138822050997012,-12.291122108989287
MAP3K2,-9.259562059695604,-9.2594869995712,-9.245901308960407
MAP3K2-DT,-12.23599345965103,-12.18753895197977,-11.817966276383064
IWS1,-9.088506050192763,-9.062770339104523,-9.210447490432518
ENSG00000231731,-13.006901861543703,-13.040616418755688,-13.158516695836427
LIMS2,-10.273265563733181,-10.429151282982392,-10.789990134049072
WDR33,-9.16096877558145,-9.20144726417837,-9.323952867918159
SFT2D3,-11.487373752166377,-11.499897050857658,-11.299946544329803
POLR2D,-10.585769844076239,-10.616747585816864,-10.758286397958862
AMMECR1L,-11.185015021933486,-11.102192292924205,-11.10556355733829
ENSG00000272667,-12.837184917750376,-12.661776244806465,-12.78060566062983
SAP130,-10.046954289632762,-10.172751126657523,-10.13625516391379
UGGT1,-10.08430271685088,-9.977095255927441,-10.117254878579558
HS6ST1,-11.419901417971763,-11.688055328346586,-11.495468002569625
CCDC74B,-12.473259980140023,-13.250275075183954,-12.881716137654776
SMPD4,-10.590254134201606,-10.71401118892329,-10.888564269558353
MZT2B,-8.950992244115048,-9.121210673572207,-8.93460375018155
CCDC115,-10.99409309501746,-11.062990006939676,-10.908488494551563
IMP4,-10.929334677658966,-11.07130428788515,-10.927881832696986
PTPN18,-11.935052629304346,-12.097728623214504,-11.566661193185023
ENSG00000290596,-13.182693557480867,-13.142497617622677,-11.46328632852877
CFC1,-12.421513667175212,-12.764690035142387,-11.54258525825983
FAM168B,-9.602433965120841,-9.613575081797809,-9.644143887637028
PLEKHB2,-10.355338881294665,-10.265275707411988,-10.18625113107843
MZT2A,-10.484159453515495,-10.001399273412845,-10.118355902402852
CCDC74A,-12.864548231154988,-13.184167599430486,-13.19453795229211
C2orf27A,-10.548338469761788,-10.972049266761388,-10.667795590047943
ENSG00000272769,-12.82706070193549,-12.66692679138242,-12.704358418992314
GPR39,-10.603653617071341,-11.21213920034182,-9.822585465991644
LYPD1,-12.242292188905278,-12.799589211481816,-12.06688740635278
NCKAP5,-10.739350308196027,-10.577171447562916,-10.695107829075623
MGAT5,-8.721224917599057,-8.863599618424432,-8.576936695567435
TMEM163,-8.766896031203352,-9.442049379827656,-8.97599310519552
CCNT2-AS1,-10.74226989722693,-11.061353731318748,-11.225393766546912
CCNT2,-9.294212659849963,-9.266520029472344,-9.403199581993535
RAB3GAP1,-9.23265013481938,-9.195277005021708,-9.275199820119342
ZRANB3,-9.140552354171433,-9.17843659278967,-9.294288269186392
R3HDM1,-8.438087919751855,-8.429114925457332,-8.548018403931923
UBXN4,-8.444007644997985,-8.409291202822306,-8.383681618295878
MCM6,-10.227793077031219,-10.685651754370598,-10.858609709288404
DARS1,-8.771860417139447,-8.935979498571061,-8.705836270737592
DARS1-AS1,-12.340816252260632,-12.61258154616011,-12.21276046178799
HNMT,-12.257566684044157,-12.131659816356525,-11.933563209051975
SPOPL-DT,-10.664924605206918,-10.701056260102588,-10.916681826351411
SPOPL,-9.655509867212329,-9.77266012331349,-9.798202893867357
NXPH2,-9.631396707801029,-9.851131264529249,-10.71033125835072
LRP1B,-8.822703105802091,-8.747815542355355,-10.639561418255681
GTDC1,-9.590654879568106,-9.570781866122715,-9.718180070019754
ZEB2,-8.90189899859702,-9.002482767135959,-9.031848839321025
ACVR2A,-9.965674157721613,-9.906595620739527,-9.933437006358902
ORC4,-9.151030679616836,-9.51116172094025,-9.405692648033543
MBD5,-7.682315205197427,-7.626117595828033,-7.800242327444646
EPC2,-9.057361598350704,-9.068354340648455,-9.256516000478399
KIF5C,-11.13311225082884,-10.844814329887425,-11.047929477447893
ENSG00000289474,-7.490076065344885,-7.521061756538867,-7.667765069416564
LYPD6B,-9.736383571178095,-10.103769086698286,-11.412853359274045
LYPD6,-9.058473761984294,-9.251632852652513,-10.13797129551721
MMADHC,-9.249781208498128,-9.315804554049658,-9.362289987565196
MMADHC-DT,-9.804554303784325,-9.706952722077842,-10.145395175745442
RND3,-11.790727345841024,-11.58691232736873,-11.460324199716966
RBM43,-12.832491557382834,-13.211711466693746,-12.894049262639182
RIF1,-8.80740365448087,-8.900002190232303,-9.013941440368153
NEB,-11.464925790427207,-10.980701014785014,-10.64969955911292
ARL5A,-9.314335737888275,-9.267372325848877,-9.14282853220567
ENSG00000288066,-12.929054882771066,-13.081439519276067,-13.058459117234374
CACNB4,-12.542272714218667,-12.545220665664875,-12.92672188517416
STAM2,-10.34773495244615,-10.119347378416276,-10.345418334225442
FMNL2,-9.48672865405806,-9.595021394116811,-9.40176279962914
PRPF40A,-8.456334753320077,-8.537240005323866,-8.559228801878927
ARL6IP6,-10.207738621709824,-10.21250419895723,-10.436880931688423
GALNT13,-10.312605090638337,-10.151827610782055,-9.594983287183908
KCNJ3,-11.00762862195459,-11.268069953729684,-10.565035537666832
LINC01876,-9.05881157646104,-8.671184063302606,-8.290080611402395
NR4A2,-12.846106344731783,-13.156382634836602,-13.175128948996624
GPD2,-10.220913641580898,-10.501004576581709,-10.43186583311346
GALNT5,-12.854457511900776,-12.319539626685728,-12.560301200168498
ACVR1,-10.293097829997365,-10.468960244210265,-10.025760619571688
CCDC148,-11.348819327401843,-11.083405860599868,-11.189296022495613
PKP4,-8.949666684012008,-8.873052575584728,-8.995231686483745
DAPL1,-12.27830748064246,-12.082255963588304,-12.29679851332874
TANC1,-8.583922484079224,-8.705328240738284,-8.815766270765305
WDSUB1,-10.020442055079723,-10.255354758481193,-10.053819412125316
BAZ2B,-7.796529161024474,-7.829284411857194,-7.996848756786667
BAZ2B-AS1,-11.8019175028734,-11.523021534763537,-11.666811544282643
ENSG00000226266,-11.49806853344598,-11.359209826217864,-11.759875784430308
MARCHF7,-8.581750652026265,-8.613396581060483,-8.729694286097988
CD302,-12.420308706799108,-12.35216505350919,-12.329151196949372
RBMS1,-7.710360786654758,-7.870255044475427,-7.832770187466709
TANK,-9.551112750904341,-9.467090294607823,-9.53744238854088
PSMD14,-9.27951065393375,-9.31432363246146,-9.372819560809651
GCA,-10.470329219616792,-10.423248892809674,-10.3633187363308
KCNH7,-5.575702731304911,-6.187202266747943,-5.720324602567092
KCNH7-AS1,-10.548845865972774,-11.120852477443597,-10.572262412864596
FIGN,-7.69045332303697,-7.865490075911979,-8.111364187470548
GRB14,-10.921163044251209,-10.937810987152412,-10.85947479376074
COBLL1,-9.236378435915453,-9.630076400874891,-9.369942019363386
CSRNP3,-8.878939453315487,-8.88703155151205,-9.210372635710065
TTC21B,-9.74262169069666,-9.975119928400737,-9.888865143360276
SCN9A,-11.212906085235533,-11.90322512830486,-11.603490231583452
SCN7A,-11.980574217329186,-12.5854660258259,-11.20866730971335
B3GALT1,-9.171361279140234,-8.881478863976891,-9.4968406447432
STK39,-8.332851752357156,-8.490777380419313,-8.723980203778739
CERS6,-8.208976391066663,-8.308365772681094,-8.465760903117662
NOSTRIN,-12.233622720335505,-12.861679210786116,-12.239897391894731
SPC25,-10.763600840480716,-11.09673467989321,-11.383874701905595
ABCB11,-11.613867220829084,-11.892661885750922,-12.036487898005584
LRP2,-10.085215122405614,-9.702039722598073,-11.45111717615044
BBS5,-11.393376495911335,-11.300945285331958,-11.631544570084197
KLHL41,-9.78138596186528,-9.603085836692884,-10.016899320873344
FASTKD1,-9.441819971578505,-9.282549480055389,-9.356902472063103
PPIG,-8.732982140385584,-8.760507665733929,-8.781669652929244
CFAP210,-12.557823012494408,-12.365912732888097,-12.34982766283445
PHOSPHO2,-11.579436010973122,-11.86585287109225,-11.95519298640994
KLHL23,-8.799800302940717,-8.908860426243193,-9.0410580273698
SSB,-8.063277390656262,-8.25643987616005,-8.073221796044297
METTL5,-9.419397091814524,-9.503426968177608,-9.523297953958128
UBR3,-8.211374897111513,-8.185638886686196,-8.503994856441977
ERICH2-DT,-12.968863830101434,-12.782352258114498,-12.669798492321277
ERICH2,-10.999368848171574,-11.142272916446807,-10.907438011314694
GORASP2,-9.814876942129743,-9.763345755441026,-9.770614481604674
TLK1,-8.746460370506254,-8.712007890556,-8.902820418715164
METTL8,-10.267714296920811,-10.36373259521727,-10.332187853898592
DCAF17,-10.34433403471665,-10.518226751552206,-10.493895746641439
CYBRD1,-11.896579004785574,-11.944253984101362,-12.959631719297969
DYNC1I2,-8.860762746677324,-8.923025507363064,-8.87177610981497
SLC25A12,-9.18097912045711,-9.1344326974642,-9.29278558191487
HAT1,-9.872502679446251,-10.004156276399012,-10.027698473550682
METAP1D,-10.507196443074195,-10.624709746033865,-10.597342083972547
ITGA6,-9.552836434528892,-9.696046125545669,-9.776610738867747
PDK1-AS1,-10.65531947310453,-10.75087382262739,-11.002274136639809
PDK1,-8.163790595995154,-8.091427260440128,-7.871999484173793
RAPGEF4,-9.594318571771849,-9.825306996726702,-9.913247119184588
MAP3K20,-7.92110841063703,-8.047513184097422,-8.109186097756327
MAP3K20-AS1,-12.46517707295406,-12.376466967917274,-12.420509640955354
CDCA7,-10.818063221918614,-10.986774027526673,-11.06840169634899
SP3,-9.438318833059302,-9.424258374624028,-9.584475398141004
OLA1,-8.335395649064269,-8.373220665494816,-8.362138039556001
CIR1,-9.3703394921035,-9.448209000811966,-9.545429900780183
SCRN3,-10.217820180065985,-10.450131645664165,-9.93545515058996
GPR155,-10.56983527631065,-10.839347771767123,-10.496502066235054
GPR155-DT,-12.985910462864593,-13.074241820966819,-12.531238593098642
WIPF1,-10.574562761751267,-10.47060337022721,-10.435035893197366
CHN1,-8.906851237233699,-8.912194728731984,-9.07390321137297
ATF2,-9.101887734526045,-9.038862565213266,-9.160936094091468
ATP5MC3,-7.155989945266282,-7.3222027101321965,-7.186541287026246
ENSG00000289349,-12.014919513291698,-10.158265237806846,-9.456399265262386
LNPK,-9.106674550573802,-9.2811978887013,-9.18881339778307
MTX2,-9.055274082664177,-9.246778995988867,-9.064079221906253
HNRNPA3,-7.4440134514044445,-7.615745967623841,-7.671914906136553
NFE2L2,-9.652140957096075,-9.570946282281055,-9.389780803007197
ENSG00000213963,-11.599990684361053,-11.522588327036114,-11.391534331491126
AGPS,-9.406953788295779,-9.445175099210374,-9.491172986986545
TTC30B,-12.44513785983065,-12.323977536825579,-12.176867431356904
TTC30A,-11.992328578011826,-12.172471572664916,-12.050572343483259
PDE11A,-12.653635856247766,-13.082234332928897,-12.366786283368238
RBM45,-11.185994269021565,-11.116388580852103,-11.128088006676377
OSBPL6,-11.927322032990984,-11.984543213321265,-11.99821378426214
CHROMR,-11.78601679847343,-11.638852364829322,-11.79276244600732
PRKRA,-9.93360187928141,-9.868377918396536,-9.88482877915949
PJVK,-11.919690911071248,-11.683329461260675,-11.844504845805004
FKBP7,-11.009346392500793,-11.282543149598073,-11.012096657658125
PLEKHA3,-10.100136229280425,-10.170196694248459,-10.144302701414533
TTN-AS1,-9.700483946091683,-9.426894990581637,-9.555673893852473
TTN,-4.157833319356339,-4.047143457152757,-4.233468754192307
ENSG00000270277,-13.30632250349239,-13.112937698277978,-13.288222676048388
ENSG00000267784,-12.464828190917661,-12.591307734794627,-12.385876366079735
ENSG00000287149,-10.722960227570338,-10.517267539324958,-10.57622853366759
CCDC141,-7.381326522543581,-7.244549664085246,-7.3835372960647945
SESTD1,-9.548629191102654,-9.645906666132486,-9.618948070903455
ZNF385B,-10.856807111348177,-10.3914999655671,-9.244653450075388
CWC22,-9.801535533158598,-9.8438953190723,-9.818997842656179
UBE2E3,-8.521833430400934,-8.565908077290256,-8.57410800025421
LINC01934,-12.681159090239442,-12.542077134424046,-12.538062177438869
ITPRID2,-9.918024817499374,-9.787465404305122,-10.044890861007707
PPP1R1C,-11.928930987409338,-12.352323788353372,-11.501030053795159
PDE1A,-12.916707756156319,-11.61471493321642,-12.80405590777491
DNAJC10,-8.963236373191648,-8.753485389818431,-8.995936626471341
FRZB,-10.863439375752025,-10.518846785633434,-9.940374878372962
NCKAP1,-8.588270105703492,-8.548981045567267,-8.67229620824166
DUSP19,-12.40944459723225,-12.584831318995668,-12.352907050081972
NUP35,-10.760343297863097,-10.775788822452261,-10.824473965474704
ENSG00000272800,-11.262671961123123,-11.541515760866314,-11.670449634231955
ENSG00000287621,-11.561180052787076,-12.035611830645255,-11.697292883830665
ZNF804A,-10.44840586895646,-10.831026876386227,-11.093670589325791
ENSG00000286797,-9.3162527280392,-8.775917006050454,-8.54159691939572
FSIP2-AS1,-10.395695413793227,-10.135131307100018,-10.073183184610487
FSIP2,-9.727691591421417,-9.18389875002151,-9.091660685986229
ENSG00000287129,-13.037539716064263,-12.82270042711598,-13.142219506593962
LINC01473,-8.675968546650598,-8.561644880024225,-8.731821204627607
ZC3H15,-8.965470028374455,-9.038380518514126,-8.98231714363298
ITGAV,-8.969463280592876,-8.814579768399147,-9.413096447135343
FAM171B,-12.109160492910892,-12.211726959735902,-12.269451668977435
CALCRL,-11.11239569334732,-11.216620433141173,-11.049670483751271
TFPI,-11.027109574172655,-11.184641671169318,-10.455651784153305
GULP1,-9.229122462950674,-8.721329439608036,-9.045000875501112
COL3A1,-9.36503505804164,-9.469335743496165,-9.150280425806006
COL5A2,-10.233216356947365,-10.169125318308646,-10.303369290075128
WDR75,-10.000077908834259,-10.145522823729669,-10.013800100396338
SLC40A1,-10.558939264430789,-10.725614579669314,-10.209606234883136
ASNSD1,-10.854252511061276,-10.863193269088962,-10.754898606601904
ANKAR,-11.069076171057871,-10.955706702982074,-10.737674843571435
OSGEPL1,-11.073108828618661,-11.316519640966009,-11.246930638200906
ORMDL1,-9.02612900177824,-9.061567469313326,-9.06281899093043
PMS1,-9.494821955309783,-9.545354430418646,-9.598048063760976
C2orf88,-11.740359853197097,-11.783366964978788,-11.765060195850506
HIBCH,-8.945934089559426,-8.9516777058351,-8.969020565135557
INPP1,-12.357585231027644,-12.38474345654048,-12.46629264786269
NEMP2,-12.157786480606054,-12.226109761788837,-12.803664690093635
NEMP2-DT,-12.146269742642252,-12.727023069446076,-12.352296026931846
ENSG00000284052,-10.934169671138573,-11.820590730318932,-11.35394485514138
NAB1,-9.519431878384026,-9.81930136922927,-9.79432158759727
GLS,-8.605917547120088,-8.484487314871036,-8.801231761563834
STAT1,-9.718780241646202,-9.806909290811058,-9.954002057838569
STAT4,-12.180257841087577,-11.997369018912202,-11.876377104598063
MYO1B-AS1,-13.06453510768957,-13.0935422370448,-13.11140843915632
MYO1B,-8.923959908828767,-9.040067508932623,-9.303323298677176
NABP1,-12.266283066068295,-12.001188641755286,-11.942117134332296
TMEFF2,-13.14064478031991,-12.62712032043883,-13.049847790443676
SLC39A10,-8.903398219664481,-8.810438673241055,-9.03074892908025
DNAH7,-12.20493858927444,-11.88591290352718,-11.603426267688452
STK17B,-11.581685001828172,-11.499825356975235,-11.404287689476824
HECW2,-10.652850082980253,-10.732598834337796,-10.921096800069023
CCDC150,-11.151480508090842,-11.503836979763093,-11.610916656362892
GTF3C3,-9.812574966931807,-9.920021396721582,-9.963005243038939
PGAP1,-9.470078057901565,-9.399802685074473,-9.75245287794963
ANKRD44,-10.79322387867458,-10.554806512629321,-11.242536305250125
SF3B1,-8.25081746102046,-8.302377220633714,-8.372854292347318
COQ10B,-10.803359610709373,-10.745526438537409,-10.719620902447915
HSPD1,-7.046463147123846,-7.296335502194673,-7.042503702482748
HSPE1,-7.910538197452751,-8.104820990992229,-7.930997935324093
MOB4,-9.313001756025029,-9.316677659756502,-9.263417935676726
RFTN2,-12.70113385039846,-11.883821344450817,-12.442527260448065
ENSG00000222017,-11.63340595727607,-11.249007208129136,-11.88539551627456
MARS2,-12.201424411525041,-12.156939024934479,-12.024871489458823
PLCL1,-9.213725114883655,-9.361384513235311,-9.251559064312211
SATB2,-11.65441785966708,-12.005936828632276,-11.679376251822628
FTCDNL1,-12.125632756556696,-12.482934030838736,-11.642360239605503
C2orf69,-11.158875861338629,-11.246406446928441,-11.271177067458732
TYW5,-10.581855867495102,-10.734026470368667,-10.705644763361816
MAIP1,-10.32497097958786,-10.536728213384633,-10.417624723482009
SPATS2L,-9.644775855479253,-9.807785503591338,-9.777041803774143
KCTD18,-11.723236347545093,-11.969254304442943,-11.620005223390917
SGO2,-10.262644098640939,-9.98770279954902,-10.447285113642733
BZW1,-8.551625593992346,-8.517923983684355,-8.510746071181888
CLK1,-9.827125816425506,-9.945744841693642,-10.032142946718492
PPIL3,-10.530074964707241,-10.964574562035494,-10.419747137868509
NIF3L1,-11.056072594610646,-11.223221807577618,-11.270074855309788
ORC2,-9.646861419685441,-9.585901121162498,-9.664099948576805
ENSG00000183308,-11.692543038996433,-11.78498936952848,-11.929298626468094
HYCC2,-10.220704127108293,-10.125743516581807,-10.3417924468635
NDUFB3,-9.359937134739416,-9.611910993604864,-9.335251908673365
CFLAR,-11.198538621660056,-10.2156533556949,-10.401338976663492
FLACC1,-11.23588045032308,-11.470235433825534,-11.406526371201066
TRAK2,-9.634716493916768,-9.91290895727302,-9.790858190673394
STRADB,-10.253940777986676,-10.433927747097979,-10.111220564732532
TMEM237,-10.067796739401059,-10.176801649538374,-10.206125093135785
ALS2,-10.237716027712533,-10.12707068900444,-10.090644228808634
FZD7,-12.630000927328267,-11.968484745941124,-11.188479214073137
SUMO1,-8.877219968225921,-8.993665810942655,-8.93469762610098
NOP58,-9.021185732248345,-9.177390285320485,-9.180852488522014
ENSG00000273456,-13.04797633408979,-12.739196418002523,-12.807915448299585
BMPR2,-8.517314204715674,-8.502909076609395,-8.677482129309487
FAM117B,-9.470225002497955,-9.654742212651172,-9.659893493770161
ICA1L,-10.580787614690461,-10.714956618354408,-10.887441079120597
WDR12,-9.773216303385935,-9.775225715845313,-9.68642761201654
CARF,-10.489128634252376,-10.404473970349093,-10.528712392719541
NBEAL1,-9.152231953316598,-9.112584010659425,-9.083870214063708
ENSG00000289294,-11.768174463412073,-11.814929756161888,-11.628849862381378
CYP20A1,-9.703469990230461,-9.599346433173878,-9.786800226860706
ABI2,-8.707949023387236,-8.65813863820842,-8.819743429858832
RAPH1,-10.565480231179766,-10.47844946794314,-10.759815441447858
PARD3B,-8.528527284948007,-8.608730045969702,-8.86738357158226
NRP2,-8.334976857410284,-8.49132878411173,-8.765429509562377
INO80D,-9.708392682760278,-9.661668540114995,-9.805831038756308
INO80D-AS1,-11.442616206462935,-11.463585729466391,-11.591803927486891
NDUFS1,-8.896105640677868,-8.935720287187197,-9.02343344938991
EEF1B2,-7.351177279036435,-7.553616400989242,-7.476937822810947
ZDBF2,-9.522629526465282,-9.573292882956517,-9.806716136542228
ADAM23,-9.906639919292205,-9.880757805053028,-9.89226691879687
MDH1B,-12.636586775754985,-13.057531368857521,-12.930868450098684
FASTKD2,-9.938552017328881,-10.020846975302963,-10.002987243795701
ENSG00000229321,-11.482446942146215,-11.529682568798853,-12.047778408523564
KLF7,-9.880477667972677,-9.891371255904977,-9.931846545916315
CREB1,-9.227542317781678,-9.18148492628487,-9.232720822829833
METTL21A,-10.447924400557827,-10.27631462803077,-10.424546657899537
CCNYL1,-10.931190475779458,-10.762835967662035,-10.974618148103188
FZD5,-12.359850221137197,-12.750154602400244,-12.298128612448762
PLEKHM3,-10.134821405685445,-10.281886814174772,-10.437239223216924
IDH1,-9.711059516557329,-9.75284362704991,-9.760574698609467
PIKFYVE,-9.561620690642146,-9.530639461550045,-9.659264767028224
MAP2,-12.781865916003122,-11.965817787549563,-12.758836711507033
UNC80,-11.683308596436609,-11.9389434263499,-11.333747539073729
RPE,-10.455902114289577,-10.390079589518436,-10.546367169695724
KANSL1L,-9.059719524123393,-9.008821008487594,-9.123234441254771
ENSG00000272807,-12.869560294154548,-13.09159990846217,-13.092728678782622
KANSL1L-AS1,-10.806567359482134,-10.979386276018694,-11.02075065880436
ENSG00000279317,-12.239531979904251,-12.222156931905563,-12.044650848977051
ACADL,-12.731258951325017,-12.51638080888198,-13.11178058166404
LANCL1,-9.73343820013318,-9.909021520322344,-9.848565674869649
CPS1,-10.015903286256771,-10.244059182923982,-10.006698969759364
ERBB4,-5.809581517596214,-6.382219522141372,-6.193059039964169
ENSG00000273118,-10.62838247320423,-10.473701106500881,-10.69398455014074
IKZF2,-9.98892993194727,-9.911695832681062,-10.00232037368668
ENSG00000270659,-12.106840876595143,-12.577073660488434,-12.454190385448824
SPAG16,-8.834676088486678,-8.85435101054766,-8.850401149704084
ENSG00000197585,-9.981276379207484,-10.436801979195614,-10.588777330567959
BARD1,-9.497686987363984,-9.706063425341759,-9.712119253108032
SNHG31,-11.730241758501073,-11.903640383226797,-11.617591871306953
ATIC,-10.067690271318444,-10.08434423209708,-10.121491711290506
FN1,-8.3555373830963,-8.428525400723764,-9.13932754390925
MREG,-12.192903077592067,-11.856405289920302,-11.890252670977446
PECR,-11.682371490695285,-11.641559481198463,-11.569378675520069
XRCC5,-7.752834212676547,-7.888867025091164,-7.94358541406395
SMARCAL1,-10.4558425369661,-10.319354879649502,-10.420137990265399
RPL37A,-6.574186647882763,-6.827447379674798,-6.662354423826311
IGFBP2,-9.925682657871352,-9.7095977353391,-8.508996891057832
IGFBP5,-9.454351800235523,-9.201358002567943,-8.852481923639157
DIRC3-AS1,-11.646392456048684,-11.577880763976264,-10.762173749326546
DIRC3,-11.833395877937567,-12.385316965071759,-10.728537403357251
TNS1,-10.520931159256373,-11.005121377337408,-11.056014181424063
ARPC2,-8.365945248079957,-8.501259269654478,-8.456499267086949
AAMP,-10.082233417818209,-10.231792110282829,-10.008288231295086
PNKD,-9.370134993865031,-9.460984821639293,-9.405850415760105
TMBIM1,-12.680457768261194,-12.441559120912814,-12.481568486772995
CTDSP1,-10.355480920380908,-10.446696317412295,-10.493263158127878
USP37,-9.698811655606232,-9.701048533716248,-9.881480254826768
CNOT9,-10.409318845319318,-10.365153857318193,-10.414107235831983
ZNF142,-11.807801107780493,-11.799597534572309,-11.832061454348686
BCS1L,-11.597709770769043,-11.704646379517982,-11.733329651545715
RNF25,-11.645903478892405,-11.848307238483015,-11.856045509842298
STK36,-11.777398451824729,-11.85711706318046,-12.052852698826326
TTLL4,-11.142223942671261,-11.271209265853287,-11.292181192931013
CYP27A1,-10.399780768076035,-10.553949989605975,-10.238222472428415
NHEJ1,-11.327442911804644,-11.530583273498591,-11.508306977255035
CNPPD1,-11.23674769907062,-11.206691341804506,-11.295278259497188
RETREG2,-11.139890038253569,-11.119363625541997,-11.25769787948453
ZFAND2B,-11.501688005074321,-11.65034333136521,-11.733801303237213
ABCB6,-12.99077680894209,-13.037335432139622,-13.05966138862324
ATG9A,-11.383648288505526,-11.399498017810139,-11.631704246779073
ANKZF1,-10.416481630523899,-10.591166515851185,-10.583477055029018
STK16,-11.24846637946921,-11.371628505229191,-11.373670228446665
DNAJB2,-10.78660150954625,-10.614602355720224,-10.643343778016845
DNPEP,-10.599043367419103,-10.628776271740985,-10.534460049028414
DES,-12.95107270640617,-11.385800201463882,-12.133802516162753
SPEG,-10.227812301311936,-10.225356218640124,-9.859407292249218
GMPPA,-11.675180340969828,-11.942919239727585,-11.987218768314714
CHPF,-11.21873162825594,-11.157574763022362,-11.364025058296306
OBSL1,-10.026597146506198,-10.059812305448931,-10.107508807038954
INHA,-12.904433908706109,-12.705018614466386,-12.513995212910343
SLC4A3,-11.525152247906615,-11.65081351375222,-11.71311057489762
EPHA4,-8.280140414906413,-8.024934499397189,-8.692795723965464
PAX3,-13.201140804560861,-12.006014504956537,-12.763846437492631
ENSG00000288658,-11.689079126185481,-11.336306108548548,-11.931281245071037
CT75,-11.405637530058877,-11.483584324315144,-11.942973534407392
SGPP2,-9.540699938514063,-10.268857808059554,-9.477343374773913
FARSB,-9.984327152347836,-10.140989901701527,-10.017646527334268
ACSL3,-8.761911105473983,-8.639171000847732,-8.753982632570203
AP1S3,-12.09728854068346,-12.255392950685708,-12.105770196110418
WDFY1,-10.17983660950414,-10.134191983039434,-10.206678654576386
MRPL44,-10.053134467240898,-10.216440194650259,-10.149687345640983
SERPINE2,-11.226518504148864,-11.143535497048282,-10.357378886619648
CUL3,-8.511046891541476,-8.53359194268707,-8.59462029466586
IRS1,-9.443815416537218,-9.97902000489763,-10.226137879350414
ENSG00000272622,-12.934320274899084,-13.271964476087868,-13.137147870364918
RHBDD1,-10.053529249083956,-10.193555827984763,-10.25285672172302
MFF-DT,-11.941527551133337,-12.329368602034847,-12.161741004642199
MFF,-9.363881732209043,-9.355386899844914,-9.229026350048038
AGFG1,-9.281504415175496,-9.23886476753086,-9.348380532414101
SPHKAP,-8.424196960460897,-8.35421559290145,-9.060483308946834
PID1,-11.002701808347982,-11.44320663493388,-10.519696203797825
TRIP12,-8.547011431138037,-8.489605343799768,-8.607620442333562
FBXO36,-11.382579442305929,-11.194147043909982,-11.405425007229987
CAB39,-9.308574508892175,-9.215329401961245,-9.384585850696112
ITM2C,-9.159656501036082,-9.33222814520704,-9.208069943860805
PSMD1,-8.80195889986157,-8.842835335946118,-8.88023519834817
ARMC9,-10.059781849133547,-10.039958056272578,-10.214430494376415
NCL,-6.895546293728582,-7.0327842292267295,-6.975364400028624
LINC00471,-13.056783821835912,-12.698094335704365,-12.578320083703229
PTMA,-6.736081868756862,-6.908309137617859,-6.525109866082776
PDE6D,-10.668389417667443,-10.621300148846531,-10.649619443624555
COPS7B,-10.96050878567955,-10.949810214230746,-11.010730800343339
DIS3L2,-9.311409480123608,-9.371468053809245,-9.484361556567336
TIGD1,-11.864139679280278,-11.709104261251243,-11.55546003748879
EIF4E2,-9.83991781638469,-9.776289919226805,-9.992724378691133
EFHD1,-11.392841391669672,-12.073182316117453,-12.445794060554832
GIGYF2,-8.901443235620407,-8.85028238264033,-8.91825015146446
SNORC,-12.501483388868444,-12.557534632126785,-12.72870199703656
ATG16L1,-11.23889786261586,-11.22134090835475,-11.411504434596834
DGKD,-9.874277176045318,-10.112836048228838,-10.14248536375144
USP40,-10.394048257864874,-10.36739541516995,-10.415658608208942
HJURP,-11.337193934142041,-11.917541928024757,-12.131105504425966
ARL4C,-11.40821721440543,-10.898788713405132,-10.919681086721246
ENSG00000235726,-12.250681877132541,-12.31912961133056,-11.278110553604018
SH3BP4,-9.932155095462871,-9.86885634154595,-10.268410831962628
AGAP1,-8.310025897201397,-8.4165831609775,-8.666728384212504
ACKR3,-12.254166076969017,-12.464427265057731,-12.077715386687766
COPS8-DT,-11.090663901546533,-11.08448511840196,-11.379968417802308
COPS8,-9.904711363623012,-9.914382010703982,-9.892725330119589
COL6A3,-12.359650716984438,-12.231716200960385,-12.281746699375255
LRRFIP1,-8.1100992707735,-8.228128234852765,-8.236856676340642
RAMP1,-12.739522658921398,-13.074537798235193,-12.729162405904965
UBE2F,-10.184718651046012,-10.382320158396336,-10.28662583190114
SCLY,-10.807366704228444,-10.636509232208086,-10.735193865214525
KLHL30,-12.717671410654418,-12.555517121940047,-12.948329446646833
ILKAP,-9.902907191404367,-9.980964801234945,-10.077324057405525
HES6,-12.868115834922323,-12.820628537674741,-13.203694664054918
PER2,-11.558212501378687,-11.539242567700496,-11.736770169692864
TRAF3IP1,-10.129782643718151,-10.08851402303665,-10.11627411958955
ASB1,-11.587247306516787,-11.49516109019928,-11.658273970125315
HDAC4,-10.26935702138554,-10.168338877776955,-10.279905368493514
NDUFA10,-8.997970877767814,-9.147006847555746,-9.115914799137592
COPS9,-9.063942156977731,-9.087570749133887,-9.114789818455296
GPC1,-10.939957104051734,-11.20288846232116,-11.027525302852721
ANKMY1,-10.817930265999422,-10.922793568092223,-11.1508581096049
DUSP28,-11.436559200851708,-11.376500489813335,-11.586545034724143
RNPEPL1,-11.943376764549951,-12.109862502846232,-12.204078663214712
CAPN10,-11.797818657211549,-11.906401083077949,-11.907910116379133
KIF1A,-13.13988810044621,-12.59995778208035,-13.154649979617247
SNED1,-13.169928010013589,-13.198897480749844,-12.762367667241769
MTERF4,-9.989880024279424,-10.119802227033139,-10.017054186846376
PASK,-12.914397811816137,-12.60053072998113,-12.762058393910285
PPP1R7,-9.877613812585448,-10.067798407819717,-9.951915803795645
HDLBP,-8.563179677825698,-8.672864466532817,-8.793843499149714
SEPTIN2,-8.032952389639544,-8.021671738037087,-8.060030418558767
FARP2,-10.203963178467875,-10.097695739501116,-10.23872286393217
STK25,-10.037481029813787,-10.309138951272192,-10.339299362790491
BOK,-11.503814238189726,-12.042633221484872,-12.059648380723361
THAP4,-10.959296362799734,-10.89639916641224,-10.587962949263606
ATG4B,-10.42148165737769,-10.451351980124478,-10.646302772830875
DTYMK,-10.310230789517899,-10.635120625184648,-10.710735966951985
ING5,-10.32323518848062,-10.337552439225261,-10.4892672441381
D2HGDH,-11.76300160530372,-11.615793333923284,-11.947503798175346
LINC01237,-12.067765537347709,-12.278337265739736,-11.619747198412254
ENSG00000291147,-11.052645971383535,-11.440724286661382,-11.310474549979903
LINC01266,-12.146600095309939,-11.858461543196121,-11.494605934704003
CNTN6,-11.188533095320038,-11.97135541884697,-11.876681319665549
CNTN4,-9.094403229617733,-9.036003216103305,-9.09631533581533
TRNT1,-9.876976607198966,-10.014896625103525,-10.035092959076328
CRBN,-9.711150925989633,-9.749675180533066,-9.783360382973985
ENSG00000223727,-10.21186115605924,-10.21242116715444,-10.121356518155066
SUMF1,-9.169740813172938,-8.88974015193113,-9.139365275283328
LRRN1,-11.665631096166516,-11.635082394510546,-12.100021414078519
ENSG00000287720,-13.050812246405297,-12.522858957375815,-13.070394593599987
SETMAR,-11.293013696281442,-11.257932495139588,-11.405471496413616
ITPR1,-8.930681669990443,-9.22279847240985,-9.540983828595701
ENSG00000235978,-13.08984053925369,-12.859012840783098,-12.89891577585281
BHLHE40,-11.679858623209899,-13.12378069715604,-11.582006556577795
ARL8B,-9.492463114998383,-9.552078215635794,-9.479316190010321
ENSG00000233912,-12.555803764943768,-12.435150001785269,-12.285453096730697
EDEM1,-11.679260145865312,-11.840332265792,-11.715516058686354
ENSG00000189229,-10.175874547689745,-12.218534490568826,-10.27278779401662
GRM7,-11.73506219112999,-11.723492171478268,-11.031399238470097
LMCD1-AS1,-11.054414221254286,-10.783306176772252,-10.730209872390686
LMCD1,-11.106733604368461,-10.541414635251922,-10.949902944449851
RAD18,-10.094935912675714,-10.077945728882117,-10.422946478227802
SRGAP3,-11.397085101632271,-11.562205732806476,-11.344709556600241
THUMPD3-AS1,-9.815320989984377,-9.815033741221212,-9.975065489131481
THUMPD3,-10.602810351078082,-11.183944764607826,-10.10425666808164
SETD5,-8.282329769557254,-8.339062743029825,-8.45427942073789
MTMR14,-11.2582697691106,-11.203034351224138,-11.252153990612351
BRPF1,-11.752619883835042,-11.806885904431141,-11.872222085440004
OGG1,-11.003753666334548,-10.978409728054153,-11.195316256073356
CAMK1,-11.919255424758687,-12.288727747576576,-12.043653346590219
TADA3,-9.78928891811702,-9.748195390622383,-9.969143826980352
ARPC4,-10.076316756504477,-10.175011178478515,-10.116508456080274
TTLL3,-11.059401294772211,-11.052220946796663,-11.17638345886762
RPUSD3,-10.494452292138309,-10.733499923716481,-10.58503610075809
JAGN1,-10.44818637618612,-10.423822716294717,-10.42225841258227
IL17RC,-12.26195418761979,-12.236332691525723,-12.436856935975277
CRELD1,-10.915858981110107,-10.654388880885877,-10.871007207145814
PRRT3,-12.262049794661532,-12.38562677687356,-12.766549359660234
EMC3,-9.971339688523717,-9.981687859411881,-10.075063291005234
ENSG00000291224,-11.668160945185402,-11.713874766129525,-11.762526169741687
ENSG00000291078,-11.874669983818176,-11.804592027840185,-11.723182010988332
FANCD2,-11.000855754175529,-11.478377089589033,-11.506646327045805
BRK1,-8.875037136541703,-9.10498431586848,-8.942706275054476
VHL,-10.442015492822069,-10.436036160113927,-10.475705858994699
TATDN2,-11.448543208020931,-11.590651363735917,-11.424367530792775
SEC13,-9.695226583846507,-9.742341102734946,-9.757280499240572
ATG7,-9.800291529042195,-9.744949660856538,-9.973606316982773
VGLL4,-8.935864826853065,-9.167801974624375,-9.304384687644028
TAMM41,-10.497477484301005,-10.475645460356882,-10.590037154295084
SYN2,-11.441522486566743,-11.84922833090249,-11.614865666325857
TSEN2,-10.129304183297952,-10.078915718026893,-10.119771664439927
MKRN2,-10.51406987492016,-10.59791652369409,-10.796279772728544
RAF1,-9.46220321532921,-9.46098623910785,-9.542999287573032
CAND2,-10.66022454461353,-10.845933396663932,-11.058543346060398
RPL32,-6.415287180001296,-6.616593812496042,-6.4737321647592445
IQSEC1,-10.502923844955237,-10.675630891666794,-10.768257354919717
NUP210,-10.587222803189357,-10.796307990923518,-10.886962657443922
HDAC11,-12.023870025475526,-12.238013983964276,-12.051713578780031
FBLN2,-11.908984139770892,-11.652735877257674,-12.081943484094067
CHCHD4,-11.120381759046127,-11.14312313981311,-10.952995571774439
TMEM43,-11.125778355526368,-11.204084656808806,-11.129112062080686
XPC,-9.995229435919516,-9.975429342327434,-10.125063522498595
LSM3,-9.62270277241453,-9.845208999458064,-9.668546455778495
SLC6A6,-11.90769059714318,-11.712566448466095,-11.223110530655475
CCDC174,-10.455870549275984,-10.42045287552957,-10.442787245574706
C3orf20,-12.594147877910736,-12.631687434573372,-12.483197538970902
FGD5-AS1,-9.270758865803746,-9.24285515408866,-9.541662665270964
NR2C2,-9.739433844773293,-9.73833619372779,-9.850307154532166
MRPS25,-9.509784936499733,-9.560510518193249,-9.386077026807856
RBSN,-10.79476620828542,-10.751243983794751,-10.734925401095966
CAPN7,-9.190143326272738,-9.114575682324242,-9.344747903230289
SH3BP5-AS1,-11.90365609085594,-11.986516014218278,-12.223393171539321
SH3BP5,-10.389487410574198,-10.132471596140203,-10.649978670372032
METTL6,-10.022040992336718,-9.99814581748708,-10.114595100456803
EAF1,-11.414344969447097,-11.70770145175001,-11.893158829906527
COLQ,-10.790286167761822,-10.6269954986821,-10.924495288956852
HACL1,-10.599108943216418,-10.747980677956818,-10.77557668907138
BTD,-10.47616940346618,-10.299225392379782,-10.477714131670508
ANKRD28,-9.355968505771312,-9.507142808835269,-9.383986267855857
ENSG00000287042,-10.558306492823263,-10.549291842385587,-10.464496607460802
DPH3,-9.965320703966016,-10.06143652236959,-10.118057054742318
OXNAD1,-9.594388882763063,-9.557780426206046,-9.558113785113816
RFTN1,-9.715380546478633,-9.511656886439402,-10.126690445232978
PLCL2,-7.833677504281514,-8.366218542262459,-7.665606042906405
ENSG00000285731,-13.00742886701042,-13.001288337298561,-12.782796530605564
TBC1D5,-7.938703958095906,-7.935896497755018,-7.948761670726655
BALR6,-13.159240807897653,-12.498826344066567,-11.440971383814771
SATB1,-10.198195958993612,-10.30784063872259,-10.522080718366466
SATB1-AS1,-10.756884644350883,-10.908364610184236,-11.052287827184186
KCNH8,-11.541970849837574,-11.47718731634998,-11.620480302671611
RAB5A,-9.3984871852228,-9.649258925523204,-9.684791783187181
ENSG00000289138,-12.679078020049449,-13.079475056508391,-13.062546873914375
KAT2B,-9.884745115733722,-9.862812311136418,-10.178203197070593
SGO1,-11.307537875817435,-11.885338774746087,-11.623711113370172
SGO1-AS1,-10.703291853918572,-10.772200924195246,-11.486675970027726
ZNF385D,-11.061067066302968,-10.501474645598519,-10.966934078272642
UBE2E2,-7.964741811831319,-7.863093576887015,-8.17268140157698
UBE2E1,-8.571387270267858,-8.73109105259199,-8.83822768996193
NKIRAS1,-10.49203302361091,-10.507816652269538,-10.641565993849095
RPL15,-6.646076178503361,-6.838914672295943,-6.7556296165662735
NR1D2,-9.940491913837345,-10.051709357221583,-10.064464890531536
THRB,-12.026559588941563,-11.81208600347212,-12.301692209004878
ENSG00000289130,-13.051470990237073,-12.918816802751772,-12.90174430475507
RARB,-9.447192857926982,-9.083925338020212,-9.352889775678038
TOP2B,-8.513438079893163,-8.58607594550421,-8.699687119030207
NGLY1,-9.709165408302699,-9.685794932829813,-9.732267251656772
OXSM,-11.9321642768793,-11.77986786897401,-11.861239721473732
NEK10,-10.867047797954346,-10.946240860451589,-11.013210280065156
SLC4A7,-9.39881383258679,-9.459561286835365,-9.524611648663898
LINC01967,-12.04288044935287,-11.624595918476526,-11.011659228324099
CMC1,-9.738676499868141,-9.834863722982345,-9.639865547194008
AZI2,-9.53505639508329,-9.630472679977812,-9.570468689870726
ZCWPW2,-10.93423950621096,-10.710486650039194,-10.780371464472118
RBMS3,-7.8278278930363765,-7.58717135059077,-8.358587135462107
RBMS3-AS3,-12.591651466689731,-12.457967125338117,-13.126793014415213
RBMS3-AS2,-12.175591778661747,-11.910992403984922,-12.52601793678047
TGFBR2,-10.04026267508549,-10.478296136307538,-10.40951534201967
GADL1,-10.44067126283835,-10.835125763199448,-11.41453293238285
STT3B,-8.62346646758345,-8.637786282560807,-8.901935754991575
OSBPL10,-10.818909732851496,-10.826149365637574,-11.823612262169533
GPD1L,-11.95446449352667,-12.024074068107359,-12.117796994990323
CMTM8,-10.841536798188436,-10.667825143423528,-10.811438205405192
CMTM7,-10.732519546864069,-10.861472836039756,-11.054168940614389
CMTM6,-9.71611224266636,-9.80672277122438,-9.818447749421027
DYNC1LI1,-9.26732783328492,-9.250734052506541,-9.246519068035003
CNOT10,-9.699783923701391,-9.7803855698616,-9.847713139166814
TRIM71,-10.334864303823956,-10.269498247315054,-10.33865200837207
GLB1,-10.238247911017698,-10.244258954567115,-10.284442807959302
CRTAP,-9.726382052461345,-9.751650178424931,-9.890506059706528
SUSD5,-11.87234205393408,-11.75016875437389,-12.075036944277207
FBXL2,-9.708607344808597,-9.703412888231815,-9.746846589292135
UBP1,-9.713654452911934,-9.63484467950131,-9.830607345795363
CLASP2,-8.561458521729492,-8.622197896377594,-8.657730310546095
PDCD6IP-DT,-11.444485666529248,-11.352038511052836,-11.739875126673143
PDCD6IP,-8.997804682391319,-8.959636671764384,-9.03759296488235
LINC01811,-11.748249704913478,-11.80691891851727,-11.676307052882201
STAC,-9.816069231702725,-9.477084181159151,-11.174068944114383
TRANK1,-11.04253007719136,-11.144407377758704,-10.573033622898762
EPM2AIP1,-9.556428850433713,-9.559337334229777,-9.543509524311757
MLH1,-10.26900535896215,-10.441111735324316,-10.509273805776964
LRRFIP2,-8.744946243192262,-8.936159894956461,-8.966627296135345
ENSG00000290046,-12.309497957416193,-12.173579930382546,-12.367409450928788
GOLGA4,-8.018954660851865,-8.031899809373066,-8.120811748568483
APRG1,-11.682319031409097,-11.482127373834231,-11.743299050553908
ITGA9,-10.318894436904785,-10.433499551740526,-10.804319803810316
ITGA9-AS1,-11.594351123284786,-11.851234165824515,-11.93530755329238
CTDSPL,-9.688970384451723,-9.762636399426741,-10.122042804506385
PLCD1,-12.659563334930068,-12.281874133688419,-12.284460023218639
ACAA1,-10.484606379511002,-10.647979928494145,-10.419042945464216
MYD88,-13.004304052799805,-12.868839883000934,-13.117510537759639
OXSR1,-9.27559622227656,-9.269797370153615,-9.282441190284366
XYLB,-11.472029760003856,-11.602591703678064,-11.876500750021824
ACVR2B,-9.4003840327797,-9.25547951670911,-9.437604908077668
EXOG,-10.754786151222323,-10.717426521078982,-11.216475175075248
SCN5A,-10.115919936925193,-10.153606699461971,-10.572022022790534
SCN11A,-10.678701292920062,-10.657560324161993,-10.662796949639342
WDR48,-9.698769330093059,-9.752082304916305,-9.843012530423707
GORASP1,-11.742722676247588,-11.88325963751757,-11.727745999790214
TTC21A,-12.674693762859599,-12.926605926215721,-13.16051694174449
XIRP1,-9.517677940122333,-9.497307480542522,-9.757723106229447
SLC25A38,-11.092332030909489,-11.245566444024337,-11.149222823158528
RPSA,-7.01097864985397,-7.102909842466107,-7.218127953341173
MYRIP,-11.908851596260112,-12.254107205616867,-11.675242286331278
EIF1B-AS1,-10.467580254576978,-10.621668158112362,-10.426375285746987
EIF1B,-8.232867978461881,-8.552774714047514,-8.24369358321882
ENTPD3-AS1,-11.918060193580825,-11.838404663268689,-12.112419599053126
RPL14,-6.551526367515116,-6.690020842880473,-6.543838835183432
ZNF620,-10.94941850718609,-11.087825778337612,-10.867518683534131
ZNF621,-11.097672950706226,-11.061671282913691,-11.087932196697503
CTNNB1,-8.584075067329646,-8.524745791864248,-8.630004029284908
ULK4,-9.606971513690041,-9.58576751938811,-9.885571940186459
TRAK1,-9.884084480214568,-9.951242426388797,-9.965513984624568
SEC22C,-10.540977088911479,-10.609266705166215,-10.57178003431077
SS18L2,-10.752831630073034,-10.890350897056498,-10.760162525450495
ENSG00000289558,-12.668179574020465,-12.680637047436024,-12.883651588575196
NKTR,-8.716201102127892,-8.5978667816727,-8.75668422825723
ZBTB47-AS1,-12.100049834671974,-12.066261920109671,-12.012116260425493
ZBTB47,-12.151616591371818,-11.913644477215941,-12.478231233922493
CCDC13,-13.007861061091853,-13.199281796105645,-12.965309279897163
HIGD1A,-9.481381230502171,-9.514518890657387,-9.555400681931944
POMGNT2,-12.28875340193645,-12.099746510955194,-12.14979304606837
SNRK,-10.79975816550915,-10.814012904085894,-10.83741396379451
ANO10,-9.640547238777458,-9.54750211672634,-9.715026210391425
ABHD5,-11.17586636132298,-11.143571357105499,-11.179105926953834
TCAIM,-10.0283836056135,-9.871085463992902,-10.117898183587458
ZNF445,-10.128606831157342,-10.140759087715066,-10.267227770903244
ZNF852,-11.405826401750971,-11.36334003927941,-11.612106385023868
ZKSCAN7,-11.85384376821065,-12.426720847444589,-12.024091033603336
ZKSCAN7-AS1,-11.818981043232531,-11.529017359815448,-11.677901873408862
ZNF660,-11.283521960578417,-11.330768974331976,-11.334501118582045
ZNF197,-9.655985671457218,-9.651903232381212,-9.727689260262949
ZNF35,-10.81880814064721,-10.802980555151562,-10.773324476321811
ZNF502,-13.233967961713226,-12.546279903495673,-13.073286689960574
ZNF501,-12.479857776191752,-12.761809530722001,-12.78215491318845
KIAA1143,-9.600770990682317,-9.76619308239906,-9.662435466117502
KIF15,-10.997867583576037,-11.368214502665438,-11.483285312423625
TMEM42,-11.621117209417756,-11.81610361214287,-11.345491927333912
ZDHHC3,-10.170763108242042,-10.064119246995286,-10.294476245373737
EXOSC7,-10.12846334061253,-10.244240820518117,-9.819513057285976
LARS2,-9.589909773682882,-9.629850261399996,-9.754865049813878
LIMD1,-10.946921457052694,-11.07062325111951,-11.077265549961975
LIMD1-AS1,-12.961213823835608,-13.155478758480937,-13.11086755827249
SACM1L,-9.628697019700077,-9.690815838734855,-9.772428234463991
LZTFL1,-10.427346087859133,-10.47736055376521,-10.483418844969744
FYCO1,-10.64663917489459,-10.694350549321989,-10.56015642737423
LRRC2,-11.886642810428919,-12.333172009926468,-12.301402663888608
TDGF1,-11.581329164974479,-12.779813990818173,-12.18918831811701
MYL3,-7.065720649456873,-7.2615306242863715,-7.032470679807331
PTH1R,-10.555811753121663,-10.468973189540206,-10.664804090036883
CCDC12,-10.037052671649395,-10.000377955486957,-10.075060588903797
SETD2,-8.454245283947303,-8.411858354571503,-8.586360443823239
KIF9-AS1,-9.517553284884993,-9.446913252822448,-9.579984068928878
KIF9,-11.572584696365771,-11.657166606845854,-11.587858014960286
KLHL18,-10.638682124177373,-10.729593353387985,-10.866423941490016
PTPN23,-11.82903777676688,-11.696386540760479,-11.760414644019422
SCAP,-10.558772165497276,-10.567845224596805,-10.754213866144445
ELP6,-10.544179836482867,-10.541006084205332,-10.675038181314791
SMARCC1,-8.031758586287333,-8.103090276640101,-8.21671466231304
DHX30,-9.738349204483004,-9.846328328931927,-9.856817004208771
MAP4,-8.294414308689015,-8.163776615837765,-8.353290236695774
CDC25A,-11.521262766350342,-11.759123217763172,-11.696193187741816
ZNF589,-11.498635261782582,-11.34537743141844,-11.429715542821455
NME6,-10.503974515579674,-10.536415606554527,-10.442950448612388
PLXNB1,-11.992371408022938,-12.187960447844972,-12.137333821365885
CCDC51,-11.525760759594036,-11.705815061041854,-11.682291075514113
TMA7,-8.367773169991127,-8.484806575194042,-8.430641517452257
ATRIP,-11.644786714130696,-11.796494547069432,-11.7669133429563
SHISA5,-11.149479424332712,-10.87390285776209,-10.686558872427371
PFKFB4,-10.059202493963031,-10.86393901061414,-10.569754054687149
COL7A1,-11.708278153366502,-11.583348410087087,-12.205648871819063
UQCRC1,-9.363924028920646,-9.51046836332829,-9.521175745882283
SLC26A6,-12.531926341778268,-12.47164696246202,-12.363898395831473
NCKIPSD,-11.522451621117902,-12.01470656427338,-11.735722224084697
IP6K2,-9.529367481961872,-9.797856299029263,-9.695417713272208
PRKAR2A,-9.21402405889226,-9.209205282765296,-9.298041764661763
SLC25A20,-11.241247357819658,-11.319294177352857,-11.295285774118014
ARIH2,-9.507733413502976,-9.55663234375819,-9.606127985497144
P4HTM,-11.295402243470587,-11.440854598379563,-11.293898035817962
WDR6,-10.397841988409583,-10.46100723698843,-10.536248641159146
DALRD3,-11.037173945500893,-11.15724640375696,-11.23564884576965
NDUFAF3,-9.523655052580416,-9.706748898198642,-9.531267765012176
IMPDH2,-9.32585671909567,-9.510076965708473,-9.412826848751088
QRICH1,-10.063511146697012,-10.115617089118237,-10.37592358146495
QARS1,-9.88857864270106,-9.982059495611924,-10.001611879199688
USP19,-11.508846549113212,-11.400736626732305,-11.47658821525799
LAMB2,-10.344759561816817,-10.405009326895227,-10.432919438330835
CCDC71,-12.515938097260813,-12.434658125246994,-12.29126861586608
KLHDC8B,-10.458510513514398,-10.526728054660301,-10.557801616495235
C3orf62,-11.27818152353255,-11.29030075296809,-11.772651187637713
USP4,-10.012850576301686,-9.97310121566817,-9.958163485321379
GPX1,-8.849951231599585,-8.980757552100856,-8.903809801979918
RHOA,-8.219826823972593,-8.42349551151903,-8.30044939507667
TCTA,-11.084747979359793,-11.23049079151867,-11.10591820855377
AMT,-12.399000403425093,-11.526662424251148,-10.748486014339674
NICN1,-12.13710872365344,-12.040660983310302,-12.014293219215663
DAG1,-9.47776443151746,-9.440710477225995,-9.801544287314105
APEH,-10.886848752586197,-10.952438543830468,-10.811667402114942
MST1,-12.500683832389415,-12.148696997604596,-12.476199105923186
RNF123,-12.341753444974009,-12.330419596466976,-12.533048497245568
GMPPB,-12.843685454038788,-12.970472465903422,-12.864721505338565
IP6K1,-10.157663561533782,-10.190868226695168,-10.380496286384682
MON1A,-12.755785362397052,-13.133210772748244,-12.782103435428883
RBM6,-8.763703596666334,-8.850620258883254,-8.920721878061597
RBM5,-8.94319692173123,-8.939950779501748,-9.112499953453684
GNAI2,-9.469236018157892,-9.468383617810815,-9.465573072205949
ENSG00000230454,-13.171842497504809,-12.967199247161405,-13.057005167975896
SEMA3B,-12.820434374833434,-12.752291754072292,-13.244186876484905
IFRD2,-10.84467226620187,-11.005485317999925,-11.07974395287923
HYAL2,-10.480477280943191,-10.414480028387027,-10.724489934038502
TUSC2,-10.687565635108028,-10.777884529453834,-10.882345383758853
RASSF1,-11.748368100269182,-11.792434877255639,-11.795426867979296
NPRL2,-11.628765078993426,-11.833270572404011,-11.767685568849352
CYB561D2,-12.069394772240196,-12.292624334292388,-12.238516443725496
TMEM115,-11.38009807893235,-11.453088318928371,-11.338443452039268
CACNA2D2,-11.755564485543637,-11.846058298960374,-11.176073013492605
C3orf18,-12.277782164454589,-12.409456209110928,-12.333554143307074
HEMK1,-11.799948170923578,-11.740228279442748,-11.82635143529457
CISH,-12.76870895781755,-13.103191348163318,-12.660732000036267
MAPKAPK3,-11.089481090571361,-11.17885202909818,-11.109328944976578
DOCK3,-10.431962909219598,-11.045646299803408,-10.49848008889641
MANF,-9.801661424540855,-9.78286577324096,-9.740471462596542
RBM15B,-10.673122296991862,-10.731363691030673,-10.670689007632625
DCAF1,-10.371160164090044,-10.311610640113704,-10.598100490913687
RAD54L2,-9.890505575452629,-9.852417766192918,-9.89505088883629
TEX264,-10.80725056745502,-10.748035783092792,-10.616847663142657
RRP9,-11.610902692488175,-11.849237108547548,-11.599747365479626
PARP3,-12.620869526257366,-13.234891392544533,-13.206741267493054
PCBP4,-11.082588351034465,-11.180850304415477,-11.234018821612366
ABHD14B,-12.59784104010978,-12.344750532475581,-12.668757086481797
ABHD14A,-10.86478020458311,-10.772837848447422,-10.848888616701327
ACY1,-11.124873911407533,-11.283093006265535,-10.903599160431959
RPL29,-6.943964838065453,-7.160257089196509,-6.990681810483187
DUSP7,-12.55175356717517,-12.580467638017735,-12.665783241778964
POC1A,-12.020444001731343,-12.69806435314238,-12.600514117784897
ALAS1,-10.166977150756992,-10.249916065706646,-10.198242743310564
TWF2,-11.092278822803092,-11.477395377430964,-11.226139439721862
WDR82,-9.648239470766793,-9.705801121145441,-9.7062025900135
BAP1,-11.671537265201817,-11.793772407709135,-12.025866581407096
PHF7,-11.19410106308648,-11.202199908825273,-10.818006671868947
TNNC1,-7.24725690617074,-7.2837209227823125,-7.230377798996184
NISCH,-10.172545907863313,-10.176729749792692,-10.367534274156014
NT5DC2,-9.831067709866316,-10.044716047760426,-10.20686285506424
UQCC5,-10.204578633031643,-10.525587011610618,-10.34167521779633
PBRM1,-8.410600010498202,-8.452872131778909,-8.641346007349913
GNL3,-9.602682413413328,-9.699520662497656,-9.60921839460507
GLT8D1,-10.667297820017064,-10.664539988308965,-10.822112346200916
SPCS1,-8.915234847765072,-8.946138192754265,-9.055287549687904
NEK4,-10.733772220748493,-10.779141375101041,-10.70882708004818
STIMATE,-11.667462231790783,-11.769454372278492,-11.804457878934715
SFMBT1,-10.946021452006011,-11.004683447828457,-11.129944166194619
RFT1,-11.736713502774952,-11.943091701352445,-11.881692088781369
TKT,-10.19811673920431,-10.112154760944312,-9.879338280052897
DCP1A,-9.303148628598045,-9.242570209438888,-9.371465461889967
CACNA1D,-8.183465134288777,-8.1904531979087,-7.60340737543822
CHDH,-11.73321494562963,-11.979357673898894,-11.431480791610884
IL17RB,-12.712473664466998,-13.0934240739468,-12.587869936552986
ENSG00000271976,-12.544283339717477,-12.38191710310583,-12.48242534132956
ACTR8,-10.433110584419868,-10.414004421536987,-10.662018180615059
SELENOK,-9.283562906084903,-9.286396361560325,-9.270895690378017
CACNA2D3,-11.450627133880115,-10.89404673408311,-12.000921243439977
WNT5A,-9.184753648610664,-9.402936689014245,-9.835468199394226
ERC2,-8.359083644798474,-8.288594449291399,-7.894849068452803
CCDC66,-9.475816257431196,-9.347052076444319,-9.489345835883343
TASOR,-9.357576459155137,-9.338310610212696,-9.502238212035557
ARHGEF3,-9.54063733300156,-9.794617809314584,-9.78776087769601
IL17RD,-9.517440359759352,-9.968829639016322,-10.01882224869088
HESX1,-12.03250207722094,-11.951600665579598,-12.277475404590842
APPL1,-9.220416092103067,-9.435947162744304,-9.248183316758336
DNAH12,-12.619425195003265,-12.26229158379365,-12.75012089729364
PDE12,-11.539443663596877,-13.098225551909762,-11.393519620986115
ARF4,-8.830850617478617,-8.884408361390856,-9.045855831405518
DENND6A,-10.216346380500172,-10.193315984079817,-10.305347308788539
DENND6A-AS1,-12.760212308924329,-12.960315760480205,-12.863992216707128
SLMAP,-9.05765274037,-9.064269553321273,-9.213757974389953
FLNB,-10.773267222220108,-10.615617907034851,-10.625154676540783
ABHD6,-11.570016679276238,-11.19319443608729,-11.459623253524423
RPP14,-12.836118127170819,-12.68842405045817,-12.819340730563267
PXK,-10.28196345065574,-10.53566147017408,-10.242585094409307
PDHB,-9.101232343405949,-9.102306182423977,-9.361046524179294
KCTD6,-11.668534593932351,-11.559711919304746,-11.452146068943083
ACOX2,-12.865696250110844,-12.712332500281645,-12.25524366523398
CFAP20DC,-12.023610384727577,-11.944540998296656,-10.183416923699435
FHIT,-8.637618453174609,-8.349897830357756,-8.361030490807094
PTPRG,-7.7407994452385465,-7.988506914016542,-7.858590671108268
PTPRG-AS1,-12.43905176188353,-12.012072490967304,-12.315569606785125
CADPS,-7.688192913422769,-7.509523262154896,-7.946987440045243
SYNPR,-12.749083343698874,-12.47055707452919,-12.691551022997864
THOC7,-9.266571106910742,-9.484455184696987,-9.244863059512317
ATXN7,-9.79795562336669,-9.791546854170798,-10.028417398556254
PSMD6-AS2,-12.095982318578152,-12.148035098707352,-12.274595117163113
PSMD6,-9.29084561235828,-9.508230891346198,-9.399747259169008
PRICKLE2,-9.725532756563188,-10.354052242554832,-10.053788087153896
ADAMTS9,-9.096793825772973,-8.461614930581181,-8.764419372202779
ADAMTS9-AS1,-13.154088011440608,-12.657525106554917,-12.585545569637818
ADAMTS9-AS2,-9.70104174204879,-9.90230830560829,-9.525176337679165
MAGI1,-7.524684198005809,-7.519219304103233,-7.944700978652931
MAGI1-AS1,-12.4400764167056,-12.3533163223746,-12.77152465922473
SLC25A26,-9.92218774311209,-10.070117534620325,-10.240223421367773
LRIG1,-10.023651304689785,-10.401028575117309,-10.059848670297052
KBTBD8,-11.78513977625066,-11.606252778794348,-11.596232559058416
SUCLG2,-9.111790274591488,-9.67802801325869,-9.21215922108703
SUCLG2-DT,-10.791490883125274,-10.902015273733564,-10.223024453860853
TAFA1,-12.575658555944095,-12.773049023057531,-12.189524910188261
TAFA4,-8.894635183909866,-8.815449601880902,-8.602545258726861
EOGT,-11.366193180898708,-11.275972384934171,-11.440290200661623
EOGT-DT,-12.982532483899238,-12.973197979511106,-12.903273874905585
TMF1,-9.59606410589584,-9.62850873883151,-9.619254252694303
UBA3,-9.461166003384292,-9.532183470469073,-9.446102547024788
ARL6IP5,-8.381207158085337,-8.448797501803893,-8.470763953870783
FRMD4B,-7.990970121994404,-8.256930383638622,-8.07443707220082
MITF,-8.121443718245592,-8.332223622410082,-8.07811604086419
FOXP1,-7.230629534185664,-7.355504169347197,-7.492449692141192
FOXP1-IT1,-12.327088120321998,-12.320068333923587,-12.495337201958376
ENSG00000277855,-11.366277876595683,-11.526838086942693,-11.26225134327539
FOXP1-DT,-12.116160274436659,-12.312974929077507,-12.555535441273351
EIF4E3,-11.2425472367205,-11.821856026473048,-11.401120236500214
GPR27,-12.351497866470345,-12.673537492740524,-13.004734557614649
LINC00877,-12.71121483795367,-12.750405061807218,-12.707586043976821
RYBP,-9.153768678781034,-9.30131293027978,-9.294144026603101
SHQ1,-10.414205240860412,-10.615944143436982,-10.6216713216234
GXYLT2,-9.406773135037717,-9.640045710717168,-9.668091432519434
PPP4R2,-8.913186007239457,-8.95847157830891,-9.019893429140415
EBLN2,-12.207502977937056,-12.278357355966856,-12.476186321569672
PDZRN3,-7.770446396639093,-7.921477190871836,-8.126393127385695
CNTN3,-12.151357587043645,-12.189911791555568,-12.460390729168992
FAM86DP,-11.561621016789491,-11.641239847962517,-11.476518058535152
LINC02018,-11.292512868834402,-10.690860242873052,-11.649893801309165
LINC00960,-12.212361324822092,-12.472370772174628,-11.228737791916647
ZNF717,-10.941957557252744,-10.58365925385389,-10.313233300214455
ROBO2,-7.8190365945658495,-7.918128239511319,-8.284898328742175
ROBO1,-8.433972830473282,-8.721913313123189,-8.926535592057713
GBE1,-8.583125875228504,-8.754586566303578,-9.151361615900287
ENSG00000287158,-11.955583540162202,-11.431126365681516,-11.861442058222417
CADM2,-12.358798425791333,-11.906052651736136,-11.808945802749712
CHMP2B,-9.938582867625913,-9.83578487105241,-9.812760152411508
CGGBP1,-9.200026865991074,-9.20735023748029,-9.231622583963157
ZNF654,-9.193998809245642,-9.229998510127531,-9.311400946912126
C3orf38,-10.127842220781659,-10.138786788992974,-10.196895729594374
EPHA3,-9.305364645781369,-10.00600174402801,-10.326552071941096
PROS1,-9.856517330186806,-9.940970254040115,-10.519384322325811
ARL13B,-10.268735621071464,-10.06103635334067,-10.460551248596378
DHFR2,-12.534858644279995,-12.776081167713775,-12.634095395947327
NSUN3,-10.45375455887216,-10.402218637797626,-10.582365742236068
EPHA6,-12.20056711780313,-11.80570124839561,-10.596871926795956
ARL6,-10.756672378244224,-10.867266882817415,-10.819077672401425
CRYBG3,-9.417026861327404,-9.560816332197938,-9.745378098733545
RIOX2,-11.021668807747721,-10.755000088142898,-11.081226668035132
CLDND1,-10.194292036975133,-10.102605459571922,-10.260075716334752
CPOX,-11.579260613528158,-11.881917392051738,-11.869653020258388
ST3GAL6-AS1,-11.45910422252708,-11.521712047469276,-12.01294596683941
ST3GAL6,-8.90931745998839,-9.047751275776275,-9.377387460093477
DCBLD2,-8.57148728124319,-8.564755192145647,-8.908037064929609
ENSG00000239462,-13.091395955882842,-12.68852092513397,-13.021333678135973
CMSS1,-8.915268804308226,-9.068279916623336,-9.08978395520984
FILIP1L,-10.953318462946045,-10.767077181969045,-11.34316431706842
TBC1D23,-10.19159927434393,-10.185055732636135,-10.24164845831125
NIT2,-10.076007056305532,-10.30825415111165,-10.32892209599474
TOMM70,-9.355250354371453,-9.529628760374422,-9.35989299012748
LNP1,-11.229858440140127,-11.117506905028032,-11.177268795268207
TMEM45A,-10.013788891255965,-10.335189707659701,-10.025507082259153
TFG,-8.95656458241894,-8.951873520771377,-9.004986170166667
IMPG2,-11.555709475323557,-11.76886508678518,-11.75763331613978
SENP7,-9.260264311049557,-9.310905572952212,-9.323919136615528
TRMT10C,-9.751800587964333,-9.814877190946856,-9.736235065659145
PCNP,-8.912002342577603,-8.943952985974285,-8.956418227481983
ZBTB11,-10.553154187729799,-10.454519203691266,-10.607017907713818
ZBTB11-AS1,-12.68341995139868,-12.538951922154203,-12.334992647735223
RPL24,-6.591046204478977,-6.777839941590324,-6.638782043324325
CEP97,-10.188141163418997,-10.294860362528524,-10.393257005798887
NXPE3,-11.292629932091286,-11.347632940776998,-11.59573932875785
NFKBIZ,-10.52675922319619,-10.646492088114151,-10.084658927198317
ZPLD1,-12.499456621015938,-13.064818707850534,-12.615097267153416
ALCAM,-8.201455283386727,-8.366647469360808,-8.928064080221604
CBLB,-8.742528611975938,-8.795680742528464,-8.591001125138192
LINC00882,-11.199934200655264,-10.904124730703025,-11.720551011813829
DUBR,-10.881590975291951,-10.910956314256271,-11.020217042583148
CCDC54-AS1,-11.750374754402,-11.346740348212181,-12.40287028541625
BBX,-8.06108192534404,-8.14568408595819,-8.297715582576425
CD47,-10.430267515871124,-10.311046435702728,-10.20514629012191
IFT57,-9.83227904999571,-10.005782420849016,-9.85482642523344
CIP2A,-10.634465768128031,-10.838043878529774,-11.077601508544193
DZIP3,-9.32204200392462,-9.166514735679732,-9.262274570346786
NECTIN3-AS1,-11.331058210232419,-11.177434516118655,-12.086638943775531
NECTIN3,-9.028038217510726,-8.997029950492902,-9.405642670333336
PLCXD2,-12.925981814017042,-12.81091165288771,-13.197186756338775
PHLDB2,-10.23766051614767,-10.3566245112574,-10.52186129878974
ABHD10,-10.943325146911228,-10.898196910227151,-10.877916470038162
C3orf52,-10.627144048192578,-10.556024353634927,-10.669034567246975
TBILA,-12.68004514852004,-13.115016374868794,-13.076557836536306
SLC9C1,-12.533700369518527,-12.186404173703282,-12.024054198626937
ENSG00000239482,-10.908859118302766,-10.523454421431806,-10.181954303909933
CD200,-11.803740622737138,-11.943723153481322,-11.403284477542465
ATG3,-10.08533528188383,-10.160235186977795,-10.138819102509641
SLC35A5,-10.810521947937914,-10.806508524709635,-11.005220971027924
CCDC80,-9.837040710538849,-9.706981408340981,-9.679261666019519
GTPBP8,-10.024160689086012,-10.194321324865781,-10.182323514878767
NEPRO,-9.855973481174674,-9.833406267078793,-9.892075975996223
NEPRO-AS1,-10.53271978749202,-10.432106332277664,-11.059869836514508
BOC,-11.880679014371106,-11.387444308640097,-11.837078902856428
CFAP44,-10.204456267897912,-10.052541733865793,-10.396361134575272
SPICE1,-10.470021053978947,-10.482251505183205,-10.545004062526948
USF3,-10.343958598510726,-10.234921630348092,-10.371883859148445
NAA50,-9.25420015365723,-9.3258873272022,-9.370489147007817
ATP6V1A,-9.786685191981402,-9.85685711828694,-9.877627624080725
ZDHHC23,-11.756746339015002,-11.953470493177225,-11.896597070123601
CCDC191,-10.970180601169933,-10.718148613608244,-10.898442292221933
QTRT2,-10.955520586645342,-11.170802921037907,-11.080643966509463
ZBTB20,-8.176023432961294,-8.183298443059925,-7.943868978001934
ZBTB20-AS5,-13.152062000472554,-12.886395919686931,-12.804749279251425
ENSG00000242880,-12.880701697698548,-12.235331734684067,-11.689970365073872
GAP43,-12.838644049401571,-12.007686805541141,-12.347662764866492
LSAMP,-8.052782675033425,-7.452800436196228,-9.074423550795657
LINC03051,-8.957872667234154,-8.552067929065856,-10.463560214009762
IGSF11,-9.840435392710312,-10.69522140584151,-9.893687385430756
B4GALT4,-10.488156287790007,-10.53262884105565,-10.597054013901689
ARHGAP31,-8.603750324971305,-8.732738304406844,-8.6559563702622
TMEM39A,-10.464567003990354,-10.47631710343235,-10.655073487958813
POGLUT1,-10.30888720589666,-10.36715866420976,-10.38635818802088
TIMMDC1,-9.360474526378503,-9.450051508378618,-9.402395292458854
POPDC2,-9.070708018468208,-9.356293364160408,-9.442947990439379
ENSG00000289134,-11.737330638390645,-11.913626196543623,-12.268168333077833
COX17,-9.360208779069815,-9.392272025846363,-9.083067367616414
CFAP91,-12.714471741554727,-12.634550942569682,-12.166498380307344
GSK3B,-8.783697336437413,-8.728020978785594,-8.882265407632733
GSK3B-DT,-12.158838000498138,-11.79646642960046,-12.089292238213933
GPR156,-12.917495126477325,-13.212422023096249,-12.522742991475738
LRRC58,-10.0448680391414,-10.30018632462799,-10.13995801637636
FSTL1,-8.636930217017438,-8.81103120899453,-8.689473153346833
NDUFB4,-8.93740002432748,-8.930774777284487,-8.881929838089487
RABL3,-10.875002281015371,-10.759749044143653,-10.933113265983941
GTF2E1,-10.957343445810686,-10.901725822966252,-11.180404034887403
STXBP5L,-11.93973496812252,-11.470902336396106,-12.53301887670663
POLQ,-10.707521447992495,-11.07650386443547,-11.167632572082724
FBXO40,-11.690742420736955,-11.547221874499774,-11.19539694465808
GOLGB1,-7.884528071190533,-7.933399527993189,-8.060880518764554
IQCB1,-9.715918273547285,-9.544742817323849,-9.718957920933953
EAF2,-11.866285839638337,-11.951448438920524,-12.5679537677145
MIX23,-10.322997435752024,-10.605911871208086,-10.543259641927094
FAM162A,-8.517986929370574,-8.883059927240561,-8.112872696110104
WDR5B,-12.501337921074361,-12.656319600076419,-12.476815868588018
WDR5B-DT,-11.811281538545659,-11.915421965871323,-11.699264875068602
KPNA1,-9.242912428900532,-9.297778290046736,-9.372614268764533
PARP14,-11.807766820557603,-11.930266165394388,-12.060799837471231
HSPBAP1,-11.324226843714627,-11.174097233934813,-11.287606010319317
SLC49A4,-10.377849628042835,-10.498233161678641,-10.556414910371508
LINC02035,-12.7106708816751,-13.253752563426255,-13.031461972445586
PDIA5,-11.854751235691312,-11.690473061099667,-11.569680545843918
SEC22A,-10.385148265017014,-10.241352597300684,-10.42008727981068
ADCY5,-10.28153118664992,-9.882448304758482,-9.694360669575042
HACD2,-10.354489704473698,-10.169027851238083,-10.414888844398655
MYLK-AS1,-11.528284285331976,-11.577182986011513,-11.69671519123645
MYLK,-12.262062402928002,-11.522488386375823,-11.712270554312118
CCDC14,-9.051001394100094,-9.095482628487318,-9.128350450328552
KALRN,-9.630578565810964,-9.655093521207021,-9.912016436107992
UMPS,-10.491762318103358,-10.634378916993047,-10.571276830796858
ITGB5,-10.582937091715854,-10.556623733668355,-10.816968955768935
HEG1,-9.496047351547462,-9.50592682645734,-9.69529866758073
SLC12A8,-12.117150378333065,-11.617287917636851,-11.787256808860116
ZNF148,-8.452613369284588,-8.454028149046643,-8.531828774167483
SNX4,-9.45111008676156,-9.491230120310208,-9.538592662090984
OSBPL11,-10.163075139219828,-10.050989684537146,-10.052604874534598
ENSG00000284624,-11.954950914809412,-11.567010939622973,-12.19822998226108
LINC02614,-10.951550479223135,-10.667755653604132,-10.812829965956027
SLC41A3,-10.863583811674657,-11.02587475310974,-11.079531600050428
SLC41A3-AS1,-13.151662497139936,-13.274352385680666,-13.135569397587025
KLF15,-12.558265105501487,-12.735057713947336,-12.72952615659303
ZXDC,-9.769013171002852,-9.764123958084706,-9.90170643515693
TXNRD3,-10.391382658141998,-10.406054478748088,-10.163057957939973
CHCHD6,-9.973367528508943,-9.867595314985733,-9.656979906635714
PLXNA1,-11.054940653745776,-10.896972838207141,-11.313521392861793
TPRA1,-11.309192308202716,-11.380428016334191,-11.554424331753765
MCM2,-11.23154247476867,-11.750806993012322,-11.801386603176175
PODXL2,-12.048894010574433,-11.8067061468139,-12.374012170220063
ABTB1,-12.452512975467505,-12.659709686735338,-12.733694173275568
MGLL,-12.017055267613527,-11.9829903324309,-12.341869427198006
SEC61A1,-10.511970023719606,-10.435907163599513,-10.539154506637372
RUVBL1,-9.587472858975975,-9.742629972489349,-9.593064399669142
EEFSEC,-10.088748887485208,-10.143808032024381,-10.278931128324837
GATA2,-12.8361225753752,-13.201419948129223,-13.176572812614294
GATA2-AS1,-12.547893340461,-12.458291043271009,-12.543374614818369
RPN1,-9.62053938326127,-9.61664106577919,-9.811986213706954
RAB7A,-8.968434184658063,-8.935980284978845,-9.016828395433505
ACAD9-DT,-12.890966911360927,-12.944650427900577,-12.71913111423127
ACAD9,-10.215466022649832,-10.346928787642385,-10.454162877920018
CFAP92,-12.159273009341923,-12.680372534968965,-12.689367904746712
RAB43,-12.451657135587572,-12.383076783816866,-12.61739444689719
ISY1,-10.312439963815896,-10.449853792765229,-10.439275155182651
CNBP,-8.293995180966785,-8.46531428368426,-8.359511729122593
ENSG00000289469,-12.181003447504573,-12.20406986583267,-12.45040568091311
COPG1,-10.618721976507144,-10.565397297801471,-10.738866858376447
HMCES,-10.289745161187671,-10.391898519877982,-10.541664008671807
H1-10,-8.657073716337154,-8.897916850294155,-8.775243543144356
ENSG00000290993,-10.642902601936509,-10.581729444633849,-10.808749325520862
IFT122,-10.918245203549594,-10.765572977195802,-11.059593484079118
MBD4,-10.239171122430896,-10.081757353384754,-10.077929092712417
PLXND1,-12.983601665948678,-13.08375879695675,-12.437824331378394
TMCC1,-8.774288624962198,-8.729631737307535,-8.834753972939872
ENSG00000203644,-12.87481104280264,-13.200964669883719,-13.042007019076642
TMCC1-DT,-11.76324115491503,-11.677066491619746,-11.52309586926095
TRH,-9.926578484072412,-10.128979163578972,-9.123856050736919
ALG1L2,-12.630513382107354,-12.594420684662404,-12.514095764629747
ENSG00000291081,-12.30923711788025,-12.300464106724021,-12.084323836520944
LINC02021,-12.040317585532945,-11.531598215024587,-11.473565858896462
COL6A6,-13.092006113538464,-13.09005568406325,-11.981125992645241
PIK3R4,-10.462623761417076,-10.406597544124308,-10.43613161406644
ATP2C1,-9.424311644683787,-9.371482839054107,-9.506525369896694
ASTE1,-12.138398611771631,-12.511634765093772,-12.188651128590234
NEK11,-11.210871194402285,-11.11259142585552,-10.922196724844708
NUDT16-DT,-12.135729602391105,-11.90099769066404,-11.653971304379253
NUDT16,-10.703374197699805,-10.768937334542393,-10.605248823464635
MRPL3,-9.30092680858485,-9.388803558432578,-9.307990254583267
CPNE4,-10.050147281686426,-9.702360760141238,-9.096916128697206
ACP3,-11.047839763268305,-11.074905727828929,-10.621324878130523
DNAJC13,-9.24527881976384,-9.128955094068427,-9.447530174152009
ACAD11,-10.457642962825998,-10.34185978120789,-10.378234777334486
UBA5,-9.898755056626507,-9.890748492750776,-9.960250391707971
NPHP3,-9.537343871756857,-9.671566244410107,-9.653544113830128
TMEM108,-12.487205186231778,-11.96281770135701,-11.863829315148559
CDV3,-8.875336423523686,-8.959551392148864,-8.957297334965357
TOPBP1,-9.66549181705144,-9.78549756986985,-9.837301932776107
ENSG00000291042,-12.395604280109472,-12.522707087380262,-12.365959046541223
SRPRB,-11.00330177864632,-10.926650984697615,-11.006095322102995
RAB6B,-12.206541962130325,-12.249268738061604,-12.024861570582551
SLCO2A1,-12.370459655804723,-13.228311662912672,-12.233833452272709
RYK,-8.763059712765799,-8.550429180147837,-8.688609563309479
AMOTL2,-10.658100839965021,-10.600583866532133,-11.158247576188883
ANAPC13,-9.521816132584753,-9.741751940145669,-9.852833833535348
CEP63,-10.822319993415045,-10.73753201123606,-10.810140001675286
ENSG00000288700,-11.165160788324517,-10.873600494363325,-11.336119249938573
EPHB1,-12.448351473272018,-11.857050899362314,-12.693664836283501
PPP2R3A,-7.982736743178298,-7.931131392612111,-8.09676916278455
MSL2,-10.58021698520321,-10.530215252230544,-10.574542468548977
PCCB,-10.090562082449251,-10.07490569899614,-10.209978914522459
STAG1,-8.189573158395458,-8.138252227871744,-8.27891893332885
NCK1-DT,-11.302364944327474,-11.117361431938928,-11.365650515452032
NCK1,-10.099911090305856,-9.933802382752829,-10.057215210697247
IL20RB,-12.586740801551391,-12.494857190121643,-12.699922368407874
DZIP1L,-10.366062605982114,-10.38625776010036,-10.442568823563825
DBR1,-11.521337752203252,-11.701925970674834,-11.883495758720596
ARMC8,-9.297456475979349,-9.272772234862977,-9.346727046972232
NME9,-12.138365576425597,-11.921781328499236,-12.162368070330526
MRAS,-9.54490406075997,-9.39629889253772,-9.752143712141612
CEP70,-10.124900043709044,-10.131772650313923,-9.975769441018166
FAIM,-11.150302548901305,-11.111016452943026,-11.382649412678775
PIK3CB,-9.962798346501366,-9.830972454889945,-10.104153800841681
MRPS22,-9.814730530417796,-9.964240683807377,-9.865631672039694
COPB2,-9.002437955437921,-9.083419393279746,-9.103848221398483
COPB2-DT,-9.329348539939776,-9.57943169409447,-9.270015803868514
RBP1,-9.49725800301792,-9.500253530788553,-9.050790845907494
NMNAT3,-10.82881673399787,-11.47680236744467,-10.73275251850105
CLSTN2,-10.031711953797762,-9.734140169694601,-8.51360639729152
SLC25A36,-8.622135966762631,-8.726499206105958,-8.67670203698365
SPSB4,-9.831189063563794,-10.068038165988423,-10.050149381244617
PXYLP1,-10.968974263748496,-10.94109530218454,-10.85098133520411
ZBTB38,-10.293026239012612,-10.339970333877089,-10.45240304946003
RASA2,-9.349570033069872,-9.281680182298487,-9.362429564069526
RNF7,-8.685241537772237,-8.832301917126834,-8.689172736171194
ATP1B3,-9.578169077926704,-9.595853507957617,-9.52756658382729
TFDP2,-8.653536151335695,-8.63924284216272,-8.956505687046548
GK5,-10.867398724268785,-10.743499810221062,-10.861093691454682
XRN1,-8.769519744537414,-8.735057329025011,-8.863601531046461
ATR,-9.627421915316685,-9.605693487575309,-9.82771927153824
PLS1,-11.061485569668474,-11.102583132296598,-11.350263410076831
ENSG00000287045,-11.954624404184447,-11.781625455125633,-12.053992571456439
TRPC1,-9.317943642104764,-9.204549091246331,-9.317064937375068
PCOLCE2,-11.854680464278012,-11.787870786274192,-11.844656756666446
U2SURP,-8.651200370786356,-8.718089296619787,-8.68057786146663
ENSG00000268129,-13.22250761566565,-13.092702815522383,-12.842127350102567
SLC9A9,-10.981454152487752,-11.128346729605125,-11.414785634134168
DIPK2A,-9.572659488650087,-9.631107389265194,-9.629663913893092
ENSG00000289986,-11.97749348143893,-11.967460710156596,-12.139813850385172
PLOD2,-8.074839422990314,-8.388811275285608,-7.9596470667562595
ENSG00000261051,-12.862744896915759,-13.277903185049938,-12.776582873788458
ENSG00000243415,-12.76464620953994,-12.84361690766861,-12.542640689037693
PLSCR4,-10.763195851467804,-11.08431255854139,-11.571762547579516
PLSCR1,-10.932330397726645,-11.285254605866236,-11.13361331475738
PLSCR5,-10.585773603235888,-11.193917691556493,-11.536196584852068
GYG1,-9.695781287022593,-9.87462668384324,-10.432520046945774
HLTF,-8.870358294192723,-8.831983883767702,-8.869048950756254
HPS3,-11.148249480284639,-11.145849613014141,-11.315201812900103
WWTR1,-8.450311382721505,-8.601634107862859,-8.440357569821279
COMMD2,-9.778046065445766,-9.853750920977813,-9.732577825947127
ANKUB1,-11.168799736065015,-10.803833180749908,-10.943812428032246
RNF13,-9.687607962236047,-9.682885576454026,-9.739069537718656
PFN2,-9.618565278866823,-9.734315412037732,-9.758947448167223
TSC22D2,-8.777602950345015,-8.97462912840216,-8.932246167612767
SERP1,-9.423892198802651,-9.505533770045473,-9.322756448678005
EIF2A,-9.277941437710647,-9.356780744226793,-9.452866226793782
SELENOT,-9.530438425116454,-9.491814659162715,-9.533576823861418
ERICH6-AS1,-12.545763164427012,-12.237806284726291,-12.488583010692517
SIAH2,-11.213166831744532,-11.238908019447761,-11.251348167530244
MED12L,-9.388497223326967,-9.48945991761555,-10.287886947955398
P2RY14,-12.548553674096215,-12.148806573004425,-13.07373734771747
MBNL1,-8.365355641216299,-8.517352152355082,-8.507680922412758
P2RY1,-12.105117452104956,-12.034955320122634,-12.141495800232615
RAP2B,-11.04709027525385,-11.174500595236827,-11.202308339647466
ARHGEF26-AS1,-12.864993191629383,-12.981698752972958,-13.29727605476713
ARHGEF26,-11.235994619865146,-11.53918457457274,-11.168851371570662
DHX36,-8.73141390118457,-8.803680145933866,-8.73279954218838
MME,-13.111514510238228,-12.852009491318853,-12.754369028565497
PLCH1,-11.743600639567019,-11.97252503694099,-11.412173833456913
C3orf33,-11.249831617813197,-11.347877691022715,-11.566845411950421
SLC33A1,-10.658140803075145,-10.472956558370276,-10.5644367628985
GMPS,-9.343861867336866,-9.422473573540424,-9.450236311164531
SSR3,-8.320477093154796,-8.39615148067896,-8.471264229253592
TIPARP,-9.201817545409167,-9.438793210038975,-9.03277455473214
LINC00886,-12.435871010438646,-12.335344736205682,-12.447702453950141
LEKR1,-12.000275576340089,-11.77501977862712,-11.852447530490272
LINC00880,-12.79519332692205,-13.150842317339825,-12.154400939477812
LINC00881,-10.672667428754758,-11.555468668877005,-9.98171265861345
CCNL1,-9.318472386604098,-9.235687061136455,-9.303445730633557
ENSG00000243176,-12.290942323352084,-12.140507618953533,-11.2549568574357
VEPH1,-11.8929408869964,-12.10842674681344,-12.514945772621667
RSRC1,-9.1873451132106,-9.168476812521737,-9.266012532995473
MLF1,-9.534013788768714,-8.62558704270264,-8.618871844402166
GFM1,-9.81578017429227,-9.743478689538746,-9.935200228322875
LXN,-11.6614104051863,-11.828137390381992,-11.381010782843687
MFSD1,-10.552696192099479,-10.394383726587492,-10.820851093722993
IQCJ,-11.663038907250305,-10.922336466467598,-10.946095285432424
SCHIP1,-9.544363167218982,-9.605845113988599,-9.54859056166086
IFT80,-9.538246632554428,-9.59298795126122,-9.762377758046878
SMC4,-8.93707815045044,-9.223846026466077,-9.272527586706643
TRIM59,-10.641670301892043,-10.829568914096026,-10.845334467398047
KPNA4,-8.88547728684632,-8.848233334589175,-8.96578248206334
PPM1L,-9.78388242037136,-9.692548170895394,-9.653934227798612
B3GALNT1,-12.406958561748247,-11.89472161862461,-11.413696022001812
NMD3,-9.919936106342556,-9.889815693025323,-9.772903439475483
BCHE,-11.600681888790943,-10.889702773561384,-11.188863330088736
ZBBX,-11.803464174132314,-11.73085508005557,-11.270103853278334
WDR49,-13.186726602680842,-13.024677691975405,-12.85569612624444
PDCD10,-9.46843577275084,-9.554144459318014,-9.48192167721934
SERPINI1,-10.084486852161712,-10.626514911852679,-10.676187567609713
GOLIM4,-8.787336389140089,-8.620596552560903,-8.805316666385302
ENSG00000286994,-13.11130209054104,-12.682896595806456,-12.853867066488833
LINC02082,-9.93861865893013,-10.525330058110397,-10.340595809170605
MECOM,-8.727075940156242,-8.337955838212125,-9.670671115936585
MYNN,-10.7965724170173,-10.690129714144156,-10.879950039080224
LRRC34,-12.837597053058557,-12.428011542818735,-12.496005507911754
SEC62,-8.58599352047023,-8.583422792668548,-8.619691050172827
PHC3,-9.274891391683106,-9.145891789324141,-9.272317368121948
PRKCI,-9.542531810822977,-9.584874816854683,-9.60263469353559
SKIL,-9.076473890557418,-8.968702501377415,-9.272418335283211
RPL22L1,-9.254366023470375,-9.738672366524197,-9.214903385458395
EIF5A2,-12.483349169117357,-12.591516129984097,-12.519971437076464
TNIK,-7.927062234204274,-8.177866141371236,-8.31676363250288
ENSG00000240497,-10.825370854163669,-11.405323538728817,-11.400955615280486
PLD1,-9.656225750118386,-9.378879374763002,-9.860380262476076
FNDC3B,-7.860764646895077,-7.756814091345623,-8.27434250121027
NCEH1,-11.710277407044698,-11.385011319934817,-11.05330351144386
ECT2,-10.10143259342622,-10.636244753544974,-10.463409305360365
NLGN1,-8.664432379266245,-9.010491081383122,-9.14258246484988
NAALADL2,-9.37386181908851,-9.208030538607883,-9.653614772684435
TBL1XR1,-8.33245376157883,-8.354626426244259,-8.491908514784123
KCNMB2,-12.864922390815755,-13.037977581203021,-12.178645857115548
KCNMB2-AS1,-11.12598869547103,-11.036307721813548,-10.059281456609494
ZMAT3,-10.034291304359877,-10.25499199571883,-10.36801683623442
PIK3CA,-9.093012816137398,-9.213742422727075,-9.451917666700853
KCNMB3,-11.6441766278638,-11.632057478968543,-11.1892231985554
ZNF639,-10.03055413409181,-10.064887721283622,-10.183134672690365
MFN1,-9.743991853273487,-9.852813235964671,-9.780121192765092
ENSG00000289574,-12.477683720197858,-12.434110676414578,-12.752046637434287
GNB4,-9.477723287997009,-9.585844444989654,-9.806638234452647
ACTL6A,-10.101368506252616,-10.352556263713403,-10.209138287808981
MRPL47,-9.356781053764802,-9.511448815183837,-9.47339968353509
NDUFB5,-8.633382842728855,-8.755546809818489,-8.657545048447346
USP13,-9.39734407646295,-9.35785233154821,-9.617970098123699
PEX5L,-12.516430634913053,-12.58971962487088,-11.939145557324718
TTC14,-9.25809489123531,-9.309686002940797,-9.3733278080824
FXR1,-7.914952763541664,-8.009816470223685,-8.027320042258552
DNAJC19,-9.67895678307661,-9.728571797710163,-9.62234210759333
SOX2-OT,-11.719644453399749,-10.939033325175586,-11.433923054346048
ATP11B,-9.367046538214103,-9.375759682342235,-9.423035874536795
DCUN1D1,-9.635107507349623,-9.66165952909465,-9.667346345105209
MCCC1,-9.98679386193515,-9.96350457293327,-10.154385483277435
MCF2L2,-9.955140533180579,-10.035327649819846,-10.099219060954777
B3GNT5,-12.005636454121897,-12.32433363644648,-11.935322487543283
LINC00888,-10.062960267683422,-10.185916035144373,-10.141171717379367
KLHL24,-8.718219663569386,-8.832204398773419,-9.091052029148962
YEATS2,-9.387976619812619,-9.508891965045473,-9.587227137235104
PARL,-9.944525177337491,-10.064137456152993,-10.072811726554061
ABCC5,-9.54961112207356,-9.574207794198973,-9.646601329320994
EIF2B5,-10.65404326169958,-10.793691086728025,-10.923985354590453
DVL3,-9.914960256626436,-10.071423384691153,-10.252309212249125
AP2M1,-9.26703597430955,-9.353919857726282,-9.427910831759977
ABCF3,-11.542636426712786,-11.655481767774686,-11.641701425915096
ALG3,-11.542213942032367,-11.594856970609786,-11.612508137995368
EEF1AKMT4,-12.412762789747093,-12.773231428768899,-12.553449309280827
PSMD2,-9.36699505282621,-9.457789144220751,-9.572050309275765
EIF4G1,-9.124283708103281,-9.20452637471411,-9.340554530769314
FAM131A,-12.468252906183807,-12.278110406916062,-12.359697093455061
CLCN2,-12.725218690356387,-12.751112514367474,-12.784207993404234
POLR2H,-10.066843175445094,-10.383758812492166,-10.199361900707938
EPHB3,-10.558453687852314,-10.694666212827011,-10.742333030448018
MAGEF1,-9.098225919798194,-9.41389735373809,-9.238213436892988
ENSG00000272970,-10.83749020186513,-10.535081994454387,-10.822709328614005
VPS8,-8.963896522599644,-9.115270269388953,-9.202228482849595
C3orf70,-13.107769632942594,-12.5690059897043,-13.210717710431739
EHHADH,-13.166459594598656,-11.83546280028461,-11.922961227126171
MAP3K13,-10.195014038314099,-9.482852320914686,-9.589574202105569
TMEM41A,-10.152091970145882,-9.919478544510637,-10.203841217465841
SENP2,-9.90718833993644,-9.80719758895551,-10.008155287165149
IGF2BP2,-7.699954621426279,-7.714702648531659,-7.749215909194563
TRA2B,-8.94014221010138,-8.943164678888277,-8.88043102612218
ETV5,-10.372664124965407,-10.553076547682938,-11.322066263391392
TBCCD1,-12.114133897421643,-11.948292528258984,-11.938865920611118
DNAJB11,-9.721456457583718,-9.741951983132372,-9.85908908199561
AHSG,-13.231984001975158,-13.1497645001807,-13.10533356874961
EIF4A2,-7.831338267511434,-7.866821263821343,-8.027891742467771
RFC4,-10.808133400854622,-10.874388733356644,-11.00584288837904
ST6GAL1,-9.453945751300067,-9.309408658325676,-9.390371923282183
RPL39L,-11.256168241646716,-11.177137816469779,-11.143814645798884
MASP1,-8.831599454670664,-9.008329601158367,-9.185133775284996
ENSG00000283175,-12.793793476930064,-12.62387267766229,-12.829038195378947
BCL6,-11.88281405742535,-11.555110781033813,-12.055053396994193
LPP-AS2,-12.776158157752425,-12.748233770507245,-12.85444947769431
LPP,-7.718957067241849,-7.714684228250436,-7.875965164698301
TPRG1,-11.95520154750314,-12.170623291338405,-11.922872668790431
P3H2,-8.873478654482293,-8.767354971352875,-9.782154231345215
P3H2-AS1,-11.683985822956492,-11.389914725936597,-12.475256582609557
IL1RAP,-10.993515771659952,-10.874847622593414,-11.407610422958701
CCDC50,-9.30777838084881,-9.307140626110435,-9.476472436573204
FGF12,-8.15389291537462,-9.351933257211178,-8.237717191684737
ENSG00000289165,-11.819323870753708,-12.918572941250396,-11.933860979828387
MB21D2,-10.572945853254167,-10.756267431606693,-10.895621187960888
PLAAT1,-11.357999914913732,-10.269398333969878,-10.134289765295637
OPA1,-9.118247042980865,-9.217094519572179,-9.096364399316721
HES1,-9.714110558956483,-9.588558278391284,-10.043587294558185
ATP13A3,-8.632599003155342,-8.458129522846127,-8.477180821615748
ATP13A3-DT,-12.141832243286942,-11.676694283247885,-11.366389506442088
TMEM44-AS1,-11.65300536593842,-11.823986815310832,-11.67221694810936
TMEM44,-11.689130036853076,-11.466167606387554,-11.657616505850415
LSG1,-10.376666159551377,-10.4730666728105,-10.405741182800565
XXYLT1,-9.920551855714164,-9.935892804374049,-9.930177970607081
ACAP2,-9.03609005310218,-8.97982657059228,-8.97608005594992
PPP1R2,-9.297608231006137,-9.35959849488465,-9.313511833947404
MUC20,-12.151580781397126,-11.524596169533043,-12.423345473683215
TNK2,-11.088503695273568,-11.31836680627545,-11.404327063849264
ENSG00000290762,-11.837311110237337,-11.857477604058946,-11.679601838413072
SDHAP1,-10.567956288189087,-10.460993909439976,-10.727645483901687
TFRC,-9.83989306780395,-9.880001825447865,-10.129475940717859
PCYT1A,-9.988418746532322,-9.965243886631702,-10.029679141541983
DYNLT2B,-9.849819681439744,-9.845347252283949,-9.970998392069927
UBXN7,-9.455779519734355,-9.509220050456596,-9.60830449816835
RNF168,-10.22370375711857,-10.115948047297847,-10.393171772460237
WDR53,-11.967507819540446,-11.820864085209818,-12.101531285694412
FBXO45,-10.828416967196878,-11.064263091801074,-10.962367411033748
PIGX,-10.41900609416808,-10.305004187183865,-10.399249465720654
CEP19,-12.012203793711867,-11.972784895187832,-12.239145900887156
PAK2,-8.602496241931604,-8.757915260296539,-8.737390966001634
SENP5,-9.286270269984787,-9.26562538270878,-9.328260405619382
ENSG00000230732,-12.422169656465192,-12.454772192558917,-12.46140065699584
NCBP2,-9.668827216927646,-9.658384783538432,-9.631490272856787
NCBP2AS2,-10.244586904904015,-10.37007284686337,-10.254319084490001
DLG1,-8.38240156330592,-8.348037706784428,-8.533535449609808
ENSG00000289396,-12.286398054177887,-12.438188239944331,-12.415469385720163
BDH1,-11.781728124656276,-11.73194351568245,-11.591778990584588
SDHAP4,-10.368458340871609,-9.974577061190258,-10.002287871864691
RUBCN,-11.132237276756713,-11.127867100731098,-11.281986605918245
FYTTD1,-9.294474202303508,-9.343202759935695,-9.356046881735843
LRCH3,-9.203279822982521,-9.153699527601432,-9.24554777367834
IQCG,-11.23368060810771,-11.018339930440808,-11.320950219689008
RPL35A,-6.67878304007687,-6.883364244441017,-6.738868504336528
LMLN,-11.359691325834131,-11.357777198238532,-11.379356992928043
ZNF595,-11.83724295307047,-11.094662958662978,-11.44820272062775
ZNF718,-9.90261400044836,-9.915928865537978,-10.13016142379253
ZNF876P,-11.798289091921292,-11.663939038350346,-12.266164223690614
ZNF141,-9.82116655066788,-9.804553102223338,-10.023898432637779
ZNF721,-9.410320614026121,-9.349217359031503,-9.486900902541992
PIGG,-10.804415469061778,-10.744187899852133,-10.948567086981376
PDE6B,-11.768641473379372,-12.279007309103728,-11.658854525802868
ATP5ME,-8.640402929056044,-8.752893947429923,-8.69119359133118
MYL5,-11.603251662705517,-11.870563052547265,-11.964149348969912
PCGF3,-10.635769108584931,-10.700678349171442,-10.633216651262607
PCGF3-AS1,-10.271169070141951,-10.065761571536644,-10.416080217022799
GAK,-10.50244405565375,-10.503508739624099,-10.677815098127807
TMEM175,-11.983355389564263,-11.77522700901986,-12.246111103103896
IDUA,-12.705719372726717,-12.423131417858606,-12.958005719497931
FGFRL1,-12.548146047134829,-12.388240417682525,-12.388612929752183
ENSG00000251652,-12.667349249867257,-12.761109174050809,-12.683090157604298
CTBP1,-10.186343782937646,-10.245496070830416,-10.335328544774352
CTBP1-DT,-11.446157092050273,-11.348526982138944,-11.387829536078044
MAEA,-10.225152305947214,-10.301836183176977,-10.297495258634553
UVSSA,-11.39796533838503,-11.497914529704573,-11.574971330062091
SLBP,-9.827712491286283,-9.912383457820654,-10.056217749190672
TACC3,-10.888590799839129,-11.328899296050563,-11.234394609815796
TMEM129,-11.155610604404428,-11.252422745368598,-11.138989059029251
FGFR3,-12.032048886388084,-12.018756747484968,-12.694268197682053
LETM1,-11.186605941142949,-11.18453221898415,-11.197082412756496
NSD2,-8.891396441524291,-8.974923188536042,-9.094677826369399
NELFA,-9.982584602591572,-10.10600430030556,-10.4131767120218
C4orf48,-9.331413883025146,-9.354554606745024,-9.609659638127098
NAT8L,-12.30131738581173,-12.497202897306112,-12.600839499930107
POLN,-10.957603469794677,-10.931282528209131,-10.965989376966638
HAUS3,-11.099049174283177,-11.235876124330407,-11.216260883811938
MXD4,-10.296100041551307,-10.683920351544817,-10.619729063746881
ZFYVE28,-12.686722329586258,-12.84460883868636,-13.01974773339002
RNF4,-10.097541348650402,-10.214958475978392,-10.125286442343002
FAM193A,-9.250583596620961,-9.184826738158852,-9.358563737453613
TNIP2,-10.764845481819448,-10.9250529174608,-11.006737693980662
SH3BP2,-12.04488853260501,-12.088292860693763,-12.056700906004844
ADD1,-8.662883551360256,-8.682773982107117,-8.901589223956003
MFSD10,-10.50235681932478,-10.507800156213126,-10.709241998079495
NOP14-AS1,-11.938162496213467,-12.194585376580472,-12.22043369052328
NOP14,-9.982612049453522,-10.202792277655131,-10.123672162898831
GRK4,-10.340703769640681,-10.273454653435218,-10.451363282312766
HTT,-9.55961088575556,-9.524455150313786,-9.721532218537645
RGS12,-9.93338539010028,-9.831089444177605,-10.015555496455192
LRPAP1,-9.528916867298229,-9.521898043520862,-9.632053942756347
FAM86EP,-12.520725824296736,-12.320977238548124,-12.257297133108
ENSG00000290888,-11.554175403186289,-11.459392978611868,-12.213377527893291
TMEM128,-10.893529722470161,-11.03777108538634,-10.871276585232618
LYAR,-10.237222008022636,-10.597563376927786,-10.720758518310925
ZBTB49,-11.703630519788867,-11.850635974075267,-12.146122101352075
NSG1,-12.071971489196981,-12.161388322990872,-12.341844954964557
STX18,-9.91278286270067,-9.925005035121002,-10.05870360380608
STX18-AS1,-9.802813637413307,-9.790711336328048,-9.623555070421455
MSX1,-11.411291369458374,-11.513886775847453,-12.03928660073319
EVC2,-12.179040085143503,-11.79461765478977,-11.82955218842025
EVC,-11.11159731616486,-10.975192883430914,-11.103770403877881
CRMP1,-10.475142032443053,-10.94552528080531,-11.362437946129752
WFS1,-12.446444770939479,-12.322980299994605,-12.451478654102393
MRFAP1,-8.867290924182203,-8.98875612565163,-8.877418663880134
LINC02482,-12.77846603315573,-12.09200253005283,-11.872233835931365
ENSG00000170846,-11.915987181727303,-12.140652541032244,-11.680257333647344
MRFAP1L1,-9.907478899237022,-9.97313608785718,-9.81079393544372
BLOC1S4,-10.431083590488699,-10.454399353234344,-10.440931867168134
KIAA0232,-8.881628544765139,-8.775679213848717,-8.823928551746173
TBC1D14,-10.445466235275202,-10.399583744308487,-10.587738224053277
ENSG00000287104,-12.119278948045524,-12.473842650269464,-12.579240517059745
TADA2B,-11.187731706486458,-11.013900304066134,-11.184462053834151
GRPEL1,-10.089468230671141,-10.457575305022525,-10.277340266756426
SORCS2,-11.24022407427611,-11.625439590213754,-11.907302160196421
AFAP1,-9.968542614850604,-10.064947130473463,-9.964552006948422
ABLIM2,-12.275253218174571,-12.596999098321891,-12.508111066244261
ACOX3,-10.913371701401676,-10.932148787343584,-11.059314647052028
TRMT44,-11.22461950911459,-11.154097467111155,-11.300008935738335
ENSG00000288075,-12.728305951150256,-9.752931251703503,-9.648557010209034
ENSG00000287117,-11.577352240205611,-11.153581512659697,-11.90220041445686
SLC2A9,-12.818640651947016,-13.13314649662862,-12.440899126078369
WDR1,-9.489762130521845,-9.430285373521933,-9.548592350677394
ZNF518B,-10.659827137955286,-10.375008575868119,-10.320381645567263
RAB28,-9.245932914517057,-9.205172874369222,-9.248879927260948
BOD1L1,-8.574470495431289,-8.617442425337233,-8.660407270126827
LINC01182,-11.24208526036941,-12.010675686728506,-11.347317400254953
LINC00504,-12.748952559180564,-11.961446896477296,-12.320884899287275
CPEB2-DT,-12.85900508678074,-12.343808420791603,-12.50475919800076
CPEB2,-9.392626331485067,-8.944700154917609,-9.459818294095314
C1QTNF7-AS1,-11.209261226670709,-9.927584753467293,-9.941300132472914
CC2D2A,-9.823775754359282,-10.121715065189225,-9.927543470196344
FBXL5,-9.245532219709299,-9.386003461373777,-9.226790126752272
FAM200B,-10.106565661047398,-10.258354288172775,-10.014975093782304
PROM1,-10.958549511753448,-10.965463845926493,-11.000934763423164
TAPT1,-10.24389806165153,-10.186563286583917,-10.263312130072551
TAPT1-AS1,-9.845167989524024,-10.032398602068431,-9.944198972120518
LDB2,-10.717632264618263,-10.861100440602216,-10.28315589775556
QDPR,-9.989129933054397,-10.10134449563121,-10.110069940107985
LAP3,-9.918030916469128,-9.832555737181732,-10.031728715612767
MED28,-9.77441671096052,-9.805820207319782,-9.910433001200573
DCAF16,-10.01900307763872,-10.144469240643007,-10.165494434868025
NCAPG,-10.436132316674655,-10.895958545612215,-11.04066830452458
LCORL,-8.49754797165413,-8.476293457100557,-8.624017309843225
SLIT2,-6.732311435800369,-6.9568550569335486,-6.682432518730812
PACRGL,-10.445760439776876,-10.375377262797738,-10.515601758408135
KCNIP4,-6.889701360453663,-7.020816426025997,-7.2575855205418085
ENSG00000250243,-11.724413442901158,-11.699116677642497,-12.017526752889806
ENSG00000286318,-11.824862848138409,-12.2030055782124,-12.407034422080743
KCNIP4-IT1,-12.884289354735648,-12.490940858978018,-12.752945344073524
ADGRA3,-9.10368924196359,-8.937252471515544,-9.170628904541534
PPARGC1A,-9.189923906964902,-9.14668879302334,-9.170852149308669
DHX15,-9.188181662568464,-9.264848802351736,-9.278535835270052
SOD3,-11.91996473077218,-12.112754865275225,-12.313626468915384
CCDC149,-11.253534743849176,-10.963786608621517,-11.42298103839522
LGI2,-10.574728874486306,-10.390764061915135,-11.623912907429968
SEPSECS,-11.104508716982542,-11.148549727021583,-11.451979709988215
PI4K2B,-10.771848733928216,-10.72712007295803,-10.877782581348994
ZCCHC4,-10.893687402099511,-11.005930937337443,-11.296287534768314
ANAPC4,-10.018255185798456,-10.08879225487487,-10.035046368028558
SEL1L3,-11.206047705039467,-11.360097805187284,-11.718707453025957
SMIM20,-10.118871335785341,-10.158312193495972,-10.13447437737204
RBPJ,-8.887609395603892,-8.964522656403362,-8.948744134972527
TBC1D19,-9.9288648556628,-9.875357831948682,-10.06809009395195
STIM2,-9.691283780470714,-9.716221129787435,-9.853106912151704
PCDH7,-6.279057467110927,-6.356437222774958,-7.0879222696166275
ENSG00000249678,-12.095516453111799,-12.00916138212407,-12.66716611309426
ARAP2,-11.035440114700013,-11.81964935274931,-11.704201704144477
RELL1,-11.442666704497395,-11.028455620879319,-11.827389604960846
PGM2,-10.925449126251024,-11.089527620070074,-10.907680567080739
TBC1D1,-9.838853216635911,-10.07792183248296,-9.96367173079941
KLF3-AS1,-11.083645483858774,-11.321638967644493,-11.301934746258459
KLF3,-10.10354922390133,-10.240043103324954,-10.213338698005783
FAM114A1,-10.49711985014436,-10.413989307655092,-10.35750804331536
KLHL5,-9.545473630220846,-9.521052045190899,-9.715783525846188
ENSG00000249207,-12.349538175488272,-12.336573559226993,-12.30319638333608
WDR19,-10.196272976069254,-10.273055785203782,-10.373297580008218
RFC1,-9.159093845718507,-9.306925814383819,-9.156109863472402
RPL9,-6.416392722410759,-6.547767301007657,-6.444280175659393
LIAS,-10.719718038583835,-10.876452377894367,-10.856429900672136
UGDH,-10.459653851181558,-10.563657888962037,-10.581154740542319
UGDH-AS1,-10.999351364987367,-11.021052446826156,-11.01589611762379
SMIM14,-10.05080259490859,-10.02067883180356,-10.371801918316498
UBE2K,-8.52934764489503,-8.531937285109016,-8.59282373686019
PDS5A,-8.903101707839877,-8.918092113257028,-9.020725738953264
N4BP2,-9.084110625806273,-9.08658505452875,-9.147087904851247
ENSG00000260296,-12.634480411491651,-12.693778142418106,-12.761734187554369
RBM47,-11.962210711229245,-11.73309148792434,-11.37846012131237
NSUN7,-10.953212669444774,-10.92141276290361,-10.470528250426664
APBB2,-10.11205284921378,-10.093019644656033,-10.288090378121066
UCHL1,-11.040776997406283,-10.68996702795906,-11.079235037940533
LIMCH1,-11.406734016432468,-10.706346761138917,-10.967871822046751
TMEM33,-10.152070277698002,-10.162488115474092,-10.10931895456565
SLC30A9,-9.095091618743991,-9.070493007319351,-9.11961185372955
SHISA3,-12.820975122562373,-12.811185978575661,-13.110939428635572
ATP8A1,-9.640010159569808,-9.440816653225703,-10.038687549071065
KCTD8,-12.267504137790867,-11.752801106505558,-10.663906223350798
YIPF7,-12.476307955732931,-12.592802313554397,-12.530205682626152
GUF1,-10.013195265271778,-10.20040383110941,-10.045899844890512
GNPDA2,-10.830550233269822,-10.808323468716038,-10.819810655607492
GABRB1,-12.309391025705935,-12.995486815006945,-12.16393539860179
COMMD8,-10.636277444655605,-10.690922477361314,-10.539930155601777
ATP10D,-10.72580731225485,-11.094350492968328,-10.783645961820097
CORIN,-7.841321919053634,-8.01315876718234,-7.813966312219385
ENSG00000282917,-10.347537958624311,-10.516915716414884,-9.198231714968445
ENSG00000259959,-12.957045272465194,-13.106153935798648,-12.843147477032025
NFXL1,-10.027683573630945,-10.05504945958182,-9.947426340852749
NIPAL1,-11.04444611283598,-11.062689643028172,-10.897360263556356
CNGA1,-12.50253476167027,-12.420705875955317,-12.519915619399908
TXK,-11.164663325655832,-11.787265099141923,-11.269932041178253
TEC,-10.63042405625406,-11.163207657047533,-10.466683629329031
SLAIN2,-9.315574532446982,-9.167405031710238,-9.264620520208895
FRYL,-8.648172367365095,-8.691317111337325,-8.785506779730536
OCIAD1,-8.343004978373903,-8.375052583093712,-8.42830495327357
OCIAD2,-10.153856833954363,-10.376975493510653,-10.040468557941209
DCUN1D4,-9.734355704841104,-9.687131609394335,-9.675023880685364
LRRC66,-11.963130941188846,-12.309603356495899,-11.95312745220085
SGCB,-9.5752046764472,-9.585869292947072,-9.793294405528705
USP46,-9.464249917195119,-9.510032909828888,-9.591180599375587
USP46-DT,-12.675886956824087,-12.407998133940795,-12.42302077066738
DANCR,-8.976375123824464,-9.157861858250204,-9.231975948397404
RASL11B,-12.529167670831322,-12.495241834914257,-12.764845826115494
SCFD2,-9.800531327982183,-9.683748129367991,-9.779693479829858
FIP1L1,-9.117488912365072,-9.053819713131954,-9.078946284481932
CHIC2,-9.606512520116397,-9.63271700716856,-9.543642158267296
PDGFRA,-9.56197959761346,-9.00532979605927,-8.765809240150912
KDR,-9.645488429305251,-9.98458150799265,-9.034680187553827
SRD5A3,-11.29514063922276,-11.238390400271124,-11.357884783681508
TMEM165,-9.178968695211855,-9.092797461192175,-9.244681079775825
CLOCK,-8.984306342220226,-8.930711221892771,-9.105461218637723
NMU,-13.30085393133504,-13.309951677767659,-13.119273858215509
EXOC1,-9.733091435717167,-9.773001882558026,-9.679733006108764
CEP135,-10.399884371743498,-10.5570378775465,-10.768517993142622
CRACD,-9.095144901943526,-9.400863857548245,-9.644195024995257
AASDH,-10.452421148232997,-10.419826690486806,-10.618468555828173
PPAT,-9.995944823182567,-10.213785874817177,-10.12701750683689
PAICS,-8.909797512346497,-9.161696295910623,-8.98842404347281
SRP72,-9.124148854531134,-9.234713812154745,-9.247220215565049
REST,-8.823335602817844,-8.768064433318122,-8.927813746687976
NOA1,-11.131780078758192,-11.148025542982056,-11.188134788837475
POLR2B,-9.16574502576054,-9.07266258867836,-9.140186065303547
IGFBP7,-8.485283434383813,-8.810544469776861,-9.88815575651422
ADGRL3,-8.118833666491586,-8.351167338350008,-8.87108730173369
TECRL,-6.389406569001409,-6.7292014364857415,-6.223986454400697
ENSG00000249413,-10.763427632942605,-10.767891410659919,-9.330081139145177
ENSG00000250075,-11.072900140409484,-11.03667927189051,-11.090773504348372
CENPC,-9.433393880174942,-9.480236293470616,-9.538701448815223
UBA6,-9.380040621863488,-9.367725331976192,-9.391570910084827
UBA6-DT,-8.668866047837641,-9.210840199799074,-9.015117983418536
YTHDC1,-8.795461013590073,-8.749769774661843,-8.869941636036899
ODAM,-10.648555131917963,-11.468815073478805,-11.147580745391016
UTP3,-10.170904596042451,-10.239208586764537,-10.30784940039914
RUFY3,-9.345960037829053,-9.305532366819053,-9.4572782146785
GRSF1,-8.75890186674639,-8.896321032966872,-8.909484293080904
ENSG00000289019,-12.666677373353181,-13.113380372988892,-12.705337378216772
MOB1B,-8.981471688661447,-9.055659976971977,-9.038709484333312
DCK,-11.82804464094017,-11.686877184436831,-12.027403657489051
SLC4A4,-9.048292897159966,-9.402608845113752,-10.219679221832834
ADAMTS3,-9.892034357206963,-9.591618808735346,-9.615904802727169
COX18,-11.039854529172509,-11.290666960548512,-11.109807088283626
ANKRD17,-7.970134099740947,-7.962023118631103,-8.046291463371993
ANKRD17-DT,-10.13570420936765,-9.98105231198296,-10.166208880999733
AFP,-9.869887537389598,-10.076831299778382,-9.917244805840074
MTHFD2L,-9.484751516902069,-9.53402634303442,-9.403464981251267
PARM1,-9.90030127664749,-9.801195288797478,-9.250586209856092
RCHY1,-10.178627323320486,-10.123457808268729,-10.107396767992512
THAP6,-10.185350959454755,-10.140432135000795,-10.270307297379263
CDKL2,-12.066419749388878,-11.984123226813024,-11.605937366684298
G3BP2,-8.212081672705937,-8.19099074857623,-8.31444698029835
USO1,-9.217111989145463,-9.181243055452322,-9.20765048495998
NAAA,-12.246949532186978,-11.73938431443077,-11.998382796354754
SDAD1,-9.60275654530229,-9.60073993843835,-9.675164817994242
ART3,-12.357638213550734,-11.336356047500441,-12.077983017463236
NUP54,-9.722736447421063,-9.66307895313495,-9.789489928449603
SCARB2,-9.646965052088401,-9.536276123456885,-9.546299626890544
FAM47E,-12.991342903937198,-13.327601133440355,-12.679970060959931
ENSG00000289515,-12.94470095245486,-13.13288754964301,-12.918047985595095
STBD1,-10.836298181059634,-10.84709863070772,-10.72100815574359
SHROOM3,-9.905264045388297,-10.077262754968318,-10.420069256676927
ENSG00000289586,-11.384654673718304,-11.327033777436046,-11.50894111681709
SEPTIN11,-8.781978923383104,-8.891433389903792,-9.190457470717094
CCNI,-8.300799775414509,-8.313163750235072,-8.438462916781427
CCNG2,-10.517806049562711,-10.96159600566084,-11.041985762134937
CNOT6L,-9.75037203514177,-9.865835776888716,-9.888938106037427
MRPL1,-9.59841214030116,-9.602636975986497,-9.61597550760945
FRAS1,-7.968594690470508,-8.213445770251514,-8.410800280042702
ANXA3,-9.935675987601261,-9.994825656178122,-9.85740882440229
BMP2K,-9.339441824205093,-9.337338262536132,-9.140402569208975
PAQR3,-10.556020902873897,-10.479605144645364,-10.820004975732811
LINC01088,-10.485087691045596,-10.266176471531367,-10.502511241963893
ANTXR2,-8.475642144840338,-8.600299606478691,-9.021220300947553
PRDM8,-11.840226965819943,-12.024155877758888,-12.526994372528693
CFAP299,-11.09716747039911,-11.318362815316801,-11.706951428180568
RASGEF1B,-11.681729444888868,-11.285743223175793,-11.816279208843502
HNRNPD,-7.6298823304083,-7.780483387743824,-7.774668473133096
HNRNPD-DT,-12.624043346659139,-12.798167335352147,-12.714159379383592
HNRNPDL,-7.574620914865605,-7.66986759909516,-7.7925683079243395
ENOPH1,-10.630518640703743,-10.616294076798816,-10.643224076452865
TMEM150C,-11.740149692063918,-11.59353360991891,-11.40534598689811
SCD5,-11.752761817417777,-11.471000970588959,-12.470315275253222
SEC31A,-8.704145604275803,-8.655103766380456,-8.785638463460677
THAP9-AS1,-10.798554981700219,-10.899472292713442,-11.073653449561295
THAP9,-11.002954670541829,-11.013064897866082,-10.982586075774407
LIN54,-10.505214936478938,-10.510576885706453,-10.705005601866292
COPS4,-9.82461096173675,-9.879894310025431,-9.775757633300206
COQ2,-11.256691894874539,-11.22909994388844,-11.203677884250986
HELQ,-10.580415072071471,-10.517075253134417,-10.542636996662399
MRPS18C,-9.937597160801232,-9.984229747886035,-9.930150967973233
ABRAXAS1,-10.333053001892756,-10.253883088549351,-10.40648727517782
GPAT3,-12.297549663278026,-12.475519444960568,-12.574129961658043
CDS1,-10.820500759545444,-11.1364910495959,-11.019225353053049
WDFY3,-8.330214325771825,-8.454284378510566,-8.599323086590934
WDFY3-AS2,-12.026850984629245,-12.153358887801126,-12.129864417292664
ARHGAP24,-9.12275463259646,-9.378255265546917,-9.47694887330279
MAPK10,-9.449278346734369,-9.361634298360256,-9.060435440876992
PTPN13,-8.504946015792148,-8.369330772748787,-8.64911158210181
ENSG00000284968,-11.513199808455191,-11.73538475485063,-11.728508826034364
AFF1,-9.068589677409136,-8.989298379969393,-8.940517954819509
KLHL8,-10.731578387125134,-10.726972094687639,-10.796980939907087
HSD17B11,-10.491662273667094,-10.585790622305607,-10.881631584245225
NUDT9,-10.030939556307954,-10.064407123955354,-10.06593940414238
PKD2,-9.216156218054582,-9.208551704345725,-9.447539261858696
PPM1K,-9.30121787314982,-9.15782475173843,-9.029140403409915
HERC6,-11.892943036643914,-12.26509799932192,-11.531162237652913
HERC5,-12.044278087309024,-12.504010979591198,-11.576575941750601
HERC3,-10.035370263181536,-10.081213008995894,-10.043592528547048
NAP1L5,-11.687748841043984,-12.030087721173434,-11.946316724195663
FAM13A-AS1,-12.109337421399358,-12.080995935531796,-12.171629309772493
FAM13A,-8.460231548239648,-8.588163736838313,-8.527676035276835
TIGD2,-11.550521177529571,-11.60507606254561,-11.668139019330189
GPRIN3,-9.837934145241853,-10.629099418911762,-11.00266185877217
ENSG00000251095,-11.21093541900036,-11.903709146579812,-11.539693509276718
SNCA,-9.64484490284014,-9.572570832218723,-9.887251958611076
CCSER1,-9.871819770462164,-10.396266694160536,-9.855331223246171
GRID2,-11.549794725668047,-11.208933480775322,-10.488660547487196
SMARCAD1-DT,-12.990299096819363,-12.979005610256841,-12.914038496989608
SMARCAD1,-9.036615524152666,-9.107044997764012,-9.16587560521748
PDLIM5,-6.382143853237404,-6.437536288421703,-6.718155960926179
BMPR1B,-11.202521877253035,-11.57354598458479,-12.183995858505945
UNC5C,-7.278717137237583,-7.450193984391859,-8.304587404021909
STPG2,-10.506181657312595,-10.66743852557736,-10.243944247974692
RAP1GDS1,-8.608384410875587,-8.788247149467464,-8.570195313943396
TSPAN5,-9.05360536044948,-9.37375390008728,-9.3507013384428
EIF4E,-9.439218565552311,-9.364459617467006,-9.399331712517876
METAP1,-9.74763886684389,-9.772512070832923,-9.858847750254286
ADH5,-8.731546558207304,-8.873934694385415,-8.80160923511745
ENSG00000246090,-10.890746285906747,-10.853136097024658,-10.597715163133179
TRMT10A,-11.570376003173884,-11.59316121370824,-11.580859186061938
LAMTOR3,-10.039714129787498,-10.103991487602423,-10.064895327867118
DNAJB14,-9.089866697136245,-9.075782189094014,-9.225478279882337
H2AZ1,-8.219152131485675,-8.525018519754035,-8.541482526554619
DDIT4L,-12.155155992004683,-11.589812292449956,-12.068031057289106
EMCN,-11.33019185322844,-11.37446583090924,-12.453801971815674
PPP3CA,-8.248896279068457,-8.209433785260378,-8.594411428760997
SLC39A8,-10.206220424482602,-10.459002468353122,-10.35204292477979
NFKB1,-9.498739131973498,-9.537863428076886,-9.617113711870173
MANBA,-8.926170804397108,-8.858863287550593,-9.25465985589614
UBE2D3,-7.997724307766408,-8.038116692453878,-8.10451906122457
ENSG00000286242,-12.676052184964641,-12.355691094671235,-12.983541636041434
UBE2D3-AS1,-11.283834858684632,-11.555916451184506,-11.460035888610012
CISD2,-9.831533776950394,-9.826207559783589,-9.824022574880235
SLC9B1,-12.590394814927416,-12.513140814844562,-12.912257290268597
SLC9B2,-10.545550528305222,-10.857618022685442,-10.868130860355363
BDH2,-9.868186244992378,-10.079612822388333,-9.808970822439214
CENPE,-9.789881812632142,-10.573132337748701,-10.112560572830104
LINC02428,-10.739883129745444,-9.794911404633607,-9.701994629210544
TACR3-AS1,-13.037123158578698,-11.40483764197409,-11.271631808540171
CXXC4,-9.744051101102167,-9.640773607967898,-9.82650373573386
CXXC4-AS1,-11.381647948401081,-11.392872863134205,-11.8399525077276
TET2,-8.652814693776627,-8.760944039611172,-8.923149290057417
PPA2,-8.888527253001309,-8.921446570771323,-8.956843699517515
INTS12,-10.474962278304602,-10.50544676613277,-10.493181479320743
GSTCD,-9.922739270400545,-9.952139178745027,-9.946873833212122
NPNT,-10.435803684111121,-10.120151847336258,-10.065364221437477
ENSG00000249635,-11.900636641612763,-12.002599820100826,-11.773657464274626
TBCK,-8.579672053061508,-8.57040820099155,-8.519823223393475
AIMP1,-9.631786887449977,-9.615248464014613,-9.49683630787518
PAPSS1,-10.073220154555864,-9.911634985327632,-9.886564779073716
CYP2U1,-12.070399819554027,-11.808504374572319,-12.138163415739683
HADH,-9.851058300931026,-9.797019499074969,-9.845165406750876
LEF1,-8.962072485845598,-9.328474542815615,-9.637302393098333
RPL34-DT,-12.07051352086434,-12.268462381434702,-12.712657830638877
RPL34,-6.450851398274841,-6.90841090551608,-6.70912904113399
OSTC,-8.668150591719328,-8.659065177239773,-8.69491024727739
COL25A1,-9.751697836023995,-10.168775675573203,-10.032759473180953
SEC24B-AS1,-11.420726272694086,-11.432975723406345,-11.321194428180771
SEC24B,-9.322975949517554,-9.362316886227784,-9.358257363927304
MCUB,-11.669002636317483,-12.42539805559086,-12.324416574855338
CASP6,-10.583969205935189,-10.705477463005705,-10.531267220265956
PLA2G12A,-9.501359167871597,-9.586930311483252,-9.387778461554513
GAR1,-9.972620996107347,-10.129311162866616,-9.990580785512847
RRH,-13.006366525148376,-12.89313443900072,-12.999221922117846
EGF,-12.769507205068422,-12.628068102891401,-12.052660678170428
ELOVL6,-9.050423403731116,-9.09909634719536,-8.968011634545052
ENPEP,-11.655230259819117,-11.201580618194493,-10.30788239329614
PANCR,-12.237620056802815,-12.070554465660297,-11.029074385702783
PITX2,-11.899831810627644,-11.573470730512534,-11.091845484113032
ENSG00000250855,-11.734026328999743,-11.817685389415365,-10.746615077540003
LINC02945,-12.599074791060922,-12.731742862765193,-12.607078964363012
FAM241A,-10.504642750826797,-10.634285434147541,-10.685489835437432
AP1AR,-10.114115006784482,-10.058579631344985,-10.223214673178404
TIFA,-12.296967257006028,-12.663948128588318,-12.231691117918
ZGRF1,-10.742469490385997,-10.934686251678013,-11.198315349473605
LARP7,-9.050046321481714,-9.142774684392595,-9.177567108842695
ANK2,-7.8124889028960025,-7.9476082676563395,-8.203570244366562
ANK2-AS1,-12.018001695005998,-12.23570153283787,-12.432634114192398
CAMK2D,-7.978956815746395,-8.042139042188843,-8.167451413627454
TRAM1L1,-13.10529465723764,-12.946456058306888,-12.861746473745317
SNHG8,-9.675391382690881,-9.561603676921669,-9.581396702660422
ENSG00000291201,-11.20594068177414,-11.673008472754342,-11.571275220509802
METTL14,-10.25183054766239,-10.290419030530174,-10.35537655302343
SEC24D,-10.255605450359758,-10.103862464593178,-10.467979991147649
SYNPO2,-8.74289812123481,-8.628688134839184,-9.070926005797977
MYOZ2,-8.761517506476235,-8.672444291671107,-8.967081922477764
USP53,-8.396002577375116,-8.672242763467278,-8.832551755005287
C4orf3,-8.261582680016394,-8.927311337697384,-8.100985699671574
ENSG00000291202,-11.658539315123742,-12.256159219336313,-12.233709891253572
ENSG00000291203,-7.6737774909344365,-7.79191344473559,-7.477173146975461
PDE5A,-9.446412929012535,-9.835079517025289,-9.199658309987617
MAD2L1,-10.3312247965198,-11.078061427995504,-10.730363177433341
MAD2L1-DT,-11.362295757084372,-10.9657173152524,-10.862529229173946
PRDM5,-9.402632018518025,-9.58453395020226,-9.805710763385262
NDNF,-10.78636657364486,-11.390467797491034,-11.654723949146845
ANXA5,-9.123735449459124,-9.095141897185513,-9.025918471911302
EXOSC9,-10.23101651653569,-10.391037275300977,-10.281395004092179
CCNA2,-10.351258643708835,-11.216504989472005,-10.850883974838112
BBS7,-10.671163666837433,-10.750673735765986,-10.7007958044083
TRPC3,-9.824298106677459,-9.710965581474476,-9.922719216782244
ENSG00000289342,-12.63519032595557,-13.190524980769407,-12.790183517750222
BLTP1,-8.318867683484989,-8.275162630247502,-8.387443682630964
BBS12,-12.311417906042085,-12.247811242860374,-12.233285172462985
FGF2,-11.382581410621665,-11.90547656914715,-11.988601458619074
NUDT6,-11.018130627955983,-11.178707266239877,-10.969118601142231
SPATA5,-9.280366679120053,-9.300767679269098,-9.45575331288886
SPRY1,-10.681976952743858,-10.689992946209358,-10.976650447284117
LINC01091,-11.883967395368524,-11.835099349433092,-11.350574288545577
ANKRD50,-9.738492336599018,-9.715692098732324,-9.724698066597707
FAT4,-10.359345501391495,-10.472250495138265,-11.130647790102842
INTU,-9.883906163327673,-9.822360368688607,-9.848073251365639
HSPA4L,-11.603883949992559,-12.044206382376672,-11.876565150601142
PLK4,-11.793592690344374,-11.990995886078323,-12.249871260041795
MFSD8,-9.971973585139482,-10.130745226462066,-10.299590134569824
ABHD18,-9.130687052529026,-9.216628866949007,-9.469963326309976
LARP1B,-9.44651309097409,-9.472399308015076,-9.525876497546815
PGRMC2,-9.469135199308797,-9.552937177867694,-9.745151392457238
LINC02615,-11.346214320464238,-11.541063092166285,-11.417792360189978
JADE1,-10.412945236644067,-10.826761421885248,-11.068719085395811
SCLT1,-9.1972499472158,-9.246673227304765,-9.275700857626475
C4orf33,-12.481779639321333,-12.445404164413322,-12.122299774140624
PCDH18,-12.613463900798283,-12.292001411450574,-12.78415225718011
SLC7A11,-12.04645093745001,-12.56286962602222,-12.20831761056119
ENSG00000250195,-11.810722572074251,-11.240051212896862,-11.67405388104357
NOCT,-11.631312272233288,-11.619733870607664,-11.607953670235503
ELF2,-8.31831733490428,-8.276659274983622,-8.529966346134861
NDUFC1,-8.85690718847272,-8.965355093862422,-8.82979177026264
NAA15,-9.189512241746682,-9.300242280454869,-9.335412178465933
RAB33B-AS1,-9.883103894234647,-9.73190368139283,-9.845342729396348
RAB33B,-11.554697525982677,-11.491203413825005,-11.501567272578436
SETD7,-10.640943046374492,-10.634855034171007,-10.787254821652011
MGST2,-9.604890191043323,-9.700069830568301,-9.79206732455693
MAML3,-7.8736266919998945,-7.7351478604754105,-8.365920563302545
SCOC,-9.205759094252224,-9.255943636021676,-9.164433542760152
SCOC-AS1,-12.540256184098805,-12.178749929486782,-12.069410162406243
CLGN,-9.664429813296326,-10.078637457554304,-9.635362302041017
ELMOD2,-9.796626804849216,-9.822040097284011,-9.844173901524181
TBC1D9,-10.651617932620264,-10.645844278356531,-11.167071214935303
RNF150,-7.685743673060351,-8.230318131758992,-8.089132238706998
ZNF330,-9.093927418853484,-9.476218727108574,-9.660835173753043
INPP4B,-8.977473493747533,-9.068855323239276,-9.895913556489868
USP38-DT,-11.513274479411493,-12.377739549580218,-11.614561088802054
USP38,-10.38919410095647,-10.420170245270485,-10.42590914109819
GAB1,-8.60155034226616,-8.616067353879085,-8.895381129566356
SMARCA5,-8.230325752089156,-8.33984916559238,-8.34111262281521
ENSG00000251600,-12.636827537490419,-11.937750088834271,-10.16581622198296
ENSG00000285783,-10.508703191784287,-10.176413738941482,-10.841661242217057
HHIP,-11.060580436432522,-11.723670783553038,-12.53749567394231
ANAPC10,-9.506797887004517,-9.491883421495428,-9.664689504473204
ABCE1,-9.266888761144957,-9.2984986376881,-9.315347372266471
OTUD4,-9.802128720878784,-9.750849848551411,-9.891806828083745
SMAD1,-9.730378759166454,-9.725916706250231,-9.780774018605172
MMAA,-13.022065756657435,-12.44861080936707,-12.32390053795682
ZNF827,-8.431238417376965,-8.51291490800686,-8.633773971040837
LSM6,-10.156766144104825,-10.29423690841599,-10.260560530757267
SLC10A7,-10.456602658880733,-10.373664931284395,-10.591255069784424
EDNRA,-8.888883424727522,-8.870985478678573,-9.173542655017338
TMEM184C,-10.259987219769204,-10.195602538876171,-10.311356015388785
PRMT9,-10.652449442025237,-10.817000176438448,-10.70301486293422
ARHGAP10,-9.645636539194555,-9.510499338708401,-9.967560521724971
NR3C2,-10.915869828636414,-10.838572148130272,-10.987129977035032
DCLK2,-10.526672037751272,-10.766722104530373,-10.53887413843603
LRBA,-7.766736951879654,-7.866263628960177,-7.746878572984916
MAB21L2,-11.389992837558326,-11.955096403344992,-11.487631185398063
RPS3A,-6.187848011995945,-6.333661658405587,-6.211925712466289
SH3D19,-8.923643245544609,-9.018008539418124,-9.25341664096504
FHIP1A,-10.640510142161183,-9.934011773021803,-9.977736141787128
GATB,-10.714286188800633,-10.991672798585375,-10.979686859315695
FBXW7,-9.168377190417878,-9.163809435022065,-9.250093503070001
ENSG00000287555,-12.222318265305422,-12.314809284383509,-12.31469652573797
TIGD4,-12.556765918767558,-12.451797019777363,-12.392052255585144
ARFIP1,-9.467049501584935,-9.484647635988434,-9.569676625874623
TRIM2,-9.842808661238783,-9.656336521917522,-9.742309762490526
MND1,-11.085210943349393,-11.654312259559848,-11.319247889397083
TMEM131L,-10.51802264339408,-10.79039597483756,-10.402377863349198
RNF175,-12.58343634013285,-12.819733303128565,-11.86202706400892
PLRG1,-9.92704711591147,-10.094433973641985,-9.975817055050983
FGB,-12.02101526691071,-12.16326009262075,-12.026777567820632
FGG,-12.79636644146611,-12.656107745698893,-12.824204179652897
LRAT,-12.150688549631775,-12.289146283659305,-10.678027597686185
MAP9,-9.358435907330712,-9.445465551925146,-9.288021811796801
GUCY1A1,-7.880355846295394,-8.419170816083161,-8.576070034574578
GUCY1B1,-10.863969533690126,-10.930247409320046,-11.162424042247792
CTSO,-13.144971429612372,-12.154061427889538,-12.288744191037914
PDGFC,-10.800332105924733,-10.716848025822403,-10.65053052572296
GLRB,-12.930296530648294,-12.221339894772768,-12.922916728365987
GASK1B,-11.746196954113456,-11.521259163242975,-12.004405060015758
TMEM144,-11.096897023340365,-11.346729496155778,-10.97031541326587
C4orf46,-11.649754625007843,-11.896797531712261,-11.623137045346944
ETFDH,-10.151745690769838,-10.4025809987944,-10.462519340705441
PPID,-9.350968181646667,-9.484416552381509,-9.461422157893272
FNIP2,-8.790194791479625,-8.75221692890606,-8.735449297114961
C4orf45,-11.88685468574822,-12.308143618879395,-11.88642888384911
RAPGEF2,-7.97603971738171,-7.905453440037989,-8.30331625083307
FSTL5,-11.631723699721544,-11.213582966550032,-12.177423403112105
NAF1,-10.17370318191999,-10.152635710979911,-10.143670612608139
NPY1R,-11.578484756767967,-11.84522837578756,-11.334210466722054
TMA16,-9.774324769335054,-9.88392534171975,-9.799728413534638
MARCHF1,-11.380573599157936,-12.182860506912974,-12.167756976607757
APELA,-11.042831390287999,-11.943547049943227,-11.803619230742393
TRIM61,-11.921790385259685,-12.405264168704798,-12.361503992728808
FAM218A,-12.087031825433577,-12.508147133176813,-12.29592718004774
TMEM192,-10.310515676720655,-10.476416516279867,-10.311304901494363
KLHL2,-9.132579375176196,-9.779090177266562,-9.70811134405247
MSMO1,-9.952889429942616,-9.997338267961933,-10.024746844854496
CPE,-8.60230114327755,-8.800793690047271,-8.432793968109284
SPOCK3,-11.079440024238306,-11.288603598993495,-11.70301787333068
DDX60,-12.29145923509218,-12.483712377436333,-12.61368216018067
DDX60L,-11.603079695936959,-11.613096551938774,-11.714814779212697
PALLD,-6.322438058793755,-6.295298001918137,-6.590381118024898
CBR4,-9.185055551032217,-9.154898900997106,-9.36665225383976
SH3RF1,-10.510986652013688,-10.400784042515467,-10.862183986745865
NEK1,-9.051137482469079,-9.15064636665122,-9.216060089340543
CLCN3,-9.40693307425338,-9.367981457616963,-9.441691731493576
HPF1,-9.65483572419778,-9.568629740175485,-9.650507305759144
MFAP3L,-12.626475376415199,-13.058510358714564,-12.96689491089816
AADAT,-11.17719635679657,-11.172038796948245,-11.30834416582816
GALNT7-DT,-12.25331140938084,-12.219750653795755,-11.968340670055175
GALNT7,-9.763454584729123,-9.645757137284525,-9.653356713857558
HMGB2,-8.301565521889144,-8.809307930387249,-8.689247608534416
SAP30-DT,-11.76148214086279,-12.192013284316413,-11.864676011921997
SAP30,-10.035296539281346,-10.295863457742074,-10.33653438890242
SCRG1,-12.690049812656516,-12.66025632870595,-12.505561161759097
ENSG00000288025,-12.154329860274336,-12.250700636228899,-12.252348052397423
ENSG00000288776,-10.7044493374192,-11.02019515063438,-11.46516924101286
HAND2,-9.040046855188793,-9.22593860246503,-9.333348573954655
HAND2-AS1,-9.178158430308956,-9.348396624866389,-9.287460558657427
LINC02269,-13.05506188360673,-12.777358269290762,-12.593854826297221
ENSG00000251216,-12.793230492676534,-12.788350349290106,-12.527296320422005
LINC02268,-11.497622779896513,-11.818276981325099,-11.580874286446031
FBXO8,-11.188877784722834,-11.241543185416662,-11.29358753876604
CEP44,-10.102730430069185,-10.140851227098702,-10.327574952365353
GPM6A,-10.120014582933951,-10.53644009021863,-10.614350800644969
WDR17,-12.683044500383486,-12.549593541148214,-12.465331244564558
SPCS3-AS1,-12.697613094247398,-13.119508732435346,-12.84140783282881
SPCS3,-9.215856900681203,-9.166301325346655,-9.222404335677146
VEGFC,-9.992728494698076,-10.169020452388844,-10.537570186768411
NEIL3,-11.662996345815834,-11.838299289000837,-12.08810012766485
AGA,-12.131473252395164,-12.077985117940983,-12.470548893933683
AGA-DT,-11.212361656526788,-11.027891592744437,-10.314146801345567
LINC01098,-11.210093920165566,-11.938212949796002,-11.077346107442407
LINC01099,-8.103216085037094,-8.803045522077673,-8.027937111126047
TENM3-AS1,-11.167629971221626,-12.27102217565567,-11.513923312826199
TENM3,-7.794532515294056,-8.511293702691038,-8.486208897458006
DCTD,-10.410755856060401,-10.565980283510168,-10.510861782223104
WWC2,-8.822791625164017,-8.899512882847947,-9.083432262426047
CDKN2AIP,-10.439549846005034,-10.486689787009993,-10.403881046939436
ING2-DT,-11.460129760046714,-11.350771156373579,-11.735324686657599
ING2,-10.358651443968489,-10.642707910328832,-10.4992784078832
RWDD4,-10.155780679824215,-10.176088429609884,-10.19973430015235
TRAPPC11,-10.124433651994798,-10.090212674322245,-10.112204390554435
STOX2,-10.003019520610742,-10.02769250828417,-10.152358686740781
IRF2,-10.411751086925028,-10.487339174343523,-10.46464791956717
LINC02427,-12.81570231066094,-12.415175799046736,-12.196690850316177
CASP3,-9.772702859102857,-9.741492424742612,-9.66229987383601
PRIMPOL,-10.7133133447622,-10.42071629477173,-10.680678453336345
CENPU,-10.36622286614566,-11.091001656460882,-11.07322984061464
ACSL1,-10.355991175659824,-10.293163087329637,-9.825145269530566
SLC25A4,-8.171634063245042,-8.184470391641286,-8.054610580646656
CFAP97,-9.619123485142357,-9.669462516830558,-9.558110911501744
SNX25,-9.753512288746112,-9.821036229817556,-9.809979402338671
LRP2BP,-12.64160177584404,-12.528586001494528,-12.473821498523044
LRP2BP-AS1,-12.036514741672239,-12.02662495421556,-12.003149847963556
ANKRD37,-11.537841328770359,-12.048496294650008,-11.827984939117993
UFSP2,-10.064369694742348,-10.089464466222609,-9.929711748326076
C4orf47,-11.40184894839901,-11.905025126375858,-11.22970083931048
PDLIM3,-11.633337667868762,-11.352406127768223,-11.583884009159638
SORBS2,-6.490284890788077,-6.55570164385,-6.9792167111918
FAM149A,-12.158160086686134,-12.98628124859438,-12.690427040021348
CYP4V2,-10.894290944714164,-12.251615627695127,-11.799589417009482
FAT1,-8.767912609316067,-8.717282423927553,-9.39839673439168
LINC01060,-11.015657361334846,-12.63094388412862,-12.668153337958675
FRG1-DT,-11.702963068238995,-11.392992784064296,-10.875585185316345
FRG1,-9.529516892637936,-9.710684146266917,-9.546002483977416
PLEKHG4B,-9.511618296057536,-9.699272124894591,-10.134995462617136
CCDC127,-10.316695202454985,-10.334797309211366,-10.468561531024799
SDHA,-9.391680698063794,-9.343900759598515,-9.41090166194704
PDCD6,-9.526046704881676,-9.607562707398442,-9.614580049866417
AHRR,-12.953968604415747,-12.703422006195673,-12.836021903161612
EXOC3-AS1,-11.628478017946607,-12.119162996568095,-11.616909391098211
EXOC3,-10.512340185680813,-10.580477107910284,-10.683727689531713
SLC9A3-AS1,-12.216861247840951,-12.20828918606356,-11.932817352221965
CEP72,-12.609458116530138,-12.717457028905923,-13.034358639650032
ZDHHC11B,-12.810978925752536,-11.983187214151462,-12.191007280949941
ZDHHC11,-11.609662576271338,-11.487165598044248,-11.788891850150893
BRD9,-10.303844166951352,-10.24504561139597,-10.354111030788832
TRIP13,-11.733520247660913,-12.278883518598372,-12.188176238779953
SLC12A7,-12.136290041699048,-12.39176892740809,-12.072054073443617
CLPTM1L,-10.093529229997474,-10.142063421604215,-10.239490597480456
ENSG00000286388,-12.499105648016164,-13.217063168349789,-12.829023973689107
LPCAT1,-11.319746522767373,-11.305111743741426,-11.453679867039527
ENSG00000291055,-10.07889602951312,-10.108403106684884,-10.074959386715202
ENSG00000291079,-11.217704031254806,-10.921985580666274,-10.622132186893852
MRPL36,-9.459981605531754,-9.7913347663323,-9.51746425848705
NDUFS6,-8.172477968531663,-8.397547188172172,-8.268126940772799
IRX4,-9.88889662066231,-10.548303507101918,-9.948033732029483
IRX4-AS1,-11.366830286082585,-11.73434586056049,-11.435802692240378
ENSG00000248994,-9.845711728063028,-10.193160966994757,-9.41190240975296
IRX2,-9.51930485056185,-9.239893609651993,-9.574582334291165
IRX2-DT,-10.689875880169641,-10.277277502074075,-10.626887779121512
IRX1,-10.750332044022104,-10.27812695640788,-10.738750186632354
ENSG00000248973,-13.109960638772622,-12.795084525716423,-11.789520153307047
ENSG00000286753,-12.43937854187281,-12.242697885798371,-12.599134601919271
ICE1,-9.352716130681586,-9.325771656540677,-9.402072709820985
MED10,-10.345274083273893,-10.359691118542774,-10.410055194524498
UBE2QL1,-13.042597956159916,-12.03660364515978,-12.477761272785123
NSUN2,-10.23208863575996,-10.534610999575758,-10.39796519407384
SRD5A1,-11.225261499797549,-11.437261793306194,-11.405730167874172
TENT4A,-10.731931523126917,-10.77073134885443,-10.887421865082107
ADCY2,-12.030315221501354,-11.105128687481065,-12.7938494684961
MTRR,-10.77103075339486,-10.93358069822246,-10.828791310677909
FASTKD3,-12.299480859202347,-12.088048818947787,-12.277713025065571
SEMA5A,-8.30761254801395,-8.647528857281147,-8.340011753379871
SNHG18,-11.048500566966839,-10.970628473517715,-10.72874523974608
LINC02112,-12.890048911279873,-12.495565444343221,-12.564936286405876
ATPSCKMT,-10.75693907342673,-10.764411925606105,-10.801340466196308
CCT5,-8.511305954059711,-8.757680583050234,-8.647547972480824
CMBL,-11.74604787893188,-11.606434689139949,-11.956987053282152
MARCHF6-DT,-12.457384700990955,-12.317422727492117,-12.414361618409735
MARCHF6,-8.800984893295645,-8.775127053308646,-8.912228976282158
ANKRD33B,-10.443300628438468,-9.945202279133765,-10.782619646515041
DAP,-10.153576136592806,-10.164262938532028,-10.148336233338128
CTNND2,-8.775981977084458,-8.992367379623438,-9.349657119833836
TRIO,-8.319098675460562,-8.36873470599075,-8.43404031941469
OTULIN,-10.60489081755445,-10.729707178258137,-10.72126684676066
ANKH,-10.176432924611387,-10.280052103297308,-9.990367756335289
FBXL7,-7.395974731604019,-7.8555955267413875,-7.792979719722886
MARCHF11,-11.211504281215948,-11.546479953273048,-11.240785867044046
ZNF622,-10.61921389168451,-10.74909513755813,-10.745467324201604
RETREG1,-10.550978064709893,-10.243148729799168,-10.341800060640365
MYO10,-10.397366445093821,-9.907247282759,-10.087481253482522
BASP1,-9.654329043849954,-9.354397361505017,-9.792246717857674
BASP1-AS1,-13.052729877103252,-12.037693287029564,-12.323635904444307
CDH18,-11.680195216911944,-10.9482664990814,-10.07687907171414
LINC02241,-12.37381028910784,-12.447636295093577,-13.165207136143076
GUSBP1,-9.886960580323404,-9.830188789153949,-9.869439721743081
ENSG00000253766,-13.057222189768023,-11.817950129518927,-12.371827003319888
CDH12,-13.129852753136229,-12.041614647627034,-12.006738138854804
CDH10,-10.298808351820679,-10.290644860413616,-11.032064809213425
PURPL,-9.45711517808674,-10.169537973324262,-8.647410229787313
DROSHA,-9.990837193685621,-10.017010376198277,-10.052306144308448
C5orf22,-10.299761789165512,-10.340957499060467,-10.451319472447405
PDZD2,-11.149325562549265,-10.512048610920017,-10.57935098534022
ENSG00000250764,-12.675701218422196,-12.605223788278254,-12.944418423494719
GOLPH3,-9.793066763751384,-9.750024329116853,-9.885067287432337
GOLPH3-DT,-12.693561524717694,-12.712183144839937,-12.787276800639178
MTMR12,-10.532991731083472,-10.448444593973083,-10.582506978049306
ZFR,-8.449604500000694,-8.445185367539239,-8.591617763536942
SUB1,-8.3946484340131,-8.518803667693886,-8.406235256920636
TARS1-DT,-12.879237330431838,-13.183579945947251,-13.106580032110534
TARS1,-9.27889115414404,-9.335862247236228,-9.216810332427523
ADAMTS12,-8.55983787671847,-8.547883169688951,-9.132855152607705
AMACR,-11.147704694116221,-11.304254561860605,-11.391140645059556
C1QTNF3,-12.1859702068933,-12.170766663706413,-12.44616283630509
ENSG00000290548,-10.32285798132093,-10.39155750816038,-10.470964539952583
RAI14,-9.328759057372654,-9.489518791460393,-9.865281886107898
TTC23L,-12.290159061566124,-11.943685907346456,-11.983265805592659
RAD1,-10.692525079908075,-10.666083940581899,-10.763738283692055
BRIX1,-10.163729052854015,-10.30311865299853,-10.25966310427717
DNAJC21,-9.138573664511814,-9.157146541825982,-9.182007320079705
SPEF2,-10.53533054528584,-10.575489840139298,-10.736220278587394
UGT3A2,-12.603924400422509,-12.616473640136727,-12.365747747518823
LMBRD2,-10.715353991276196,-10.64511112129374,-10.643428120127643
SKP2,-10.474981269552693,-10.528293303277186,-10.602042388081221
NADK2,-10.20253502038421,-10.144679867726028,-10.178870230154862
SLC1A3,-8.476052934609905,-9.057175790238508,-9.233910884763821
ENSG00000274441,-12.309043298585795,-13.092883782205387,-13.118129310586166
NIPBL-DT,-10.892445354643604,-10.70350780320145,-10.853003749376066
NIPBL,-7.866140139598038,-7.8929565257744105,-8.036641751415873
CPLANE1,-9.151904920630765,-9.100245979100265,-9.274965055221747
NUP155,-10.552564699576552,-10.558755161954897,-10.583522505884957
WDR70,-8.875780313260655,-8.922343965249034,-9.045372344874163
LIFR,-9.541624303024756,-9.652115755135874,-9.288201485332976
LIFR-AS1,-11.701574150494574,-11.686506269356013,-11.614189521852238
RICTOR,-9.092530756395893,-9.081291575129903,-9.267375187474535
DAB2,-10.874859437082561,-10.780744133168279,-10.744272899337702
TTC33,-10.241578393260212,-10.20750727337257,-10.376292299457052
PRKAA1,-10.144862554876283,-10.143958085336278,-10.293634367178415
RPL37,-6.629856588624114,-6.876806275950249,-6.762105855716256
C7,-10.553962286851084,-10.97376097838451,-11.179636595430683
PLCXD3,-8.734632319045549,-9.577890950316984,-8.68269578328237
OXCT1,-9.471230047342402,-9.544872629371179,-9.762378332593455
RIMOC1,-10.021921348229432,-10.075976804985633,-10.174440500640635
FBXO4,-12.157252030803827,-12.086589793718508,-11.85295659149523
GHR,-9.58094156227206,-9.530471825562634,-9.437214094072644
SELENOP,-9.96370743318291,-9.949108808268868,-9.74815155626492
ANXA2R-OT1,-12.34137801811268,-12.264579615946769,-12.260180801749861
ZNF131,-9.178858868104188,-9.267457214786903,-9.334440570960076
NIM1K,-12.055559638824962,-12.875240398771554,-12.658690470016575
HMGCS1,-9.707095781916442,-9.610638248889238,-9.7951885291432
TMEM267,-10.891205886780591,-10.895559675133734,-10.798549288882153
ENSG00000249492,-12.22609006168704,-12.053933159863057,-12.154791009977359
C5orf34,-11.713652385963474,-12.012266160911906,-12.232295742843231
PAIP1,-8.512132962931135,-8.617945804984208,-8.64551277943693
NNT-AS1,-10.14189396812222,-10.108746244100915,-10.034008078605305
NNT,-8.940116906150982,-9.098627668620995,-9.145607022281734
FGF10,-9.328036446017844,-9.012459159284825,-10.408112659955886
FGF10-AS1,-11.858141093757036,-11.539735897432369,-12.270369981199941
MRPS30-DT,-9.943188678527004,-9.806765399056374,-10.006196801389237
MRPS30,-9.726455822011218,-9.804301291476618,-9.731967669652272
ENSG00000272335,-12.37797429213602,-12.07356556107423,-12.168074095375347
HCN1,-7.92544387172344,-8.049748440843814,-8.339195108689163
EMB,-10.956382015013142,-11.263352961226877,-11.038706348962528
PARP8,-9.220301911367383,-9.484843327652156,-9.586224268328023
ISL1-DT,-12.083195616732933,-11.89801673788095,-13.103328465294092
ISL1,-9.937134194796759,-9.85161760124296,-11.299138220778888
PELO,-11.329393817452253,-11.416690071314582,-11.492528094265907
ITGA1,-11.959476068318796,-11.883128553695002,-11.7168501379961
ITGA2,-12.239984702124575,-11.926863751133684,-12.6385814855898
MOCS2,-9.49355205889524,-9.601229486760863,-9.407002721875912
MOCS2-DT,-12.998964620876945,-13.004400287517237,-12.818406652114382
FST,-11.036660626570946,-10.564488301617294,-11.11968106083025
NDUFS4,-9.08247744576533,-9.14457316034996,-9.081100173248057
ARL15,-7.972096763126338,-8.068069370766175,-7.955098213278143
HSPB3,-11.319761591521177,-11.542226038326364,-11.68656928549832
SNX18,-10.301050330190018,-10.377228098102282,-10.824281096243455
CDC20B,-11.976810897974811,-11.441373612520179,-13.156509745291432
GPX8,-9.66859924963841,-9.614642945691765,-9.715765438016987
DHX29,-9.53520314882546,-9.51668562174652,-9.520926239820584
MTREX,-9.240443054781483,-9.309165549935038,-9.330603096869169
PLPP1,-9.79580956102708,-9.713226796603344,-9.760313599460051
SLC38A9,-10.075184620765453,-10.01701535819237,-10.19039719953112
IL6ST,-8.780421719082137,-8.842493903025378,-9.031856508173236
MAP3K1,-9.559241729806127,-9.737307518447087,-9.679770867193348
SETD9,-11.508289294677212,-12.002182094883127,-12.83050634027088
MIER3,-10.384294044925158,-10.377615456999562,-10.493316951639338
GPBP1,-8.684803065586427,-8.70450977896355,-8.751835672254975
PLK2,-10.99831558721324,-10.791047822817779,-11.470551709895593
RAB3C,-12.862403917854708,-12.452247011021402,-12.460813144960715
PDE4D,-7.678283715542874,-7.722053580761117,-7.5029325544251355
DEPDC1B,-10.970427633137474,-11.481143887666972,-11.601789333431107
ELOVL7,-12.876424100693967,-13.17449164576862,-12.777310321942608
ERCC8,-9.62885745190452,-9.621800521818471,-9.618985005137802
NDUFAF2,-9.493919046178984,-9.589574982345468,-9.475259419226232
SMIM15,-10.259998233918733,-10.292695320017105,-10.088378377732624
SMIM15-AS1,-12.487463901720698,-12.587527858894227,-12.276391474302683
ZSWIM6,-9.17190183463068,-9.05624847958906,-9.372202983390192
KIF2A,-8.970776854776352,-8.963900962442887,-8.955342015292889
DIMT1,-10.463226746386315,-10.546407352526872,-10.349124058018985
IPO11,-9.788788464765432,-9.814806012031903,-9.917369728110009
RNF180,-9.927584827987262,-10.047192835576286,-9.675377696602137
SREK1IP1,-9.735635517886381,-9.7685918881985,-9.880242492381193
CWC27,-8.875268963766246,-8.981229713788874,-8.851188192251115
ADAMTS6,-7.072565999021794,-7.735386697851415,-7.3368635292616435
CENPK,-10.306643642110643,-10.469027682607656,-10.728764293054306
PPWD1,-9.985718349033768,-10.087467352129265,-10.060167429006393
TRIM23,-10.166349710453325,-10.08237257553356,-10.163361337377212
TRAPPC13,-10.386976313343405,-10.358669999665636,-10.433943720570314
SGTB,-10.796013141647757,-10.828609810524773,-10.823710882517537
NLN,-9.505448311256837,-9.855191193572562,-9.717890689915304
ERBIN,-8.263711983191689,-8.350983903389652,-8.574727412547817
ENSG00000286314,-12.359554642693485,-12.451129035328979,-12.738401706115457
ENSG00000285999,-11.302969280658367,-11.357133190611552,-11.621316047111474
SREK1,-8.961856252946008,-9.00823005835343,-9.065605777150223
MAST4,-8.25632591854714,-8.538212573413626,-8.439337923785635
ENSG00000250421,-12.419564034751392,-10.478141865812663,-10.343328814431267
PIK3R1,-9.424992123622467,-9.525455002585623,-9.733117381126538
SLC30A5,-10.085778969639168,-9.850646790513998,-10.119147975850474
ENSG00000248664,-12.488076801792694,-12.292366861030674,-12.750581106192632
CCNB1,-9.947111939153851,-10.770693729200733,-10.290768553634171
CENPH,-10.617721600028336,-10.959310271351782,-10.928885159168864
MRPS36,-9.41722191942096,-9.467308360142193,-9.405379098953988
CDK7,-10.72791286372272,-10.805598846709973,-10.764123390476058
CCDC125,-12.238431099663881,-11.573826451301354,-11.568879868413795
AK6,-10.467419264893998,-10.604388654552457,-10.492392152095022
TAF9,-9.61052871513737,-9.71882030243399,-9.733632456104685
RAD17,-9.925608346549057,-9.98659549039351,-10.026098461887663
MARVELD2,-11.892597505937673,-11.852428752369974,-11.977610163196125
OCLN,-11.903650835360086,-11.6678057828777,-11.699818357638309
GTF2H2C,-11.506977149220338,-11.602246623022555,-11.188717289100254
ENSG00000290560,-11.583299795800949,-11.526192309439274,-12.0699870488685
ENSG00000291220,-12.710135244272148,-12.213212965265726,-11.66623889715851
SMN1,-11.797699440352432,-11.860225966529713,-11.98096004019234
NAIP,-11.654645033620703,-11.307214678674987,-11.404247040771605
GTF2H2,-11.365074670346713,-11.389911538937712,-10.333462031012285
LINC02197,-11.854986879190157,-11.175781788762492,-11.96096211947977
BDP1,-8.514984354705687,-8.53850387352286,-8.69331393747665
MCCC2,-10.147236950854314,-10.222125281930515,-10.249747859914828
MAP1B,-8.573598003283681,-8.329780993584572,-8.450082204485913
MRPS27,-9.766589086120966,-9.917831253136162,-10.026880577605793
PTCD2,-10.86898277575142,-11.083322092275916,-10.900999218986605
TNPO1,-8.857836662157496,-8.897208422468456,-8.949523740898545
FCHO2,-9.564743899714816,-9.512024803070858,-9.667558217415412
BTF3,-7.379517337415321,-7.633209008865722,-7.4665706818308175
ANKRA2,-10.798684622575289,-10.752601651379706,-10.849176970551879
UTP15,-11.385943202907082,-11.41209559673841,-11.387534066679189
ENC1,-10.947848567083424,-11.072227913127756,-11.545938705915805
HEXB,-11.33337143273487,-11.532974425959637,-11.374700708286658
GFM2,-10.029150254449515,-10.131881796915192,-10.02676014648327
NSA2,-8.852982913516596,-9.035487977530366,-9.015860801514942
FAM169A,-10.307411624245479,-10.19839073113699,-10.52426042797
HMGCR,-10.212538217869925,-10.02282291556293,-10.305527046650852
CERT1,-9.330976503933087,-9.27582874029891,-9.380443903532111
POLK,-9.764098727287806,-9.751314030947817,-9.831300468694316
POC5,-11.0302803863252,-11.152045739560975,-11.25039391552548
SV2C,-11.876122518094785,-12.036189923591678,-12.90524235245726
IQGAP2,-11.07533401662424,-10.798183048055076,-10.45257518959931
F2R,-11.283246533178266,-11.379720649676974,-11.266341344782793
S100Z,-12.681590397384685,-12.312388628521475,-11.339038142160536
CRHBP,-11.543765003561417,-11.124506611348718,-10.289572118944257
AGGF1,-9.891477638769835,-9.981994674500239,-9.75601525464841
ZBED3,-10.773042876818302,-10.932879832207238,-10.902793641425834
ZBED3-AS1,-10.32316648480211,-10.445160189197045,-10.394310084654471
PDE8B,-11.64214364723289,-12.022685052084165,-11.90536325280467
WDR41,-9.705206734867698,-9.794553760087656,-9.812918761497345
TBCA,-8.33672848209498,-8.41514355000871,-8.245852800687475
AP3B1,-8.625772889624361,-8.662198303961157,-8.852481444082732
SCAMP1-AS1,-11.564213559729096,-11.904345474609118,-12.119909657742156
SCAMP1,-9.288960418271758,-9.404487363869992,-9.342627430880379
LHFPL2,-8.387267373392314,-8.239142251364173,-8.519312679780548
ARSB,-10.23273749561649,-10.10644505910302,-10.349295025506219
DMGDH,-11.011466582525157,-11.102807598541421,-11.128717868196796
JMY,-9.789365236582658,-9.949205468721514,-10.140272649598463
HOMER1,-9.247083564167578,-9.148236488412877,-9.573600862849274
TENT2,-8.896963146570112,-8.945734015041634,-9.062995381704315
CMYA5,-9.118062329236514,-7.7165020986389825,-7.998747059581782
MTX3,-10.314881555214772,-10.370846496994565,-10.391533126396988
THBS4,-10.736393583211635,-10.586779920347704,-10.87680406563357
THBS4-AS1,-13.144774326105924,-12.91683797201151,-13.201017328847518
SERINC5,-8.80280811586922,-8.727426997852287,-9.353974173700294
ZFYVE16,-8.688725753208125,-8.54083987689306,-8.749064778369226
FAM151B-DT,-10.983476834267949,-10.943574272622872,-11.203739376435642
FAM151B,-12.15611819990325,-12.019123883754448,-12.08888522982904
DHFR,-9.329647651166843,-9.398088879539522,-9.613175397744753
MSH3,-9.276735350618377,-9.344462436583276,-9.38922840909053
CKMT2-AS1,-10.165395956848691,-10.230438979547683,-10.352386858410567
CKMT2,-11.822128768661816,-11.481008073250047,-11.222625161751793
ZCCHC9,-10.684679717340098,-10.586166362589639,-10.789287461575453
ENSG00000286721,-13.280353041406695,-12.770571973216589,-12.860059358505818
SSBP2,-7.6505994714861325,-7.587357933200948,-7.7755851952196045
ATG10,-9.250915312576247,-9.295419830550326,-9.399312705045787
RPS23,-6.1993316562359855,-6.386882123165799,-6.249868056881867
LINC01338,-11.849777906511399,-12.101249212679008,-12.688265263880094
TMEM167A,-8.636025904332753,-8.629007319452029,-8.89896620851737
XRCC4,-9.542231927820678,-9.229620714945247,-9.37742465930188
VCAN,-5.753467331164904,-5.597845903688429,-6.312982776349174
VCAN-AS1,-11.122237144204512,-10.907423410443553,-11.52682004943625
HAPLN1,-9.793268520831557,-9.908098905145339,-10.508793977393205
EDIL3,-11.209971455070177,-10.520364178623703,-11.43763541209798
COX7C,-7.2709348210077565,-7.426412641478452,-7.254255145520918
RASA1,-9.130010952612944,-9.077076342086288,-9.183811696992343
CCNH,-9.063420367058438,-9.075545560368864,-9.02873276443758
ENSG00000287862,-11.631470274012406,-12.323987471318423,-11.313619089033732
TMEM161B,-10.19788522574677,-10.22636087551751,-10.15188874514251
TMEM161B-DT,-9.197658382383226,-9.215665727604826,-8.976747985957259
MEF2C-AS2,-12.487764756073574,-12.116281601759969,-12.582193037039763
MEF2C,-7.557148336361682,-7.608031265953133,-7.825105783276756
MEF2C-AS1,-9.905063817872335,-9.662249604696136,-9.385705168711214
CETN3,-10.239855100761174,-10.24324959829778,-9.967088371110979
MBLAC2,-11.189654910268882,-11.23937139805516,-11.195477110304413
POLR3G,-11.653994408541902,-11.925163009662507,-11.77195438551157
LYSMD3,-10.394474110128153,-10.349100194617467,-10.404142246862358
ADGRV1,-9.26646590795496,-9.387346092151555,-9.357985215644996
LUCAT1,-13.318768173404342,-12.765525649923584,-12.907196817601767
ARRDC3,-9.948721986756444,-10.161752920159028,-10.243096551286584
ARRDC3-AS1,-10.03088557434703,-10.038588016404857,-9.930414275319897
ENSG00000286121,-11.29566088798371,-11.258675735374078,-11.150708084515076
ENSG00000249776,-11.633834685077352,-12.326409549635704,-12.353315045588396
NR2F1,-13.159146593849396,-11.85589639924287,-11.629479385397579
FAM172A,-9.054705013851612,-9.042503049808385,-9.115509965039289
KIAA0825,-10.069107509758364,-10.051730108279578,-10.315991212585137
SLF1,-10.138178274795628,-10.314483909900144,-10.590634508087696
SKIC3,-8.786504347426703,-8.695263092751421,-8.790972448641888
ARSK,-10.515306427812325,-10.517502138521252,-10.65845927095325
SPATA9,-12.478011849391528,-12.570890001789493,-12.809073988222092
RHOBTB3,-8.081183860467718,-7.7626218758042285,-8.017573854290953
GLRX,-10.189162874383605,-10.80707215704896,-10.128880239269787
ELL2,-9.090717492407428,-9.211632184982488,-9.208291271636888
ENSG00000251314,-10.101735106537907,-10.126812638340088,-10.073110606257217
CAST,-8.53751902293465,-8.527462520914034,-8.536832384313477
ERAP1,-11.452996317231236,-11.358403878104468,-11.505754356224571
ENSG00000247121,-10.769224516567835,-10.52894418685739,-10.902304105157805
LNPEP,-9.006019308342212,-8.971431606142628,-9.200932243106394
LIX1-AS1,-11.052963215185654,-10.809202979066082,-10.394816424593447
LIX1,-8.771596333209065,-9.007112372986027,-8.725928263430909
RIOK2,-10.144176896284561,-10.135945059110163,-10.150963848874705
LINC01340,-12.68503094153672,-12.224830362449808,-11.542345939265246
LINC02234,-13.166033439445469,-12.863891768932115,-12.288886525338487
RGMB,-11.741555284012582,-11.872485605394017,-11.995527093253507
CHD1,-8.96030961823629,-9.025757809083231,-9.035157706637827
CHD1-DT,-10.691786868844911,-10.616415475597204,-11.005908719686849
FAM174A-DT,-11.648277494225795,-11.833693076220042,-12.370215283611119
FAM174A,-10.862713983049387,-10.992306418056675,-11.478264489305904
SLCO6A1,-12.767582135935418,-12.335620486882837,-10.3503710628699
PAM,-8.126556237638995,-8.175694882570468,-7.985382218503899
GIN1,-11.192641819574684,-11.158516823397559,-11.029155772953585
PPIP5K2,-9.122590107256924,-9.26806583532846,-9.12211951211164
MACIR,-11.141836603334918,-11.235954962558353,-11.166008873646819
NUDT12,-11.226467360824083,-12.020677579302289,-11.130879217738114
NIHCOLE,-13.01067033348795,-10.881364158812744,-10.695070778374355
EFNA5,-8.647458849495328,-8.744589906597922,-8.578924292221252
FBXL17,-8.08225172008373,-7.989136997171405,-8.245405058018981
ENSG00000286503,-11.959498861723668,-12.075817384437777,-12.433539205080283
FER,-8.062997971307382,-7.889388805203434,-8.171849010234448
PJA2,-8.600640831287429,-8.452758795088549,-8.676744152778278
MAN2A1,-9.822975260621822,-9.726735791532791,-10.440073756712504
TMEM232,-9.53817899071077,-9.869445608120786,-9.368802542762662
SLC25A46,-9.8178261863995,-9.722841540069526,-9.78167936609897
WDR36,-10.012081145588672,-10.086408126117666,-10.100041907314242
CAMK4,-12.207179865816313,-12.713751915489366,-12.554060390812312
STARD4,-10.088502038307572,-10.480929699534792,-10.392407338417863
STARD4-AS1,-9.621158177112866,-10.090162510843571,-9.613390888085648
NREP,-6.933182442298362,-7.430412122497966,-6.905164524164888
EPB41L4A,-8.628940330348648,-8.974491544453679,-9.339044713510068
EPB41L4A-AS1,-9.653136035917573,-9.912886347761823,-9.543180660395812
APC,-9.013920802153706,-9.048268923048854,-9.139526792505738
SRP19,-9.317073643171396,-9.330164824027143,-9.32139159108155
REEP5,-9.265347843079526,-9.24808150286397,-9.406654651043736
DCP2,-9.452393890495312,-9.426133838478503,-9.527635671320084
MCC,-8.227658346958409,-8.23293792579853,-8.364632582048387
ENSG00000232633,-12.201794484856487,-12.57553813730972,-12.426457031808468
YTHDC2,-9.413318644484782,-9.456646678386297,-9.585766184180287
KCNN2,-8.085493307406475,-7.742171846076129,-8.328262477766861
TRIM36,-11.477874541057488,-12.008711660966366,-12.427215854657506
PGGT1B,-10.062566137286028,-10.018267632653586,-10.121278087563601
CCDC112,-9.976889177706813,-10.121903117417446,-9.99281061003576
FEM1C,-10.771642442775434,-10.759746005511674,-10.972212388431009
TICAM2,-11.745662992223801,-11.84214762142467,-11.898814701850604
TMED7,-9.86043081955858,-9.786881520190509,-9.964019423422286
CDO1,-10.67773146283253,-11.434078091071942,-11.237319522986224
ATG12,-9.667610373596634,-9.864247728130238,-9.760821405421007
AP3S1,-9.451424065050123,-9.613546581401938,-9.621920478942124
COMMD10,-8.590870419498247,-8.479013347134899,-8.740823093151056
SEMA6A,-9.540846944300943,-9.99868902736824,-9.885370748281865
SEMA6A-AS1,-11.334828158304203,-11.21323891657239,-11.173803965582172
LINC02208,-11.158507226421904,-11.280569446214145,-11.310425936429805
DTWD2,-10.245549124433868,-10.214410026205137,-10.176016444646745
DMXL1-DT,-11.83586359029152,-11.534517554759244,-11.640600341177986
DMXL1,-9.005246657758457,-8.938701810086256,-8.953738186904348
TNFAIP8,-9.601238944766047,-9.766109204423314,-9.661675210264304
HSD17B4,-9.39633605053044,-9.318871832777326,-9.411151600107658
PRR16,-11.593868284753533,-11.33837586719314,-11.353389816974165
SRFBP1,-10.0419601668558,-10.028905769068777,-9.9073818885339
SNCAIP,-9.970553308433184,-10.618691658155468,-9.920077628686526
SNX2,-9.422099005232822,-9.448725052758917,-9.423955039850798
SNX24,-9.691937602465439,-9.708683172586467,-9.780164526108909
PPIC,-8.773734485492655,-8.751237482971266,-8.705540704519274
PPIC-AS1,-12.990268011922893,-13.228195732129304,-13.03763249655099
PRDM6,-9.75994728978566,-10.387434959061626,-9.913676680959448
CEP120,-10.349146230993682,-10.36886984407247,-10.49530821613606
ENSG00000288766,-12.459559567427855,-12.616132359809502,-12.81397431456281
CSNK1G3,-9.320647282700826,-9.345310991659474,-9.479140405601322
LINC01170,-10.120840870499917,-9.98243637008002,-10.205427210912497
ENSG00000248296,-11.813538552317748,-11.987612456631442,-11.97038907916216
ZNF608,-8.090072056782436,-8.051843339090276,-8.442351852079469
ENSG00000249112,-12.663575913927735,-12.68672293640529,-12.811259491365394
GRAMD2B,-10.927704290588498,-11.036992924876403,-11.014930987897172
ALDH7A1,-9.063811769149432,-9.088996748684936,-9.122762950264773
PHAX,-10.060267510709533,-10.048375247522156,-10.067289288061708
LMNB1,-9.690075918204334,-9.997027131053141,-10.050162358909658
MARCHF3,-9.505700055759577,-9.587965836235915,-9.184771141639962
ENSG00000286615,-12.812055529516046,-12.852775848513431,-12.632628066374787
MEGF10,-10.59767813577916,-10.626315001718508,-10.390200331185374
PRRC1,-10.07616587634342,-10.18399441123911,-10.049061894065801
SLC12A2-DT,-9.975636365510843,-9.918956793288682,-9.96604504241336
SLC12A2,-10.320785200984176,-10.341799454429347,-10.310776611996006
FBN2,-5.908892511440204,-5.74346761738935,-6.2276029125352705
SLC27A6,-9.639026582071466,-9.161715435320149,-9.44942065128219
ISOC1,-9.315530335496764,-9.395181375542766,-9.388381392433736
ADAMTS19-AS1,-10.675032123328101,-10.91483263602819,-10.671552108806033
ADAMTS19,-6.985413025681516,-7.210873375736272,-7.115126291545887
ENSG00000251680,-10.309867021533465,-10.369798114711317,-10.21239825635439
MINAR2,-12.59529918271846,-12.795374155567698,-12.771519722601907
CHSY3,-10.003079163266257,-10.138796540849516,-10.734151048887306
HINT1,-7.800178407874554,-8.051030921084937,-7.863598809049899
LYRM7,-10.410938491860382,-10.420972234440612,-10.283580286841268
CDC42SE2,-9.931237596192563,-9.841646135590887,-9.937118508356106
RAPGEF6,-8.835747940575214,-8.906352200318713,-8.932202793519778
FNIP1,-8.869330121682992,-8.876061042967422,-8.963761524874073
P4HA2,-10.831694795708081,-11.048821015876248,-10.882247684429098
PDLIM4,-12.19834679891908,-12.461909625498505,-12.019884403695949
SLC22A4,-13.013597436639415,-13.169321360892447,-13.04643012726587
MIR3936HG,-10.94419679329793,-11.087886041623428,-11.21614233816626
SLC22A5,-12.101341168774182,-12.210828137739028,-12.119346711620231
IRF1-AS1,-12.018079852739808,-12.565562482957846,-12.61633221402455
IRF1,-12.022234646302504,-13.142440998113306,-12.320543932751624
RAD50,-9.183743666682153,-9.1816594554548,-9.000108086833983
KIF3A,-10.183564908061179,-10.222462486048574,-10.330988478865796
SEPTIN8,-10.889538662155143,-11.0262063102087,-11.320407562391521
UQCRQ,-8.762110713754833,-8.905561668900537,-8.816035902775793
AFF4,-8.656095731172877,-8.62905957578316,-8.734526140168553
ZCCHC10,-10.420142901599172,-10.419528507039454,-10.443231955820307
HSPA4,-8.45397059955863,-8.523945960378917,-8.550412473295127
C5orf15,-9.783092844566626,-9.727084763682589,-9.941954385212853
VDAC1,-8.411617909469724,-8.550232598602634,-8.340841389519712
ENSG00000271737,-12.771292788600409,-13.168671106442188,-13.177576641337037
TCF7,-11.376306432318767,-11.527485047342179,-11.702815082117821
SKP1,-7.785530885847881,-7.8347028175402915,-7.793579509402517
PPP2CA,-8.96076570594754,-8.968416806039235,-9.052889000142544
CDKL3,-10.511093706083981,-10.554546128361153,-10.794850441623606
UBE2B,-8.785885202816994,-8.85266042047176,-8.96896303791723
CDKN2AIPNL,-10.709305371288846,-10.810795547012516,-10.7831403580349
JADE2,-12.740941987493445,-12.405279852914607,-12.580662539815266
SAR1B,-10.034094771519685,-10.057181081592251,-10.106813900376258
SEC24A,-10.425814206433968,-10.496002735934823,-10.496305013016991
CAMLG,-9.691140667536244,-9.86889897285878,-9.642168126783151
DDX46,-8.649673653438061,-8.743378088241245,-8.710722697533788
C5orf24,-9.055306324809509,-9.108732329126173,-9.323113234504259
TXNDC15,-9.973365695756321,-10.053898506884321,-10.144813458311049
PCBD2,-10.217785261046352,-10.437282382326421,-10.420025039595446
PITX1-AS1,-13.191750370988615,-13.116074849604631,-13.010069708595664
MACROH2A1,-8.429415773145069,-8.40681411304763,-8.373366001629677
CXCL14,-10.978368167996633,-11.323384039247145,-10.27607041419218
SMAD5,-9.079525521103456,-9.132836061418358,-9.026683632465843
SPOCK1,-9.744158254699316,-10.603008216688323,-9.579203010500741
KLHL3,-10.352915141004315,-10.547848425166157,-10.026759133706305
HNRNPA0,-8.943558074406049,-9.046642936042494,-8.976014430317298
FAM13B,-9.015012715402289,-8.987912594461966,-9.195464858686343
NME5,-11.249825518390791,-11.120778990689645,-11.298902467667327
BRD8,-9.595715388633723,-9.699428199177447,-9.905747038702046
KIF20A,-11.069267281390964,-12.22793095773909,-11.563455965320612
CDC23,-10.39298459728999,-10.444050883265946,-10.544722738260255
CDC25C,-11.119166226452052,-12.063381955239787,-11.922964570902291
FAM53C,-10.991482007697684,-10.874992673242032,-11.125547319542166
KDM3B,-9.197447799454478,-9.20549551980389,-9.394256019793362
REEP2,-11.789608020451256,-11.66524636150498,-11.868987383897025
EGR1,-9.64867117984412,-9.070157701402298,-9.977781683140162
ETF1,-9.401867556821427,-9.48689828227626,-9.42410254076687
HSPA9,-8.761868927324068,-8.81236171544153,-8.709967631115877
CTNNA1,-8.362863436132992,-8.327669488872186,-8.456746187219734
SIL1,-9.982130538924924,-9.958971762280033,-9.937835074144065
SNHG4,-11.708724094693244,-11.196001897194442,-11.61364246425026
MATR3,-7.532252097118635,-7.548934218143318,-7.663690963081409
PAIP2,-8.878842417292343,-8.884873034909473,-8.973948213650763
SPATA24,-11.574913244676912,-11.690989887051566,-11.605975351096031
DNAJC18,-10.399091511755065,-10.509580110035536,-10.622717203254318
STING1,-12.21372430873768,-12.05373179548351,-12.336785043452508
UBE2D2,-8.732180898865705,-8.837985424565957,-8.839769038852177
CXXC5,-9.809673178934501,-9.87987825179029,-9.915708518299066
NRG2,-10.70135828512346,-10.415817400178321,-10.622798207315045
PURA,-9.999892971365231,-9.958118613287214,-10.041010942463
IGIP,-12.933510141223163,-12.341984713300356,-12.654426062679928
CYSTM1,-10.4499856082564,-10.239333104692625,-10.283747298058202
PFDN1,-9.49514051440375,-9.565557143187512,-9.687092284454492
HBEGF,-12.930704592590793,-12.820435197364015,-13.162688988505419
ANKHD1,-8.923440611572586,-9.008246879209612,-9.027206608304082
SRA1,-10.106581851815857,-10.37648393198319,-10.162941900905958
EIF4EBP3,-12.233702309534948,-12.60420051068375,-12.054439682281387
APBB3,-12.638821625832726,-12.296501038007468,-12.489136443046284
SLC35A4,-11.803970028509381,-11.817505880672455,-11.854743781348285
NDUFA2,-8.99038713419411,-9.087375741433386,-9.018995472577878
TMCO6,-12.718309476725883,-12.9016037425568,-13.06051238612511
IK,-8.743167336714928,-8.851222164564142,-8.911596451178408
WDR55,-11.831543930181521,-11.685882590864454,-11.940876938227868
HARS1,-10.297752343575263,-10.495330820565565,-10.356747594802696
HARS2,-11.42379916744033,-11.423285796106809,-11.46512980246097
ZMAT2,-9.555837848112574,-9.636344076015627,-9.617517366043066
ENSG00000279726,-11.78562873402812,-11.695180986820226,-11.860826539521216
PCDHA10,-12.462967021355727,-11.841738268910436,-10.729793142871873
PCDHA12,-11.306670869933996,-11.13375454789887,-11.809699432089792
PCDHB2,-10.817930437887293,-10.573572262065584,-11.465596755941032
PCDHB9,-13.25795432368656,-12.924192644834177,-13.152657625878824
PCDHB10,-12.307725442980958,-12.276460994836905,-12.57761363698667
PCDHB14,-12.29379434423597,-12.534303459931252,-12.728172899530405
PCDHB15,-12.360182041638291,-12.724359939553528,-12.452292792514625
TAF7,-8.611970265855478,-8.597132683794156,-8.691596214963566
PCDHGB6,-10.683427851827377,-10.537396149414405,-10.998002844567493
PCDHGA10,-12.626283437271022,-11.111787798188248,-11.707401002175422
PCDHGB7,-11.763812323339607,-12.158021858989773,-12.967568050076714
PCDHGC3,-13.180572564635915,-13.300357015607744,-13.161940678899034
DIAPH1,-9.938236201031621,-9.887721740386699,-10.235492700820203
HDAC3,-10.219100137132896,-10.228203933872324,-10.246891127087903
DELE1,-10.356090428205501,-10.41239634959603,-10.4619668882245
RNF14,-10.660163293877604,-10.4673478383779,-10.26806450435578
GNPDA1,-9.923305203629472,-9.937982718446488,-9.87041978735577
NDFIP1,-9.025792339604804,-9.031344962722327,-9.035543435185463
SPRY4,-12.01963785583353,-11.681332192102865,-12.19202053073652
SPRY4-AS1,-12.156126736583296,-11.91607011959829,-11.832478581716884
LINC01844,-12.389908103517321,-13.043561768896808,-11.737361121992338
ARHGAP26,-8.493346248944942,-8.490056673945245,-8.440810433275617
NR3C1,-9.173337983816431,-9.669507605703217,-9.336634207435552
YIPF5,-9.830398659422633,-9.877377736652836,-9.894571461695586
KCTD16,-12.120509827616708,-12.040910252903107,-11.791878629244408
ENSG00000251031,-10.96960068398308,-10.357239334199637,-10.278868897970042
ENSG00000250842,-11.48594807171793,-11.16664469387982,-11.019624868061674
PRELID2,-9.23063169001596,-8.974251600815071,-8.985680100575694
SH3RF2,-9.422993865561311,-9.558112492061138,-9.672850033397907
PLAC8L1,-12.370608128229764,-12.402023328901663,-12.081505462168055
LARS1,-8.608767511166448,-8.712663345554313,-8.651745296643359
RBM27,-9.12956238515734,-9.06103154092725,-9.154268998686561
TCERG1,-8.833343445835789,-8.918829381820553,-8.873460355445518
PPP2R2B,-8.507766629549813,-8.60380093545941,-9.433072810967953
STK32A,-12.422082022389487,-12.133324227361053,-12.797289085250956
DPYSL3,-8.697145993921774,-8.389461437882815,-8.877543228849222
JAKMIP2,-11.118210116319903,-10.617551949515953,-10.652034571967267
SPINK5,-13.096456534600053,-10.677867490417297,-9.741894772945667
FBXO38-DT,-10.343018159868123,-10.179262223178986,-9.863996850080389
FBXO38,-9.973143893936792,-9.97440789306069,-10.000681905828039
HTR4,-10.829646625536437,-10.8462834338317,-9.693212252543692
ADRB2,-12.042499867863526,-12.038106233096164,-11.728689536628343
SH3TC2-DT,-13.140622044239155,-13.105328917846899,-13.099336775053672
AFAP1L1,-10.861307460937763,-10.712622282999593,-11.25306371620154
GRPEL2,-12.54398861710977,-12.17650259673663,-12.675339106287524
PCYOX1L,-11.553222201004528,-11.556056050248912,-11.907152805321068
CARMN,-10.180834414067913,-10.282263598440768,-10.310347998408853
CSNK1A1,-7.869576400223751,-7.935238209734995,-8.070331375796611
ARHGEF37,-12.016352786392163,-12.560084481423027,-12.37801467194653
PPARGC1B,-11.08980730721212,-11.24152015074316,-10.973772289663787
SLC26A2,-10.417702598202975,-10.448282548363787,-10.440654428746495
HMGXB3,-10.028616120128975,-9.976751045491483,-10.224210692425217
CAMK2A,-10.442433236906568,-10.47680576824952,-10.414691777577879
TCOF1,-10.270260840355997,-10.589196616518105,-10.599421102951245
CD74,-12.165453445016672,-12.250740513045269,-11.720064276363532
RPS14,-6.174288821672399,-6.449231365081115,-6.168295064548675
NDST1,-10.69306755044709,-10.725151759060875,-10.859683521407982
RBM22,-10.319328097442611,-10.223019144876123,-10.443576693055524
DCTN4,-9.694690079700914,-9.677352872753366,-9.767141378303199
SMIM3,-11.45247476378482,-11.414827240618525,-11.60293057554468
ZNF300,-12.034792442624338,-12.275301554500171,-12.026607264036855
GPX3,-11.945452557693521,-12.32505408005883,-11.781659387783266
TNIP1,-10.39807271905529,-10.594320573902175,-10.418231656446526
ANXA6,-9.058644592943866,-9.132258428618268,-8.94105541816632
CCDC69,-9.64507222045499,-9.865759685013385,-9.619275730262183
GM2A,-10.859254120971658,-10.985820237396531,-10.58592842730088
SLC36A1,-11.15043140172907,-11.286212318516453,-11.643684069775519
SPARC,-9.263570139203685,-9.21997830200979,-9.212203572602942
ATOX1,-9.623374438849813,-9.698342916217657,-9.648163882659118
G3BP1,-8.660004236530071,-8.661747147545725,-8.752703347231295
LINC01933,-12.80830098509281,-12.601280896843036,-12.2225984908342
LINC01470,-12.83606574650668,-12.355231555704107,-11.805468009815272
GRIA1,-11.80557622099028,-10.682183584336597,-11.066694674612496
FAM114A2,-10.50988243775938,-10.622884912452774,-10.669904069382294
MFAP3,-10.543262333054633,-10.642704482647103,-10.575659290847542
GALNT10,-10.430047306871947,-10.235207896625225,-10.530438020844864
SAP30L-AS1,-11.902051040935248,-12.090246959924123,-11.787661087815884
SAP30L,-10.624349286184135,-10.799144396244921,-10.742801680613876
HAND1,-9.31882377124196,-10.039111950467152,-8.883155244474462
LARP1,-8.876728852898426,-8.911984198339368,-8.938565984861322
FAXDC2,-10.341623752112586,-10.391760038846911,-10.67421292720381
CNOT8,-10.590354724185687,-10.651380988032336,-10.850984167014724
GEMIN5,-10.388020560161488,-10.448215286618158,-10.450080249665964
MRPL22,-9.771125974043182,-9.962811178811899,-9.864807689719001
SGCD,-11.85838915761238,-11.778279012265866,-12.810892519482287
HAVCR2,-11.851459758128977,-12.254949646102004,-12.034169060499611
MED7,-11.175070573908508,-11.278351501715802,-10.977190418203788
CYFIP2,-9.03561505598288,-9.526671651487822,-9.223082466452146
ADAM19,-10.452194643221878,-10.532956113869439,-10.939227770500487
THG1L,-10.538641129564098,-10.899244086824671,-10.928406792695677
LSM11,-11.74695107346547,-11.88718137227296,-11.896606920770976
CLINT1,-8.879419180882406,-8.8851508052979,-8.922064377040275
RNF145,-9.338785032867518,-9.3310481376262,-9.560478239232419
UBLCP1,-9.950641491105934,-10.002208130445073,-9.905587808173047
ENSG00000249738,-11.91526297745158,-12.77674530195545,-11.425719725612838
TTC1,-9.662749152023142,-9.621537415851332,-9.677198398336904
PWWP2A,-9.748130826593888,-9.715811409135332,-9.719950001842909
CCNJL,-10.85490601740994,-10.950974562923081,-10.960225779220256
FAM200C,-11.976806190440525,-11.94019294724387,-11.878743540482597
SLU7,-10.024140275137334,-10.176916198976674,-10.314734570931513
PTTG1,-9.319549492942814,-10.538453509820867,-9.651216723812773
GABRB2,-10.289571310737447,-10.944515911847773,-11.193654363223494
ENSG00000254186,-10.756300552088694,-10.85005367010877,-10.112129202524955
CCNG1,-8.94861468282979,-9.113802758525402,-8.995523466517604
NUDCD2,-9.979112001779448,-10.002199798592875,-9.892927591666348
HMMR,-10.507520988809206,-11.384940497136052,-10.809763949156903
MAT2B,-10.732352441547807,-10.732090092010681,-10.76411710489233
LINC03000,-9.757021509680323,-8.975858433769416,-9.046407797738851
ENSG00000253693,-11.145139601746322,-10.441835456579284,-10.422230804623744
TENM2,-9.902377486199361,-9.925454047862264,-9.7543824017143
WWC1,-11.009016869793012,-11.30047395048534,-10.986613249233795
RARS1,-9.408612968418755,-9.621042538062483,-9.473314448746258
PANK3,-9.332677365081445,-9.346173024884283,-9.333709428671828
SLIT3,-7.117913103478034,-7.084003909722749,-8.211746125928862
SPDL1,-9.955527098245687,-10.20650134598711,-10.042642756336942
DOCK2,-11.676183929759675,-12.297497957193515,-11.827795878564853
INSYN2B,-10.479912425296902,-11.122308796166408,-10.651481044260704
KCNMB1,-13.208409070794575,-13.042479930053366,-12.530768066714437
RANBP17,-9.029500832012326,-8.417539002290205,-8.665462162928296
NPM1,-6.817524292418359,-7.090399834054807,-6.8945213902501985
FGF18,-9.986258399277144,-10.178148478293272,-10.753364969341503
FBXW11,-8.956268811454734,-8.995262058953726,-9.01535995240253
STK10,-11.571067591472886,-11.523452757929832,-11.669252508174422
UBTD2,-9.549305762901392,-9.551527366749301,-9.741958201834196
SH3PXD2B,-10.305752694777292,-10.23958616760105,-10.455544908329301
NEURL1B,-10.271827658515537,-10.492305380005364,-10.31191171110419
DUSP1,-11.38131049627426,-11.160474857837505,-11.2212377130018
ERGIC1,-9.994312537646326,-10.088608458145362,-10.210575422707018
RPL26L1,-9.579356720989928,-9.771514977380109,-9.617598447149373
ATP6V0E1,-9.077482079238795,-9.080241155671944,-9.087296937151665
CREBRF,-9.992721963106229,-10.055029957405885,-10.290062799181264
BNIP1,-11.473976186665132,-11.578403899423092,-11.72146813261966
NKX2-5,-7.890492989382619,-7.945273223586181,-7.8804214640470205
ENSG00000289493,-8.541716506457211,-8.394322055404,-8.599875882230766
STC2,-10.481766786848146,-11.2281978423056,-11.150557724298999
BOD1,-9.39459501697548,-9.563638525096744,-9.534733608745443
CPEB4,-8.9192515396986,-8.841747574614944,-9.021686172821292
ENSG00000289085,-12.374683258870624,-12.269460087813112,-12.526163853753124
LINC01411,-12.727546461158436,-13.099699053757668,-12.895888148932386
MSX2,-10.476620580712158,-10.28853442614839,-10.041028137576179
SFXN1,-9.044374724188783,-9.170893314972867,-8.914948625073313
HRH2,-10.784931974020854,-10.595516018849722,-10.593643158432027
THOC3,-11.303704874282738,-11.083514732113668,-11.054147833581988
SIMC1,-10.014852585892415,-10.18144214328164,-10.180682530361892
KIAA1191,-9.847971729895635,-10.029859189356761,-9.850221777703098
ARL10,-10.664111121952526,-10.760455901458428,-10.808005322282701
NOP16,-10.720817895052747,-10.893992604557301,-10.683051785769239
HIGD2A,-8.572118225209087,-8.69953889462108,-8.610336752964892
CLTB,-9.440477394890763,-9.60888972566301,-9.570675275653372
FAF2,-9.626202040907778,-9.645652163599664,-9.747813220791246
RNF44,-10.867824864787547,-10.891661351331624,-10.911151500326758
TSPAN17,-11.869546805472755,-11.76282532923944,-11.945718284843606
UIMC1,-9.69161397245475,-9.773405040647493,-9.8549036822759
ZNF346,-10.367560119673975,-10.374546004610702,-10.630988054113834
NSD1,-8.814853575290988,-8.74559066492179,-8.97777226857004
RAB24,-12.733116631798657,-12.914375060067961,-12.974140951857015
MXD3,-12.183120161142252,-12.617747208983603,-12.527455693255211
PRELID1,-9.47962491742623,-9.652903917003986,-9.535480814462169
LMAN2,-9.587850564732463,-9.654233553305863,-9.68518036185899
GRK6,-11.199450059942507,-11.473347241454212,-11.289411840946288
PRR7,-12.304581911061884,-12.205511281733683,-12.184197908778176
DBN1,-9.749207997512213,-9.598294572846727,-9.8072560315617
PDLIM7,-9.998413824250813,-9.913715129553324,-10.14445616611166
DDX41,-10.912403169830899,-11.105468354577225,-11.000639104108474
FAM193B,-10.589291340731029,-10.647311326181155,-10.756278391299704
TMED9,-9.088238303802534,-9.163346733383296,-9.191020281357407
B4GALT7,-11.663329126175858,-11.860685234562093,-11.763214444307835
ENSG00000291283,-10.985245077024134,-11.335776407416622,-11.172115470476495
ENSG00000290968,-11.383472308102576,-11.72523130325804,-11.27780523979972
ENSG00000291113,-10.925545649752966,-11.369921171141794,-11.254677059235092
ENSG00000250101,-10.856113188163878,-11.16404819126429,-10.810254931271492
FAM153CP,-12.882599221000609,-12.873714842122883,-11.721305074690722
N4BP3,-12.638136518717822,-12.470575699047556,-12.594537690017095
RMND5B,-10.800118047345064,-10.893432568500925,-10.904826299419422
NHP2,-9.33898981526293,-9.509642190676693,-9.407383282238987
HNRNPAB,-8.242825054547689,-8.531416125828107,-8.31896519943077
PHYKPL,-11.105668811717667,-10.670379534205876,-10.298244428928875
COL23A1,-9.822093709007115,-10.356886915417245,-10.231344905812291
CLK4,-10.100710887358389,-10.182179475657048,-10.105707206366873
ZNF354A,-10.657155193127121,-10.782293023125167,-10.682787989367307
ZNF354B,-10.907768187061398,-10.953001700231816,-10.835515288549644
ZFP2,-12.62060645377533,-12.227945980501566,-12.668029365496968
ZNF879,-12.449650479956897,-11.985337501214815,-12.32359663256518
ZNF354C,-11.616107685477193,-12.592261515554533,-11.767271864117626
ADAMTS2,-11.590676087619899,-12.25902050081042,-12.245480444741377
RUFY1,-10.204478033576725,-10.0725537345574,-10.208105508512132
HNRNPH1,-8.577889384330708,-8.683540868627844,-8.632097392683162
CANX,-7.987390208509432,-7.836685371409125,-7.919588111669562
MAML1,-10.209964517739225,-10.160237323650925,-10.284328011224327
LTC4S,-12.772785726929914,-12.758656069895407,-12.669163510007326
MGAT4B,-10.289551346977847,-10.25575236756942,-10.359195053706008
SQSTM1,-9.681967037902016,-9.743387619509468,-9.756943062379847
MRNIP,-10.896378155341107,-11.137697139114506,-11.150676540282124
MRNIP-DT,-13.107549858515902,-12.765617237974183,-12.88179780404716
TBC1D9B,-10.661471379707553,-10.626568486956689,-10.720576754282261
RNF130,-8.680326252030122,-8.786899673893219,-8.76753436524141
MAPK9,-9.806911423569652,-9.706255693633056,-9.7558109986813
ENSG00000248367,-12.250058979021393,-12.807910122970725,-12.02822046006734
GFPT2,-11.077736596518845,-11.57326398709552,-10.852451269390752
CNOT6,-9.485416757350299,-9.559105971254947,-9.673017997519452
MGAT1,-11.30945995582182,-11.165356681540755,-11.25879757877538
HEIH,-12.567494288096432,-12.458431369828501,-12.072770636114736
ZFP62,-11.251671848749142,-11.22234984693645,-11.201750815014469
TRIM7-AS2,-12.254031596199166,-12.381240128075031,-11.981132512948088
TRIM41,-12.00183103147138,-11.859939358212948,-12.192849652744457
RACK1,-6.78284482540024,-6.994405368085181,-6.798631284613125
CTC-338M12.4,-10.92371502766024,-11.143656836877893,-11.209368394445368
TRIM52,-11.150760892397958,-11.06788108096737,-11.273313230597115
TRIM52-AS1,-11.267322087353984,-11.129504800250837,-11.56668246523022
ENSG00000248103,-12.179833885740393,-11.994422777651696,-11.982108784460616
DUSP22,-10.530295865784694,-10.668562602726944,-10.700480124148042
EXOC2,-9.532823279133622,-9.46336152603921,-9.609059608242848
ENSG00000271727,-12.340509742834334,-12.439087284328622,-12.478028003050232
GMDS,-10.217361167432989,-10.05689888856405,-10.085801484443882
GMDS-DT,-8.881536152546506,-9.11485096749614,-8.804588047424023
MYLK4,-11.852216073001037,-12.298705868592602,-12.507391191290049
WRNIP1,-10.05295448715688,-10.090701924183293,-10.074880834787752
SERPINB1,-12.081133263551637,-11.560612784203368,-11.12975236963845
SERPINB9,-11.191353410116038,-11.218236692071358,-10.312375445598484
SERPINB6,-9.620278908598083,-10.062036802784878,-9.73380812666353
NQO2,-10.119256084752937,-10.42810429362724,-10.604234761970874
RIPK1,-10.797293057835274,-10.666587126896692,-10.861305042391754
BPHL,-10.57141861562163,-10.613738117472401,-10.56425881388708
TUBB2A,-11.356068328941152,-11.206375613503734,-11.450694757399956
TUBB2B,-11.350061493246725,-11.422138056317205,-11.44507321128008
PSMG4,-10.698372925574512,-10.68527722239825,-10.900694582378971
SLC22A23,-10.171980728580492,-9.889112086953068,-9.738205572150687
PXDC1,-11.590173517202174,-11.946327700400799,-12.543274935356521
ENSG00000288904,-12.222964240845743,-12.485324463105355,-12.348338496381082
PRPF4B,-8.809978484291658,-8.903564435027837,-8.839983267936562
ECI2,-9.15221911986581,-9.34485530173097,-9.129753857092297
CDYL,-9.103722423306383,-8.991271383883987,-9.17202351913008
RPP40,-11.630932074390264,-11.779651848927298,-11.593147760446765
LYRM4,-9.46640151929365,-9.388800360321312,-9.877922100203017
FARS2,-9.09147297661032,-9.036819045855307,-9.386798268721149
RREB1,-9.394169703641296,-9.39341292215995,-9.48499630527003
SSR1,-9.761614331662567,-9.656634989838619,-9.802622780032308
RIOK1,-10.561261618481213,-10.64181965749956,-10.579039791869628
DSP-AS1,-10.670994415360077,-10.388257625017168,-10.307770638059937
DSP,-7.221824728466925,-7.121741823250996,-7.264099506068906
SNRNP48,-10.34698345632164,-10.18441458783596,-10.600041282308329
TXNDC5,-10.374475332907776,-10.513156053917607,-10.367723167750727
BLOC1S5,-10.54913318355811,-10.555851409144276,-10.61177455626609
EEF1E1,-9.625112926329345,-9.737304870613494,-9.71979257433731
SLC35B3,-10.387851076136926,-10.405528072319163,-10.507790553203598
HULC,-10.820359871602463,-10.634892647262976,-10.260937479300917
GCNT2,-8.893692396396673,-8.927303556987477,-9.368566177483535
PAK1IP1,-10.356723016491584,-10.455260586005311,-10.396975402824275
TMEM14C,-8.265573656430233,-8.233025412674808,-8.059186766822963
TMEM14B,-7.901497050149901,-7.783454084679527,-7.924481164227391
MAK,-11.432593541659028,-11.17068198286681,-11.401352167060239
SYCP2L,-11.11379051431454,-11.175122547300916,-11.306054931954083
SMIM13,-10.99670902567563,-10.99999966564582,-11.027507649813504
ENSG00000247925,-12.305588386423809,-12.131235075182278,-12.33305828064049
NEDD9,-10.401648431840608,-10.151677516333732,-10.345742181261556
TMEM170B,-11.694350102072155,-11.492763621430687,-11.35033653853164
HIVEP1,-9.222616446500568,-9.255515868118026,-9.353819772418367
PHACTR1,-8.248642819430621,-8.352326108992264,-9.384719907037175
TBC1D7,-10.328659172023839,-10.522868343849,-10.434074022709899
GFOD1,-10.236416345685354,-10.33744692042337,-10.527452991191758
SIRT5,-10.526287860806692,-10.326951397527532,-10.446972962015941
NOL7,-8.78006595848963,-8.933413129945897,-8.83841399111109
RANBP9,-9.261879638078874,-9.298779611578723,-9.387457443944397
MCUR1,-9.452348418218106,-9.508473603880766,-9.588006192837671
CD83,-12.638889366015553,-12.908843339532584,-12.521312501545
JARID2,-9.018068622964979,-9.170598907048774,-9.144399918710619
DTNBP1,-9.87657882535268,-9.83205612342145,-10.02143174173753
MYLIP,-9.76056962705303,-9.932484440323549,-9.825901322795682
GMPR,-10.427545414096656,-10.968669604512542,-10.558570228148236
ATXN1,-8.116976068937888,-8.07028741649969,-8.301767745872757
ATXN1-AS1,-11.88125326335464,-11.720116007143531,-11.952512804513217
ENSG00000272341,-12.584550701682879,-12.615587203039595,-12.869791297897365
RBM24,-8.469626593257942,-8.58475644483837,-8.285460900053407
CAP2,-7.948942881022836,-7.942135150439176,-7.9765205422247485
FAM8A1,-10.405296432908862,-10.362813186837904,-10.452757925963006
NUP153,-9.751670030958376,-9.75560047365485,-9.814851562264007
KIF13A,-7.534684870821349,-7.814127946650256,-7.805125440253269
TPMT,-10.850167267667693,-10.94724551950408,-11.06672874231656
KDM1B,-11.24669020089308,-11.091642504100165,-11.32890047230637
DEK,-8.212943702692325,-8.406400527952524,-8.490338642797777
LNC-LBCS,-9.798425536373674,-9.681434611050491,-9.367939956159235
ID4,-8.917538266521746,-8.613027624279137,-8.594589126915567
MBOAT1,-11.391290959006033,-11.236334496828766,-11.539308879127372
E2F3,-9.492330628791763,-9.540917561265179,-9.644819744988272
CDKAL1,-8.531961135526199,-8.589469482758723,-8.708479500872787
SOX4,-9.179192481713457,-9.181307490789466,-9.041323298560268
CASC15,-11.180180025828351,-10.700667273713382,-10.869790804809618
MRS2,-10.04713620849169,-10.08028713973921,-10.025471437313662
GPLD1,-11.913259751924466,-12.09361917973591,-12.471446818986474
ALDH5A1,-10.807152278711898,-10.815749344661949,-11.046470812849678
KIAA0319,-11.30648321081893,-10.959117512182752,-11.85960946869137
TDP2,-9.916447625049573,-9.754497046036239,-10.024550271067344
ACOT13,-9.605455716350075,-9.658637449434968,-9.553364708810513
C6orf62,-9.659830699328381,-9.676974549245534,-9.851741870729805
GMNN,-9.910345471519928,-10.124135314340146,-10.089651919379037
RIPOR2,-10.037716784714307,-10.621153273680047,-11.188795671040163
CARMIL1,-8.256480110347743,-8.201988796902224,-7.973216755966617
H3C2,-11.321251737761726,-11.560453045383403,-11.827505637362965
H2AC4,-13.373082151523175,-13.20668366128471,-13.302551831177784
H1-2,-8.636514780060441,-9.04599673708279,-9.291851172867943
H2BC4,-12.336026829298927,-11.5989840043811,-12.80040505091676
H4C3,-8.782967016087076,-9.098078947457328,-9.113175613793537
H2AC6,-10.397597668560405,-10.051932306389812,-10.538727616289677
H1-4,-9.368436579510918,-9.679473574598118,-9.817619769127099
H2BC5,-11.089377364733606,-10.864549117658646,-11.142573826075065
H2BC6,-12.381320606351117,-11.94577716921617,-12.764260000551161
H3C4,-11.537474417415156,-11.890110076470455,-11.87870324699493
H2AC7,-12.665287594814732,-12.756941817767414,-12.849871742648773
H4C5,-11.15589080256858,-11.272083716743301,-11.49789490595638
H2AC8,-11.543358898255294,-11.890113618255619,-11.820069125641357
H3C6,-11.704135807355767,-12.335511500921445,-12.089052062725068
H1-3,-10.316184360129471,-10.274875158689047,-9.633069582413434
H3C7,-12.625175814559672,-12.758846207852855,-13.181668312090022
H2BC9,-12.433422982364187,-12.648906132953124,-12.712583516753767
H3C8,-12.352589733994503,-12.74911555530427,-12.616611574830138
H4C8,-12.136177215802034,-12.225386476735386,-12.668874108255824
BTN2A2,-11.778208231199365,-12.120412308471481,-11.753474911558952
BTN2A3P,-12.587534304821679,-13.062925070961466,-12.745085459752618
BTN2A1,-10.295597043484001,-10.473382449450309,-10.468149861867275
HCG11,-12.400119311651265,-11.927220317114744,-11.798719153880361
HMGN4,-10.418796738318463,-10.5211652689904,-10.441226083096877
ABT1,-10.710083361207683,-10.931786857463027,-10.74963981801424
ZNF322,-10.078954520778455,-10.101154370900025,-10.173496835370829
GUSBP2,-10.808622779119492,-10.706250633772038,-11.551535332079412
LINC00240,-12.947814821593619,-12.833018821565885,-12.575409114302103
LARRPM,-12.325841071066284,-12.350829367669169,-11.581597840908751
H2BC11,-12.994184541492126,-12.763076533531859,-12.946158616082108
H2AC11,-11.868267356907154,-12.189584825218551,-12.460745726328929
ENSG00000290032,-11.222909005354895,-10.801817855801,-11.482530107274975
H2AC12,-11.246398414339241,-11.607221626035466,-11.501504610236077
ENSG00000291112,-10.754586702602774,-10.82523610957446,-10.512092701937746
ZNF391,-11.985589052407747,-12.063021855773504,-11.77964881705195
ZNF184,-11.648050053274554,-11.544552403964529,-11.737954013335242
LINC01012,-12.394787765755883,-13.036365002641306,-12.65916352563431
H2AC14,-12.198881754456112,-12.022319077999287,-12.050157027042403
H2AC15,-12.49547472542212,-12.301316495999632,-12.611160769346327
H2BC15,-12.557551583352657,-12.158182570670972,-12.609718379630461
H1-5,-10.129402121550413,-10.265400320736093,-10.20048024396536
H2AC17,-11.490143945393214,-11.775347931477777,-11.70917397067241
ZSCAN16-AS1,-10.52975667048632,-10.419961064822063,-10.564700253418032
ZSCAN16,-12.125760338011798,-12.632825694891526,-11.91459528013426
ZKSCAN8,-10.15853587808756,-10.05907586647971,-10.219779311228496
ZKSCAN8P1,-12.759416417865918,-12.625204951575919,-13.103941445126246
ZSCAN9,-11.165067736918733,-11.012852467242878,-11.155557742274938
ZKSCAN4,-12.059411724235336,-12.461314667280169,-12.092303645334741
ZSCAN26,-10.608180705439386,-10.69366780724191,-10.871040125796885
PGBD1,-10.567862857817326,-10.625893981803731,-10.657517596744455
ZSCAN31,-12.338974460402074,-12.342513510625041,-12.49252885088856
ENSG00000290051,-12.959412144661604,-12.503086003414321,-13.063519502149608
ZKSCAN3,-11.703328345430423,-11.565780358245604,-12.018301255013164
ZSCAN12,-11.178814683776613,-11.22332289664744,-11.287828172705957
ZSCAN23,-11.071889855547136,-10.904015471739429,-10.96860945382988
SCAND3,-11.6117998106418,-11.617670069885504,-11.514886108482775
TRIM27,-9.7882424234189,-9.841913990212946,-9.85860818381725
GABBR1,-9.668971168958864,-9.480336633996933,-9.493166627159944
ZFP57,-12.703010343270783,-12.985764542341798,-12.786120611404385
HLA-A,-10.122911406215708,-10.68643677430508,-10.385722200814152
POLR1H,-10.787194594698006,-10.765435414962687,-10.613672306188581
PPP1R11,-10.84781328947697,-10.846164013085424,-10.918298974304783
TRIM26,-11.164652092112874,-11.13146057863824,-11.08369625046471
HCG17,-9.303507619369858,-9.422425383809585,-9.431672414705679
HLA-L,-12.71223129129866,-13.103400173085346,-13.148455062486024
HCG18,-9.631809757015398,-9.669769025755235,-9.807648921758284
TRIM39,-12.183302663932382,-12.043569800786397,-12.126248528491837
RPP21,-10.420643055874422,-10.500367359240506,-10.388827826233396
HLA-E,-11.741244075406891,-11.844498106330414,-11.886666673858869
GNL1,-10.933234147179112,-10.946261565946592,-11.08189272967126
PRR3,-11.057535137099142,-11.112841693819313,-11.15343766897157
ABCF1,-9.313228296745741,-9.395171015832874,-9.430425506111627
PPP1R10,-9.489530879227964,-9.373615185634165,-9.449482362948556
MRPS18B,-9.710866828776668,-9.75154672730882,-9.841890760158945
ATAT1,-11.280314099974134,-11.150762450098489,-11.22809565479622
C6orf136,-11.468123308471828,-11.462139516433853,-11.577126045198106
DHX16,-10.830454998609682,-10.836630231880475,-11.089401020861242
PPP1R18,-11.829929099097939,-11.82884325685989,-11.988549773553965
NRM,-11.840344357445733,-12.098592659735294,-11.769543666673702
MDC1,-10.642366242609862,-10.82243013307542,-10.906519237174003
TUBB,-7.616583289145763,-7.809885403733197,-7.901621390194956
ENSG00000272540,-13.096622479326413,-12.954827607212978,-13.092968570119666
FLOT1,-9.662900374510649,-9.773728701489954,-9.820540344094237
IER3,-10.966419688524955,-10.848920765287422,-11.131378093147317
DDR1,-11.194487937788379,-11.229855440528693,-11.497227027110284
GTF2H4,-11.61397252913974,-11.761251097636032,-11.43610735352058
VARS2,-12.621273782412786,-12.466065277100235,-12.624381352568241
CCHCR1,-12.080360947188769,-11.785259347686504,-12.06949184603385
HLA-C,-10.69479152680931,-10.963570535428664,-11.868859204840081
HLA-B,-11.509525539734904,-12.8774010213415,-12.445122895442557
MICA,-12.71164907463426,-12.663337718784748,-12.215463033033439
DDX39B,-8.648757670284091,-8.67492653976693,-8.700784697938987
ATP6V1G2,-11.429932649652281,-11.841261025452035,-11.325518792707138
NFKBIL1,-11.113236644894908,-11.246447503491536,-11.337603634363871
PRRC2A,-10.102764629587652,-10.145708919201585,-10.21641887829569
BAG6,-10.300469329116462,-10.404893602805425,-10.563631135463226
APOM,-12.468920845027812,-12.669402574649505,-12.540812671836232
C6orf47,-11.51522358048082,-11.417245462430584,-11.390473097169382
GPANK1,-10.657588382963837,-10.816706216862684,-10.99824377678328
CSNK2B,-8.862140483160562,-8.999882828327557,-8.929755735907339
ABHD16A,-11.376015634457232,-10.92844378215559,-11.120159567662707
DDAH2,-10.03531786021569,-9.840213295310747,-10.131277461829137
CLIC1,-9.070762109201688,-9.03392611219738,-9.063821929491755
MSH5,-11.144016419960598,-11.1307827428565,-11.398495047102388
VARS1,-11.2055082477672,-11.238321028636122,-11.428048541251988
LSM2,-9.746020778662237,-9.90279384035407,-9.728978136785072
HSPA1A,-12.560730925200225,-12.27942526270012,-9.946623604760964
HSPA1B,-9.974532058843426,-10.642384671991065,-9.885516166852211
SNHG32,-8.727649011822377,-8.80433373328891,-8.410183455721349
NEU1,-11.698032508654673,-11.600314864521257,-11.755707814893118
EHMT2,-10.06502749154902,-10.071748649732143,-10.186569776731304
C2,-12.637633287959524,-13.011738381042946,-12.983174171557808
ZBTB12,-12.327619818218107,-12.23197526428515,-12.459016999907382
NELFE,-10.3996363514772,-10.497117106125083,-10.44628392424616
SKIC2,-11.748957441157092,-11.731829678856998,-11.69587879244759
DXO,-11.883750916248855,-12.110879249957737,-12.089702490196423
STK19,-10.934862492567596,-11.0771865474721,-11.140378282246283
ATF6B,-11.015470211398197,-10.868839102009789,-11.33079639561459
ENSG00000284954,-12.985959178085622,-13.212551219252392,-13.05030119215473
PPT2,-11.710775596884567,-11.56263064673043,-11.906850686341059
EGFL8,-12.131696390064326,-12.322440131792519,-12.425485827016079
AGPAT1,-10.168065825018864,-10.21622591152932,-10.371224774723652
RNF5,-9.40858296360636,-9.623839069490787,-9.378366072075114
AGER,-12.987659042490108,-13.096495021368478,-13.016829355905546
PBX2,-10.419309634337216,-10.24126126016471,-10.440353176529259
ENSG00000289047,-10.981669055320776,-11.13433364617182,-10.98640574389957
HLA-DMA,-13.002268141776238,-10.952122134740257,-13.121220955522498
BRD2,-9.654740426168575,-9.698599716683788,-9.763645215624766
HLA-DPB1,-12.868335688825072,-12.607196490877971,-12.879191394291055
COL11A2,-12.065756856943569,-12.073815326017117,-12.075194830859388
RXRB,-11.614411410123845,-11.714272453717193,-11.887013699735405
SLC39A7,-9.515976692075784,-9.50209963995955,-9.718327573213223
HSD17B8,-11.64325599625399,-11.87220756586068,-11.88763725484014
RING1,-10.45359837152844,-10.526117491932027,-10.806398487803829
VPS52,-11.174417314920976,-11.310957330607952,-11.449474474659661
RPS18,-6.25946348452899,-6.451909384385069,-6.337276345966597
B3GALT4,-12.749291092452216,-12.674566186316596,-12.889028849171497
WDR46,-11.080758361192935,-11.230259451661164,-11.163526693369684
PFDN6,-10.10956459331409,-10.197201853674237,-10.158303240698267
RGL2,-11.664611609374214,-11.811219679158128,-11.595912874477529
ENSG00000289100,-11.83005184925515,-11.893797528163924,-11.861541054208832
TAPBP,-11.837551501834408,-12.071686989705288,-12.34173382701049
ZBTB22,-12.049461954224762,-12.120362748934525,-11.99314364221764
DAXX,-11.005397408141748,-11.039861683446645,-11.254053653274395
KIFC1,-11.258062197325131,-11.602110707851203,-11.716882578697453
PHF1,-11.365152503438559,-11.14290054150328,-11.32810107273489
CUTA,-8.621546432234613,-8.732030083204778,-8.685856058750211
SYNGAP1,-10.657926337960607,-10.663878377568492,-10.961185696279694
ZBTB9,-12.663405562038477,-12.806676201756453,-12.883224634971608
BAK1,-11.558977191751778,-11.733546077551527,-11.563303715113713
UQCC2,-9.453954478936037,-9.543248864562136,-9.469036261413923
LEMD2,-10.929931318540742,-10.977188136269008,-11.082577341388964
HMGA1,-8.595318754029481,-8.733906194498731,-8.69820358679596
SMIM29,-12.565054180239809,-12.241569095070718,-12.249609293029998
ENSG00000225339,-12.693739436120651,-12.44891733491154,-12.637863710478879
NUDT3,-9.002037107859433,-9.012812307621614,-9.068243828590605
RPS10,-6.70523665513835,-6.912078825495326,-6.74943348925631
PACSIN1,-13.01405320174313,-13.007021523361548,-12.338680119340186
ILRUN,-10.051654853000667,-9.956352762369145,-10.000948964079804
ILRUN-AS1,-12.417426596205836,-12.745469873730807,-12.517109752696289
SNRPC,-9.078070525569423,-9.31107919902117,-9.260597551365093
BLTP3A,-10.01683879438953,-10.097673621102992,-10.201898454985637
TAF11,-10.035663256144932,-10.111570010328318,-10.190284882923466
ANKS1A,-9.270076300605558,-9.34652421097878,-9.505648963586756
SCUBE3,-9.189345203445825,-9.540581849097924,-9.500470177940914
ZNF76,-10.768234040690027,-11.003848658672794,-10.93627025940982
PPARD,-10.989175529282637,-11.095880562457818,-11.004133129349562
FANCE,-11.777921136946144,-12.176250471383003,-12.138545407380292
RPL10A,-6.579023080153971,-6.737093960243583,-6.68493736703826
TEAD3,-10.273807883676366,-10.161096295540698,-10.505297932766261
FKBP5,-9.098983936527583,-9.352690907323078,-9.273617090939743
LHFPL5,-12.683608797160963,-12.83772323681563,-12.809051156637986
SRPK1,-9.400677694960883,-9.484825802117252,-9.372000200439754
MAPK14,-9.344165218449815,-9.321379086488294,-9.228717964751052
BRPF3-AS1,-12.367999634519508,-11.97841938176007,-12.000926966482862
BRPF3,-10.740641230608658,-10.752544783346643,-10.88029116805731
KCTD20,-9.920403362435154,-9.997000738495801,-10.083045240257428
STK38,-9.669551846100457,-9.59114913989029,-9.641130370181449
SRSF3,-8.201485107010619,-8.311795648050209,-8.3535953434035
CDKN1A,-11.519176591876477,-12.110173713870308,-12.164450188027624
CPNE5,-10.241745217403196,-10.345766005655806,-9.91741154644472
PPIL1,-10.014713765330518,-10.241549964554501,-10.055218648243486
C6orf89,-10.17652118681875,-10.092266287866739,-10.224278437755927
MTCH1,-9.099175780810905,-9.279933814981867,-9.205399219224521
PIM1,-11.475907169163012,-11.4525651981485,-11.952087696269889
TBC1D22B,-11.021895366628497,-10.84214728159941,-10.897429761113742
RNF8,-9.676038679090924,-9.849813896363834,-9.53730768738366
CMTR1,-10.867539560079543,-10.86377007583302,-10.924469016079387
CCDC167,-10.83731507492919,-10.882634342428721,-10.680359533720146
ZFAND3,-8.034964514742292,-8.012626086785685,-8.119214551544516
BTBD9,-8.77906656714708,-8.798459729220902,-8.991190268443633
GLO1,-8.827698973756066,-8.960018857479142,-8.941157621927909
SAYSD1,-11.449226150049823,-11.557478732526276,-11.495370588288072
KIF6,-11.539548956760832,-11.545672808827346,-11.287354434483792
DAAM2,-12.752965805472051,-12.242053757154766,-12.107787868194853
MOCS1,-12.130007928457555,-11.93872689052085,-12.098068472320243
OARD1,-9.792635150477238,-9.924080828989739,-9.941202826905894
APOBEC2,-10.31504534454992,-10.696379124197431,-9.753144386918812
NFYA,-10.978441707249273,-10.86044757432787,-10.904330250277514
ADCY10P1,-12.04617895420036,-11.839519456811987,-11.767171720151122
FOXP4-AS1,-12.463302402005784,-12.499661215712548,-12.817618550374414
FOXP4,-11.402629995597895,-11.233875733493278,-11.75869647466888
MDFI,-11.008260899892193,-11.231505498243786,-11.122340780366645
TFEB,-11.525569490402392,-11.680687804585352,-11.375008326211331
FRS3,-12.808614763406739,-12.891883333013064,-13.070615618013084
PRICKLE4,-13.032683966647065,-12.547932567761654,-12.99738473668386
TOMM6,-8.844865413359383,-9.020011540585525,-8.983039301271264
USP49,-10.482709204541395,-10.369740932216255,-10.671517839609086
MED20,-11.599663891396213,-11.562066451119133,-11.760536376415248
BYSL,-11.415973305980513,-11.540433693567527,-11.634342695504188
CCND3,-11.323002735265545,-11.547926934443447,-11.83524499900887
TAF8,-10.81735788748693,-10.838863610970478,-10.979223265432063
MRPS10,-10.106555663612232,-10.209318095213526,-10.288416610413808
TRERF1,-9.748969037517497,-9.886845592285868,-9.807300217999376
UBR2,-8.883754564364914,-8.926026065999723,-8.964527011141481
TBCC,-10.974949008529162,-11.010871432038336,-11.155115051876916
BICRAL,-10.32305165472214,-10.316845260900614,-10.540321151659974
RPL7L1,-8.91941308712243,-9.09487589154618,-9.06042050412768
C6orf226,-11.584457617918437,-11.838281810566748,-11.736228260645731
ENSG00000287825,-13.062522589321903,-12.951244015382455,-12.788306559538876
CNPY3,-10.754426031693352,-10.77689779934957,-10.727042134064233
LINC02976,-12.167130173776753,-12.18235845338127,-12.574656499411867
PEX6,-11.547823320918717,-11.642359712230135,-11.686834360409378
PPP2R5D,-11.126800155252264,-11.409134756968704,-11.207057483430074
MEA1,-10.036500254925583,-10.208762958849888,-10.127442303551232
KLHDC3,-9.680810626779026,-9.671093039471682,-9.868276481800844
RRP36,-9.993631042548467,-10.102240177896125,-10.130949693375943
CUL7,-11.405366958343032,-11.388515712662029,-11.47672420425482
KLC4,-11.138014133333872,-11.260601204527521,-11.350190585531518
MRPL2,-10.392633075438173,-10.558111943137915,-10.359136425284634
PTK7,-10.253992119381204,-10.199050693285818,-10.57618995052317
SRF,-10.257986409337759,-10.374336726283882,-10.346613094658924
CUL9,-11.592580354675512,-11.445102772311747,-11.770127114720278
DNPH1,-9.777698925800513,-10.003791210517507,-9.76431051287125
ZNF318,-10.327239898033783,-10.210201947497374,-10.317901252650538
ABCC10,-11.67827722812361,-11.746863450440477,-12.002003363827304
TJAP1,-11.55360613648505,-11.445315736505414,-11.4800275870212
POLR1C,-10.555646468972132,-10.252640723290552,-10.677240184040029
YIPF3,-10.345680929235748,-10.395308154219968,-10.439741823451778
XPO5,-10.213435527109327,-10.234528767755096,-10.292496059454457
POLH,-10.95576482393049,-11.166851223991555,-11.577550439335702
GTPBP2,-11.641854838025584,-11.914892430381407,-11.70197502124261
MAD2L1BP,-11.260624899498637,-11.154097371605298,-11.183881845912074
RSPH9,-12.757322149858737,-12.659952815851405,-12.367885901756978
MRPS18A,-10.655462381198838,-10.695440892618551,-10.618858651452092
VEGFA,-9.46118314844595,-9.403724325938189,-9.120877378524915
SCIRT,-12.632571027481966,-13.186574070826426,-12.470656774915508
ENSG00000287562,-12.282887687880159,-12.088628400449615,-12.150389496599074
MRPL14,-9.542424732743244,-9.687956416171334,-9.387110822822594
TMEM63B,-10.733895677204973,-10.864878293573948,-10.990405044002504
SLC29A1,-11.331495887015338,-11.221991521237648,-11.463466746468342
HSP90AB1,-6.326469573220441,-6.492698798129493,-6.353049987606469
SLC35B2,-11.497076204664213,-11.490102025120171,-11.605479337076961
NFKBIE,-12.912412070377522,-12.93104742860597,-12.668649091328291
AARS2,-11.49579916675795,-11.565530893792047,-11.604402170176366
CDC5L,-9.116146939023938,-9.161013711686579,-9.192363579154307
SUPT3H,-8.357272016289231,-8.247467445562133,-8.239467576751569
RUNX2,-11.797316275708141,-11.828419371998898,-11.83428599266173
CLIC5,-9.857835450841945,-9.961551137543658,-9.998349206036426
ENSG00000231769,-13.236820751609597,-13.182691405760897,-13.162165329780068
ENPP4,-11.390474520493276,-11.17732404949391,-11.457504044551698
ENPP5,-12.310060473034463,-12.240435193514406,-11.831420087255623
RCAN2,-8.491791660949241,-8.641344738786024,-8.359726135846916
CYP39A1,-10.893815363431314,-11.104211114608004,-11.045143431154182
SLC25A27,-9.978322003252075,-9.966193354204348,-9.955389140426488
TNFRSF21,-11.632117395533847,-11.5812406539903,-11.033513837820095
CD2AP,-9.145353387708694,-9.150565123871687,-9.188688200984734
PTCHD4,-10.706769103999296,-10.820078492904154,-10.483414418215828
MMUT,-10.481851585262591,-10.338213438882251,-10.46971968503127
CENPQ,-11.367598207358622,-11.60081890157622,-11.566130058497476
MCM3,-9.724729727522877,-9.928514368334577,-10.044308794713459
PAQR8,-11.489760153496427,-11.6915532311464,-11.545647620809923
EFHC1,-10.520451003809262,-10.583576233784237,-10.599175866682712
TRAM2,-10.863179776455272,-10.734007224142845,-11.325517791134953
TRAM2-AS1,-11.31550526227778,-11.298399537353031,-11.455952323320016
TMEM14A,-11.281445627693452,-10.947488937746941,-11.181118504753726
GSTA4,-10.225566717423074,-10.208443920611133,-10.208998480013172
CILK1,-9.856626766855536,-9.977611978168381,-10.25801099250142
FBXO9,-9.032093921651972,-8.977987867924291,-8.99197373230968
ELOVL5,-10.278391057920347,-10.035935912374518,-10.150800052480989
GCLC,-10.4094826550286,-10.165264829708175,-10.23452138543434
KLHL31,-11.007462062620668,-11.017078087782075,-10.352167345683595
ENSG00000227885,-10.984553212153289,-11.014553525199808,-11.15132010027198
LRRC1,-10.398285864022732,-10.416765548895441,-10.504913040391827
MLIP,-8.583176863449768,-8.770999225566271,-9.418784355570017
FAM83B,-11.590604032427768,-12.511537642981121,-11.551494063002867
HMGCLL1,-10.651383135835808,-10.775889402758692,-10.367354575084127
BMP5,-7.070761625563377,-7.614248246248,-7.112805192215178
COL21A1,-11.213385571599643,-11.289881480415042,-10.926111342373227
DST,-7.9344351171210175,-7.887839863365448,-7.641667883814349
KIAA1586,-9.718899301471223,-9.746664476375928,-9.656996200121503
ZNF451,-9.291130539067291,-9.250064090084905,-9.32975357988044
ZNF451-AS1,-12.165091897370333,-11.871799872102976,-11.889568949663992
BAG2,-10.191419439807058,-10.18766120476281,-10.230075085380061
RAB23,-10.845296795843865,-10.935638873087711,-10.927427476314477
PRIM2,-9.98657143283018,-10.024863733526134,-10.115713815962978
ENSG00000272316,-11.512942115828627,-11.382528176119006,-12.058944530356184
LINC00680,-11.523272519249117,-11.39501978979576,-12.118291222233074
KHDRBS2-OT1,-13.209421271944965,-12.62776317791222,-12.24681173261702
KHDRBS2,-10.19357719490171,-9.781079830732697,-9.54550211241511
PHF3,-8.188802532362079,-8.257246542849732,-8.356476488356739
EYS,-12.032055259394918,-11.935375160613448,-11.846906693147808
ADGRB3,-9.811765510677237,-10.098215073847387,-10.24618371387903
LMBRD1,-9.89123792585264,-9.823609962768431,-9.929314438603393
COL9A1,-11.371533693136913,-11.576492070857203,-12.460675374029357
FAM135A,-9.38133335476812,-9.341195508041645,-9.351896627171783
SDHAF4,-11.134313943296178,-11.162069512939853,-11.01865335508777
SMAP1,-8.992935765510774,-9.129037699729842,-8.978688961798076
B3GAT2,-11.893697990988654,-12.214677128292736,-12.482904378544227
LINC00472,-10.012555975080778,-9.933131020737438,-10.12063562117206
OGFRL1,-11.31359300373325,-11.40845001447092,-11.403305626852392
RIMS1,-12.422477570812365,-11.819520692683838,-12.468345594176752
KCNQ5,-5.631604646007871,-5.973517028300182,-6.196511129198252
KHDC1,-12.0215202421965,-11.948018221505531,-11.691948563688266
KHDC1-AS1,-10.90710781856089,-10.868272497693948,-11.017923496625652
OOEP,-12.21758547029481,-12.353433732548961,-12.41821178124438
MTO1,-11.474084446613318,-11.578212903268287,-11.57928668221497
EEF1A1,-5.133450166164906,-5.230946086846031,-5.19613019319685
SLC17A5,-11.442561706467412,-11.262067164185558,-11.59240191608419
CD109,-12.542593703410478,-12.64210832450667,-12.349221694674535
COX7A2,-8.324780444082148,-8.453339702531483,-8.283771059926165
TMEM30A,-9.614851917604613,-9.69574235767587,-9.870307037104686
TMEM30A-DT,-12.671212336339345,-12.765153159009843,-12.856777537105014
FILIP1,-7.0619654007460495,-7.038786753878786,-7.232770386959273
SENP6,-8.033848947781035,-8.08008504140758,-8.15598934689138
MYO6,-8.989997192123036,-8.901073828323328,-8.815005367030945
ENSG00000271945,-10.231454206301018,-10.991258524765886,-11.185648439507217
IRAK1BP1,-9.758618456650268,-9.583872511440322,-9.459252516873093
PHIP,-8.200508729145042,-8.154965120235804,-8.389244410825754
HMGN3,-7.8693971971302945,-7.894563092738848,-8.005823508014448
HMGN3-AS1,-13.077880418135582,-12.953634327779305,-12.910439026501315
LCA5,-10.988203266157377,-10.696570378134057,-10.894613584193007
ENSG00000287811,-11.433459221249608,-11.004484013906666,-11.072595042436221
SH3BGRL2,-10.485110002908726,-9.977236875216223,-10.291804464319803
ELOVL4,-11.274330661100135,-11.06102490372136,-11.235290429937578
TTK,-10.744135853764131,-11.518328192756304,-11.547580160062711
BCKDHB,-8.613233668199053,-8.564593975267686,-8.663319525876867
ENSG00000233967,-11.518899012102889,-11.442923532254753,-11.85562214711588
TENT5A,-9.615486912784862,-9.557125008808772,-9.46281770622624
IBTK,-9.304194788180606,-9.374128213227456,-9.393218447734665
TPBG,-11.965445624476807,-11.412655481485569,-12.649163969671172
UBE3D,-9.245474350046056,-9.227085642113972,-9.201914520234933
DOP1A,-9.249087151407576,-9.251470851475526,-9.3435536686579
PGM3,-10.040371239808042,-10.046377736367926,-10.094397163493404
RWDD2A,-11.419445733910148,-11.206544010132587,-11.33460695778019
ME1,-10.88468361531566,-10.771151249405476,-11.355070614148532
PRSS35,-9.883594091250211,-9.50449660033075,-10.216972464092136
SNAP91,-9.423678070713448,-9.562999223999833,-9.740301683326537
CYB5R4,-10.648437573348824,-10.578031386237537,-10.794595721945607
MRAP2,-11.95576540669345,-11.732048911825053,-11.676437787217854
CEP162,-9.630769118942341,-9.608093099888546,-9.75014128374334
TBX18,-12.111861598040361,-12.901493254645139,-12.228290246531769
SNX14,-9.210663669606632,-9.226010735977518,-9.382729449834343
SYNCRIP,-8.7069194317824,-8.826350481021368,-8.831695018606402
SNHG5,-8.554360394360028,-8.890551552272427,-9.293924615910468
HTR1E,-11.91728249409743,-13.060719846815001,-12.023219436521872
ZNF292,-8.043681170974773,-8.13448934281043,-8.140526403106229
SMIM8,-9.456876494879445,-9.695410779314262,-9.365915436656136
C6orf163,-12.403600622441349,-12.955997742708705,-12.436339359611242
SLC35A1,-10.474462950071235,-10.402778934957297,-10.558766439623192
RARS2,-9.367432955276785,-9.346126961397054,-9.48105245673997
ORC3,-9.637262235140485,-9.712041599592263,-9.753497042817195
AKIRIN2,-9.763561829967964,-9.860286847886744,-9.995454179703279
RNGTT,-9.392521978803776,-9.37128672838519,-9.462454306177385
PNRC1,-7.901701099013068,-7.909993875078551,-7.929569814728732
SRSF12,-10.629833637287323,-10.673816390659907,-10.904413246638184
PM20D2,-10.582846215625114,-10.807023270163677,-11.005228688965385
GABRR2,-13.166260520951266,-12.907967476923464,-13.026169504403105
UBE2J1,-9.66087032360865,-9.728732586229507,-10.060293031642583
RRAGD,-9.42454744459036,-9.621077868768397,-9.564489936363303
ANKRD6,-9.752300541635677,-10.128981830198809,-10.250692746155352
LYRM2,-9.694501144879997,-9.712585301886397,-9.714222445432313
MDN1,-9.379281742680465,-9.358486191727847,-9.4906458432372
CASP8AP2,-9.891384454163404,-9.854819605783229,-9.978622034780349
BACH2,-8.966021317876452,-9.080103880101841,-9.119635540345481
MAP3K7,-9.439541298748356,-9.392728149679233,-9.601959099820489
EPHA7,-8.29830169244592,-8.04514531784722,-8.319299112994774
ENSG00000287683,-8.588593899969936,-8.989767382286386,-8.661272157248002
ENSG00000288085,-11.162060835001435,-11.953674425238935,-10.794133205244153
MANEA,-10.799145543842279,-10.707212277355058,-10.896688174035585
UFL1-AS1,-11.390305174258174,-11.595943690056137,-11.113058226296852
UFL1,-9.319036875865452,-9.392832320163341,-9.299096706401116
GPR63,-12.273549577039569,-12.538825596656933,-12.071004497275034
NDUFAF4,-9.899403422091861,-9.96007285219958,-9.671523027651949
KLHL32,-11.96743985147023,-12.401967324770087,-11.974703905208719
MMS22L,-9.598885001957953,-9.874071685744322,-9.99863294517587
ENSG00000271860,-12.211973807305078,-12.271804790029847,-11.974444255745183
FBXL4,-9.66653850641558,-9.809866644072818,-9.778062654901737
FAXC,-12.5274411841929,-13.170046942394826,-12.994890566384948
COQ3,-12.343432161452304,-11.973352795990579,-12.08361249968739
PNISR,-7.930561029047551,-7.884543480734399,-7.889925659899512
PNISR-AS1,-11.871353739792081,-11.743365576510717,-11.832912658052292
USP45,-10.181384723660488,-10.164899825250776,-10.052797707779053
TSTD3,-9.753428096605015,-9.597674969620817,-9.912459992836679
CCNC,-9.665741064347735,-9.687208913660637,-9.656819535988632
ASCC3,-8.357385239665506,-8.644725264018156,-8.749486820653846
ENSG00000260000,-12.72985194972343,-12.852462190521695,-12.816435415066426
GRIK2,-10.675299037981448,-10.670007085325022,-11.677776272622973
HACE1,-10.033113492083249,-10.107851856645405,-10.154777599550886
LIN28B-AS1,-12.485266215931624,-12.469071347277232,-12.824531791981846
LIN28B,-8.85921634833929,-8.876807471610489,-9.041322877895745
BVES,-9.279449969202705,-9.129825272099549,-9.0160274593649
BVES-AS1,-11.036606106509883,-11.349454383545229,-10.981345855387456
POPDC3,-9.59522201859568,-9.740579919004377,-9.329061445929566
PREP,-9.687057620625245,-9.725265027190268,-9.56280200937436
ENSG00000286084,-12.909836325972652,-12.291399947342324,-12.7180827178107
ATG5,-9.475936178940506,-9.446157030560856,-9.433413141180122
RTN4IP1,-11.296313868968168,-11.101814934873197,-11.347185518058769
QRSL1,-10.115472738071581,-10.103038037855095,-10.234007614752382
CD24,-9.280878361822305,-8.943748118618595,-9.438968332114664
MTRES1,-10.496771751026115,-10.628104528750605,-10.409051710917804
BEND3,-11.758197978994144,-11.778399456673752,-11.986709550730021
PDSS2,-8.93161179281892,-8.991843077228067,-9.081158667378384
SOBP,-8.161797396108378,-8.56529338051668,-8.180242532916214
SEC63,-8.971126392830497,-8.928864670678564,-8.964730016826639
OSTM1,-10.290275451756925,-10.160837959725571,-10.508439967786854
SNX3,-8.6837762551621,-8.734758475714392,-8.573681501691283
AFG1L,-10.295285224840526,-10.343893845741686,-10.340894482549045
FOXO3,-9.735856046310126,-9.66681072102535,-9.790955508253493
ENSG00000286511,-13.252009629042782,-12.63209352284662,-13.056149405913882
ARMC2,-11.01312245179759,-10.761908937870285,-10.750798829397624
SESN1,-9.57687127975848,-9.642881882126277,-9.705500603515125
CEP57L1,-10.09588848244824,-10.089624621779885,-10.240446369060907
CD164,-8.797160279063196,-8.74584700909643,-8.893571781748491
PPIL6,-11.325225538569063,-11.145835228864453,-10.955299438157137
SMPD2,-13.14670637416474,-12.94698526929314,-12.717892857465241
ZBTB24,-11.08737819427523,-11.097028233952093,-11.20414168211155
AK9,-10.401641019970553,-10.309440457914762,-10.560464223041212
FIG4,-10.653219943175474,-10.612766562658503,-10.664325969008534
WASF1,-8.900769287133157,-8.87145500420796,-9.406162756442317
CDC40,-9.545565635875226,-9.578643597520799,-9.790814078176666
METTL24,-10.09173810348234,-9.991574268214249,-11.020557511962181
CDK19,-9.300141205118114,-9.427382423426609,-9.570559775119087
AMD1,-9.634954131709414,-9.606558800238666,-9.598862459051217
GTF3C6,-9.517138907187341,-9.579855094270126,-9.527755628422504
RPF2,-10.170380137438377,-10.29767272459595,-10.095660065395306
SLC16A10,-9.806646630347243,-10.084456519934347,-10.452005483123493
MFSD4B,-9.877691173656993,-9.8064689917761,-9.93761722680734
REV3L,-8.154292610739903,-8.12536660811965,-8.461338685686705
TRAF3IP2-AS1,-9.025364306883473,-8.981396791573186,-9.228923768252757
TRAF3IP2,-11.368528762230541,-11.371463179696065,-11.489674963934075
FYN,-9.208477117144396,-9.116488932099651,-9.32147517311165
TUBE1,-10.699999691691422,-10.905791159791978,-10.85176989598145
FAM229B,-10.603529416265257,-10.486847916872547,-10.569769128612776
LAMA4,-8.27293963977615,-8.664192958741122,-8.617796622029665
MARCKS,-9.839629292986448,-9.858256255075883,-9.487468932568929
HDAC2,-8.252609557613752,-8.465194960576984,-8.305065504428082
HDAC2-AS2,-9.696701831499587,-10.06451683706383,-9.914337446429219
HS3ST5,-9.125551056512123,-9.70368650370461,-10.162486466024943
ENSG00000287097,-11.951611762853044,-12.236010525734072,-10.374922720451476
ENSG00000289376,-12.948255238926281,-12.430289452361063,-11.879194645384834
NT5DC1,-9.051409102864278,-9.185605569232976,-9.082679272862999
TSPYL4,-10.334175473884383,-10.438580704138607,-10.39660547997982
DSE,-9.607829171615652,-9.511097179972348,-9.83816781652444
TSPYL1,-10.464920126002472,-10.471834397077272,-10.60980164577064
CALHM6,-12.312316003367123,-12.808301223435148,-12.587457153056958
RWDD1,-9.049964435033505,-9.178490684032768,-9.061247656302006
ZUP1,-11.04848803242916,-11.088938340728292,-11.209284678654377
KPNA5,-10.12701069036618,-10.054916257386525,-10.171019788294986
DCBLD1,-11.424479444253164,-11.485853675353503,-11.572928064909556
GOPC,-9.205174148502751,-9.888758435055898,-9.21462041881503
NUS1,-9.984245941899719,-9.912200197970414,-9.976688189071602
SLC35F1,-8.351798989040024,-8.345365960466339,-8.681772581370046
CEP85L,-9.627392996688899,-9.55911731351862,-9.555122155156324
PLN,-7.558817713645289,-7.749389518663625,-7.446038759479318
MCM9,-10.1806993654076,-10.102115405484493,-10.173077541836335
ASF1A,-10.504546824657597,-10.674292604932887,-10.63322614624852
ENSG00000253194,-11.265685384496615,-12.232097604010432,-11.255879976379243
FAM184A,-9.753066764800401,-9.549431759072446,-9.76433109983507
MAN1A1,-9.20788779175665,-9.497871686950136,-9.053804463988987
ENSG00000287100,-10.729935090424647,-11.339368994042255,-10.676356645442786
ENSG00000286540,-12.515668604784091,-13.231016452915329,-12.366266441105774
TBC1D32,-9.840945448761998,-9.814752621329996,-10.06598699578509
GJA1,-9.780831206508212,-10.808121771195552,-10.78225061007245
HSF2,-9.870513550268884,-9.832693595981551,-9.874442720625163
SERINC1,-8.93286486247421,-8.903740424987078,-9.13180127511095
PKIB,-12.27919432925506,-9.670651945734166,-10.732716933629089
FABP7,-13.10796676677789,-12.914320589519175,-13.319403402476024
SMPDL3A,-11.666756632734778,-11.54127409408632,-12.22529417161444
TRDN,-7.3269404495346695,-7.345551822725333,-7.472273592402615
TRDN-AS1,-9.160356939220106,-10.221973719313642,-10.642509246880428
ENSG00000285941,-12.10344918495664,-12.025851407216852,-12.130415443942377
NKAIN2,-9.102747769452657,-9.944530878625848,-11.232891906352874
RNF217-AS1,-11.404257370315888,-11.739684148704042,-11.8866190727233
RNF217,-9.158034386312348,-9.348300689071811,-9.530615478144673
TPD52L1,-9.468960383173124,-10.128827097699588,-9.70084828951257
HDDC2,-9.415680478949568,-9.711577415468684,-9.473816048714687
HEY2-AS1,-9.631796979963347,-10.480126248285975,-10.393871814124093
HEY2,-8.962979045842117,-9.980211106466195,-9.638599223128217
NCOA7,-10.256460910482245,-10.831686739562334,-10.596041390378867
HINT3,-10.375568394176566,-10.419962602258755,-10.530979585507207
TRMT11,-8.84041616324486,-8.842484858769067,-8.845146264275897
CENPW,-11.024314259249746,-11.554105587533225,-11.233528045305343
RSPO3,-9.583045082073314,-10.218828149671397,-10.479655912391706
RNF146,-10.209760388679781,-10.03277425640585,-10.11714013658155
ECHDC1,-9.265947405608458,-9.343231536642389,-9.409276586612531
C6orf58,-12.982558242322305,-13.063156177914507,-13.043896140071897
PTPRK,-6.784605205255846,-6.985458789053432,-6.702843837903953
PTPRK-AS1,-12.669934809895778,-12.795332735080668,-12.342769243337923
LAMA2,-7.179795868589218,-7.869872051275972,-7.380637173680581
ENSG00000226149,-12.687288220465657,-13.181642715330131,-13.001196077805727
ARHGAP18,-12.714886885348518,-12.700661127124913,-12.598430227825537
L3MBTL3,-11.276863193819878,-11.066167970375604,-11.22286784093385
EPB41L2,-9.289436800961148,-9.515018501149772,-9.903423060559037
AKAP7,-10.58998552301051,-10.43578988025323,-10.423002202681559
MED23,-10.056854362739413,-10.110825798904695,-10.181830522210568
ENPP1,-12.2583727245618,-11.992329777006294,-12.263745868862989
LINC01013,-10.410408051237159,-10.224932217205984,-10.72028558423598
CCN2,-9.74799659392825,-9.0794732839233,-10.76752134192375
MOXD1,-11.876740516727414,-11.380074084687894,-11.804364305204535
STX7,-9.811826916216834,-9.767552688917899,-9.783009290322928
SLC18B1,-11.13369594588483,-11.725223471497479,-11.068330127420028
RPS12,-6.271932746410873,-6.436610261004994,-6.393839342174162
TARID,-12.634889955364484,-12.522594279416916,-12.74798148677789
TBPL1,-10.97088043677015,-11.112064381686116,-10.923085531037723
SLC2A12,-11.564082867027393,-11.651614158210577,-11.909805226070347
ALDH8A1,-12.48336910260979,-12.662671100333453,-12.251404127766484
HBS1L,-9.481144852823814,-9.519836285002993,-9.468682456597936
AHI1,-9.25314387902977,-9.42834557062573,-9.1843860405707
AHI1-DT,-11.072033444371202,-11.490646163928137,-10.98259377026668
PDE7B,-12.334347178518161,-13.090322741150066,-12.87792465736701
BCLAF1,-8.220061826275257,-8.23505817567788,-8.396289739071683
MAP7,-10.453466644331387,-10.796962035795591,-10.046110429357194
MAP3K5,-11.119780877043961,-11.699267791058173,-11.113445786338302
PEX7,-10.81028360892284,-10.746626280405264,-10.658969978118336
IFNGR1,-10.265469296275057,-10.235504847606112,-10.245337786377027
WAKMAR2,-12.107563658688957,-11.224084653646564,-10.6974201673724
TNFAIP3,-12.584046282636413,-12.076861988087309,-11.717161196332395
PERP,-9.081219152986138,-9.130349103130879,-9.169120388420854
ARFGEF3,-11.86518864313547,-12.530670246690747,-11.256127556361772
HEBP2,-9.346001904990558,-9.629958200474828,-9.309674862028164
NHSL1,-9.277952723646063,-9.707689276218229,-9.629293825577482
NHSL1-AS1,-12.485411594532145,-12.514807603439627,-12.727467517811696
CCDC28A-AS1,-11.978197506415412,-12.589171048143715,-12.867829514406413
CCDC28A,-10.881549639928268,-11.238771897085085,-11.197986778612975
REPS1,-9.36085450265583,-9.428991602348646,-9.437799922753422
ABRACL,-10.370044413744829,-10.564426980371257,-10.665633625055547
HECA,-10.8784721772367,-11.069188270828796,-11.101259570404585
TXLNB,-10.782314959913588,-10.174648789009018,-10.7346482912249
ENSG00000226571,-12.083045586347255,-12.315052757324835,-12.340225956382106
CITED2,-8.757360303174755,-8.932616535949744,-8.868589572778031
VTA1,-9.548707153758961,-9.54051073415926,-9.547298412013342
ADGRG6,-10.355060347820322,-10.350972578900555,-11.328932805361488
HIVEP2,-9.425450759856133,-9.507642519317836,-9.692312048366237
LINC01277,-12.063877814704357,-11.914569554010889,-11.579177219478478
AIG1,-9.290708395488014,-9.272934487836551,-9.13268132821818
ADAT2,-11.125383309307184,-11.086475200120953,-10.97126028677956
PEX3,-10.256256434385977,-10.402256571740624,-10.340148074099833
FUCA2,-10.679221381523043,-10.406893140773725,-10.577916422759948
PHACTR2,-8.508414094004866,-8.557603925922821,-8.78323037624578
LTV1,-10.393649176874092,-10.407917233014846,-10.361121869676168
ZC2HC1B,-12.868988302988871,-12.395629945545155,-12.452786899006039
PLAGL1,-10.151090158098853,-10.141755278340916,-10.670307834638761
HYMAI,-12.017339949721853,-12.094362138472817,-12.613728525979157
SF3B5,-9.098790076882146,-9.336472586867663,-9.116201410042976
UTRN,-7.898859585248244,-7.896989063492498,-8.254357529279083
EPM2A,-9.897168447842757,-9.656976927834979,-9.737861759149819
FBXO30,-10.397533902714699,-10.296898382863198,-10.368794436313099
EPM2A-DT,-11.133695190731117,-11.032176281708127,-10.735794252124599
SHPRH,-8.737073178398495,-8.733799202424471,-8.76508965836244
RAB32,-11.364725280419313,-11.67626239599987,-11.412194462924726
STXBP5-AS1,-11.80398475093033,-12.138433034927994,-12.318659131917222
STXBP5,-9.394272065749792,-9.533762177078104,-9.545028126716543
SAMD5,-10.683241790897545,-11.298256788578886,-10.845432218997741
ENSG00000227681,-10.831607242922614,-11.616560380658132,-11.036994549211196
SASH1,-9.637487007440347,-9.811203094151422,-9.787247456954955
UST,-9.81352748991154,-10.029756244103242,-9.873820442579506
TAB2,-8.699288011831474,-8.712007412048953,-8.795163448116309
SUMO4,-12.21754945828825,-12.162843950889638,-12.067391708534775
ENSG00000289045,-12.685565799703271,-12.778436013181853,-12.735198546779529
PPIL4,-9.200186620056003,-9.240187925054602,-9.358943259013685
GINM1,-9.38954267146675,-9.445858292078633,-9.549518096833756
KATNA1,-10.449712523673528,-10.605112783365705,-10.554151861777585
LATS1,-9.949350346374036,-9.943448685749619,-9.996106822288452
NUP43,-10.619363212317495,-10.779968612105503,-10.833444115391142
PCMT1,-9.435509697397235,-9.374304695377385,-9.365106608914685
LRP11,-11.64187623005702,-11.666480827605334,-11.526629315905458
ULBP3,-12.451355819816806,-12.580177571485436,-12.392099871259585
PPP1R14C,-8.66495857665736,-8.879360508375845,-8.409691483576498
PLEKHG1,-9.887896780985466,-10.339804863227364,-10.307123846339069
MTHFD1L,-8.966015259929497,-8.965481487670502,-9.009809259405808
AKAP12,-8.37163812184561,-8.48445890444349,-8.551297039890763
ZBTB2,-11.394319569169147,-11.438329837965906,-11.458961936273639
RMND1,-10.12282937031003,-10.305788824658558,-10.34922479487943
ARMT1,-10.087498807410567,-10.328537511142784,-10.286220216070713
ESR1,-11.245806436197617,-11.146467811221045,-12.436351279282793
SYNE1,-9.025504155516398,-9.09876581273585,-9.337122491030552
FBXO5,-10.459371015377563,-10.607978523257263,-10.804949252358384
ENSG00000227627,-12.160282574459737,-12.072690047214836,-12.17036597249923
MTRF1L,-10.262098886798523,-10.22199787346809,-10.199149236249294
RGS17,-11.915352073880083,-12.0250636367628,-11.935161117414442
CNKSR3,-10.22443642767999,-10.406634061854115,-10.351881096923918
SCAF8,-8.939885666437478,-8.92023935048182,-9.046410469094095
TIAM2,-9.397585394292046,-9.335312677430704,-9.6034098937646
ENSG00000235381,-13.112129387820879,-12.767656113250162,-12.976797884440511
TFB1M,-9.817131599510839,-9.955472585039466,-9.776070496372125
ARID1B,-7.8218977780833,-7.891449495241919,-8.052722907154488
TMEM242,-10.399990427300565,-10.410336866094559,-10.53358457035215
ZDHHC14,-10.365491291039774,-10.15575536276046,-10.50415080712951
SNX9,-9.391584939069086,-9.410558000225526,-9.43903508715614
SYNJ2,-11.14108107701029,-11.175265571700812,-11.56735964768321
SERAC1,-11.192255127050453,-11.066455080837494,-11.126187928740183
GTF2H5,-9.525471396944727,-9.598675179508538,-9.432019294365288
TULP4,-9.0717409972023,-9.02320327261536,-9.24991987876608
TMEM181,-9.468229921788174,-9.275104906341356,-9.653855929786898
DYNLT1,-8.70619701794801,-8.721494738791911,-8.785480810885835
SYTL3,-10.968450479599529,-10.913268780998672,-11.12345553456869
EZR,-7.630686845826856,-7.809629033748308,-7.571277639367905
RSPH3,-10.182590163185445,-10.200483867820962,-10.322480132251211
TAGAP-AS1,-11.653002570087263,-11.277594013183059,-11.35730923249208
ENSG00000286533,-11.65465611151044,-11.022882595926005,-11.54487496020411
SOD2,-9.323742088872276,-9.302554717440286,-9.274220759712579
WTAP,-9.203145578097784,-9.25102782969331,-9.267361750898338
ACAT2,-10.88335035721534,-10.942447273826703,-11.048803454767546
TCP1,-9.047857708061052,-9.165289538472589,-9.131114018186832
MRPL18,-9.9005862835678,-10.00853748705485,-9.974242240289218
IGF2R,-9.000127888999828,-8.944501610513306,-9.18746407682483
LPAL2,-12.673073920680258,-12.554620736413822,-12.626476034358708
MAP3K4-AS1,-12.598755735722596,-12.537437205473445,-12.63650883194909
MAP3K4,-9.420459420866766,-9.396053145717358,-9.541852333969238
AGPAT4,-9.581750539256744,-9.733920007727077,-9.6479710160955
PRKN,-8.355897449022061,-8.316441893635153,-8.351409154982894
PACRG,-9.85070013118487,-9.712435275619857,-9.713245189084546
CAHM,-12.077109504081188,-11.96756330786534,-11.853043034957862
QKI,-6.797308391558324,-6.951387642857077,-6.7054472171651325
PDE10A,-9.74388572495801,-10.379661822711965,-10.304863644772237
SFT2D1,-10.414418040388538,-10.377433146928713,-10.412273757122549
ENSG00000286760,-13.055851892338188,-12.683081160343972,-12.77094764846455
MPC1,-9.829316201104193,-9.933795738804838,-9.762267988190814
MPC1-DT,-12.731099433045658,-12.775752748290127,-12.67709126964202
RPS6KA2,-9.579120822977107,-9.727047161376614,-9.59644616800237
RNASET2,-11.234959550251729,-11.263368891289492,-11.21897148063638
ENSG00000227598,-11.248921565463021,-11.636276272375245,-11.897671189075242
CEP43,-10.022381922769998,-9.99295045798664,-10.19839266817568
ENSG00000287594,-12.19465710847096,-13.17580152450309,-12.553756217708388
AFDN-DT,-11.028033512939409,-11.427160853299114,-11.432995092614556
AFDN,-7.81597633045476,-7.950329141406013,-7.919289133174207
SMOC2,-13.00547413512281,-11.926420159163161,-11.989970308766738
WDR27,-9.710504733359864,-9.545291673501781,-9.759406068910149
C6orf120,-10.259638477035075,-10.171786591587905,-10.230125570329347
PHF10,-9.809387920997578,-9.844714106317582,-9.992629941083942
ENSG00000227704,-10.918492198939463,-11.193621548915859,-11.020145417069427
DYNLT2,-12.324233373489037,-12.34018828800303,-12.198844771536233
ERMARD,-11.239363071482202,-11.271710528574951,-11.219265368903876
DLL1,-13.10230326014539,-12.759044041646119,-12.801482516711543
FAM120B,-9.263798823938577,-9.152324674831245,-9.287686359685619
PSMB1,-8.511009768676198,-8.61290162597288,-8.514673800129446
TBP,-10.865899879589533,-10.899821399456627,-10.972849725047775
PDCD2,-9.74862816708891,-9.851179151910507,-9.885641923822108
LINC03015,-11.901463675374337,-12.557836542580622,-12.55573011600621
FAM20C,-12.346979949748178,-12.444682752321771,-12.625729582155572
PDGFA,-11.328945815054324,-11.289355469408159,-11.768261459424886
PRKAR1B,-10.696552217594537,-10.756494434826115,-10.832523626076282
DNAAF5,-10.56670642149839,-10.649447196673822,-10.701727419776908
SUN1,-9.553122303722965,-9.502408668831134,-9.576776613831308
COX19,-10.574919584867027,-10.495364704947574,-10.729368724727935
C7orf50,-9.708963218014043,-9.906637933395716,-9.797693958106935
ZFAND2A,-11.551557157531319,-11.663170734284922,-11.5557497093365
INTS1,-11.423313202715248,-11.674080620425675,-11.643009398914726
PSMG3,-10.498840126935486,-11.331300757062465,-11.465957221904297
PSMG3-AS1,-12.117328338342679,-12.613262679942224,-12.606467593016703
ELFN1,-11.670028047673043,-11.459263805771307,-11.44319983769931
MAD1L1,-10.150111164380306,-10.23597709419783,-10.269671938621523
MRM2,-10.643508045875972,-10.725735588596262,-10.667395002366684
NUDT1,-11.410491077830029,-11.779207783113453,-11.728080796560937
SNX8,-11.18847082990942,-11.306777257748587,-11.416527672426605
EIF3B,-9.606610105580454,-9.77516962260061,-9.616362568868606
CHST12,-11.038751997968872,-11.242498675199181,-11.197902643092876
BRAT1,-11.219811226894993,-11.21161898871977,-11.085003848445583
IQCE,-10.592359202224747,-10.463854964977667,-10.816861076705367
TTYH3,-10.830178480906772,-10.923207839086974,-11.035201356530385
AMZ1,-12.257962935222707,-11.847508385714637,-11.609045978167446
GNA12,-9.83375385173157,-9.617211100697476,-9.834279933034205
SDK1,-7.494361706723119,-7.566572189664691,-7.77677587337409
FOXK1,-10.42498507492416,-10.450253409556572,-10.524416146491488
AP5Z1,-11.959607132698823,-12.077416672890967,-12.038721388969817
RADIL,-9.887459318668736,-9.997137476914702,-10.174109912221644
PAPOLB,-12.294866134393116,-12.417040007116293,-12.89111701011965
RNF216P1,-10.032598111577153,-9.979953957754828,-10.020527337206595
RBAK,-10.571588324817595,-10.587227893328917,-10.712955962837617
WIPI2,-9.907482497407228,-9.933237285372124,-9.998781515454487
SLC29A4,-12.669999053809816,-12.718159600377081,-12.684090018614036
TNRC18,-9.430469538173242,-9.403176845315857,-9.736829037153335
ENSG00000272953,-12.571794095054136,-12.585796706724663,-12.270460991072094
FBXL18,-11.902683629044457,-11.857954282882536,-11.892679205374714
ACTB,-7.158333106792092,-7.298921769120703,-7.397105508521098
FSCN1,-9.566746967322729,-9.776629065636131,-9.767419357331116
RNF216,-9.28597009701399,-9.21091450630639,-9.372448632612615
ENSG00000291099,-12.838235876421976,-12.7161520953398,-12.677367444181781
CCZ1,-10.793718986985038,-10.966990976896774,-11.282187430339913
PMS2,-10.973882970119636,-11.280330988510354,-11.187533647383361
AIMP2,-10.049861784739656,-10.237147596240003,-10.199818222172455
EIF2AK1,-9.268061546075149,-9.430642779764828,-9.347500874093953
USP42,-10.419655295529113,-10.339396668442543,-10.508716935046218
CYTH3,-10.278447263094362,-10.224620046884612,-10.251142730237687
RAC1,-8.347775438020118,-8.54394256610791,-8.418456842704508
DAGLB,-11.753694465970657,-11.994543218661516,-11.926783863548991
KDELR2,-9.516029924614049,-9.557090328764378,-9.685822888264608
ZDHHC4,-10.679141211404302,-10.545561283525837,-10.490219041793877
INTS15,-11.127926675526197,-11.265787821624874,-11.295321190761783
ZNF853,-12.28332515282456,-12.105977665643255,-12.127221560757373
ZNF316,-11.80113132292582,-11.655647292007117,-11.78833550486268
ENSG00000228010,-12.588535908665763,-12.526249168868768,-11.907870831661102
ZNF12,-10.515957110335407,-10.502628833076077,-10.554660293590022
ENSG00000290835,-12.143693933310896,-12.043811756284006,-11.998496780669845
CCZ1B,-11.110030147828713,-11.079411449180762,-10.858333859782382
C1GALT1,-9.61026590633775,-9.758533172632767,-9.755775883620261
MIOS,-10.129639833682242,-10.21570166996718,-10.289976859280982
RPA3,-10.15905156205578,-10.468250926172942,-10.388377377004215
UMAD1,-9.687963395837704,-9.537848372608615,-9.77327855279711
GLCCI1,-9.577351911259678,-9.544583440491285,-9.133718236758424
ICA1,-10.008478260512913,-9.835981397851498,-9.871204344458796
ICA1-AS1,-12.024822693613434,-12.103511021113187,-12.486908760420292
NDUFA4,-7.384565592912046,-7.472658527458161,-7.391064950901751
PHF14,-8.634309464353704,-8.804145824658969,-8.750953939107024
ENSG00000230333,-11.59050643173311,-12.19071863119979,-11.163498645025369
THSD7A,-8.53580382031309,-9.088535762682683,-9.225727430301728
TMEM106B,-9.393367781973119,-9.31567926197068,-9.357316354851761
VWDE,-8.406704913366744,-8.023520392460316,-8.206693796039021
ARL4A,-11.462446700507735,-11.368829804224122,-11.060450830719361
ENSG00000229618,-12.943045609648706,-11.215746597333041,-11.324117455503163
ETV1,-7.856990383200822,-8.543257871954182,-8.768600512872784
DGKB,-11.457157166365024,-10.836960491961026,-11.59118713931997
ENSG00000286376,-11.97255663080381,-12.148205056070163,-12.902737422712208
CRPPA,-8.780886297684804,-8.958927792048364,-9.004187895436926
ANKMY2,-9.57913152312284,-9.51168553357392,-9.42137350757358
BZW2,-7.929645811065539,-7.863919286821776,-7.965493775634947
ENSG00000235837,-13.277840528353659,-13.197109021642982,-13.1984387181352
TSPAN13,-9.686704764422718,-9.905496891880153,-10.307454521793362
AHR,-11.529954292396356,-11.490929140740626,-11.042296912189896
SNX13,-9.219374229100112,-9.287601451381112,-9.341283006608174
HDAC9,-8.14206444590452,-8.223009432441874,-8.711114163944101
TWIST1,-10.493758762743333,-10.533101309453698,-10.7488537687509
POLR1F,-10.354879184808281,-10.523161969843242,-10.307338712053065
ITGB8,-12.488602387466077,-12.902527689513876,-12.295046714185675
SP4,-10.27624254645037,-10.265027972557446,-10.344912236519873
DNAH11,-10.161201369755203,-11.392976571165303,-10.626414864940276
CDCA7L,-9.655625806563494,-10.257345724528319,-9.902886775724864
STEAP1B,-11.923154199105658,-12.59821802246797,-12.355695020198315
TOMM7,-8.463537505858515,-8.44203103958718,-8.57052165447238
HYCC1,-9.688308708027341,-9.738129461500202,-9.82957519314423
KLHL7,-9.428444242621072,-9.436415851800511,-9.729603973077657
NUP42,-10.16213596413437,-10.011550076915123,-10.078390912860328
MALSU1,-10.307821000735675,-10.36621872085933,-10.313214527835166
IGF2BP3,-8.30949371969877,-8.383893317079902,-8.44651663772798
ENSG00000289109,-12.32647304371111,-12.943498462889373,-12.507952784897872
TRA2A,-8.493802286665796,-8.55833809280746,-8.592242476776548
CCDC126,-10.958716699851154,-10.87358544676653,-10.981886287148502
FAM221A,-12.203036832198244,-11.952729872018876,-11.540527297618585
NPY,-12.916660770955126,-12.437057628846038,-11.634137184471578
PALS2,-9.798439084226187,-9.426313008913997,-9.473855742807743
GSDME,-12.121197580927992,-12.18739229683821,-12.390173444068362
OSBPL3,-10.38776365311996,-10.358439811594065,-10.253099175353004
CYCS,-8.640238235077378,-8.618023206206987,-8.53428451184705
C7orf31,-11.861129987127534,-11.598665226593155,-11.870527278825982
NFE2L3,-13.105663311895439,-13.042958364911316,-12.582733130211075
HNRNPA2B1,-6.766581244676646,-6.931257116461255,-6.915315357530687
CBX3,-8.121265519508528,-8.229194826469222,-8.045498683117902
SNX10,-12.035522402232662,-11.954770748862284,-11.75044742710399
LINC02981,-11.521824864200292,-12.01756027213338,-10.792424958334822
SKAP2,-12.518502700073592,-12.333613539299874,-11.552045514307252
HIBADH,-9.207067261960344,-9.136612262900114,-9.205436564228307
TAX1BP1,-8.25860189465889,-8.380099088120717,-8.357978252761148
JAZF1,-9.15133798987928,-9.261741141137124,-9.561531181805943
CREB5,-10.170454537899882,-9.665532184849859,-10.512744077918933
CPVL,-10.038956730722468,-9.699254296339173,-9.57197806366982
CHN2,-9.64987992575667,-9.256053603317355,-9.594644382008317
PRR15-DT,-11.996865865589383,-12.228717404630455,-13.139517972644414
ENSG00000288973,-11.213917869722847,-11.328861155881626,-11.793606451065001
DPY19L2P3,-10.99129485281832,-11.340107625513934,-11.384255433945334
WIPF3,-10.48578571247961,-11.440170034194889,-11.112428538833322
SCRN1,-10.290461617695906,-10.325156952471788,-10.270039205752928
FKBP14,-10.42786744263004,-10.514640639815502,-10.650960372563652
PLEKHA8,-9.55357277292993,-9.65287694738655,-9.66483165333141
MTURN,-10.145548282414635,-10.227063719194149,-10.925398625135289
ZNRF2,-9.274304103537936,-9.477054527706587,-9.70420559213117
LINC01176,-11.772668211056883,-11.710842455322187,-12.204591556851724
NOD1,-9.65584921058932,-10.154896899798402,-10.230137657764098
GGCT,-9.532919764035979,-10.070072447975452,-9.599452950907164
GARS1-DT,-10.338287373718671,-10.291557060995176,-10.553084408915906
GARS1,-9.54015261171211,-9.656620677199683,-9.480219383659325
MINDY4,-11.608954988684834,-11.368059972241387,-11.381997425065462
AQP1,-12.670088823013248,-12.724408829470335,-11.177059583376243
PDE1C,-11.943198489289957,-12.793755968577187,-11.547739133811357
LSM5,-9.425997839140498,-9.651926349904654,-9.356797376111098
AVL9,-9.500632338817933,-9.405165665385946,-9.558112682983117
ENSG00000273014,-12.469484488965401,-12.555462198494757,-12.574675452862538
LINC00997,-12.653942682993536,-12.457281477065981,-12.846860294967241
KBTBD2,-9.887202218002432,-9.841828875249659,-10.048556117336869
RP9P,-10.89106288804692,-10.800451721105038,-10.972875197146994
FKBP9,-10.899583095552819,-10.684310159275396,-11.02333682485297
NT5C3A,-9.755024571572662,-9.893204386304529,-9.830712576136667
RP9,-10.12491053645098,-10.220069551164881,-10.08121752641654
BBS9,-9.162351575601331,-9.031443855369151,-9.044738640191424
BMPER,-8.759526771018512,-8.58408150999971,-8.591837155861132
ENSG00000236212,-12.266616201876829,-11.049237325088633,-11.299581705169153
DPY19L1,-9.888058467350492,-9.736292787840949,-9.878533850576753
ENSG00000287249,-11.987297296314196,-11.808268071329381,-12.06330878198749
ENSG00000291133,-8.729109111061023,-8.566324395490183,-8.533834061592598
ENSG00000289089,-8.705691611621669,-9.336809830856993,-8.718740249705247
ENSG00000288947,-10.7314935537358,-11.267467627095929,-10.552745160440228
TBX20,-7.651465984223036,-8.099792750982596,-7.563072244196825
HERPUD2,-10.200438561841494,-10.267933279551366,-10.272348256607192
HERPUD2-AS1,-11.806283195414851,-11.660742699361144,-11.707319394380425
LINC03013,-11.71694273206717,-12.0259068354228,-12.918782293658722
SEPTIN7-DT,-11.75667530278521,-11.855446539395366,-11.604350669803532
SEPTIN7,-7.306773063984217,-7.3533569197300475,-7.515960806988767
EEPD1,-10.538624586243,-11.101749923187407,-10.893498565481856
MATCAP2,-10.876987885635767,-10.689693372775485,-10.975299314540509
ANLN,-9.95044400705339,-10.441980029295598,-10.296947160286827
ELMO1,-9.713538240548695,-9.8961267419744,-9.830041520236072
EPDR1,-11.63552114651728,-12.097143207341148,-11.880642386541275
STARD3NL,-9.628309676058592,-9.772094475342783,-9.790195326485323
AMPH,-12.877877134857737,-13.054804815409971,-13.01831149830445
VPS41,-9.229767593797174,-9.48804545043402,-9.347236208910266
POU6F2,-11.733850463354141,-11.06722044637302,-10.464272623263597
YAE1,-10.504747359966677,-10.493014755811473,-10.32362413558784
RALA,-9.342908403102028,-9.370212593322229,-9.338439680968055
CDK13,-8.736677452845706,-8.728515101182666,-8.762228409679853
MPLKIP,-9.476903040205134,-9.661366393125503,-9.635380956573101
SUGCT,-9.537670141369826,-9.446958642560743,-9.775714734529256
LINC01449,-12.970412901593788,-12.535621365163195,-13.189811288798797
INHBA,-11.640680402965552,-11.670521054168674,-11.506333907817124
GLI3,-9.676735088950185,-9.228271305072294,-9.731736873965112
C7orf25,-11.90321240181202,-11.970152773162654,-12.005892585411342
PSMA2,-8.513824386827613,-8.70017597267076,-8.57587078603929
MRPL32,-9.676709293772067,-9.861142916709747,-9.74136526323342
STK17A,-10.256697572481936,-10.309280357880944,-10.04003886516997
COA1,-8.44280202345747,-8.556866332142066,-8.502607272488646
BLVRA,-10.327272806238136,-10.535892817014332,-10.263564725855769
MRPS24,-9.520340011299306,-9.699510139612345,-9.5895136000503
URGCP,-10.331643631045596,-10.332700470155258,-10.373638885005203
UBE2D4,-11.457459479685287,-11.299646474075216,-11.498753970496152
ENSG00000228434,-10.859273812623991,-11.465479363033323,-11.489247500284696
ENSG00000290872,-12.117988639409786,-12.39687395216065,-12.421123749988434
DBNL,-10.499943742671057,-10.726781557692396,-10.595752784863356
PGAM2,-10.953600784296514,-10.060034716570419,-10.550887668774992
POLM,-12.226001982899682,-11.939151673554983,-12.14728444795087
AEBP1,-10.2988895062053,-10.004526150122768,-10.524813945729072
POLD2,-10.258700328660892,-10.338357764041863,-10.305112673093868
MYL7,-5.196173609698682,-5.080889466563366,-5.363370866870661
GCK,-12.394056691871121,-11.758353752181888,-12.090751689676752
YKT6,-10.256766762262291,-10.207482625128886,-10.5049226876938
CAMK2B,-11.574428096609257,-11.524572024139639,-11.431138045859058
NUDCD3,-9.839049103454592,-9.784266337686601,-9.968778039544807
DDX56,-10.75091625669953,-10.910842235350962,-10.859093058469854
TMED4,-9.348274176908227,-9.331187770675479,-9.419105181837606
OGDH,-9.65353838443268,-9.655707519184263,-9.60955485581274
ZMIZ2,-11.224574791546923,-11.367809004356126,-11.247569267722342
PPIA,-7.049437610187353,-7.323261039849374,-7.238268321751917
H2AZ2,-8.530898123727027,-8.69417827793271,-8.75498628728129
PURB,-9.611581170101479,-9.506283095043264,-9.663327851275922
SNHG15,-11.243302518067265,-11.099662579086806,-11.118765902704327
CCM2,-10.185337547636454,-10.14162109767079,-10.287879645865189
TBRG4,-11.287662728005028,-11.314653835969557,-11.288885473958079
ADCY1,-10.706672363350389,-10.333686083568598,-10.88743073385444
ENSG00000291207,-10.423412147750993,-10.372027666495494,-10.424458237612612
IGFBP3,-11.522192635267476,-11.009608570902074,-11.049959130484702
TNS3,-10.118138323383988,-10.487580296689321,-11.43617004968729
PKD1L1,-13.180595800373181,-13.104291191447532,-12.64877384343685
HUS1,-10.757408122273626,-10.692825644380925,-10.761115450517153
UPP1,-11.487266185457123,-11.861794396201573,-11.641295294821065
VWC2,-10.441499654565547,-9.908065721950187,-11.53228333655959
FIGNL1,-11.773014196444574,-11.752146585875046,-11.642863535154547
GRB10,-9.055170696234363,-9.412044442361951,-9.61250784692553
COBL,-11.33478791866778,-12.026491754516943,-11.049282709858602
SEC61G,-8.569203602958359,-8.738125436794283,-8.536112480821389
LANCL2,-10.285147574735047,-10.290789354734741,-10.43250383429905
VOPP1,-10.415649907934313,-10.292683108363166,-10.352399289336443
ZNF713,-10.461607068696763,-10.182974301091837,-10.676590528089326
NIPSNAP2,-8.505490417386024,-8.562184142134827,-8.46560627817267
MRPS17,-10.299162003752235,-10.543990259665321,-10.325329713603791
PSPH,-10.645353705925219,-10.618057774996277,-10.641416206974915
CCT6A,-8.180223379118083,-8.370030501354565,-8.37628731760976
SUMF2,-10.76868294481359,-10.653652110777232,-11.078093704815792
CHCHD2,-8.929480409289374,-8.367704853935999,-8.178472449252306
ZNF680,-10.842483480530232,-10.706042552046673,-11.099289378757675
ZNF107,-10.753152272869972,-10.749785922912878,-11.233000885726158
ZNF138,-10.267973351267237,-10.244939252770102,-10.190277014630858
ZNF273,-11.909064789116126,-12.021072935388318,-12.163951826541236
ZNF117,-11.255955631907796,-12.109461172119495,-11.149143522558704
ERV3-1,-11.395801908358926,-11.623955022818473,-11.186151313059613
CCT6P3,-11.604551735313777,-11.418482681368012,-11.531760725789434
ENSG00000282381,-12.908098642761775,-13.108348382175217,-13.227411173038108
ZNF92,-10.66920491793989,-10.82302559034595,-10.655488510556824
LINC03006,-10.437328717949605,-10.419692442943738,-10.606185005052275
ENSG00000291124,-11.564480963192487,-11.625841582025018,-11.684858084949477
VKORC1L1,-9.914041419404715,-9.916393965455823,-9.972002817179613
GUSB,-11.123324877061076,-11.35058620445458,-11.407963476559946
ASL,-11.391337672734453,-11.536300546015434,-11.526223620192766
CRCP,-9.913852697504549,-10.020032784973445,-10.010972070135024
ENSG00000234185,-13.193266701688131,-12.96271470509637,-13.009799951322469
TPST1,-9.979840690545192,-9.893858684150313,-10.020241193792343
LINC00174,-10.425262100107284,-10.474592840061,-10.536741039985163
LINC03011,-12.252208047625352,-12.364915457450318,-11.829999679194616
ENSG00000291136,-9.988385721192692,-9.761591734873091,-9.995207489166189
KCTD7,-11.430094795076029,-11.263618922782104,-11.424751370455951
ENSG00000226824,-9.856437117267301,-9.812257055455252,-10.11811302127264
RABGEF1,-9.256651162580706,-9.201406447510838,-9.472707499706909
ENSG00000272831,-11.086707646475622,-11.33157719023972,-11.166091196814563
ENSG00000289177,-12.805595016546073,-12.601796410585933,-12.922454684992536
TMEM248,-10.259943255540838,-10.236589953635562,-10.349377765235147
SBDS,-9.336921459785987,-9.294329491188954,-9.40296684866454
TYW1,-9.952418174175001,-9.812393781980546,-10.036200794144866
PMS2P4,-10.34126512751727,-10.122392705602616,-10.271845724210495
STAG3L4,-9.940335923805328,-9.94034742811843,-9.817770651998238
ENSG00000273448,-12.660511161714956,-13.093445259884609,-12.44007071255162
AUTS2,-6.923808240862144,-6.931379134381516,-6.870873032810014
GALNT17,-9.680448477788703,-9.682031740731807,-10.237364145695246
CALN1,-12.261454022890502,-11.921706240628382,-12.59016874582422
TYW1B,-9.984095517227829,-10.07778037109986,-10.199559268948354
SBDSP1,-10.893608133555617,-10.83099721354034,-10.927671996760669
POM121,-10.023550206115734,-9.978449457275644,-10.135920217427099
NSUN5P2,-12.034528639658554,-11.887167813423675,-11.987736823393105
ENSG00000290832,-11.55361319284435,-11.511028144869291,-11.60870324615225
NSUN5,-11.322746121191397,-11.525921585061706,-11.45973419740312
BAZ1B,-8.83101656099523,-8.922051306941206,-8.967001095497475
BCL7B,-10.970014885810706,-11.035993258450869,-11.154358965615588
TBL2,-11.28307380404763,-11.303832313114286,-11.185013930725532
VPS37D,-12.339760225002344,-12.673456043942558,-12.430839391065579
DNAJC30,-11.168987421553396,-11.423420522943708,-11.346936680166465
BUD23,-9.484964853477065,-9.634902765983131,-9.58600846325142
STX1A,-13.257844617875893,-12.901442522619245,-13.238802061307286
ABHD11,-11.424268519404563,-11.435657740826448,-11.375572414629339
LIMK1,-11.65142512542111,-11.622660487511089,-11.651413445451475
EIF4H,-9.186907815377591,-9.36661163656771,-9.314548715537526
RFC2,-10.593981416562741,-10.908061728951894,-10.895757019480165
CLIP2,-12.215124672755003,-12.211130514253233,-12.274744130746912
GTF2IRD1,-10.12656994277862,-10.069162302273005,-10.11354535004697
GTF2I,-8.401531874417666,-8.393936264021374,-8.51162771652395
GTF2I-AS1,-11.694240676657618,-11.757824193416527,-11.654132790226486
GTF2IRD2,-11.550139510859339,-11.434148337000556,-11.66966326695421
ENSG00000290833,-10.874350424139035,-10.868480143469005,-10.862565743878763
CASTOR2,-10.891398537804767,-10.902624045196534,-11.393202327391124
RCC1L,-10.547500684702056,-10.655348420238806,-10.71484048121616
GTF2IRD2B,-11.120516582328657,-10.935048156598905,-11.236692029646587
GTF2IP1,-10.403594732396156,-10.147597247617748,-10.45828759532579
ENSG00000290951,-12.426824030651657,-12.633488178920599,-12.760342205329604
NSUN5P1,-11.373041772168257,-11.264385180633198,-11.518344127529708
POM121C,-10.032218444693802,-10.126963057089792,-10.210762113366464
PMS2P3,-11.768138484645627,-11.98165298783444,-12.104779356192472
HIP1,-8.91640492011973,-8.969178693666217,-9.131267303076623
RHBDD2,-10.88800916791394,-10.91970574683596,-10.908696036184569
POR,-10.829546713708005,-10.800831322940416,-10.753887255820842
TMEM120A,-11.261975524910335,-11.558431844735926,-11.164903691055482
STYXL1,-10.722969649993136,-10.653407459092824,-10.623037708114547
MDH2,-8.340075263072224,-8.545273240458117,-8.042564747668319
HSPB1,-7.040176673335977,-7.076253896853044,-6.898581845536373
YWHAG,-9.043966622816614,-9.159300882445486,-9.218779602373592
SSC4D,-12.62270674626151,-11.985425095544295,-11.930945333032742
DTX2,-12.451959085474586,-12.359376830322217,-12.413771200296202
LINC03009,-8.762938883698443,-8.810173436512352,-8.941718949731067
POMZP3,-12.183692965293954,-12.029897338602867,-12.019297266772993
ENSG00000291121,-12.00944983417428,-11.950798394044883,-12.039883509092359
CCDC146,-10.322720018954625,-10.039652331687597,-10.489137574457615
GSAP,-11.464605099312301,-11.590350844710889,-11.80834907748074
PTPN12,-9.284718649207512,-9.33589266510408,-9.410315846098094
APTR,-10.618760737880157,-10.541106298713169,-10.721377631237802
RSBN1L,-9.172956754516935,-9.14034879881148,-9.326895042693176
TMEM60,-10.549954249337178,-10.570171003035728,-10.597461635349324
PHTF2,-8.956092023065764,-8.995835355913469,-9.093295474210816
MAGI2,-6.814550889316421,-7.182014328327031,-7.346127891830245
MAGI2-AS3,-9.030376109307397,-9.351240498166245,-9.630683912997775
GNAI1,-10.154426456894068,-10.251512099675793,-10.14039992759921
CD36,-12.869369354664023,-12.401200795133022,-12.673484650282495
SEMA3C,-8.49853548829702,-8.815509235244415,-9.372087136247728
CACNA2D1,-8.507530719718991,-8.650523040118673,-8.773150097839624
PCLO,-10.521404291646235,-10.725870702145802,-10.420425073613917
SEMA3E,-11.356489342967077,-12.096100731639076,-11.841900035508095
SEMA3A,-8.076412978187157,-8.25037830035631,-8.44401463753932
SEMA3D,-10.94071640331734,-11.445784565859395,-11.883925562333763
GRM3,-12.464630314146184,-12.174896038196255,-12.494997268177698
GRM3-AS1,-11.331749630141886,-10.954139278322305,-11.471562830633038
ELAPOR2,-8.30362952847465,-8.446796068529574,-8.289084254639427
DMTF1-AS1,-12.6814050734015,-13.206939689548323,-13.196895539297369
DMTF1,-9.230024427821531,-9.318048057564514,-9.382599577427507
TMEM243,-11.3202331494208,-11.655378529297618,-11.64027167430212
TP53TG1,-11.111448150680001,-11.603540781326561,-11.196526302552545
CROT,-10.615871143350972,-10.77043365010412,-10.805944685645958
ABCB4,-11.832609706013368,-11.8213411328919,-12.33345145554118
RUNDC3B,-12.151595740840202,-12.903163500359668,-12.562557042239836
SLC25A40,-10.409407617719905,-10.484612341219337,-10.493888032034606
DBF4,-9.935945190252822,-10.255117428091676,-9.95338685260533
ADAM22,-10.399997896278421,-10.547071480491267,-10.5683818512409
SRI,-8.736762785149027,-8.711685511553585,-8.675198099229648
ENSG00000228113,-12.708267171953286,-12.811353698614505,-12.572886263202358
ENSG00000233420,-12.161508449314734,-12.53053195182371,-11.822171242557262
STEAP2-AS1,-13.01736676488675,-12.67413139122206,-12.273491009353997
STEAP2,-12.109897383387269,-12.511681008639245,-11.797169203002909
CFAP69,-11.029019722713347,-10.956569663270644,-10.970817050467724
GTPBP10,-10.46902307471361,-10.539899616055777,-10.399497078880492
CLDN12,-10.843216805904097,-10.885000871250654,-11.058722946053248
CDK14,-7.79769702728953,-7.809271534704014,-8.078290305970226
FZD1,-11.529612650562237,-12.02707074981523,-12.183267750342397
ENSG00000235450,-11.36904556655512,-11.305079625204277,-11.980994840843055
MTERF1,-10.258097189205476,-10.429971629971183,-10.654528324140015
AKAP9,-8.124378467033853,-8.038397381436777,-8.27371136527547
CYP51A1,-9.350585633997863,-9.169016186100412,-9.336294142589955
LRRD1,-12.499390768546236,-12.461978369156729,-12.347849742213604
KRIT1,-9.203621324156567,-9.254331997262582,-9.427465214944514
ANKIB1,-8.888892301364967,-8.836236264698096,-8.95985880703378
GATAD1,-9.53871761102907,-9.577167719629196,-9.6055557667317
ENSG00000244055,-10.539370886705605,-10.483840782553964,-10.365839372768365
PEX1,-10.043105147260531,-10.147925130014455,-10.022090850877706
RBM48,-10.807063795717609,-10.769529915198575,-10.895809600533342
FAM133B,-9.26229964106888,-9.277167667341748,-9.326305097802774
CDK6,-7.656381123522109,-7.651246104558655,-8.271680190890194
CDK6-AS1,-10.096872980159828,-10.13225228865342,-11.345862223466227
VPS50,-9.829381938208794,-9.839202595702252,-10.047868571264571
TFPI2,-12.5432668009497,-11.96987838578349,-11.935475190224041
GNG11,-11.161658444263509,-10.991493727085592,-11.079106052945452
BET1,-10.470090729939558,-10.551480114320656,-10.454316767480819
COL1A2,-9.945130610024949,-9.917582253930027,-10.158404198445446
CASD1,-8.684027224708904,-8.759268217497919,-8.830339003143251
SGCE,-9.728044418324327,-9.826371321912836,-9.9018397509046
PEG10,-9.090792422312902,-9.173963525880703,-9.011172370801509
PPP1R9A,-7.905558905762227,-8.001252807063903,-8.122119615959104
PPP1R9A-AS1,-11.405985849118684,-11.752248060176806,-11.960193812251283
PON2,-9.418709969181002,-9.35641421089276,-9.632819514105968
PDK4,-11.577747374329348,-11.914301707778279,-12.01031488552208
DYNC1I1,-9.315301559442934,-8.908168051527538,-9.612170161823078
SLC25A13,-9.219643900026508,-9.284121885007806,-9.225719502434604
SEM1,-8.821724763038926,-8.947882745629869,-8.823212566562287
SDHAF3,-10.375556594946833,-10.539307629674171,-10.216717084785936
ENSG00000284707,-9.596512291129681,-9.458702788340164,-9.705154902812568
LMTK2,-9.58488991808149,-9.450077138304044,-9.660735393882291
TECPR1,-11.505194102707364,-11.59365725763017,-11.752814863243943
BRI3,-8.955885197852758,-9.108147423252376,-8.79414724690873
BAIAP2L1,-10.027950492176004,-10.457914947127477,-10.045814605935192
TRRAP,-9.201124385460947,-9.223907856609813,-9.18791934089277
SMURF1,-9.65538520612728,-9.608977937075739,-9.706525013787278
ENSG00000284523,-12.635925605709952,-12.708678399900908,-12.496808889176847
ARPC1A,-8.974386251377195,-8.90517447203667,-8.975868514460442
ARPC1B,-10.789967603292373,-10.718151832311712,-11.133001644991351
PDAP1,-9.162047641767364,-9.247965959666525,-9.181690746859678
BUD31,-9.723932903869024,-9.943186017584722,-9.909113306462547
PTCD1,-11.68019198720112,-11.679359238727171,-11.502701718325277
CPSF4,-10.998029575174801,-10.960294246824887,-10.946234942107903
ATP5MF,-8.627569402412792,-8.76089417523415,-8.673233007966244
ZNF789,-10.809491627251465,-10.680841116697444,-10.887272155658884
ZNF394,-11.137747140875039,-11.243820121333151,-11.348438339479014
ZKSCAN5,-11.376773990806862,-11.473813053493215,-11.569419924192632
FAM200A,-10.905399105049408,-11.001267002031305,-10.963174965224686
ZNF655,-9.689192912352055,-9.712891280996905,-9.782720936017462
ZSCAN25,-11.74035686107925,-11.869528600295586,-11.856452669299484
TRIM4,-13.316229139448344,-13.098763157212334,-12.097246750779604
ZKSCAN1,-9.306516273044057,-9.242714774463956,-9.436977380156158
ZSCAN21,-11.68330822077602,-11.599308604318576,-11.647127773363415
ZNF3,-10.991820169155481,-11.026821079875363,-11.05695897946498
COPS6,-9.511933613374957,-9.641980313641643,-9.554752918826923
MCM7,-10.302686181785853,-10.811592232167985,-10.773915677676003
AP4M1,-11.599533264528535,-11.734936412278081,-11.602201239580545
TAF6,-10.901293879082365,-10.965581578521908,-11.152986321942567
CNPY4,-11.972202789536047,-11.65769442791736,-11.774361144493572
LAMTOR4,-9.701322842514106,-9.713605641809666,-9.619499806606864
TRAPPC14,-12.441019017870792,-12.780339525601594,-12.86631446328309
GPC2,-11.18171273365696,-11.374427793995093,-11.227729799427212
CASTOR3P,-10.18364376222498,-10.159218772160065,-10.58600081576263
ENSG00000291178,-10.323118909828018,-10.368470746898277,-10.425204910702016
SPDYE3,-12.752467570117604,-12.891780000887751,-12.98052404235561
STAG3L5P,-10.1269188192515,-9.925102167761874,-10.29208164962623
PILRB,-10.966520877908293,-10.822839481209085,-11.198558927554817
PILRA,-12.00506152544229,-11.900082113523412,-11.915946600632894
ZCWPW1,-11.231137468420862,-10.957536477479104,-11.28266404461718
MEPCE,-11.897777563032069,-11.832299623497764,-12.225875083482121
PPP1R35,-10.735559545588714,-10.946356093250124,-10.791761934063956
TSC22D4,-10.70060571249799,-11.036233947529093,-10.841653485507807
AGFG2,-12.249879679715901,-12.373855853706562,-12.07590167033284
LRCH4,-12.710279709059783,-12.595535523209993,-12.421807869286445
PCOLCE,-11.692082285062158,-11.37801176982113,-11.825000956703262
MOSPD3,-11.409312921855172,-11.507651009229876,-11.40624870673322
GNB2,-9.482880511536651,-9.645586592718454,-9.457897745273767
GIGYF1,-10.361791007599802,-10.47870293869617,-10.568328684785884
POP7,-11.093075009748187,-11.236155437846394,-11.035394921835417
EPHB4,-11.522228831347368,-11.581057574300143,-11.60336785669485
SLC12A9,-11.182079255190873,-11.053715076797552,-11.319949054031104
TRIP6,-10.938919454069564,-11.030231854027786,-11.244342539986528
SRRT,-9.929142578682676,-10.007319957292697,-10.142001367453986
ACHE,-13.069999766450513,-12.923910738143837,-12.895395438749556
TRIM56,-10.73712070926213,-10.835445471547157,-10.922666785785996
AP1S1,-11.139547738686158,-11.124239563150894,-11.06666207394177
PLOD3,-11.214088986600316,-11.407153143252499,-11.289851961390449
ZNHIT1,-9.49760011529226,-9.672728807489678,-9.53978225068585
FIS1,-9.102146086082612,-9.201147147969115,-9.181256024252333
EMSLR,-11.893341633537203,-12.5758048862824,-12.608211560627145
IFT22,-10.337912293090001,-10.521874881269879,-10.47964866498542
COL26A1,-12.231578605721609,-12.067320014813301,-12.622608867867605
CUX1,-8.109854019723171,-8.157733602286088,-8.306755274496116
PRKRIP1,-9.539599507018767,-9.651736476545928,-9.754119715920114
ORAI2,-11.003146318480082,-11.095429352195293,-11.274258259840945
ALKBH4,-10.996754798358314,-11.260513744232076,-10.949923953242363
LRWD1,-12.017667615601203,-12.164453935690146,-11.793851503331043
POLR2J,-9.84444043150155,-9.87923827926039,-9.896401318068174
UPK3BL2,-12.445900563559176,-13.322733105281724,-13.122015807887585
POLR2J3,-8.358097214003594,-9.101887494606945,-8.951835332387946
ENSG00000279168,-10.66007023458494,-11.479611013122298,-11.49324183258512
UPK3BL1,-10.731172816904035,-11.572814932821016,-11.17270912503301
POLR2J2,-11.572298015065353,-12.135801277457679,-12.075321938962746
ENSG00000286830,-12.655847785834842,-12.779329606665533,-13.063815222064264
FAM185A,-10.611731774272155,-10.693409188234567,-10.692318957012127
FBXL13,-9.964291987251329,-9.922781327838361,-10.064427707048294
LRRC17,-12.50842745197109,-12.391967420551733,-11.84007985928536
ARMC10,-9.895024718903459,-9.838751326100034,-9.706945877449982
NAPEPLD,-10.058217277559661,-10.404461443516178,-10.374517121306809
ENSG00000289956,-10.400829655277361,-10.398890435110896,-10.250005378284223
DPY19L2P2,-10.634734184027055,-10.700553784844464,-10.842150579137327
PMPCB,-9.205254707558893,-9.431989391231502,-9.375330418495082
DNAJC2,-9.469824895670707,-9.649769250763375,-9.62365168548836
PSMC2,-9.924411873602569,-10.064975226887725,-9.989049717935771
RELN,-9.277649314343957,-9.554101979455714,-9.37032164374231
ORC5,-9.977126171186791,-10.006605839134876,-9.91319469505271
KMT2E,-8.34929217237419,-8.404074264819736,-8.431802859739058
LINC01004,-9.980271378709398,-9.884463533501789,-10.129630259698317
KMT2E-AS1,-12.28766803251362,-12.140743994400497,-12.435435260382798
SRPK2,-8.555585411978745,-8.572589487547017,-8.708370362211795
PUS7,-9.741998871163837,-9.89922306013065,-9.847670793385625
RINT1,-10.74331848375565,-10.78874603510459,-10.779610527593293
EFCAB10,-12.359345514523454,-12.161962855928735,-12.549994431391948
ATXN7L1,-9.40837334814745,-9.43554092011389,-9.611558794357482
CDHR3,-10.369917130433066,-10.81089732514488,-11.234071820855243
SYPL1,-9.925827174355701,-9.889753515753485,-9.85549589423161
NAMPT,-9.68386634575809,-9.755721101101114,-9.602766041047783
CCDC71L,-11.99744411980306,-11.984583803755049,-11.925647766094032
PRKAR2B,-9.004964695523325,-9.075884667153954,-8.90784742345867
PRKAR2B-AS1,-13.140670802477752,-12.950457653259612,-13.035770737710259
HBP1,-9.569574824191847,-9.615430487021028,-9.971722279055081
COG5,-8.62106196615548,-8.587961637564035,-8.832683190562406
DUS4L,-10.998194003508614,-11.121520390434938,-11.055339562433977
BCAP29,-9.242431476963066,-9.304233796956293,-9.530181879902237
CBLL1,-10.567984193715487,-10.66982822303552,-10.706550999613796
SLC26A3,-12.187045275136596,-12.124202591608594,-12.14691698482702
DLD,-9.470413146287713,-9.50338169614604,-9.53919004878661
LAMB1,-8.87421404538449,-8.943016383898708,-9.97202070468902
NRCAM,-11.295542289416728,-11.408614393581827,-11.496071473355443
PNPLA8,-9.576115543417563,-9.528764581717194,-9.60954147722829
THAP5,-10.549800513987979,-10.671536502673113,-10.52324508205518
DNAJB9,-9.92127437631494,-9.959961113175673,-10.013703063346677
ENSG00000226965,-11.310873150871942,-11.892389307001638,-12.342641402093594
IMMP2L,-8.435011651197112,-8.55571505400271,-8.64626725100974
LRRN3,-10.752233262689726,-10.252448184916858,-10.183501746633766
DOCK4,-9.326963297554402,-9.60264458895206,-9.186592536299594
ZNF277,-9.750243685175537,-9.772086063775282,-9.773508537946485
IFRD1,-10.34552925752292,-10.269324820499332,-10.324815399594028
LINC03076,-10.978097263539832,-11.005119655674727,-11.118736141548645
TMEM168,-9.749191026056264,-9.644886291268794,-9.766869370012724
BMT2,-8.36920095807116,-8.578599193510657,-8.727737502386121
SMIM30,-8.691593971139257,-8.861702834756505,-8.797993541678332
PPP1R3A,-11.509533877138535,-10.560631843120136,-11.495899206870765
FOXP2,-12.293461137676852,-11.807174352433094,-12.60092491931854
MDFIC,-10.147305419769765,-10.207358337925132,-10.26398056925133
TES,-10.617462573177095,-10.552620261618575,-10.311893774452535
ENSG00000237813,-12.566970445280619,-12.50014147343739,-11.670789976914929
CAV2,-11.11815148910745,-10.94369411067578,-10.624603449349685
CAV1,-12.067538345471949,-11.72374404419429,-10.610711193644098
MET,-12.659659793032201,-13.062903825734619,-11.942380581673167
CAPZA2,-8.384813669488503,-8.370285340063296,-8.392306949331152
ST7-AS1,-10.941125343377598,-11.2648153539177,-11.473476281097104
ST7,-9.061867356652124,-8.865906308169649,-8.79125255818314
ST7-OT4,-12.243315397720835,-12.03739415985632,-12.123917867049007
ST7-AS2,-11.92001656412426,-11.661693829203479,-11.455398624514492
WNT2,-9.89658719890602,-9.252615759599497,-9.224360777534397
CFTR,-11.025428327033165,-10.788692695479766,-10.479694165432752
CTTNBP2,-8.606685009461613,-8.689567009478473,-8.764229997534532
LSM8,-9.239776047853441,-9.40260695190758,-9.503175879056037
KCND2,-10.590521289249947,-11.580058435977492,-11.668462782811448
TSPAN12,-11.31475642984961,-11.367924289496536,-11.469775486498957
ING3,-10.308511881383568,-10.38033630277148,-10.380362218459794
CPED1,-11.100876690035738,-11.676798263313254,-11.039695184038436
FAM3C,-9.810967440982493,-9.610881730169266,-9.716191012135857
PTPRZ1,-12.646555833962381,-11.712448881333815,-11.864834298565484
AASS,-9.371438457369518,-9.418322393562834,-9.41955576024187
ENSG00000234418,-11.994951671885268,-12.045582600923497,-11.988654884449257
CADPS2,-9.252809597224656,-8.983502512884014,-9.320226398260319
IQUB,-12.105908850398356,-11.933811639282146,-11.828824756884309
NDUFA5,-9.00759554243212,-9.053639856344866,-8.980869353971526
LMOD2,-11.098048831897295,-9.531178400864489,-11.137190757829421
WASL,-8.750656329024558,-8.824416712701915,-8.863779746013789
WASL-DT,-11.209514302487193,-11.482007980064209,-11.291432193097013
GPR37,-12.303014761417218,-12.384227800071088,-12.334977761474754
POT1,-10.324008671827775,-10.177164465346513,-10.273134222551734
POT1-AS1,-10.051324775441584,-9.205772483120219,-9.606577212088773
GRM8,-10.289506742298869,-11.549533640966317,-11.198882184625981
ZNF800,-9.949184158875372,-9.919466904797906,-9.866073351249094
GCC1,-12.486958350440226,-12.394069474644633,-12.410558223962811
ARF5,-10.046143761068755,-10.076494346574911,-10.08158773894873
SND1,-9.01250852857265,-8.952097817248598,-9.072639852202828
SND1-IT1,-12.311637130294978,-12.130501705222594,-12.375020793168595
LRRC4,-11.749847974938492,-11.443281842633555,-11.745246207569853
RBM28,-9.577212286812232,-9.574175611842836,-9.590370142499195
IMPDH1,-12.157840327227035,-12.26083232422223,-12.203733116211632
HILPDA,-10.533777644410204,-11.031265927994811,-10.70780271578772
METTL2B,-9.968105738780508,-10.113902294331503,-10.068123432477107
LINC03072,-12.043846847678946,-12.044337233003024,-12.299943646160964
GARIN1A,-12.443815557499388,-12.151521791619865,-12.748373858528813
ENSG00000271344,-13.138726130057162,-13.141765293894927,-13.23785732110716
CALU,-8.57312745419037,-8.456397422872914,-8.739281131075009
CCDC136,-11.173578234729073,-11.28455081444655,-11.426488718527494
FLNC,-9.28139960632475,-9.170824063877124,-9.427432706943204
ATP6V1F,-9.341896706007542,-9.303085461931238,-9.227683330228318
TNPO3,-9.746055688761667,-9.772693457760436,-9.913463585963951
SMO,-9.790371569883481,-9.84301068308201,-9.930854514041947
AHCYL2,-9.272306906231911,-9.103193851892467,-9.350787589616049
STRIP2,-10.303929781506415,-10.107829043676716,-10.435188199184829
ENSG00000273329,-11.421651554507553,-11.60372041362446,-11.615353666899715
NRF1,-9.758266133884629,-9.738402336059627,-9.760221582939337
UBE2H,-8.238186491624806,-8.200388745799218,-8.36629140961434
ZC3HC1,-10.823732339650826,-10.765121281678125,-11.04815559947199
KLHDC10,-9.764249690475339,-9.859746076045585,-9.818750534327194
TMEM209,-10.570556936252984,-10.552622188579415,-10.664017254211448
CEP41,-10.883783400086527,-10.980739949769482,-11.043378635701188
MEST,-10.962444368474005,-9.663011444917629,-9.785036589175471
COPG2,-9.677239981362943,-9.77371254424952,-9.878585250832185
COPG2IT1,-11.371749782989578,-10.129681404841715,-10.172351107131568
LINC-PINT,-11.094188410739996,-10.89588833129966,-11.700763565155565
MKLN1,-8.523051312056314,-8.534904251706783,-8.647975752838597
MKLN1-AS,-12.465306676731206,-12.603001592090093,-12.766732629787828
PODXL,-10.365240647163205,-10.013347328204352,-10.128171749991314
PLXNA4,-8.82551955113314,-9.254536855854782,-9.118229650656964
CHCHD3,-8.565123331321805,-8.704701556176595,-8.525836163232496
EXOC4,-8.387562086294349,-8.321675779849828,-8.44527962290469
LRGUK,-11.781334014720876,-11.859093988741494,-12.505261574474096
SLC35B4,-10.598182129552692,-10.55452859290051,-10.50894177035114
AKR1B1,-9.374422056125246,-9.853237044914641,-9.077925294205475
BPGM,-11.414815534324594,-11.445638446509786,-11.319029599157542
CALD1,-7.4676995940895186,-7.7118927707540275,-8.044597320700602
ENSG00000286458,-10.805135100857436,-10.566535031541555,-10.623965768666137
AGBL3,-11.385756236157468,-11.139482168391222,-10.974881910569515
CYREN,-10.02149094882387,-9.777069236878473,-9.861099872640752
TMEM140,-13.081639652831182,-12.928984787846517,-12.880011536151837
ENSG00000287733,-12.640035055136892,-12.611750579844887,-12.633185207549815
WDR91,-11.884333692533001,-11.826956926950649,-11.798844094293841
CNOT4,-9.080372294770536,-9.065204727418948,-9.126255910219106
NUP205,-10.123847408782243,-10.324565212113388,-10.411258903350497
STMP1,-9.050066044625437,-8.812126227630179,-9.05407581153799
MTPN,-8.584935680181138,-8.542920226211475,-8.78879831187946
ENSG00000232053,-12.412550505970298,-12.366405446151866,-12.136353134644345
ENSG00000234352,-10.367637091241157,-10.533685922504139,-10.258583054450046
CHRM2,-7.455582727098021,-7.642580452128367,-7.992391938368486
PTN,-9.44053177906517,-8.952137942849212,-9.863239496045248
DGKI,-8.790226297931143,-8.724658402991588,-8.948042842789414
CREB3L2,-9.561606103370387,-9.703330091579396,-9.874614153656884
TRIM24,-7.745809903350777,-7.751338829712484,-7.883556187865667
KIAA1549,-9.849849378567685,-9.769039402195716,-9.956654774893426
ZC3HAV1L,-12.289881103561246,-12.213135933389536,-11.70898439323875
ZC3HAV1,-10.594132871081422,-10.255161773042264,-10.336440204657174
TTC26,-11.101117518592433,-11.113667514562817,-11.26442957909934
UBN2,-9.427541299084998,-9.343844045926598,-9.473247755826309
FMC1,-9.773047599705794,-9.994125075503293,-9.735253225613908
LUC7L2,-8.495495550771956,-8.548719416632151,-8.631973389996414
HIPK2,-8.216109841637106,-8.267826927207194,-8.380010743566555
TBXAS1,-11.986674479352574,-11.998147648862862,-11.984023436003596
KDM7A,-9.590817264828612,-9.720677172953685,-9.7726412309637
KDM7A-DT,-12.140296299025854,-12.153462528721132,-12.25755244539123
SLC37A3,-10.36503762930117,-10.473718112493042,-10.567094954089006
MKRN1,-9.73281070455479,-9.75930762318708,-9.885220747232202
DENND2A,-10.14443486788249,-10.104144910577169,-10.445358634198985
ADCK2,-12.374315954920533,-12.631786895835665,-12.340123319786862
NDUFB2,-8.578253552738298,-8.707708276155442,-8.582844558245334
BRAF,-8.533479693770584,-8.377587691605681,-8.557873764363151
ENSG00000289788,-12.832041604720454,-12.744071673513515,-12.614228485644283
MRPS33,-9.792463765963374,-9.980458907392029,-9.838773201245289
TMEM178B,-12.705671895991514,-12.174543560400082,-12.539111389528799
AGK,-10.534102725498938,-10.546582318208014,-10.487254389190944
DENND11,-10.90563427349829,-10.947148809467848,-11.01132477785424
SSBP1,-8.600495127080288,-8.791016299136901,-8.665972231754925
TAS2R4,-13.016498658010969,-13.276724052069323,-12.914273362827052
EPHB6,-11.991356496569521,-12.006031485498038,-12.043044219705386
KEL,-12.140223029535415,-12.39432496415235,-10.829764486285022
GSTK1,-9.531009646334162,-9.593050908923086,-9.520128274766604
CASP2,-10.914827661434709,-10.975063022793726,-11.203057834392876
FAM131B-AS2,-11.88117551061683,-11.745352388059194,-11.764304348623613
ZYX,-10.183176878542836,-10.21579021123709,-10.331819286866217
TCAF1,-9.032954418222353,-9.046637320093634,-9.146547960956582
TPK1,-10.444883165682906,-10.641555472360833,-10.928687151449568
CNTNAP2,-10.66205668727243,-10.698150612834931,-10.933024807628192
ENSG00000273314,-12.5773435555321,-12.601614004623686,-12.59914421816217
CUL1,-8.932040390759099,-8.987040259297125,-9.000119494673855
EZH2,-9.548323973996142,-9.750847799341745,-9.782433343164108
PDIA4,-9.315930706636545,-9.215234909383602,-9.369185473743242
ZNF786,-11.463728499233586,-11.565340039496263,-11.532414801809724
ZNF425,-11.800402248254187,-12.042153554751005,-11.97790537713009
ZNF398,-10.82035553139761,-10.801727588545043,-10.903766302127956
ZNF282,-11.415861889238014,-11.704933578588792,-11.63555950593295
ZNF212,-11.424167941723656,-11.778283882451184,-11.8459844159875
ZNF783,-12.535656863843691,-12.380767784933086,-12.956454832783532
ZNF777,-11.544506802833316,-11.498859648331662,-11.79959229769702
ZNF746,-11.486071363544834,-11.60189567202921,-11.59939119962296
ZNF767P,-10.05350136107148,-10.019806779101334,-10.145616107091023
KRBA1,-12.707482781410972,-12.733350055213618,-12.612986154838278
ZNF467,-11.844728872050172,-12.063849684009675,-11.996189592582684
ZNF862,-11.01402809015976,-10.939832732344819,-11.00497642808413
ATP6V0E2,-10.811972104142301,-10.733769632825277,-10.715243174536226
REPIN1,-10.708912317717672,-10.860065769657645,-10.951069738439031
ZNF775,-12.05433737755403,-11.79649947574701,-11.823392001876659
TMEM176B,-12.050493366075552,-13.082693167208355,-11.969823351863727
TMEM176A,-12.450214814115956,-13.138499462216302,-12.477169321344896
KCNH2,-10.83219397908,-10.955588290471255,-10.738437412805535
ABCB8,-12.093638941371248,-11.80205834404776,-12.369301308595466
CDK5,-11.511790221500792,-11.85408859480685,-11.681393605300862
SLC4A2,-11.469607518581418,-11.55233781742074,-11.595467167597844
FASTK,-11.083723731311894,-11.131067662931542,-11.19186658798768
TMUB1,-11.16056064091921,-11.124291369786372,-11.150515736814649
AGAP3,-10.710857624496693,-10.59816611564035,-10.751627021169302
ABCF2,-10.649108212237829,-10.751760662638484,-10.709493546807673
CHPF2,-12.37449657519368,-11.912463728669552,-12.272135149706433
SMARCD3,-10.011103459364078,-10.017370953915778,-10.265709177284513
NUB1,-9.709381629556958,-9.858784683312468,-9.796507651045973
WDR86,-10.92080449280925,-10.458934339831545,-11.201161356262425
WDR86-AS1,-12.861386288621867,-12.9383766665421,-13.104046995028824
RHEB,-8.969097446970668,-8.911527539799497,-9.096999471622652
PRKAG2,-8.752045739506263,-8.562740473577117,-8.48123136419936
GALNT11,-10.109605345044674,-10.07383517967297,-10.20310389368262
KMT2C,-8.2035470191092,-8.18002883405632,-8.353853370058415
LINC01003,-11.481222809494488,-11.570203110520376,-11.285167938290748
XRCC2,-11.263623999087242,-11.617452702962058,-11.75880470657671
ACTR3B,-10.981347158879247,-10.864994912740213,-10.85715910266253
DPP6,-11.945199436699474,-12.301461355701134,-12.88944353198002
PAXIP1,-10.705250562832301,-10.709424411853115,-10.627028174215146
PAXIP1-DT,-10.868588808850888,-11.034926697503463,-11.147838629658155
INSIG1,-12.025398507405098,-11.656196201939174,-11.835657423143592
RBM33-DT,-12.400355943049014,-12.119456037642205,-12.355979102714299
RBM33,-9.222116910252252,-9.142685332807238,-9.338136763653317
RNF32-DT,-11.070476343346614,-11.387932331482217,-11.312685015278072
RNF32,-12.409748754284026,-12.916263524368844,-12.875850871967566
RNF32-AS1,-12.893992405539926,-12.814638652605014,-12.849228509129793
LMBR1,-8.852394044200112,-8.931923286450248,-9.002965806253018
NOM1,-10.510277924629468,-10.55571763968907,-10.730521737063084
UBE3C,-9.292783902442837,-9.231809565710245,-9.369243096190994
DNAJB6,-9.27495284409119,-9.325362991855055,-9.300194573285717
NCAPG2,-10.736889043713512,-10.99407424425508,-11.208327970593938
ESYT2,-9.67720857135812,-9.809510595532187,-9.778527263855297
DYNC2I1,-9.266484648590325,-9.20749985281029,-9.227607868634202
VIPR2,-12.739794018048897,-12.272891983967295,-12.249206877696329
ZNF596,-11.94642084443055,-12.078127715355368,-12.062290976189454
FBXO25,-10.701935764824908,-10.775241837836255,-10.761208631447861
TDRP,-10.039661467891523,-9.806586710432848,-9.651821608562866
ERICH1,-9.591426913454061,-9.577664764609038,-9.577042988170787
CLN8,-11.363985208015972,-11.197721102664786,-11.281063118031135
CLN8-AS1,-10.683128187271388,-10.51506084094842,-10.493466993433858
ARHGEF10,-10.015258641557606,-9.696991075281288,-10.090056834699622
KBTBD11,-12.650333036743634,-12.608753381475916,-12.705573387803174
MYOM2,-11.729408874802793,-11.246529075918248,-10.968596035812503
CSMD1,-8.972045740137819,-9.547212551133068,-9.049939368015687
MCPH1-DT,-12.236546782796111,-12.327967902523934,-12.520584568258075
MCPH1,-9.501388143647505,-9.509763644454871,-9.615335805653302
ANGPT2,-11.494136675353783,-11.408847446094642,-12.281792839717193
MCPH1-AS1,-10.928812360951277,-11.011972681281705,-10.880211762049381
AGPAT5,-9.140656636773125,-9.27693041161954,-9.47778016399791
FAM85B,-12.27250440576183,-12.140272003582433,-12.257424888970823
PRAG1,-10.875152603366406,-11.289426070979223,-11.344481928253192
MFHAS1,-10.333263355954335,-10.50669749788223,-10.45316588573886
ERI1,-10.570548153829447,-10.677148172018827,-10.815434998693002
PPP1R3B,-9.945818748997869,-10.029454359715437,-10.087829604264332
TNKS,-8.634574417964526,-8.528676444474376,-8.730790695727496
MSRA,-10.061043214981375,-10.164624586414586,-10.22359066443358
PINX1,-10.807538161298549,-10.982675241280432,-10.760769542540253
XKR6,-8.738901211710747,-8.770447065640491,-9.001048054826272
ENSG00000269918,-11.882955118757446,-12.077615264282082,-12.396670574277238
ENSG00000255310,-13.243989901759068,-12.985081470269071,-13.021982219161453
ENSG00000254936,-12.601017884448254,-13.051081874136448,-13.090849569197932
MTMR9,-10.312848249338288,-10.329897394028324,-10.373941949214199
GATA4,-7.955651529731742,-7.913198588236902,-7.861032535347108
NEIL2,-11.622074401539122,-11.503508326677029,-11.706450567998207
FDFT1,-9.588095401948362,-9.611961105864808,-9.849443614402288
CTSB,-10.00200655656349,-9.729114904456674,-10.001259848418789
ENSG00000290829,-13.079542875952633,-12.783997871858354,-12.801989969480747
ENSG00000255495,-11.248215534388535,-12.156949926277441,-11.819169993970403
ENSG00000283674,-7.4743452184335,-7.174495522729025,-7.496433931427457
LONRF1,-10.792803621073437,-10.822792025193497,-10.514883030789393
TRMT9B,-9.950111279342769,-10.363443135368328,-10.367848858351937
DLC1,-8.560615189550544,-9.176997863618945,-9.242721889523622
TUSC3,-8.403907237062091,-8.481870437349837,-8.484602509690848
MICU3,-10.052784062842314,-10.17934816401875,-10.104555138874895
ZDHHC2,-10.263759996450215,-10.29817204954239,-10.361244031790466
CNOT7,-9.410055181317624,-9.463968501742006,-9.535479305170378
ENSG00000289145,-13.000235582923402,-12.880711995978091,-13.151696790015425
VPS37A,-9.88258319708704,-9.927686443599695,-9.83206737798617
SLC7A2,-10.540491058956526,-10.402720112939816,-10.098920463063227
MTUS1,-9.777999660741271,-10.227544046449943,-9.369544909032433
PCM1,-7.948573394675869,-8.000107158013428,-8.14966845388874
ASAH1,-9.664922640513831,-9.412546038982482,-9.444223901230808
PSD3,-7.650366265554285,-7.93357691047174,-7.734512820785435
SH2D4A,-12.718877163723516,-12.521922371144848,-12.671705540937637
INTS10,-10.010975162547052,-10.143794356007929,-9.996752678805299
ATP6V1B2,-10.642604332331661,-10.554960539629574,-10.629806269267027
LZTS1,-11.832600030142649,-12.869162832853007,-11.82892105298803
GFRA2,-12.54879780233605,-11.992534276361642,-12.602491484468139
XPO7,-9.633630846233695,-9.66726841233833,-9.719254139036801
FHIP2B,-11.780021220775806,-11.807047696982348,-11.638546211890386
REEP4,-12.250978678224072,-12.254432450082207,-12.165027428039657
BMP1,-11.86012212295639,-12.165895948859543,-11.993228570097505
POLR3D,-10.486020952811554,-10.49590137013027,-10.578924661548106
SLC39A14,-11.079549840916384,-10.862346202852713,-10.88417052224965
PPP3CC,-10.07025674454277,-10.142729023571361,-10.250273029396364
ENSG00000251034,-13.07411150260128,-12.967034171503611,-13.16511088978549
SORBS3,-11.72923922222871,-11.876512449426382,-11.852995985177396
PDLIM2,-11.619722147370465,-11.638762483607874,-11.222267332534514
C8orf58,-12.3259361568984,-12.505813714536629,-12.452868279885484
CCAR2,-11.005479155738598,-11.080986366903053,-11.29770372834157
BIN3,-11.292029922061062,-11.194034952644815,-11.428191672766332
PEBP4,-12.194305007074385,-11.61828742859646,-11.967117562322477
RHOBTB2,-11.243595282777394,-11.19892050983355,-11.28529772708142
TNFRSF10B,-10.12936245921122,-10.367030524593131,-10.264443878954276
TNFRSF10C,-13.10086758776429,-13.268246561193642,-12.786337116812103
TNFRSF10D,-12.006486865156393,-12.251652573108816,-11.898416763739558
CHMP7,-11.28860154431428,-11.27887485036827,-11.322023937057923
R3HCC1,-10.628611736935836,-10.66824822081632,-10.526366268915245
LOXL2,-10.309973655670165,-10.409650811755313,-10.705848574299523
ENTPD4,-9.290058017354648,-9.216811470839065,-9.382222303333686
SLC25A37,-9.349474975421122,-9.453079166835082,-9.342036832819694
NKX3-1,-11.907819335349698,-11.559101977543785,-12.20157913981007
NKX2-6,-10.752115433748877,-10.441788644602266,-10.937400688474552
ENSG00000253471,-9.019269397198524,-8.543900392587899,-9.098416748392289
ENSG00000254002,-12.239951159069008,-11.845615783880834,-12.17970673024276
STC1,-11.566498839395292,-11.90303067326879,-11.54254946256979
ADAM28,-10.31704685504377,-9.571715752671352,-10.095562390792127
ADAM7-AS1,-12.170795163498974,-11.782583991205545,-11.849965755967272
NEFM,-11.490031294367197,-11.44001570437193,-11.81140376857149
NEFL,-10.846577199610262,-11.39542298887627,-11.109687470626843
DOCK5,-10.627971183109361,-10.994609393199543,-11.387732028373849
KCTD9,-10.483856747191616,-10.661269054474982,-10.699332083282306
CDCA2,-10.607805617209946,-11.220670765602167,-11.11868120308524
PPP2R2A,-9.064823935351203,-9.143264161219824,-9.072175655322607
BNIP3L,-8.681657223413955,-8.892354635901022,-8.793859554905564
PNMA2,-11.886232392374893,-11.879330471104424,-12.588331209962611
DPYSL2,-9.851641652492825,-10.007017549312518,-10.386311239905295
TRIM35,-12.40284381317527,-12.217420316243613,-12.128990516785654
PTK2B,-12.364827857777298,-12.206959428776388,-12.414517456182525
EPHX2,-10.846317587044433,-11.185068952196382,-10.830877702524326
CLU,-11.540302229689587,-11.034568015875804,-12.032112489644792
CCDC25,-10.158599105375375,-10.224245687784514,-10.075189222937956
ESCO2,-11.798363899333989,-11.837781441028055,-12.20918501846402
PBK,-11.245501319242106,-11.847686034705395,-11.696231949644979
ELP3,-10.156341071844913,-10.132424325075325,-10.263694557300303
ZNF395,-11.123591482277856,-11.589695086075988,-11.303121385082877
FBXO16,-10.630539012012374,-10.525769011864858,-10.653057672123545
FZD3,-9.594339849373581,-9.592706754522236,-9.720485737835586
EXTL3,-9.549463502713328,-9.627238105379059,-9.96792715131849
EXTL3-AS1,-12.983688634880458,-12.985520687761113,-13.083974100232485
INTS9,-10.762545264012777,-10.780117486876808,-10.582645881242657
HMBOX1,-8.942275975422515,-8.96777151000505,-8.851731706464
KIF13B,-10.299028627715407,-10.390288047831591,-10.1685398614383
SARAF,-8.964732435381766,-8.860611563995672,-8.94032733064074
LEPROTL1,-9.817632555434443,-9.836301132616764,-9.698962685191988
DCTN6-DT,-12.802370624756849,-12.95750176170006,-12.789867582307336
DCTN6,-9.884005396868735,-10.027097464692751,-10.117706282496766
ENSG00000285669,-12.656454453453621,-12.596103090522087,-12.486549201088273
RBPMS,-7.115669733477225,-7.286263607306337,-7.371354879513833
GTF2E2,-10.183349821521468,-10.20939021335373,-10.235935164308223
GSR,-10.262104901422902,-10.377543849516249,-10.436337103678555
UBXN8,-12.030818362809898,-11.927854694536977,-12.240398115986682
PPP2CB,-9.537614309334536,-9.467199737526501,-9.5816635274747
PURG,-10.465400949460461,-10.260027660384225,-10.546719167364875
WRN,-9.089286946572544,-9.169176553377978,-9.208838080469873
NRG1,-11.264945634784741,-11.10049268875027,-11.504598316153123
ENSG00000247134,-9.368541047304452,-9.542864838621103,-9.273142505634368
FUT10,-10.363771672115702,-10.308654414789642,-10.35558806652709
TTI2,-11.087117565243581,-11.029503554438563,-11.333300176244057
MAK16,-10.801714732409476,-10.996607933340767,-10.92777308994203
RNF122,-12.342106845267663,-12.594168408132639,-12.790568737449366
DUSP26,-12.450796106503608,-11.73968117406045,-11.98381482806497
UNC5D,-9.0021388419115,-8.929873244052681,-9.465331574215679
ENSG00000253363,-12.2022471955755,-12.124585919759108,-10.577144598153868
ZNF703,-12.529583391580378,-11.942098084460683,-12.02822165248321
ERLIN2,-10.064762442156663,-10.216367084683306,-10.24238413048256
PLPBP,-10.274107451078532,-10.450675308808735,-10.357911298747416
ADGRA2,-11.222306771254457,-11.604628336137182,-11.723584759416962
BRF2,-12.04244762063583,-11.919434235940539,-11.965688743234633
RAB11FIP1,-10.370372472554807,-10.312907573048133,-9.972534173958689
EIF4EBP1,-9.55223418956738,-9.773295822491736,-9.559440555725102
ENSG00000286677,-12.52792371913649,-12.559427129310993,-12.811776692961867
ASH2L,-9.831490449619256,-9.88587656896142,-9.978064354733744
LSM1,-9.782976180313383,-9.817892554652772,-9.825560213773706
BAG4,-10.541000483576182,-10.638104819857157,-10.699268345996062
DDHD2,-10.196641273563653,-10.142122267452601,-10.272735053387276
PLPP5,-10.978736064383348,-11.00638445735985,-11.62959643588477
NSD3,-8.491852268137459,-8.47252956793973,-8.668310649308028
LETM2,-12.40061031098796,-12.766782845337431,-12.575340741131217
FGFR1,-9.334875990091842,-9.314757154084683,-9.600345353503517
TACC1,-10.455021495962017,-10.616804577627766,-10.489580390022901
PLEKHA2,-11.25819743393777,-11.86718669486032,-11.066063430999796
TM2D2,-10.807553960135213,-10.588969507489717,-10.688605189489637
ADAM9,-10.208028486402778,-10.113230007091492,-10.25500133759803
ADAM32,-12.040266310432477,-12.310708478225143,-11.952458095310643
ZMAT4,-9.461970898767511,-9.981225451066067,-9.918352693183158
SFRP1,-8.470993586119814,-8.524858360902172,-7.555807122644665
GOLGA7,-9.445492680725177,-9.540901354769057,-9.539730580418524
GPAT4-AS1,-12.572102663813038,-12.450646280116116,-12.819585535520007
GINS4,-11.925555147046591,-11.833904043092096,-12.106962320638194
GPAT4,-11.18438392080758,-11.342217183961651,-11.211075921894087
ANK1,-13.181341329253216,-13.074757484710204,-13.025816123897256
KAT6A,-8.942726178783861,-8.911008381799174,-8.911315781748534
AP3M2,-10.75518554427462,-10.801505942689362,-10.58158222860637
PLAT,-12.13993786689346,-11.982262829631019,-11.04572539978332
IKBKB,-10.910259384213456,-10.977040319990385,-10.973381338384934
POLB,-10.261054324288024,-10.281657194367382,-10.273069988664602
VDAC3,-9.032145748741343,-9.159840101277982,-9.009421648347034
SLC20A2,-8.390665829471823,-8.290403222616952,-8.536532211220683
SMIM19,-9.55532405539354,-9.640547907689921,-9.594510205332377
THAP1,-10.933306075496455,-11.041887807496195,-11.003916190854818
RNF170,-10.412165373302237,-10.358043321542699,-10.54971463593977
HOOK3,-9.359686821375158,-9.24575285483269,-9.352437334706805
FNTA,-9.764223929432818,-9.747447753571487,-9.766989093853633
POMK,-10.64149596508473,-10.572703784809669,-10.891651244101263
HGSNAT,-10.112771272428953,-9.972701816314096,-10.179344545388968
SPIDR,-8.730734810529345,-8.754501431196225,-9.03827281841925
CEBPD,-10.149878215776464,-10.599733818543957,-10.567221347671769
PRKDC,-7.952354540597005,-8.001116393861988,-8.142612266239972
MCM4,-9.887683628056733,-10.245843303365788,-10.287799631607916
UBE2V2,-9.4410704436274,-9.445694899552027,-9.475942114254845
SNAI2,-12.940365316362342,-12.578692678907522,-12.310342504225952
PXDNL,-11.670569159326169,-11.559703325571745,-11.820429552830271
PCMTD1,-8.712221676431389,-8.73584651052201,-8.848821278601598
PCMTD1-DT,-11.41467361858859,-11.26405985563838,-11.477982963591394
RB1CC1,-8.724438629208363,-8.77132002657609,-8.846389024577688
ENSG00000288818,-11.699022905981655,-11.692676274671475,-11.507393437101486
ATP6V1H,-9.348050621675405,-9.453014323385785,-9.471308655623048
RGS20,-12.234887642990069,-12.344181905742104,-12.742426264877126
TCEA1,-8.72849588368281,-8.848978757524739,-8.733840116662263
LYPLA1,-8.938054695077968,-8.994000467172201,-9.106360163445155
MRPL15,-9.441202724153984,-9.546376743107805,-9.697540132484665
XKR4,-11.67778111604252,-11.47606911311802,-12.780367361675788
TMEM68,-10.644697531809726,-10.583757975062348,-10.595305754739776
TGS1,-10.107238739460131,-10.161736131306565,-10.161388237453625
LYN,-10.301439725881032,-10.418782396644824,-10.201389047487924
RPS20,-6.884760794602328,-7.148305993366874,-7.092261232807976
PLAG1,-9.613141939561267,-9.497890093865626,-9.726997322318075
CHCHD7,-10.38208856369885,-10.339201771917558,-10.211538744421496
BPNT2,-9.816007260497697,-9.611701863260139,-9.948847540165477
FAM110B,-10.087181726408883,-9.903293443964113,-10.004322141789466
UBXN2B,-10.231819469257315,-10.15565687570652,-10.215773815101564
SDCBP,-9.20296883622227,-9.121592296268242,-9.154534212616978
NSMAF,-9.804762341157792,-9.927261634613432,-9.99877313516304
TOX,-8.95878781497955,-9.153816673306773,-9.937322557613617
TOX-DT,-11.52409129542009,-11.831736928097175,-12.06525019452554
CA8,-11.75587801129772,-12.135399452331495,-12.516140700630809
LINC01301,-11.320200687626073,-11.05817332791592,-11.071913778290202
RAB2A,-8.435186373840091,-8.36782474715223,-8.536008255973666
CHD7,-8.431363813426177,-8.499506569794848,-8.581374050534293
ASPH,-7.987300385433309,-7.880058318665199,-7.958138813670711
NKAIN3,-11.710488028669088,-10.975098837431416,-11.682827423056468
GGH,-10.910768035016934,-11.29216956988653,-11.466685685456637
YTHDF3,-9.44760395244739,-9.418099449258582,-9.536694931265256
CYP7B1,-10.687364617576552,-10.977093825212233,-10.955975200952643
ARMC1,-10.010881732110628,-10.054987330088988,-10.036804302624281
MTFR1,-10.885406568678704,-10.76711182692227,-10.666025192386293
PDE7A,-9.322414556526185,-9.313094758862682,-9.414845875720964
TRIM55,-8.317111897720723,-8.309889054313931,-8.180228565079023
ENSG00000287127,-12.271826535336967,-12.591419398039497,-12.415600245480288
RRS1,-10.824414688030275,-10.860590102120723,-10.613909741208847
ADHFE1,-10.893425983818888,-10.709005451499173,-11.026238057643525
MYBL1,-11.832215693920551,-12.095597889109495,-12.575086390057688
VCPIP1,-10.815990532696189,-10.873690858440831,-11.017243139725647
C8orf44,-10.28310304116694,-10.316282274525694,-10.606224556782172
SGK3,-11.232490071401608,-11.573227272635243,-11.129123252486478
SNHG6,-8.603789416949583,-8.676182439443801,-8.554926108014183
PPP1R42,-12.455834192152912,-12.68738743884912,-12.600245434364888
COPS5,-9.771617722668951,-9.872869804471394,-9.86444952913922
CSPP1,-8.970318384137444,-9.096589051750797,-9.170660073169234
ARFGEF1,-8.699271841017145,-8.656833893275083,-8.835015458779855
PREX2,-10.601260053771568,-10.385584496536934,-10.664567147099433
SULF1,-12.370759427864924,-12.305787867636905,-12.35380135978778
NCOA2,-8.361300716992625,-8.30718881271837,-8.538006629298938
TRAM1,-9.219659604201098,-9.20681333971189,-9.19425427827732
LACTB2,-11.203399363752629,-10.971489029527392,-10.773885081424915
EYA1,-10.94280727580358,-10.483836253090344,-10.988375720808948
KCNB2,-11.586730222958078,-11.56166151041495,-11.960604300479154
TERF1,-9.707252367454727,-9.826972293007511,-9.743225606904643
ENSG00000253636,-11.738904358690515,-11.84278570364559,-11.976986474729268
RPL7,-6.690054942265572,-6.940564875367546,-6.740241646490553
RDH10,-10.553104579543813,-10.86063915777045,-10.439778405431305
STAU2,-8.368963115866132,-8.366181088307023,-8.434125162682491
ENSG00000254538,-11.885125479792084,-11.840129608156394,-11.756553307057594
UBE2W,-9.188703551219257,-9.197818049661318,-9.34541465063
ELOC,-9.074456051885617,-9.13291403327552,-9.145379156386252
TMEM70,-10.455858605097267,-10.485116649749447,-10.378442946125082
JPH1,-9.425821058210683,-9.588992730055109,-9.806298000717419
GDAP1,-9.938247819357894,-9.970422654188225,-10.28788650545674
MIR2052HG,-12.005132995642136,-12.075395783730235,-11.793164697209837
CRISPLD1,-9.959888184198432,-9.917573841339667,-10.497685498052746
CASC9,-8.99217674693812,-7.736606568962573,-7.8805740113418
ZFHX4,-10.277788569305814,-10.264680190421952,-10.487370048083173
PEX2,-10.075653261338873,-10.224771083516558,-10.136726917776247
PKIA-AS1,-12.115165295713453,-12.005614028070656,-11.84288010878557
PKIA,-8.318831823141409,-8.381197019628816,-8.611053373300662
ZC2HC1A,-9.103503684077957,-8.88161889106931,-9.129996525086947
IL7,-12.186148161522965,-11.805409839843351,-11.855028009066427
HEY1,-11.238981830281872,-11.498555051530335,-10.54138522147988
MRPS28,-9.280613399145372,-9.363510002592188,-9.441147698128221
TPD52,-9.71626123357983,-9.961972611201343,-9.6951820548728
ENSG00000251867,-12.609535481284112,-12.579986503754931,-12.729468083157496
ZBTB10,-9.979820836934607,-9.921592088020347,-10.010958625116444
ZNF704,-8.049323204929118,-7.909863311060188,-8.289522010908248
PAG1,-10.764862828357213,-10.955277676279914,-11.857956501788673
FABP5,-8.574008515488577,-9.346524559911234,-8.509957320508567
IMPA1,-9.738687394145984,-9.873290564462183,-9.810838694077011
ZFAND1,-10.471646083553585,-10.397065868986566,-10.386381383374236
CHMP4C,-11.428316759993802,-11.321451447954848,-11.128441904784081
SNX16,-10.843152914277026,-10.81281604637935,-10.929737524277673
LINC02235,-11.344059293652014,-11.157124580835648,-11.400449558528486
ENSG00000254394,-12.147929571596778,-12.52715963003904,-12.563163094671662
ENSG00000254202,-6.486235170972753,-7.430776760297613,-7.905040965786378
RALYL,-8.092574683458372,-8.961758053938276,-9.174220719748234
LRRCC1,-11.032330058425291,-11.211414514686382,-11.028915398414178
E2F5,-10.006817839688594,-9.951509888338858,-10.002380325490167
RBIS,-9.445043027091595,-9.551993586468521,-9.33282107022787
CA13,-11.784080146148439,-11.876022107856715,-11.64208856254689
CA3,-12.167357199481561,-12.034312225837555,-11.896228247068871
CA2,-12.00980394608278,-11.912995134843685,-11.37970764973909
WWP1,-8.940898049472478,-8.801624738510135,-8.840650722780389
RMDN1,-9.29047956984903,-9.361640595250211,-9.504281481160966
CPNE3,-9.117803366954133,-9.278587544276936,-9.037554395282728
MMP16,-9.688005584620148,-9.871241406812779,-10.114564902796456
ENSG00000253553,-9.787247735976996,-9.938227852623715,-9.687852944564359
RIPK2-DT,-8.793042961363325,-8.644454728212953,-9.071394407882922
RIPK2,-10.93120669135334,-11.094788895856725,-11.045563455039236
OSGIN2,-11.30593089826861,-11.18332980574123,-11.244700393019398
NBN,-9.802913244211172,-9.924972560878288,-10.022807236261531
DECR1,-9.331467046566468,-9.555320409750102,-9.26704567564214
ENSG00000254180,-11.195846176478414,-11.06261233434485,-10.890598773097421
LINC00534,-12.956313787148892,-12.470662288188764,-12.14064245376543
TMEM64,-10.844163429597796,-10.931122706230658,-10.757345438978506
NECAB1,-12.794046079569227,-12.558776495919131,-12.215403394478562
ENSG00000289502,-12.553324821646235,-12.621527149284205,-12.298928292720413
C8orf88,-10.412088007795946,-10.373337675438652,-10.28025997874416
PIP4P2,-9.077842120859886,-9.344112285930446,-9.442393835287131
OTUD6B-AS1,-9.878654650019074,-9.831774318385444,-9.855580475427056
OTUD6B,-10.5515775558665,-10.582533152839899,-10.4461456413893
LRRC69,-11.386933365478479,-11.378868856494387,-10.91771576672463
RUNX1T1,-7.2999271178519365,-7.4550737196002785,-7.641260348001332
FLJ46284,-11.896483637149544,-11.9298116306335,-11.925615468327127
ENSG00000253197,-12.672937604329672,-12.856923681443144,-12.591669273771998
TRIQK,-9.667262168386667,-9.632126537073137,-9.622204936992901
CIBAR1-DT,-11.333474198566998,-11.322614989643755,-11.442007163404636
CIBAR1,-9.395536890198196,-9.577766822195693,-9.464265659166939
ENSG00000271971,-12.676877146278649,-12.799828399146893,-12.530340843542843
RBM12B,-9.897776993068705,-9.858409966903043,-9.838707174415276
TMEM67,-9.858357814266622,-10.086351277308887,-10.04873369227448
PDP1,-11.749592008284067,-11.758657694231475,-11.47598735477905
GEM,-12.969060613930358,-12.878698308533762,-13.053618606327303
RAD54B,-11.596286900024083,-11.57642828788304,-11.86707809017728
FSBP,-12.182574111936466,-11.769573217407382,-12.287528750567716
VIRMA,-9.680214617956308,-9.771436114279714,-9.820765116392753
VIRMA-DT,-12.581639956575227,-12.394793327163015,-12.44349016547074
DPY19L4,-9.775416480140288,-9.711206917578332,-9.915476620991686
INTS8,-10.411522223693442,-10.192592196850546,-10.308727801812873
CCNE2,-12.296933205522071,-12.552217801853633,-13.160329382976217
NDUFAF6,-9.692090514649346,-9.819237846112332,-9.928317113563148
TP53INP1,-10.618613204165088,-10.809041911971034,-10.843311947538524
PLEKHF2,-11.394679288154334,-11.243197986847287,-11.388306703399946
CFAP418-AS1,-11.258777781917312,-11.656644187924536,-11.097404526843492
CFAP418,-11.863170196859517,-11.444057388469647,-11.780349668985213
UQCRB,-7.76219622776682,-7.994695755330362,-7.740515905594071
MTERF3,-11.15428800636316,-11.108121227164212,-10.989731460175483
PTDSS1,-10.998623256457702,-11.11518509066733,-11.261061682255566
SDC2,-9.487471424396494,-9.532579441405304,-10.127704903094616
CPQ,-10.907014863230044,-11.165885905920632,-10.76112575499729
TSPYL5,-13.016590704040931,-12.365712543958375,-12.140302416257919
MTDH,-8.512445237229876,-8.545490097065882,-8.50279510063183
LAPTM4B,-7.155776785193044,-7.287374721975166,-7.453488679232914
MATN2,-9.42248623204102,-9.938537774125558,-9.322204268667045
RPL30,-6.591879187029944,-6.781269811426826,-6.663907081951243
RIDA,-10.290282374151678,-10.583163647794938,-10.16205356249445
POP1,-11.121319800628225,-11.380842535734656,-11.178540835617415
NIPAL2,-11.422501901025974,-11.203825212458053,-11.680584806384687
STK3,-8.680787929451531,-8.58111782072311,-8.750166546005754
VPS13B-DT,-10.771505547870268,-10.726552733167143,-10.73857707247746
VPS13B,-8.430351018448532,-8.39818077276292,-8.608782734719123
COX6C,-7.923240348516363,-8.050591803071713,-7.877581462695255
POLR2K,-10.046252839282646,-10.118353708053801,-10.019487871404152
SPAG1,-11.703977414163226,-11.571771051746724,-11.814389250339802
RNF19A,-9.152884803531302,-9.040254947688073,-9.070904912212463
ANKRD46,-10.630492062608253,-10.55844431756694,-10.427353818123779
PABPC1,-7.654020263971019,-7.8878972094512365,-7.769747489346266
YWHAZ,-7.622505020840836,-7.605165949940734,-7.679047327478499
ZNF706,-9.535600455930437,-9.49573886087231,-9.4710388232042
NCALD,-8.683664667606132,-8.846468737470575,-9.07795505238097
RRM2B,-10.75641793460484,-10.793293794665312,-10.863102760157531
UBR5-DT,-11.968253515362052,-12.039415442840339,-11.952962683171657
UBR5,-8.353780175998962,-8.355400758384226,-8.485350018909
KLF10,-11.333403031831464,-11.556524250378462,-11.149618532319922
AZIN1,-9.755547756056755,-9.561758913064876,-9.696104295493607
MAILR,-9.928279555485675,-9.840283805013906,-9.971086484361635
ATP6V1C1,-9.96215403185457,-10.082048686950733,-10.01166492696557
BAALC,-11.265846780865479,-11.674355842471902,-11.145714891258962
BAALC-AS1,-10.3561422532373,-10.884639241440928,-10.449153395933768
FZD6,-9.161549178831656,-9.6781235327377,-9.513490614287385
CTHRC1,-12.692092638821324,-12.877770024882121,-11.078799399007593
SLC25A32,-10.373211141548463,-10.279349243970158,-10.279461879735226
DCAF13,-9.717856582884316,-9.922040821911954,-9.78859758014441
RIMS2,-9.47836660563181,-9.680741879487917,-9.884120767004479
LRP12,-10.102977997435948,-10.243799145809357,-10.318999201672924
ZFPM2,-7.71710155702266,-7.707867978265119,-7.678425846806795
ZFPM2-AS1,-11.034020467211992,-10.959942675632877,-10.941985972448375
OXR1,-9.10948464096335,-9.023625530781468,-9.472084541811565
ABRA,-12.43775540540468,-11.528506460926748,-13.294853161909748
ANGPT1,-6.915886880136156,-7.824420055118208,-7.574656314024224
RSPO2,-10.947740164860496,-12.03363194805028,-11.300598106131504
EIF3E,-7.6464843051524145,-7.867491140838359,-7.709894697240991
EMC2,-9.739663693065244,-9.839219180222806,-9.817060936841239
ENSG00000253796,-12.288997409461627,-12.547980241625503,-12.43186144469528
NUDCD1,-9.943229728312827,-10.022872185939159,-10.057583721555677
ENY2,-9.000215697202655,-9.229983229622642,-9.110844763447975
EBAG9,-10.501538250285902,-10.427926475594099,-10.418827372505197
LINC02237,-10.676534966230072,-10.281638022737743,-11.358198490168649
TRPS1,-8.905436273727629,-9.138965748003914,-9.054415193285168
EIF3H,-8.243070086577966,-8.394760815098897,-8.348997245746103
UTP23,-10.258177325114984,-10.323671680410314,-10.264985967980234
RAD21,-8.488159971388994,-8.530409581061035,-8.685542371623276
AARD,-12.72895964683659,-12.271004415472168,-12.888746614332952
MED30,-10.909834002319366,-11.098508087851146,-10.85410546337904
EXT1,-7.862693654199081,-7.909007832746278,-7.982603793321895
SAMD12,-10.175365590543088,-10.05741215409478,-9.947936298012207
ENPP2,-12.89733427551452,-13.416398801997627,-12.638138662823652
TAF2,-9.765801866535277,-9.751002505263926,-9.88654178342053
DSCC1,-11.607302449493995,-12.08670139469982,-12.239825838673982
COL14A1,-9.283726517306269,-9.341942918802516,-9.193984447588093
MRPL13,-9.233390611985126,-9.430797225431576,-9.246940517159356
MTBP,-10.694825597078008,-10.76718303293477,-10.92604488812029
SNTB1,-12.94081537839001,-13.225663082088758,-13.201303270674979
HAS2,-9.13025502724067,-9.040937959029065,-9.352091473401297
HAS2-AS1,-12.21818607546671,-12.049233873861805,-11.343398939229408
ZHX2,-9.058777423236878,-9.207601181264824,-9.620430654265807
DERL1,-10.513423097192227,-10.472286272203904,-10.551302675659098
TBC1D31,-10.602459300505739,-10.586214206786073,-10.733632355961621
C8orf76,-10.488015816481578,-10.4821803424733,-10.511219509526509
ZHX1,-9.514394333816258,-9.485988546492745,-9.495717724819663
ATAD2,-9.345034985488288,-9.461193668751891,-9.521729737334825
NTAQ1,-11.021207891257111,-10.986690819959883,-10.91844978706099
FBXO32,-8.844466001736313,-9.063711277815143,-8.545423797173017
FAM91A1,-10.237831480717622,-10.285879793189403,-10.363131430468677
ENSG00000214803,-13.051239833926328,-13.15489370635728,-13.05636737006571
TMEM65,-9.010510553016463,-9.127771047660062,-9.157480342469954
TRMT12,-11.678293459947842,-11.780617036427502,-11.764131219175594
RNF139-DT,-12.82171531400832,-12.414295477314562,-12.815147268840384
RNF139,-11.072119669196185,-11.029969142990275,-11.114045543011006
TATDN1,-9.695670093458062,-9.732719353431106,-9.680327908847893
NDUFB9,-8.703291204105895,-8.809401808685184,-8.64388785598562
MTSS1,-8.527295812098,-8.709630682487651,-8.592947687525713
LINC00964,-12.296135348900652,-12.806599429005589,-12.14283491698821
SQLE,-9.813524604823003,-9.576658424692706,-9.887912196374756
WASHC5,-10.334607472123686,-10.35820577934209,-10.45197130885925
NSMCE2,-8.590180049916057,-8.565912353459627,-8.719271795012286
TRIB1,-11.097565114703688,-10.96817537682452,-11.625937389484273
LINC00861,-10.195620493978257,-10.127225464520604,-12.832544458104799
LRATD2,-9.842665821981376,-9.892374608427184,-10.517853473898462
PCAT1,-8.632835114131696,-8.764077671266367,-9.461458027410465
CASC19,-12.478675051346325,-12.558944063526516,-13.004400479151004
PRNCR1,-12.396725890920536,-12.33058341253429,-12.929514523523114
MYC,-13.283287563976632,-13.144717029506241,-13.256228866488891
PVT1,-11.279555038126432,-11.674659278055824,-11.656541720803494
CYRIB,-9.086984108445206,-9.084600686728962,-9.162204595257622
ASAP1,-7.8401900013408365,-8.054117876725067,-7.945898033685602
ADCY8,-10.374459273911093,-10.555624651451891,-11.54691277682539
EFR3A,-9.338679663352037,-9.355233738218868,-9.481996279579423
KCNQ3,-10.641730020525301,-10.683876510020218,-10.42500914136541
DNAAF11,-11.39727058652981,-11.451185450368412,-11.572561949665882
PHF20L1,-8.846556960983643,-8.843507612872033,-8.873764458480073
NDRG1,-12.436616658209974,-12.807158212587463,-12.355353783538963
ST3GAL1,-10.105669256957086,-10.474650450504685,-10.117272685935093
ZFAT,-11.026814154848282,-11.024830337221225,-11.02216784710269
ENSG00000289405,-10.018603672620543,-10.497500768939897,-10.100396038704563
KHDRBS3,-10.843146529833561,-13.034001117139159,-10.479873637660518
TRAPPC9,-9.20499106711039,-8.90348644027069,-9.071691217038351
CHRAC1,-10.854565370321628,-10.558601597080639,-10.904718220434914
AGO2,-9.15557916713165,-9.178377320939163,-9.319167786407249
PTK2,-8.10895498465021,-8.146242357933021,-8.25250232381752
DENND3,-12.418012959327699,-12.490001752467023,-12.602174693608744
SLC45A4,-11.851078403796825,-11.778872346524368,-11.931901063097541
PTP4A3,-10.809748896185603,-10.868059386720208,-10.674557175398425
TSNARE1,-11.323487914346966,-11.34095611907083,-11.426343911907894
JRK,-11.63213677297276,-11.729896308213831,-11.881362009457835
THEM6,-12.14463325377618,-13.1281444923287,-12.224318652302097
LY6E,-10.447360583635847,-10.688862922393062,-10.439310690626575
LINC02904,-12.227142164284638,-12.418040136154348,-12.386049060101799
ZFP41,-11.6210370769525,-11.782575732334118,-11.979565316697732
GLI4,-11.768339367294528,-11.831076401093409,-11.925047331828669
MINCR,-12.053772737333803,-11.90250190200461,-11.995018165964208
ZNF696,-11.77362497163968,-11.750288266864352,-11.897850848057656
TOP1MT,-11.825175136648234,-12.014860835144182,-12.084623321597519
ZC3H3,-11.584004485882733,-11.73038210772753,-11.702573658892282
EEF1D,-8.561723916713571,-8.684070259827594,-8.754266450984785
TIGD5,-11.896832993690722,-11.951402566596649,-12.0322046193656
PYCR3,-13.286256613169803,-13.278882910879991,-13.093878763800472
GFUS,-11.315566382620208,-11.463603817068616,-11.639740267087136
ZNF623,-11.517486186549764,-11.352613481109994,-11.72405116309877
ZNF707,-12.322476117861546,-12.472783944934864,-12.807332517569844
FAM83H,-12.584642068507101,-12.734731260720354,-12.90222254771884
IQANK1,-12.058194660996932,-12.116320455891758,-12.185484795190662
SCRIB,-11.757752737503601,-11.797186535071868,-11.793721937610352
PUF60,-9.729001956616719,-9.85250952011715,-9.988183199990313
ENSG00000287222,-12.251458907904725,-12.41334877245048,-12.300774668167163
NRBP2,-11.39538848507379,-11.344520760985182,-11.541949206760117
PLEC,-11.177742318928741,-11.053998597475264,-11.320514177915532
GRINA,-10.540371078773056,-10.487874323110212,-10.723589789482942
EXOSC4,-10.689011826984435,-10.881265784221922,-10.750880157628247
GPAA1,-10.623293261028929,-10.708024433864114,-10.755177028138071
CYC1,-9.149882360417406,-9.37429009960319,-9.181895346699859
SHARPIN,-11.081042132344654,-11.167484694945776,-11.15135726892976
MAF1,-10.15591813192738,-10.344923021018051,-10.30430416577097
HGH1,-12.573711278105012,-13.013013229210255,-12.685219773848809
MROH1,-10.903203593886081,-11.152278963500697,-11.028843908728067
BOP1,-12.034797930409239,-12.53807711769434,-12.311891726733457
HSF1,-10.42357080426741,-10.668474887928769,-10.477033736593315
DGAT1,-11.97828833859074,-11.896017417910283,-11.918538155907083
SLC52A2,-11.554320445541848,-11.62717136820105,-11.706507620499009
FBXL6,-12.427796785108438,-12.322229239128221,-12.66069402205943
ADCK5,-11.849049459963005,-11.784375181180057,-12.037421496074039
CPSF1,-10.804904016872802,-11.135809381648679,-11.243216997811324
VPS28,-9.509058827134558,-9.65065877101004,-9.606481903449207
TONSL,-12.34364261266349,-12.518558988859477,-12.949958777278056
ZFTRAF1,-12.502723868743443,-12.743755844724292,-12.97725858475457
TMEM276,-10.74668140489596,-10.69317783466824,-10.811576875365583
KIFC2,-12.635926467846675,-12.330179184295357,-12.569068954135583
FOXH1,-11.51852152592039,-11.459551269947124,-11.28039305529642
PPP1R16A,-11.388986816751064,-10.599192362325992,-10.178816251658592
MFSD3,-11.183598716836274,-11.321004651697761,-11.05439506223778
LRRC14,-12.22485578820957,-12.213941278084011,-12.309273602513937
C8orf82,-11.439300069862831,-11.480985491963754,-11.511762140440919
ARHGAP39,-10.717460679855144,-10.788633573568156,-10.750063833761965
ZNF251,-10.227319669601345,-10.262718665741822,-10.32805533522919
ZNF34,-12.253564270165224,-11.939719786743877,-12.157731539613081
RPL8,-6.5974381546791365,-6.783370167602092,-6.624705424153466
ZNF7,-11.371024030748528,-11.274258531885312,-11.392480455285522
COMMD5,-11.173046214896196,-11.197608051927443,-11.078576397318319
ENSG00000286681,-12.613489723426156,-12.872850172281021,-13.068337988906464
ZNF250,-11.465309551377873,-11.332138111580424,-11.39040053503337
ZNF16,-11.141405825003911,-11.256747243091347,-11.367884745193003
ZNF252P,-10.551562931931512,-10.564158067820042,-10.694326312873473
C8orf33,-10.328227057078479,-10.246046958672547,-10.231890187939484
WASHC1,-12.56748677694814,-12.370315235414035,-12.415017730161651
ZNG1A,-10.12888462022903,-10.272900594827977,-10.211593835368518
KANK1,-8.578327888745777,-8.307929020966204,-8.887534387503194
SMARCA2,-9.766937833245233,-9.70850882733648,-9.77443259641962
VLDLR-AS1,-10.09747004709762,-9.70289149475747,-10.011262249436012
VLDLR,-10.556229749809399,-10.398137378734921,-10.765492650059569
PUM3,-9.1727379470997,-9.272599879783193,-9.276913733140947
RFX3,-8.756435161220486,-8.792832959755318,-8.99163699000158
RFX3-DT,-10.33748257862356,-9.556153573473537,-9.212485486836213
GLIS3,-10.597746091986814,-10.686586467238659,-10.179922769313382
SLC1A1,-11.863486789759682,-12.518955159598649,-12.181119246861998
SPATA6L,-12.197105312396737,-12.356705399567465,-12.101898540588516
PLPP6,-11.981917519706917,-11.974581121128448,-12.077744200379826
CDC37L1-DT,-12.36407467502507,-12.28829521136966,-13.045110263331154
CDC37L1,-10.096186327879732,-9.983087376723867,-10.041983666122645
AK3,-9.16692124499525,-9.145749995709675,-9.033385470986863
ENSG00000287759,-12.182328062997868,-10.565792368273508,-12.703261170444927
RCL1,-10.773853599868954,-10.909600447952148,-10.86954382689583
JAK2,-10.12227348203713,-10.2709352371806,-10.334365784410824
PLGRKT,-10.733899234675985,-10.784817392664438,-10.544739450073054
ENSG00000286162,-11.216800232074391,-11.27553493468863,-11.505559799596323
RIC1,-9.587682802554864,-9.582070480706575,-9.657002478137139
ERMP1,-10.341517268606175,-10.328612552515438,-10.390861201796582
KIAA2026,-9.0673676108563,-9.064483616782693,-9.10877301591346
RANBP6,-10.350911120695157,-10.2750952760728,-10.410613026736998
UHRF2,-9.738416259814674,-9.891372854667424,-9.870011509625208
GLDC,-11.875688542527127,-11.438092904552537,-11.820396525155928
ENSG00000236924,-12.624935689921356,-12.378323279558446,-12.644747090328456
KDM4C,-9.12336151852672,-9.254219517841959,-9.258121237110508
DMAC1,-8.951699013087964,-9.121289898588513,-8.88554255956611
PTPRD,-6.823010440337212,-6.666563856409045,-6.953150771330472
PTPRD-AS1,-11.318642970786193,-11.421680348815046,-11.303240656458525
LURAP1L,-11.780823702010512,-11.918549156362028,-12.377356995962613
MPDZ,-8.478144984822347,-8.575529102896542,-8.620665716505872
NFIB,-9.60426896532924,-10.211334455050801,-9.698489489615152
ZDHHC21,-9.44624368109762,-9.380775393603347,-9.548775141763606
FREM1,-8.433228916911473,-8.744756568076754,-8.454009461131221
ENSG00000291185,-11.768542814475891,-11.422428810138975,-11.232319619957742
TTC39B,-11.740700095624932,-11.524043439310736,-11.611161729596706
SNAPC3,-9.671645950954012,-9.648745698010629,-9.742197840258848
PSIP1,-8.358530586223397,-8.544349673981412,-8.47766182424896
CCDC171,-9.632202049313165,-9.317475015106856,-9.51418576355082
BNC2,-11.276124660549659,-10.542159577467014,-10.168665508065152
CNTLN,-9.550889313631888,-9.939007238647159,-9.619757027812812
SH3GL2,-12.977101236127696,-12.751542070216523,-11.722512498299368
ADAMTSL1,-8.39811164577807,-9.674844268743376,-9.177541402077319
SAXO1,-12.589031610927572,-13.06027283815701,-12.658701739810002
RRAGA,-10.15413072832707,-10.135404203950367,-10.005811217097833
HAUS6,-10.280616784626305,-10.319878202745425,-10.402974565272848
PLIN2,-9.884202941540996,-9.421353418587232,-9.546290419088907
DENND4C,-8.70793099573457,-8.553348202678704,-8.753520903168248
RPS6,-6.2430504652549965,-6.514686436996221,-6.41228842560026
ACER2,-11.957474302626377,-12.406708563849184,-12.147660043625134
MLLT3,-7.670181814392322,-7.984155436140401,-7.6167714858221816
FOCAD,-8.46550849557315,-8.411081917384132,-8.46288342650354
KLHL9,-10.129653736107281,-10.16097557745518,-10.123201504637679
MTAP,-8.98947096862575,-9.125800601165388,-9.104542811628809
DMRTA1,-12.93456249360939,-12.301398461007373,-12.339719701376959
LINC01239,-12.987021670951991,-12.20316701778302,-12.036526745620472
ENSG00000283982,-12.174710894793066,-11.855432412109424,-12.37188373456471
ELAVL2,-11.172439895275666,-11.052690524184442,-11.344393586665086
TUSC1,-12.71754069050894,-11.494301543324472,-11.134667678479044
CAAP1,-9.594838454588329,-9.610138316766456,-9.626698032247171
PLAA,-10.126147372475867,-10.15186729995153,-10.154125971455722
IFT74,-9.539715225477101,-9.6654516681609,-9.698766599603383
MOB3B,-11.215878512413836,-11.134700359394293,-11.506723788513053
C9orf72,-11.072975571871481,-10.853969604426874,-11.075465133046293
LINGO2,-10.346843407666949,-10.120502029752021,-9.352618156226189
ACO1,-10.077219392716598,-10.100325185098063,-10.050051930674579
RIGI,-11.371717001132518,-11.152114525257529,-11.409769771600487
TOPORS,-10.18860231586469,-10.156224363677387,-10.26026676524781
SMIM27,-11.505027039106286,-11.45260813509774,-11.391347022074415
NDUFB6,-9.047682455302654,-9.156324634500988,-9.075209650946325
APTX,-9.97281174260661,-9.87523090360385,-9.958070624375871
DNAJA1,-8.058884440131434,-8.1360816746367,-8.189218351880836
SMU1,-9.483759513169453,-9.502822468114914,-9.486689786152334
B4GALT1,-10.480074403656806,-10.27874469856439,-10.424138499756905
BAG1,-8.97332446465552,-9.192769281369076,-9.124013204205305
CHMP5,-9.341294719383665,-9.438206210379631,-9.407272333337467
NFX1,-9.673069997901832,-9.767339419443847,-9.82460693589146
NOL6,-12.477819228092095,-12.420152247786904,-12.35762418093253
ANKRD18B,-12.452622338310274,-13.081043188669202,-12.848516780675075
PTENP1-AS,-12.092739197177492,-12.593621018926605,-13.027131057911866
UBE2R2-AS1,-12.286516162887645,-12.382169245042931,-12.607907831399977
UBE2R2,-8.757267824808737,-8.78360875654758,-8.803107874655339
UBAP2,-9.317067997770494,-9.228675721508948,-9.438963229828495
DCAF12,-10.453433216891684,-10.465875075280666,-10.63584450848506
UBAP1,-9.677767243063489,-9.576226965434335,-9.812615495809018
KIF24,-11.626139332025671,-11.77600235227383,-12.215133589194952
NUDT2,-10.758719508097455,-10.722728647123255,-10.963730577216783
FAM219A,-11.704615551169287,-11.810892454918529,-11.695523038243161
CNTFR,-11.866419193050318,-11.711602663435142,-11.823652646765689
RPP25L,-10.4628985976542,-10.643383181360166,-10.496660381232031
DCTN3,-9.83895458626435,-9.975072254292133,-9.910234938400736
SIGMAR1,-10.683422778601587,-10.951358720735701,-10.84359231557062
GALT,-10.931464326050174,-10.987157220187488,-10.89530409930849
IL11RA,-11.497528321180866,-11.534925685462529,-11.589787417650035
ENSG00000187186,-11.930609910656846,-11.79607787834691,-11.713527344542866
ENSG00000230074,-11.9118827456689,-12.778979170076495,-12.48101447899417
DNAJB5,-11.683143018917693,-11.48517531888676,-11.612657814973055
VCP,-8.802727528157417,-8.832292989459974,-8.859874252493633
FANCG,-12.200665954653543,-12.613661676148531,-12.905990526339849
PIGO,-12.10754919795714,-12.241866506432093,-12.496084107345414
STOML2,-9.41373758521833,-9.621666530715723,-9.447566305255316
ATOSB,-12.551067183089577,-12.30709105537111,-12.39549535476474
UNC13B,-9.855598785559664,-9.879233111164812,-9.83534280987921
RUSC2,-10.808168294921712,-10.677953268722774,-11.015711051572508
TESK1,-12.293791445432435,-12.180522458407298,-12.275105648757126
CD72,-12.78412169385219,-12.940521867844094,-13.213780295959271
CCDC107,-10.4323440825433,-10.302804559289676,-10.484462551651104
ARHGEF39,-12.233201562261742,-13.102269990014307,-12.633103297187573
TPM2,-8.090922149639928,-8.078448821134778,-8.189647040246799
TLN1,-8.68073223530312,-8.703571969414613,-8.831678719116905
CREB3,-10.719706551468978,-10.754045636084388,-10.905597724062341
GBA2,-10.305759222649995,-10.196186326953502,-10.257270721288734
RGP1,-10.961506813513,-11.005952637541148,-11.13949432455397
ENSG00000227388,-12.414122195356256,-12.583684346560835,-12.616142817041757
NPR2,-12.970267322287917,-12.700319147821084,-12.96696788583836
HINT2,-10.283571015600462,-10.37972191293045,-10.327613716375103
TMEM8B,-11.953169650638644,-11.97785771079888,-11.965818130970831
RECK,-9.82994562313983,-9.911579721087122,-9.945878600116398
GLIPR2,-11.06144197964314,-11.54279780273836,-11.359291289334271
CLTA,-8.756205102701438,-8.867490516286454,-8.822176116277047
GNE,-11.43528573403671,-11.390924853220923,-11.42516481474053
RNF38,-9.184020772504685,-9.217495496091939,-9.244242961606592
MELK,-10.973551855290035,-11.245688596787204,-11.725821264483065
EBLN3P,-10.147663435221165,-10.065998245892628,-10.25590578359339
ZCCHC7,-8.364936470995817,-8.336215386594462,-8.505603407637047
GRHPR,-9.39546533574494,-9.489283868758713,-9.470254727123706
ZBTB5,-11.067827427555947,-10.923588590313566,-11.176327629720834
POLR1E,-11.33438447336004,-11.27909373482286,-11.385040346630046
FBXO10,-10.897775927802533,-10.946008650304387,-11.032745556516026
TOMM5,-9.17808164038069,-9.379913512938549,-9.268193144810652
TRMT10B,-11.07699694771537,-10.86740541670751,-11.028478028727244
EXOSC3,-10.207697902447482,-10.171193498763131,-10.175350655251206
DCAF10,-9.18054257207903,-9.174455994924344,-9.215067879111379
SLC25A51,-10.661762812191867,-10.617792365816404,-10.828149640093827
SHB,-10.501702698242848,-10.428448636910671,-10.730651671318283
ALDH1B1,-11.774546344307424,-11.708600217009963,-11.973603205138884
IGFBPL1,-12.778554209958369,-12.364936921502755,-12.392193637046919
ENSG00000291061,-12.699361534085572,-12.461560789437785,-11.47850377678964
ANKRD18A,-10.132650778826337,-10.367306259432532,-10.402220422316761
CNTNAP3,-11.655100658437116,-11.409461106340677,-11.837013556111428
GLIDR,-11.334342826568887,-11.836148412900537,-12.23476051426859
ENSG00000291075,-9.364585855992571,-9.611409320674806,-10.57245085485788
PGM5P2,-10.693106284822445,-11.275527386947976,-11.674578674300136
ZNG1F,-11.811188232761454,-11.991771425185457,-12.646779197055771
ENSG00000288891,-11.543014520269184,-11.098566566899429,-11.66601761208536
CNTNAP3B,-11.147819007530297,-11.218389240839262,-11.54602165107232
FAM27C,-11.470904982177851,-11.688014080352893,-11.861900267504572
ZNG1E,-10.996380820729211,-11.153326461631247,-10.83096052105304
ZNF658,-11.954610990266893,-12.031352992383615,-12.092776145319164
ZNG1C,-11.289999912829474,-11.410553196622553,-11.714736757114935
PGM5,-8.966329261191898,-9.032891350577149,-9.216138693847238
ENSG00000229019,-12.950668788789896,-12.91700268604322,-12.891738315655916
PIP5K1B,-10.622216896689924,-10.441632477490556,-10.265860936063667
PABIR1,-10.873483382508834,-10.818628179706302,-10.844494048716616
FXN,-10.141700923053225,-10.154843948625949,-10.11028181640371
TJP2,-9.945377723843027,-9.872282208567162,-10.279441135587428
BANCR,-10.921932393988264,-11.07783712462322,-10.70472878557115
ENTREP1,-7.645080205732984,-7.632516708407486,-7.824607758570596
APBA1,-12.23466544284882,-12.352770832709787,-12.205226102312714
PTAR1,-9.585986306290906,-9.564357453678392,-9.59473451734883
MAMDC2-AS1,-12.030413653768163,-11.797328752157982,-12.309629190849112
MAMDC2,-13.124773309677458,-12.907694599822763,-13.024956309198755
SMC5-DT,-11.505242213745294,-11.378633808175586,-11.687309315626786
SMC5,-8.943572205809136,-8.998233019210542,-8.987333001456069
TRPM3,-9.292517339828079,-8.638722997604868,-10.596679234051686
CEMIP2,-9.479923744134615,-9.638738827784218,-9.753862792904986
ABHD17B,-10.07065614794541,-10.107391160023404,-10.10081011624792
C9orf85,-9.858722695687282,-9.881306927138557,-9.927964813005719
ZFAND5,-8.820590816902984,-8.780944643298113,-8.844787549979513
ANXA1,-11.70756003911538,-12.349674928464676,-11.771363323716429
ENSG00000232590,-12.52812919149952,-12.50321219059577,-12.24092589297054
C9orf40,-11.733038479004238,-11.600584847958794,-11.818302549985354
CARNMT1,-9.979099426716907,-9.866212083764136,-9.882439343516749
NMRK1,-11.909878909419271,-11.938971074804698,-11.83881649430793
OSTF1,-11.100780190462016,-11.000833482482822,-10.953040231041536
PCSK5,-10.831939318921439,-10.633537809936897,-10.491659948013291
RFK,-10.695799164575757,-10.713518113761996,-10.415376575759998
GCNT1,-12.156218618506722,-12.136169696228874,-11.866641302255406
PRUNE2,-11.866397015125804,-11.890832495326542,-11.373403362664588
VPS13A,-8.784890963067472,-8.52589116996869,-8.93603498266033
GNAQ,-8.41977841324174,-8.429638386929764,-8.601250036273386
ENSG00000289440,-12.882424278943397,-12.826925713390242,-12.701800077344718
CEP78,-9.958130060576211,-10.009149139423819,-10.040863579663526
PSAT1,-10.726212731025027,-10.78170300374378,-10.586431972219629
TLE4,-9.80675112262017,-9.618548678214049,-10.099122147381415
TLE1,-12.321067230961372,-11.971677523587472,-11.599295773299612
FRMD3-AS1,-12.28559395076087,-12.251570639038041,-12.568455793190644
FRMD3,-9.683117844179762,-9.381422686994068,-9.7409920078781
IDNK,-11.958796651516693,-12.347742076360735,-12.152559973516281
UBQLN1,-9.42034779019532,-9.37547249311085,-9.493323576498437
UBQLN1-AS1,-13.200847510240445,-13.084810142618148,-13.048591149616703
GKAP1,-9.924958803662731,-9.857229888108778,-9.89521573493569
KIF27,-10.790326145974392,-10.75281207701924,-10.837013390847922
HNRNPK,-7.730531188718736,-7.868116073925716,-7.830895532387762
RMI1,-10.88751496657821,-10.93712583817963,-11.10184299511789
NTRK2,-11.934889406065503,-11.869537205365921,-12.274063007562084
AGTPBP1,-9.01573883480695,-8.975601228940599,-9.282833418697692
ENSG00000230303,-11.797080500473646,-11.285984085410693,-11.873447792120789
ENSG00000290924,-10.596877637810278,-10.61245087837217,-10.733231404087848
NAA35,-9.19346988674152,-9.182455997075913,-9.24961376997895
GOLM1,-9.53971021943488,-9.47685114174277,-9.527623232787413
C9orf153,-11.926856144248699,-11.718232824257717,-11.626859284353403
ISCA1,-9.848009890726907,-9.927391093006598,-9.860772292751701
TUT7,-10.004155202559842,-9.911093936708586,-10.112878936497564
GAS1,-11.917446363798858,-11.631184696891603,-11.638936236098521
GAS1RR,-13.055157829880816,-12.932715156295496,-12.924888391686265
DAPK1,-9.841855226034832,-9.781634056751027,-9.933730912250706
CTSL,-10.05260932464021,-9.911474768213822,-9.827317812669143
CDK20,-12.883834053516054,-13.170990877314592,-12.813298717756025
SPIN1,-9.0999615083754,-9.051766783793873,-9.084113352775626
S1PR3,-12.066798902490294,-11.944814896690616,-11.88325991769714
CKS2,-9.826802820458722,-10.359108260759433,-10.070999049152775
SECISBP2,-9.561665345374506,-9.495127438462893,-9.605923103183802
SEMA4D,-10.727577117076116,-10.732698206175304,-10.975729651956783
GADD45G,-11.02552745534797,-11.203651577009197,-10.929472091712766
LINC01508,-10.56241942621726,-12.621856387074109,-10.885487246858617
LINC02937,-11.996423134227065,-12.151546732564503,-11.847315557113227
AUH,-9.014211840222698,-9.079853973578276,-9.130892250630344
NFIL3,-10.356873212382375,-10.423206691787389,-10.477092336712602
ROR2,-8.784515509115616,-9.041560849263371,-8.711583527731097
SPTLC1,-9.912260680289211,-9.953122863364614,-10.122795971060475
IARS1,-9.065224652266341,-9.08333831121818,-9.010601869841052
NOL8,-9.891636703564444,-9.896463600116139,-10.00019887311823
CENPP,-9.610912645410592,-9.69275428221583,-9.767316724632323
IPPK,-11.661794093993413,-11.675306085986191,-11.631111149166513
BICD2,-10.815258817106143,-10.924975922857353,-10.833689437088937
ZNF484,-11.337698164190398,-11.243526109929775,-11.41015231967074
CARD19,-11.644158127325525,-11.521952768425491,-11.164406828591932
NINJ1,-12.034795965633947,-12.002051209851544,-11.950622879173919
WNK2,-9.443542517643296,-9.455769045392877,-9.355563426694681
FAM120AOS,-9.542566294159492,-9.73786611214539,-9.731754950431132
FAM120A,-9.399172324122116,-9.569479167843387,-9.628712785651254
PHF2,-10.559136261205518,-10.618000961080385,-10.764169990703905
PTPDC1,-11.21803150689618,-11.100327695193227,-11.110492124643503
MIRLET7A1HG,-10.540961873147666,-10.34411159273566,-10.58314619561968
ZNF169,-12.049770954135338,-11.902516899423944,-12.049494246219538
ENSG00000232063,-12.36363830457122,-11.79526907287492,-13.065690007398358
MFSD14B,-10.107670388925346,-10.193834912470507,-10.355775004160249
ENSG00000286850,-10.17817038634067,-10.679285956418926,-10.758028596447206
PCAT7,-9.948724423123581,-10.271385505567158,-10.553584828923622
AOPEP,-8.770474772274127,-8.727556772901265,-9.039006699323131
FANCC,-9.26092623743211,-9.391643216272703,-9.38976854748272
PTCH1,-9.849612727804388,-10.103508777636593,-10.474787038437444
ENSG00000271155,-12.785215502837406,-12.521817949159411,-12.839048196160153
ERCC6L2-AS1,-9.907316621790685,-10.111760191298124,-10.521103250087464
ERCC6L2,-8.862151995624396,-8.839477835368884,-9.028557738590326
HSD17B3,-11.95504005023873,-11.671568000634943,-11.78782959129547
SLC35D2,-10.277855809834993,-10.245653094951255,-10.500091491800232
ZNF367,-11.946882597742345,-11.805832389508163,-12.649209827452493
HABP4,-9.88364582551694,-9.776990971899332,-10.054190543645278
CDC14B,-8.773490032378463,-8.809240930070256,-8.973516321206843
PRXL2C,-10.462017705171546,-10.608299133479983,-10.584140767223884
ENSG00000224848,-11.602270292360375,-11.195470410240889,-11.767923270111316
ZNF510,-11.066246142129796,-10.873151077782213,-11.14650089500624
ZNF782,-10.295603085276747,-10.329728783199506,-10.204473436990822
MFSD14CP,-9.18327060255629,-9.273382217919352,-9.351166904360763
CTSV,-9.302727078925475,-9.724942823563454,-9.083488531493026
ENSG00000203279,-10.969149529260985,-11.32715813288353,-11.386905621565534
CCDC180,-11.222719565145882,-11.468144457490224,-11.441243080914472
TDRD7,-11.728617989046972,-11.814104947429247,-11.850174935935321
TMOD1,-8.368870264928287,-8.551042761790152,-8.421668769999714
TSTD2,-10.131308639242661,-10.033152596144053,-10.094329344284796
NCBP1,-9.802552221404401,-9.927880191397701,-9.892746781501268
XPA,-9.903210491309785,-9.941941824015819,-9.879842420715592
TRMO,-12.062905188237398,-12.200531536080891,-12.016036395731444
ANP32B,-8.180148188698997,-8.42534117046092,-8.257022018726273
NANS,-10.743739555932748,-10.90244103425955,-10.601368866199566
TRIM14,-12.944070886960017,-13.27013630489706,-12.781673746097434
CORO2A,-12.622609333276532,-12.090263120698202,-12.312825499853407
TBC1D2,-12.949172956626892,-12.915325273363623,-12.785739114508592
ANKS6,-10.731084163732008,-10.634394954983101,-10.617945071435114
GALNT12,-12.45710976998204,-12.536576754984036,-12.023240355233426
TGFBR1,-9.869294440627751,-9.781300413031074,-9.802815390174255
ALG2,-10.170519405685091,-10.186595134791354,-10.239899234244378
SEC61B,-8.790908534159303,-8.962643816325476,-8.757109177893682
ENSG00000237461,-12.344821398162063,-12.672976568644165,-12.356627528351025
STX17-DT,-12.215906711769446,-11.674341235356525,-12.249567257170048
NR4A3,-10.624546410002646,-9.698097932673237,-10.929517942780691
STX17,-10.033386869864081,-10.04215514126905,-9.893622834445354
ERP44,-9.460455687936678,-9.437430961823976,-9.548611746426406
INVS,-9.120361070318383,-9.040228944571469,-9.210559870430243
TEX10,-9.931515207536059,-10.02159578177132,-10.055470960690661
MSANTD3,-10.183176702157054,-10.206248829098268,-10.169847304612817
TMEFF1,-9.662338826879045,-9.677012902298696,-9.869072304971457
CAVIN4,-11.516617390478578,-11.380676598424634,-11.887494950349097
PLPPR1,-11.293943126190198,-12.440237029097043,-12.736405056163834
MRPL50,-10.400369204100006,-10.45019629933247,-10.38652180947669
ZNF189,-10.658117148146411,-10.492210180147069,-10.692824337303092
PGAP4,-12.53872994692126,-11.963327289303843,-11.794790651699932
RNF20,-10.05448499108687,-10.022992349535254,-10.169582826878393
SMC2,-9.576284855510947,-9.981895840560684,-9.822462122063273
NIPSNAP3A,-10.01092553998565,-10.315599742148816,-10.267768221228195
NIPSNAP3B,-11.666531167905818,-11.768609499400998,-11.619906242116532
ABCA1,-8.908869780049276,-8.976506105054309,-9.19170523253861
SLC44A1,-9.510218832539895,-9.391541748709786,-9.50697207558674
FSD1L,-9.793488373650767,-9.882811830143543,-9.92092849907073
FKTN,-10.025603973641095,-10.212416210246085,-10.104476150915346
TMEM38B,-9.944932085688668,-9.965775755493562,-9.715327788649274
LINC01505,-9.493938026645763,-9.753073673582076,-9.576143728290784
ZNF462,-8.757808747750936,-8.760510743407009,-8.917502351156726
RAD23B,-8.795478373625139,-8.801063724666998,-8.860536807404845
ELP1,-10.232703235486365,-10.264328288640634,-10.330468762339745
ABITRAM,-10.802761829323266,-10.86039804261044,-10.760503592161122
CTNNAL1,-9.171347801946224,-9.350894470580307,-9.399795082880203
TMEM245,-8.723778020831038,-8.709044464657138,-8.952862168711748
EPB41L4B,-12.292860006596834,-12.313624016137906,-12.510904257142593
PTPN3,-12.486636517778523,-11.924801575438128,-12.44358756161292
PALM2AKAP2,-6.775957026830936,-6.8920000662054335,-7.033537828091756
ENSG00000232939,-11.278079235894293,-11.032857267797166,-10.869661165831431
TXN,-8.651348628028817,-8.888626668562374,-8.576580619114686
SVEP1,-9.818662519411834,-10.06559647563966,-10.696894557134277
LPAR1,-12.100266705469524,-12.25633811284846,-12.430211367944212
ECPAS,-9.233050608613159,-9.259548347797514,-9.285813238552082
ZNF483,-11.20666679182416,-11.207493762002494,-11.494380467519242
PTGR1,-10.387259088707445,-9.755040258115777,-10.686511158680505
DNAJC25,-10.179959025513305,-10.309898832556845,-10.367736279519216
GNG10,-9.42292587504605,-9.56141259626304,-9.567516890046518
SHOC1,-11.501654809805578,-11.695194323419587,-11.594432991417284
UGCG,-10.157192422205823,-10.05997994676618,-10.187801310319502
LINC02977,-12.9203259294663,-12.275890630720976,-13.01103648251841
SUSD1,-10.28765818428513,-10.125072254296796,-10.68903340171282
PTBP3,-9.542630429176182,-9.609384996810112,-9.712861457067612
HSDL2,-8.876929961528724,-8.842543518084321,-9.131949447785198
HSDL2-AS1,-11.364260733986924,-11.228413804587992,-11.307409524013188
KIAA1958,-8.656185350936264,-8.593832401341677,-8.786438126746283
INIP,-10.70014464990244,-10.642668036412562,-10.661912086487273
SNX30,-10.984922630067338,-11.077696972238504,-10.936895425297566
ENSG00000291094,-13.046713583563744,-12.469598841961098,-12.520827574434765
ZNF883,-11.692573263428352,-11.384167414349703,-11.579766425364369
ZFP37,-11.94984884687725,-11.182446900059668,-11.670667808067074
FKBP15,-10.431515467032332,-10.522869926853591,-10.555299132814602
SLC31A1,-10.102521145567367,-9.928012643655409,-9.935060554756417
CDC26,-10.410436037823462,-10.515525757458695,-10.37160525695074
PRPF4,-10.451415894714696,-10.529367333166396,-10.476364640121878
WDR31,-11.545358648549698,-11.369871074370318,-11.487843905698105
HDHD3,-11.146954622083824,-11.104672697522814,-11.071037334831031
ALAD,-11.348099299814798,-11.35125963636515,-11.544772034423241
POLE3,-10.157850013447677,-10.389505711447297,-10.295517268028433
RGS3,-10.48596389605868,-10.859038139681427,-10.933246815207708
ZNF618,-9.617862911810443,-9.606321658858448,-9.689300470332757
COL27A1,-10.981946888106235,-11.133342861147984,-10.95621255789303
AKNA,-12.13038953259932,-12.089207703891361,-11.68234167619153
WHRN,-11.788644828743076,-12.138026933067907,-12.02125641314331
ATP6V1G1,-8.436238824467484,-8.505467583687588,-8.44988542535677
DELEC1,-13.039502416496411,-13.12053695438228,-12.534847119021656
TNC,-10.429128075323508,-10.575591073864791,-10.349689070151426
PAPPA,-12.08701239692123,-11.553393747239491,-11.27763581832611
ASTN2,-10.67649928204288,-11.212548130050884,-10.917155115596604
TRIM32,-12.406993983150295,-12.44310505584022,-12.3388176413474
BRINP1,-12.29275204181898,-11.848219764994736,-12.373063861039256
CDK5RAP2,-9.472489788090998,-9.328164926368215,-9.509024084150376
MEGF9,-11.413099713860154,-11.351891124253688,-11.652668203128233
FBXW2,-9.954149067502806,-9.978007716909868,-10.027198321289811
B3GALT9,-12.424875877146123,-12.594713882793517,-12.393937490746938
PSMD5,-9.987241929077467,-10.004896481731496,-10.75010969506952
PHF19,-11.717258846924686,-12.32864672401099,-11.917566208598435
C5,-11.66743107181008,-11.864600389330645,-12.244249822173172
CNTRL,-9.983920331821016,-9.96087491087195,-10.401369903423054
RAB14,-9.400352100132821,-9.385560792312713,-9.43920128264407
GSN,-9.993484096841188,-9.994134204240988,-9.976511382705638
STOM,-11.66723241860475,-11.381794927922199,-12.104324307931229
DAB2IP,-9.82142527398975,-9.802111139392993,-10.036194122049833
TTLL11,-11.333656622909466,-11.585494610051642,-11.460482397219451
NDUFA8,-9.193011470682517,-9.341227370982834,-9.092704400628215
RBM18,-10.287469552446694,-10.340286617199345,-10.40609563614794
MRRF,-10.08738174131501,-10.199717099423863,-10.069371921439863
PDCL,-10.720815798225507,-10.762446242505254,-10.797251754595816
RC3H2,-9.364680636838372,-9.234280242990598,-9.358557637778702
ZBTB6,-11.974585828963036,-11.579811931559655,-11.684697564670266
ZBTB26,-11.398127983723375,-11.14112584976946,-11.234657269964837
ENSG00000261094,-12.85461162636189,-12.898019382151706,-12.988886971771391
RABGAP1,-8.720011976997018,-8.619004733321072,-8.796173174650871
STRBP,-8.865489776954469,-8.891814349749744,-8.907988128897188
CRB2,-10.87267340916886,-11.05312878254279,-11.005673822014893
DENND1A,-8.99935213839524,-9.038875938480196,-9.129471090500068
NEK6,-11.43908327224326,-11.484561384431581,-11.554882690696802
PSMB7,-8.993618097753313,-9.162339477110685,-9.181515267801261
NR6A1,-8.423117131464151,-8.420150743500669,-8.598459530487085
MIR181A2HG,-10.204680037692375,-10.415819525775204,-10.250052768767143
RPL35,-7.038484974313042,-7.2756108569575595,-7.058829864275753
ARPC5L,-9.591112637989848,-9.653807235738123,-9.566655764343668
GOLGA1,-10.40937060485507,-10.450551503245546,-10.310161181853818
SCAI,-9.576319738580803,-9.517673847459044,-9.714969074360315
PPP6C,-10.161502716941415,-10.21755619519309,-10.264108519471568
RABEPK,-11.392909695900038,-11.44490970610607,-11.487060047193186
HSPA5,-7.794308461487832,-7.6169225797663795,-7.845357463632226
GAPVD1,-9.23800345698106,-9.164247456414762,-9.353209893181624
MAPKAP1,-8.864546191934478,-8.910831983137893,-8.962101362965376
PBX3,-8.184677138585808,-7.988655036939338,-7.68700903973339
MVB12B,-10.003851109048417,-10.059251387715644,-10.074312897077045
ZBTB43,-9.95058159840641,-9.918462892588206,-10.098448797120362
ENSG00000288995,-13.062277260635183,-12.895447250800965,-13.00870295472609
ZBTB34,-11.55313523350555,-11.58368590913522,-11.648717684792024
RALGPS1,-10.248496590852326,-10.371241652309584,-10.24696558115547
ANGPTL2,-12.960498882523513,-13.199267716864906,-12.560624245974234
GARNL3,-10.051621376803809,-10.000914111774618,-10.098390996440113
SLC2A8,-11.73327884863858,-11.889365439250799,-11.753818203572036
ZNF79,-13.020460131643501,-12.933566008870269,-12.580404400975823
RPL12,-6.502356058335738,-6.887971277111998,-6.746831226533402
LRSAM1,-10.556427520293184,-10.816831546339518,-10.6866754162261
NIBAN2,-11.700973333651277,-11.693253886466955,-11.936818551613388
STXBP1,-11.03748288998617,-11.098312124268253,-11.007888596077445
PTRH1,-11.636184009514727,-11.998848279085248,-11.819160784424072
TOR2A,-12.167319553598956,-12.201220420711316,-12.216789276874637
CDK9,-10.813202728922363,-10.873586280363012,-10.744631183455647
FPGS,-11.080577374156475,-11.103790196755238,-10.930883538758497
AK1,-9.963940147836428,-10.039924777786412,-9.986172843894298
ST6GALNAC6,-11.438734669697018,-11.488636871879812,-11.41974606836404
ST6GALNAC4,-11.433976659113528,-11.326056757112335,-11.305586789851075
DPM2,-10.979247631260574,-11.034836176809385,-10.839439691134558
EEIG1,-10.82820963698304,-11.044122141317875,-11.037686637046313
NAIF1,-12.749236347538561,-12.990810315442062,-12.608463638390516
SLC25A25,-11.714928352212636,-11.643321960380424,-11.951140418749214
SLC25A25-AS1,-13.28180211037142,-12.811239340911369,-12.847145203013364
PTGES2,-10.337927412348293,-10.389614124145838,-10.375997813715214
BBLN,-9.37198625516164,-9.4607630022975,-9.546228428885412
CIZ1,-10.421991418821777,-10.407031372719153,-10.508716795606622
DNM1,-10.90006015521404,-10.855613100253843,-10.889808576460092
GOLGA2,-9.89099978980066,-9.84046962299133,-9.952248038977372
SWI5,-10.51006294316698,-10.563218699598936,-10.587647184006034
TRUB2,-10.52164365061701,-10.768532760319294,-10.78352605931903
COQ4,-10.331755832369184,-10.42035200725361,-10.545114345681865
SLC27A4,-11.966291342856525,-12.001988720103755,-12.315108269706132
URM1,-10.647939008040437,-10.82312147446943,-10.874275749978896
CERCAM,-12.0546044853864,-12.190477498107903,-12.016695196735105
ODF2,-10.710103293928741,-10.813437775087989,-10.800086450192277
GLE1,-11.13588942226122,-11.088597168024586,-11.113264724483518
SPTAN1,-8.823029166210928,-8.655796289260126,-9.105975721290369
DYNC2I2,-11.037016743747422,-11.30303349582766,-11.451093546111279
HMGA1P4,-11.938606611877628,-11.92289935532297,-11.618739337487762
SET,-7.475667556339945,-7.611980156078471,-7.668639421582726
PKN3,-12.34933380186053,-12.771865255830436,-12.789622871846111
ZDHHC12,-11.085260844891458,-11.007076043196674,-11.20528126613406
ZER1,-10.266582751864266,-10.512670174184532,-10.619612580129893
TBC1D13,-11.59553460770906,-11.546269017525258,-11.498331167371397
ENDOG,-10.004844429610305,-10.200600519769957,-9.865094857039349
SPOUT1,-11.903042286129171,-12.05939054869948,-12.042528255033067
KYAT1,-11.440902539365661,-11.458462905239344,-11.405995786337119
LRRC8A,-11.069080593984694,-11.064217042365245,-11.212218901347283
PHYHD1,-11.226309968560788,-11.191758229138784,-11.320633730780886
DOLK,-11.878650510520563,-11.69774530465299,-11.90669069182852
NUP188,-10.670928130704501,-10.779221539246954,-10.91757492022034
SH3GLB2,-10.84984965392405,-11.039647349456756,-11.03462939554489
MIGA2,-11.752946998278848,-11.739288038537747,-11.916980879239146
DOLPP1,-12.092483704459758,-12.144230421757678,-12.185927481498842
CRAT,-11.484568522635723,-11.658380422475643,-11.448189690848919
PTPA,-10.141520841313143,-10.217688015871593,-10.310629897744182
IER5L,-11.268332379786218,-11.47228548430665,-11.60920551965785
IER5L-AS1,-12.897490452341382,-13.058928938785465,-12.881847630424245
LINC01503,-12.562442684295677,-12.360844330165884,-12.242653549267345
LINC00963,-12.11617011530583,-12.009441063116968,-12.050274278781464
NTMT1,-10.867185271800365,-10.897399712682017,-10.87955832655524
ASB6,-12.556991324297146,-12.70229800986109,-12.603381872383556
PRRX2,-12.898097200613977,-12.577885761097384,-12.91654141504195
TOR1B,-12.102005317547883,-11.779434889409101,-11.96951314868186
TOR1A,-11.252227728471608,-10.99640289783474,-11.326350104794564
C9orf78,-9.783580426564944,-9.866126771087236,-9.92791987250695
USP20,-11.556910022600658,-11.451031819788122,-11.767514768531171
FNBP1,-9.141374365126692,-9.188445207081525,-9.38904071180178
GPR107,-10.291191642489752,-10.214352539770138,-10.467141284198046
NCS1,-10.007231978821713,-10.138135111127776,-10.355622729137169
ASS1,-11.556759660757857,-12.053977942332118,-10.72562232437708
FUBP3,-9.387507078888312,-9.3562339688125,-9.47726585599943
EXOSC2,-10.8741099065558,-11.127220123158793,-10.93655928332108
ABL1,-9.322994221566548,-9.262412516461904,-9.406690862862606
AIF1L,-11.461063716921224,-11.062122424213696,-11.327666581736013
NUP214,-9.63487367733943,-9.589315698924622,-9.741693505058617
FAM78A,-11.1901969951642,-10.53903507502301,-10.774562455846057
PLPP7,-12.590915704491673,-12.69225148640218,-12.40774343373089
PRRC2B,-8.601540496500615,-8.59482309244332,-8.699857557744474
POMT1,-11.475315262641804,-11.441261523683607,-11.616761205471754
UCK1,-11.681452654883064,-11.82483037841555,-11.801212829128053
RAPGEF1,-9.759711442765616,-9.795589686408126,-10.011027872885325
MED27,-9.490600281116492,-9.655620951497207,-9.752258802051294
SETX,-8.749842809898288,-8.756446736153567,-8.815696922045825
TTF1,-10.347495938513307,-10.418648991695047,-10.33986583652339
DDX31,-10.71499736143854,-10.851843584801959,-10.782863369471178
GTF3C4,-10.175861314849154,-10.355754100561757,-10.322108533690004
SPACA9,-12.672837466337771,-12.553477867898843,-12.481245174851212
TSC1,-10.000210860978653,-9.95108855429583,-10.179826643042034
GTF3C5,-10.812030927215318,-11.166985707554332,-11.13851571777992
RALGDS,-11.154161784707911,-11.3339293454126,-11.395983390142971
SURF6,-10.4555853670363,-10.599981814032457,-10.622967010339234
MED22,-11.21718829706057,-11.348214787544235,-11.168878504244367
RPL7A,-6.412856533412197,-6.548641652765264,-6.4136198634508
SURF1,-10.552521829877168,-10.870755246158676,-10.643155467943512
SURF2,-10.778927836610684,-11.031288343970523,-10.969267725087244
SURF4,-10.05142254050428,-10.017182636493215,-10.112392297062394
REXO4,-10.25387758757093,-10.37662730833317,-10.332739274605286
ADAMTS13,-12.473354757254212,-12.622449020710727,-12.900321158758896
CACFD1,-11.55188637134998,-11.525302264985779,-11.567140588599493
ADAMTSL2,-12.428231231264386,-12.907032856456407,-12.78069140554324
VAV2,-11.005963061856601,-11.180294201711853,-11.151465146252525
BRD3OS,-11.672258595804495,-11.777592150076195,-11.862460565338804
BRD3,-9.67136451216581,-9.768979109661373,-9.82327744222654
WDR5,-10.868121652614386,-11.005276347747504,-10.940694183950889
RXRA,-10.900653027482132,-10.999029029854338,-10.991353250641968
COL5A1,-9.913136095410602,-10.075380528871666,-9.868566528189648
PPP1R26-AS1,-11.631814729673321,-11.924112408322346,-11.707519717242713
PPP1R26,-11.643336722643408,-11.89131170312789,-11.687509547716417
PIERCE1,-11.644769566411714,-11.838486704558024,-11.949568096187619
MRPS2,-10.303827586852652,-10.538002686482532,-10.316450274398754
CAMSAP1,-9.962203641540937,-10.12886936412417,-10.178105180388672
CAMSAP1-DT,-12.093188037506298,-11.899141512165196,-12.138377996081207
UBAC1,-10.414423278855944,-10.46869792279339,-10.348922415631566
NACC2,-11.797376892927158,-11.894648544107037,-12.08856357405291
TMEM250,-11.923250341087885,-11.986224632775809,-11.997337577055951
QSOX2,-11.555644397138423,-11.537447754755513,-11.858249795968366
GPSM1,-11.43632735446794,-11.666639781661434,-11.712338528411465
DNLZ,-11.696942491426048,-11.282149976223307,-11.841740326388564
SNAPC4,-11.584001270935424,-11.572290011860504,-11.750882799471963
ENTR1,-10.684791188327312,-10.64808505644193,-10.796919870172363
PMPCA,-10.464793886587177,-10.647456468007569,-10.570907059549176
INPP5E,-12.290101781603285,-12.412194503272405,-12.269794586190187
SEC16A,-10.501620088531572,-10.50001689627576,-10.705491946418922
NOTCH1,-11.847872389455773,-11.958827537059783,-12.018755000241363
EGFL7,-11.137790831565699,-11.037751291030805,-11.092466186142875
AGPAT2,-11.317421479724786,-11.060546621532916,-11.061747271029025
DIPK1B,-10.454443125263237,-10.67163451650998,-10.466179002781674
SNHG7,-9.439788672659008,-9.43831120690055,-9.709060448293815
TMEM141,-9.326907162048448,-9.182930866886085,-9.482646938330744
CCDC183,-10.107838233301923,-9.974445152839824,-10.81880750211026
RABL6,-8.831462664303483,-8.787764685188217,-9.348664476035175
AJM1,-12.215750995955927,-12.35598755090352,-12.8963278583653
PHPT1,-8.526914553008101,-8.574079908852514,-8.645819120370009
MAMDC4,-12.893551520373238,-13.008342011829647,-13.16835934479072
EDF1,-8.592358122956027,-8.742520270655906,-8.742934453917645
TRAF2,-12.072418406846111,-12.147486484734184,-12.08433172157044
FBXW5,-11.004914142417102,-11.282836901284623,-11.309972830131366
PAXX,-10.451036210199419,-10.565660853300974,-10.761835569953535
ABCA2,-11.978679752057694,-11.973136722891082,-12.35014954100226
NPDC1,-10.741730514937625,-10.772487423567881,-11.135091295450142
UAP1L1,-12.474889191819488,-13.214633045684902,-12.90316785855393
MAN1B1-DT,-12.816846936516768,-12.784944220229267,-13.100238519523783
MAN1B1,-11.084644436519973,-11.33671567659591,-11.42912336665985
DPP7,-10.589548684104846,-10.600859965313846,-10.853268813338637
ANAPC2,-13.193532531381466,-12.636374262484411,-13.267681552092252
SSNA1,-10.358236642577536,-10.493857903100864,-10.474615519569966
TPRN,-11.84252519299088,-11.780033093452571,-12.145560071987116
TMEM203,-10.954612172780433,-10.91706965179047,-10.929199110315423
NDOR1,-12.453813770495387,-12.377216837086339,-12.325891942817234
RNF208,-11.490368835514882,-11.851448420199123,-11.692496268314196
TUBB4B,-8.798421276426,-9.049518599917816,-9.090395162164434
NELFB,-10.890306536414416,-11.012178028210737,-10.999796484067318
EXD3,-10.889535235284642,-11.025119385725057,-11.113062014828028
NSMF,-11.625835044128117,-11.497971704623659,-11.67498269343724
PNPLA7,-11.961479167198812,-11.549392503157685,-11.779029402954485
MRPL41,-9.146765734028927,-9.281446278264298,-9.197487057240627
DPH7,-11.004827027116956,-10.89656991292529,-11.13747477464635
ZMYND19,-11.218415665835806,-11.387764278058237,-11.236795659813248
ARRDC1,-11.494930788617907,-11.481830725064638,-11.893504686633989
ARRDC1-AS1,-11.819152895332584,-11.796719422540797,-12.060495236464899
EHMT1,-8.93719181967313,-8.949748228824944,-9.105379945493352
CACNA1B,-11.664385694313268,-11.72208664402318,-11.366965744587604
ENSG00000290588,-12.410001568138187,-12.84281433439031,-12.573581803122595
ZMYND11,-8.843618176439753,-8.897061910481344,-8.950926333395548
DIP2C,-9.167068038131154,-9.188417477273038,-9.260680568940634
LARP4B,-9.361283893224227,-9.36986692854879,-9.54306606083693
ENSG00000205740,-13.00723725316781,-13.108147742144206,-12.958886867706779
GTPBP4,-9.370464204553599,-9.34946902823168,-9.394489025915759
IDI1,-10.336068907732638,-10.06375552531601,-10.379318252908892
WDR37,-10.381240342039053,-10.269328696200368,-10.333193934031872
ADARB2,-9.848970106872105,-10.164122608361541,-9.79857490752968
PFKP-DT,-12.833678137642357,-12.692130790990497,-12.609590514472758
PFKP,-8.15152585657369,-8.419208361053476,-8.323468018250733
PITRM1,-10.80496691646501,-10.776230681279417,-10.841378059917647
PITRM1-AS1,-12.467587394014789,-12.676364161180587,-12.70167173893905
KLF6,-10.54589418856755,-10.565431148670372,-10.741721653108616
AKR1E2,-13.044814357525729,-12.572287742174147,-11.797466474056378
AKR1C1,-11.721702946055037,-11.809575818041987,-12.347918651797052
NET1,-10.434765074647647,-10.668510463815105,-10.439403666731097
ASB13,-12.199623904772302,-11.929092433840239,-11.939345568770747
TASOR2,-9.016831468942717,-9.033211627415287,-9.020021748858229
ENSG00000226647,-12.727472667235984,-13.04460352915077,-12.541013526238649
GDI2,-8.631647843567729,-8.779166964034467,-8.678646131683818
ANKRD16,-10.193484744699287,-10.201308155869272,-10.40890057824899
FBH1,-9.56390998981142,-9.552194804266925,-9.78061279057301
RBM17,-9.002571061436782,-9.073133438156708,-9.079858838814502
PFKFB3,-9.968530450864963,-10.055017738927566,-10.30938875649227
LINC02649,-11.78757529435133,-11.468719440612059,-11.704601075168277
PRKCQ,-11.561816115003564,-11.531425439393772,-11.890898282538405
PRKCQ-AS1,-11.775798677696915,-11.870796357504068,-11.991081591699077
SFMBT2,-10.264247352322352,-10.717183051344831,-9.980869564194682
KIN,-10.013247611658132,-9.993955310403681,-10.088145170762589
ATP5F1C,-8.007999578369388,-8.132319900832272,-7.978123396705363
TAF3,-9.486958337869064,-9.563140204626942,-9.762223107858368
GATA3,-12.387775678508868,-12.389108928062043,-12.380177267799379
CELF2,-7.976548273133799,-7.794954225418607,-8.187753675562778
USP6NL,-9.48885597939039,-9.511955322490383,-9.578038673114387
PROSER2,-12.089617542059894,-11.724148281695175,-12.31216000435335
UPF2,-9.179794788373917,-9.213255830492866,-9.320548612536575
DHTKD1,-10.443413372912827,-10.718317551716552,-10.558995862416877
SEC61A2,-10.70896176752567,-10.68489027225994,-10.791212137899537
NUDT5,-9.314045783788579,-9.297686522201369,-9.54977385428041
CDC123,-9.32421656076143,-9.365473446202715,-9.507190014272943
CAMK1D,-10.381138664650669,-10.459853102919459,-11.037819746363942
CCDC3,-11.893106212920232,-10.318610196859195,-11.591117868685933
OPTN,-10.277244752982957,-10.56194445162819,-10.270591327363844
MCM10,-11.242474408564384,-11.7891222327837,-11.903422799409332
PHYH,-10.614707943750012,-10.828048547511832,-10.602294555980208
SEPHS1,-10.09040795030654,-10.268744156855004,-10.197902488192721
BEND7,-9.966312317577106,-10.158515569918215,-10.155083416349111
PRPF18,-10.30995266184888,-10.35945801922212,-10.367042283298261
FRMD4A,-10.118255703263333,-9.727585021131455,-9.978703766616308
FAM107B,-10.370660549159483,-10.902400609919242,-10.429087802984387
CDNF,-12.830948730632278,-12.760100603921973,-12.928852385401164
MSANTD7,-11.441832887117803,-11.605967319847904,-11.590569239656134
HSPA14,-10.792341497550993,-10.782096384659743,-10.761470137797861
SUV39H2,-11.038441030756509,-11.152033725491009,-11.011111626451756
DCLRE1C,-11.058659540349069,-11.103168902388644,-11.189920729424482
ACBD7,-13.136699748635236,-13.291175419905505,-13.203263566671115
RPP38,-10.48906981602504,-10.585255964365082,-10.509894592129529
NMT2,-10.597376276223912,-10.822716862005297,-10.587696647329302
FAM171A1,-9.61385137841059,-9.791259192303594,-9.647357157715561
ITGA8,-12.721798269843628,-12.040277021235543,-12.036778685352045
MINDY3,-9.933531578002874,-9.836334635249953,-9.966538199672463
PTER,-11.88521685291905,-11.391122591905244,-11.537719845097463
RSU1,-9.373307479151036,-9.495200410139674,-9.578571395447488
CUBN,-11.686420514617481,-11.165886011083995,-11.397808434955738
TRDMT1,-10.351682413570503,-10.331439560489484,-10.496107428204237
VIM-AS1,-12.651451592903916,-12.629378227340625,-12.534890455022927
VIM,-7.062104438443263,-7.382322448098713,-7.232338491208053
HACD1,-8.204480682677993,-8.23531006001274,-8.493424161145544
STAM,-9.762764551090841,-9.929294625851416,-9.858319365919337
CACNB2,-6.841265829537557,-6.922405896409443,-6.802299852929312
ENSG00000235020,-11.080503437427298,-11.264122659775115,-10.937762966311885
ENSG00000240291,-11.023300000142248,-11.105044412178591,-11.158108944272541
NSUN6,-9.742306640533906,-9.636979625274252,-9.72191813191956
ARL5B,-9.603680426873286,-9.561709990219684,-9.533603890397371
MALRD1,-12.28533170375903,-12.537474244784432,-11.585241452823015
PLXDC2,-8.232693549310493,-8.50632530530222,-8.582185486789554
NEBL,-6.456917391094908,-6.535783432748273,-6.472317475685939
MIR1915HG,-10.794559378433545,-10.754329719105904,-11.080894404999814
SKIDA1,-10.836933400796745,-10.787413673319456,-11.1932932425306
MLLT10,-8.453412490902055,-8.462131625754473,-8.663475957901982
ENSG00000289528,-12.497565227730806,-12.333803065693958,-12.449526594055932
DNAJC1,-9.001403500846543,-9.267325965503408,-9.44888063543332
COMMD3,-10.141249623100911,-10.324374432459361,-10.183843042563085
BMI1,-10.453632260733212,-10.400497337728716,-10.574756683006123
PIP4K2A,-9.04603572472329,-9.158777076254172,-9.505042300707165
MSRB2,-9.400683260246648,-9.49062189482517,-9.231313330565028
OTUD1,-12.366699958258438,-11.757419409721352,-12.596517146070182
KIAA1217,-8.937183756705045,-8.995108199105406,-8.831659297229136
ARHGAP21,-8.972864131590407,-8.986879697100125,-9.035450558071965
PRTFDC1,-10.878481282835846,-11.25207011269117,-11.558183220620414
THNSL1,-11.700262780334521,-11.293232504794364,-11.606450450644543
GPR158,-11.245783686632425,-11.616349841638078,-11.889993041289003
MYO3A,-11.914353607413533,-12.366308208825142,-12.157127237894375
PDSS1,-11.005608825642035,-11.088831597646347,-10.939780506888638
ABI1,-9.350833933017103,-9.346172060049224,-9.537913703037791
ANKRD26,-8.777443931062644,-8.568330555768648,-8.716118670721343
YME1L1,-8.565415157824278,-8.637149638638821,-8.724005009483866
MASTL,-11.125933807674905,-11.412037638016997,-11.718719810929489
ACBD5,-9.954706832700287,-10.124038413979694,-10.123226143733003
RAB18,-9.537762649097116,-9.633896815200295,-9.553011937239473
LINC02680,-12.636147037487472,-12.604520309966118,-12.989990360102697
ODAD2,-12.244573359109932,-12.589967981407831,-12.488144545734018
MPP7,-9.300060895993594,-9.38086033689586,-9.37341203118475
WAC-AS1,-9.981018726970262,-10.05907717384595,-9.469245756257544
WAC,-8.20810744091243,-8.308941040443433,-8.325714556095608
BAMBI,-8.317970706520052,-8.220191602273799,-8.439978675590641
SVIL-AS1,-11.045587168555045,-11.193234575652273,-10.980764932339454
SVIL,-6.997515176508245,-6.970142795462666,-7.102408694346045
JCAD,-10.026979588369207,-9.832988802583708,-9.654982497195698
MTPAP,-10.58402629564386,-10.62328295773954,-10.577986059890886
MAP3K8,-11.667240672768907,-12.013736429765009,-11.459005351907155
ZNF438,-10.563806341396813,-10.187808253869626,-10.304109996693207
ZEB1-AS1,-11.531899709405101,-11.11480947852971,-11.54460267508951
ZEB1,-8.571421002708794,-8.396766680585252,-8.685481942314073
ARHGAP12,-9.342490832729249,-9.316141135783928,-9.387841000465702
KIF5B,-8.31144148487127,-8.281289025139124,-8.441854580481923
EPC1,-8.611057180325256,-8.641364015019967,-8.704916922090925
CCDC7,-10.495771887425203,-10.349021477986255,-10.530930509163378
ITGB1,-8.03090325257696,-7.877188370799289,-8.053613758311073
ITGB1-DT,-12.925426494270138,-12.764227093175062,-13.017481870900857
NRP1,-7.475591019073852,-7.873440145292205,-7.7777571694666205
PARD3,-7.684285154097262,-7.782484580139409,-7.813248311009111
CUL2,-9.438943742398743,-9.482915116951446,-9.544541528366452
CREM,-7.847903117440182,-7.919900995043462,-7.905735377546819
CCNY,-8.626018844229396,-8.658930850749089,-8.702440227472483
CCNY-AS1,-11.109565725094747,-10.863948376487517,-11.268827466378882
FZD8,-11.836940115281465,-11.760677511835748,-11.705257687593225
ZNF248,-9.564605158693974,-10.357447395321117,-9.98525904784039
ZNF25,-12.188097998522917,-12.210148314092184,-12.796106088658345
ZNF33A,-8.95621744982798,-9.038555602335238,-9.110935243605276
ZNF37A,-9.498361153595368,-10.195094669302174,-9.793525844330812
ZNF33B,-9.361954608638376,-9.422622620312541,-9.639939124087618
BMS1,-9.622614335481806,-9.736299624738098,-9.711030639729321
CSGALNACT2,-10.652965545865458,-10.499011706643039,-10.781781879558299
HNRNPF,-9.157723990791416,-9.230214244516988,-9.179588916250257
ZNF487,-12.1931857603031,-12.162572121870278,-12.142738432899936
ZNF239,-12.771230632786827,-11.93819095554,-11.989307524360893
ZNF485,-12.856732538118932,-12.51446425867438,-12.486691777518548
ZNF32,-10.796605058838026,-10.892165653598779,-10.697348334274865
CXCL12,-10.447444597679878,-10.758285960976943,-10.257711663429502
TMEM72-AS1,-11.302582396485505,-11.203260063889894,-11.336010367828298
RASSF4,-10.340697802179333,-10.438281447578527,-10.40932090333978
DEPP1,-12.058818720981128,-11.751861633629545,-12.249716472372453
ZNF22,-10.391578167131584,-10.340833562998933,-10.018334803565718
MARCHF8,-10.348850312596587,-10.300504153060935,-10.248266333349497
ZFAND4,-11.066402011828345,-10.915989071183354,-10.97609468516419
WASHC2C,-10.242236018136298,-10.177234736383378,-10.300054020603772
AGAP4,-11.81812380247566,-11.852975461725654,-11.994543038441636
ENSG00000290921,-9.779414866599579,-9.81116026015699,-9.79414825665242
TIMM23,-10.00531073229,-9.969904996835485,-10.026244965888068
NCOA4,-9.117766758943539,-9.1360807533424,-8.98027652532222
LINC00842,-12.717680671801773,-12.687046272600083,-11.446874850735018
GLUD1P2,-11.632769458596357,-11.439290724929345,-11.834251959503176
BMS1P1,-10.648718184710562,-10.597078389609159,-10.776715628663537
AGAP9,-12.137270281702696,-11.98157327119492,-11.539407116514603
ENSG00000290453,-11.361642384332933,-11.050956098551971,-10.693274469000915
FRMPD2,-11.863066253609198,-12.416136526432146,-11.102434589090763
MAPK8,-8.29588118377604,-8.3362627603661,-8.290068506009906
ARHGAP22,-11.93635105812586,-12.772246415935713,-12.074905163020913
VSTM4,-12.24914899796549,-12.2530089363419,-12.601258373132358
C10orf71,-11.368604710173898,-11.419906122126985,-11.237543625801527
ERCC6,-10.152331150771614,-10.281672866748632,-10.178050422649632
OGDHL,-11.771171915102055,-11.965803249603049,-12.014008984236899
PARG,-9.659401218779593,-9.65300250882585,-9.684861997367298
TIMM23B,-9.761986265819669,-9.781345673666296,-9.88546974859307
AGAP6,-11.283381537753254,-11.190283895839904,-11.450643493352931
WASHC2A,-10.326752752010893,-10.458074648304,-10.606206475612838
SGMS1,-8.779147766281136,-9.271233494817393,-9.121953363903966
SGMS1-AS1,-12.451077712327724,-12.429955731464814,-12.573118656407702
ASAH2B,-11.384880398462997,-11.180572281470566,-11.288232653667714
PRKG1,-8.254375038166803,-8.173384135792013,-8.607980694513417
CSTF2T,-10.96926099630137,-11.065347735319854,-11.093995117408086
PRKG1-AS1,-12.554165476138651,-12.60134184759946,-12.358787889238286
DKK1,-11.69903159344571,-11.464745351466103,-12.048748431250973
PCDH15,-11.379742450905008,-11.058278099344376,-11.553999070229175
ZWINT,-10.853469213265182,-11.511146321542252,-11.349587123062106
IPMK,-10.468224763188303,-10.438920021010768,-10.452787670550396
CISD1,-8.994884141163707,-9.061297433766935,-8.89138663129453
UBE2D1,-9.931268474972484,-9.933801739084865,-9.823216185951177
TFAM,-9.265713210129435,-9.334922103003121,-9.199013774207767
BICC1,-8.760380141119683,-8.649095082247586,-9.02682798901548
FAM13C,-9.767758408516213,-10.724680146913117,-10.01237174855164
SLC16A9,-11.103070952510754,-11.390079478081221,-11.118220235068785
CCDC6,-9.288601014551253,-9.368545563991876,-9.20544186432254
ANK3,-7.6448896605133445,-7.628902542841275,-8.1645468955896
CDK1,-10.531296521519785,-10.958683977625958,-10.890707883977297
RHOBTB1,-11.105774099663744,-10.826916333651493,-10.81362760987819
CABCOCO1,-11.70216358450049,-11.444941962348079,-12.696609661339767
ARID5B,-10.918208117081965,-11.012974471443364,-10.985663003759587
RTKN2,-11.008646579887802,-11.521098688050998,-11.471637707734967
ADO,-11.162825149584313,-11.237859149707708,-11.208059568785165
NRBF2,-10.395131683435622,-10.291993240522816,-10.26252941926558
JMJD1C,-7.323288851118139,-7.2496731337619185,-7.475673492005849
JMJD1C-AS1,-12.53595947571494,-12.978858378222958,-12.702704493860555
REEP3,-8.934528827243012,-8.906230305206277,-9.035363978104874
ENSG00000228566,-12.27282316122373,-12.37361754661061,-12.73655230209033
LINC01515,-10.088878421535089,-9.541314805094439,-8.62251743238485
CTNNA3,-5.87931272176991,-5.765589115248312,-6.273670017669137
LRRTM3,-9.791538030723478,-9.463723510038413,-9.297957728882594
DNAJC12,-13.28969712784703,-13.298122479590086,-12.854506841010116
SIRT1,-9.846419234175219,-9.96618749297372,-10.011178942819663
HERC4,-8.74919123422725,-8.622349688702489,-8.804438422590197
MYPN,-11.591767971746336,-11.404627637557475,-11.385588945818471
PBLD,-11.394258568640893,-11.590486554444263,-11.957640841851912
HNRNPH3,-8.658927057814203,-8.824570971673243,-8.801125053579703
RUFY2,-9.967992692919825,-9.858099587496014,-10.037257869138084
DNA2,-10.811034731655457,-10.938769996396292,-11.255571016189013
SLC25A16,-10.657984754661605,-10.553141625823464,-10.903107071952094
TET1,-8.01952541328019,-8.310347397175045,-8.26258529402419
ENSG00000260400,-10.840955406692766,-11.116189973809162,-11.2852602482078
CCAR1,-8.705322399670331,-8.742625341129909,-8.826789446680761
STOX1,-11.419610951487886,-11.222516773631137,-11.616911669003365
DDX50,-9.364725229866012,-9.53116271113818,-9.454313086579706
DDX21,-9.33665134238143,-9.481510414236892,-9.452337233165805
KIFBP,-10.109895630145653,-10.18972318588902,-10.272913836150552
VPS26A,-9.71395782481232,-9.802931123608001,-9.764280534985533
SUPV3L1,-10.50795317556094,-10.573770312028541,-10.66477856289259
HK1,-9.045238074103167,-9.238587350210981,-9.033684895813833
TSPAN15,-10.375216328058864,-10.712660461308783,-9.878559500270581
ENSG00000287306,-11.552611909755118,-11.021946665818573,-10.840096300276286
FAM241B,-11.547541765051575,-11.590307670972036,-11.304668483327946
COL13A1,-10.041393620237887,-9.960107365129597,-9.668497434320365
MACROH2A2,-8.966089135474938,-9.0755827319097,-9.156951282727949
AIFM2,-12.8872178107279,-12.959273578141355,-12.508940113345268
TYSND1,-11.935589974563163,-12.15017476693136,-12.105299850867265
SAR1A,-9.707800979552998,-9.80941242937233,-9.844470348789592
PPA1,-9.610501233788108,-9.94752408160127,-9.490579651095238
LRRC20,-11.185602298469613,-10.97093811533275,-11.022794698856368
EIF4EBP2,-9.487842852133888,-9.494692270065977,-9.634077661840031
PALD1,-12.236388592679779,-12.437815344980313,-12.138482100143625
SGPL1,-9.981949406691557,-9.92335931892099,-10.10281039769473
PCBD1,-9.279721025248183,-9.354677421813347,-9.282620449093558
UNC5B,-9.453342680254842,-9.431144775807866,-9.38887526220001
UNC5B-AS1,-11.336825836904971,-10.970689160498056,-10.285194395295374
SLC29A3,-13.14207207910032,-12.833164875550361,-12.303308204785278
PSAP,-8.74470501677313,-8.703772870487981,-8.758419883611435
CHST3,-11.64193482067105,-11.809684200485941,-11.801019660821064
ASCC1,-10.075324386915648,-10.207959860363733,-10.140201054093986
ANAPC16,-8.692715757503246,-8.759595965509476,-8.58971234858388
DDIT4,-9.891036411372516,-10.88830359265844,-9.64216240161463
DNAJB12,-10.620837650091017,-10.638498567051878,-10.760827509268985
MICU1,-9.243563235078147,-9.313147431744676,-9.411660645996257
MCU,-9.819533014645199,-9.904661991014729,-9.893002960838952
P4HA1,-8.525695082088996,-8.693864326826423,-8.555532266266482
NUDT13,-12.668590890305676,-12.419668421327412,-12.432986151297285
ECD,-10.123042936909169,-10.104548184060638,-10.165526902815596
FAM149B1,-10.52403922559698,-10.230715477913957,-10.494228684556544
DNAJC9,-9.803705598736006,-9.944410702350266,-10.103662689015204
MRPS16,-9.664250567930091,-9.768696954216617,-9.793054077681319
DNAJC9-AS1.1,-12.924923294167604,-13.01373319253844,-12.812597010996656
CFAP70,-10.695348637136238,-11.13637055677607,-10.661942627129601
ANXA7,-9.84801890598533,-10.018258893919533,-9.968906613611546
MSS51,-12.01274396906877,-12.225463920497473,-12.400682745340864
PPP3CB,-9.442358030767355,-9.46020692309497,-9.59447336150082
PPP3CB-AS1,-12.823097604319475,-13.214396246331855,-12.839203130844927
USP54,-10.47875864186641,-10.39160383206706,-10.555449291379999
ENSG00000268584,-12.503231630411852,-12.76873412199464,-12.804648419742007
MYOZ1,-12.683728804327352,-12.01836184068272,-12.438690741473055
SYNPO2L,-10.369729355528385,-9.606678375557097,-10.433359234612825
SYNPO2L-AS1,-13.149137602276994,-12.435381101203985,-12.765325267750145
AGAP5,-12.193330153456941,-12.063741090119846,-12.127926676123122
ENSG00000290737,-11.389907304891853,-11.187779801348917,-11.243975126386127
GLUD1P3,-10.989454817326896,-11.012811529202365,-11.20673121602928
SEC24C,-10.823711830184196,-10.849720174047974,-11.02030808126437
FUT11,-10.121115372600798,-10.459502554359522,-10.38674895425397
CHCHD1,-9.90794952297096,-10.015062384698991,-9.950463635462727
ZSWIM8,-11.228228578129611,-11.243394185441204,-11.32933214120223
NDST2,-12.6029405816613,-12.475921675588381,-12.693576734869916
CAMK2G,-10.351659068767612,-10.36035801557851,-10.57286940191758
VCL,-8.268247948436562,-8.090194028114679,-8.354971871347763
AP3M1,-10.20360455681571,-10.3600602554358,-10.39712488714728
ADK,-8.35398594265951,-8.474940342708349,-8.489195322769618
KAT6B,-8.230519015492673,-8.30486189030506,-8.38668601608849
SAMD8,-10.521090417885418,-10.309583805573933,-10.543408611965367
VDAC2,-8.322544104602215,-8.410210531755125,-8.349778965491689
COMTD1,-10.649626620082744,-11.14045747577467,-10.73439274298719
ZNF503,-10.312072893706182,-9.88315990746211,-9.541950181886017
ZNF503-AS2,-12.342481947626277,-11.643763256910633,-11.552453420676132
LRMDA,-9.325436876439673,-8.93765918751339,-9.149377839205558
KCNMA1,-11.50843172064012,-11.213558867097497,-11.906901103735374
ENSG00000228748,-12.826138771489731,-12.78722612748401,-13.133164196243957
DLG5,-10.246492054743488,-10.302392477757424,-10.381793775191827
POLR3A,-10.00085047525227,-10.03705017273884,-10.107229550278161
RPS24,-6.326917217671658,-6.3901468876314445,-6.251119919734962
ZMIZ1,-9.15765104057969,-9.24251738978872,-9.162915102941184
PPIF,-9.791680277192086,-10.123052222044064,-9.565136878911781
ZCCHC24,-9.65963420904743,-9.916576906924734,-9.919829687687782
NUTM2B-AS1,-9.168548229599079,-9.21424249596707,-9.476242351009908
ENSG00000272447,-12.010158121155985,-12.371621396308303,-12.110856101963444
NUTM2E,-12.201714405846994,-12.220242514284628,-12.232632068391698
ENSG00000283913,-11.255116396230012,-11.25253770270655,-11.601184740880012
TMEM254,-11.658697897748155,-11.587591098613201,-11.661126186475684
ANXA11,-10.310618635623182,-10.484874766643511,-10.251534068039675
PRXL2A,-9.19324797890116,-9.048456889712414,-8.974532507718923
TSPAN14,-10.784263538924721,-10.81035151663365,-10.76832030472494
NRG3,-9.131191803572351,-9.314075549344864,-9.787545190723538
GHITM,-8.879888860423007,-8.915641359400645,-8.810587800261324
CCSER2,-9.223856637614938,-9.134003561196465,-9.198745437132898
GRID1,-9.092732518361768,-9.725101480345941,-9.35499453598864
WAPL,-9.055952683575931,-9.09978857265484,-9.235382775563485
LDB3,-7.568184749421524,-7.681932866075139,-7.678512091070559
BMPR1A,-8.356600474420746,-8.213640242453234,-8.501121226361231
GLUD1,-9.407413507253496,-9.513936284747537,-9.467833137460358
SHLD2,-9.503345082473512,-9.569185160882181,-9.690297313827136
NUTM2A-AS1,-9.501153911143712,-9.30112783974423,-9.412221672170922
LINC00863,-11.56988909055311,-11.444217503659985,-11.71424184551744
MINPP1,-10.23540780230441,-10.429105150013546,-10.551063098390458
PAPSS2,-11.72477386473722,-12.149431045359874,-11.924832087984175
ATAD1,-8.95677184967282,-8.914108607777004,-8.956020185364588
CFL1P1,-11.88727634458878,-11.721499609317505,-11.973934821453316
PTEN,-8.533407552626354,-8.568806471223931,-8.755755359100204
RNLS,-11.062513842667848,-10.959375305587287,-10.464023914665828
STAMBPL1,-9.77993134740084,-10.190888336842923,-9.971544045712086
ACTA2,-7.081016854504632,-7.522280826923774,-7.366992970422608
FAS,-12.361107348952709,-13.222417963436563,-13.171360184458289
LIPA,-10.356827108565495,-10.360054962436383,-10.413802956854568
IFIT1,-10.608541258045387,-11.01391745673991,-10.686551219198524
IFIT5,-11.827523586349924,-11.964504122422165,-11.09644898527564
SLC16A12,-10.329142652354044,-10.101764673974852,-9.759065847740155
PANK1,-9.873248739766913,-9.969797389517465,-10.062802076452211
ENSG00000235100,-12.18701250053878,-12.11955334974884,-12.074369452229288
KIF20B,-9.900274913105404,-10.230254668153542,-10.24357518215824
RPP30,-9.89506417084891,-10.194064019517818,-10.091950059997323
ANKRD1,-7.992955915861607,-7.6052993345276905,-8.705454095238563
PCGF5,-9.244155678114893,-9.116057744473311,-9.806995476552212
ENSG00000289228,-11.651307896178904,-11.442472948053076,-11.17616698324001
HECTD2,-9.502972533338662,-9.265249524825544,-9.86953185190726
PPP1R3C,-10.065345177726012,-10.040731037647255,-9.631198011652632
TNKS2,-8.743355049613482,-8.85035134593574,-8.930498159396553
FGFBP3,-11.84261912542004,-11.918972573201206,-12.008960551428142
BTAF1,-9.173615163513714,-9.165088217004264,-9.272150218413039
CPEB3,-9.5259208368239,-9.528903792116559,-9.746679609156162
MARCHF5,-9.734161082444155,-9.7272297809317,-9.787255717752275
IDE,-9.729849367530857,-9.666144794130663,-9.787136644268475
KIF11,-10.291509159804608,-10.862075277981454,-10.750558334260031
EXOC6,-9.345034555746922,-9.360044630592641,-9.396269092937505
MYOF,-9.441634078654374,-9.42581565285677,-10.547609595025786
CEP55,-10.96424853916949,-11.811590938833842,-11.500015526958414
RBP4,-12.768682962910644,-12.912888648660589,-13.127671614119565
FRA10AC1,-9.79899442150826,-9.783957319166108,-9.728143547700508
SLC35G1,-11.315409805159327,-10.764140334235341,-10.88676457278345
PLCE1,-11.26658458745155,-10.999936525746389,-11.077767233211798
NOC3L,-10.278688609958346,-10.413010460907284,-10.124037214951379
TBC1D12,-10.74684294179244,-10.7003951678879,-10.613434484073675
HELLS,-9.50829900723024,-9.657655294407597,-9.965760922508903
ENSG00000288526,-12.796540170608626,-13.164421613335678,-12.465708040695041
PDLIM1,-9.203496593388685,-9.195362903122454,-9.390562971190677
SORBS1,-9.083729204337992,-9.448788334954472,-9.748476051626977
ALDH18A1,-10.425997240449364,-10.586895887216304,-10.517991442124098
TCTN3,-10.658674963856019,-10.452632590856497,-10.472615527346042
ENTPD1-AS1,-10.587875805342504,-10.308433611175069,-9.80263543423957
CCNJ,-10.592965257247837,-10.538462596789506,-10.62968908512745
ZNF518A,-8.850815505836005,-8.764226424974499,-8.911570978479299
TM9SF3,-8.87876323006762,-8.68482057808241,-8.989598683700317
LCOR,-8.890322179207848,-8.83499161055535,-8.960013246479154
SLIT1,-11.926374735501662,-11.931974436023244,-12.34423494059989
ARHGAP19,-10.552097770350093,-10.693695981622435,-10.629617944929526
FRAT1,-12.584458745134702,-12.662556524036285,-12.485422589143083
FRAT2,-11.334287476735652,-11.535732501731026,-11.522426043013878
RRP12,-11.756111870688931,-11.604750120685615,-11.827782413019165
PGAM1,-9.035862822857338,-9.205029788957152,-8.797052609719282
EXOSC1,-10.511219135653153,-10.585496822184108,-10.732835455096488
ZDHHC16,-11.179725885168368,-11.191666212069608,-11.109359138771735
MMS19,-10.427794315537763,-10.5894662607542,-10.654242593952146
UBTD1,-12.700461332553415,-12.434576995598702,-12.522887375619444
MORN4,-11.029520241511653,-11.080036513486883,-10.95231582573357
PI4K2A,-11.100907402722074,-11.16834136339737,-11.144653894749867
AVPI1,-12.313618727122629,-12.528519267858158,-12.565192499959792
MARVELD1,-11.358979135962805,-11.107637282227163,-11.589655463775571
ZFYVE27,-10.923761732771736,-10.885025184200908,-10.967928961070077
SFRP5,-12.115563756448461,-11.952975800867033,-10.375456061085615
R3HCC1L,-10.015537480120036,-10.031519247384344,-10.100498701705872
PYROXD2,-11.119584208148341,-11.76954611403552,-10.952399389430628
HPS1,-10.70156856649801,-10.75454751954548,-10.616869278448068
HPSE2,-8.806002671624599,-9.505744688161968,-9.636688537094358
GOT1,-9.588438508383343,-9.589042647259696,-9.46932170034526
GOT1-DT,-12.362324179687615,-12.155064126847623,-11.962812903253845
SLC25A28,-11.084771255960089,-11.176505676065842,-11.147091653945099
ENTPD7,-11.42399801447115,-11.573758192542359,-11.500435259769974
CUTC,-10.714668192129785,-10.770673337924922,-10.71729554293797
COX15,-10.291049417009171,-10.38724261402224,-10.37926488836492
DNMBP,-10.374212730406379,-10.411619679766439,-10.413608615404945
ERLIN1,-11.02329304215458,-10.947214380407654,-11.105542771621295
CHUK,-10.812836403301848,-10.670142352114013,-10.84352871700423
CWF19L1,-10.545689700710215,-10.731605522963285,-10.781840194139251
BLOC1S2,-10.36738426950988,-10.448927279410924,-10.291439445726594
SCD,-9.7713517191492,-9.662596021454128,-9.713615913923249
OLMALINC,-11.027288589162627,-10.870673660189253,-10.922324669586514
SEC31B,-10.962282979421765,-11.226725726384663,-11.231446808172057
NDUFB8,-8.691474511791737,-8.80356875872912,-8.701984875823609
HIF1AN,-10.614926547309583,-10.670216184429883,-10.794146389844853
SLF2,-8.868720004781471,-8.98997615980008,-8.866887000848674
MRPL43,-9.834622638796853,-9.92215974556046,-9.874260829080395
SEMA4G,-12.344765715066979,-12.830322647235622,-12.745852849224807
TWNK,-11.763171767954463,-11.936779410378646,-12.052326441096463
LZTS2,-10.597260962744917,-10.79022695730789,-10.70029955038151
BTRC,-8.99885943276885,-8.984181935767525,-9.140722217251787
DPCD,-10.431178461771312,-10.628430138684466,-10.570545134504643
POLL,-11.450696474632444,-11.620534874315343,-11.715116009862745
FBXW4,-9.668919672912297,-9.63898501715366,-9.95965113079038
ENSG00000286489,-12.876579988652558,-12.989121124134437,-13.07736915306086
NPM3,-9.834431857601237,-9.870598893713737,-10.289699945148694
OGA,-8.734155478372768,-8.707933043383203,-8.953189837254236
KCNIP2,-12.488436592631375,-11.739824146623492,-11.898785733722855
ARMH3,-9.828236825726913,-9.790486950872879,-9.886143078893348
HPS6,-12.561193159569704,-12.350594332333207,-12.339436706768264
LDB1,-10.35265305879597,-10.419988849570295,-10.625925645269422
PPRC1,-11.17023184772485,-11.16530750700482,-11.272230032818044
NOLC1,-9.433674950325297,-9.576193948582024,-9.445756490914965
GBF1,-9.350053381318748,-9.290434827135813,-9.55486748779974
NFKB2,-12.455505332667798,-12.486306318190087,-12.40463722098615
PSD,-11.860661874120359,-12.082424421045365,-11.900500820473823
FBXL15,-11.222819324058905,-11.537668985888295,-11.40107162340162
CUEDC2,-10.074706570767509,-10.257877836692904,-10.068118468717152
C10orf95-AS1,-11.547894932299208,-11.686323601395697,-11.495796301775558
ACTR1A,-10.152734259045934,-10.220942024744275,-10.193083734740025
SUFU,-10.490476789370595,-10.471102459566469,-10.612148283283847
TRIM8,-10.257404678918991,-10.305072652411301,-10.591849861325567
ARL3,-9.07683855573594,-9.065434876672873,-8.973030869972192
SFXN2,-11.101213033951893,-11.103986268502474,-11.316869365954467
WBP1L,-10.79811585171313,-10.817016802423847,-10.92629257048336
BORCS7,-10.207958332994277,-10.268278521805009,-10.479384152381504
AS3MT,-10.770245431766648,-11.086911348514226,-10.846641884359562
CNNM2,-10.368036248773777,-10.453859771100742,-11.019712017503746
NT5C2,-9.031123863342243,-8.888819609367749,-9.47088155267344
PCGF6,-10.216488066337272,-10.346518679390913,-10.324478247263698
TAF5,-11.938565543114878,-12.18160853099101,-12.04036944966857
ATP5MK,-8.505116544662625,-8.657037027587485,-8.535764109550176
PDCD11,-10.296688331635632,-10.313754618653423,-10.270277388006956
SH3PXD2A,-8.920906869882417,-8.85011776645181,-8.782273011308247
STN1,-10.797315302353509,-10.846219223013165,-10.75141649298239
SLK,-9.101464732927484,-9.128983315313876,-8.966737021630834
SFR1,-11.932622983753163,-12.109853895200853,-12.048013345565318
CFAP43,-12.314940865552993,-12.2293698617505,-11.912335369652045
GSTO1,-8.89149783124925,-9.741743888605084,-8.710231406573378
GSTO2,-13.136446817299063,-12.800628750644467,-12.853579176211854
ITPRIP,-10.763337778892076,-10.707296821021394,-11.070023040108792
CFAP58,-12.090991163717158,-11.832979569619694,-12.30255482805444
SORCS3,-8.731934366516475,-8.681282107894381,-8.731273605657101
SORCS1,-7.962889981346729,-8.00820484649147,-8.476617245158451
XPNPEP1,-10.435727963086741,-10.400049482844011,-10.415733972203958
ADD3-AS1,-12.276541566200558,-11.996117830080184,-12.589625878805695
ADD3,-8.491998366689987,-8.561122893821134,-8.645411859955335
MXI1,-8.839746654066886,-9.134570154768674,-9.15515460693288
SMNDC1,-9.65130962546537,-9.69876989165965,-9.67972011950446
DUSP5-DT,-12.766047803670034,-13.077710861495978,-12.627168070116912
DUSP5,-9.442384863395764,-9.54180308087469,-9.511917037274513
SMC3,-8.221689113759483,-8.3623932761323,-8.44511561641653
RBM20,-7.759996098608246,-7.768634306403379,-8.179226266168678
PDCD4-AS1,-12.879804742953956,-13.052491522888076,-12.845334655306262
PDCD4,-9.145146775419144,-9.152959579686128,-9.422209677925203
BBIP1,-10.438440154006562,-10.596035452428582,-10.58586412132234
SHOC2,-8.81849392619017,-8.79028653936368,-8.960765129764424
ENSG00000287231,-11.991466353310253,-11.387921826911617,-11.732989259465215
GPAM,-10.582382018739281,-10.423355049927011,-10.57467224380789
ZDHHC6,-10.760964666886013,-10.7629006619184,-10.89351824746111
VTI1A,-8.91353906753701,-8.819893529340174,-9.077178679055905
TCF7L2,-8.083202967325361,-8.40790500985627,-8.685443857142625
ENSG00000233547,-12.720159396089569,-12.958871359224606,-13.015424304861714
CASP7,-11.965570678814368,-12.151727580861207,-12.311125380866565
DCLRE1A,-11.692222880185504,-12.098765300312644,-11.915274088534881
NHLRC2,-9.205883269253823,-9.200504626398875,-9.253649145165125
CCDC186,-9.696190792690443,-9.883881165406835,-9.969066962090297
AFAP1L2,-12.941379091638046,-13.135103062226854,-12.301075780045965
ABLIM1,-7.6986226904016934,-7.975666072814794,-7.456638080052826
FHIP2A,-10.054765219240185,-10.137440977244168,-9.90070362964709
TRUB1,-10.648929227701547,-10.731389952754645,-10.760215016457998
ATRNL1,-9.541019294488237,-9.942119216591664,-10.010262708912018
GFRA1,-12.606691281622622,-12.279428852761221,-12.650179827523695
C10orf82,-12.021912413813467,-12.416984253460113,-11.787742201657064
HSPA12A,-10.74989642370558,-11.418580807543501,-10.855216565206817
ENO4,-12.414193100067713,-12.61089201876814,-12.48641109940619
SHTN1,-9.98085471287068,-10.128556085472798,-10.23034572518482
PDZD8,-9.700340522159713,-9.651507505287569,-9.650008459925973
RAB11FIP2,-9.858776248704595,-9.867620211331477,-9.736536931107256
CASC2,-10.761967860927959,-10.674641514364849,-10.68076890990182
FAM204A,-9.440447081065974,-9.526917658178366,-9.659941929943912
LINC00867,-12.70405400764993,-13.016707166184915,-13.02521135513775
CACUL1,-9.319066609818902,-9.330637397709813,-9.486797190977203
NANOS1,-13.231495351589075,-12.991846531401235,-13.188772818903601
EIF3A,-7.901731072921457,-8.024125940478694,-7.9799699364805665
DENND10,-9.97994801883684,-10.06482016623402,-9.941305753616737
SFXN4,-10.164655854377495,-10.251157570968978,-10.332047709083033
PRDX3,-9.03055900517832,-9.113928682344422,-9.048979439819385
GRK5,-10.492153893021428,-10.064947887193222,-9.643410154299794
TIAL1,-9.326071112906554,-9.220647692759615,-9.385907036003642
BAG3,-10.337852672681793,-10.488171305575618,-10.165842237413168
INPP5F,-10.343897473054348,-10.445953214186478,-10.196272806569873
MCMBP,-10.17142516295278,-10.229633627632214,-10.241952324598708
SEC23IP,-9.81542534074764,-9.849506103060342,-10.029453999662818
WDR11-DT,-11.582961136286425,-11.764918721047543,-11.536405422643961
WDR11,-9.935597270789359,-9.954570249112791,-10.047834223014272
FGFR2,-9.68696901273746,-9.692254962042835,-9.532486844205069
ATE1,-8.787017090114785,-8.870421688423002,-8.848726842590782
NSMCE4A,-10.136558129045968,-10.362193307507956,-10.321833556601508
TACC2,-8.860334194467331,-9.040900037342471,-8.748819965277061
PLEKHA1,-9.85684189780926,-9.848892568081386,-9.814610471003439
HTRA1,-9.85742541384083,-10.029652990845122,-9.98037014906215
C10orf88,-10.932523917385687,-10.860909485590474,-10.807066453300385
PSTK,-10.974751783604427,-11.104153612988103,-11.135616870379074
IKZF5,-11.172301594331282,-11.091135709786268,-11.302757274087895
ACADSB,-10.358897982093868,-10.196897868879308,-10.120300469833294
BUB3,-9.715529998627762,-9.903231419296755,-9.808928064547656
LINC02641,-11.557094321281099,-11.157300068970272,-11.329600862900685
OAT,-10.85502437624729,-10.954522192707598,-10.667060191433505
LHPP,-10.933475543445605,-11.109745626943775,-11.034369497866724
FAM53B,-11.354405889400505,-11.428367288048877,-11.51017436500112
EEF1AKMT2,-10.085026530275625,-10.192055970665695,-10.280955640029665
ABRAXAS2,-10.537113929500466,-10.611865379724629,-10.670396463525893
ENSG00000249456,-10.742506451371504,-10.76631166477676,-10.881401202275201
ZRANB1,-9.759340340428523,-9.750846974561059,-9.929519363920122
CTBP2,-9.046715654522155,-9.015820697856592,-9.187060634955376
EDRF1,-9.94528327076147,-9.961271133172376,-10.678892001102048
UROS,-9.705862256460765,-9.79282106269207,-9.733298864553728
BCCIP,-9.29438773364006,-9.478229888667475,-9.369294145043952
DHX32,-9.53702968571144,-9.488546122715425,-9.419472255334016
FANK1,-10.97857640002787,-11.000436288175283,-10.955469146605925
ADAM12,-12.830279604081232,-12.34556319953921,-12.225914679061878
DOCK1,-8.813442396617283,-8.888660025447253,-9.055915109266001
INSYN2A,-12.377089608448179,-12.528084797716149,-12.277233151888327
PTPRE,-11.463723337960278,-12.299741428710137,-11.790158184102419
MKI67,-9.495905123687038,-10.10001441460103,-10.021617062038317
MGMT,-10.105226091897698,-9.828580825789317,-9.855006533741873
LINC02666,-11.750886079677409,-11.627243308583699,-11.554925363395705
EBF3,-12.457826529233337,-12.273552520394668,-13.111010372969266
C10orf143,-12.561209195530804,-12.263469602790872,-12.314542732525767
GLRX3,-9.401262984231566,-9.514627464193893,-9.466064395722512
LINC02646,-11.983784158996,-11.509698410571,-12.325779911888626
TCERG1L,-12.47562303431402,-12.857685520833257,-12.885090127343679
PPP2R2D,-9.86500840134715,-9.866728242670266,-9.935511943067938
BNIP3,-7.965940155004261,-8.25024111878151,-7.476458659404801
DPYSL4,-12.548759774039995,-12.70405121530596,-12.501257029503222
STK32C,-11.471787420494913,-11.666260480924363,-11.427743320086922
LRRC27,-11.375774414556535,-11.3626091797048,-11.340891829467035
PWWP2B,-12.596914692434876,-12.615876666095112,-12.537534108584122
ENSG00000226900,-11.090719668860775,-10.961384705710826,-10.379073706424386
INPP5A,-9.386899019667903,-9.438978221509249,-9.50074979396859
CFAP46,-10.915707222181878,-11.37764634030088,-11.029490416388185
KNDC1,-11.559098394353125,-11.415830503854314,-11.449585121909868
TUBGCP2,-9.52695670619732,-9.609318994326257,-9.683588248537323
ZNF511,-10.02939140028483,-10.06303659983703,-9.980877647729686
FUOM,-11.5054698097754,-11.562193444474275,-11.995158053931164
ECHS1,-9.17960186556121,-9.402505886719103,-9.289801759398937
PAOX,-12.264043396662638,-12.007537146311844,-12.36616433347512
MTG1,-9.865480620247718,-9.88132543440897,-10.005510650384261
SCART1,-11.998913180956293,-12.091703029152308,-12.263992546374745
BET1L,-11.54560396638064,-11.628391162916548,-11.887699511949554
RIC8A,-11.299588809830736,-11.360217686464676,-11.36328430674545
SIRT3,-11.136859559522275,-11.120153297441155,-11.259808816427345
PSMD13,-10.09809983094691,-10.174574215114049,-10.108972930904343
PGGHG,-12.056752689750763,-11.921742122590787,-12.235660528525825
IFITM2,-9.87048835223169,-9.980151538669698,-9.974971581049616
IFITM1,-10.640395921313944,-10.486531338760908,-10.754207727605454
IFITM3,-8.519781733652424,-8.643738995695657,-8.691623229600706
B4GALNT4,-11.962798022754363,-12.463415000130203,-12.137225131984378
SIGIRR,-11.431038331933015,-10.968654963484445,-10.712646141074472
PTDSS2,-10.808230534229246,-10.904212193275859,-10.9421256434439
RNH1,-10.129510928566248,-10.174830691298249,-10.245023888387752
HRAS,-10.84221032284232,-10.915192671895255,-11.051266861743231
RASSF7,-12.156758547932561,-12.104548239051779,-12.037717856389843
MIR210HG,-11.533659640299724,-11.632720677488336,-11.417367398240495
PHRF1,-10.695103535343328,-10.658543781686218,-10.891618795695532
SCT,-11.448591846439482,-11.168127159046561,-11.29800270285911
DEAF1,-10.337012553122584,-10.323230434711562,-10.581301634789858
EPS8L2,-13.021762009976587,-13.329955553820422,-12.851958542260762
TMEM80,-10.58573538137888,-10.50660062089047,-10.911607516915806
TALDO1,-9.398668842255264,-9.517323576143363,-9.453196753556274
GATD1,-11.245198984984011,-11.091368052470616,-11.266568423267955
GATD1-DT,-11.20379444417071,-11.16515935264693,-11.281708516400625
SLC25A22,-12.658860239945188,-12.807791310369746,-12.408291795057464
PIDD1,-12.92017353149795,-13.010647076483806,-13.234486083399569
RPLP2,-6.788760048041582,-6.95334134443629,-6.865283979842723
PNPLA2,-10.835841916682705,-10.87676789644497,-10.922631918324845
CRACR2B,-12.113975311323088,-11.993628815811757,-12.345101153781819
CD151,-9.956385968888403,-10.170568578193143,-9.900927585990718
POLR2L,-8.898831126590347,-8.896448015214087,-9.075919626432439
TSPAN4,-10.873662078667238,-10.830709011539534,-11.018963661435961
CHID1,-10.161537801640526,-10.138498519402233,-10.236622727328726
AP2A2,-9.902727459212388,-9.964114911633828,-10.086645802185236
TOLLIP,-11.170740442649464,-11.274779610948142,-11.187840023177223
MOB2,-10.976803255013625,-10.951315257988712,-11.05789896363473
CTSD,-10.337437706696699,-10.30678279695483,-10.361263130860499
MRPL23,-10.792796547961336,-11.08426469375267,-10.851191064638641
H19,-10.211217097607337,-10.262852718162003,-9.853609348920362
IGF2,-11.139946122683659,-10.98342210909309,-10.349445200178652
TSPAN32,-11.57445465764095,-11.030666483744294,-11.408334355686156
CD81,-8.996168070254862,-8.93181094875902,-9.040559900122911
TSSC4,-10.920643390329642,-11.02623845489374,-10.948221280509747
KCNQ1,-11.301280536140894,-11.450472475363435,-11.211350289316892
KCNQ1OT1,-7.997747459258081,-7.988229363570792,-8.009262943323494
CDKN1C,-9.311615240019247,-9.40640977878685,-9.413921323321192
SLC22A18,-12.288885675022295,-12.411863477742134,-12.302411594948667
NAP1L4,-8.45986279188412,-8.591589092177275,-8.582225183983507
CARS1,-10.778071199224325,-10.95985307527563,-10.784471124398314
OSBPL5,-11.305728590985517,-11.362721828303053,-11.47329078288777
ZNF195,-10.157493147821835,-10.258652954352874,-10.251399940031337
ENSG00000254757,-12.636196417871492,-12.25205349537337,-13.159223879898843
ENSG00000255367,-11.121448905935218,-10.570884692608864,-11.656497362651441
ART5,-11.315872595283418,-11.15140212462441,-11.682350653359755
NUP98,-9.650554422040777,-9.568991482547338,-9.780083027198451
PGAP2,-10.931248571941603,-10.761844426954646,-11.039075690434956
RHOG,-11.696767216417246,-11.790044813891633,-11.681365041560884
STIM1,-10.50600819404307,-10.350089964091312,-10.779892287420212
RRM1,-10.01177054072387,-10.339883719613574,-10.44617339662266
TRIM21,-12.98739176877408,-13.266530608538178,-12.751807468278887
TRIM68,-13.049001563292704,-13.22718775086056,-12.696779862942488
HBG2,-12.85543480307014,-13.113815690350405,-12.671246045243551
HBE1,-10.897638690646035,-11.150942901227696,-10.816103405095445
TRIM6,-12.90256088429686,-13.114205877355337,-12.310196269823646
TRIM5,-10.65268308071912,-10.564292326591595,-10.234457558557308
FHIP1B,-11.548387093350586,-11.439367676401162,-11.367260546230058
CAVIN3,-11.25286107107775,-11.459471059799988,-10.938441860597946
ENSG00000282556,-10.642517649903983,-10.375828582584269,-9.87744046995406
SMPD1,-12.173994669733698,-11.853672594598347,-11.923536900590829
APBB1,-10.555922209673225,-10.657431922328257,-10.698897120513342
TRIM3,-12.293442791769516,-12.5359461831014,-12.55362400113755
ARFIP2,-11.23920911174312,-11.249859446612469,-11.312462764646536
TIMM10B,-11.000810138883377,-11.120218138475904,-10.994784427308268
DNHD1,-11.033471393517928,-10.77739176043439,-10.928864681401343
RRP8,-10.741940479164475,-10.890911179744617,-10.916674008956583
ILK,-9.644999059734763,-9.63430581915515,-9.754145304324146
TAF10,-9.44550141500468,-9.599300561337955,-9.643897326983033
TPP1,-11.52807245791372,-11.386178543412376,-11.3417408180467
DCHS1,-11.394370838690559,-11.759368549484243,-11.767556130049268
MRPL17,-9.99043236545613,-10.222811463855775,-10.243751466461996
ENSG00000291143,-13.222258565731773,-13.354729346562008,-13.123841729823335
ENSG00000283415,-11.331537034284183,-11.59476891764903,-11.357031066558255
ZNF215,-12.52071236125047,-13.247165391511862,-12.557270147446056
ZNF214,-11.839738606275452,-11.7428966824179,-11.78213102958573
SYT9,-10.007231900102996,-11.439607848928883,-11.910223561178762
SYT9-AS1,-12.243523633567486,-12.138060631126411,-12.304882055736394
PPFIBP2,-11.837421591355598,-11.940701107534961,-11.817734694161015
EIF3F,-8.170662614378386,-8.303743527338032,-8.34368063052808
TUB,-11.817660978150084,-11.747994216639151,-12.126588739773322
RIC3,-10.543431363042263,-10.861789944510955,-10.899244765420582
STK33,-8.745254833104713,-8.845926214846804,-8.904576227069652
TRIM66,-11.390660994339505,-11.571205746340107,-11.551277914765466
RPL27A,-6.885932296014746,-7.015409269499811,-6.9555608598097445
DENND2B,-9.877660095371466,-9.825896427419668,-10.254702861049834
AKIP1,-11.437648259905435,-11.389299852955542,-11.48636930206078
TMEM9B,-10.844796831688164,-10.814788003640114,-10.841540950184266
TMEM9B-AS1,-11.99219738346785,-11.173751478911152,-11.284138490905217
SCUBE2,-12.275710695583921,-11.902679400321604,-12.63079771846861
DENND5A,-9.074184969467533,-9.018701265828458,-9.173404615978885
TMEM41B,-9.263738597747983,-9.187390742833154,-9.350531691358139
IPO7,-8.453870705808262,-8.453851087155286,-8.608369415674225
ZNF143,-10.537704718538183,-10.538860873239816,-10.692549694548733
WEE1,-9.409156686872835,-9.364303551816727,-9.44724064354122
SWAP70,-10.20968014819047,-10.161918659391503,-10.243486894457119
SBF2-AS1,-11.64990589420665,-11.821474847056143,-10.854319681393523
SBF2,-8.205825228292651,-8.210016886892364,-8.217277267589726
ENSG00000255476,-12.439032469884447,-12.323447454880489,-12.360895207231133
ADM,-11.38857286659693,-11.19167523130509,-10.734603161759152
RNF141,-10.880087621399868,-11.037401411878973,-11.11168598684331
IRAG1,-11.525922153745503,-11.81117533582148,-11.632865560877988
CTR9,-9.716133982235979,-9.65983899371673,-9.566431817900861
EIF4G2,-7.6280320815725915,-7.7232846335363465,-7.79466209943208
ZBED5,-9.805222214718048,-9.827602039371822,-9.896750505660199
ZBED5-AS1,-11.947834820374815,-11.746786330058859,-11.767860613299653
GALNT18,-11.67318256920559,-11.618598249964114,-11.288062587547085
USP47,-8.331820252563757,-8.308490861969357,-8.310421354106646
DKK3,-9.666240653154297,-9.402234345156506,-9.339229087827055
MICAL2,-9.402543565932287,-9.261211009363086,-9.233053463353741
PARVA,-9.48943233195047,-9.540435542767346,-9.7750370268162
TEAD1,-8.39331874111524,-8.403594769798774,-8.439919940324582
BMAL1,-11.729604509611457,-11.824516348295967,-11.645126380769486
BTBD10,-9.922492210129022,-9.841645483252577,-9.924836851776119
FAR1,-9.388027568776417,-9.281068025828029,-9.299163959602108
SPON1,-11.325739407313229,-10.98524422056393,-11.35350687601636
RRAS2,-9.430547274122098,-9.429224825700404,-9.495283798263364
COPB1,-9.070982657254492,-9.075857097875602,-9.157442812532423
PSMA1,-8.66517575765869,-8.788466428608139,-8.65365491326031
PDE3B,-9.362131354371918,-9.487632440185438,-9.322967324128559
CYP2R1,-11.273196379823673,-11.447619748526783,-10.95335463579685
SOX6,-9.13097850066916,-9.563651038133155,-9.413397331474139
C11orf58,-8.245593938232178,-8.397261630728817,-8.345401589399055
PLEKHA7,-8.960092783359983,-9.220254772412533,-8.796642201701074
ENSG00000290957,-11.78054413177701,-12.058901379487452,-11.789598275435193
RPS13,-6.734795172289723,-6.740542224304945,-6.836932015709079
PIK3C2A,-8.897193264552133,-8.91519888903284,-8.99894301765651
NUCB2,-9.561263216675858,-9.511424638452997,-9.356654931427542
NCR3LG1,-11.811900143165351,-11.904208350594658,-11.544760415788236
SERGEF,-10.31115574081783,-10.310481086934596,-10.266769577660375
SAAL1,-10.947735854929048,-11.126282378560617,-11.027710960202963
HPS5,-10.794832619660973,-10.91633688313298,-11.0184276788053
GTF2H1,-9.78421939001391,-9.965632513940932,-9.990535198593191
LDHA,-7.75749365161793,-7.9967884828176325,-7.249900389833562
TSG101,-9.106940488249858,-9.181606305244495,-9.172710703018403
UEVLD,-11.075016016345758,-10.90821103865519,-11.10495224288352
MISFA,-11.43823911450386,-11.496744003203865,-11.595978480956727
SPTY2D1,-10.334724334890671,-10.336393482587022,-10.261293467838694
ZDHHC13,-10.543231460380408,-10.393147714867391,-10.551879575954974
CSRP3,-9.114144371419188,-8.963860057354362,-8.90056571858729
E2F8,-10.54617487804176,-10.445950077801974,-10.835067814974767
NAV2,-7.80417512379723,-7.960354764837345,-8.390701838624706
NAV2-AS2,-11.650594725881508,-11.546083914540182,-12.437490984813241
HTATIP2,-12.834869772883929,-12.587800169174832,-12.671931073213727
PRMT3,-10.02505439859964,-9.956008309843511,-10.004675584996376
NELL1,-10.953613253483365,-10.896291851066437,-11.834246204117632
ANO5,-10.542885843727863,-10.389929188634191,-10.814361054928115
FANCF,-11.25710577346117,-11.235058736265422,-11.237029174444968
GAS2,-10.963310617233072,-10.61689472731042,-10.889621252035129
SVIP,-10.8659897092316,-10.916406141545226,-10.880502033272638
LUZP2,-12.949811244845746,-12.165850654008825,-11.88561337998641
SLC5A12,-12.23881046047682,-11.37569897995629,-10.37636281600716
FIBIN,-12.407162663393269,-12.233548128725136,-12.711590829738427
BBOX1-AS1,-11.393996728625579,-10.747543963627345,-10.279628091678374
CCDC34,-9.14740699307152,-9.415265012553775,-9.897534081318462
LGR4,-7.843647068525773,-7.918236239219116,-8.638033423763531
LIN7C,-10.685379514367577,-10.720211685142605,-10.647159880191298
BDNF-AS,-10.958718862279097,-11.024888308841643,-11.171678996523903
KIF18A,-10.495564642707755,-11.044136554064234,-10.943469213757075
METTL15,-8.955785909733974,-9.017806773936016,-8.981317965152865
LINC02755,-12.385216499549852,-12.078244261158773,-13.215866976828691
KCNA4,-12.994825352640834,-11.87523519425963,-12.89493787866236
ARL14EP,-9.820103339635681,-9.805719551906137,-9.714690436000582
MPPED2,-7.590426363821028,-7.6463099060977004,-7.806976125814252
DCDC1,-11.454405440284576,-11.395917391531722,-11.876459649310215
DNAJC24,-10.345862958474086,-10.21239501972833,-10.501057190694942
IMMP1L,-9.399711726194539,-9.4283855535905,-9.44520232915271
ELP4,-9.517465510515336,-9.518108884514321,-9.451803220385495
ENSG00000228061,-12.782154416272718,-12.660199749110717,-12.5463488064121
RCN1,-9.451349732355778,-9.486067546823268,-9.482977422366014
EIF3M,-8.453069987879594,-8.630348545614703,-8.6184271900441
QSER1,-9.137911742549326,-9.101683016615539,-9.20568523294278
TCP11L1,-11.031426095431106,-10.956697774516448,-11.147177515368952
CSTF3,-9.130344355870402,-9.259965573976812,-9.246042998992177
HIPK3,-8.026233290611355,-8.081543624991477,-8.082819039045008
KIAA1549L,-11.342065689588727,-11.268118482359705,-11.384516576466046
CD59,-9.36958061232393,-9.402266455114875,-9.579808309604175
FBXO3,-10.433742223194296,-10.563280950472882,-10.632455712644862
LMO2,-10.790841845033487,-10.581354572616084,-11.867254146315917
CAPRIN1,-8.544025893815974,-8.587205669556546,-8.703211934163601
NAT10,-10.710750391615635,-10.790235104703877,-10.700826608912724
ABTB2,-9.326256609375319,-9.450447951350148,-9.18989189920727
APIP,-9.890609169816106,-9.903139468544401,-10.326449805564796
PDHX,-9.259196921569455,-9.282570684852228,-9.266773010649015
CD44,-12.061802629673833,-12.212270801246422,-11.603631396881127
FJX1,-12.079117613603717,-12.249752420365356,-12.340702294395296
TRIM44,-8.724020245865171,-8.829729315008382,-8.818914301540447
LDLRAD3,-9.653843568042703,-9.84766758199959,-9.829088720728777
COMMD9,-10.627376394070012,-10.870417810175473,-10.86440866683842
PRR5L,-12.719731321417642,-13.12905754132024,-13.033218726217534
TRAF6,-10.678356719769736,-10.579918493113281,-10.734805481033511
IFTAP,-9.958095559597417,-10.009787530179578,-10.032564729049824
LRRC4C,-11.171997301834894,-11.66819729247303,-12.101266384984974
LINC02745,-12.551104518213682,-12.449435603473127,-12.54819276498853
LINC02740,-12.989838238070382,-12.361723050217764,-12.608889372761176
API5,-9.520988999723867,-9.571579876861113,-9.615585116773167
TTC17,-8.314956164355756,-8.28013195951607,-8.410041398854558
HSD17B12,-9.431594654300056,-9.366104755454543,-9.494049524451054
ALKBH3,-11.191262181181836,-11.305220372584818,-11.108248954987886
C11orf96,-11.317130295755499,-11.337336990212398,-11.812116160108872
EXT2,-9.82330343999289,-10.027706982823666,-10.056802989879625
CD82,-12.755026374395909,-12.656932458278089,-12.04539280735751
TSPAN18,-9.621551179304516,-9.763917076915195,-9.46805404509294
TP53I11,-10.51877848504959,-10.564375836218012,-10.71767375428486
PRDM11,-10.740000004928959,-10.816908945896222,-10.989278659914225
SLC35C1,-12.891801182584237,-12.796111514858703,-12.610209663349199
CRY2,-11.139868324407773,-11.112648589785579,-11.270239984188173
PEX16,-11.98574732480145,-11.822550655125065,-12.020730742902847
PHF21A,-8.017754755704333,-8.09085624077632,-8.316850930580395
CREB3L1,-12.349538096972868,-12.551625599296804,-12.241550440621685
DGKZ,-10.643209896998847,-10.757218813592539,-10.506252120275985
MDK,-6.7941509091843715,-6.878737293213995,-6.726481547982345
AMBRA1,-9.716031336324884,-9.74439637674509,-9.885645221155668
HARBI1,-13.03332404727909,-13.091891750171078,-13.114382102968348
ATG13,-10.404424751105761,-10.445244603496233,-10.718442335550028
ARHGAP1,-10.181788442958107,-10.21224037680771,-10.412753919226159
ZNF408,-12.944884142553828,-12.557726220635779,-12.648635903423692
CKAP5,-9.024803945199075,-9.159564579332887,-9.090621586998008
LRP4,-11.09834871064481,-11.113543659623357,-11.53713752144805
CSTPP1,-9.224721324060853,-9.15486463685002,-9.366292575761626
ARFGAP2,-10.205364573867456,-10.319688906316586,-10.595960342877744
PACSIN3,-11.3529831294467,-11.593709162929905,-11.11494796024502
DDB2,-10.832322752423327,-11.237124635473966,-11.184941918977897
ACP2,-11.237986906128068,-11.328883408500166,-11.252919688713208
NR1H3,-12.18937396929258,-12.499536160541345,-11.996487996574832
MADD,-10.835902498933995,-10.734295296572945,-10.705648192340602
MYBPC3,-8.570209247786519,-8.421248642919672,-8.506273748222558
SLC39A13,-12.02462404779809,-11.537820971034092,-11.702098951383475
PSMC3,-9.609814795384644,-9.816197694267547,-9.86096275171786
CELF1,-8.531541355587558,-8.681465804770406,-8.72756682402988
NDUFS3,-9.38225614041322,-9.563337527036142,-9.457569988822797
PTPMT1,-10.817495289569525,-10.854529938567536,-10.738540403953902
KBTBD4,-11.845266300697924,-12.027419853336529,-12.219582570184196
C1QTNF4,-11.61320215388103,-11.181805688292219,-11.024233270604277
MTCH2,-9.103759104832598,-9.213186735070948,-9.095256839303945
FNBP4,-8.783396603699813,-8.762129314022607,-8.935876138923112
NUP160,-9.9493307014278,-9.975481860928335,-10.07454758055738
PTPRJ,-9.859977054846937,-9.837920251460655,-9.899500303189006
TNKS1BP1,-11.289038467248513,-11.084885222502663,-11.219437515815642
SSRP1,-9.34180539556102,-9.636746925959898,-9.617290273717584
SLC43A1,-12.583612314404332,-12.841382119132284,-12.50768550878001
TIMM10,-10.921089742498694,-11.116561821628109,-10.592419695454593
UBE2L6,-10.154458206269844,-10.45300874477537,-10.094243738630295
SERPING1,-11.018759851631703,-10.590200257056777,-10.959385820662389
MIR130AHG,-11.401401447950978,-11.240572748540583,-11.334443297109926
CLP1,-11.485942951681313,-11.303128823308924,-11.371763763289987
ZDHHC5,-10.491897368880622,-10.417241994895825,-10.473657412398252
MED19,-10.284252290828576,-10.517892083097232,-10.349839869495117
TMX2,-9.814687589795863,-9.82000592357427,-9.90804766132974
SELENOH,-8.49876135466669,-8.594519343205576,-8.589230424310237
CTNND1,-8.559568272905794,-8.420251162994855,-8.665148920906843
LPXN,-11.441278987450536,-11.594024400264034,-11.488884459328505
ZFP91,-9.583399717376945,-9.603122247038504,-9.634642333781965
ENSG00000255240,-13.248101049194078,-12.380713127645777,-13.107149790710356
FAM111B,-11.697386506860592,-11.64864787940032,-12.006138523849993
FAM111A,-12.47944945537348,-12.715106859637185,-12.723343974482312
DTX4,-12.911465297329533,-12.639297006173548,-13.112055494102298
ENSG00000255139,-12.72484237034471,-12.799378888395728,-12.559441197066848
OSBP,-9.829787756374179,-9.788061943754784,-9.863439537600946
PATL1,-10.73863636696272,-10.675670482964517,-10.74682794419353
STX3,-10.147849674679723,-10.441395750239046,-10.138579557625953
MRPL16,-9.683236800414416,-9.827099594458542,-9.631930496042743
CCDC86,-11.730545343871498,-11.835029267569936,-11.807950375432505
PRPF19,-10.667507805983464,-10.78339692353829,-10.804732967069613
TMEM109,-11.08861968267284,-11.134405768120473,-10.922197271161608
TMEM132A,-11.348927470528414,-11.651259359471803,-11.763371005972477
VPS37C,-11.765771540965693,-11.82698248896046,-11.843906898456018
VWCE,-12.679247270439324,-12.721288285084134,-12.862651709371214
DDB1,-9.261485229904139,-9.370520885773,-9.320137459472297
TKFC,-12.150851120290735,-12.126690363832793,-12.03441424726248
CYB561A3,-12.343941089408052,-12.74147011121651,-12.836934414155794
TMEM138,-11.356705845175844,-11.408438866311227,-11.495051838666193
TMEM216,-11.503547440140258,-11.595645919022116,-11.534736835081443
CPSF7,-9.937154479447157,-9.888966670474481,-10.058058199445343
SDHAF2,-10.183599448413476,-10.372849333416161,-10.420210812537146
SYT7,-11.888830317874831,-12.190570573472542,-11.85946694150616
MYRF,-11.029936527044047,-10.973180523286524,-11.146118153326531
TMEM258,-8.769256546239028,-8.817241220909969,-8.777684529210253
FEN1,-10.981899779075754,-11.305717290870582,-11.550243823250295
FADS2,-10.803650916431076,-10.71778883758599,-11.016316448720113
FADS1,-9.473183692615981,-9.550835644982838,-9.532077388691393
FADS3,-11.858395000655182,-11.781915648279874,-11.817788903738624
FTH1,-6.80316530744808,-6.928863828209057,-6.62345575083002
INCENP,-11.758383644551156,-12.05994458096771,-12.391813483424599
ASRGL1,-11.722199021183677,-11.761025725124183,-11.680799713094022
AHNAK,-9.154448041298972,-9.149456123059815,-9.581030248436718
EEF1G,-7.071643965982496,-7.1796014707242115,-7.1322045352452585
TUT1,-12.106640403167233,-11.944657339260766,-12.111628451455223
MTA2,-11.271169924562892,-11.31775116334718,-11.285515669871447
B3GAT3,-11.15719401837445,-11.128081541290612,-11.244789740680673
GANAB,-9.946710430028192,-10.051770614429813,-10.260127193171058
INTS5,-12.051364385075187,-12.093422385171086,-11.893815988423235
C11orf98,-11.957537078614862,-12.029383315673321,-11.96656199503836
CSKMT,-12.376904161212552,-11.43084571389517,-11.88914818434469
UQCC3,-10.72689907288503,-10.76252363983295,-10.801357521154827
UBXN1,-9.26423822711004,-9.339748866872002,-9.421206499802365
BSCL2,-10.708804677719176,-10.88604982775194,-10.810548635034685
HNRNPUL2,-9.70783976765363,-9.708614799360806,-9.837447286465242
TTC9C,-10.571125325602798,-10.65511005860046,-10.76147362233779
ZBTB3,-12.937528351098626,-12.873977787924646,-12.787967579056458
POLR2G,-9.950432429886165,-10.149435534347775,-9.99947822949405
TAF6L,-11.6848786392895,-11.809708315915653,-11.83244296326432
TMEM223,-10.012561213024563,-10.180468841700204,-10.007431438852217
TMEM179B,-10.270510108106377,-10.310464601445275,-10.427655026342144
NXF1,-10.662437100132967,-10.60232586929108,-10.952101000174942
STX5,-10.556114030644302,-10.54943796814014,-10.79403720431032
WDR74,-11.103191844018472,-11.378374289374612,-11.27142078575821
SNHG1,-10.413906519299232,-10.366932363130704,-10.538773102721121
SLC3A2,-10.412534244712102,-10.515206214274313,-10.267396460569069
PLAAT3,-11.286434048152742,-11.65461730466827,-10.823052485046707
ATL3,-11.161696110406815,-11.209705832782202,-11.404419356315143
RTN3,-8.46955411448623,-8.428739667811941,-8.587596568577938
ZFTA,-11.649004742557622,-11.66821168425357,-11.870820218232563
SPINDOC,-10.907822401961656,-10.898028600523263,-11.013355110746689
MARK2,-10.037031920258848,-10.025367336023562,-10.056781182618368
RCOR2,-11.299161870276034,-11.530343850800932,-11.249114916433694
NAA40,-10.674960212751344,-10.714441962079198,-10.76942802269696
COX8A,-8.146474644548125,-8.346620537350033,-8.124460480404789
OTUB1,-9.685595202241265,-9.846796751866052,-9.859631484370807
MACROD1,-10.469568520520166,-10.6469142533421,-10.552766000183466
STIP1,-8.958133175456757,-9.037219925035846,-9.054039016896143
TRPT1,-10.646486652141395,-10.815469676159752,-10.621498608835369
NUDT22,-11.363717664731814,-11.377955915010633,-11.17987354578804
DNAJC4,-10.597974016266138,-10.770898791523333,-10.612997619670274
VEGFB,-9.518828462178185,-9.622608718015169,-9.391651793426002
FKBP2,-12.36556078884665,-12.458430777389319,-12.463367791862362
PPP1R14B,-8.986025751319167,-9.15632467043344,-9.061838277469766
PLCB3,-12.624003141937429,-12.813537485135685,-12.782652696145
BAD,-10.323052016126056,-10.446872760375385,-10.185590000904702
GPR137,-11.497366213209784,-11.563557852747039,-11.85490128918129
ESRRA,-10.803028454333043,-10.852346967224783,-10.852123372981554
TRMT112,-8.720541250029582,-8.824728559161072,-8.789563333638046
PRDX5,-8.503409322930889,-8.57377429327286,-8.421924929917168
RPS6KA4,-12.451420187201752,-13.073932843701959,-12.654350645535473
RASGRP2,-10.68671948824394,-10.366822135574086,-10.882795866029113
PYGM,-10.642425908139941,-10.698279261037476,-10.602417563264375
SF1,-8.655293622169212,-8.69642330969572,-8.745781943607483
SF1-DT,-12.611309460294457,-12.902173681415594,-12.896608855783805
MAP4K2,-12.450828600257072,-12.243364871118061,-12.511905314569303
MEN1,-11.74978878018053,-11.881363482986291,-11.970029692208346
EHD1,-10.920905853835242,-10.937887235453726,-11.045423578225323
ATG2A,-11.947144802780576,-11.800315568382617,-11.946004365320457
PPP2R5B,-12.688586813279827,-12.39923566188536,-12.606389739967751
ARL2,-9.937078618720957,-10.031233641385064,-9.816528430070342
SNX15,-11.011557491346645,-11.107212536760613,-11.517701482987512
SAC3D1,-10.908606285579896,-11.128399014944286,-11.22298407943213
CDCA5,-11.757195690848162,-12.15925618274165,-12.303382021604977
ZFPL1,-11.256362734884656,-11.470942823254227,-11.420028405839028
VPS51,-10.478808681380249,-10.529248327161913,-10.70523719123432
TM7SF2,-10.255257164376218,-10.174325569337613,-10.521617179431807
ZNHIT2,-12.115221320803762,-12.308153119375142,-12.160602353888722
FAU,-7.17648227720438,-7.300419048846431,-7.215800653682315
SYVN1,-11.970170091413719,-11.888837600742077,-11.986827252156994
MRPL49,-11.012623522722077,-11.255712460415952,-11.177363626696756
CAPN1-AS1,-12.804005729945013,-12.378369447329883,-13.067601537275662
CAPN1,-10.774540875142785,-10.854142763904768,-10.86553514633404
POLA2,-11.575610375353072,-11.577640371102222,-11.914596731768297
DPF2,-10.314124342256129,-10.35059255390661,-10.49683819027828
FRMD8,-11.877770868464866,-11.943280949608608,-12.39903406888214
NEAT1,-10.349270813816725,-9.733121392539008,-9.560778541942922
ENSG00000291174,-12.224254636899852,-11.743285521619121,-12.314025378525182
MALAT1,-3.8369387995498228,-3.636641599295688,-3.741249125184489
TALAM1,-7.8647758795205505,-7.5832447179014375,-7.9280375572259505
SCYL1,-10.652331472961906,-10.713534603756038,-10.755441979346788
LTBP3,-10.970704598068929,-11.22502595810315,-11.524253933705465
ZNRD2,-11.04988866280847,-11.406544259933202,-11.272961827442433
FAM89B,-10.647162078840283,-11.001917037749243,-10.834533532845319
EHBP1L1,-11.821915099719723,-12.254027180168679,-12.805862426046946
MAP3K11,-11.779940685843941,-11.867864854920347,-11.943764486931267
PCNX3,-11.951057018885633,-11.923073590983327,-12.445294450896908
SIPA1,-13.191029740484943,-13.222215373972364,-12.846389334753946
RELA,-11.542240544229829,-11.676270178408373,-11.77677929904072
RELA-DT,-12.514726623651894,-12.421863816637126,-12.378100078459545
KAT5,-11.142898402581961,-11.121254759523065,-11.231517985515886
RNASEH2C,-10.039303560006504,-10.304680130928375,-10.050949451702175
AP5B1,-12.66784240143173,-12.32242307337795,-12.296019841099243
CFL1,-7.440066737339841,-7.561824627773738,-7.636090694396175
SNX32,-11.528730523219659,-11.888933937645294,-11.67905851092082
MUS81,-11.27673726988013,-11.295045945540393,-11.350601183936643
EFEMP2,-10.29845814894518,-10.292810315501342,-10.450550765725765
FIBP,-9.88698839996048,-10.04972838674912,-10.033592171195329
CCDC85B,-10.102926668814666,-10.260530651237882,-10.023186450927147
C11orf68,-11.216404004113992,-11.309734505436623,-11.331987805557592
DRAP1,-9.311699418796021,-9.369592327616493,-9.300986327018874
SART1,-10.955853472771881,-10.991366080015423,-11.096316117326317
EIF1AD,-11.943325742150158,-12.027781615231767,-12.081940216809377
BANF1,-8.452020497102575,-8.66095073645299,-8.491150605582822
GAL3ST3,-13.00530452656985,-12.952232584214736,-12.518700281150789
SF3B2,-8.870515095703013,-9.010105747629652,-9.022811900131165
PACS1,-8.816113586855451,-8.793184481101969,-8.866887270504566
KLC2,-11.8023338360873,-11.506794451484257,-11.935868236548641
RAB1B,-10.574082627217022,-10.713978625772057,-10.65047298214413
YIF1A,-10.354112495386376,-10.259961270429708,-10.300416505566409
CD248,-13.146243039916527,-13.038291627028483,-12.835913887713943
BRMS1,-11.523879124147578,-11.647793534378849,-11.760711485621528
B4GAT1,-10.753160462222606,-10.678840483299409,-10.587584781877803
B4GAT1-DT,-12.206326721757915,-12.359012590794089,-12.626288106144237
SLC29A2,-12.009700827958582,-11.859536821830288,-11.66407396565025
ENSG00000254510,-12.544328937355305,-12.616240744275146,-12.654600687975321
MRPL11,-10.036998883839328,-10.195014296200156,-10.159847552759498
DPP3-DT,-12.944199798925604,-12.95435837457962,-12.786629927071205
DPP3,-12.303215619788388,-12.660006818711654,-12.258000701533572
BBS1,-10.795782660976123,-10.921344777456442,-11.154383637239052
ZDHHC24,-11.647957090841883,-11.763724145443465,-11.78359941553015
ACTN3,-11.814995333548888,-11.752215193895648,-11.909020925211514
CCS,-10.478949067027884,-10.617879589980738,-10.132623595297508
RBM14,-10.8023367206988,-10.90875933937846,-10.972775009490244
RBM4,-9.117147858495583,-9.195140513765727,-9.304850044227324
RBM4B,-10.793050581306701,-10.786201498585365,-10.827214225525992
SPTBN2,-11.683721536663302,-11.553782049951751,-11.002243690245539
C11orf80,-10.432991186684738,-10.293737167243991,-10.3371486929819
RCE1,-11.97139801370349,-11.896301786373328,-12.19921874638637
PC,-12.557291318899296,-12.718045682348906,-12.727406602037425
LRFN4,-12.004022649003899,-12.080194412766414,-12.168357861978595
RHOD,-11.331801559167527,-11.173656075853556,-11.399954737876328
KDM2A,-8.729708821527721,-8.911707288947317,-8.9339525165208
GRK2,-11.448150667264132,-11.701331540419954,-11.754706826378186
ANKRD13D,-11.130004843053763,-11.082211947057651,-11.302722298981505
SSH3,-12.78286071740647,-12.94078254026726,-12.823234730083025
RAD9A,-10.765147797284856,-10.843862600264693,-10.83546140596047
POLD4,-10.946311235856305,-11.123174115686096,-11.081963292356322
PPP1CA,-9.653180706643889,-9.814978875096468,-9.887851170513505
RPS6KB2,-11.154745109133868,-11.220877583588013,-11.308252436724882
CORO1B,-11.115981127095807,-11.319010276029928,-11.36140549130733
TMEM134,-10.145899928721207,-10.26216163608752,-10.168777171351165
AIP,-11.00439447332923,-10.961972519810917,-11.070719945700278
CDK2AP2,-10.752217908760356,-11.156375148513645,-10.940118095395187
GSTP1,-7.888241975546871,-8.187359685675885,-8.007246936617804
NDUFV1,-9.665668426264142,-9.760383326314418,-9.712669435211863
NUDT8,-11.557354514232712,-11.41615071846168,-12.128720491676816
FAM86C2P,-12.63556141787526,-12.391993719141846,-12.722993247908924
NDUFS8,-9.148443681547544,-9.23223986214688,-9.230020545081498
CHKA,-9.111809225409253,-9.020284740378267,-9.103525266555724
KMT5B,-8.985695870400972,-9.006623019464673,-9.168529848931335
C11orf24,-11.511930366142971,-11.85719510822026,-11.855146945108823
LRP5,-10.679875301579804,-10.802739907250178,-11.024398241739513
PPP6R3,-8.566697030729783,-8.607939179259162,-8.772077950617698
TESMIN,-12.583400921900331,-12.712516054176824,-12.27701728862233
CPT1A,-10.113407588415068,-10.275597801598023,-10.463358458398977
MRPL21,-9.046166870265061,-9.373031320597917,-9.282998813554862
IGHMBP2,-11.113951373428959,-11.252657244677929,-11.334733513566434
TPCN2,-10.672885240942598,-10.80022674144103,-10.60728398593968
CCND1,-10.081447493629227,-10.304225624211579,-9.817049302174553
LTO1,-11.271929348544852,-11.319864127166504,-11.403407602909418
FADD,-11.744152036429535,-11.665365427937381,-11.54794585615645
PPFIA1,-9.192091704287265,-9.29643508723025,-9.211476344593324
ENSG00000254604,-12.101079688600102,-12.068598767288318,-11.913647299728261
CTTN-DT,-12.078896778071886,-12.182819643379993,-12.203243167995668
CTTN,-9.452617092736384,-9.513240105956843,-9.55198566121127
SHANK2,-13.365385241070122,-12.687058363561908,-12.660782281636815
DHCR7,-11.994532846776726,-11.97204462117509,-11.75962590834367
NADSYN1,-11.353167055612085,-11.47468405681844,-11.392184915902401
ALG1L9P,-12.28396762030696,-12.65199026335826,-12.631670483994801
ENSG00000291247,-12.991109526505767,-12.828183447490774,-12.929405255492622
ENSG00000291186,-12.006493427529195,-12.592668991809607,-11.951751190927373
XNDC1N,-10.648008013604425,-10.705526942641969,-10.740744866507779
RNF121,-10.357723870197443,-10.357438641996346,-10.553202589248016
NUMA1,-9.626304444781763,-9.666514062620019,-9.738210903873009
LRRC51,-12.90728108369733,-13.292705285879405,-13.23796799586923
LAMTOR1,-9.026762746233286,-9.151238930715655,-9.058857520348695
ANAPC15,-10.457804782776346,-10.70795898384746,-10.523550587001267
INPPL1,-10.840052730007137,-10.999483184928176,-11.183836687048268
CLPB,-11.380462994684754,-11.17036353741517,-11.453426885899386
ARAP1,-11.289084335214152,-11.529904784256889,-11.19344235564484
STARD10,-11.325888356429177,-11.713366731749483,-11.294337302743932
ATG16L2,-11.517069169796832,-11.349167854785435,-11.255302989400894
FCHSD2,-8.491863233261741,-8.628735923489225,-8.64378476014725
ARHGEF17,-10.708408482930905,-10.65743215726365,-11.08718019701791
RELT,-12.394890234455723,-12.559874858307937,-12.660982747899265
FAM168A,-9.189538831978272,-9.211456536351141,-9.389177875967105
RAB6A,-9.328056939754516,-9.30647255217241,-9.339946032845521
MRPL48,-10.404034217297772,-10.532381689531102,-10.662257631393112
COA4,-9.285625829849216,-9.511212961492042,-9.403082063262751
PAAF1,-10.312368065598067,-10.386687511895799,-10.264029050907709
UCP2,-12.43792221531199,-12.410123797810716,-12.6593233251761
C2CD3,-10.380917719436983,-10.31803495893406,-10.38420815680273
PPME1,-9.399890508816943,-9.583724370788348,-9.57745103585646
PGM2L1,-10.672223051919634,-10.754754197608374,-10.62945059047836
LIPT2,-11.807043671508,-11.963968212033196,-11.937175706958392
LIPT2-AS1,-11.318097930873725,-11.455530680722342,-11.43628829306011
POLD3,-10.091532793368776,-10.228187680035408,-10.394529531050736
RNF169,-9.770234906863815,-9.793786508956927,-9.749005427524876
XRRA1,-10.80704911137195,-10.769440835299052,-10.888802021451232
SPCS2,-8.642712691412196,-8.651929134034607,-8.756545640036816
NEU3,-11.633861222143667,-11.717795795340626,-11.706468584964107
ARRB1,-11.347916805798931,-11.916691848207607,-11.33024415437058
RPS3,-6.7227075742844,-6.841633166403105,-6.7340708466415515
SERPINH1,-8.797226308092249,-8.864524224138458,-8.739746200393823
MAP6,-12.945146391143522,-13.059959150517145,-12.84160098382052
DGAT2,-12.340984929262945,-12.460701639021364,-11.76833127803449
UVRAG,-8.855031922577915,-8.878332681293266,-8.599859973461404
WNT11,-10.751886920450247,-11.061231561108908,-11.528579963293671
THAP12,-10.020108177781365,-10.023051598881121,-9.998748328248038
GVQW3,-10.972630883665103,-10.957861047651189,-11.004335200393433
EMSY-DT,-10.782855553338909,-11.04334862423228,-10.59143219182528
EMSY,-9.28133878974394,-9.269122355838503,-9.467900449788043
TSKU,-12.121864193772028,-12.240828516573036,-12.235330737393863
ACER3,-9.664486921726247,-9.7241936904105,-9.8718669728783
CAPN5,-13.27771164447842,-12.98448337974673,-12.619359754496653
PAK1,-10.081199177543654,-10.05715562083245,-9.760623458092681
CLNS1A,-9.095848169347885,-9.217883308264181,-9.20737428995499
AQP11,-12.289952748756017,-12.275620342338824,-12.065253454765026
RSF1,-8.137213924847334,-8.085763316477559,-8.26110587575099
AAMDC,-9.852423608125527,-9.756599244721222,-10.009532596847551
ENSG00000254459,-11.766280240556647,-12.079334455796282,-12.14342624027338
INTS4,-10.412809503372983,-10.406777975938002,-10.505530570264252
NDUFC2,-8.261388682477264,-8.407531256895965,-8.318332731788091
ALG8,-10.054800702170093,-10.185327563000266,-10.424816468585952
KCTD21-AS1,-11.644789559816546,-11.584234548747654,-11.81623813959882
KCTD21,-11.997660529952528,-12.696075381665793,-12.277782939610734
USP35,-12.156569630688134,-12.499817786361302,-12.448471748343295
GAB2,-9.463361662094815,-9.740500655498538,-9.846096381202496
ENSG00000254420,-12.010634712873419,-12.186058707798354,-12.184183472925838
NARS2,-9.586078474625943,-9.530482048829487,-9.510000099936272
TENM4,-8.376435746742978,-8.58279496835102,-8.183638585592801
PRCP,-10.12069103002218,-10.12712336138827,-9.86640234797664
DDIAS,-11.83885518200576,-12.335580666892557,-12.424346656639983
RAB30,-11.39458419516119,-11.321081508659676,-11.389140239522495
RAB30-DT,-9.808979337579512,-9.938395401165543,-9.917590028580884
PCF11,-9.712785269952732,-9.71562331111817,-9.681865934214322
ANKRD42-DT,-11.290475792853881,-11.114041473084832,-11.156953436150276
ANKRD42,-11.849433780289914,-11.849549339928176,-12.077332176424573
CCDC90B,-9.50013217126513,-9.542165536190792,-9.547470524505526
CCDC90B-AS1,-11.23729563195608,-11.271214248003586,-11.715339416920958
DLG2,-7.334503416085941,-7.974933674631441,-7.391557877051083
ENSG00000254787,-12.18824053308087,-12.806536092563153,-12.197830650690637
TMEM126B,-9.883234603642927,-10.023631680268755,-9.96717988763275
TMEM126A,-10.43382574834558,-10.567159467902037,-10.649620744366024
CREBZF,-10.211090286781719,-10.24825969969915,-10.372940117854924
SYTL2,-13.006636655479149,-12.558484222045406,-12.563811652759192
PICALM,-8.596112283450507,-8.533019186730755,-8.692729013781946
EED,-10.290348612936608,-10.29685984999904,-10.442908197655692
HIKESHI,-9.637337269844055,-9.656182594785005,-9.60453055210808
CCDC81,-12.568836649404854,-12.345997232032593,-12.545407705431648
ENSG00000254733,-11.944251747489098,-11.853675069930851,-12.165934130119266
ME3,-11.959256917986995,-12.080037446720873,-12.242120473384762
PRSS23,-9.226017515740232,-8.94625010353307,-9.324267332435973
PRSS23-AS1,-10.543196681655061,-9.805908091906579,-9.99482534218306
FZD4,-11.102207913891956,-10.83325682921136,-10.900630936971691
FZD4-DT,-11.60046161548581,-11.514873623273411,-11.566032336355976
TMEM135,-8.352379309006682,-8.496899661639317,-8.658831891722507
ENSG00000285835,-12.218930288835406,-11.341456490465045,-11.226804607277117
RAB38,-11.867221615768534,-11.622845217570227,-11.173647921694936
CTSC,-9.384922367004293,-9.21447602796156,-9.249318986691828
ENSG00000288018,-11.930512298445299,-12.236668801658475,-11.711658234443986
NOX4,-11.994722338350885,-11.962421774576951,-12.764065678240815
NAALAD2,-9.515496765738412,-9.928513361379649,-10.15080491504715
CHORDC1,-9.472739414924073,-9.547236217966878,-9.46513458635067
DISC1FP1,-10.157296727959361,-9.952637152799152,-10.504269268913283
FAT3,-10.270544390410981,-9.95492528042148,-10.936020590429113
SLC36A4,-9.328938679434218,-9.23216955782788,-9.36401246245594
DEUP1,-12.605584514391271,-12.505813319680493,-12.11119341707273
SMCO4,-9.857773992458368,-10.093130683446768,-10.056612066012452
CEP295,-9.968290361144007,-9.977055081233257,-10.031169481420005
TAF1D,-8.999010061679376,-9.064857541418265,-9.202593579151518
C11orf54,-9.685140918531536,-9.666958666881136,-9.57836720503028
MED17,-9.970398652938107,-9.902679591039153,-9.90234909229656
PANX1,-11.574171228748723,-11.480494593288745,-11.687146634511228
MRE11,-9.946069665707466,-10.076246810025895,-10.174772190666046
ANKRD49,-11.548753582804517,-11.510629016523163,-11.490639198746017
PIWIL4,-12.443548743875953,-12.484159780571355,-12.584068515757567
AMOTL1,-11.640504962471239,-11.307435242431078,-11.254313940107322
CWC15,-9.625667215756456,-9.710074914157483,-9.47138584507177
KDM4D,-12.499776275306647,-12.475800994239167,-12.546475983364381
SRSF8,-10.579730263161975,-10.705420041969491,-10.635449398938363
ENDOD1,-13.020361355409172,-12.831718661580252,-12.292124764232273
LNCRNA-IUR,-12.424158424659558,-12.228956145049033,-12.543678565863011
SESN3,-9.4163192553467,-9.258748846418856,-9.516937472496437
FAM76B,-10.263409478203524,-10.253130092920834,-10.284199749019239
CEP57,-8.858056263762919,-8.92755362758828,-8.999680646287032
MTMR2,-9.914091472634103,-9.884547527382054,-9.943109752613898
MAML2,-8.950299455843362,-8.878940104524531,-9.354336927542343
CCDC82,-10.088668019517339,-9.98109535953003,-9.827346093131014
JRKL,-11.605565889443435,-11.617450628909955,-11.485006389058578
CNTN5,-7.001973823301871,-6.2386133546040385,-7.391987087763105
ARHGAP42,-7.497220737805621,-7.593975437150842,-7.9198159209591505
CEP126,-10.984967906030048,-10.844984260252582,-10.9153696395239
CFAP300,-13.072515250006909,-12.821903945945959,-12.477542657016233
YAP1,-8.036686307433625,-8.147479361273689,-8.472506820701776
BIRC2,-10.026032260625296,-9.95429706619911,-9.994589611516544
TMEM123,-8.568373566659856,-8.640400094818736,-8.729979638906684
DCUN1D5,-9.324452403075357,-9.31771998507357,-9.25724768706565
DYNC2H1,-9.306981941758616,-9.245439879929634,-9.39261258464632
ENSG00000254987,-9.992434618559153,-10.64247662541051,-10.442906946675429
PDGFD,-7.642438248609084,-8.193199671756792,-8.239729778659623
GRIA4,-10.197767803906611,-9.767557848535127,-10.57808671940287
MSANTD4,-10.463182755423203,-10.44649429788586,-10.464697083531929
KBTBD3,-11.661721501520077,-11.67000358369622,-11.676852133093899
AASDHPPT,-8.72333788674613,-8.892972765722625,-8.902189521296085
GUCY1A2,-9.633967962710656,-9.793023559174742,-10.155535720157493
CWF19L2,-9.694635171246622,-9.702696037235318,-9.685268547527771
ALKBH8,-11.160530802366642,-11.042653931013795,-11.085780790592652
ELMOD1,-13.00725881408869,-13.224857449605722,-13.1554592952354
SLC35F2,-11.598861550386703,-12.065158852009908,-11.634190641871111
CUL5,-8.8241403395672,-8.853542796300994,-8.908693901665298
ENSG00000255467,-12.623795818408786,-12.758922125355388,-13.081891956632095
ACAT1,-9.620891625555911,-9.773693212430265,-9.673035087135117
NPAT,-10.266381815457425,-10.371352552601545,-10.437284513819053
ATM,-9.061186040804358,-9.00489129592084,-9.17987798136804
C11orf65,-11.838439978324036,-11.903744150861922,-11.807879824712034
POGLUT3,-11.51490766017625,-11.025452200017945,-11.779126281734847
EXPH5,-10.824542797200293,-10.648449576190997,-11.31887716495559
DDX10,-9.282994413239326,-9.351728349294204,-9.327602617432392
RDX,-8.108249759249302,-8.24671378581456,-8.193084991247954
ZC3H12C,-10.326110223745095,-10.427721486773978,-10.447990556931334
FDX1,-9.932301902235587,-10.095079053656251,-9.979237157613094
ARHGAP20,-12.92800179182557,-12.354669808189087,-12.564958066553434
LAYN,-12.364230363563378,-12.789969866638664,-12.660133173951609
SIK2,-9.691284159471133,-9.582447428959975,-9.858059791624587
PPP2R1B,-11.164811764541774,-11.347436239743569,-11.347053868616436
ALG9,-10.62834987200875,-10.686280609957349,-10.729421403328
CFAP68,-10.80981804931414,-11.000325247081282,-10.63749097107876
CRYAB,-10.32817966487012,-10.517769309638869,-10.121272931447022
HSPB2,-12.590066021169875,-11.868729798527548,-10.155312230752951
DIXDC1,-9.275114576482842,-9.097109459252628,-9.460148295670027
DLAT,-9.586942352492153,-9.650307357838928,-9.669092303824492
PIH1D2,-12.431429983411814,-12.398217075923814,-12.510387745473421
NKAPD1,-10.204301712635996,-10.257104016613173,-10.227804991097695
TIMM8B,-9.10213579473818,-9.290085479076323,-9.184304154715456
SDHD,-9.508623356986485,-9.608394002268488,-9.519622142238427
BCO2,-9.880731888205467,-9.660086902008981,-9.089763838353939
PTS,-9.800222655926557,-9.834370397014537,-9.744973661913543
LINC02762,-11.692077762051358,-11.798906551514289,-11.649928538015148
LINC02763,-12.88806693994547,-12.92212460520086,-13.124444554252054
NCAM1,-8.005517766267563,-8.066550488235725,-8.253226610817482
TTC12,-11.090437327775122,-10.90456057719972,-10.943347580812897
ZW10,-10.846821051222925,-10.850593728871095,-10.893281167662117
USP28,-8.557869343291136,-8.566488410628336,-8.590066688232188
ZBTB16,-11.3908840980277,-10.892151786579332,-11.133978620484168
C11orf71,-11.41225591559064,-12.00130077488772,-11.663044544979158
RBM7,-10.368221706373685,-10.383138994911876,-10.373339550020123
REXO2,-9.754816801470193,-9.814905376160116,-9.732115655439635
CADM1,-7.892345946408637,-8.156577867360987,-8.22350882818272
ENSG00000255580,-12.126725553711736,-12.305285170253558,-12.313296568730049
BUD13,-11.12036082717031,-11.065223209482005,-11.299571627464235
ZPR1,-11.056775242738373,-11.285129897645874,-11.108952843289613
APOC3,-12.09362643089031,-12.315721237795206,-11.99525026282354
APOA1,-10.489364027106417,-10.831889388010676,-10.284537902196789
SIK3,-8.386858010202129,-8.332367076559475,-8.433056016054373
PAFAH1B2,-9.352811201180426,-9.410962419248717,-9.627596313499842
SIDT2,-11.728627154422634,-11.724233453039982,-11.919144115635145
TAGLN,-8.819275121312067,-8.743482938711942,-9.683473701375956
PCSK7,-10.946546353755469,-11.145540170736297,-11.204793473427813
RNF214,-9.66485776024083,-9.761100891048967,-9.724131421717775
BACE1,-10.382778507462444,-10.55029893315719,-10.334940536263279
BACE1-AS,-12.093981655095323,-12.056311608451342,-11.952952816999336
CEP164,-10.757207951532719,-11.047536350700485,-10.679648573187457
DSCAML1,-12.345469459977828,-12.59828767153251,-12.145379422972534
FXYD6,-9.063851118976997,-9.291633372255626,-9.059157671586668
UBE4A,-9.777656060324981,-9.857173670087697,-9.962825716250073
ATP5MG,-7.817763711818855,-7.919582583784135,-7.777868748272246
KMT2A,-8.627263317140766,-8.59845678345421,-8.81985652947246
TTC36-AS1,-12.874412254661154,-12.769832477455394,-12.773891915532129
TMEM25,-11.483452953281235,-11.603103898987758,-11.40778596623816
IFT46,-11.416800079721455,-11.497764548803477,-11.399190014134522
ARCN1,-9.379776707795521,-9.404528175971045,-9.465288905978724
PHLDB1,-10.989070732763123,-11.01890995341741,-11.309358274203278
DDX6,-8.59277932009763,-8.506620265867534,-8.697662598330755
BCL9L,-10.970017808303124,-11.005972053260324,-11.17913432923194
CENATAC-DT,-12.987330631847412,-12.80859471606353,-12.855921944553637
CENATAC,-10.588964727245338,-10.564687989776017,-10.824763562210894
RPS25,-6.892974409256367,-7.037353889914749,-6.9534232307107615
TRAPPC4,-10.16656599010277,-10.32571786828482,-10.246666816923488
SLC37A4,-12.412154969578046,-12.256736696817415,-12.440766637250126
HYOU1,-10.491047658675717,-10.335409481178852,-10.558659682363093
VPS11,-11.517676700381882,-11.659156773229592,-11.88839020635814
HMBS,-11.274790516206805,-11.378770361043959,-11.439372608253011
H2AX,-10.283972402277298,-10.600100720008976,-10.571028432900372
DPAGT1,-11.660124286656128,-11.632210601363806,-11.824681516727065
C2CD2L,-13.073658040371408,-12.812405311161257,-12.939129775997948
HINFP,-11.681399580915281,-11.54761602440514,-11.759030305707913
NLRX1,-12.75451784792875,-12.91514203366626,-12.7867074455297
CBL,-9.576145764257634,-9.568867071550155,-9.642081228124706
MCAM,-12.181411105350275,-11.964296051624679,-12.61309203889159
RNF26,-11.96024528826504,-12.064929753945357,-12.022062951511687
USP2,-10.65949189430143,-10.585734882998482,-10.720903876878184
USP2-AS1,-11.451950641777186,-11.748928748251979,-11.618247889827439
NECTIN1,-10.910638644305399,-11.570629945225587,-11.321407269066261
OAF,-12.431485248262897,-12.54266051148164,-12.980889880618081
TLCD5,-10.756125821683902,-10.716779812092721,-10.737821408711376
ARHGEF12,-8.976035319945144,-8.952905940613093,-9.01125274668754
GRIK4,-12.290877462862847,-11.733546274962489,-12.533280612371998
TBCEL,-10.021833001400136,-9.982222038804778,-10.135908626917422
TECTA,-11.799367991168882,-11.913959663674406,-12.1533615117736
SC5D,-8.783606443409814,-8.14545140063782,-8.781822587913751
SORL1,-11.448316675466195,-11.00296917425322,-11.202605767933157
MIR100HG,-7.823054734902648,-8.072538423455677,-7.82415825486124
JHY,-11.96670566080193,-12.167947148077268,-11.84258623055637
HSPA8,-8.1085437350389,-8.150497820499417,-8.113361737760638
ENSG00000288061,-12.646153496222126,-12.841514477573105,-12.550539048942257
CLMP,-12.035309121011178,-11.494528262215805,-11.528924681187632
GRAMD1B,-9.9645403844037,-9.800480852188636,-9.675909734713878
ZNF202,-11.780430669077086,-11.733857893142513,-11.842102353563815
VWA5A,-11.830006748586518,-12.066739621538273,-11.609111957954918
TBRG1,-10.12159350319492,-10.089432520433245,-10.224486339364503
SIAE,-11.92868832546712,-12.160280880095202,-11.958256207512967
SPA17,-11.31497835266549,-12.08984820746313,-11.63152144553389
MSANTD2,-10.128713191067733,-10.097654277500858,-10.308756892439437
ENSG00000279342,-12.55362629347035,-12.40379646371647,-12.813187470070893
MSANTD2-AS1,-11.871260733641936,-12.018766075322265,-12.750101706195741
CCDC15,-12.067726858418618,-12.473323070708426,-12.59097165989125
TMEM218,-11.23570099578699,-11.045602980811124,-11.356287766644868
PKNOX2,-11.037351691108924,-11.073213583536086,-11.07957384431253
FEZ1,-11.26150735796423,-11.260329900785248,-10.672720578108637
EI24,-9.741129290221442,-10.006528329836355,-9.882941616469415
STT3A,-10.542893744940484,-10.425094281264737,-10.529895878032711
ENSG00000288907,-12.694828654025363,-12.413643293559497,-11.938838485493788
CHEK1,-10.518064520034867,-10.669074562799489,-10.840796489081661
HYLS1,-12.664441070950005,-12.85803695334445,-12.345108763626612
PUS3,-11.354841015632093,-11.583473424545016,-11.322173713064682
DDX25,-12.554724534313792,-12.353948599846326,-11.96127873369699
CDON,-10.690453157183352,-10.818412892093551,-10.863003877443097
RPUSD4,-10.940860040033716,-11.037954963664166,-11.136604514981714
FAM118B,-10.752819571342283,-10.869181388276921,-10.78699200921565
SRPRA,-10.006412536906742,-9.863660006376152,-10.12958288140385
FOXRED1,-10.709774218171383,-10.759396981744025,-10.706592507513777
TIRAP,-11.941354678722911,-12.120888170466802,-12.084559532068388
TIRAP-AS1,-12.827001431478461,-13.221748504658299,-13.040733940668975
DCPS,-11.596515215312381,-11.581451811936033,-11.468668327889278
ST3GAL4,-11.613008555174641,-11.643034672326346,-11.466372182789371
ETS1,-11.996684952281012,-12.152668506351986,-11.309823519029752
KCNJ5,-10.307052649640106,-10.58773449721971,-11.06724427008535
ARHGAP32,-9.178684621486077,-9.395077922890303,-9.273074819455369
NFRKB,-10.395000145464047,-10.416195785265764,-10.461420197590318
PRDM10,-11.057488854543761,-10.85712896314942,-11.313677300706765
APLP2,-8.027967704215731,-7.787951058107535,-8.21534933998467
ZBTB44,-9.28112949820683,-9.389016598056005,-9.39507525721104
ADAMTS8,-12.468245577304572,-12.318362426943546,-12.108313927072544
ADAMTS15,-12.875933105181543,-12.579914923963694,-12.45789823217986
SNX19,-10.506537475365278,-10.562214076000707,-10.559213904725544
NTM,-11.297344582229599,-11.277182256770839,-11.218492454087782
OPCML,-11.545392015348055,-11.303419385019712,-11.235344342809475
IGSF9B,-12.444036610247407,-12.346736283063553,-13.173018338166663
JAM3,-9.406216644894068,-9.448607605862382,-9.653202396161
NCAPD3,-10.230963154604993,-10.212409417894422,-10.415030694795304
VPS26B,-10.91147147295652,-11.143923913862224,-11.028449404675847
THYN1,-9.806424973237005,-9.898039213909382,-9.881927891958474
ACAD8,-10.83814520537184,-10.903171990005227,-10.944707607218973
ENSG00000261799,-11.64932573339657,-11.636138017757643,-11.99918558168051
ENSG00000290285,-12.741356747091714,-12.503179314384006,-12.68063976992087
KDM5A,-8.921028339974523,-8.612700089230263,-9.084012673587061
CCDC77,-10.720481868848905,-10.489676689706126,-10.996191352111106
B4GALNT3,-9.718040913034901,-9.959673456681388,-9.462020169237634
NINJ2-AS1,-13.089263679185017,-12.626452892454562,-12.940517294499944
WNK1,-8.409646287266755,-8.189217522271667,-8.344612521297783
RAD52,-11.114591983468172,-10.99736162844014,-11.211309537690513
ENSG00000250132,-12.885418002713529,-12.910757779087085,-12.968051080400945
ERC1,-7.859610805916522,-7.921406292145893,-8.13924897003854
WNT5B,-8.355607145975265,-8.45910517341972,-9.102304691318393
FBXL14,-11.12834065602045,-11.376275955981177,-11.804138946426185
ADIPOR2,-9.531252669661143,-9.489125407418676,-9.801168110979777
DCP1B,-10.660191158826763,-10.324592911695262,-10.55378767404023
CACNA1C,-6.592285206805064,-7.043746553117638,-6.91470699203505
FKBP4,-9.851071382356315,-10.01398146501321,-9.90035174182612
ITFG2-AS1,-11.349971056617914,-11.442613306673277,-11.595775758558261
ITFG2,-10.012657108094173,-10.130519878522632,-10.321667650415424
FOXM1,-11.750947100731315,-12.24956744821821,-12.242007086806394
RHNO1,-11.193861491841002,-11.273518373793374,-11.091917720368237
TULP3,-10.256195685371914,-10.38691284248835,-10.688351996706606
TEAD4,-11.349567490411621,-11.159865488587414,-12.030025393112993
TSPAN9,-10.095072637972137,-10.276625631375632,-10.190275265411636
PARP11,-10.369800252337125,-10.35103843918778,-10.553745431578049
CCND2-AS1,-11.404355237484106,-11.614538191191702,-11.855220948725952
CCND2,-8.037239487334599,-8.64117468776295,-8.787372575330004
TIGAR,-10.163996593024798,-10.112860645158642,-10.2430260166163
C12orf4,-10.533940363364202,-10.570749090283574,-10.488394055652885
RAD51AP1,-10.733370099032545,-11.226338193226475,-11.545817128286288
DYRK4,-10.418993051862165,-10.549734181852626,-10.466413374026272
NDUFA9,-9.669381683770137,-9.706501222319462,-9.74376297436959
GALNT8,-11.28762657526082,-10.927882021978052,-10.723017183656044
KCNA5,-12.768119648373979,-12.725807548728477,-12.32847735298575
ENSG00000256417,-12.659928946500905,-12.701043154370605,-10.406546272585171
NTF3,-11.708042802396351,-11.653153820550923,-11.536536570133773
ANO2,-11.954405692487212,-12.337566022779267,-12.508708324393204
CD9,-12.607157024450517,-13.020097451539845,-11.893042059450938
TNFRSF1A,-11.503402818153617,-11.515463924498732,-11.442242995802092
CD27-AS1,-11.546613725689495,-11.195052708979949,-11.040066098945086
VAMP1,-13.179756041115679,-13.102823264426961,-12.923699938469303
MRPL51,-8.95116328217679,-9.212238228949847,-9.12305272451195
NCAPD2,-10.250625699454293,-10.554666128804069,-10.580546901759947
GAPDH,-6.29453570252941,-6.536389224411714,-6.115562002332718
IFFO1,-12.115617486434694,-12.341871873940942,-12.299686628750017
NOP2,-11.19495979443198,-11.420987568868258,-11.246014502702527
CHD4,-8.03818524483861,-8.131440338645437,-8.21700368259027
ING4,-10.094994410284064,-10.392908943625416,-10.424327719225165
ZNF384,-11.292733521548133,-11.152394423465774,-11.37691759157132
COPS7A,-10.662417822607503,-10.700098506488837,-10.680453036012025
MLF2,-9.194019733414951,-9.271064098411141,-9.265006191795116
PTMS,-8.58813360921725,-8.701996012293947,-8.601297405135032
GPR162,-12.81642654900491,-12.922441356064562,-12.934742049627507
P3H3,-12.848723613529575,-12.774502012947467,-12.805690133370598
CDCA3,-11.354548308655975,-12.14923040797581,-11.94828597422584
USP5,-10.949434625744642,-11.033739210743873,-11.137189322494473
TPI1,-7.601747491573482,-7.870502495799344,-7.371560177648159
SPSB2,-12.384961855401142,-12.813143529013264,-12.824757240581059
LRRC23,-11.51421376838323,-11.262380777971222,-11.204186457354323
ENO2,-11.828683290527007,-11.692841605133093,-10.554823721004317
ATN1,-10.718227643018283,-10.630994256374292,-10.845651571895793
C12orf57,-9.273314415052258,-9.680166292473304,-9.514601850844652
PTPN6,-12.468103030923997,-12.48159759078426,-12.19094598380534
PHB2,-8.887857412922681,-9.082185440250845,-8.881123912171503
EMG1,-10.913060635861282,-11.074319935371086,-11.170014155982653
LPCAT3,-10.6835061442957,-10.825172271894072,-10.915516423352003
C1S,-11.580690800261284,-11.50217843003993,-11.338009420343566
C1RL,-12.214790627849153,-12.092971594750287,-12.108003748248915
CLSTN3,-11.83393215918409,-11.675563971664609,-11.767885933947067
PEX5,-11.610530062992975,-11.680750117798318,-11.62949543069054
SLC2A3,-8.874475127646084,-8.829778307382968,-9.278172499566303
FOXJ2,-11.222435347913171,-11.33802566382656,-11.361361406997812
NECAP1,-11.076733536812817,-11.061828140088755,-11.227820105584195
FAM66C,-11.3592759089705,-11.920034764352213,-11.631692940364351
ENSG00000286895,-11.028200300072015,-10.972101399393104,-11.232549490109648
ENSG00000286504,-12.61177473001504,-12.460852816882321,-12.924967850263993
LINC00937,-10.069122159734004,-10.221442027119423,-10.62166739117398
RIMKLB,-9.704749537976223,-9.622411306996836,-9.714214715728694
A2ML1-AS1,-12.559563368305632,-12.354371705625685,-12.232197078766507
ENSG00000282022,-12.986809153942238,-12.696558644511606,-12.861783268864674
PHC1,-10.50390606402979,-10.46385014671851,-10.651490337620695
M6PR,-9.50059476855807,-9.575080354503077,-9.622721936865
KLRG1,-10.946270771693975,-10.941760896319979,-10.893031848632532
A2M-AS1,-11.958059315772365,-12.678020342130607,-11.620320724379244
A2M,-10.019705100260209,-10.667492186795691,-11.050381179335643
PZP,-13.026196578078666,-13.20805758742347,-12.699658301910308
LINC00987,-11.953964900062227,-11.425961844648606,-11.586347049324948
ENSG00000284634,-10.840446576929526,-10.852249499871368,-11.563944375379805
ENSG00000291107,-12.234015884579248,-12.386184615076031,-12.387568591703808
ENSG00000257027,-13.109228834466846,-13.21632507017345,-13.104757979111822
CLEC2D,-9.478573577335156,-9.597827157345181,-9.836593794965694
GABARAPL1,-10.6836032051905,-10.561747228454797,-10.31548016623163
KLRD1,-12.164613009386104,-12.013494709373221,-12.093441056357062
ENSG00000290537,-12.515518120277054,-12.914330933044129,-13.027893091076646
MAGOHB,-10.069008195485479,-10.240589759031181,-10.200779828487043
YBX3,-8.592820357640433,-8.766726810256534,-8.74678557415208
PRH1,-9.850592352200072,-9.75431840754579,-10.09762437335272
TAS2R14,-12.20834571234511,-12.240022735925656,-12.274349738474063
TAS2R20,-12.410366530797681,-12.622984114566272,-13.047583094846837
SMIM10L1,-9.414311438279654,-9.43985554092343,-9.214826628739877
ENSG00000275119,-10.984028054954521,-11.208806164200759,-12.144663422849655
ETV6,-9.006153186698151,-9.099965974311896,-9.215745966697138
BCL2L14,-11.873604737826447,-11.716586959436897,-11.73337750148708
LRP6,-9.266527005980343,-9.25046346181754,-9.31109311066514
MANSC1,-11.820098244727058,-12.119768705007443,-12.049193634145546
BORCS5,-10.78608694446037,-11.081581609890295,-10.838555126733274
DUSP16,-9.50954576057309,-9.472992063865536,-9.693768779508094
CREBL2,-10.84629831731915,-10.987529861225184,-10.868859667591353
GPR19,-12.153581664160853,-12.323477362302594,-11.950826705787495
CDKN1B,-9.537126942192112,-9.654727618698177,-9.703397031906398
APOLD1,-9.839214867244056,-10.109827401104207,-10.32851218044656
HEBP1,-10.353694816771448,-10.58447468029913,-10.09457339544716
FAM234B,-12.547120452042922,-12.76211264154264,-12.411981194184838
GRIN2B,-11.81830170244819,-12.23905625055943,-10.718115599274894
ATF7IP,-8.694314626093641,-8.686119324594268,-8.76216120169575
PLBD1,-12.135777580027224,-12.121304567652812,-11.954982452366952
H2AJ,-11.232023427370377,-11.033160415965092,-10.380242057358261
WBP11,-9.016248296122319,-9.090228203535732,-8.982096651125161
C12orf60,-12.735326615419893,-12.903820997010978,-13.050617883293803
RERG,-10.050027459456397,-10.221393938322214,-9.635600857079995
EPS8,-10.30288736395678,-10.799983604930869,-10.744203937742094
STRAP,-8.813876165643597,-8.988350393319326,-8.912743906244856
DERA,-9.672809661725921,-9.794900399114791,-9.957480215892872
MGST1,-9.518504368457277,-9.31863057400328,-9.629724822042924
LMO3,-9.691597329512101,-10.076536786294167,-10.848872840995519
PLEKHA5,-7.521157312341614,-7.429720889330541,-7.018694474729591
ENSG00000253284,-12.443735573679636,-12.46878660816295,-12.096499594840814
AEBP2,-8.860885147639538,-8.861075089487585,-8.902997959838723
ENSG00000255910,-11.115107642095666,-10.937292989649611,-11.172495070269816
LINC02398,-12.076954234380397,-11.584381514118023,-11.96702621706646
ENSG00000287075,-11.953774912693756,-11.992999980448113,-12.306305982977856
PDE3A,-9.216060741082549,-9.527742817727553,-10.268260435647191
PYROXD1,-11.15656245020419,-10.993209960431896,-11.155193073624073
RECQL,-10.297503404746868,-10.583646991368072,-10.820990296954708
GOLT1B,-10.859790972294393,-10.91423588641095,-11.025201817136848
LDHB,-7.476410620839289,-7.588798565675978,-7.439646455205923
KCNJ8,-11.832222907922652,-11.815181840742058,-11.95725139217371
CMAS,-9.71362530208868,-9.698237720130917,-9.61091061842374
ST8SIA1,-10.577043641101085,-10.624070411507802,-9.932034327156826
C2CD5-AS1,-12.236879770587567,-12.18456539121846,-12.20521500036667
C2CD5,-9.372398322595378,-9.363566669964646,-9.417887782559104
ETNK1,-9.083099953316303,-9.010059243843385,-9.103808723604356
LINC02955,-12.67196067752433,-12.047694823046251,-12.05352122121927
SOX5,-7.671311112095164,-7.798011163594761,-7.9622275016456046
BCAT1,-10.33577587550854,-10.40266348253314,-9.576425927532036
DNAI7,-12.33613695181119,-11.97681821019,-12.472894532192237
ETFRF1,-10.565403206968336,-10.539876540913406,-10.692002724625667
KRAS,-9.40378389627374,-9.383445860495188,-9.433012972651714
LMNTD1,-13.07370294163762,-12.992961778809276,-13.160323627859633
RASSF8-AS1,-9.926382526244328,-9.879625171479248,-9.860018758121445
RASSF8,-8.828413080793071,-8.763568521813717,-8.402687970608017
SSPN,-11.220456026735889,-11.705142125439076,-11.609803547798577
ITPR2,-9.139611847713313,-9.329250865426912,-9.487603349271481
INTS13,-10.144713897450698,-10.260420163994889,-10.349308949797882
FGFR1OP2,-9.501424758655311,-9.516156843784996,-9.555001044704246
TM7SF3,-10.105239580452709,-10.103531399097601,-10.381512021310304
MED21,-10.02499870649656,-10.082167414169676,-10.237442085742238
ENSG00000275764,-12.309534162229927,-12.053663940596577,-12.698354443399175
STK38L,-9.700320044361755,-9.721319377521503,-9.889721635423832
BMAL2,-11.677563450146492,-12.176296126540786,-12.255222549993137
PPFIBP1,-8.950625072188986,-9.08532666350498,-9.28570439540297
MRPS35,-9.20389006534457,-9.336138654168307,-9.24087824527749
KLHL42,-9.780452735987591,-9.805234163366595,-10.114913976544045
CCDC91,-8.892859501008996,-8.93755726410431,-9.081390998773182
ENSG00000247934,-12.574814682590839,-12.58295655462021,-12.546794146875657
ENSG00000257176,-12.383662448361633,-11.748158821858068,-12.316939781004129
ERGIC2,-9.464710188793791,-9.462353525598505,-9.569807948220925
OVCH1,-12.834600698195674,-12.862700020587882,-13.088558419185674
TMTC1,-9.333079050876336,-9.351649493736526,-9.598497613418544
IPO8,-9.974647421575428,-10.111942723490191,-10.12932517539895
CAPRIN2,-10.492177140304408,-10.335106797156591,-10.316473374806097
TSPAN11,-11.733529879996446,-12.136113747081293,-12.218545829805475
DDX11-AS1,-12.015792490241505,-12.200288538812682,-11.921167760652901
DDX11,-11.106201484838492,-11.036956200481288,-11.760442476601947
SINHCAF,-8.782312202350267,-8.752502838577229,-8.868785837373812
DENND5B,-7.772800963718843,-7.762246111924613,-7.808344004932578
ETFBKMT,-13.12558535235703,-12.896640077003209,-12.929551173092527
AMN1,-11.233600793036585,-10.977785845849892,-11.166953498920817
RESF1,-9.514761992122311,-9.322643538643746,-9.669535000469306
BICD1,-8.673404013381207,-8.600657141733231,-8.636214695344751
ENSG00000274964,-12.623877943861714,-12.306212996889975,-12.60537684923282
ENSG00000276115,-11.882324971987204,-12.038793145528949,-12.007502654322812
FGD4,-10.795134059257535,-10.639151523562772,-10.459505450687642
DNM1L,-9.001038052630363,-8.942055731831681,-9.05100948258869
YARS2,-10.196497011020059,-10.200592461667782,-10.410314482126562
PKP2,-7.271778509420709,-7.333498024719014,-7.638568600992814
SYT10,-10.93052863289686,-10.542742794008195,-11.577112696801786
ALG10,-11.764207822174923,-11.72537800539495,-11.798717228025604
ALG10B,-11.513479146333482,-11.421361475608958,-11.362188723123381
CPNE8,-12.572970984381952,-12.056321779870393,-12.668175513088508
KIF21A,-8.607135191956202,-8.633967238398657,-9.029853592202794
SLC2A13,-9.267985265662169,-9.603674389612271,-9.382686314960376
LRRK2,-11.511757543840346,-11.683034405704985,-11.052869894745568
CNTN1,-12.547027939137774,-11.069121354530324,-12.475760750314684
PDZRN4,-13.033088203503542,-11.336326089525299,-11.322301372159767
GXYLT1,-9.88319859957582,-10.045303594446642,-10.130081135342035
YAF2,-9.11362697929685,-9.137854028920788,-9.145248028457459
PPHLN1,-9.17988282648644,-9.21522259390532,-9.328309331938753
ZCRB1,-9.578681736460052,-9.718661381084749,-9.575216262882048
PRICKLE1,-6.893151329447373,-7.256355449767751,-7.431758688803528
ADAMTS20,-11.854254305989134,-12.47280092230358,-12.392815265057314
PUS7L,-10.215492405319848,-10.438947282985787,-10.82426845573494
IRAK4,-11.546437591398279,-11.740226010992979,-12.406430460292814
TWF1,-10.06450176670637,-10.139782237115421,-10.049953197667156
TMEM117,-8.766319105344863,-9.05595933892948,-9.314910976161597
NELL2,-11.813490009497503,-11.905383169551115,-11.813670913186778
ANO6,-8.896313978120814,-8.88554379625871,-9.248623168612612
LINC00938,-10.938721981938055,-10.97225864022284,-11.086055870648405
ARID2,-8.521568945242308,-8.462937328877778,-8.698567596036346
SCAF11,-8.175248136693343,-8.103277409396048,-8.216923465815576
SLC38A1,-8.25172369460416,-8.141653340322492,-8.34773532754272
SLC38A2,-8.907342809856756,-8.761426985175973,-9.069373238142882
SLC38A4-AS1,-8.867591172062875,-8.648490966237588,-8.560595617023345
ENSG00000257496,-11.745153655508249,-11.244462684841391,-11.385106464339174
RPAP3,-9.400592897061506,-9.474931315204412,-9.41059210604431
SLC48A1,-12.256167302782492,-12.19526694184987,-12.204166553727816
HDAC7,-10.559223211860546,-10.525769900990086,-10.812601018770795
TMEM106C,-10.032832088998799,-10.207488809064671,-10.273354464691003
COL2A1,-9.131080032470397,-8.634775009091898,-9.96227929226401
SENP1,-10.038237900167335,-10.095065306875208,-9.976236571469622
PFKM,-9.571819383880896,-9.805412392123761,-9.680429277891639
ASB8,-10.46192487545705,-10.342162590991446,-10.331200037041556
ZNF641,-11.576607119185372,-11.421147195694683,-11.54499206935816
ENSG00000257735,-12.035756029958247,-11.957495216382675,-12.203286076361097
KANSL2,-10.577472357960367,-10.51163515398632,-10.627932560876914
CCNT1,-10.324401765400076,-10.354345456324385,-10.492266619775613
ADCY6,-10.580825548099012,-10.718296539259804,-10.408857820382618
CACNB3,-12.556963665635054,-12.372171147396038,-12.820323071367024
DDX23,-10.527988549712791,-10.657662997537948,-10.771538483287037
CCDC65,-12.187415063138642,-12.35831889670397,-12.455143129115612
FKBP11,-12.11650972787241,-11.849052233659714,-12.39552441842366
ARF3,-10.12198600272374,-10.176330552127538,-10.225111250551166
DDN-AS1,-12.824862036770385,-13.167629653431431,-13.015185534224154
PRKAG1,-10.352527765868338,-10.5345012207051,-10.568801246655307
KMT2D,-10.58039888253803,-10.57681506659519,-10.843562481270624
LMBR1L,-11.089843374197491,-11.155710529757794,-11.381181598004458
TUBA1B,-7.587174573922144,-7.927363195363098,-7.912986630824163
TUBA1B-AS1,-11.28809560926415,-11.280974116609835,-11.654887046666806
TUBA1A,-8.217494733777706,-8.287443976712392,-8.509915512271588
TUBA1C,-10.289648233467297,-10.906762141623016,-10.40409214527912
TROAP,-11.614742337504934,-12.577583057925175,-11.864350365477675
SPATS2,-9.266082712751807,-9.298271492179213,-9.440822188789568
MCRS1,-10.457213537190247,-10.442041721267934,-10.583526018633211
PRPF40B,-9.651222199206593,-9.673917159231188,-9.791235698637488
FMNL3,-11.580322080626871,-11.746233822788382,-11.926285124394626
TMBIM6,-8.498207155612947,-8.571539936527852,-8.657815720126642
NCKAP5L,-10.843551413282164,-10.807548359680286,-10.906112341323386
BCDIN3D,-11.391035663538478,-11.510129753395086,-11.544156363486806
RACGAP1,-10.94486058875978,-11.450123070964306,-11.214552016459328
ASIC1,-12.298959838698826,-12.583661746412455,-12.510595922453387
SMARCD1,-10.132024306696145,-10.11821281172196,-10.278367595922573
COX14,-9.588467881361183,-9.566636922856127,-9.587019251910508
ENSG00000272368,-11.444297554821983,-11.219032258971371,-11.587903257995404
CERS5,-10.237131628022833,-10.150585969397678,-10.435679014172779
LIMA1,-10.221877216387442,-10.274692674226092,-10.205252049666788
LARP4,-8.963722503829072,-9.020323283363375,-9.00373988010325
DIP2B,-8.948128986992304,-8.915002342174358,-9.064469814006399
ATF1,-9.927003889393632,-9.951118848288598,-9.918558659407028
METTL7A,-11.93786252575506,-12.619374410014576,-11.614562379656297
SLC11A2,-10.35042121398447,-10.349748840968893,-10.451506972999423
LETMD1,-10.630225147639173,-10.923561524233492,-10.867840987717997
CSRNP2,-11.07054208444554,-11.184878559831496,-11.296729864416813
TFCP2,-9.887457752852951,-9.906264826879433,-9.97074888745163
POU6F1,-12.957396972541876,-12.645185694559437,-12.760236312132088
DAZAP2,-10.300205899532235,-10.298605472030868,-10.37858650677818
SMAGP,-12.678395253318921,-12.805622719288994,-12.685973505770795
SLC4A8,-11.269199559696927,-11.077035095034892,-11.390929953086676
SCN8A,-10.671648614381937,-10.585534951700145,-11.018813687449338
FIGNL2,-11.678379598634674,-11.895719966938408,-12.190635061245139
ACVR1B,-10.168908538801595,-10.201733832914732,-10.098208607525605
NR4A1,-11.18533062523279,-10.120138635650639,-10.913919924729841
ATG101,-11.180867901012085,-11.098855361614099,-11.150723779424675
KRT8,-8.033774168995189,-8.054343718389127,-8.373918331719814
KRT18,-8.228884716722305,-8.227858814592999,-8.658405888733533
EIF4B,-8.044449607308866,-8.127391305900447,-8.167014772397808
TNS2-AS1,-12.016944378844498,-12.124398855431323,-12.206334507735413
SPRYD3,-12.857490081096095,-12.808493821189941,-12.655559809427631
IGFBP6,-12.001683918951615,-12.435765862679187,-10.763972472355011
CSAD,-10.562905436681216,-10.48167746306477,-10.701728861720111
ZNF740,-10.925569141387921,-10.807871376973063,-10.972969870916714
RARG,-12.385925916579335,-12.270970447075914,-12.274620364857816
MFSD5,-12.248165154342079,-12.153412273280992,-12.358183727132637
PFDN5,-8.098672480351173,-8.231847267245731,-8.22008672199836
MYG1,-10.58491642990522,-10.786837366583,-10.812214673899538
AAAS,-10.709244543023123,-10.779543665614522,-10.895673159538896
SP1,-10.34569653330579,-10.357068833521186,-10.528937882719406
AMHR2,-11.337360021473483,-11.398650768387531,-10.898887950363417
PRR13,-9.945558662168303,-10.0123199850636,-9.933237625717021
PCBP2,-7.978129002795122,-8.17408790960344,-8.155787665210784
MAP3K12,-12.106664524150355,-11.98289719303267,-12.56938453899868
TARBP2,-11.31457265351193,-11.221167280439147,-11.447338925468662
ATF7,-9.874700111182912,-9.860821167459282,-9.98931186471689
ENSG00000285692,-12.332345102573555,-12.293351977160864,-12.22482132768354
ATP5MC2,-7.618060652095384,-7.717961763257561,-7.711302955982054
CALCOCO1,-10.213437177027274,-10.191841203787472,-10.323532382820055
SMUG1,-11.667335370361714,-11.736044217641638,-11.680787456635404
LINC02381,-13.152812213975869,-12.722261571707735,-12.118044374410816
CBX5,-8.221472883296478,-8.377742257409361,-8.371501201466096
ENSG00000289154,-12.588364186254307,-12.603786905938335,-12.67892621168583
HNRNPA1,-7.122449170152989,-7.377573442414256,-7.229923588996796
COPZ1,-9.548582893933244,-9.792889544252999,-9.620903674407463
ZNF385A,-11.943699881176554,-12.031826153134585,-11.745144338468958
ITGA5,-11.950519923365276,-11.714887189040919,-11.55703935964184
PPP1R1A,-8.656366428667624,-8.887152836885246,-8.138603577283419
ITGA7,-11.330663400989238,-10.87927509908489,-11.057606992922087
BLOC1S1,-9.653252452109939,-9.867819580877994,-9.822227901552703
RDH5,-12.389862202942508,-12.699693695682715,-12.547250168455914
CD63,-7.877653015142283,-7.80431417117615,-7.8049830523727355
CD63-AS1,-12.160190170869013,-12.375323213798442,-11.877867595283794
GDF11,-9.94942925824745,-9.714656333787511,-9.917008385653519
SARNP,-8.781219108717568,-8.895777655232191,-8.93864850768961
ORMDL2,-10.899529537490771,-10.91891906416192,-10.999334465666287
DNAJC14,-11.792207960323783,-11.669889825655313,-12.02604486035271
PYM1,-10.3534246872436,-10.513651034339732,-10.534832713301702
DGKA,-12.26712431645469,-12.393540483044314,-12.604652195477428
PMEL,-12.723239082934583,-12.290554160770025,-11.895252588004473
CDK2,-11.4209572806892,-11.643548560222786,-11.630806638056272
RAB5B,-10.146770484684081,-10.048249710485374,-10.245448314375752
SUOX,-11.626894731632529,-11.454480754498894,-11.613697373150888
IKZF4,-10.784491901569004,-10.730165995323585,-11.170369812797784
RPS26,-6.7508040504426035,-6.84553368266936,-6.769395334282225
ERBB3,-12.076210865417982,-11.725790653274956,-12.245298113091403
PA2G4,-8.654068195881027,-8.849745831170198,-8.768043346010495
RPL41,-6.124244391768703,-6.317732586478995,-6.3039606652101146
ESYT1,-11.119059795020004,-10.81936035903144,-11.33309451391493
ZC3H10,-12.138463856118495,-12.124492463873796,-12.105311667597936
MYL6B,-9.560673121984573,-9.846934523431594,-9.739506445636271
MYL6,-6.368270800769434,-6.406686760134966,-6.48903906416684
SMARCC2,-9.585619997068402,-9.504721552031528,-9.716812416278051
RNF41,-10.969720918876291,-10.899408481244857,-11.117552048922088
NABP2,-12.033286270236506,-11.916470787890859,-11.836421981765676
ANKRD52,-11.074616306397179,-11.02028148807725,-11.250473689496014
COQ10A,-11.171462924240354,-11.141551313868586,-11.104811317755463
CS,-9.44109019638719,-9.523747737008462,-9.487397526995158
CNPY2-AS1,-12.168568947483623,-12.138589306266285,-12.03254929553507
CNPY2,-8.996820586569058,-9.071031274123644,-9.118093736260889
PAN2,-11.175720513372358,-11.258642815251216,-11.525286451455589
STAT2,-10.658229139978586,-10.634514344109162,-10.754280435186779
TIMELESS,-11.099497485540345,-11.349369962771554,-11.50917486676983
SPRYD4,-11.328506201870837,-11.468725128943703,-11.609371204607559
RBMS2,-10.299245406782024,-10.261500011040152,-10.44607894058023
BAZ2A,-9.380983632134884,-9.310900202111576,-9.53957003723426
ATP5F1B,-7.563245996918302,-7.721228883935889,-7.664534696275272
PTGES3,-8.00043268474746,-8.130953849707613,-8.06627691924337
NACA,-6.793625386473417,-7.0328097091013655,-6.958212365717094
PRIM1,-11.021371674614771,-11.2403771923551,-11.233913292209074
ZBTB39,-11.692788562968856,-11.53514395848305,-11.568372594820449
TAC3,-12.483587032435231,-12.68968785110789,-12.087052396043042
NEMP1,-11.2539472187136,-11.445742744341679,-11.643963256745646
NAB2,-11.655033826604955,-11.611570535059595,-11.685208466894418
STAT6,-11.447596306695491,-11.50588138731884,-10.809462918274836
LRP1,-10.057035981336435,-10.243992042416092,-10.269207107408723
SHMT2,-10.748017828887038,-11.005764700381075,-10.6495491535553
R3HDM2,-8.747629929731715,-8.656950313903579,-8.862054275889928
MARS1,-10.27357324295476,-10.348310506882125,-10.412500639231151
DDIT3,-11.162487202496688,-11.37228610946132,-11.132746079280532
MBD6,-11.656903950230417,-11.883914332490898,-11.979098654080024
DCTN2,-9.611847068804156,-9.706694242175317,-9.76817451863597
PIP4K2C,-11.684966979648852,-11.695064515320375,-11.849005433959878
DTX3,-11.714588047194173,-11.719332153439465,-11.878232025240324
ARHGEF25,-12.76992090007387,-12.711024658642453,-12.471607761710432
OS9,-10.044324651930772,-10.051560010819134,-10.236769930451501
TSPAN31,-10.635941543669801,-10.487370775340974,-10.475863399410107
CDK4,-9.601500686077406,-9.752524948013203,-9.729630269739827
MARCHF9,-11.891028625086088,-11.847873863409312,-11.888789555886653
METTL1,-11.750872831753744,-11.958064623330614,-11.85113475100922
TSFM,-10.263956805380086,-10.452908955663895,-10.442406479495496
AVIL,-12.169174011494242,-12.073300523321558,-12.459150850089454
CTDSP2,-9.942063071066569,-9.987812038044655,-10.193584164089081
ATP23,-11.447603609317376,-11.737243627732298,-11.497513670800458
GIHCG,-11.050941765922182,-11.02267767697504,-10.990387593464698
LRIG3,-10.199633230937513,-10.275574152284175,-10.669653408638982
LRIG3-DT,-12.408234625316227,-13.256473318104652,-12.757270245998518
SLC16A7,-10.330136582122991,-10.470984644004632,-10.240228412998695
TAFA2,-10.04419148934942,-10.267455615819026,-10.224716798093333
USP15,-8.643519885396687,-8.697211060016418,-8.606254011734803
MON2,-8.935157793919332,-8.977752481871278,-9.028147872399959
MIRLET7IHG,-11.529350800646103,-11.350225018324384,-11.624922180380072
PPM1H,-10.33327629286901,-10.373911620426227,-10.59547312305221
DPY19L2,-10.466737159663333,-10.478230671233954,-10.272522982545722
RXYLT1,-10.383692586263757,-10.322606086074714,-10.399316136665421
SRGAP1,-9.472658052823567,-9.577495157750793,-9.988284459764882
KICS2,-12.519016415422243,-12.62220446588745,-12.555323857097717
XPOT,-10.218327228409022,-10.22869101368167,-10.104028017948846
TBK1,-10.191486008644295,-10.325461543155752,-10.230357664956097
RASSF3,-10.024684047887394,-10.022739117755062,-9.876972617373372
GNS,-10.159911562601346,-10.154863079289449,-10.306182243895153
TBC1D30,-11.81154455730049,-11.744508846882217,-11.856326652735277
LEMD3,-9.766991673353969,-9.697853716251958,-9.834850774523654
MSRB3,-8.177096478525746,-8.106648090165779,-8.411753657650635
ENSG00000250280,-10.841384701466419,-10.674401268378105,-11.257625235989243
HMGA2,-8.627443590030257,-8.944570355636225,-8.635931902044836
HMGA2-AS1,-12.486513699256326,-12.704240501022337,-12.462167929445059
LLPH,-10.133245298400642,-10.332288509951152,-10.357852307480497
LLPH-DT,-12.859263222116256,-12.900901853350831,-13.112112931635371
TMBIM4,-10.197236993928561,-9.891733376063153,-9.837613397588179
HELB,-11.251209510204461,-11.463835324831363,-11.61287943156777
GRIP1,-8.709737137118797,-8.675759699078135,-8.653889025679144
CAND1,-9.02008267928381,-9.070338950592069,-9.010987603910936
DYRK2,-9.460268130621776,-9.506860610023029,-9.657633771818956
IFNG-AS1,-12.156333277533534,-13.189458005916727,-12.539116453817012
MDM1,-10.766432792011459,-10.775026235842192,-10.769766353972802
RAP1B,-9.331570445721763,-9.32071791112204,-9.366546190466977
NUP107,-9.795535715097815,-9.980339016109113,-9.947411665530902
SLC35E3,-10.146730842380942,-10.216959886202774,-10.259501136477791
MDM2,-9.244217884733192,-9.536225772848981,-9.62160302846358
CPM,-12.47834066932532,-12.750077928848725,-12.094206849632723
CPSF6,-8.732323994140977,-8.771113596189421,-8.762341426435313
YEATS4,-10.123900815230117,-10.487331800048262,-10.460374478007262
FRS2,-9.292836596692219,-9.21494399435509,-9.306475918705605
CCT2,-7.926550133212922,-8.041074034004213,-8.101547087566084
LRRC10,-10.9904542204315,-10.953641423458102,-11.101286707376397
ENSG00000247131,-11.964347309721362,-12.361692822088637,-12.717039567956304
RAB3IP,-8.100640312295631,-8.354385955084767,-8.480385032631505
MYRFL,-10.038394535213344,-10.488181829854343,-10.674220919279493
PRANCR,-9.814794270626576,-9.167979406874526,-9.312981769125864
CNOT2,-8.901349994061448,-8.867113280256449,-8.986052027627347
KCNMB4,-9.817352550950698,-9.96421434114829,-9.817923789465755
ZFC3H1,-9.34825044949976,-9.16733448878039,-9.357359476913192
THAP2,-10.922204502819142,-10.894769617271715,-10.788568966671571
TMEM19,-10.937000641150796,-10.868952504973597,-10.985734846603709
RAB21,-9.611200695792927,-9.633672722195163,-9.635191913219105
TBC1D15,-9.87668364151644,-10.020118982709008,-9.941206881389663
TRHDE,-12.347464697271198,-12.24668111675433,-12.93472778576048
LINC02444,-11.896427489138505,-11.387218785002299,-11.750330004055254
ATXN7L3B,-8.880499549055488,-8.918043224203048,-8.86810214999822
CAPS2,-11.839838053213809,-11.588915382305014,-11.024961490527904
GLIPR1L2,-12.986778004107824,-12.505813339351523,-11.881581424432131
KRR1,-9.580811504393687,-9.586996419856305,-9.601781743110317
PHLDA1,-11.040296671480492,-10.878866305788963,-11.591689953718825
NAP1L1,-6.5564457867504995,-6.5870052887056545,-6.587595185557926
BBS10,-11.383998032248986,-11.164783039696138,-11.404938050784043
OSBPL8,-8.392142057199411,-8.464374780742322,-8.583969716499562
ENSG00000257526,-12.180457804975756,-11.595957520199272,-11.918721407540394
ZDHHC17,-9.512973678314149,-9.512624923739946,-9.568694516783525
CSRP2,-7.802469585044012,-8.37741298411592,-7.65240953459179
E2F7,-11.684987314355208,-11.893163249901374,-12.35101445973978
NAV3,-9.627377978321473,-9.687422283033344,-9.786016701188322
SYT1,-11.372522328510657,-10.57714681299058,-9.288947789337115
ENSG00000257894,-10.615930768044603,-10.46136339762163,-10.771139389979403
PAWR,-8.848740339396352,-8.911240057871785,-8.997485562040287
PPP1R12A-AS2,-12.385760495726101,-12.096565157163084,-12.31632689659712
PPP1R12A,-7.86306903834763,-7.885770906983878,-7.978212489644549
PPP1R12A-AS1,-11.824563047484956,-12.135464110211299,-12.20647079145061
OTOGL,-9.681714345252912,-10.525072062563646,-9.57859406198073
PTPRQ,-11.01891004039364,-12.732419676041832,-10.87209463066059
LIN7A,-10.791770845702986,-11.260080125277094,-11.003317757116214
ACSS3,-9.732995342895638,-9.618937442050312,-9.460198073937113
PPFIA2,-9.96279798761626,-9.608827371543995,-9.788696038436
CCDC59,-10.014061576728647,-10.119769797972456,-10.054603739369377
METTL25,-9.292415921055989,-9.288565025252671,-9.400511291006731
TMTC2,-8.271537070189177,-8.166147214489401,-8.117961965486296
ENSG00000288941,-9.53679225908058,-10.027977807822499,-9.325406485167168
ENSG00000289309,-11.216657927011042,-12.023665296413983,-11.662959180799646
LRRIQ1,-11.309314373478182,-11.104836150205685,-11.64997524876431
MGAT4C,-9.417043053914275,-10.46408557559935,-9.53093349035896
C12orf29,-10.628571434132198,-10.745272582382825,-10.556671393308648
CEP290,-9.141660616867537,-9.073393949846801,-9.036344974130186
TMTC3,-9.999073669219417,-10.038225459330748,-10.056585563185683
KITLG,-11.365299486634902,-12.027543855083428,-11.649444914501625
LINC02458,-11.67038037322433,-11.87978189099745,-11.944648921344305
DUSP6,-9.023047968742844,-9.040361689404362,-9.446310968506843
ENSG00000286608,-11.475240451142557,-11.111495010910698,-11.268658998633944
POC1B,-10.53838970489922,-10.620562974198732,-10.675814657806603
GALNT4,-11.792885328951998,-11.779516253356142,-11.74015806778687
POC1B-AS1,-11.9165516430371,-11.847226681605433,-11.963750478266988
ENSG00000258302,-12.738347342824257,-13.269533534049318,-12.763143662001347
ATP2B1,-8.495289128155736,-8.77070705339184,-8.718319724418656
ATP2B1-AS1,-11.68551918490659,-12.367588270231156,-11.68636843127447
ENSG00000258216,-12.337954754013111,-12.864526677701885,-12.968404789194695
LUM,-11.548377147104281,-10.997894741402845,-10.469054635299614
DCN,-11.712234885382852,-11.06768408208508,-10.028799487182336
LINC01619,-10.17804644891531,-10.28381717495746,-10.491771247684618
BTG1,-8.208532767429832,-8.209204860350551,-8.275259293941286
BTG1-DT,-11.737604901740838,-11.921643878753901,-11.68683066581806
EEA1,-8.770126803118746,-8.81056593769639,-8.980296457292205
ENSG00000257322,-10.17878637736731,-10.30073306760671,-10.236337477375901
ENSG00000257252,-10.7431986213947,-11.375467066080668,-11.064918413055711
NUDT4,-8.705151351735111,-8.777084462039173,-9.26907183168239
UBE2N,-9.122456099103372,-9.259431427109366,-9.311855354525818
MRPL42,-9.489645914579047,-9.531508618425505,-9.54467282641447
SOCS2-AS1,-11.64018672931193,-11.987493045035512,-12.173702640698313
SOCS2,-10.84712058884483,-11.09822115122448,-10.74381723254693
CRADD,-9.61323388538886,-9.41855084558688,-9.559506056458337
PLXNC1,-12.072013644711538,-11.985010433331428,-11.787223259790471
CEP83,-9.436768984405894,-9.358596773915993,-9.278995397050886
TMCC3,-12.948261994714148,-12.230467569876453,-12.848531461180523
NDUFA12,-8.892746703165335,-9.035762311784703,-8.844347925058857
NR2C1,-9.452495751332858,-9.477736685138941,-9.589439737014985
FGD6,-9.06329450407031,-9.182086468816054,-9.587603176335755
VEZT,-8.842949097271848,-8.812242279633859,-9.047285670003719
ENSG00000289437,-12.716367101463812,-12.859028411368913,-13.1359250111519
METAP2,-8.739410059168154,-8.865364050813975,-8.789972269502943
SNRPF,-8.812748054420464,-9.068479829251025,-8.926252065404498
LTA4H,-9.626872992017864,-9.720916467934703,-9.564099547610505
ELK3,-10.713584482594463,-10.927981694781122,-10.947457535245
CDK17,-9.627623534380579,-9.780542299129811,-9.757701846598572
CFAP54,-12.817640366618662,-12.40731426015431,-13.154660480410156
NEDD1,-10.144632319096829,-10.048301110625651,-10.258861481486747
RMST,-12.965044383986358,-11.321999716003337,-12.789227884248662
LINC02453,-12.758752419967058,-13.287936065179865,-13.184498667940291
TMPO,-9.088364912052985,-9.226547676358177,-9.307178803395972
SLC25A3,-7.674774370551124,-7.805298093935331,-7.786031483741034
IKBIP,-9.796482417119195,-9.931635254816491,-10.007041014715478
APAF1,-10.56126926006372,-10.597488243031902,-10.681913004831136
ANKS1B,-10.754901406367926,-10.492549763858513,-10.38031381638874
BLTP3B,-9.645502605031295,-9.7207112279663,-9.639829864832791
GOLGA2P5,-12.101365261639877,-12.106281519137696,-12.42511151585843
ENSG00000290576,-12.772412764793796,-12.805372268173485,-13.089170691870253
ACTR6,-10.275353228387033,-10.253153679340103,-10.162410548215874
DEPDC4,-12.05063657208156,-11.852272748358748,-12.17927365821015
SCYL2,-9.378455750511215,-9.291980074597387,-9.416279960205442
GAS2L3,-11.45170608861632,-12.073923331240133,-11.885608555285629
UTP20,-10.396400017243542,-10.394113945737619,-10.691267762018356
ARL1,-9.911899629737865,-9.811514971030613,-9.768910053853471
CHPT1,-10.26079195327241,-10.070134204383407,-10.034457054137306
GNPTAB,-11.22110638487534,-11.000400384578343,-11.180540510492245
WASHC3,-10.398854208849373,-10.346932737173738,-10.22099344588288
NUP37,-10.340174703311742,-10.60171990011389,-10.524053162240612
PARPBP,-10.841548210016219,-11.234059995970284,-11.417480816047329
HELLPAR,-12.251058879787283,-12.723814828049122,-12.618544317227034
NT5DC3,-11.991929176913636,-12.254343561456679,-12.29024536994675
HSP90B1,-7.158521087131585,-7.172028195841743,-7.234409300236064
UQCC6,-10.852179991383442,-10.760416225686932,-10.873702647058852
TDG,-9.559452694659504,-9.570756462461423,-9.798405310909008
ENSG00000288744,-11.377508225305409,-11.184031482735257,-11.495069022846517
GLT8D2,-12.181971920052868,-12.011161017741,-12.500313104923823
HCFC2,-10.13791301648618,-10.237383698588015,-10.374952043864706
NFYB,-9.517639708726351,-9.377723444698656,-9.375176968392218
TXNRD1,-9.287586683114261,-9.368617441487492,-9.384971498088646
CHST11,-9.208044871009163,-9.133312737221964,-9.419758550226268
SLC41A2,-11.1614448464845,-10.860624272826755,-11.661251183251753
NOPCHAP1,-9.805104228418168,-9.87687901869491,-10.081316526130877
ALDH1L2,-13.113347545072637,-12.655840536865355,-12.822235854526198
WASHC4,-9.669291525588367,-9.66996582328245,-9.704145004796622
APPL2,-9.857875253852969,-9.797744622460053,-9.829609437065042
C12orf75,-9.82512986334457,-9.427643593446225,-9.76059155978738
NUAK1,-10.058766455867184,-10.480819967764123,-10.534967526993183
CKAP4,-9.30186623012297,-9.405693074644047,-9.477506910469215
TCP11L2,-10.659784798514721,-10.762420714331478,-10.899993842853744
POLR3B,-10.234147530614992,-10.18658319741191,-10.039427535232129
ENSG00000257545,-11.972381515100421,-12.034905651187323,-12.15170845840357
RIC8B,-9.671460638538164,-9.594631166149632,-9.86858620382773
TMEM263-DT,-12.7621074966965,-12.907258206793376,-12.722147033788778
TMEM263,-9.487352579020085,-9.272328317421595,-9.416663154324535
MTERF2,-10.272940310305483,-10.234129647587052,-10.217686850665002
CRY1,-10.332365033779778,-10.151463925376316,-10.33303222265527
ABTB3,-12.336801138099537,-12.781445120752085,-11.599782208351662
PWP1,-10.224694177128724,-10.279177996440142,-10.169660082136536
PRDM4,-11.022646955905046,-10.893345588227936,-10.947484135088423
SART3,-10.176683383025857,-10.243691618885851,-10.441838706309152
ISCU,-9.677239093240697,-9.807810113471323,-9.961754388015157
CORO1C,-9.2363053287407,-9.18555684152648,-9.265969010617534
SSH1,-10.003217963925861,-10.114780015779216,-10.174919404109868
USP30,-11.187513341061948,-11.295984879506737,-11.082326185483426
ALKBH2,-11.070508903583395,-11.305561601411064,-10.875335239091822
UNG,-10.084417317373388,-10.372707411408632,-10.220628380672785
ACACB,-9.529561077427882,-9.560553914319533,-9.609503752794081
KCTD10,-10.143971364323075,-10.135372682986418,-10.510758788083846
UBE3B,-10.609827234566742,-10.636965669970925,-10.749769382890458
MMAB,-10.15000022992948,-10.317515451372083,-10.293461755986472
MVK,-11.587716206406546,-11.73558016461001,-11.712003033117549
FAM222A,-11.814788225199054,-11.800503168174336,-11.721785342786157
GLTP,-10.572851554313305,-10.905871046602938,-10.9083745153445
TCHP,-10.30201851863969,-10.363332094126912,-10.451950461495386
GIT2,-10.172715683778092,-10.16356386421349,-10.24615723371059
ANKRD13A,-10.39060781706232,-10.473651789336547,-10.676587492544682
C12orf76,-11.248216622009034,-10.93887650103217,-11.12114021535446
IFT81,-8.858382970007764,-8.899010203082632,-9.026180253406821
ENSG00000289311,-13.072772556118268,-12.928369615299633,-12.903130004734045
ATP2A2,-7.943290241928153,-7.989335113455127,-8.101575107990637
ANAPC7,-9.946680622045575,-9.998366039540874,-10.239269874296316
ARPC3,-8.83346669236419,-8.964017719674098,-8.983436071794236
GPN3,-9.936502566149041,-10.08138532055094,-9.898772235633322
FAM216A,-10.546938384932904,-10.572243655698255,-10.47276139235554
VPS29,-9.216314763061703,-9.393166407557052,-9.365245714040089
PPTC7,-10.090327432183061,-10.088711574173097,-10.290465715115957
TCTN1,-10.470938482520067,-10.437679998784668,-10.488538013407732
PPP1CC,-8.719185855033205,-8.971642788838723,-8.853590644771284
LINC01405,-11.082655820308052,-10.502557799587056,-11.686036853770949
CUX2,-10.662207822709155,-10.541458358143244,-11.45880278337981
SH2B3,-12.590230000213621,-12.799641721856881,-12.483623716721166
ATXN2,-8.728598778434252,-8.801178718181783,-8.83543662202833
BRAP,-10.482972283500422,-10.557681312856701,-10.671197818800938
ACAD10,-10.649066871007191,-10.768409970061194,-10.79555887569758
ALDH2,-9.91577821973903,-10.181140238863282,-9.784826939810703
MAPKAPK5-AS1,-10.923634222046516,-10.99831080664954,-10.918023353418924
MAPKAPK5,-10.150732901219554,-10.174282045686635,-10.339850254865821
TMEM116,-11.144326273747797,-11.072371627978667,-11.258978514861761
ERP29,-9.151012146157044,-9.248667052807946,-9.309582939345097
NAA25,-9.289785742533583,-9.288735669470904,-9.316317858470986
TRAFD1,-10.932242015836488,-10.910952004926681,-10.900991168748437
HECTD4,-8.9823357295305,-9.000465396876415,-9.063532045219718
RPL6,-6.369328156196578,-6.568536066785582,-6.411756446909816
PTPN11,-9.22980476749856,-9.121757406002967,-9.337862594834318
DDX54,-10.590560722086366,-10.75435567315393,-10.76891381723507
RITA1,-11.40518586277339,-11.53450790336208,-11.499321296230226
TPCN1,-11.636179070847472,-11.437444615506639,-11.588352599931483
PLBD2,-12.031217627159439,-11.991987260269434,-12.377439661582125
RBM19,-10.59283779253997,-10.656981948283535,-10.818703337573318
TBX5,-8.741462938540637,-8.9507042057476,-8.21788514490617
TBX5-AS1,-12.773316618687781,-13.124847363888387,-11.341906660174041
ENSG00000289101,-11.81640556095155,-12.050129134290403,-10.58384202162277
TBX3,-10.979538377672403,-10.719691179541977,-9.809180803518489
MED13L,-7.87258559713476,-7.890861160117592,-8.058788502502257
LINC00173,-12.605386654499856,-12.002047833258331,-11.65134252434296
MAP1LC3B2,-11.935510955013362,-11.33776338731627,-11.74913175483347
SPRING1,-11.282756686185051,-11.208335187895997,-11.29908023064447
RNFT2,-11.750463250606302,-11.711231803807921,-11.530436621482238
FBXW8,-10.033119623149659,-9.949790895306805,-10.120965570934983
TESC,-11.517410575359346,-10.741662280961188,-10.593390173885757
FBXO21,-9.360056407402055,-9.478599828964205,-9.438766411637193
RFC5,-11.134994080584852,-11.316369819870907,-11.368428968499728
WSB2,-10.957752281717893,-11.125235829434759,-11.142518706912542
VSIG10,-11.00761995711684,-11.16353983787757,-11.252007128075372
PEBP1,-7.790772510586006,-7.9625640201646775,-7.856618528346025
TAOK3,-9.894178140815217,-9.862026237848754,-9.939695896638655
SUDS3,-9.532346702109288,-9.544501949310089,-9.489373012191091
SRRM4,-11.710016706907696,-11.221492644572328,-11.268639356996033
HSPB8,-10.35369353524355,-10.064704813801034,-10.082636138987365
CCDC60,-11.425286955500491,-11.157436038094692,-10.385529971134476
ENSG00000248636,-13.001934905063907,-12.4798741295968,-12.878601922461955
PRKAB1,-11.249333460184431,-11.240337421977548,-11.192011194546732
CIT,-10.882569718682179,-11.51072195058508,-11.459381225034976
RAB35,-10.976548835175523,-10.967711470125659,-11.116995746674505
RAB35-AS1,-12.606955225999526,-12.674345172545738,-12.620120604206605
GCN1,-10.466073895807897,-10.511604158714881,-10.61518517766796
RPLP0,-6.52693712987585,-6.562946692926949,-6.53129243836958
PXN-AS1,-11.86954230817217,-11.953190624915143,-12.01623207649147
PXN,-10.709846421302204,-11.011212788396438,-10.817265009015841
SIRT4,-11.988908554856213,-12.212542383536386,-12.25617566076535
MSI1,-10.888754959064457,-10.8209439945773,-11.048045929936048
COX6A1,-8.017465478356396,-8.20574483567716,-7.890590678135954
TRIAP1,-10.557094542365604,-10.7799247688112,-10.836465937172619
GATC,-10.674512344801531,-10.65204160510632,-10.683444087038446
SRSF9,-9.17951383438913,-9.290740800585224,-9.27481381256979
DYNLL1,-7.882163782450349,-8.071241539747389,-8.03198717633105
NRAV,-12.788667764753962,-12.663540561460893,-12.643990627746078
COQ5,-10.639647808882502,-10.874122341084279,-10.927824340720704
RNF10,-9.626328578680354,-9.66417705733261,-9.717498905660301
POP5,-10.351064684132922,-10.460864056505645,-10.499668149055186
MLEC,-8.679641010092194,-8.72157874765546,-8.791008234042744
UNC119B,-11.5659806453486,-11.852618891676928,-11.708901340411229
ACADS,-11.727218179240374,-11.754337778547045,-11.920960630279014
SPPL3,-8.530256677040933,-8.65482741572561,-8.867738966484236
HNF1A-AS1,-11.521162472105246,-11.595766140404377,-11.473995893967922
C12orf43,-10.961703488385835,-11.115899345686543,-11.05811964371272
P2RX4,-11.622363845490936,-11.82585614780744,-11.77674404249362
CAMKK2,-11.578185309898332,-11.453221412299072,-11.474883641298476
ANAPC5,-9.351743743459785,-9.375710973185228,-9.399450482052629
RNF34,-10.049852026637554,-9.948584077701705,-10.0217323156607
KDM2B,-10.122300205695025,-10.2316013312679,-10.430248070777075
KDM2B-DT,-11.843305584194834,-11.673580260491569,-12.222320368871813
ORAI1,-10.800977546602521,-10.888911339794404,-10.693111432576387
TMEM120B,-10.510785241199088,-10.520463513228187,-10.683130085799002
RHOF,-12.154539996965743,-12.18150633727005,-11.799981290642602
LINC01089,-11.947259771331282,-12.124048020089623,-12.279777289300725
SETD1B,-10.901189150938846,-10.93639318670263,-11.066119594600956
PSMD9,-9.705725978627722,-9.903281177978323,-9.84998724960153
CFAP251,-12.440323862285286,-12.3653340949653,-12.293019057304669
ENSG00000255856,-12.675637339313708,-12.775049774934281,-12.527179896049958
BCL7A,-10.191795925164321,-10.408790835577738,-10.418962034471672
LINC02985,-12.452306928445521,-12.83330123383542,-12.39743512633085
MLXIP,-11.146322636805047,-11.258234214981458,-10.98760289109761
VPS33A,-10.558714550542113,-10.575969913327025,-10.672015424934363
CLIP1,-9.31132387596285,-9.266401760625254,-9.348876025630831
ZCCHC8,-9.935123647222433,-10.044421477298261,-10.061043935644783
RSRC2,-8.6782327090648,-8.771596466383762,-8.786437745072895
KNTC1,-10.628888230275807,-10.734544787811409,-11.086114710666735
DENR,-9.258318913476295,-9.230002409062086,-9.236516233683982
CCDC62,-12.710728620253127,-12.49774959375307,-12.259005481432222
HIP1R,-12.198657631592312,-12.162107598493522,-12.10775926829272
VPS37B,-10.428085207821729,-10.408633246014618,-10.430690763712485
ABCB9,-12.542289257605471,-12.560537282930659,-12.746260510217933
OGFOD2,-12.635337212940945,-12.87727441102659,-12.772812981525588
ARL6IP4,-9.12720314020591,-9.273917244875923,-9.373462171466125
PITPNM2,-11.772277120248337,-11.842240901715746,-11.713624076542516
MPHOSPH9,-9.645632874081738,-9.65600603326039,-9.838717768858823
MTRFR,-10.131925240435189,-10.23876963446017,-10.16909583382049
CDK2AP1,-9.745130186020784,-9.901243410203271,-10.060000348131119
SBNO1,-9.540301761162963,-9.474488631186444,-9.61981199009716
SBNO1-AS1,-11.714978845737805,-11.905652985706217,-11.633720669890554
KMT5A,-10.154167600045026,-10.141401775075382,-10.184313594881669
RILPL2,-11.507773437382742,-11.583151867345821,-11.40905903364534
SNRNP35,-10.927526076390585,-10.815790459919649,-10.92162751720507
RILPL1,-9.81080803073497,-9.80824829908691,-10.059442733261424
TMED2,-9.581145864017564,-9.635332942777906,-9.619729002827986
DDX55,-10.913017337622364,-11.085020024239611,-10.978351226742975
EIF2B1,-11.066545051724768,-10.986093940682037,-10.922106026092967
GTF2H3,-10.063943229355065,-10.150913449403863,-10.234806872095499
TCTN2,-12.115503819243703,-11.879114971882297,-12.20236311570031
ATP6V0A2,-10.055043490813766,-10.092850075044964,-10.18867794608025
DNAH10,-12.425654602175651,-12.46259699338504,-12.7971876370732
CCDC92,-9.735400633397074,-9.69783443134347,-9.898155777647288
ZNF664,-9.762754766105957,-9.838248113782416,-9.819953687586848
RFLNA,-10.95266485869513,-10.715740577549951,-10.858609185987646
NCOR2,-9.495264581510343,-9.549418312601771,-9.709527985646647
SCARB1,-11.532446985921794,-11.391146029803608,-11.458969944465874
UBC,-8.214854949777934,-8.313244666139232,-8.32314705705474
DHX37,-12.225755657078011,-12.113432824204148,-12.18809810255201
BRI3BP,-11.382597249082721,-11.508767874102631,-11.701196041714939
AACS,-11.139826555378392,-11.264278573929891,-11.131253328148404
TMEM132B,-11.045051041375554,-11.177268147991589,-11.687338508130214
TMEM132C,-9.86274856975011,-9.636725016802856,-10.38118375192585
SLC15A4,-11.15160124663826,-11.20795803795883,-11.195595194336189
GLT1D1,-12.664912781350727,-12.550650811370527,-12.37579139818655
RIMBP2,-12.91308948599487,-12.37310203412303,-12.213539429129213
STX2,-10.418062331027194,-10.463016206655738,-10.43617907303747
RAN,-7.905981111586566,-8.179623843645736,-8.069685371159737
ADGRD1,-10.024907725681121,-10.188415182860467,-10.016022937937583
SFSWAP,-9.675505016705518,-9.745412708797053,-9.701312497987582
ULK1,-10.996507663309805,-11.140495416078416,-11.248330984947767
PUS1,-11.881013557315216,-11.91647804821197,-12.056156854412404
EP400,-9.7934455982449,-9.7357781255776,-9.845050707951673
ENSG00000291171,-10.374225542490745,-10.66602869747756,-10.886849106625775
DDX51,-11.888937057287686,-11.860853905783271,-11.86214453353359
NOC4L,-12.136126575304239,-12.299547461908915,-12.298616890149095
FBRSL1,-10.953371099630616,-11.003042263883348,-11.116986748238608
POLE,-11.093631916167007,-11.181056721051823,-11.456691372776854
PXMP2,-10.34879396182071,-10.600726508534951,-10.279327339603059
PGAM5,-11.812381568138338,-12.001982957325879,-11.812153358590978
ANKLE2,-9.624820085350931,-9.581297247876853,-9.799705197646997
GOLGA3,-10.359732463661706,-10.171801398611091,-10.451750212392408
CHFR,-10.595496083382232,-10.446560993047393,-10.740110292727275
ZNF605,-10.490022131054223,-10.477954722804109,-10.650036709916108
ZNF26,-11.354010280722562,-11.393563524651588,-11.563533552476658
ZNF84,-9.957383105705524,-9.98905548957198,-10.030987531982285
ZNF140,-10.853305056887956,-10.827992134839377,-10.954558826870516
ZNF891,-10.994717859011017,-11.043738215575928,-10.99690891036322
ZNF10,-10.252910834547091,-10.145305947420491,-10.419195507596498
ZNF268,-10.82597899118606,-10.765658225342282,-10.754424387140258
MPHOSPH8,-9.36397583444741,-9.301501146592768,-9.211365276279603
PSPC1,-8.89804010174066,-8.90739624018113,-9.060119207475578
ZMYM5,-10.077617012417605,-10.0424999753637,-10.328067778110137
ENSG00000275964,-11.72576779251468,-11.842524181222961,-13.036338583336915
ZMYM2,-8.22146517726339,-8.236686796329494,-8.30875155395976
GJA3,-9.71766074819968,-9.980618062022662,-9.715131060017725
CRYL1,-11.298478542444698,-11.262127911833188,-11.345890223726666
IFT88,-9.429581305184898,-9.50818738205635,-9.593670721010442
ENSG00000278291,-11.669840137014594,-11.419104606272557,-11.46501196410194
IL17D,-11.578138744980132,-11.673849638676845,-12.036015520636106
EEF1AKMT1,-11.003666380853621,-10.828031860055624,-10.742544835110241
XPO4,-8.476068301093006,-8.4846164215646,-8.708774683125425
LATS2,-10.037542889244895,-9.848116762484105,-10.380691112536729
SAP18,-8.741013998429468,-8.814337404211033,-8.72770117309524
SKA3,-11.761878130117855,-12.065427122183037,-12.426002464601517
MRPL57,-9.255878560905474,-9.41111108919257,-9.258583757424791
ENSG00000291046,-12.147434012910503,-12.143670789362035,-12.062876497792713
ZDHHC20,-9.14570117007244,-9.136808645157899,-9.210896538958536
MICU2,-8.898763732433556,-8.80046708737138,-8.858157299581526
ENSG00000289860,-12.195452765354965,-12.864680457311183,-12.354115124995394
FGF9,-10.864447128940473,-11.188796718607149,-10.740924945349507
LINC00621,-12.457460413573685,-11.793010679183173,-11.895464783957449
SACS,-9.3349020112201,-9.461132839339308,-9.479781263830532
LINC00327,-12.074798185130245,-13.19046228179235,-12.780402297179217
TNFRSF19,-7.89758929235268,-8.612001624453413,-8.47681394062986
MIPEP,-10.366171380037748,-10.41114738260282,-10.27336106508446
SPATA13,-9.327903243288551,-9.807593078034552,-9.302130979844481
PARP4,-9.816390632953471,-9.991671596232674,-10.001611123308914
CENPJ,-10.52499289453721,-10.741610244251055,-10.57676422935365
ENSG00000291041,-11.865809647684623,-12.21999871340128,-12.052951617555554
MTMR6,-10.39458677521733,-10.499838105852389,-10.42477590107738
NUP58,-9.497967524775587,-9.557965663113828,-9.60711911125633
ATP8A2,-11.221271063004608,-11.573380825353526,-11.967754164964408
SHISA2,-13.057647264772417,-12.811748783739477,-12.44203980274917
RNF6,-10.695343365748547,-10.656257101755997,-10.583504771902344
CDK8,-9.120855765389658,-8.964835054766116,-9.090641134241388
WASF3,-9.688779886379688,-9.681068569651394,-9.594678049037034
USP12,-9.797909311934713,-9.643890615602439,-9.794854508689216
LINC02340,-12.010338105775858,-12.988977454197748,-11.543771178220876
RPL21,-6.714082819693834,-6.912082235345661,-6.757868341561087
GTF3A,-9.383013851054201,-9.510394832011263,-9.499784592572533
MTIF3,-9.73504382616674,-9.7969095553565,-9.912392988339125
LNX2,-10.782875598649428,-10.786832808586633,-10.851528985905299
POLR1D,-9.267647338904759,-9.360914684351489,-9.19533631077344
PAN3,-8.516148537366583,-8.467455907208556,-8.70724953366475
FLT1,-10.241848847232736,-10.244414325229728,-10.806254306450382
POMP,-8.785981922296173,-8.903223403443178,-8.856895203356128
SLC46A3,-12.199918385838114,-12.160859032082902,-11.715731301430765
MTUS2,-7.500119722097624,-7.672766918335271,-7.76064116037537
SLC7A1,-10.248815018668038,-10.475316588353602,-10.520118808689586
UBL3,-9.624802152157102,-9.637980024089432,-9.61122516464426
KATNAL1,-10.112800623159277,-10.028010260267832,-10.201594990870928
HMGB1,-7.168738166856726,-7.257863844056545,-7.3120147335826235
USPL1,-10.241417457328595,-10.130901308730525,-10.231893925466688
HSPH1,-8.851539435850652,-9.112605446165503,-9.045949553330178
B3GLCT,-10.612573142503026,-10.569348259853726,-10.694159801671853
FRY,-9.404647881890059,-9.606038927492202,-9.880436839466926
BRCA2,-10.535941201540371,-10.967325191739071,-11.15346373171633
N4BP2L1,-12.030020063898851,-12.057925100783981,-11.78037471048282
N4BP2L2,-8.258608195663943,-8.219046938713197,-8.344785702772487
N4BP2L2-IT2,-12.576388162907016,-12.346659254094675,-12.43150523610331
PDS5B,-8.675727585932233,-8.653810778999954,-8.907756010957506
STARD13,-9.278873999495586,-9.161949583462562,-9.569294615712415
STARD13-AS,-13.097837842773503,-12.675085575655181,-13.125942714537294
ENSG00000230490,-12.316604118424406,-12.594560232823365,-12.454963806063482
RFC3,-9.381105627943693,-9.631387152703889,-9.8902474289384
ENSG00000276672,-12.713225327838423,-12.60154162335839,-12.996210321071967
NBEA,-8.324114859683275,-8.319520273440439,-8.318767505649765
SOHLH2,-11.939240935976219,-12.348016745517198,-11.704389773231128
CCDC169,-11.833769451079975,-11.400100599123745,-11.058202713780549
SPART,-9.85692000695738,-9.732480072462659,-9.705804908976514
SPART-AS1,-12.007442433196372,-12.203259137203796,-12.606809475553682
RFXAP,-10.590969209837365,-10.741975388838794,-10.709991966683974
SMAD9,-9.142533618187706,-8.978297543346738,-9.17711044571617
SMAD9-IT1,-12.674100235490755,-12.662479349742918,-12.91289407748186
ALG5,-10.070606511522497,-10.130277270322837,-10.199615591892488
EXOSC8,-9.558396788682584,-9.820714318517597,-9.59233287001296
SUPT20H,-9.43350128830982,-9.422261646905495,-9.43795807800026
POSTN,-10.852123102752739,-10.022353517952991,-9.821478421326356
TRPC4,-10.990553736289833,-13.15693691807422,-11.951110913358855
LINC00571,-10.76127219404237,-10.970334211399106,-10.896602007987699
UFM1,-9.535704241439332,-9.6240576686016,-9.541565867469336
FREM2,-8.357950068130258,-9.016209350746236,-8.515626209312696
PROSER1,-11.127260838431793,-11.124434732710595,-11.221246776383683
NHLRC3,-10.520421239307817,-10.384139303822593,-10.54814306242032
LHFPL6,-9.49366931802419,-9.437728453952499,-10.084683360017614
COG6,-9.406489713203356,-9.355619407167772,-9.396415812976374
LINC00598,-11.527589433884778,-11.333543383064049,-11.991880600181565
FOXO1,-9.923915310236845,-9.830587581796566,-10.202745976411748
MRPS31,-9.539395807329353,-9.544964066526315,-9.436671177055638
SLC25A15,-11.664588148628479,-11.558525024282218,-11.642359271470909
ENSG00000290476,-11.823319512180957,-11.560096626655326,-11.647858246188042
ELF1,-9.394903288461467,-9.372133097509169,-9.588710719384315
WBP4,-9.824805817394186,-9.960788469751378,-9.97512709664451
KBTBD6,-11.56495387889458,-11.478160260811848,-11.704514777769354
ENSG00000278390,-11.85416565938401,-11.51316175476094,-11.678599914259012
KBTBD7,-11.161720885432793,-11.201809411616694,-11.140627977757632
MTRF1,-11.07574742370712,-11.103397208840251,-11.212039068272697
NAA16,-9.685335146795321,-9.712008148599756,-9.678938548288292
VWA8,-8.433849582663862,-8.460509151361478,-8.477874369451104
DGKH,-8.760117118951179,-9.003221324118673,-9.06834604926964
AKAP11,-9.742584332273395,-9.79030780322784,-9.775737283435184
EPSTI1,-10.452433381056307,-10.763596064343144,-10.719533897739998
DNAJC15,-9.50937128937932,-8.846929452690183,-8.943171365892736
ENOX1,-8.642215462481634,-8.609486701742348,-9.137407918712068
CCDC122,-10.19606284149995,-10.267396740641475,-10.116530521657815
LACC1,-11.6327434100203,-11.732629814510762,-12.087646780929575
SMIM2-AS1,-12.057071648819196,-12.847026078525396,-11.663359988530349
SERP2,-12.201852057191516,-12.049299935601113,-12.037056355850924
TSC22D1,-7.830707711020882,-8.057052748795348,-8.028525008608373
NUFIP1,-10.389159476990686,-10.453855440291692,-10.377412361730032
ENSG00000223732,-12.508538946044483,-12.727405183871138,-12.825116738525193
GPALPP1,-9.801089589611136,-9.819425543303014,-9.88413014854132
GTF2F2,-9.331149134166438,-9.393852004371615,-9.380058398443001
TPT1,-5.807364308106264,-5.884491383985313,-5.895137686749999
TPT1-AS1,-9.971321053404877,-9.964581112493638,-9.978019413268523
SLC25A30,-11.999994993565762,-11.90801158759688,-12.122108160741131
COG3,-10.29914977900942,-10.23814393372803,-10.260576748974682
ZC3H13,-8.44454810777518,-8.463708036096095,-8.561819930037347
CPB2-AS1,-12.750797986989966,-13.241319214169602,-13.287974181867227
LCP1,-12.237957731037989,-12.121278749317256,-12.090728324998079
LRRC63,-11.52851975820058,-10.729660893458886,-10.792256730181245
LRCH1,-9.643561745662018,-9.767732141140566,-9.780246217497519
ESD,-8.893403694917247,-9.003625852481633,-8.845233365237489
SUCLA2,-9.11443815956012,-9.197800034233572,-9.052344107364895
NUDT15,-10.861214520752632,-11.08749931996468,-11.181361888722341
MED4,-9.331120656824917,-9.333104523033004,-9.388914104175669
ITM2B,-8.157930449449157,-8.192545877019693,-8.338879994167877
RB1,-8.94134477878269,-8.998791126214986,-9.197172627270024
LPAR6,-12.595201673134014,-12.447684943725395,-11.999057438362746
RCBTB2,-10.721034026984164,-10.516507298283736,-10.75056718006656
FNDC3A,-8.486237050742368,-8.45379992211662,-8.515249335675351
CDADC1,-11.087370208554152,-11.135525491231633,-11.142758467266887
CAB39L,-9.370035065280614,-9.735970020788368,-9.974147671953329
SETDB2,-10.392088992729521,-10.35295506863519,-10.468368630157102
PHF11,-11.456448077336978,-11.583326733482371,-11.48141106333999
RCBTB1,-10.72731908909356,-10.700005684079215,-10.722925112575478
EBPL,-9.327077478011214,-9.559487801996903,-9.372517956952915
KPNA3,-8.788294603668623,-8.797406519138448,-8.814555123689006
SPRYD7,-10.525808282277161,-10.576694340067222,-10.531708228680646
DLEU2,-9.938694852688528,-9.974393113434735,-10.491643845150264
TRIM13,-10.259796255090674,-10.199694318138466,-10.34692383076806
DLEU1,-9.948403554969056,-10.043201255530144,-8.31728177024515
DLEU7,-12.839261661081784,-12.087000135934737,-12.014970725169448
RNASEH2B,-9.797480652855828,-10.48615460318942,-10.543442692144495
INTS6,-9.412954293946797,-9.305404595246284,-9.39023343880289
INTS6-AS1,-11.912490182763307,-11.74367734203126,-11.629068692976201
WDFY2,-9.730627263062834,-9.823649839604135,-9.775079945670011
DHRS12,-11.460442199453741,-11.41109036486514,-11.568192910966058
ATP7B,-11.306232097279997,-11.506461914109272,-11.335568960466043
ALG11,-10.484875752866317,-10.454455475609096,-10.526651443097636
NEK3,-10.58489683196458,-11.06597298233095,-11.059259887869247
MRPS31P5,-10.925850948589327,-11.170978965187972,-11.081092117010735
THSD1,-13.10342173028878,-12.62551371047934,-13.003806194203841
VPS36,-9.51688647732746,-9.45955413955002,-9.63845762701404
CKAP2-DT,-12.673305619571067,-13.387328585670822,-13.062721388135497
CKAP2,-9.420924876490705,-9.815805192900601,-9.64644081523206
ENSG00000290856,-11.024015653413256,-11.19949207413414,-11.318362960575795
SUGT1,-8.964371080566272,-9.04950094815955,-9.124235565779957
ENSG00000288765,-11.004067625542373,-11.32940015925327,-12.457427038177395
PCDH17,-9.998628742866515,-10.152987142327149,-11.571663551735782
DIAPH3,-8.383135454727757,-8.821084533463573,-9.550078885695916
TDRD3,-8.797905661154015,-8.827324616796899,-9.051680595056808
PCDH20,-10.285065779000085,-10.926388107818763,-10.873613355531138
PCDH9,-9.309293237423926,-9.190625688928154,-10.297750474352622
DACH1,-8.256503946635771,-9.196562365417508,-8.546947913657286
MZT1,-10.344677678411339,-10.477320945068373,-10.483397054884602
BORA,-11.715306703907263,-11.76788898092664,-11.904487629028404
DIS3,-9.678743412124469,-9.833528917609781,-9.818040961701394
PIBF1,-8.706363462090522,-8.794449959174838,-8.815687189907987
KLF12,-8.067147482964199,-8.064612312964822,-8.355210633198467
TBC1D4,-8.453643550981978,-8.65098342319354,-8.838945276372812
COMMD6,-8.347288212399192,-8.360903088328627,-8.128684182173647
UCHL3,-9.938020152755023,-10.063110949625996,-9.961648604680313
LMO7,-8.215334340160483,-8.284790205769282,-8.649905014034877
KCTD12,-8.513655189417124,-8.989262849440813,-8.98071825670172
CLN5,-10.785921591824058,-10.668829139093225,-10.889009901720645
FBXL3,-10.51760534770505,-10.503107932725117,-10.59365742939076
MYCBP2-AS1,-12.336154809732927,-12.266172964194544,-12.397818069851027
MYCBP2,-9.069414445387023,-8.879516307451176,-8.99830918753967
SLAIN1,-10.8911597586688,-10.944969617451164,-10.814747612485052
OBI1,-9.866814098288408,-9.780204885042938,-9.913882643019981
RBM26,-8.65194099703257,-8.610257004127522,-8.688532103514447
RBM26-AS1,-12.172283581126422,-12.268649132345807,-12.151201508912047
NDFIP2,-9.867479355262036,-9.85166646281744,-9.953712407807137
SPRY2,-9.835944888033584,-9.803714923187648,-10.370749236085121
MIR17HG,-11.428713994749643,-11.674512074482541,-11.550744476493731
GPC5,-9.14500617645463,-9.444955758028803,-10.00307043599875
GPC6,-6.836360335296607,-7.139069615480497,-7.450263246416522
TGDS,-10.824456808372894,-10.959463604726682,-10.879573110943078
GPR180,-10.62549872987695,-10.605666178906885,-10.849223682254767
ABCC4,-11.731392149384963,-11.595131395770554,-11.7355863931551
DZIP1,-10.148324767886894,-10.05085334147626,-10.523843284554683
DNAJC3-DT,-11.370692889482063,-11.381126490235156,-11.60912276193559
DNAJC3,-9.597735194953296,-9.389669910266008,-9.67178698450743
UGGT2,-9.370970445911585,-8.660951395106457,-8.741532832272421
HS6ST3,-12.41966698539152,-11.800433377570487,-11.060529357393307
MBNL2,-9.227959310827421,-9.208261177251321,-9.687382450710619
ENSG00000286416,-12.047881680712404,-12.154908848771484,-12.104712720179666
RAP2A,-10.126515375091639,-10.136923915164658,-10.174472491561058
IPO5,-8.859508631695892,-8.913061644377018,-8.954740692939298
FARP1,-9.181961231300836,-8.970402103384144,-9.32290241387919
STK24,-9.211200958471519,-9.201583089968706,-9.292704156957283
DOCK9,-8.672163037779871,-8.84474723406541,-9.012632379753423
UBAC2-AS1,-12.926581951809444,-13.216500620436323,-12.574697558048445
UBAC2,-8.957418776218432,-9.066574405301377,-9.057361938861257
GPR183,-10.589748030041083,-10.380399768649927,-11.009615084647562
TM9SF2,-9.084474185341476,-8.97547531530422,-9.129382953112062
CLYBL,-10.500435344056648,-10.197170695722546,-10.36253337679683
PCCA-DT,-11.065459155870622,-10.861199914831623,-10.91208544781611
PCCA,-8.53954140382223,-8.559089831489933,-8.626412835910513
TMTC4,-10.315849385751486,-10.318540098262208,-10.2626783305574
FGF14,-12.34531158826865,-12.016000300705242,-13.000027950720412
FGF14-AS2,-11.760769756658027,-12.374945025570748,-12.0102665240516
TPP2,-9.470567457212239,-9.429775863958879,-9.474500479356294
TEX30,-12.025808701632606,-12.054824825740905,-11.811393585018529
POGLUT2,-10.99878628734589,-11.133735401198498,-11.218319416102377
BIVM,-10.590964797473424,-10.56789855587588,-10.58058381189885
ERCC5,-10.171303710377625,-10.124863285782114,-10.356621341883802
EFNB2,-9.95772058444353,-10.0567551194128,-10.98334794225868
ARGLU1,-8.098700203175492,-8.02859579723226,-8.09871864981727
NALF1,-8.729246955607762,-8.961541057959252,-9.756884959728495
LIG4,-10.930466156585736,-10.577004460036271,-10.811660783333942
ABHD13,-10.315536123626577,-10.103949740677113,-10.064205951912786
TNFSF13B,-11.230905912575231,-11.243152333968583,-11.20031270482445
ENSG00000289901,-7.618465540446501,-7.635108723801665,-7.75493845587124
IRS2,-10.46875685625245,-10.158773893247105,-10.704051357155759
ENSG00000275741,-12.490492932693988,-12.739265883215374,-12.948030850505935
COL4A1,-8.402433772714327,-8.752467312210708,-8.885979837502882
COL4A2,-8.191111812294919,-8.605688575318151,-8.526837570400149
RAB20,-12.016995040898191,-12.598511938267475,-12.010233236780424
NAXD,-11.1375369789222,-11.312399528519103,-11.18263306218146
CARS2,-9.925277801564496,-10.123724399389594,-10.106549932322718
ING1,-11.352643050570508,-11.329009784324779,-11.45158366077614
ANKRD10,-8.980350143577432,-9.010065977242009,-9.157008764259054
ANKRD10-IT1,-11.829721048401744,-12.077892154546815,-11.971952772888072
ARHGEF7,-9.531360036149515,-9.647496481181765,-9.649152851283603
TUBGCP3,-10.063277597447588,-9.966810965753677,-10.0998032139603
ATP11A,-8.61325382093828,-8.560502391409232,-8.717284888371573
MCF2L,-10.909241344253951,-11.112957725514665,-11.058151227518518
PCID2,-10.073457021346657,-10.245112257507857,-10.040256335678336
CUL4A,-9.349624632058282,-9.46761697400382,-9.218595656616145
LAMP1,-9.723177057300099,-9.735160258085566,-9.938495795571715
GRTP1,-11.40539891169581,-11.67076639154066,-11.998648107081722
ADPRHL1,-10.479710620126825,-10.126757200049344,-10.238678104985874
DCUN1D2,-10.25252986695799,-10.285786883958373,-10.435007238042841
TMCO3,-10.140606066741624,-10.072662311409783,-10.23862476759405
ENSG00000276248,-13.204075054587735,-12.990579189232268,-13.207326684070026
TFDP1,-10.094958701673493,-10.180677980149216,-10.232832379665942
GAS6,-10.023140398808135,-10.334543063558087,-10.213314864416486
RASA3,-10.683257254542484,-10.762452504591877,-10.749310969343616
CDC16,-9.508113118176142,-9.499293042831754,-9.407110314786397
UPF3A,-8.24564489933423,-8.216272422439168,-8.323052028087288
CHAMP1,-10.218536896614884,-10.132429535479199,-10.217670701531954
TTC5,-10.848174330734471,-10.83833878033119,-11.079590713759536
CCNB1IP1,-8.8656491644907,-8.767167455871167,-8.682809422510507
PARP2,-10.650499256527404,-10.668389528161505,-10.811019366294284
TEP1,-11.809672401039071,-12.143292512798237,-11.85559418030591
OSGEP,-10.589077552660207,-10.66343623373296,-10.644208437317271
APEX1,-8.40573610337078,-8.602503773458688,-8.548782657107086
PIP4P1,-11.274117071644016,-11.235238423625663,-11.099714715583625
PNP,-12.122703766611094,-12.481434151871248,-11.949682469556437
METTL17,-10.535646489067496,-10.559631968920856,-10.67626280902616
NDRG2,-9.670404044462344,-9.657290178425427,-9.712821701143477
ARHGEF40,-11.398712726349105,-11.310224883981558,-11.709516065212492
ZNF219,-10.870874300617707,-10.804378481111337,-11.042471701566194
LINC00641,-11.818214036726802,-11.871959417016184,-11.568308403362519
HNRNPC,-7.405610596165297,-7.534045305344124,-7.498751546900656
SUPT16H,-8.509102917850052,-8.697123807184742,-8.679936639690201
CHD8,-9.254890972176486,-9.236368405526571,-9.440093686208336
RAB2B,-10.635044056595857,-10.550279330260452,-10.619929186909676
TOX4,-9.83373984898784,-9.870994151378843,-9.867543245377568
METTL3,-10.839431442644155,-10.77304831641181,-10.935072182316482
SALL2,-11.5025793114763,-11.45856442576214,-11.768990604999319
DAD1,-9.259967795890605,-9.297953965397012,-9.346099211858649
ABHD4,-11.312201695100109,-11.590856837760949,-11.71321206842114
OXA1L-DT,-13.097898302467742,-12.902452358330397,-12.810012689174005
OXA1L,-9.775082717419444,-9.886148523088854,-9.8373992404809
MRPL52,-9.467876010007002,-9.585216769319215,-9.549035904286313
MMP14,-12.398444656618514,-12.293165381674806,-12.622545042630442
LRP10,-10.610506304821506,-10.371315085337024,-10.816856567849463
RBM23,-10.371886245032007,-10.33477838644502,-10.449333886537824
PRMT5,-10.528330122457326,-10.711739581484858,-10.675987133800614
HAUS4,-10.863236353960113,-11.107439482307099,-11.028866456320433
AJUBA,-11.37645899149412,-11.310257609236675,-11.800172484989831
AJUBA-DT,-11.61792540827413,-11.802493130246823,-11.972526198510161
C14orf93,-12.233808434484102,-12.260173116599644,-12.53743686638069
PSMB5,-8.691570622223427,-8.858570254307851,-8.860791326627213
ACIN1,-8.879088501972602,-8.94556988713027,-8.96614237310116
C14orf119,-10.041855105978483,-10.137339569196667,-10.04801098359931
SLC7A8,-11.694018898382726,-11.787449372221786,-11.138833244012147
HOMEZ,-11.658658712539177,-11.749014266985846,-11.442202266583944
PPP1R3E,-11.613310380165187,-11.538175074203009,-11.494324978395223
BCL2L2,-11.451766945312785,-11.576006215862044,-11.607029922047948
PABPN1,-8.201867374109456,-8.201012006836176,-8.248221614529632
SLC22A17,-11.583753673736279,-11.14874409249951,-11.703445084131404
EFS,-12.479767689475157,-12.3381058545414,-12.555286070430219
MYH6,-5.478815420783613,-5.431332870560026,-5.5640595039040495
ENSG00000289973,-8.01618020940859,-7.813633386038461,-8.10144634488042
MYH7,-8.279925291396344,-8.38069689897953,-9.954232138118886
NGDN,-10.590831632103624,-10.653068680431149,-10.62330259292772
ZFHX2,-11.946321148325875,-11.773363799027404,-11.68124215492759
AP1G2,-11.762585136670415,-11.910694710953681,-11.902472310761757
DHRS4-AS1,-11.602025118652243,-11.591232615452956,-11.429673080607055
DHRS4,-11.788367314480043,-12.626102143048447,-12.340524917237254
DHRS4L2,-11.448527487982503,-11.70794623279033,-11.509355235804486
NRL,-12.75099724698554,-13.311980291098239,-12.747221427276463
PCK2,-12.364807440495031,-12.799753789594,-12.269693509037662
DCAF11,-10.342871091971508,-10.534160586255354,-10.27901528600188
FITM1,-9.280062258390883,-9.917563947275461,-9.195091665705844
PSME1,-8.847088972899686,-9.012676491271609,-8.811239446256847
EMC9,-10.774083805342963,-11.400325818337942,-10.80679742508195
PSME2,-9.666268263002873,-9.901791021752775,-9.569144673101036
RNF31,-11.830068404977698,-11.700740096440093,-11.793854498338526
IRF9,-12.1753708741508,-12.379003249934362,-11.875671382317645
REC8,-12.65002451729079,-12.648128817653754,-11.576851964274532
IPO4,-12.00197073615902,-11.978842065112143,-12.21886638360118
TM9SF1,-10.792738938013839,-10.6632523316145,-10.822848074541326
CHMP4A,-10.42600246567135,-10.559432445016343,-10.605041348885306
MDP1,-10.660417705102493,-10.893632801357302,-10.696269564103533
NEDD8,-8.775973838539304,-8.833393291017673,-8.841760880518882
GMPR2,-10.746787227136693,-10.933700701834507,-10.877744599855832
TINF2,-11.909344969261912,-11.729274042178076,-11.971961927521598
RABGGTA,-12.582995936224094,-12.396946543668882,-12.294199129890682
ENSG00000288044,-11.396906454845855,-11.753996973072553,-11.85985208435196
DHRS1,-11.237074939444662,-11.317747327473704,-11.352196423799432
NOP9,-12.881314696713078,-12.647034132980211,-12.987512577820262
NFATC4,-12.178650749664524,-12.303621507713926,-12.35273113012099
NYNRIN,-11.055237647352769,-11.007135191560911,-11.279908609754923
KHNYN,-11.497498483968618,-11.492128067394544,-11.537543089984561
SDR39U1,-10.533611057636637,-10.451216063633863,-10.523273893284706
STXBP6,-10.337810372134053,-10.561325522363592,-10.923513730248576
NOVA1,-9.062030307663756,-9.046152163435512,-9.321432400833393
PRKD1,-8.847978084680866,-8.688200264517496,-8.728346009338802
G2E3,-9.805968499123374,-9.965164482038002,-9.879899405777708
SCFD1,-8.653009855514533,-8.582801903189269,-8.734578925297875
STRN3,-8.593982535860468,-8.539800727567746,-8.737637985151942
AP4S1,-10.772678077292811,-10.897954590303437,-10.952009482424753
HECTD1,-8.651716500629538,-8.68217522082742,-8.715336609801529
HEATR5A,-10.015743639789955,-10.140436343439204,-10.070763631615648
DTD2,-11.031134272640005,-11.002943575374756,-10.855402104533333
NUBPL,-9.074374926938928,-9.020365202728227,-9.098965529550163
ARHGAP5-AS1,-11.940435113122104,-11.680046077271399,-11.703039894186006
ARHGAP5,-8.114463645623216,-8.173112027170612,-8.148123632611972
AKAP6,-8.881476375561995,-9.063547628616323,-9.339363396460245
NPAS3,-9.97876266138852,-10.105237125760771,-9.709899528356072
EGLN3,-10.7732164626429,-10.926771794243459,-10.449081750674441
SPTSSA,-9.87256723713835,-9.962455181113171,-9.877139537529603
EAPP,-9.564646491821904,-9.691711561856465,-9.76541854851836
SNX6,-8.633169350573898,-8.778217352338356,-8.676220763714351
CFL2,-9.033452000106134,-9.146208446020315,-9.319884307336741
BAZ1A,-9.528367878841983,-9.660277647517788,-9.611952340109111
BAZ1A-AS1,-12.72588064061378,-13.166676433316828,-13.03502893870059
SRP54,-9.137600579321038,-9.179458250628254,-9.192996726651078
FAM177A1,-9.63253081885192,-9.635362175710851,-9.70686606309657
PPP2R3C,-10.099768911484281,-10.234021291808615,-10.492610101271216
PRORP,-9.813399366968248,-9.789944030691002,-9.90505802929869
PSMA6,-8.640941216464583,-8.770787634647188,-8.76218732774887
NFKBIA,-10.226912761434322,-10.0923520129277,-10.223999637328324
RALGAPA1,-8.708600770063198,-8.688032734620426,-8.854158961670157
BRMS1L,-10.182964919592159,-10.214840301280658,-10.28837244623989
MBIP,-9.975279264263737,-10.065082075277212,-9.95546692830862
SLC25A21,-9.643892525460878,-9.562434539799007,-9.965725856150776
SLC25A21-AS1,-12.252876281580614,-12.480346557427296,-12.593462818006603
MIPOL1,-9.345314973819399,-9.20310797503961,-9.181490890071714
SEC23A,-9.441758153674238,-9.306997005666954,-9.45485464620867
GEMIN2,-11.075032097356852,-11.195612971067476,-11.034603195259562
TRAPPC6B,-10.095595933762315,-10.045123860720036,-10.283840227013782
PNN,-8.17627101144248,-8.2279773962657,-8.29156447202879
MIA2,-9.829124339731726,-9.81353339918392,-9.885260731702898
FBXO33,-10.172615910810556,-10.281959171890033,-10.56617669585911
ENSG00000258526,-8.477380918438168,-8.378339061638759,-9.011276760205725
ENSG00000286123,-13.325833157419332,-11.42494592994674,-11.79870291676255
LINC02315,-9.105898875031993,-7.963126959803465,-7.292930691006003
LRFN5-DT,-11.334456671563228,-11.348160426220849,-11.427296152639691
LRFN5,-9.634182738663297,-9.488996279058544,-10.259111374747588
ENSG00000258394,-12.343737543949771,-13.082519413769472,-12.459817311209836
C14orf28,-12.11598773346477,-11.825148717541655,-12.065321096119698
KLHL28,-10.313927443932476,-10.269879225152835,-10.428503748031607
TOGARAM1,-9.67362830668327,-9.450568727473042,-9.637599685562735
PRPF39,-9.94876447340965,-10.066801074614837,-10.039038216866377
FKBP3,-8.392027346320528,-8.532167255485618,-8.532949021695948
FANCM,-10.194147129805575,-10.356854114929801,-10.55526170696032
MIS18BP1,-9.684568900301691,-9.980739318876422,-9.98133778694957
MDGA2,-9.328985174544762,-10.079560952739094,-9.40146458977616
LINC00648,-10.240102006060857,-10.151209000507196,-10.278546280211598
RPS29,-7.016590387574763,-7.193132611319905,-7.0538273643221325
LRR1,-11.095165575016177,-11.280546860990482,-10.932214269769124
RPL36AL,-8.548723542669405,-8.58353704539896,-8.50355105717813
MGAT2,-11.117632414643728,-11.251191172943555,-11.232689251724441
DNAAF2,-9.802320303751006,-9.882554518485836,-9.78000816220075
POLE2,-11.303806663990708,-11.352076749457524,-11.703078571151003
KLHDC1,-11.930162397165704,-11.456443650858525,-11.743586262201005
KLHDC2,-9.317695730753705,-9.35395149107145,-9.414408271144216
NEMF,-8.763796171666241,-8.722971557412004,-8.80738339513571
ENSG00000282885,-11.89987813863933,-11.939473873306003,-11.82445999366294
ARF6,-10.535761336974945,-10.70553625235228,-10.617117262566047
LINC01588,-12.300544847210883,-12.541138633343532,-12.286791808688513
VCPKMT,-10.985126521787535,-11.134291846337534,-11.23938995491218
SOS2,-9.18948658120739,-9.10469344202106,-9.284112399731846
L2HGDH,-10.634735282261103,-10.664516433553002,-10.673174563668782
DMAC2L,-9.955311024807864,-9.9866125126084,-10.362064179963944
CDKL1,-10.675099019212626,-10.769076333214862,-10.851526616548524
MAP4K5,-8.722294154711141,-8.8472837281854,-8.902864344232833
ATL1,-12.263207325617362,-12.413966898802329,-12.513248545560971
SAV1,-10.21935646424557,-10.202711829405711,-10.26925472485721
NIN,-9.45479534502303,-9.443918394956025,-9.51448337895038
PYGL,-10.447916966796278,-10.465421286702428,-10.525843482207504
TRIM9,-11.104627045920536,-10.821615809790904,-11.56059204537894
TMX1,-10.211414117653424,-10.087428707498253,-10.283211545072922
FRMD6-AS2,-12.136931856712756,-12.15648726942016,-12.194469698857539
FRMD6,-10.202657246518045,-10.338609244723141,-10.700038549994353
GNG2,-12.275888549212763,-12.526283960965275,-11.475450699234592
RTRAF,-8.467313593817007,-8.67003927641862,-8.538943229611318
NID2,-8.402652670864073,-8.65789355299559,-8.38786990285759
TXNDC16,-10.73964901254381,-10.685656017738115,-10.807228297405572
GPR137C,-10.500490464046845,-10.357426149868974,-10.700807305664647
ERO1A,-9.983881482575251,-10.217378133618858,-10.025678169152142
ENSG00000258757,-12.80729523327035,-12.999542667148154,-12.759968421399645
PSMC6,-9.037021667656717,-9.058760580620424,-9.010835125850358
STYX,-10.506114993697983,-10.570054050514017,-10.621820909395854
GNPNAT1,-10.623147594007005,-10.678552437895007,-10.606958695825483
ENSG00000285664,-11.577376209987108,-11.407741062556784,-11.439479354879502
FERMT2,-8.426038550841708,-8.418009111343249,-8.509859959208374
DDHD1,-9.383430975620236,-9.446120379268992,-9.391112097078219
ENSG00000237356,-10.323418481958933,-9.797590115450717,-10.099021776473787
BMP4,-11.053583208576041,-10.729943690948378,-11.153420257256116
CDKN3,-11.099216181006433,-11.636159003237765,-11.48342495715672
CNIH1,-9.513180637224046,-9.512939588086024,-9.585409502330721
GMFB,-10.30908603614896,-10.337432443627257,-10.354105161809665
CGRRF1,-10.932526390073777,-10.77023454285342,-10.667902394541713
SAMD4A,-8.524004189461495,-8.367701770654167,-8.711994754718068
SAMD4A-AS1,-12.861547790227485,-12.39666965738669,-12.748634100338915
GCH1,-12.887209935659172,-12.911175188396255,-12.874460810759073
WDHD1,-10.632142902823604,-10.787404477985469,-11.055739895424297
SOCS4,-10.301131040609071,-10.25408034377372,-10.385793259489374
MAPK1IP1L,-9.126638899828892,-9.133040307277978,-9.207053647011803
LGALS3,-9.83189710369434,-10.685954160380724,-8.894739559200987
DLGAP5,-9.90077756045303,-10.83479870367417,-10.282833096165636
FBXO34,-9.74567947119694,-9.71269517242241,-9.766914249374507
ATG14,-9.862893919258026,-10.004753656975439,-10.058667751980407
KTN1-AS1,-10.491262382604102,-10.882332455509792,-10.665934420173953
KTN1,-7.221176436284477,-7.450435414263599,-7.457720410547051
PELI2,-10.326370334326954,-10.460047002942062,-10.715906699978323
TMEM260,-9.783371023799367,-9.773696775278554,-10.058880830925286
OTX2,-12.2137473659857,-12.066676561222883,-12.885964940282276
OTX2-AS1,-13.254561320134973,-12.669015493271784,-12.965789547069463
ENSG00000286257,-12.974458379921257,-11.867379085226055,-12.257540449725038
LINC03059,-12.421676574618294,-11.550697886996609,-11.204493726942907
EXOC5,-9.253089897993652,-9.309014854926598,-9.383032460021798
AP5M1,-9.862419400338869,-9.796023034420381,-9.922351983099743
NAA30,-10.495167067041624,-10.511205984780068,-10.599310587578016
ENSG00000259969,-11.147935720254685,-11.591601736043193,-11.076579560630387
ARMH4,-8.65382249655095,-8.8874929233199,-8.503228188867608
ACTR10,-9.26623917771998,-9.325255724165991,-9.312786926988032
PSMA3,-8.97215355825025,-9.179855873039166,-8.979973573895592
PSMA3-AS1,-9.901077486781125,-9.849250216403654,-10.203212976446379
ARID4A,-9.642558150438266,-9.642001003321845,-9.710505041785602
ENSG00000258378,-12.846976628392692,-13.30379812202432,-12.900573038011602
TIMM9,-9.893573445999767,-10.045017346398748,-9.87621476839862
KIAA0586,-9.679567722411202,-9.818591266049761,-9.811757867080136
DACT1,-9.79881420320342,-9.828875839177892,-9.738953217251915
LINC01500,-11.81493187555205,-11.846246289334593,-11.402179799995404
DAAM1,-8.05174743438045,-8.285004975969324,-8.188620138027936
GPR135,-10.43031825542208,-10.348867257826129,-10.304446721738286
L3HYPDH,-10.95574207639275,-11.085331215242945,-10.996318773470573
JKAMP,-9.800237906328176,-9.881496264572988,-9.984063944814878
RTN1,-11.77456153948736,-12.51697675026154,-11.873343518861514
LRRC9,-12.854593608644844,-12.38373461659867,-11.851959456789363
PCNX4-DT,-11.004243935421876,-11.010796994507112,-11.172513639653747
PCNX4,-9.07916756152807,-8.945224416591872,-9.141147663332076
DHRS7,-10.701197233045686,-10.600615328624736,-10.517459065852126
PPM1A,-10.067818543139431,-9.976111609219013,-9.985020688549794
C14orf39,-11.475796775594299,-11.254001397613486,-11.023405078455854
SIX4,-11.600672327713369,-11.597919015693561,-11.648366921763184
MNAT1,-8.653455487219054,-8.651427292600875,-8.719682820049286
TRMT5,-10.88532691941541,-10.841449926904803,-10.881722572639651
SLC38A6,-10.806502790637243,-10.551677421675793,-10.63239174065939
PRKCH,-9.333423141397214,-9.731811261649963,-9.435469029215213
PRKCH-AS1,-12.606657203972413,-13.205195147430365,-12.355809964127618
LINC03033,-12.748235984720512,-12.894634169549953,-12.792990941149464
HIF1A-AS1,-12.945837979093564,-13.242946631280489,-13.024342969117269
HIF1A,-8.320458425060005,-8.550303203019403,-8.49147337568676
HIF1A-AS3,-11.994424930011508,-11.054286902428025,-9.361424491719964
ENSG00000288928,-12.218846813904493,-12.265263489575434,-12.41703212966461
SNAPC1,-10.134486041419054,-10.085854755419303,-9.866482903011747
SYT16,-12.668767990730958,-12.53771478998392,-12.929328480418045
KCNH5,-12.070234835127883,-11.66805364775811,-12.184165476377423
PPP2R5E,-9.088618954470547,-9.075841461438937,-9.107890956364447
WDR89,-10.887504305024946,-10.978001990367833,-10.808487509237615
ENSG00000274015,-12.297160863329289,-12.321764255906134,-12.617350686131442
SGPP1,-11.027364024860795,-11.118578381730622,-10.93015190560386
SYNE2,-7.4457782934826495,-7.8000090220864,-7.541770794202474
ESR2,-11.375587415055099,-11.540965113784285,-11.088037509451722
MTHFD1,-10.558436580491554,-10.538750356391251,-10.648058242452386
ENSG00000258824,-11.799569293885835,-11.732949646866029,-11.726614387923401
ZBTB25,-11.112623550007369,-11.032402994323032,-11.003633912869812
AKAP5,-12.289527228789348,-12.37134135208051,-12.352041421280315
ZBTB1,-9.663318144881053,-9.601387478793823,-9.84982791556162
PLEKHG3,-11.366779217905533,-11.305610246158777,-11.482264949564431
SPTB,-11.361035528755757,-11.262298607895971,-11.635126306281173
CHURC1,-9.432922087459483,-9.415409424148887,-9.460324619631773
RAB15,-12.417534759620445,-12.513743237818305,-12.721964862031454
FNTB,-10.33969840255569,-10.341145933937973,-10.336273297208281
MAX,-9.896892940558438,-9.82899589751765,-10.011917531696598
FUT8,-9.631990287163521,-9.565919506880014,-9.73142133716639
ENSG00000258561,-10.748630850416175,-11.242217447044345,-11.293403668013424
GPHN,-8.320217523602418,-8.326031311315273,-8.43792404536637
PALS1,-9.680620229055268,-9.54644119319602,-9.790353244817979
ATP6V1D,-9.334818214810761,-9.335114624059072,-9.391372188710514
EIF2S1,-9.682172056293517,-9.782600004261022,-9.725083166230435
PLEKHH1,-11.070619607507215,-11.25799966705444,-11.049982272332858
PIGH,-11.479140009811454,-11.315753148490032,-11.549712787543456
ARG2,-11.85359727093744,-11.85304649179686,-11.880070475669498
VTI1B,-9.68407831462194,-9.737739218081314,-9.773942919141055
RDH11,-10.061238631482588,-10.072406363323669,-10.241622380641493
ZFYVE26,-10.927573450603413,-10.757778825709956,-11.195340173307866
RAD51B,-8.765290760571288,-8.676007166933454,-8.753517738385023
ZFP36L1,-8.571114064628976,-8.570012696399951,-8.529308710355496
ACTN1,-9.212968133520015,-9.26716897121503,-9.651619792637845
DCAF5,-9.23125032608511,-9.295217768215618,-9.302917409595869
GALNT16-AS1,-12.749227469694663,-12.964281148677784,-13.222971992114248
EXD2,-10.672786315525833,-10.711430121657047,-10.808835636158786
GALNT16,-12.328714400278173,-13.099497198059257,-13.160588272763269
ERH,-8.312850057698096,-8.484011564692711,-8.459829251789017
SLC39A9,-10.455825498050443,-10.457629207253715,-10.737897680408013
SUSD6,-10.939281492868828,-10.897004954906182,-11.098590909073554
SRSF5,-8.429732077244415,-8.476661595877456,-8.438716645996882
SMOC1,-11.523141897742947,-10.759016078565239,-10.196624258633982
COX16,-9.38932563734923,-9.745231336198017,-9.37068926424754
SYNJ2BP,-9.86361511382117,-9.861720253024206,-9.788047602523182
ENSG00000257759,-12.134472887484538,-11.32977062409835,-12.355619704977173
MED6,-10.025226177165738,-10.020525099345283,-10.084646750644206
MAP3K9,-11.40687014420753,-11.367433102441746,-11.537942221302746
MAP3K9-DT,-12.503776926612993,-12.242058438848106,-12.135987476787761
PCNX1,-8.58585328514018,-8.578872446721212,-8.751462265091119
SIPA1L1,-7.999005679451536,-8.203353568843383,-8.441013929058018
RGS6,-10.51817136856618,-10.256044837349995,-11.642944617726531
DPF3,-8.296280963956315,-8.250567073214137,-8.319640137334323
DCAF4,-12.21594651038017,-11.773630093680817,-11.93588440939542
ZFYVE1,-11.130222316804934,-11.195096656250792,-11.245115936672192
RBM25,-8.20696853548268,-8.28711848072003,-8.32221812742013
PSEN1,-10.104827416679191,-9.966764247842406,-10.156993628598961
NUMB,-8.920909935493599,-8.943108633892088,-8.92887706687399
RIOX1,-11.928355131866454,-12.030407278187528,-11.861004316632137
ENSG00000258603,-12.104180887164667,-12.137001516032162,-11.690014533593068
ACOT2,-13.035486268671807,-12.41983428374199,-12.378329919377109
DNAL1,-10.838190134764174,-10.906723115686559,-10.786501625858365
PNMA1,-10.610619613393355,-10.643687955797532,-10.623022438537031
MIDEAS,-10.866164422188165,-10.853316204197803,-11.00809477066467
MIDEAS-AS1,-12.851138899058624,-12.574673869326537,-12.527166977651436
PTGR2,-11.147183875046434,-11.038917784143367,-10.914260704976721
ZNF410,-10.576329687284026,-10.725729955470031,-10.664587203847294
ENSG00000258891,-12.831640204437253,-12.382960742027446,-12.312124765739004
FAM161B,-12.14884747311595,-12.253498318125454,-12.446344833905673
COQ6,-10.970752292355664,-11.114406348306755,-11.04847736039072
ENTPD5,-11.525329307557143,-11.505901824238085,-11.475596595138377
BBOF1,-11.345208667513969,-11.297580735458473,-11.473560941158185
ALDH6A1,-9.777239262080572,-9.888455762778198,-9.822388721858731
LIN52,-10.050101361848581,-10.128108542611644,-10.360063533562318
ABCD4,-10.384443429261134,-10.554380024727427,-10.631119480701804
NPC2,-8.590581389153293,-8.703887275692265,-8.593119020675001
ISCA2,-10.129203604188609,-10.153284704761521,-10.123422948555493
LTBP2,-12.32061396010042,-12.657162811510656,-12.780797745889538
AREL1,-10.596855309846573,-10.612357706045113,-10.864472487173177
FCF1,-11.037297288354836,-11.225273505552535,-10.873742320139515
YLPM1,-9.170980186244343,-9.132538301084406,-9.237364847302374
DLST,-10.330078687748133,-10.398646093545361,-10.250764851923666
PGF,-11.894362232965166,-12.326309991403987,-11.983414919924716
EIF2B2,-10.945011478568867,-11.142037353633638,-11.105221004714991
MLH3,-10.355514115639496,-10.195745948802534,-10.11806681657156
ACYP1,-10.758507204207064,-10.691847379131174,-10.643824846844405
ZC2HC1C,-12.461779190196893,-12.346493757189386,-12.143117658094743
NEK9,-10.14033292996307,-10.165694008454896,-9.868612924502461
TMED10,-9.111378985825034,-8.97509533034916,-9.051409723259814
FOS,-9.42233787407813,-8.795942211654697,-9.429118314863642
JDP2,-11.352886237547326,-11.325477172951524,-11.471826256212141
FLVCR2,-12.112984057599798,-12.205330459316796,-12.291561912523193
TTLL5,-9.228030043771115,-9.109965947224792,-9.4482231899769
ERG28,-10.548249119129782,-10.5547459826636,-10.608689125683556
IFT43,-9.929935165497847,-9.9592138680399,-10.039951002451554
TGFB3,-12.023587484362475,-12.187894665492532,-12.397269149554898
GPATCH2L,-9.247562913974331,-9.310459656472664,-9.254558250848403
ESRRB,-11.547738853464985,-11.698275781441017,-11.273253170698496
ENSG00000259124,-13.047809193588378,-12.756113356192154,-12.888600801222898
VASH1-DT,-12.572270196974268,-12.277997391469318,-12.277035540284698
VASH1,-11.332720648083965,-11.50297516173814,-11.563355914510433
VASH1-AS1,-13.164843985834578,-12.925455811714388,-13.217912019186214
ANGEL1,-11.233166186233694,-11.195783692807987,-11.537343528297459
IRF2BPL,-9.969254299505899,-10.020052266388381,-10.22560011800319
CIPC,-11.322889735538016,-11.438243282042743,-11.17972286431432
POMT2,-11.421308629846466,-11.39414210887257,-11.506141092431617
GSTZ1,-10.906075181491195,-10.965774889354037,-11.110003201188428
TMED8,-10.624934432155424,-10.716931173122363,-10.794519009318888
SAMD15,-12.211414308703555,-12.130880767034046,-12.428222254991635
VIPAS39,-10.977484516721423,-11.118322009414314,-11.127994997892825
AHSA1,-9.740836016410215,-9.963815484432192,-9.75629385123452
SPTLC2,-10.163585569054186,-10.073316852770192,-10.109321292516038
ALKBH1,-10.772322371069457,-10.964486907022815,-11.095513004698358
SLIRP,-8.970754833155256,-9.199616642927275,-9.087153761993157
SNW1,-9.261911931143686,-9.294512211247039,-9.353089243317475
ADCK1,-11.26410576852993,-11.29061284358298,-11.715128246094277
NRXN3,-9.757465355998585,-9.892587842919692,-10.200253835380767
DIO2,-12.019565026639732,-12.473740003133333,-12.583194698622306
CEP128,-9.715953591374628,-10.066733434810248,-10.104464075640847
ENSG00000284959,-12.164364635255081,-12.213490101419133,-11.289447091180477
GTF2A1,-10.291091967951804,-10.327749983259137,-10.372908775057699
STON2,-11.702916094715725,-12.109421495847338,-11.609988623670958
SEL1L,-9.93861319458997,-9.776550942740714,-9.990297714874886
LINC02301,-12.886857805424635,-11.490462890766992,-10.665403307885773
FLRT2,-9.552897543684427,-9.693286286108306,-10.281250771577625
LINC02296,-13.0961391514609,-11.496082242749193,-12.580193855972263
GALC,-10.547527938650799,-10.520175563972746,-10.578952041781065
SPATA7,-9.912372971746386,-9.98906906533339,-9.901647424258154
PTPN21,-9.80241955172847,-9.710867095618385,-9.811660332114824
ZC3H14,-8.985720078787457,-8.922388166048131,-9.018400307887823
ENSG00000278576,-13.166772819371019,-13.131265162739103,-13.173436991643621
EML5,-12.335556210339123,-12.354799072923312,-12.100744505037436
TTC8,-10.285444801816869,-10.26888276072147,-10.239062141292544
FOXN3,-8.472541069653456,-8.59791470371883,-8.729632845362291
EFCAB11,-10.072997306175479,-10.163380516492724,-10.155885177056671
TDP1,-10.81021320657144,-10.85212276259921,-10.922112357369738
PSMC1,-9.251325152796571,-9.338165298460273,-9.257267328975322
NRDE2,-10.787838759706135,-10.6534364197224,-10.947581359048355
CALM1,-8.72711094035748,-8.763959334864813,-8.777774233256563
TTC7B,-10.088270886900402,-9.97998728416482,-10.188760834457309
RPS6KA5,-9.603352452268952,-9.630371375568371,-9.584206694853924
DGLUCY,-9.94967919642243,-10.006454143250343,-9.930938112790283
CCDC88C,-12.794906130303314,-12.7058518480301,-13.22515714346773
PPP4R3A,-9.159217740444888,-9.25270904853211,-9.273648540363466
TRIP11,-9.080039890538478,-9.137561523885896,-9.094080530275203
ATXN3,-9.866511648065963,-9.78702150409565,-10.063902567997657
NDUFB1,-8.858005036965457,-9.01867952072316,-8.883085892463296
CPSF2,-9.773359685968204,-9.893291495890308,-9.887458031752717
RIN3,-11.52534682620508,-11.974510505150237,-11.897658929295082
LGMN,-9.682093216776668,-9.60947404195972,-9.545849278402727
GOLGA5,-10.18702983358885,-10.178153428317616,-10.261176952463337
ITPK1,-11.105477654911347,-11.164233640514354,-11.305062663936578
MOAP1,-10.266932527436907,-10.35652659807158,-10.302717722081777
LYSET,-11.089269102832006,-11.095845474522024,-10.929556151169294
GON7,-10.978101667678859,-11.122614396668277,-11.119092619489944
UBR7,-10.799591479996963,-10.937395798456143,-10.881236976112913
BTBD7,-9.173615421772492,-9.12875986075084,-9.231932529072358
UNC79,-10.358536348339772,-10.023053306398593,-10.136234933000342
ASB2,-9.659938315159293,-9.875882645873014,-9.690700960724438
OTUB2,-12.841913121449553,-12.428085500357332,-12.984486303720317
DDX24,-8.52640654277473,-8.602516806329666,-8.634256354803648
IFI27L1,-9.95536075232826,-9.967921752463043,-10.156338992818098
IFI27,-12.736448023516783,-12.540443634747062,-12.927235276688032
IFI27L2,-9.650244514558548,-9.577460121885059,-9.783030284169
SERPINA1,-11.227415486203382,-11.339936366162746,-11.262938122940087
DICER1,-8.999412978882035,-8.983726304186302,-9.047951182214252
DICER1-AS1,-11.37212613940229,-11.341610935536204,-11.26493096714152
CLMN,-12.50567429285847,-12.392234463046966,-11.857365717438816
SNHG10,-12.105461605612149,-11.837842496745472,-12.225447489846172
GLRX5,-9.037398609743915,-9.249167985421982,-9.082776143560107
C14orf132,-12.128703724811588,-12.097166626550036,-12.417354193605089
ATG2B,-10.183428132151754,-10.14114795298016,-10.227019739155452
GSKIP,-10.798678188035554,-10.728699663318615,-10.82717605973882
AK7,-12.887568329052757,-12.38916872063535,-13.033344332344448
PAPOLA,-8.549588596422291,-8.590409110360264,-8.697515611635977
VRK1,-10.138227166539053,-10.460357927918695,-10.42033278459228
BCL11B,-12.2335647723584,-12.371084737351158,-12.057445039659568
SETD3,-9.61120873807877,-9.679820911514557,-9.630203510603572
CCNK,-9.462172875206779,-9.586239452329801,-9.553432066060017
CCDC85C,-10.805881683165772,-11.008676046183075,-11.052709232946405
CYP46A1,-10.54122500654915,-10.465971504714586,-10.651469068795897
EML1,-10.931314709610325,-11.048502757064933,-11.36729690116841
EVL,-9.335980982291282,-9.366633054453622,-9.596097075096838
YY1,-8.784762269479687,-8.927372808004408,-8.916502654627712
SLC25A29,-11.108352737004406,-10.770780027744198,-10.703577619282818
WARS1,-10.805248621569799,-10.970449715441443,-10.991062469789464
WDR25,-10.999516771773244,-11.009665068899652,-11.130131140651844
DLK1,-12.284336221425052,-12.105335466010258,-11.169321650710396
PPP2R5C,-9.0616095859211,-9.1786183667423,-9.242785294498285
DYNC1H1,-8.5680183725067,-8.690662631299734,-8.782675150210286
HSP90AA1,-6.76968584666052,-6.953885256659312,-6.814778444474561
WDR20,-9.865886403435278,-9.953550060846338,-9.993729609574277
MOK,-10.486635317077718,-10.415753098762002,-10.535736819086425
ZNF839,-11.106711872181487,-11.103945605095118,-11.232645088666134
CINP,-10.946592603151023,-10.91200100045619,-11.048040920665052
TECPR2,-10.28973020624741,-10.298548286421886,-10.384099170390586
ANKRD9,-11.395078851285378,-11.325926436591123,-11.336856218825039
RCOR1,-9.554856522467842,-9.60236151571366,-9.555869964495953
TRAF3,-10.079422085991371,-10.193117129334942,-10.34639749508986
CDC42BPB,-9.220154891744068,-9.232720542365284,-9.330331605411839
EIF5,-8.56489290563244,-8.702713797618284,-8.629238043330739
MARK3,-9.0157174458087,-8.9412925302549,-9.01965695734853
CKB,-9.270314526995556,-9.383557818610612,-9.769443123826578
TRMT61A,-13.074492364798916,-12.990168074803966,-12.900094540636708
BAG5,-10.276682591909907,-10.196555871601737,-10.262182530969344
KLC1,-9.132687154250846,-9.127546677729455,-9.248971667189224
COA8,-10.160930198396672,-10.215445595155476,-10.147616527984873
KLC1-AS1,-12.540272490791832,-12.295018393488093,-12.631492169415425
XRCC3,-12.1363210523703,-12.228909574495141,-12.476635889913231
ZFYVE21,-10.282452976839032,-10.214807136570064,-10.267449254047392
PPP1R13B,-8.301517318582857,-8.33379180583693,-8.578085286861215
ATP5MJ,-8.55919756045531,-8.747016678188062,-8.538006521863563
KIF26A,-12.649868303517964,-12.538083898357232,-12.248726496576868
INF2,-11.835798154287216,-11.902989993810282,-12.012142235847255
ADSS1,-11.134018502899528,-11.28642638078341,-11.14383603767905
SIVA1,-9.601088813829591,-9.740871476900933,-9.755451042000555
AKT1,-10.397083448008726,-10.6284848794801,-10.598062028651004
CEP170B,-12.506362536252304,-12.714098456532327,-12.194519637409236
AHNAK2,-9.863983901054558,-10.855961142623908,-9.851386552773745
CLBA1,-12.116921909571214,-12.363075652588542,-12.094554801574281
CDCA4,-10.343979819403053,-11.066754438940492,-10.732463380053646
NUDT14,-10.810801817764693,-11.179629497703838,-10.789556079474057
BRF1,-10.988344402774093,-11.048927530385878,-11.339038597404777
BTBD6,-12.042172343027353,-11.970015687893925,-12.280298429841615
PACS2,-10.356749151291208,-10.447603384400837,-10.530410039968384
TEX22,-12.11914456961596,-12.389236464553688,-11.932143655345048
MTA1-DT,-11.920742357317097,-12.117885614936538,-11.894315232092696
MTA1,-10.291709193594109,-10.368174756507281,-10.401313370347411
CRIP2,-8.592695110688878,-8.808067424252592,-8.625375120846636
CRIP1,-9.404369247194102,-9.581891680967837,-8.694639264206492
TEDC1,-12.571278179969157,-12.81344074687487,-12.88535395410734
TMEM121,-12.31134704752946,-12.382972865642706,-12.497442305209745
HERC2P3,-8.833058577757752,-12.488044425037312,-9.39114940262118
ENSG00000291003,-10.577209033870774,-10.89435652223729,-11.792839546834351
ENSG00000290399,-11.515561638398815,-11.648528155688263,-11.53107685150217
ENSG00000274253,-11.703833114577629,-11.511019463219869,-11.440943295455838
NIPA1,-10.926207445869482,-10.681095298158148,-11.085862118581533
NIPA2,-10.042573458468274,-9.997098550071243,-10.121288922634683
CYFIP1,-9.978079210474718,-9.962506576050819,-10.075726272530224
TUBGCP5,-10.338990583844401,-10.333949733220045,-10.3889930526057
HERC2P7,-11.676820844262572,-11.645859735876048,-11.586320126678778
NDN,-9.708540397106084,-9.80821592157408,-9.616165021621661
PWRN4,-12.319008577855403,-11.930261677144031,-11.31486291511303
PWRN1,-9.320431644257376,-9.736737297476376,-10.44728810447352
SNRPN,-8.228885902060856,-8.125650157814773,-8.210853561138489
SNURF,-12.054044980267356,-11.882197301960518,-12.141852631046826
SNHG14,-7.259296719795058,-7.1085697150396125,-7.300965678022529
UBE3A,-8.289255580070208,-8.352839810832274,-8.416445052870749
LINC02250,-12.598669856688055,-12.503767020005832,-12.516806477153295
GABRB3,-12.970661289372709,-11.942188970005786,-11.776536633033803
OCA2,-12.23549145412731,-12.508598349299854,-12.472184317641974
HERC2,-9.092713379910593,-9.038622789332324,-9.00081914236878
ENSG00000291259,-11.56679306824921,-11.461263099715834,-11.456110602694377
HERC2P9,-12.80380063098825,-12.139399424587447,-11.80214087856262
ENSG00000290879,-12.06422182555942,-12.532462581309183,-12.549797099761422
ENSG00000291058,-13.085067688689163,-13.274559887050064,-12.138933249863024
ENSG00000291258,-12.320867275950787,-12.213716295618998,-11.26618952404535
APBA2,-11.14185918543854,-11.408974352737399,-11.095172936081546
ENTREP2,-11.013258766764274,-10.971333416858602,-11.485214772889513
NSMCE3,-10.467689460682164,-10.422254857872225,-10.229891496861525
TJP1,-7.923983585833183,-7.880733174563606,-8.171627196605094
ENSG00000259644,-12.641861539880148,-12.59624337471423,-12.745337243747052
LINC02249,-12.387354658985245,-12.577961207600026,-12.465788313780987
LINC02256,-12.468794693766068,-12.024008661642236,-12.210272481640123
ENSG00000290876,-12.431778244734577,-12.299981457770981,-12.228221085601369
ARHGAP11B-DT,-12.956169708548469,-13.1298465693777,-13.148001772992568
ARHGAP11B,-11.757752476476792,-12.107016284760677,-12.09638691743747
ENSG00000290886,-10.856817919029606,-11.426205591330609,-11.610459466396032
FAN1,-10.386114806173074,-10.370965803356443,-10.153356866260015
MTMR10,-10.671126753794173,-10.744680985011842,-10.849682563739163
KLF13,-9.980652431755393,-10.294709200384471,-10.319688901424557
OTUD7A,-11.253549754882092,-11.370727353055328,-11.315421752341676
CHRNA7,-11.005267413822637,-11.637158088942002,-10.929718534147181
ARHGAP11A,-10.927237613033526,-11.414215932156461,-11.325786483078526
SCG5,-12.311994287947561,-12.446933888907639,-11.810695366965321
RYR3,-11.468811455838171,-11.220483953248111,-11.11164120894289
ENSG00000259408,-12.351389826212856,-12.74502022540227,-12.791890575981814
AVEN,-9.879174683440132,-9.912176442288317,-10.161490170073247
EMC7,-10.127964885076867,-10.142927519694654,-10.098958729478676
PGBD4,-12.697824839815087,-12.36664780311898,-12.562019173955623
KATNBL1,-9.305535428603024,-9.19052696153507,-9.315753135864039
EMC4,-9.631665960363584,-9.759431252584767,-9.696575689668606
SLC12A6,-9.822902493553348,-9.789915291234795,-9.693069487695615
NOP10,-8.915757703923912,-9.022362911010973,-8.80777208524975
LPCAT4,-10.394670545384043,-10.429677763694583,-10.032441290152425
GOLGA8A,-9.532118779165463,-9.815015172978615,-9.737795558669744
GOLGA8B,-10.046959204978522,-10.237994610644574,-10.642098273607933
GJD2-DT,-10.616862062158521,-10.691849257236578,-10.576542511429032
ACTC1,-5.620997590713647,-5.714790163409592,-5.638300694376268
AQR,-9.411626898891598,-9.439592604712535,-9.47754467573317
ZNF770,-9.176533563595042,-9.45374261659538,-9.285057710539363
ENSG00000259336,-11.486744074516931,-10.47776422181868,-10.60420831065037
DPH6,-9.988352917108166,-9.093085986158833,-9.106415812910587
DPH6-DT,-11.18454500234133,-11.13391025656153,-9.98115010758604
CDIN1,-8.64981898745442,-8.143293427294015,-8.635399865106853
ENSG00000261191,-13.087909195598801,-12.627965845626578,-12.94860892217024
ENSG00000259280,-11.601179162221106,-11.224098491859275,-11.534915743474869
MEIS2,-6.577614502551117,-6.257356302124224,-6.926091817933492
ENSG00000259460,-12.594593066180032,-12.689425369766916,-12.921314300126046
ENSG00000288808,-12.773565927725395,-12.231026835468377,-13.121966656996856
SPRED1,-9.543495011341173,-9.407313091168763,-9.66848508398156
FAM98B,-9.86514666448614,-9.854712537544723,-9.893046058135686
RASGRP1,-12.201498819565124,-12.70116231420359,-12.21847161221193
ENSG00000286786,-13.270680761608604,-13.161995894121839,-13.180690479918969
ENSG00000259345,-11.648901683958789,-10.675308123853235,-9.746887048675067
THBS1,-10.330226558032157,-10.180938322106675,-10.700283711504792
THBS1-IT1,-12.76194428145292,-12.164266774304158,-12.769990248569597
GPR176,-12.774548916568031,-12.929405740566212,-12.533163100845178
EIF2AK4,-9.640649946475117,-9.665115273324888,-9.570144351637865
SRP14,-7.186950714024393,-7.181752481266159,-7.315548880051441
SRP14-DT,-11.137214958165561,-11.313212702117717,-11.146896455644107
BMF,-11.46639989101052,-11.431438847432121,-11.821703985329092
BUB1B,-10.270355079576435,-10.88467433779839,-10.843221476734122
PAK6,-12.468538400809985,-13.255054614763818,-13.214497419244053
PLCB2,-11.459058232672021,-12.291155709156177,-11.285785966965262
ANKRD63,-12.219731244799297,-13.114384441615579,-11.618437774160784
INAFM2,-10.552473056048555,-10.684298470354303,-10.540940536334057
KNSTRN,-10.854650883033528,-11.195529915174738,-10.983912837479215
IVD,-9.678662785774907,-9.850753956712136,-9.830927987582578
BAHD1,-11.502217860314044,-11.510513740632465,-11.731900804636755
CHST14,-11.444990764239403,-11.551187016172367,-11.634720645601892
CCDC32,-10.953715572829719,-10.787093648609213,-10.772435693412733
RPUSD2,-11.644825120630138,-11.771625864645387,-11.820602363748844
KNL1,-10.295172761001274,-10.966053273473895,-11.052439345934728
RAD51-AS1,-11.390053884743013,-11.28610984085647,-11.837102329594156
RAD51,-12.10916261090071,-12.51840815178864,-12.988925433004901
RMDN3,-11.128806825063563,-11.04730566185288,-11.171769571123482
GCHFR,-10.761142720691929,-10.72388419763348,-10.58771336526327
DNAJC17,-10.781125894900166,-10.833974307069974,-10.974170388477798
ZFYVE19,-12.323104968635102,-12.430054290907474,-12.589380726128166
VPS18,-12.205050922305917,-12.501937620727412,-11.908106309967023
INO80,-9.623433642170314,-9.572720604575986,-9.729251348039083
CHP1,-10.07407078131842,-9.958484662509049,-10.125262499892727
OIP5-AS1,-8.807496164198861,-8.850597289831471,-8.973595210665184
OIP5,-11.873961543173488,-12.210074989082353,-12.361143307287511
NUSAP1,-9.863798662489698,-10.391459588018364,-10.256866678541211
NDUFAF1,-10.913810591627659,-10.92265821304295,-10.947614727228078
RTF1,-9.026838760553055,-9.050163606063155,-9.06253585504673
RPAP1,-11.224777614909378,-11.30707429574808,-11.432295236237351
TYRO3,-11.426287161051533,-11.444635011866788,-11.482222458971645
MGA,-9.273966222214664,-9.246982565080442,-9.29852960402452
MAPKBP1,-9.97621166010773,-9.814833869973622,-10.072435936190049
JMJD7,-12.178889274932141,-12.15777115022724,-11.909399658106729
PLA2G4B,-12.974906357314937,-12.85738327128261,-12.61572350627891
EHD4,-9.391857291222893,-9.607329150947946,-9.407184172145815
VPS39,-10.424507374515391,-10.414101320013803,-10.564661151727051
TMEM87A,-8.700363750350677,-8.61351157246769,-8.947871288695481
GANC,-10.738548954761992,-10.361722884118116,-10.487729263087886
CAPN3,-9.867652432710626,-9.843900957881429,-10.396214887205701
ZNF106,-9.26798187918539,-9.307576508306393,-9.302199753646523
SNAP23,-10.742220401388497,-10.708322950879166,-10.955720938216105
ENSG00000261684,-11.75345046605297,-11.706753033686779,-11.827194011331457
LRRC57,-10.983933440764101,-10.96717132890996,-11.225883413310632
HAUS2,-10.64084645238575,-10.667975266760918,-10.793762332594344
STARD9,-11.097392789957613,-11.037653510328783,-10.939299790142524
CDAN1,-11.9434163149635,-11.789751022694743,-11.848525610234427
TTBK2,-9.470160325060977,-9.29453802081349,-9.496893277059778
UBR1,-9.196059375799102,-9.173404488216772,-9.223141373276881
ENSG00000285080,-11.281557066287677,-11.617378018884432,-11.44194276137705
TMEM62,-10.971033801005841,-11.095841371437995,-11.219493341631116
CCNDBP1,-10.144415985062999,-10.257009632859178,-10.370712210316876
ADAL,-10.745942097567916,-10.667269186867776,-10.704102941525168
ZSCAN29,-11.636546790032408,-11.626971681669142,-11.88847952550309
TUBGCP4,-10.81841923953383,-10.85699711987141,-10.915091373790169
TP53BP1,-9.024124955980827,-8.943078710497112,-9.115278223099548
MAP1A,-10.391307636236684,-10.375582023024185,-10.328837132114465
PPIP5K1,-11.250322960263757,-11.220870663451441,-11.228481117642037
CATSPER2,-11.287326829826872,-11.672390458478338,-11.798864559637442
CATSPER2P1,-12.006463077330054,-11.941825090615039,-12.488366030553937
PDIA3,-8.012043572369421,-7.935762887827628,-8.08154641561215
SERF2,-7.389425689159479,-7.454201074084896,-7.4190945162501745
MFAP1,-9.651084380044855,-9.697231979026451,-9.686726759992458
WDR76,-11.916066984452897,-11.948288093849918,-12.069921900262573
FRMD5,-9.336370979912884,-9.431680676201937,-9.757518105725559
GOLM2,-8.928705966948897,-8.836314970588644,-8.932583095258142
CTDSPL2-DT,-12.8285687790171,-13.025987586792917,-13.061646873790254
CTDSPL2,-9.349880001968534,-9.357431468586189,-9.442116491009484
EIF3J-DT,-10.849560453461248,-11.045706131642213,-11.01766228855132
EIF3J,-9.065969943231346,-9.145694632695589,-9.099578057917393
SPG11,-9.496514346117452,-9.485781983078661,-9.529310347353793
B2M,-8.593007964754996,-8.674950884696173,-8.674061247693649
TRIM69,-11.411920479716125,-11.396454891930588,-11.090268387824544
SORD2P,-12.17873566779256,-13.198847090253924,-12.095802671801735
SORD,-11.734744142266548,-11.455787625435617,-11.628930668669213
SHF,-11.958517033041552,-12.151167115979172,-12.359161675947325
GATM,-10.393873248786745,-10.340241248023377,-9.95034227650163
SPATA5L1,-11.281812769323963,-11.279887987855302,-11.207717648188124
SLC30A4,-12.288148357493593,-12.02681493863133,-12.456408410984608
BLOC1S6,-9.869493578248038,-9.980127950014518,-9.995086084354421
ENSG00000259200,-12.21288219157679,-11.483818459803446,-13.117556670284028
SEMA6D,-8.219202628781044,-8.53876329827155,-8.891947979476667
MYEF2,-9.433773024661148,-9.492579809453382,-9.541075975949166
DUT,-8.684678143983634,-8.852568313237303,-8.980883966310909
FBN1,-11.642254718617018,-11.6950025571882,-11.875486043809351
CEP152,-11.25238839103148,-11.5184412616127,-11.587786651547606
EID1,-7.777213842886701,-7.948391675618435,-7.8577639465256315
SECISBP2L,-9.103801510563269,-9.094261607445823,-9.170411881248969
COPS2,-9.011258521716782,-9.144199233619927,-9.112988737704104
GALK2,-10.215893558264444,-10.169591874084018,-10.199557198901374
FAM227B,-10.120144809404824,-10.038475230822831,-9.705877780743926
FGF7,-11.479142315479237,-12.180319838043776,-11.213022207843936
DTWD1,-9.3866788050906,-9.537945092033251,-9.392120672505792
GABPB1,-10.406348588735632,-10.445335964066023,-10.452438843695962
GABPB1-IT1,-10.479547859441334,-10.680324004771778,-10.682692310358473
GABPB1-AS1,-8.821099566033407,-8.720349340190102,-9.327915570133941
USP8,-9.368255300916132,-9.363377768795782,-9.45363939017221
TRPM7,-8.752584309078895,-8.838632419463242,-8.689200896500395
SPPL2A,-9.238347655062125,-9.290302989150106,-9.392420240199145
ENSG00000273674,-12.487867315507094,-12.443670088318132,-12.472190070381227
AP4E1,-10.288166327278235,-10.247030570752598,-10.481496420841198
MIR4713HG,-12.48531184899757,-12.204512333103498,-10.96968816683803
DMXL2,-9.731880800827128,-9.698070394719226,-9.693809618378857
TMOD2,-11.16508705382953,-11.521060711838759,-11.340261284351323
TMOD3,-9.963336592112704,-9.9857594789733,-9.953217132772421
LEO1,-10.137732477856607,-10.26333591359193,-10.273806980027638
MAPK6,-9.737072176000586,-9.760122852854847,-9.826487687000355
GNB5,-10.712947270491954,-10.772247798545626,-10.68974514895924
MYO5C,-11.046955928764225,-11.325591189598935,-11.257144057042257
MYO5A,-9.630566348345186,-9.360032330708854,-9.59443367380837
ARPP19,-9.245261471548897,-9.314969845962727,-9.306070897046663
ATOSA,-9.500194598896872,-9.630932592748488,-9.76987781083243
RSL24D1,-9.278381308016357,-9.305486501658589,-9.167321846999476
RAB27A,-10.464981868591646,-10.630151590550485,-10.30732720468907
PIGBOS1,-11.023405339523702,-10.958760206659507,-10.908312076048073
PIGB,-11.984475425959161,-11.764019536237958,-12.169301772100264
CCPG1,-9.9470877037356,-9.956907863031134,-10.157628075853484
PIERCE2,-11.913510271314898,-12.11200134742912,-12.171470629095003
DNAAF4,-10.88828013507658,-10.948296168211584,-11.133498779913902
PYGO1,-10.066385241496715,-10.057199089225639,-10.166753477087317
PRTG,-8.120361776529748,-8.028408136930697,-8.559781107110565
NEDD4,-10.084073701487863,-10.102766509090735,-10.21578030628121
RFX7,-8.704191854208045,-8.81124105785614,-8.865480467145192
TEX9,-10.143894170732377,-10.096486164162508,-10.359563272295974
MNS1,-12.29872851147149,-12.470276633606561,-13.10216784418771
ZNF280D,-10.147122399075911,-10.509007978191825,-10.272339311542153
TCF12-DT,-10.930273112019165,-10.741026722767197,-10.539016561111804
TCF12,-7.527747819718411,-7.618368488883172,-7.778911150803584
CGNL1,-7.655283067676977,-7.90445661867752,-8.280436559517893
MYZAP,-10.444794761550005,-10.470624778542822,-10.156240553402865
GCOM1,-11.040700798540444,-11.451880643668412,-11.009402373792952
POLR2M,-11.008987830459514,-11.102205083297967,-11.182451249208242
ALDH1A2,-11.572552184618605,-10.938752946888666,-11.175364265816123
ADAM10,-8.455480607330287,-8.361348652091056,-8.547168096511434
MINDY2,-9.444040019053203,-9.452168835178822,-9.567943561013522
RNF111,-9.571893388710953,-9.580896066362186,-9.652577256040416
SLTM,-8.733174665662183,-8.777852995137113,-8.796905561408245
CCNB2,-10.603376059812161,-11.54816567347267,-11.144117446621035
MYO1E,-9.160625803555622,-9.408796044470085,-9.460468673953505
FAM81A,-10.833019309945024,-10.879733594368677,-10.838334108291088
GTF2A2,-9.301197094103077,-9.404472246754283,-9.372191300806612
BNIP2,-9.478951757591302,-9.468414522910058,-9.430316760554316
ANXA2,-9.72140258483522,-9.60033153129024,-10.340621204108063
ICE2,-9.485126227794899,-9.525723610580174,-9.538209726668688
RORA-AS1,-11.37556579963697,-11.41958079884077,-11.574042727071394
RORA,-8.311190357941468,-8.537069209275783,-8.525174958484046
ENSG00000259481,-12.642603193172642,-12.972920632847261,-12.72644165232571
VPS13C,-8.898240806677839,-8.904683821474055,-8.786475811033169
TLN2,-8.083857728947816,-8.667745878764675,-8.428864317710136
TPM1,-4.743556659888793,-4.850501071597135,-4.859110544268493
LACTB,-10.410938788886714,-10.397710334786979,-10.209232488276273
RPS27L,-8.803342784980241,-9.14347103349642,-9.00670221617953
RAB8B,-10.888472780444985,-10.793090812468803,-10.787859984662587
APH1B,-11.303984299173052,-11.175180249370364,-11.638542882565847
USP3,-9.455869080026496,-9.518083723581476,-9.574590976196886
USP3-AS1,-12.080168293730273,-12.056166818210896,-11.868988200497304
FBXL22,-10.688591650365048,-11.032827808145,-10.827757568272762
HERC1,-8.778876864047174,-8.889223987338513,-8.932507581918374
ENSG00000259589,-12.851563033436634,-12.813079035278214,-13.101419555068935
DAPK2,-12.176947756257507,-12.69866080810524,-12.423216775396611
CIAO2A,-9.704002914062334,-9.804761055804065,-9.647480687990537
SNX1,-9.752373154908787,-9.813759042176022,-9.8958433531789
PPIB,-8.043409379444848,-8.11679513646959,-8.023629004173236
CSNK1G1,-9.76238359803472,-9.659669111216006,-9.949678178843415
PCLAF,-10.253404021819652,-10.640910256714157,-10.90563941605873
TRIP4,-10.43498010996473,-10.369256063766676,-10.446042998770848
ZNF609,-8.875234671603382,-8.713153151730223,-9.053502166245549
OAZ2,-9.789284264540143,-9.759028790971639,-9.819706150194213
ENSG00000259635,-12.198580495136984,-12.081516063087768,-12.340682374620789
RBPMS2,-9.30064293195685,-9.536097041061634,-9.399461701577614
PIF1,-11.727092933077675,-12.583833196643965,-12.141834477977033
PLEKHO2,-13.109638817107651,-12.880156322488935,-13.237678174400836
ANKDD1A,-12.363735307467534,-12.276211476806582,-12.169437039409265
ENSG00000274383,-13.193934614743576,-13.34265587245002,-13.01986690123426
SPG21,-9.853013697727915,-9.785054750141489,-9.749303874693856
MTFMT,-10.225138040364877,-10.392883612374135,-10.508879892432745
UBAP1L,-12.421358650889971,-12.559010217407826,-12.45633278204704
PDCD7,-9.998477402458134,-10.042584583984073,-10.000894117161433
CLPX,-9.399699265920475,-9.481880976524351,-9.56829084775695
PARP16,-11.268672949647826,-11.577301546015827,-11.296715452775029
IGDCC3,-9.118603852376957,-9.372678839007943,-10.097215391942314
IGDCC4,-11.856031970417652,-11.747408324919215,-11.630228791367022
DPP8,-9.817421884073259,-9.762883840486696,-9.877221603663509
HACD3,-8.890328467621343,-9.067029989072589,-8.974028530690516
INTS14,-10.843658025705171,-11.002904632782153,-10.946124415480906
SLC24A1,-12.876768378243938,-12.638731769162685,-12.834739909559671
DENND4A,-9.728772834730549,-9.867695919279603,-9.851686745640722
RAB11A,-9.149409104690333,-9.227256435021122,-9.21912554303275
DIS3L,-10.755471358318964,-10.766864563568724,-10.809494723513447
TIPIN,-11.025273755111359,-11.059585155653782,-11.196967770440558
MAP2K1,-9.973718909710232,-10.082402394354638,-10.153981441110806
SNAPC5,-10.565899436675018,-10.604065977952718,-10.54735345774516
RPL4,-6.889440972243777,-7.022781678210194,-7.0456474631936254
ZWILCH,-11.131895287919946,-11.385683038877586,-11.36190432986006
SMAD6,-9.134345952433797,-9.057354788102284,-9.118149464911683
ENSG00000274995,-12.805956418520793,-12.954920496010214,-12.777756256578598
ENSG00000259437,-12.225912031907308,-12.137841274816937,-12.562258729931546
SMAD3,-9.511616760147328,-9.473383165786949,-9.933922526496499
AAGAB,-10.246842825452555,-10.17188362076837,-10.291631543818603
IQCH,-10.585103921748688,-10.599196433840703,-10.527558411775574
IQCH-AS1,-11.089701700872167,-11.083066504003876,-11.324492257720333
C15orf61,-10.885266121305829,-11.056159838324092,-10.855428401602511
MAP2K5,-9.387493506138185,-9.454390638445421,-9.599837909887873
PIAS1,-8.76884094018965,-8.820044274977052,-8.936524097467164
CALML4,-12.58184475898164,-12.448027895480685,-12.576205160586868
CLN6,-11.540100735665462,-11.591247058517785,-11.632086068622224
FEM1B,-9.68706165400558,-9.682409980770652,-9.63669580570966
CORO2B,-12.18350646126527,-12.111155608877674,-12.36633945425991
ANP32A,-8.375033656390837,-8.376093203283126,-8.44850074755124
SPESP1,-12.082960864851856,-12.07886641912006,-12.158987465694961
GLCE,-10.36904759576439,-10.579383316343474,-10.7698246823001
KIF23-AS1,-11.69195913689451,-11.373287306110488,-13.041894274822535
KIF23,-10.32351343586205,-10.712093600764943,-10.903219719762268
RPLP1,-5.797482710784273,-5.913304408231949,-5.930684784903224
DRAIC,-13.218938304042608,-13.269210179659023,-13.118607670260664
TLE3,-11.219198095784966,-11.339702537164904,-11.661243993086932
UACA,-8.385767295435913,-7.908152402628578,-8.27125243192577
LARP6,-10.802488339675579,-10.894717061348526,-10.686575587719236
LRRC49,-9.392126747491291,-9.401544857096052,-9.716549679380302
THAP10,-12.487373956238965,-12.226583294304174,-12.407859297301702
THSD4,-8.618659548027203,-9.022620899897545,-9.048736836462012
THSD4-AS1,-13.05184438095895,-13.195425610359148,-12.23366102610396
MYO9A,-8.450182471674474,-8.50568012039363,-8.481867931852047
SENP8,-11.190377880356216,-11.266693602182434,-11.11662977594257
PKM,-8.06531807271053,-8.294118880695107,-7.8670769178150595
PARP6,-10.648582610052218,-10.709437098965305,-10.697622170973434
ENSG00000261460,-12.926388972154477,-12.711272246333401,-13.0234308628315
HEXA,-10.301411622222213,-10.39054068151907,-10.427414410968323
TMEM202-AS1,-12.781096314933167,-12.754768151438132,-12.74137901084729
ARIH1,-8.456526218301086,-8.419904591244292,-8.554888330738295
BBS4,-10.534539289367945,-10.448465637066223,-10.61136868021332
ADPGK,-10.880180852222452,-10.900590777388192,-11.00152121228514
NEO1,-8.909305525012421,-8.785270899660128,-8.964712638534829
HCN4,-9.504586810664168,-9.93507901922767,-9.637842560728926
REC114,-11.298645748513437,-12.237369484370692,-11.099634888974041
NPTN,-8.450862788844914,-8.43246664786633,-8.508415846022881
NPTN-IT1,-11.123168749237834,-11.174334078244087,-11.14668885192778
CD276,-10.768387634878216,-10.744748472850638,-10.801858943988641
LOXL1-AS1,-12.97452171578432,-12.841956620729016,-12.50016647797442
LOXL1,-11.646361649365435,-11.480002228453554,-11.22487748325921
PML,-11.714462072249075,-11.947573060568864,-11.920223393206927
STRA6,-11.414229075130374,-11.576856104040518,-11.934857859248414
CCDC33,-12.060845234276655,-12.229568558323743,-12.600464436121664
CYP11A1,-12.571719033968455,-12.95156788059138,-12.170733500155581
UBL7,-10.780569685154623,-11.0405441101085,-10.998010713516088
UBL7-DT,-11.342862446316126,-11.252585082028114,-11.219860246742904
ARID3B,-10.153614767410284,-10.052895598038617,-10.194569386455871
CLK3,-11.100977479574773,-11.168283948323165,-11.137663230553429
EDC3,-11.009019909442113,-10.910979733846952,-11.16478397393094
CSK,-10.965682458315687,-11.260174332852872,-11.083457570662498
ULK3,-11.735341678351631,-12.062890327895442,-12.058098465043532
SCAMP2,-10.333359168573635,-10.491793087449972,-10.597488884490414
MPI,-10.94205077036071,-11.368731042247006,-10.929813965227632
FAM219B,-10.60583558410504,-10.812774685634746,-10.581662164650398
COX5A,-7.86721970655208,-8.07634825605444,-7.780398596916295
RPP25,-11.825426653232052,-11.831575184399005,-11.189496326152161
SCAMP5,-12.19686828341017,-12.395209014594503,-12.700869389753217
PPCDC,-10.8263857660971,-10.673184844300483,-10.703581653377679
C15orf39,-11.807886146303888,-12.148250893372406,-11.58129581281464
COMMD4,-10.259764301587216,-10.610279290024755,-10.521736912040861
NEIL1,-11.756213176365065,-12.074038707478838,-11.928984574372118
MAN2C1,-11.31501064806422,-11.196985360820037,-11.724583234673286
SIN3A,-9.919426556353732,-9.911796530422787,-10.097785414521773
PTPN9,-10.13016066113812,-10.151864896302625,-10.203073104558442
SNUPN,-11.268779516857162,-11.27840914007415,-11.165629316207768
IMP3,-10.084927841429039,-10.199365679057696,-10.09872614270588
SNX33,-12.38420543200734,-12.561085416594311,-12.729961243657117
UBE2Q2,-9.52532391522067,-9.498652721058805,-9.575146888615473
FBXO22,-9.375236020051362,-9.454857636112948,-9.409881257919391
ETFA,-8.705744521010176,-8.837647154996526,-8.723972480543589
SCAPER,-8.557771986990733,-8.509328634547273,-8.573605986908994
RCN2,-8.994476079058947,-8.959470941900742,-9.090311817764581
TSPAN3,-9.161566449025026,-9.182077350387733,-9.311733368511382
PEAK1,-8.879066381291592,-8.917482359947176,-8.872713841280833
HMG20A,-9.81721413730304,-9.795331647826416,-9.907648542173197
LINGO1,-11.645626394642854,-12.040219809081213,-11.429280961674717
TBC1D2B,-11.091853201145074,-11.403817712945228,-11.231431820579411
CIB2,-10.334072037913387,-10.201812399014933,-10.281485706900407
IDH3A,-9.817335347910761,-9.843896693867148,-9.624564454647366
SKIC8,-10.0547240891111,-10.064857012560044,-10.068915106843086
IREB2,-9.308954804657347,-9.34727478454467,-9.392353100544808
HYKK,-12.906956694066407,-12.774015240822397,-12.950653094004382
PSMA4,-8.587981285729233,-8.732791202735136,-8.619231956326317
CHRNA5,-11.964712245732672,-12.112777853898757,-11.972887034758587
ADAMTS7,-12.221247708269946,-12.103732904894422,-12.025167401103284
MORF4L1,-7.711909233228583,-7.806656758688155,-7.730197756906731
CTSH,-11.986795780401692,-12.27113173351299,-11.343088485340994
TMED3,-10.470342773948563,-10.481600579452675,-10.480434581025266
MTHFS,-9.6823096810564,-10.007668264974093,-9.86092202453991
ENSG00000286813,-11.982070698081362,-12.308942098076155,-12.282857289697388
ST20,-10.25721895756089,-10.260318804555748,-10.328166861320685
ST20-AS1,-12.170213101917259,-12.233875910664187,-12.338700913957508
ZFAND6,-8.774960468724396,-8.808052881476204,-8.815068199853563
FAH,-12.095256386752672,-12.105041757256274,-11.784173771911432
ARNT2-DT,-12.055015268924645,-12.417662326132064,-11.982409155283568
ARNT2,-11.097324675006334,-11.165965918188116,-11.475927967630287
ABHD17C,-11.749692010767966,-12.16524836798506,-11.96743084294227
CEMIP,-12.672531472670812,-12.658942438229229,-12.691234348752497
MESD,-9.55037267629169,-9.529136454877719,-9.598623661247522
TLNRD1,-11.059812838104962,-11.309912101394415,-11.380213488761392
TMC3-AS1,-12.379537986833306,-12.143473081314188,-12.059579014890394
ENSG00000259692,-9.99397070466435,-8.763370373774032,-7.872848261023757
EFL1,-9.737458035503268,-9.762673018460623,-9.798276246306981
SAXO2,-11.053208231019553,-12.008799945306189,-11.906111382271643
GOLGA6L10,-12.662191577393093,-12.824430798576413,-12.78383170515387
UBE2Q2P2,-9.85817006777607,-10.00835978892635,-9.92797444090391
GOLGA6L9,-12.136622057585074,-12.475779899628375,-12.152669088198502
ENSG00000290948,-11.843748933469625,-11.859339497975784,-12.070685940200914
RPS17,-6.735566356485242,-7.002461172790436,-6.896065224850581
SNHG21,-12.270016810818445,-12.239526738720926,-12.531641813015154
FSD2,-9.287811930565601,-9.204812748031335,-9.082325955355797
WHAMM,-10.411598100963825,-10.345038461651338,-10.43196763002936
HOMER2,-10.691318055720673,-10.629158553942942,-10.755093246250128
RAMAC,-11.366931060273977,-11.527783951754246,-11.475739880086623
C15orf40,-10.601067986303896,-10.476908785895205,-10.599340184286524
BTBD1,-9.573125663938084,-9.501665425263356,-9.505265540992077
ENSG00000286872,-12.741529178954572,-12.709919914303526,-13.125281258933295
HDGFL3,-8.851921820063573,-8.878576433669865,-8.908399558155224
ENSG00000259986,-11.877404735811735,-11.533591287743677,-11.690172204370237
BNC1,-12.721522123175026,-12.464731994094045,-11.833786899602577
SH3GL3,-9.009173387346284,-9.09420205480301,-9.176534383109535
ADAMTSL3,-11.353162043130117,-11.395855196572628,-11.380356155089173
ENSG00000291062,-12.015983052368554,-12.695681417428865,-12.377447617666908
ENSG00000290689,-11.4927718347102,-11.4372064964562,-11.612763663598066
UBE2Q2P1,-10.47903842350188,-10.756234011827871,-10.604864056354192
ZSCAN2,-11.550699182857498,-11.804968443006784,-11.721635354560696
ENSG00000291159,-11.053728451749189,-11.600392999385589,-11.345959827798271
WDR73,-10.39565891189679,-10.408659067109182,-10.56029084971707
NMB,-13.042101602830952,-12.887367090853953,-13.015955265023845
SEC11A,-8.653372751058566,-8.755020914272508,-8.747996668168017
ENSG00000285667,-11.555860406989346,-11.913753988434266,-11.964390001898275
ZNF592,-10.664798664403403,-10.667526991686081,-10.769843823925191
ALPK3,-9.01772727144017,-8.934342645713096,-9.046257992265701
PDE8A,-9.600883345431763,-9.826808247556718,-9.664767718658032
AKAP13,-7.819011132719055,-7.776339668939471,-8.065879753044898
AKAP13-AS1,-12.03820109088647,-12.236535802049346,-12.49151270531793
KLHL25,-12.078850121609362,-12.556097571213106,-12.306401227402882
MRPL46,-10.556106728622934,-10.652525953064504,-10.667956367966402
MRPS11,-10.367806596685188,-10.492744243694037,-10.596678820814143
DET1,-11.091590901924654,-11.192499830441788,-11.25685400345971
AEN,-11.832257422409121,-12.016526899334144,-12.334872928366964
MFGE8,-9.96174980965472,-9.779866236111747,-10.425313817767126
ABHD2,-10.303164018873023,-10.254042717235945,-10.319904724948364
FANCI,-10.278228450862986,-10.675728532331199,-10.77978250690511
POLG,-11.30320441719593,-11.102111166067443,-11.09273801070277
TICRR,-11.464378250761257,-12.216336112939075,-12.260014632379047
KIF7,-10.744680808816458,-10.75311880427007,-10.739360894727717
PEX11A,-11.797564985015976,-11.49415141582686,-11.620105342132309
MESP1,-12.769284419280968,-12.689371704919337,-12.54706176548018
AP3S2,-10.00439790700138,-10.005481800620789,-10.118478703671709
ARPIN,-11.06375231794158,-11.192526635196987,-11.13189830188664
ZNF710,-11.152819774518736,-11.170720930878774,-11.250768822997479
ZNF710-AS1,-11.452580633152817,-11.460236677961316,-11.251557647771458
IDH2,-9.036429013573743,-9.04299845353452,-8.827974041855388
SEMA4B,-11.301870330285356,-11.439833104878865,-10.887645332037668
CIB1,-10.505767483142803,-10.550600685937125,-9.907102078064906
NGRN,-9.29557292919584,-9.203204346767343,-9.290341708926903
ZNF774,-13.055944046446458,-13.021781834059553,-13.18013933280113
IQGAP1,-10.191715056256646,-10.188461562042024,-10.273361768551032
CRTC3,-10.292758508143901,-10.406480487816294,-10.303591101244725
CRTC3-AS1,-11.612497502202869,-12.111050387622385,-11.639029488939602
BLM,-11.032280666832897,-11.245979529112635,-11.55681089899535
FURIN,-11.323645403176807,-11.307941658379658,-11.47491513729541
MAN2A2,-11.66430631005312,-11.478154306052456,-11.833384473328579
HDDC3,-11.783771652740894,-11.677890183157468,-11.43743022971093
UNC45A,-11.40247071480819,-11.499558666564878,-11.574970334865515
RCCD1,-12.23323403499073,-11.966394925390826,-11.868009900560487
PRC1,-10.188861163059626,-10.876451399955824,-10.522762486910377
VPS33B,-11.72557718010215,-11.757308358260241,-11.90068478083643
CRAT37,-12.733758566702544,-12.667542744193428,-12.61197178674742
SLCO3A1,-8.145196401666288,-8.636156084055505,-8.153696845576292
ST8SIA2,-11.488507167211027,-11.635911907700322,-11.861406220670062
FAM174B,-11.169653024384452,-11.191183830265086,-11.260752869855505
CHASERR,-8.692399923393788,-8.74664327556795,-8.747347557734884
CHD2,-8.280115802098148,-8.228796324571876,-8.371442397992972
NR2F2-AS1,-12.45786336320836,-11.117923098513115,-10.223512576224593
NR2F2,-11.769797669342525,-11.084776109222371,-10.461954537706621
LINC02253,-12.785231042586826,-10.86079011749947,-10.429526644646815
ARRDC4,-10.916444457038654,-11.303709330898496,-10.470885917947594
IGF1R,-8.315327086330338,-8.39564421054071,-8.61575884927777
TTC23,-10.432495119019029,-10.26912299834701,-10.527920575968057
LRRC28,-10.108601630064094,-10.022689685241444,-10.095517916482665
MEF2A,-7.080881428358527,-7.136666202846068,-7.26614464362402
LYSMD4,-11.704693320740496,-11.613159809280361,-11.775593822902959
ENSG00000259363,-10.943327097639424,-10.821206406676076,-11.2386793820856
ADAMTS17,-11.442630448167256,-10.882836007872868,-11.978411411713726
LINS1,-11.17562135167388,-11.334556133794225,-11.076630510997722
ASB7,-10.892320129820135,-10.749210754462045,-10.785344366460569
CHSY1,-10.039102289674169,-10.308449914379043,-10.229358147945595
SELENOS,-9.720168892744638,-9.64216395040434,-9.709360961002217
SNRPA1,-9.828357764023464,-9.936443950705621,-9.954185263807101
PCSK6,-11.324043478620613,-11.875347140980399,-10.715556505561567
TM2D3,-10.415549565698678,-10.355520980538337,-10.520702901648
TARS3,-9.595138549748471,-9.554853973819798,-9.42677609324303
ENSG00000290823,-11.061967208273026,-11.411048571966015,-11.390161635761443
POLR3K,-10.785125977733829,-10.841937329446377,-10.772253530167111
SNRNP25,-9.866114213692587,-10.107983221503005,-10.041689842518904
RHBDF1,-12.780095408090423,-12.460687797594598,-12.808283754267405
MPG,-10.139647039232564,-10.202314239636697,-10.13731024944593
NPRL3,-10.905025807392814,-10.919042672146583,-11.074672844894934
HBZ,-11.425686308916086,-11.689561751520952,-11.40662397698265
HBA1,-13.090437575027424,-13.330327391874686,-13.038310960994904
LUC7L,-9.360992929790042,-9.346908919136801,-9.537117986130001
FAM234A,-10.368551288181424,-10.35981136241607,-10.477060996304095
AXIN1,-11.180056321048454,-11.380518910831432,-11.440481780611094
MRPL28,-9.707630395447632,-10.020486472441192,-10.159137046659861
PGAP6,-11.24122839469045,-11.18843791080107,-11.415539149609012
NME4,-8.73997120392462,-8.615490744697603,-8.702126233631468
DECR2,-11.683079895452057,-11.723024865059477,-12.163332925460836
RAB11FIP3,-9.891083215174806,-10.017776998950954,-10.32027344490835
CAPN15,-11.99869316863325,-12.177646296420264,-12.256165266940934
PIGQ,-11.585636796008114,-11.832200818928179,-12.155964610368915
RAB40C,-11.062388048183792,-11.09810151878474,-11.492359927715947
WFIKKN1,-11.298321848693083,-11.084080162363886,-11.276285442297869
METTL26,-9.924793346408842,-10.076788743223494,-10.059597100245705
MCRIP2,-9.9470126587218,-10.133510775842074,-9.859601568392623
WDR90,-12.615724317463599,-12.936857084749837,-12.998836593453007
RHOT2,-10.867972519621945,-11.077189346281477,-11.040366864747337
STUB1,-9.917710087209894,-10.048324899114066,-10.13412118006323
JMJD8,-11.531738979613655,-11.55147275163008,-11.6404801356222
METRN,-10.130786786479943,-10.14001208125391,-10.026239094546861
ANTKMT,-10.82712853617804,-10.932485750473871,-10.987809479483108
HAGHL,-11.795541239993334,-11.989477618834114,-11.867940366127296
CIAO3,-11.653117769546247,-11.640909115444751,-11.794765276030121
RPUSD1,-12.347998385528825,-12.260673475484358,-12.333730122076384
LMF1,-10.605432737165378,-10.621595784423258,-10.801857883412792
CEROX1,-11.89638715611611,-12.03509965004541,-12.29071586174096
CACNA1H,-12.134672933433556,-12.361944457202874,-12.687777512805127
UBE2I,-9.074731100771139,-9.283099064912433,-9.221983045389614
TSR3,-10.099904281683813,-10.219214539648537,-10.078724351552172
GNPTG,-10.56390087738323,-10.650696617126044,-10.780596206556847
UNKL,-11.478271527764333,-11.52150673798278,-11.787234780642553
UQCC4,-11.222602036795033,-11.299682588898953,-11.159433919245968
CLCN7,-11.370717056875572,-11.618546975382701,-11.832558556498432
TELO2,-11.760111960682366,-12.130969007394201,-12.092778710502522
IFT140,-10.88025742231594,-10.939864370719317,-11.076895348799399
CRAMP1,-10.551668652487933,-10.583046022281835,-10.795631732762109
JPT2,-9.926839389476418,-10.025905760143715,-10.083301807791885
MAPK8IP3,-10.4606666087245,-10.493187129659963,-10.613241752702027
NME3,-9.879548630991694,-9.91913719197862,-10.108352774322809
MRPS34,-9.171115651696267,-9.405413735299895,-9.350200724934838
EME2,-12.615827466112467,-13.211542983868648,-13.179389525665849
SPSB3,-10.876062814787112,-10.911843184898835,-11.023758787209655
NUBP2,-10.752800137012303,-10.95942189099964,-10.868850323268848
HAGH,-9.672445281725011,-9.882507225514312,-9.82816277075874
FAHD1,-9.477368678680042,-9.777497868508378,-9.527115563022981
MSRB1,-11.805375425120333,-11.844414522175413,-11.955019540227994
NDUFB10,-8.921302628140975,-9.067364125162905,-8.786025513121945
RPS2,-5.71517658469211,-5.981749118212636,-5.8573658207334995
SNHG9,-11.499123142378924,-11.853160533079793,-11.61112529113452
TBL3,-12.040007508425902,-12.243615185212327,-12.02208593112148
GFER,-11.19650617480049,-11.438627002695938,-11.449490250998416
ZNF598,-11.815219886241797,-11.901213915288361,-11.890985369026914
NPW,-12.46741188614517,-12.070352955369257,-12.046005862801705
NHERF2,-11.68201682328093,-12.27013220193139,-12.116500505178644
NTHL1,-10.766363216124315,-10.849206973121122,-10.880757293771856
TSC2,-10.83436975171354,-10.868220038766522,-11.133798152536883
PKD1,-11.857628770036133,-11.888081076467568,-11.920732906950082
SNHG19,-10.889012901072418,-11.263501475735087,-11.314310086958953
TRAF7,-11.258043782699819,-11.23069915776814,-11.309728105171574
CASKIN1,-11.954431085032075,-12.142211394892252,-12.045005703210677
MLST8,-10.857451716700844,-11.11844866201952,-11.158011721173608
PGP,-10.137749359361207,-10.226115838874202,-10.133968156258089
E4F1,-11.986375423157622,-11.799136664325653,-12.032968806388315
ECI1,-8.859089505566029,-9.055210051395107,-8.966590243247408
RNPS1,-9.099484077608587,-9.209383138541087,-9.109321875177733
ABCA3,-11.553417242660899,-11.767338549075978,-12.069345956725986
CCNF,-11.383984924211324,-11.778896770554079,-11.728515880646585
TEDC2,-12.353245259223717,-12.685316658830269,-12.821775943251724
TBC1D24,-11.568101692178123,-11.483172453099234,-11.710280750317306
ENSG00000260293,-12.667669407024732,-12.483968509138258,-12.88537080392282
ATP6V0C,-9.106762594455667,-9.130906616249417,-9.19970230169975
AMDHD2,-12.179361981618849,-12.469180588915652,-12.575416453397409
PDPK1,-10.563956598294176,-10.543164625417484,-10.600092876882988
ENSG00000261613,-12.798349178816453,-13.015416000581892,-13.076022283133634
ENSG00000269937,-13.07526607363207,-13.063438357964282,-12.990238530003664
ENSG00000261140,-13.264105694021321,-13.110153351888748,-13.178616210669862
ENSG00000291228,-10.556653968231684,-10.582019185544606,-10.578645926696614
ERVK13-1,-10.95955457720536,-10.724057558593143,-11.159733002825682
KCTD5,-11.420748649030083,-11.28105917501308,-11.578204447240656
SRRM2-AS1,-12.926005864505564,-13.166440139704823,-12.969918661805025
SRRM2,-7.6659242494609225,-7.603060350530356,-7.750506567518586
ELOB,-8.435139636609243,-8.579034556232711,-8.476352447500782
FLYWCH2,-10.549172898408223,-10.526001793084312,-10.365964348939846
FLYWCH1,-11.708733622547168,-12.026548978877171,-11.802567943789372
PKMYT1,-12.71467278502488,-12.924147479250932,-13.262270835985854
ENSG00000262362,-13.231763486960793,-13.147918513509376,-13.07086663501773
ENSG00000272079,-11.984822205524871,-12.03678698147607,-11.972718532041347
CLDN6,-9.468529002333371,-9.61112215344,-9.51344254062408
TNFRSF12A,-10.091115614747757,-9.93248458320903,-10.124765812053752
HCFC1R1,-10.672175370594358,-10.696079537613507,-10.398238436968342
THOC6,-10.896575352831054,-11.04614195193702,-10.889017361249296
MMP25-AS1,-11.981039132123561,-12.052494973424002,-12.301360316101153
ZNF213-AS1,-11.276535521093777,-11.477569476687075,-11.71811457802694
ZNF205,-12.538576096967985,-12.40899136022465,-12.359413470030816
ZNF200,-11.498335159452486,-11.26396144866923,-11.420989093872512
ZNF263,-12.243625758594657,-12.01213391451524,-12.314592501912758
TIGD7,-11.38853576933803,-11.562032750949674,-11.405257989519479
ZNF75A,-10.395122029305613,-10.583362145247238,-10.564775108758987
ZSCAN32,-11.556370481060862,-11.499717273998241,-11.777453268201976
ZNF174,-11.013756912400869,-11.020888931292724,-11.182942162076577
NAA60,-10.312065735837317,-10.145083620635235,-10.439862761295958
CLUAP1,-9.972864748824431,-9.91260093140987,-9.986869842976166
SLX4,-12.380622518719822,-12.091665830580945,-12.415494489807749
DNASE1,-10.882633694401745,-10.509682164437292,-10.65978046390826
TRAP1,-9.977124389902555,-10.141339583380748,-9.961040926614864
CREBBP,-8.772070145004431,-8.838342841874125,-9.029302400578496
ADCY9,-10.060962366415577,-10.354046734551257,-10.526829733423723
SRL,-10.439770635465917,-10.414862193202422,-10.607897805721548
LINC01569,-12.699898118531937,-12.379962994632367,-12.594345090513297
TFAP4,-11.583094515324474,-11.695242158729519,-11.759351579382455
GLIS2,-11.882732813266971,-11.879807664555187,-12.041730231545527
PAM16,-9.961687419067875,-10.119616023761411,-10.089862100624623
CORO7,-12.05360022324542,-12.116376193651398,-12.36398706204233
VASN,-12.220013874608396,-12.370014894641734,-12.420812422858807
DNAJA3,-10.760064293316821,-10.867418129907806,-10.84411659081628
NMRAL1,-11.796042016557967,-11.53074122526388,-11.778436465131799
HMOX2,-10.774501324352128,-10.717508225631038,-10.716528795649861
CDIP1,-10.993213934122968,-11.047127502656657,-11.172663374311492
C16orf96,-12.871361083898986,-13.012670946748276,-13.053424655364198
UBALD1,-11.311608844328255,-11.51594387582628,-11.640197831927445
MGRN1,-10.641364158833984,-10.556713122806482,-10.697465467934501
NUDT16L1,-10.131956724724128,-10.261902844036983,-10.25991998089917
ANKS3,-10.64482005772908,-10.811066178482562,-10.76876001505764
ZNF500,-11.906910837414738,-11.879171472861575,-12.00459898499731
ROGDI,-10.602132555365168,-10.675282591072937,-10.662649136064841
GLYR1,-9.469257393494686,-9.46319852618366,-9.688425519107962
UBN1,-9.754825900983906,-9.710699472863052,-9.920691845895421
PPL,-12.541695113237893,-12.437197939634926,-12.602884200502766
NAGPA,-12.11979871515026,-12.080872705526781,-12.384788695330158
ALG1,-11.63023706537454,-11.549765577110005,-11.579862998699154
EEF2KMT,-12.282638951036871,-12.273652961833394,-12.097096598933438
RBFOX1,-8.467825336524571,-8.359358452687337,-9.244719814196108
METTL22,-11.304524200882437,-11.380776537656772,-11.495012964185003
ABAT,-10.198115556271446,-10.214169186253002,-9.788708429342744
TMEM186,-11.808001594945122,-11.693991469182405,-11.667422967564496
PMM2,-10.196607659577786,-9.954493448239997,-10.26418649872308
CARHSP1,-10.123870692854549,-10.226593513862204,-10.16144125585512
USP7,-9.425954131452302,-9.55015376891932,-9.571367335422343
HAPSTR1,-10.678710684097613,-10.566064618399905,-10.715345014008797
GRIN2A,-11.076377370618557,-10.053955033294649,-10.649009893700567
ENSG00000285543,-11.105911847862945,-10.188201169515755,-10.62400593874722
ATF7IP2,-8.863571109279338,-8.630528301936021,-9.023617372921281
LINC01290,-12.038402664009116,-12.278196951516605,-12.12993491050913
EMP2,-8.509368662767116,-8.543413869676844,-8.589467084423855
NUBP1,-10.579612822787295,-10.714714204745386,-10.597592519915725
DEXI,-10.658243447069289,-10.702023426872783,-10.783686472904847
CLEC16A,-9.948802792906015,-9.891812393716108,-10.000607839988874
RMI2,-10.703716198563422,-10.99554538073196,-11.044103671582826
LITAF,-10.98360509700519,-10.935213562642147,-11.232486529779985
SNN,-11.661296196135412,-11.686418596975416,-11.640617086716828
TXNDC11,-10.763237761565783,-10.840357615345116,-10.695349942080606
ZC3H7A,-9.572542665021533,-9.591426821966719,-9.734398664478485
RSL1D1,-8.519633405540732,-8.67367384018215,-8.541432517632204
RSL1D1-DT,-11.68069225980871,-11.739892294554357,-11.903359236422645
GSPT1,-8.918907954996598,-8.992518610188533,-8.9163249701844
SNX29,-10.193752966348834,-10.162537824418258,-10.221390810280747
CPPED1,-10.74475405075401,-10.601105642653907,-11.034560625454542
ERCC4,-10.372348045283632,-10.338814865705103,-10.407161893037689
MRTFB,-8.92688257888296,-8.900028463085535,-9.120963045748772
ENSG00000276564,-12.705301123165949,-12.760041448194912,-12.947212838944242
MIR193BHG,-11.7850195116,-12.08574484427209,-12.904202969938634
PARN,-9.730022217458396,-9.751899358801868,-9.90399231664331
BFAR,-10.157481388378178,-10.306071543835735,-10.369006860049055
NOMO1,-11.419206546073669,-11.581309231794231,-11.30801707048068
NPIPA1,-12.965257785169792,-12.92692321451109,-12.920153876225946
PDXDC1,-9.8017322399869,-9.812727098561282,-9.949703951606194
NTAN1,-10.79073316298113,-10.80934477722503,-10.69019780974617
RRN3,-10.293460218422247,-10.4278696116208,-10.514325769010217
ENSG00000290396,-12.256714552385215,-12.543304141097993,-12.874394720896184
ENSG00000291272,-12.34402863291082,-12.541480576135164,-13.042534952964193
MPV17L,-12.832993242644877,-12.935360443534053,-12.894518710262775
BMERB1,-10.311503630113016,-10.257799159362353,-10.714115188086657
MARF1,-10.304070811914027,-10.207980763277579,-10.329681452416509
NDE1,-11.312811233489667,-11.596253617364969,-11.567498365850225
MYH11,-13.397614676176602,-12.345509307912257,-12.443723822034789
CEP20,-10.46693857262424,-10.665128935919592,-10.674829595465798
ABCC1,-10.431680208899124,-10.696422467389459,-10.645911890676508
NOMO3,-12.067858190662038,-11.821371972692948,-11.930344219134156
XYLT1,-10.680438352329896,-10.303088692824314,-10.630033956305553
ENSG00000290383,-12.63819406574805,-12.503755874567783,-12.47075501533181
NOMO2,-12.0323985651038,-12.243944852886562,-12.623366365631469
RPS15A,-6.54910261670329,-6.737657701574439,-6.585691846469911
ARL6IP1,-9.089239404491469,-9.386230194519142,-9.101095526685173
SMG1,-9.317703776460709,-9.222921871309374,-9.389410647466715
TMC7,-12.25288874776961,-12.092113280296989,-12.431893253501794
COQ7,-10.820004791033583,-10.807540844856865,-10.787793474404344
ITPRIPL2,-11.828695040230741,-11.499887746153792,-11.941106673093001
GDE1,-10.027615071483224,-10.068408044178604,-10.219782562699088
CCP110,-10.538107273735811,-10.613771992739036,-10.828669897268323
VPS35L,-9.905925099982696,-9.843928098947407,-10.044362323480097
KNOP1,-10.280734204227933,-10.264781264787871,-10.229585878793943
IQCK,-10.597142757429022,-10.634752886221952,-10.89366674988689
GPRC5B,-11.99479215980043,-11.687106486892036,-11.798830354068288
THUMPD1,-9.77998339438556,-9.70132358910623,-9.928175183114492
ERI2,-11.3700308623916,-11.308304216581387,-11.327288446315796
REXO5,-12.346792108643198,-12.716198891440861,-12.584237735745365
DCUN1D3,-12.481097752188054,-12.190165322544575,-12.294726398135417
LYRM1,-10.972838560966027,-11.042329317374511,-11.000841357666534
LDAF1,-11.551123451752934,-11.145932975249469,-10.988599675931713
ENSG00000291073,-11.315113028397501,-11.223987541205258,-11.318604789745601
METTL9,-8.925651488608564,-9.039976956876664,-8.983783632872878
ENSG00000291066,-11.938588820122758,-11.776201483810594,-11.762895855152973
NPIPB4,-11.753357851009666,-12.000834381015299,-12.125175811043212
UQCRC2,-8.572560643568,-8.59462291683425,-8.49030658885035
MOSMO,-9.71494666692686,-9.714343760139753,-9.73457483876477
EEF2K,-10.445682710800492,-10.702741817768777,-10.76220257649555
POLR3E,-10.93378214822781,-10.954265710764643,-11.034104949733203
ENSG00000286808,-13.207733598853396,-13.144288204936451,-12.911176723714963
CDR2,-9.773669508169352,-9.64692394666954,-9.925455517407167
RRN3P3,-12.051955120347564,-12.060662815430518,-12.256772986461545
ENSG00000291060,-12.635374987356995,-12.375999013216349,-12.293932104080543
NPIPB5,-11.812293782896292,-11.880347417922644,-11.960510927320552
USP31,-10.799597809436092,-10.778759854296084,-10.68175809546249
COG7,-11.11822687798481,-11.04192227900765,-11.168350305994505
ENSG00000260136,-11.63139913135914,-11.487203810163246,-11.741504971387469
GGA2,-9.515698865183355,-9.667066981976339,-9.764459455080441
EARS2,-11.531520408140212,-11.674228923945794,-11.67064137869829
UBFD1,-9.880163106512137,-9.979737923264107,-10.137162100585785
NDUFAB1,-8.556131767616314,-8.70497663912662,-8.568849900587416
PALB2,-10.909212851456013,-11.047710174808943,-11.030966755500824
DCTN5,-10.22561128643257,-10.334650824167715,-10.531914665691726
PLK1,-11.548021401582805,-12.41893553980232,-11.7513084924485
PRKCB,-12.729774904519187,-12.06630624799995,-13.140093177967419
RBBP6,-9.099864509308034,-9.108733106572487,-9.07340635027341
TNRC6A,-8.610944483272412,-8.628323292117818,-8.728598997815824
ARHGAP17,-10.146413323607014,-10.207740881917541,-10.199879442829173
LINC02175,-12.830737269658172,-12.50148076286795,-12.605587735934039
LCMT1,-10.360504197562044,-10.268122260649513,-10.357402887429439
ZKSCAN2,-11.7459739142945,-11.528217051744049,-11.653299757301127
ZKSCAN2-DT,-12.179060522846726,-12.279398436714871,-12.42502666847424
HS3ST4,-12.692266967262261,-11.210734502271562,-12.58108728516799
KDM8,-12.600533133385095,-12.984824117331373,-12.737200630975178
NSMCE1,-11.66169124568355,-11.109870880748904,-10.873392583683808
IL4R,-11.990972250993192,-11.08190515391279,-10.964359801044687
GTF3C1,-9.539822239835855,-9.463786409552336,-9.518706623581782
KATNIP,-10.576661874544568,-10.50489628036606,-10.754378179127878
XPO6,-10.067438052243949,-10.305224255701571,-10.27945227345824
SBK1,-11.962008547730616,-11.906887253946206,-11.840192969128454
CLN3,-11.65080167988136,-11.590867817978639,-11.703903967590508
SGF29,-11.100179743983032,-11.08274005076234,-11.248467206922859
SULT1A1,-12.354610186717427,-12.751446744555142,-12.120880379315457
EIF3C,-11.63632682065648,-11.59207062768024,-11.957917729372937
ATXN2L,-10.276617930918405,-10.314285709444803,-10.308689304395502
TUFM,-9.435217270143186,-9.543947996000728,-9.470723610456249
SH2B1,-10.886888786223244,-10.833510769806393,-11.14904882270497
ATP2A1-AS1,-12.080249411197398,-11.94303552464526,-11.99098158845999
RABEP2,-11.149014175175527,-11.004932167934816,-11.328244677389185
NFATC2IP,-9.891845930779336,-10.006239589368509,-10.172294778439632
SPNS1,-11.204302043092046,-11.326743035975257,-11.444355823861255
QPRT,-9.008512453230452,-9.029445417752358,-9.043634362122583
KIF22,-10.59079577996938,-10.948115836984732,-10.813704463871568
MAZ,-10.059401840595482,-10.086059481411137,-10.260098143303653
MVP-DT,-12.592380590279939,-12.52298549264107,-12.866680989932627
PRRT2,-12.117995114796797,-11.547878852977746,-12.324659696172583
PAGR1,-9.898623365938468,-9.982724876202427,-10.106858341205335
MVP,-12.729958648109292,-12.39584634328513,-12.56554567982463
CDIPT,-10.476870599218941,-10.536397105919239,-10.477461579402364
SEZ6L2,-12.493048539454223,-12.326256783302327,-12.259778480479053
ASPHD1,-13.101641879636142,-13.14602508743542,-13.073022375005909
KCTD13,-11.641406070371112,-11.329313004377266,-11.571580367907675
TMEM219,-10.02529299332047,-10.026848200287652,-9.984806587979316
TAOK2,-11.649106196879872,-11.616634344977584,-11.749681436386336
HIRIP3,-11.042901372919596,-11.226651288575447,-11.419574786716165
INO80E,-11.486189834488256,-11.589380145159618,-11.550528617124554
DOC2A,-13.068240555227694,-12.976095558118145,-13.002926952941987
ALDOA,-10.947302923892648,-11.02289036665017,-10.757561994903929
PPP4C,-9.602887398403851,-9.690635380139076,-9.786994732754449
YPEL3,-9.97242623441293,-10.060561033291997,-10.205766373286556
MAPK3,-11.576030195728908,-11.634100592479978,-11.766247338285522
BOLA2B,-12.526674829126087,-12.67499180052133,-12.32401451607213
NPIPB13,-11.191480990188566,-11.003297963604286,-11.300513184872115
ENSG00000291047,-13.118255992767239,-13.026151069024069,-13.08809768401397
SMG1P5,-10.646761835589276,-10.39245651532359,-10.150410562198438
CD2BP2,-10.81674322493705,-11.004122349669215,-11.012670570726387
TBC1D10B,-11.737557802994807,-11.827187166850106,-11.821763565997726
ZNF48,-11.994265277784812,-11.800994605070628,-11.930301891190991
SEPTIN1,-11.79195217987539,-11.73167663281881,-11.883253536087725
ZNF771,-11.47800727353239,-11.410084566380595,-11.614379279671335
DCTPP1,-11.183730215096059,-10.925697660667172,-10.713456985424846
SEPHS2,-10.577600220326497,-10.540393553948856,-10.181465576293533
ZNF768,-11.663726707844864,-11.847695462702497,-11.562187128321805
ZNF747,-12.12775816626988,-12.167568120604873,-12.362839271092495
ZNF764,-11.64618625655761,-11.4210269840167,-11.480681180183156
ZNF688,-12.075547741369999,-12.031968773259706,-12.077027503209848
ZNF785,-11.181726192190444,-11.179580860554339,-11.157081008352955
ENSG00000260167,-13.026686474291031,-12.798446478431426,-12.821900929007525
ZNF689,-11.702993065177566,-11.695538863707553,-11.812720878636052
PRR14,-12.026235372230083,-12.21108533004721,-11.969290147375132
FBRS,-11.205154483280955,-11.154984223953123,-11.363188895231634
SRCAP,-10.545323245727303,-10.494862761450367,-10.746748278590157
TMEM265,-12.595467820936761,-12.426394186653766,-12.712457069112931
PHKG2,-11.411836490748264,-11.71403627537705,-11.578634533429348
RNF40,-10.887900027732297,-10.787087542553126,-11.024431134969277
ZNF629,-10.952481328475992,-10.932289490899498,-11.108803402922094
BCL7C,-9.700538044310079,-9.716419883159215,-9.769955320457251
MIR762HG,-12.276320854801524,-12.49700596661023,-12.467196538366847
CTF1,-12.590931588648285,-12.400238694703539,-12.710357876984153
FBXL19,-11.618876812224155,-11.821200020717809,-11.812950932161069
ORAI3,-10.539564312282467,-10.56829945208245,-10.66950461863024
SETD1A,-11.44414263268147,-11.39402109115914,-11.677321684140995
STX1B,-12.613365629047522,-12.750036511152539,-12.434685355998374
STX4,-11.092791849899822,-11.138398898150973,-10.877770558695518
ZNF668,-12.888685045681386,-13.261657938999036,-13.137779360349624
ZNF646,-12.403383735269106,-12.553531097827278,-12.551333783047289
VKORC1,-9.814217174723067,-9.969672072048976,-9.71807056806881
BCKDK,-10.970983484536319,-11.059755746087825,-10.731033399393317
KAT8,-10.207100118214914,-10.287696082622418,-10.291111477149526
ENSG00000278133,-12.453707873105682,-12.473731143061052,-12.739992993248306
FUS,-7.880218305406931,-7.93944258119059,-8.05099017919286
COX6A2,-11.440804899168587,-10.627062723000465,-10.268060842674565
ENSG00000261474,-11.81758566194891,-11.70742159881069,-11.811310998313152
ENSG00000260267,-12.276392626202888,-11.786589578636324,-12.131772774850841
ARMC5,-12.623604673111567,-12.670410556958895,-12.817150040124924
TGFB1I1,-10.718540401290339,-10.928862669323959,-11.063366683731426
RUSF1,-11.37688156941092,-11.372279928769755,-11.454838055364329
ENSG00000290927,-11.679573400620193,-11.9570581525134,-11.934564936950563
KRBOX5,-10.038155481420388,-9.944606370667781,-9.99531762764799
ZNF267,-11.008700481573044,-11.12699018254491,-11.131905768024744
SHCBP1,-11.454627342634007,-12.024224275364793,-12.292326093215069
VPS35,-8.771733165530774,-8.836686866663104,-8.767202023992581
ORC6,-9.939990509807075,-10.19903721054612,-10.33612958857019
MYLK3,-8.61318902301374,-8.592005244784913,-8.692234179382426
C16orf87,-8.97658311350639,-9.04972020348559,-9.171386162134873
GPT2,-11.29559946057523,-11.491210618926653,-11.131450381827609
DNAJA2,-9.164324677136138,-9.217858717714293,-9.269927788633051
NETO2,-10.179902437398898,-10.15901833267883,-10.711911926504381
ITFG1,-8.063349371423847,-8.07671707065179,-8.277253715352314
PHKB,-8.357865737254658,-8.412140778090258,-8.618124120678461
LINC02133,-12.193334171438336,-12.330029410529894,-12.154279405569046
LONP2,-9.10768677630501,-9.03501816069766,-9.132584274958791
SIAH1,-10.044595440953445,-10.070043773135826,-10.153224318693148
N4BP1,-9.50645879100931,-9.531182969002776,-9.688228960906002
ZNF423,-10.566538285730054,-10.37733563226187,-10.625482755188958
CNEP1R1,-11.656343692200824,-11.310121164104169,-11.539643008334528
HEATR3,-10.65599792232575,-10.70872046882156,-10.722510011685456
TENT4B,-10.2372789307853,-10.195147640791454,-10.237957231091308
ADCY7,-12.191920181121208,-12.204649984245666,-12.042947770719271
BRD7,-9.034175650856684,-9.172606661489512,-9.117738596088994
NKD1,-12.672426968270967,-12.561045460690949,-12.729108983806539
CYLD,-10.393014373528402,-10.567333377117471,-10.477907053675453
SALL1,-11.202778131478466,-11.258686082060438,-11.652997649955692
ENSG00000285367,-11.258323678393765,-11.218961265363774,-11.28494792169764
HNRNPA1L3,-11.667736071324438,-11.792281705002333,-11.630541765730815
TOX3,-13.051553090997311,-12.98802688579423,-13.041228791314811
CHD9,-7.923883339664669,-7.93669479295403,-8.062609865288497
RBL2,-9.922086878645862,-9.941501345632462,-10.007146503345947
AKTIP,-10.908118932074832,-10.877931605251542,-10.965565255589253
RPGRIP1L,-10.234647253452518,-10.300007656425054,-10.35837421617721
FTO,-8.879207533675716,-8.880017122999359,-8.971796668607178
IRX3,-9.505604378499998,-9.479496931432672,-9.658730897004446
CRNDE,-8.879001600476029,-8.817577380939879,-9.113674858356088
IRX5,-10.731670780573719,-10.59254649793626,-10.976636393117719
MMP2,-11.777512778210278,-12.223933368167934,-11.966677769638045
LPCAT2,-11.565560041777648,-11.377652515836523,-11.275382032234358
GNAO1-DT,-12.364259781853098,-11.68218048865617,-12.286592952716584
GNAO1,-12.317351955554901,-11.255496256517834,-11.733722620485086
AMFR,-10.654202956999306,-10.37100940683836,-10.533796383855927
NUDT21,-9.513987546139507,-9.632451455241384,-9.650667293563831
OGFOD1,-10.770059671169046,-10.787315045348116,-10.849454192813429
BBS2,-10.836079395449035,-10.922051762746083,-10.92773600696832
MT1E,-11.933311424748865,-12.701190496640391,-12.35564130871091
MT1X,-12.128579411960139,-12.972197093604645,-12.696409010627052
NUP93,-9.745819499945032,-9.900937822262179,-9.867344413170578
HERPUD1,-10.375147581013026,-10.255126053818719,-10.172120583957355
CPNE2,-12.225900438516561,-12.51457379467076,-11.99731683171992
PSME3IP1,-9.718554971400422,-9.8627365195155,-9.860814988546004
RSPRY1,-9.968409541773864,-10.01158521486443,-10.03079527327195
ARL2BP,-9.317885160466702,-9.43698033131117,-9.322562690936897
PLLP,-12.888609501820511,-12.853534230287648,-12.779883426666427
CIAPIN1,-9.80884426840868,-9.96836968460602,-9.923950346550589
COQ9,-10.181863718855606,-10.313850749852985,-10.171329839441245
POLR2C,-10.275602799998861,-10.24998897065637,-10.296965637774896
DOK4,-8.760269576651217,-8.943367410555933,-8.68215916221084
CCDC102A,-11.484821146750258,-11.438421465532842,-11.742310247787042
KATNB1,-12.05082670079271,-12.184773631775263,-12.194640947330976
KIFC3,-12.076301850136636,-11.285934356821292,-11.881695546756347
ZNF319,-12.739924070797345,-12.474381379999846,-12.467277908020119
USB1,-10.857686290823445,-10.772030015670428,-11.044772219860018
MMP15,-10.048891508444308,-9.824181468012194,-10.099351305957383
CFAP20,-9.948817044367848,-9.951812072773194,-9.99426096013677
ENSG00000260927,-11.695379361012487,-11.546043436889754,-11.80665782009114
CSNK2A2,-9.611867126588985,-9.691238135677674,-9.753535597284404
CCDC113,-10.997664171790525,-11.271504878835984,-11.16066420592984
GINS3,-12.280338326838107,-12.377654777253015,-12.81644131420881
NDRG4,-11.065713718862076,-11.11207262210864,-10.950038646894821
SETD6,-11.188229426022268,-11.345965764954748,-11.03735704850638
CNOT1,-9.373160024953796,-9.428451512588987,-9.531271842074327
SLC38A7,-11.248985268448129,-11.161907713872735,-11.512331526801546
GOT2,-9.517575174434487,-9.593966310976107,-9.572286880249708
ENSG00000245768,-11.291867680928648,-10.940179551635136,-11.494931862042188
CDH8,-11.209032660936153,-10.79880838681128,-10.440458192007682
ENSG00000261502,-11.946561892241915,-11.988177952811332,-10.800823382604063
ENSG00000260658,-10.69837144969042,-11.298627916986074,-9.350265441735766
CDH11,-9.445856520473319,-9.323122216037426,-9.910915664973507
TK2,-11.023657044468298,-10.839031413404168,-10.917033894736774
CKLF,-11.531451238685937,-10.612452584947743,-10.594854789493475
ENSG00000289353,-12.728814738636935,-12.095304842282388,-12.229980756957495
CMTM3,-9.768264269936388,-9.94652590344583,-10.048039606475541
CMTM4,-10.131567566000578,-10.306000784746814,-10.231045253610292
DYNC1LI2,-9.111593641900658,-9.216412503549382,-9.332364355458978
NAE1,-9.259006804086775,-9.46645085021674,-9.366754114941404
PDP2,-11.876747748132827,-11.97193339582162,-11.849434058429843
RRAD,-11.078868136779528,-10.908470383635045,-10.780082597097234
CIAO2B,-9.046391902133335,-9.15356404848303,-9.093047282106662
CES2,-10.751893123119327,-10.754633988947107,-10.939065452175313
CBFB,-9.722618116538928,-9.752061019986934,-9.961288248054991
PHAF1,-11.438783772042454,-11.45991010320319,-11.625479277368909
B3GNT9,-12.771822868847062,-12.6168039909813,-12.72596299588606
TRADD,-13.275674067966962,-13.212466615306564,-13.155274070069103
NOL3,-11.718296387398015,-12.038218877379038,-11.97675844444197
MATCAP1,-11.228379569307103,-11.036258399892276,-11.306933164417849
E2F4,-11.089267297780996,-11.105375752999008,-11.004251941904334
TMEM208,-10.667344672549781,-10.787782096418931,-10.64170195103471
FHOD1,-12.668794716290753,-12.911582313018847,-12.981560728139964
SLC9A5,-13.273538826059585,-12.865216872707308,-13.187583413903548
ZDHHC1,-12.404688640550663,-12.44978117982156,-12.431268337624589
ATP6V0D1,-10.312338412612204,-10.426991334701833,-10.360886888633175
ATP6V0D1-DT,-11.747720346052391,-11.668772441840211,-11.946246740343001
RIPOR1,-11.214611465932434,-11.483187272696652,-11.530883660855128
ENSG00000261386,-12.822546208494412,-12.842770158465338,-12.83918826008084
CTCF,-9.508687214250095,-9.637923099842872,-9.731392565126676
ACD,-12.240954794424788,-12.489175579385728,-12.186898040509174
ENKD1,-12.027485095983954,-12.32257575309647,-12.469116704474143
C16orf86,-13.098099357101578,-13.07447674312199,-13.125175947298164
GFOD2,-11.655807281783584,-11.997743498782508,-11.958820191568993
RANBP10,-10.91162878910628,-10.984780746754554,-10.90059086791439
CENPT,-11.56782599360151,-11.812212820749512,-11.789414734008183
THAP11,-10.732512165341985,-10.79624481149712,-10.693932068273078
NUTF2,-9.107062144118654,-9.336051282250388,-9.336089093353003
EDC4,-11.180709045030438,-11.448334259254338,-11.403549218777911
PSKH1,-11.504568810378364,-11.768833524516882,-11.978882607139836
PSMB10,-10.916270572253229,-11.000601313897665,-10.939863474836644
SLC12A4,-11.964864816272213,-12.009067897125629,-12.414039175804609
DUS2,-11.79280477835554,-11.8232156739529,-11.91834815283602
DDX28,-11.990224969970397,-12.106998618384573,-12.187900732377987
NFATC3,-9.875971826330078,-9.885379499375711,-9.943712209398882
PLA2G15,-12.656836687788246,-12.40582860277445,-12.450659929099107
SLC7A6,-10.902848312458284,-11.115865142407033,-11.368043378635653
SLC7A6OS,-10.90640911311845,-10.954182421430755,-10.897163365681015
PRMT7,-10.716592981188162,-10.795907727257614,-10.633294887479128
ZFP90,-10.183112282853914,-10.015845476057649,-10.145881084386362
CDH3,-9.495908584781453,-9.752851449333159,-9.927416764148585
CDH3-AS1,-10.837730625873675,-10.894721803311862,-10.946107976391371
CDH1,-13.247279545244993,-12.395273071156087,-12.00254865716309
TANGO6,-10.890606137372657,-10.740791288249763,-10.946156459744888
CHTF8,-13.098801887383047,-13.121771015842722,-12.966643446358827
UTP4,-10.639207850263432,-10.649521315007162,-10.71575739195023
SNTB2,-10.567011743050708,-10.50691210104984,-10.765466093591346
VPS4A,-10.209736958479958,-10.274690147082834,-10.236180029650233
COG8,-11.274760959741982,-11.38091286612004,-11.201478391527942
NIP7,-10.850386133741713,-10.891250399848452,-11.165109834531131
TERF2,-9.83836191235066,-9.990817804664326,-10.019780650673765
CYB5B,-9.712852607165365,-9.81539056065907,-9.96460031754541
NFAT5,-8.346297909927422,-8.281900698465577,-8.538480901822082
NQO1,-12.697326322391314,-12.622639074915966,-12.644601680881092
NOB1,-10.55320664935238,-10.75879501062776,-10.619307623807776
WWP2,-10.51105419668073,-10.468398514114389,-10.559976282021026
ENSG00000290459,-12.683091716214287,-12.975170740050745,-12.709916146462177
ENSG00000290709,-12.103968956437846,-12.14410483645242,-12.218466455929349
PDPR,-11.0110193950674,-10.439883617442305,-11.095246195321605
EXOSC6,-10.54465174905226,-10.59003767058952,-10.679558495489367
AARS1,-10.716611273235321,-10.654350015040022,-10.637713528635866
DDX19B,-10.967445687669096,-10.994043888251989,-11.070129503973046
DDX19A-DT,-12.387967418554638,-12.447127168252052,-12.38648153040562
DDX19A,-10.223026890783778,-10.338661023338178,-10.406016862458012
ST3GAL2,-10.253064072493103,-10.377825501413296,-10.679794650428029
COG4,-10.811354168767588,-10.881818879196842,-11.0127458363304
SF3B3,-9.727801848113884,-9.801273339661309,-9.865083057584874
MTSS2,-10.866135782943653,-10.993510798585127,-10.906002744766763
VAC14,-10.8778367723539,-10.981708706833238,-10.955742320143239
HYDIN,-12.958778118909924,-12.353757276659502,-12.785902019696639
CMTR2,-10.779951814807175,-10.70579049156879,-10.716095635656211
ZNF23,-11.788386837594464,-11.655612569563921,-11.75282265397836
ZNF19,-12.09315730261823,-11.828723206719143,-12.099937359709186
PHLPP2,-10.606924191284454,-10.48357496596804,-10.834562386164299
AP1G1,-9.838789430627518,-9.742608412039583,-9.8918490025216
ATXN1L,-11.192985207225696,-11.187846288582193,-11.566325750264646
IST1,-9.467533546028731,-9.520649191141809,-9.470462087456136
ZNF821,-10.753034815870105,-10.760118584661933,-10.917714524320841
DHODH,-11.941785674622293,-11.937949103309803,-11.75455819014776
TXNL4B,-10.50151506483344,-11.605524912677504,-12.493897143483094
DHX38,-10.63540491682719,-10.79003244313319,-10.824478817820093
PMFBP1,-11.709136069088238,-11.437758008285225,-11.98931704164954
LINC01572,-9.058450065258725,-8.78172385163708,-9.118701580343938
ENSG00000260664,-13.046854952762185,-12.677116100218377,-12.671921267723311
ZFHX3-AS1,-10.485581049770246,-10.489335641672188,-10.597830968479117
ZFHX3,-9.064277331307244,-9.343394941855754,-9.25836288771004
PSMD7-DT,-12.117838552081235,-12.385862711068851,-11.922082003478065
PSMD7,-8.888737070119394,-8.97708123379098,-8.948728532654235
ENSG00000259972,-10.412482677794609,-10.631008125822685,-10.418452743695035
GLG1,-8.658287123399512,-8.659701374327675,-8.773138129392555
RFWD3,-10.805524795035259,-11.003214209231947,-11.045348216468478
WDR59,-9.572672305397278,-9.843111036686805,-9.785801888668297
ZNRF1,-9.877444495006532,-10.01874103272472,-9.79231438155831
ZFP1,-11.332844430079497,-11.351639889141918,-11.431255819310223
BCAR1,-10.752239401323049,-10.890706302382807,-10.997000066720043
CFDP1,-8.734252030389877,-8.781514875277631,-8.67695682533277
TMEM170A,-10.49137915928795,-10.459940048191026,-10.510900809464594
TMEM231,-11.697796699292267,-11.61021209417903,-11.563400608528463
GABARAPL2,-8.829254285230055,-8.864723923506046,-8.913005971197498
ADAT1,-11.079556486665155,-11.041787296285625,-11.303371500929169
KARS1,-9.971684404544952,-10.142091205319218,-10.145970127713934
TERF2IP,-9.335471630921063,-9.363020868737006,-9.473469600770796
CNTNAP4,-12.329629467605885,-11.247725949309512,-12.089688395451422
MON1B,-11.20010459618836,-11.12173936679836,-11.149126358873522
SYCE1L,-12.796641655747255,-12.782807898515555,-12.609575302437726
ADAMTS18,-11.55568709550162,-11.716814486100619,-11.843739608850509
NUDT7,-11.266924349234031,-11.441300211143389,-11.044777416316613
VAT1L,-11.01642294772015,-11.287297405587902,-10.73339168272955
WWOX,-8.06314135200035,-8.022005250087082,-8.126362201916677
ENSG00000260816,-12.872305358962878,-12.724908179978957,-12.741226873667898
MAF,-11.334491894244898,-11.304094803323208,-10.678650491264298
CDYL2,-12.028922862427068,-12.057918282383204,-12.371024488458175
CMC2,-9.490228386841297,-9.475680685315613,-9.573102260679706
CENPN,-11.017174596717314,-11.353117239224638,-11.556325009186171
ATMIN,-10.023865763824915,-10.032999646607125,-10.104752094974755
C16orf46,-11.96928411057576,-11.86968822350499,-11.85083944169501
GCSH,-9.436712848215958,-9.498802648995007,-9.39617016141561
GAN,-9.79904904068134,-9.720053858406551,-9.972578598025995
CMIP,-9.727130847831788,-9.668016023743894,-9.792661130934054
PLCG2,-9.411189273797104,-9.32148230296962,-9.544062821300496
HSD17B2-AS1,-12.573543597846388,-12.460669984429975,-12.804579740126211
MPHOSPH6,-10.800047527591286,-10.794084127593921,-11.08352991158692
CDH13,-10.503291331170454,-9.998148108835101,-10.547929599404071
HSBP1,-8.568105844634577,-8.615474623509181,-8.451929250964323
MLYCD,-10.408461399598263,-10.597767320468288,-10.683512997577377
MBTPS1,-9.534962559225846,-9.495700169142932,-9.650317383501914
HSDL1,-10.201444042144972,-10.107808342841373,-10.12832479652377
TAF1C,-12.44022439469247,-12.355670393220297,-12.60847440364683
WFDC1,-12.19425129461095,-12.15398778409924,-11.207314146058097
MEAK7,-11.38614472214336,-11.273603113135811,-11.110203113098104
COTL1,-10.63044597098645,-10.639139447293688,-10.782345589021768
KLHL36,-11.466695315889885,-11.554015088066215,-11.427388833280537
USP10,-9.138319239324654,-9.17278750388261,-9.251430462751262
ZDHHC7,-10.546586667406824,-10.495680349793451,-10.526449392969596
KIAA0513,-11.816571363024876,-11.76161740554271,-11.69663396950794
GSE1,-8.874941646434472,-8.844572503787493,-8.944205193169989
GINS2,-10.645837416933698,-11.193251336464701,-11.363127427484121
C16orf74,-10.663997806660738,-10.614470215569423,-10.505592423084721
EMC8,-9.939565496812852,-10.036117157944743,-10.03143890627515
COX4I1,-7.5530968925723085,-7.708217069087102,-7.601628027284771
LINC01081,-12.403263631776031,-12.71569853064466,-12.792694184782862
MTHFSD,-11.38962122879132,-11.328004988230187,-11.465777688126092
C16orf95,-11.546114201126604,-11.927226068107919,-11.80485306752111
FBXO31,-11.722302646032935,-11.572391955415174,-11.682146709076923
MAP1LC3B,-9.03732704286441,-8.97345769091439,-8.978114057697125
ZCCHC14,-10.005064526789848,-10.045088914069005,-10.153300131790274
JPH3,-11.740972863292264,-11.594175446509698,-11.706934208576815
KLHDC4,-11.115363891996976,-11.056444770266497,-11.345939902104744
SLC7A5,-12.166017627273792,-12.231602115742156,-12.2140005715216
BANP,-10.546935333303928,-10.643993337474626,-10.654222189995703
ZFPM1,-10.886048372112933,-10.972007198407017,-10.87685952560797
ZC3H18,-10.19578224222039,-10.346823350203914,-10.368265945501223
CYBA,-9.53870194322754,-9.721601736074083,-9.684639900060017
MVD,-11.565353407046013,-11.335838268322613,-11.499565531212866
SNAI3-AS1,-12.172591593786626,-12.202693676323038,-12.152218058185618
RNF166,-11.80555571158712,-11.891904641298906,-11.817821106225688
CTU2,-12.40261303720266,-12.52562446077577,-12.527133602635342
PIEZO1,-11.481065106474905,-11.548574220144468,-11.626011008573714
CDT1,-11.776609200528238,-12.266193124407296,-12.625592588826551
APRT,-9.942452926768208,-9.913673004255905,-9.607068477836464
GALNS,-11.643329606476586,-11.74178041601599,-11.686728805775639
TRAPPC2L,-10.12803686259485,-10.231234053488913,-10.284207278055785
CBFA2T3,-12.716935267587488,-12.887913284327473,-12.826340460546827
ACSF3,-10.861175048282263,-10.98992883281267,-11.020563864071937
ZNF778-DT,-11.80033355708118,-12.436534179999176,-12.058095244933057
ZNF778,-11.987041852074283,-11.614057273038089,-11.902228659384722
ANKRD11,-8.292449149656228,-8.326516361202469,-8.409036958640678
SPG7,-9.960219065600123,-9.936463627072962,-10.242941113873538
RPL13,-5.9211959985595355,-6.076764106752979,-5.984159275489323
CHMP1A,-10.954206587204396,-11.043601750318905,-11.023514458902529
SPATA33,-11.727077599396884,-11.79722136066797,-11.63733140357642
CDK10,-11.221237922265551,-11.416575030598356,-11.427308092228872
VPS9D1,-11.097877389212274,-11.077737535737118,-11.149660686829643
ZNF276,-11.477529454662648,-11.428692141779683,-11.589584311911553
FANCA,-11.059565150391395,-11.290334176753419,-11.482891948930721
SPIRE2,-12.43513137996766,-11.921112163992847,-12.491828183632714
TCF25,-8.839060746867714,-8.843117956689266,-8.92278286394689
DEF8,-11.286407482090569,-11.37151004537413,-11.414881161972149
GAS8,-13.164846423538929,-11.942796417141155,-11.276855869472433
FAM157C,-12.984874181552252,-13.217624510876316,-12.844602391069328
RPH3AL,-11.296056652142205,-11.51974675185781,-11.240812419703945
C17orf97,-11.11035341924669,-11.323342870112768,-11.467256627765137
RFLNB,-12.003668633206296,-12.270503625352985,-12.260455628699738
VPS53,-9.41000292138626,-9.360923276176539,-9.419265935179343
TLCD3A,-11.80356532248933,-11.98520944305647,-12.136751330427392
GEMIN4,-11.979006362754438,-12.15303776882442,-12.01589058163128
GLOD4,-9.71128881276183,-9.83614914224081,-9.820565910133762
MRM3,-11.298080496245843,-11.325656202239024,-11.42477325277352
NXN,-8.920029325218835,-8.965685628678855,-9.184037325223326
TIMM22,-10.307229192399662,-10.504672562761822,-10.489496336306427
ABR,-10.761098273686402,-10.986135640418471,-10.778652372545297
YWHAE,-7.634650338587227,-7.771592393102282,-7.684793424086373
CRK,-10.153190885898972,-10.267486000325057,-10.432677294784186
MYO1C,-10.849129436177998,-10.859544829183092,-10.903197605242257
INPP5K,-12.091740139180521,-12.068790775878428,-12.563355267360139
PITPNA-AS1,-10.950743752684172,-11.026864071153248,-10.852040867495798
PITPNA,-9.780390402877755,-9.716323524676463,-9.86943647518095
SCARF1,-12.305977029130643,-12.467955296030915,-12.266332895882567
RILP,-11.814526852384505,-12.006489521983001,-11.4967612304518
PRPF8,-9.35492619933508,-9.376548414638188,-9.489686079893279
TLCD2,-12.059590890526135,-11.91588139766994,-12.590784592410447
MIR22HG,-12.073365032444302,-11.280836682642514,-11.906112861175412
WDR81,-12.565578379135594,-12.983707454881781,-12.95080518487874
SERPINF1,-10.951011446754482,-10.754606057128306,-10.657860528836306
SMYD4,-10.838599450251747,-10.878520944930719,-10.96724415017018
RPA1,-10.123912711195807,-10.267729979622423,-10.28571831062219
RTN4RL1,-10.870108346921583,-11.038718534958726,-10.915501737627366
DPH1,-11.819046047609664,-12.0184751617725,-12.173364428948538
SMG6,-9.019511465907527,-8.88954023979236,-9.11169124768522
SRR,-11.001269180553889,-10.938803553963364,-10.91668243653438
TSR1,-10.074655664962375,-10.30119576477366,-10.193479114548005
SGSM2,-11.410208205740693,-11.233224355375627,-11.555978361684003
MNT,-11.752985602250439,-11.814875626943081,-12.175581557894175
METTL16,-9.718728318508509,-9.674689878458993,-9.810409488399365
PAFAH1B1,-8.488639489413702,-8.468148051527011,-8.601413599959649
CLUH,-11.522616386428446,-11.710932339924684,-11.45017052012014
ENSG00000262050,-12.62937276476055,-12.509763214294235,-12.05135859215027
RAP1GAP2,-12.672060134393371,-11.784077829145199,-12.277621556866329
TRPV1,-11.749303344130826,-11.767669013163008,-11.9754544545788
SHPK,-11.184665670489474,-11.251499920217624,-11.492722805737653
CTNS,-11.369920674397182,-11.229386639958367,-11.614642462440798
TAX1BP3,-9.733346345347362,-9.789596350588706,-9.683777026668402
EMC6,-9.641071880130038,-9.690666777239038,-9.685998758726955
ITGAE,-10.011700280802787,-10.125913451563816,-10.09673892973752
NCBP3,-9.255117336572296,-9.236757197549654,-9.269392294413212
CAMKK1,-12.33102691925182,-12.194596759091166,-12.127085685429376
ZZEF1,-10.163073507649123,-10.217139088953818,-10.220216932854614
CYB5D2,-11.276748361631144,-11.29001775831129,-11.657582683369498
ANKFY1,-9.997307143781663,-10.01615425317447,-10.237190487880042
UBE2G1,-8.972381088529584,-9.021716468370546,-9.138322853528198
MYBBP1A,-11.070441317908356,-11.049910481368599,-11.152379196195133
SMTNL2,-10.283461860856747,-10.217717200227625,-10.060947290141598
PELP1,-10.572574142792977,-10.667092629033268,-10.75844054276187
ARRB2,-12.119316002117053,-12.23351954168957,-12.280474888582608
MED11,-11.256380879309217,-11.262902982878884,-11.123131085403639
PSMB6,-8.892361079023624,-8.989751586700871,-9.002405967588606
PLD2,-12.443089688858871,-12.376593698441038,-12.29241874836002
MINK1,-10.982430507510761,-11.02942845580596,-11.310336652396966
CHRNE,-12.775973620936577,-12.433180013877958,-12.663689094934103
SLC25A11,-9.904373200966269,-10.099607125157627,-9.891710801251268
RNF167,-10.20548055323727,-10.319930172214166,-10.339753825862562
PFN1,-7.243926172388149,-7.3813284511832675,-7.349498178672784
ENO3,-8.989399917345704,-8.895769498159023,-8.812474048076798
SPAG7,-9.187902280187854,-9.330434463798394,-9.359822774765899
CAMTA2,-12.253331126755468,-12.201071580487477,-12.322257644155412
KIF1C,-10.258700229471303,-10.265728733988961,-10.56272388071906
ZNF232-AS1,-12.371397794835444,-12.022909168271402,-12.143789274270791
ZNF232,-11.876800239303623,-11.828718956827833,-11.864637233094072
ZNF594,-11.236594185754265,-11.178394611881663,-10.922193727341053
ZNF594-DT,-11.795759577606072,-11.806585716640214,-11.794070060333338
RABEP1,-9.102836662121641,-9.06812319498283,-9.118818134644263
NUP88,-9.967996514235063,-10.00488938252292,-10.18662490527447
RPAIN,-9.109531190883862,-9.234694638883832,-9.135375094797856
ENSG00000263272,-12.717207582659427,-12.6614507542613,-13.024860633975745
C1QBP,-8.696645088151186,-8.911689449318557,-8.817991798471576
DHX33,-10.82703899118977,-11.106224509959784,-10.997628649771915
DERL2,-10.627722666267646,-10.698790935149503,-10.766638495329277
MIS12,-10.623176058663082,-10.424694575845287,-10.593250190873983
WSCD1,-12.94594203351949,-13.133805575474804,-12.804088062590065
PIMREG,-12.000711085577377,-13.082083826201707,-12.250587726937127
KIAA0753,-9.887713232540158,-9.981905316477713,-10.101946744272487
TXNDC17,-9.026554601321596,-9.2474629447342,-9.266259421327014
MED31,-10.579693212214968,-10.693031184153199,-10.849556776221553
C17orf100,-12.400942060127898,-12.408191672696658,-12.402288354975644
ALOX12P2,-12.245904011426793,-12.338786187925814,-11.978864246794027
ALOX12-AS1,-10.164801391681294,-10.112124601455289,-10.471096785178693
RNASEK,-8.641658000073605,-8.698789806669827,-8.68748874198297
C17orf49,-10.099350331525612,-10.116839582688167,-10.108942516215238
ASGR1,-11.679307515827887,-11.72273478745581,-11.772165491508327
DLG4,-11.785421578337228,-11.798458644021622,-12.194356297676137
ACADVL,-9.697404620630184,-9.799633655906426,-10.10322597712597
DVL2,-11.316303512626442,-11.419006645517012,-11.257518555233384
PHF23,-10.010860543804467,-10.06917514976407,-10.19558817475316
GABARAP,-8.14152545847838,-8.28142831385284,-8.183661411951382
CTDNEP1,-10.007783541657378,-10.03318093299049,-10.099382495986065
ELP5,-10.573672725852944,-10.203728904947575,-10.58825194571495
SLC2A4,-12.090034720330715,-12.030319016229816,-12.173357929474335
YBX2,-12.130334322103499,-11.959028391597597,-12.45404350989855
EIF5A,-8.949150151013988,-9.370298637833839,-9.332768548621035
GPS2,-10.418642018918423,-10.517602804359527,-10.379372461103026
NEURL4,-12.441254617839096,-12.38379438366203,-12.646139920416188
KCTD11,-12.773843885475374,-12.515560505025073,-12.831257973298774
PLSCR3,-11.73981882757914,-12.009716263402847,-12.107244152860854
TMEM256,-9.215409334647614,-9.479278391363327,-9.073057522930467
NLGN2,-12.172271007466415,-12.001059314011545,-12.33609767340764
FGF11,-11.84560110464848,-11.747917711943687,-11.279523684981621
CHRNB1,-11.740110941226227,-11.689249258794485,-11.740810658993682
ZBTB4,-10.575041589215818,-10.535210771408359,-10.737333778230333
POLR2A,-9.6217426910387,-9.584276717958355,-9.785374113194784
SENP3,-11.57053714324627,-11.47193006983662,-11.681501148569428
EIF4A1,-7.71816605498755,-7.974111916603199,-7.906280023769343
ENSG00000233223,-12.995848105846726,-13.04736875038733,-12.913200763723742
MPDU1,-11.056236578672033,-10.891772494883318,-11.05608320416811
FXR2,-11.027456462936499,-11.18022925752435,-11.258806252562584
SHBG,-12.663252340987924,-12.638296703038478,-12.613219955446498
SAT2,-9.799809075930208,-9.884226786669213,-9.752260949578858
ATP1B2,-9.679621138793022,-9.442507439400464,-9.865831283114955
TP53,-10.970123978933454,-11.068427439973082,-11.151748000950626
WRAP53,-12.10553463885283,-12.136573286054718,-12.138801592103578
EFNB3,-10.588568965326381,-10.763113997484394,-10.636493825031705
KDM6B,-10.06750611047416,-10.176016772615144,-10.224410180791834
TMEM88,-9.806355547595144,-9.788410590299621,-10.146138204525759
NAA38,-9.58900963335972,-9.542263100548144,-9.643808726468187
CYB5D1,-11.764459933885506,-11.83849727939544,-11.990249277508548
CHD3,-10.153453864045181,-10.21076962038366,-10.266344315305952
TRAPPC1,-9.369453768399207,-9.422938815189902,-9.452432365538327
CNTROB,-11.558655419195839,-12.00299794292803,-12.071067659070627
PER1,-11.748056751867226,-11.555209624745924,-11.847820096033347
VAMP2,-9.612415112027586,-9.630609916841648,-9.608380578270614
TMEM107,-10.96922502553271,-11.04014072114984,-10.889318946773205
BORCS6,-12.52689019612847,-12.246333414785406,-12.314236243296994
AURKB,-11.338893534346248,-12.025422476564515,-11.855735586802195
CTC1,-12.27562046817663,-12.13444545412238,-12.149680825776189
PFAS,-11.108163823394413,-11.246279853088021,-11.085409381433863
SLC25A35,-13.008057061329632,-13.164182016671203,-13.239536286786622
RANGRF,-10.880960307898391,-11.065081105759392,-10.894981645245194
KRBA2,-10.607402084179984,-10.580159833846766,-10.535829097875796
RPL26,-6.57165190002335,-6.760266679909225,-6.634911585542404
NDEL1,-10.666367646374683,-10.664232667779034,-10.824893565293603
MYH10,-7.998493029421798,-8.087535800169093,-8.23914725452781
NTN1,-11.889645691220075,-12.705901421085604,-12.661264808005363
STX8,-9.509615008480166,-9.575550847150406,-9.551380471050228
GAS7,-10.517781342692102,-10.475844458254885,-10.934588028355519
MYH4,-12.800759826372223,-13.228830676046881,-12.872456403279132
SCO1,-9.88544763178513,-9.902913898554887,-9.894417815221557
ADPRM,-12.153541825292276,-12.257007082181893,-12.033526371057533
TMEM220,-11.322251374111643,-11.349234849945356,-11.296686593124855
TMEM220-AS1,-12.233187862510054,-12.31241709762422,-12.511852038069302
SHISA6,-12.792116908072115,-12.485326517988861,-12.754956440326325
ZNF18,-12.400310539924796,-12.331034702291811,-12.267203065865845
MAP2K4,-8.668040752717019,-8.690609952745469,-8.756751664820563
LINC00670,-11.571005843234051,-12.313662067313484,-11.618748145844844
MYOCD,-7.086236617414389,-7.15546919748191,-7.301199574205963
MYOCD-AS1,-11.07897380171924,-10.948123183582272,-11.199076463461088
ARHGAP44,-9.753321977703685,-9.863502476041162,-9.67341708219161
ELAC2,-10.434334256830349,-10.595158551148934,-10.799969422748918
HS3ST3A1,-10.26157772622651,-10.423148150972015,-11.664176396399897
COX10-DT,-10.69146306254489,-10.79827538027828,-11.085164938270887
COX10,-9.901410615272106,-9.807539528089894,-9.919694851826943
HS3ST3B1,-12.666412597344296,-12.528873711875908,-13.024314448874913
PMP22,-9.917279193160304,-10.258125875985122,-10.34586958482802
CDRT4,-11.783108615086045,-11.001818499426722,-11.182267783340716
TVP23C,-10.61691292062111,-9.502002263177836,-9.697592172980674
TRIM16,-10.607109902038292,-10.674064445245422,-10.667296963753348
ZNF286A,-10.216149943211235,-10.351600961348947,-10.239381191717635
ADORA2B,-12.650007184456303,-13.128549239779746,-12.979199877870785
ZSWIM7,-9.886274493058892,-9.923760908369653,-9.8711593328309
TTC19,-9.415020931109831,-9.493812100363867,-9.408395077975726
NCOR1,-8.339879164367233,-8.359239932585085,-8.415614011409096
PIGL,-10.194452265877485,-10.185738210185852,-10.31297543198865
CENPV,-10.254837335237667,-10.328997034330564,-9.878745836472563
UBB,-8.403012771342834,-8.619269485959173,-8.261108220413085
SNHG29,-7.134691478589959,-7.32017495996869,-7.302003092861315
LRRC75A,-11.198719474441365,-10.847455331838725,-11.014964908033484
ZNF287,-11.835234572363989,-11.787211147433387,-11.841964316707296
ZNF624,-11.893948612737526,-11.561675773709945,-11.970653906397853
CCDC144A,-12.480671528820517,-12.644609392261728,-12.865208277995333
MPRIP,-9.388178085165595,-9.509240526718427,-9.552921819305428
FLCN,-12.266774580290987,-12.008551383193561,-11.99716124657753
COPS3,-9.744209000043428,-9.940502582893375,-9.828658197196052
NT5M,-11.63513454858685,-11.828342714762517,-11.458668965985352
MED9,-11.023638613165,-11.095339925933873,-10.942537555538895
RASD1,-12.408697454798721,-12.029592005313331,-11.236871386050106
PEMT,-10.563474276762978,-10.796371052486274,-10.347557166647581
ENSG00000264666,-12.358270340772082,-12.436174178666487,-12.237905649440412
RAI1,-10.543723950429465,-10.613277772725796,-10.777475005241781
SREBF1,-12.07066035642498,-12.190761864690531,-12.161804340177039
TOM1L2,-9.927587890581252,-9.98955104802536,-9.960749863550154
ATPAF2,-11.209409225283089,-11.373025125503608,-11.24733031152534
GID4,-11.191544866589778,-11.280627863837482,-11.006755046955256
DRG2,-10.872841365917944,-10.844675585289991,-10.843746376912872
ALKBH5,-9.732412731212952,-9.855591989841434,-9.693352697151496
LLGL1,-12.579831310219676,-13.017320800211682,-12.99154259456339
FLII,-10.491278623157603,-10.523648776511,-10.589735460744897
MIEF2,-11.892698948772205,-12.052504940600382,-12.053305761288627
TOP3A,-10.436140704029642,-10.727095355678586,-10.792002793961249
SMCR8,-11.754898211450277,-11.975048780235554,-12.062326417472992
SHMT1,-11.18651178900537,-11.342043924942008,-11.406532316737042
ZNF286B,-12.093189130331904,-12.112638919957256,-12.306840708646467
FOXO3B,-12.580231304744292,-13.079027836142831,-13.009826407783274
TRIM16L,-11.723431781477116,-11.902673360886894,-11.857400339853038
TVP23B,-11.150923998420932,-11.3247700709945,-11.202783595152708
PRPSAP2,-9.71826759673163,-9.952101319254547,-9.963122065659567
EPN2,-9.262261369764735,-9.402121765838201,-9.42431656183238
B9D1,-10.559264870107672,-10.69772330886083,-10.85488306811099
MAPK7,-11.947089251250397,-11.987550005675867,-12.0865076342295
MFAP4,-12.079355336002262,-12.17015684110555,-12.698729487711383
ENSG00000235979,-12.56296341296554,-12.809263700071854,-13.072364896943302
SLC47A1,-12.401667826415611,-11.657714245321873,-12.201576333921434
ALDH3A2,-9.714043310670498,-9.65115913873611,-9.711060911442411
ULK2,-10.51269619367048,-10.593883202880102,-10.41047278585892
AKAP10,-9.62522700666212,-9.701060038964759,-9.791301823627489
SPECC1,-9.66004943010256,-9.723808879992916,-9.940843023952349
ENSG00000291194,-12.293979166007695,-12.472784577079379,-12.952660080327625
CCDC144NL,-11.919460769095743,-12.547919972655643,-11.846446872952324
CCDC144NL-AS1,-7.90719589488976,-8.384488562837454,-7.888819154705863
USP22,-8.743185274274701,-8.760874037044792,-8.861298912879617
DHRS7B,-10.184421135891087,-9.96172631324383,-10.236277005195921
TMEM11,-10.6487315439277,-10.66631973804512,-10.69944120969684
NATD1,-12.322790376521926,-12.523555480184273,-12.6282770854008
MAP2K3,-11.485173246997412,-11.61536019982595,-11.45974244563173
KCNJ12,-11.927931252379988,-11.936868649892437,-12.00895050359645
LINC02693,-11.472450438119749,-12.41148520816324,-11.864909903056473
UBBP4,-12.239196894714345,-12.56132180033688,-11.353675454305655
WSB1,-7.786333044620931,-7.883312907546593,-7.648327617870363
KSR1,-10.677432807401344,-10.74559221613885,-10.889856871335137
LYRM9,-11.79396591793943,-12.131177262746007,-12.02265203002831
NLK,-9.299658958665312,-9.21675681123849,-9.352295779754376
TMEM97,-9.839103606803521,-10.051221914465296,-10.069738987184754
IFT20,-10.010884696772381,-10.10595576110418,-10.008917870509004
TNFAIP1,-10.936587091456406,-10.920850480155922,-11.070856002467272
POLDIP2,-10.296319911576434,-10.460333153516666,-10.42224715205318
TMEM199,-10.903970939091197,-11.02813527464776,-11.11661423246849
SARM1,-12.0180815977893,-12.065934616435836,-12.224058611835115
VTN,-12.707109623855755,-12.672942609604117,-12.245627052330379
RSKR,-11.75530454289377,-11.79881397036669,-11.99413474142326
UNC119,-11.076505292550989,-11.181154456048349,-11.037610188733556
PIGS,-10.222624617596876,-10.311496648136705,-10.400241496639234
ALDOC,-11.706518487189115,-12.254990469059738,-11.194708136464682
SPAG5,-11.935982703372733,-12.50372394675306,-12.322995910937122
BLTP2,-10.188446892226652,-10.111119505189533,-10.341139276476905
SDF2,-10.317383192581321,-10.402049797177721,-10.503740868068512
SUPT6H,-9.446826406874388,-9.486201815014438,-9.644819063271092
PROCA1,-12.846699600772666,-12.226752095030088,-12.475314020883214
RAB34,-10.208794489495705,-10.279773936352973,-10.270193929414168
RPL23A,-7.074074140162065,-7.119728611600127,-7.068371378382461
TLCD1,-13.070862948369056,-13.053558367911334,-12.939418320650464
TRAF4,-11.175807346228082,-11.376406434369974,-11.376606888781032
FAM222B,-9.843215099920467,-9.805289878002334,-9.915397189171907
ERAL1,-11.171690325524127,-11.323775023623961,-11.372465543959173
FLOT2,-10.385517217386816,-10.478148689507734,-10.48886290578787
DHRS13,-12.174549625432762,-12.354545145557568,-12.091200314675485
PHF12,-10.228484479938373,-10.334836398164995,-10.510068951709561
PIPOX,-11.752820441403404,-11.65185576508118,-12.333155828843406
MYO18A,-9.21572281349495,-9.241953062591287,-9.35391377650588
NUFIP2,-9.011485521058926,-8.916860728665998,-9.01946720106637
TAOK1,-8.687029084523498,-8.622006451957459,-8.762249215709394
ABHD15-AS1,-12.147131895499834,-12.057979692725507,-12.062074429574793
TP53I13,-11.056415122129906,-11.076273585951132,-11.070390319478909
GIT1,-11.569827403297484,-11.740718911580855,-11.817765186916887
CORO6,-11.324540642490724,-11.087862829115407,-11.185158458461062
SSH2,-8.153750658580654,-8.050828735990356,-8.128565481608884
ENSG00000263657,-12.742191560842164,-12.226493363897623,-12.526023277426319
EFCAB5,-11.953141710223795,-11.777758415576976,-11.629906212593744
NSRP1,-9.311327217064532,-9.263329434914628,-9.307006152682291
BLMH,-9.839538349183796,-10.079908668296023,-10.041393982693144
CPD,-9.691306919670028,-9.574751882194816,-9.731332228972938
GOSR1,-9.519590508087342,-9.48813636922463,-9.520217786152461
ENSG00000214719,-11.736082868327323,-11.85133972654352,-11.856888026117756
ENSG00000290450,-11.110135294317097,-11.311970122015182,-11.427469056204776
ENSG00000290928,-9.003257578575523,-8.982100570835993,-9.092567700708207
CRLF3,-10.037636126061592,-10.319030161786744,-10.370790488131455
ENSG00000266490,-13.05420203164789,-12.904848297527176,-12.979359470207656
ATAD5,-10.161626713336483,-10.391610600135966,-10.409427962609803
ENSG00000265334,-12.882371843073361,-12.596898201791502,-12.779436353214765
TEFM,-10.720313087539864,-10.672229967573132,-10.72983331204463
ENSG00000291063,-11.986130434693019,-12.040510419554174,-11.990231569062898
MIR4733HG,-12.73569779302698,-12.692204994374517,-13.048007646163777
NF1,-8.287594804903142,-8.155085915566461,-8.445600544537557
OMG,-12.977692484827747,-12.719971405228435,-12.984863976679492
RAB11FIP4,-12.367874526764028,-12.803813980258282,-12.22309119846587
COPRS,-10.060430440046936,-10.121083254838094,-9.981363165246115
UTP6,-10.077892185311244,-10.105205226404438,-10.138664285217274
SUZ12,-9.108392759455404,-9.055397538520776,-9.223089608763031
LRRC37B,-10.98910923495049,-11.011545688112582,-11.254063744810447
ENSG00000214708,-12.179079345985018,-12.216667123011543,-12.078035524198025
RHOT1,-9.578927688760132,-9.55319665937327,-9.562448776350385
C17orf75,-10.149888404617457,-10.261929600434096,-10.146416338957712
ZNF207,-8.739528321832767,-8.805387869470076,-8.890476177559513
PSMD11,-9.525466139220889,-9.623665092530711,-9.590844456665872
MYO1D,-8.300175773207066,-8.299463264005658,-8.71007898041198
TMEM98,-9.014221689322026,-9.079100051659076,-9.260526985493733
CCT6B,-11.030481400731793,-11.032994593749219,-11.39555660115443
ZNF830,-10.558902507574683,-10.471714028832317,-10.538358254749374
LIG3,-10.330058898010174,-10.232732926346824,-10.248696949270197
RFFL,-10.897961850193296,-10.859068881217478,-11.111069351769403
RAD51D,-11.331654899698469,-11.430206389150747,-11.465709261778837
NLE1,-12.123624810881445,-12.440416771155768,-12.380761616215624
UNC45B,-8.979820516139466,-9.002054330184674,-9.086560333235607
ENSG00000266947,-12.812355167724316,-12.491786061403788,-12.758019570018401
SLFN5,-11.208457295945502,-11.35935048222587,-10.762697551896116
SLFN13,-12.867279926662329,-12.51159781866909,-12.701362040398992
SNHG30,-10.839363956574058,-10.888464630525847,-10.890682752136735
PEX12,-12.779302116806457,-12.377708132962088,-12.660939098813731
AP2B1,-9.255889696711524,-9.285639390408154,-9.29483991720001
RASL10B,-11.413384607292942,-11.251890353526937,-11.4499202116537
TAF15,-8.418887696953057,-8.466866787506815,-8.588611698402442
ENSG00000270871,-12.831220358183101,-12.914539185038567,-12.876865313808599
ZNHIT3,-9.581060645298082,-9.839493655197566,-9.76648950873263
MYO19,-10.791294674381344,-10.954320515590295,-10.712558831352142
PIGW,-11.990823854143411,-12.160481627791164,-12.284200538556656
GGNBP2,-9.316905121723494,-9.277406099984995,-9.367462661299529
DHRS11,-12.414063082410514,-12.47911101830782,-12.573274282228477
LHX1,-12.187712366972152,-13.143649616559657,-12.669651983013367
AATF,-9.965216165006973,-10.001634903555704,-10.122361471894665
ACACA,-8.966760638372858,-8.892974295101583,-9.133097367395939
TADA2A,-10.50327392876971,-10.483170540757744,-10.513554652016145
DUSP14,-10.821270385496282,-10.946896140642538,-10.885130902994803
SYNRG,-9.56120885512519,-9.510081572749192,-9.658752381232375
DDX52,-9.42985516861598,-9.559385778938433,-9.558356529025104
NPEPPSP1,-11.121486742004372,-10.974207899441728,-10.229265550654626
MRPL45,-9.993696256828358,-10.126341394475807,-10.158094349488191
SOCS7,-10.686648681977056,-10.712769643636088,-10.851052779317223
ARHGAP23,-11.799563832379564,-11.879438119374484,-12.357648350956234
SRCIN1,-12.251143813063068,-12.2185668738569,-12.39345352830584
ENSG00000277969,-12.635752393963777,-12.598561558986939,-12.586545473798273
MLLT6,-10.566388545818509,-10.646582522163063,-10.781328285497171
CISD3,-11.10972769512081,-11.249187069511905,-11.185306903807213
PCGF2,-10.929228154445768,-10.963667142697444,-11.01653372357752
PSMB3,-8.90646349873382,-9.092090273087122,-9.082995560503585
PIP4K2B,-10.354452739466591,-10.352824770707999,-10.71561668160022
CWC25,-10.922344367117649,-10.935285945950717,-10.946497706849271
RPL23,-6.396976073180096,-6.592825902850932,-6.464998655650688
LASP1,-10.642871472374587,-10.870396017356327,-10.993162142660882
CACNB1,-12.693604687096439,-12.219928707242353,-12.453039009020305
RPL19,-6.604254679812313,-6.787576809444635,-6.765937526032867
FBXL20,-9.323561159649037,-9.462488204794962,-9.843096736061797
MED1,-9.80834869018557,-9.822434321968636,-10.08526639741289
CDK12,-9.313050275822576,-9.319346360073741,-9.430218981480856
STARD3,-11.081611754644134,-11.08716119417626,-11.177258927835739
TCAP,-10.566111475958058,-10.007765864870771,-10.380374676949504
PNMT,-11.591814371529205,-11.963368460333733,-12.187248094361376
PGAP3,-11.921610192106868,-11.930407716594353,-12.078583637538319
ERBB2,-9.556306634878139,-9.649620156100534,-9.771138273391777
MIEN1,-10.475798125343317,-10.445142212127822,-10.437282702230174
GSDMB,-12.259488963047549,-12.23008057505649,-12.543836248221977
ORMDL3,-11.536662817093536,-11.640218140499094,-11.78873843249756
PSMD3,-10.170135916617692,-10.220953322888462,-10.161033903010075
MED24,-10.779927993007592,-10.84240037004184,-10.860340596595945
THRA,-10.066846214860758,-10.131279070468738,-10.066475680825997
MSL1,-9.873444027144526,-9.861764219187467,-10.112910688405007
CASC3,-9.993603943441672,-10.011946923891477,-10.099554905891457
WIPF2,-10.26503452435942,-10.24404323117581,-10.502986258479687
CDC6,-11.145408473876023,-11.472913076835168,-11.942146965187804
RARA,-11.406109013717346,-11.543461638149276,-11.59441584184355
RARA-AS1,-13.03123630524849,-12.672114602775439,-12.89642227075336
TOP2A,-9.058829443115528,-9.653784307652582,-9.492745971589528
IGFBP4,-11.177194869924879,-11.405881580368249,-10.536031079677196
SMARCE1,-8.500281888091205,-8.52720873545643,-8.46729837321071
ENSG00000278834,-12.794100043616899,-12.837354063599042,-13.065366705462079
KRT10,-9.2245030004074,-9.294719551796982,-9.258960426202874
KRT10-AS1,-11.765372748904312,-11.99444597111813,-11.930219809333297
KRT19,-9.10589815699396,-9.4315153568796,-8.924267071858868
EIF1,-7.673889328733159,-7.708348841839209,-7.681510004582751
JUP,-9.583158090263765,-9.6946823620376,-9.785037871287992
P3H4,-10.16860858361045,-10.046722947547918,-10.359288505862347
FKBP10,-9.678313220516001,-9.720835405655327,-10.047901562887946
NT5C3B,-9.85801739887431,-9.985030621226384,-9.847113495690907
KLHL11,-12.196923987425222,-12.209115895430537,-12.289220821876448
ACLY,-10.441892429636837,-10.50116059501236,-10.524598707225893
ODAD4,-12.34926450160251,-12.572649442064817,-12.755576495956523
CNP,-11.15171450760256,-11.245211851295478,-11.283705859476868
DNAJC7,-8.906636750359269,-9.008845972326064,-9.005179472677453
NKIRAS2,-10.252094374896407,-10.421592383499995,-10.514823756063553
KAT2A,-11.70198770167356,-11.442413523660425,-11.48988000968576
RAB5C,-10.499322351946576,-10.637583193976731,-10.622569336874902
STAT5B,-9.748438462546236,-9.738495825616354,-9.739699345069678
STAT3,-9.442544873763463,-9.656001391680066,-9.373503124897244
CAVIN1,-9.920854849274333,-9.821377718997189,-10.83547066647917
ATP6V0A1,-10.138109662967969,-9.993979672459954,-10.355996662386582
NAGLU,-11.715968575305586,-11.597981011976005,-11.726492852830784
HSD17B1-AS1,-12.34401936918285,-12.705777391044638,-12.598991547093727
COASY,-11.711252728614786,-12.479891135558846,-11.637993028774295
MLX,-10.843063241326321,-10.974405937204669,-10.871147698477808
PSMC3IP,-12.020869070033502,-12.23786189280648,-12.44483029823108
RETREG3,-10.825540835007022,-10.913412342893178,-11.260713793037615
TUBG1,-10.935563421677092,-11.047648251403457,-11.194090414334681
TUBG2,-11.485810486126605,-11.467082926910678,-11.73044564692359
PLEKHH3,-11.503426211733458,-11.703386410958839,-11.535887613590862
ENSG00000267042,-12.589037152415342,-12.67810112088651,-12.683647951483483
CNTNAP1,-12.30455647255292,-12.384436006304856,-12.328018605057197
EZH1,-10.39452863131704,-10.10014360555406,-10.329603932461579
RAMP2-AS1,-12.653336996215566,-12.000681536628003,-12.89694465179528
RAMP2,-11.476758763368876,-11.108087830974366,-11.475739149419246
VPS25,-10.176196026279234,-10.302348848716846,-10.330050296019925
COA3,-9.607823442162116,-9.808698711146889,-9.62856115323092
BECN1,-10.205023002378539,-10.233796675335716,-10.351996043064881
PSME3,-10.509513986954806,-10.527926759933463,-10.580351104161267
AARSD1,-9.907462437723167,-9.853565881070189,-10.24099056228556
PTGES3L,-10.363439480768124,-10.526443281029549,-10.065942106938266
RUNDC1,-10.794545135360316,-10.768513262307492,-10.900205680653453
RPL27,-6.851047590073362,-7.015258867470254,-6.989788427888044
VAT1,-10.8679974087854,-10.841469522421788,-10.37371780594094
RND2,-11.385222980984581,-11.286209506096876,-10.959808040554803
BRCA1,-10.654622156595908,-10.927029586453594,-11.255764367856166
NBR2,-11.731342423060052,-11.651183063643362,-11.513459952334266
ENSG00000267002,-10.800658016561616,-10.640650676643304,-10.932156312448495
NBR1,-10.105358368955429,-10.081059327179716,-10.220086963887228
TMEM106A,-12.77528335616596,-12.646668609107204,-12.301931992807912
ARL4D,-11.756078947374853,-11.951644038155361,-11.399492137037914
DHX8,-10.483993675840106,-10.512105285540668,-10.513604427090083
DUSP3,-10.32534100740688,-10.380432875088891,-10.26648933378349
MPP3,-11.99478189085849,-11.759055893993317,-11.974510330143
MPP2,-12.127336565919299,-12.255720216570717,-12.092879810534637
TMEM101,-10.905954698193689,-10.91466632907137,-10.876232492735715
LSM12,-9.691567780445135,-9.790226473619844,-9.728966112960821
G6PC3,-10.681583076747472,-10.654280681945544,-10.804135640677485
HDAC5,-10.319604140641987,-10.351723346228733,-10.583772839685057
ASB16,-12.858571454841865,-13.120498467145106,-13.003506890136102
ASB16-AS1,-11.851295006667334,-11.878948557827325,-12.336246637658412
TMUB2,-11.207423461237605,-11.312001575628555,-11.377539589227123
ATXN7L3,-10.813792555351178,-10.74599407735158,-10.888001009849038
UBTF,-9.219931250749541,-9.379887345212431,-9.399410124541392
SLC25A39,-10.139197713146311,-10.225573153471997,-10.118559720722832
GRN,-9.885213644628987,-9.856630264553685,-10.047266421695483
FAM171A2,-12.15288912918841,-12.158147730900778,-12.297761733927096
GPATCH8,-8.607014555579163,-8.664270950714423,-8.7347557366588
ENSG00000283045,-13.303537199307025,-13.190121501902905,-13.153020264544084
FZD2,-10.601163629455405,-10.802542107673727,-10.815589358493138
CCDC43,-10.085162305588604,-10.082643003775958,-10.250168464035118
DBF4B,-11.293550983963765,-11.386061917169876,-11.745147663575292
ADAM11,-11.504553448190658,-12.23805369977233,-11.13579408326504
GJC1,-10.058057893220246,-10.06622087871303,-10.1257377685328
EFTUD2,-9.917999517992412,-9.938178172710735,-9.95820319634485
KIF18B,-11.434180876256848,-11.880513674299404,-12.082149175595633
NMT1,-10.01823079002733,-10.054482968530268,-10.184528012163126
C1QL1,-12.96122444011382,-12.94156089126892,-13.083887837555451
DCAKD,-10.644917673579808,-10.65045504583657,-10.659142797653551
PLCD3,-12.237147165772804,-12.61362146030147,-12.451221771629829
ACBD4,-12.461967107663671,-12.423234848850491,-12.381631200404565
ENSG00000276728,-12.808372822061067,-12.87632977649519,-12.860641302462058
HEXIM1,-10.611650156587023,-10.492725260077806,-10.697952989815072
HEXIM2-AS1,-11.738948961556227,-11.645397455985062,-11.644511983471936
HEXIM2,-12.25392419131959,-12.386143405631257,-12.884397934160278
MAP3K14,-11.637889310379833,-11.754232844250335,-12.056047007448445
PLEKHM1,-12.038308816626815,-11.906941551818512,-12.174425323530045
ENSG00000291175,-10.48021307813951,-10.641556279691947,-11.202559052896541
MAPT,-12.667951203341007,-12.566698044864138,-12.866547849539149
KANSL1,-8.630615727286516,-8.679670736524685,-8.782211086647834
KANSL1-AS1,-12.582992759004128,-12.977916741733166,-12.516683982993726
ARL17B,-11.081005137521577,-11.36672129240311,-11.179247684363702
ARL17A,-10.796448745833406,-10.843895075750865,-11.209780120791818
LRRC37A2,-11.883616351013524,-11.414772229812963,-12.371724248904272
FAM215B,-13.008495244136864,-13.11125080989229,-13.026984134072043
NSF,-10.081264668027943,-10.080257722583504,-10.168066995820698
WNT3,-12.553048734924142,-12.898232237151232,-12.73797922157337
GOSR2,-10.237197603066363,-10.101003741236998,-10.132167727231188
ENSG00000262879,-10.022160875584818,-9.696929229710056,-9.911965957048876
CDC27,-9.044171386476295,-9.195014150418057,-9.241790619406887
ENSG00000262265,-12.273147050472485,-12.398964639330519,-12.345981360610342
MYL4,-5.975211194194372,-5.962669378561033,-6.115396117714474
ITGB3,-11.149468489904821,-10.864914581547266,-10.657193767422193
EFCAB13-DT,-12.903602141876316,-12.369363842979919,-12.625744017020336
EFCAB13,-10.755200405750644,-10.448866212294236,-10.44813501883575
ENSG00000253347,-12.097007829517626,-11.881367265169771,-11.816809488511447
MRPL45P2,-10.777242146813043,-10.891716872556504,-11.063425983714685
NPEPPS,-8.799627944509275,-8.844492426906214,-8.792184233593593
KPNB1-DT,-11.938211393817397,-11.54988909614981,-11.86801884740134
KPNB1,-8.33444485300029,-8.504059434278467,-8.525829566497183
TBKBP1,-11.791051745167227,-11.687183340248577,-11.881198242030624
MRPL10,-10.406413626427828,-10.370304976440346,-10.3855914801272
SCRN2,-11.111330438075337,-10.916757740418337,-10.834785658821376
SP2-DT,-10.71678645247265,-10.429267792482882,-10.366353260690436
SP2,-11.129229927705214,-11.150082235622582,-11.336962797291145
CDK5RAP3,-10.655279766080593,-10.70371137615847,-10.785745615295184
COPZ2,-13.118245579097445,-12.848143534395305,-12.884942905795961
NFE2L1,-9.722281687036858,-9.557366612474183,-9.801153990047906
CBX1,-9.293756310009748,-9.271723848953334,-9.25540252909028
SNX11,-12.26983364360242,-12.177812555771553,-12.340658614960903
SKAP1,-12.899181352419133,-12.784177725365735,-12.20141390275818
HOXB2,-11.919135038323608,-10.382508782271954,-10.508329220910186
HOXB-AS1,-11.317423739882686,-10.302112158531877,-10.207830618922186
HOXB3,-13.075771075077114,-11.451968710623165,-11.563969777712344
HOXB4,-13.112801879394477,-11.613669123079843,-11.788906536558097
CALCOCO2,-10.525235949248454,-10.34218065105749,-10.269787238153755
ATP5MC1,-8.716133823265194,-8.796394878669421,-8.656311374064655
UBE2Z,-9.87927086236821,-9.91947235694003,-10.103790531262915
SNF8,-9.6883117507722,-9.782361156094506,-9.862431341389502
ENSG00000289021,-12.816591167203232,-13.093642454269814,-12.862668590433758
IGF2BP1,-8.441690506854096,-8.586221628737043,-8.676723630547917
ZNF652,-9.301301563315947,-9.30978923087122,-9.351801038907302
PHB1,-9.271804887480533,-9.38618827684045,-9.289030995372048
NGFR,-11.221885499997537,-11.693543386533777,-12.956274655895925
SPOP,-9.326620380121607,-9.317689829831092,-9.45855725602323
SLC35B1,-10.240193700476908,-10.290983315499343,-10.430466474880387
FAM117A,-11.141251716200728,-11.269873709593625,-11.104646547421131
KAT7,-10.127906070672582,-10.094111307238398,-10.312173726841264
ITGA3,-11.132011067709126,-11.181154804870195,-11.543777162168478
PDK2,-10.521152352430693,-10.570844215436475,-10.760718129390979
PPP1R9B,-12.478151487463531,-12.69843462774941,-12.591910625252405
SGCA,-12.276910310372745,-12.192636244175702,-11.378374650209937
COL1A1,-10.367470105201056,-10.211821942660809,-10.037640801951836
TMEM92,-12.881482683197175,-12.887820008748344,-11.72629841894291
XYLT2,-11.391049209223047,-11.813933123447699,-11.696751407023262
MRPL27,-9.862207407148796,-9.988592372162602,-9.910616824850791
EME1,-12.16016937968544,-12.986820687629555,-12.838583532463304
LRRC59,-10.700399746923946,-10.787046959741692,-10.924225611621075
ACSF2,-10.650777296979243,-10.696785971873162,-10.401626251672072
RSAD1,-11.54363825791304,-11.792904484796539,-11.744831799657334
SPATA20,-11.638802549885517,-11.618144911856342,-11.53944995848489
CACNA1G,-11.379327250879678,-11.187048707361194,-10.876577938112522
ANKRD40,-10.760548801435903,-10.643804219961677,-10.813376823172348
LUC7L3,-7.9007426511290655,-7.898326424848885,-7.880698826508112
TOB1,-10.268054859037212,-10.361785241185341,-10.041519087430466
TOB1-AS1,-11.644744385686183,-11.701630292961013,-11.632631636281689
SPAG9,-9.147170879415597,-9.117490345395622,-9.140486938103512
NME1,-9.545413036923271,-9.840173357216232,-9.755470169068442
NME2,-7.66455751131163,-7.918288117477171,-7.797259590261829
MBTD1,-8.941283770523357,-8.9865038721622,-9.214183621901858
ENSG00000264895,-11.312700413660673,-11.26796101374965,-11.39437584180458
UTP18,-10.580544717090591,-10.707274275161955,-10.681237705052926
ENSG00000285939,-12.656120136174842,-12.27149607467208,-13.116557968474693
TOM1L1,-9.955291638002228,-9.99808230958004,-10.078250268978687
COX11,-9.966448903858703,-10.116588510903425,-10.165153165622636
STXBP4,-9.232003633527095,-9.288191343527172,-9.30031656571424
MMD,-9.965386266818292,-10.167833960531087,-10.24570048787937
PCTP,-10.928835794255294,-10.969613648620005,-10.567378260235179
ANKFN1,-12.696041728222216,-12.129998977114369,-11.815616916321495
NOG,-11.715974877401443,-11.982494588407672,-11.655737152585525
C17orf67,-12.009838458534132,-12.118819269569384,-11.824812491804366
DGKE,-10.729107969254246,-10.825675838158078,-10.78888864767797
TRIM25,-11.656276425027654,-11.693788115660944,-11.74929889547334
COIL,-10.225641817526224,-10.284792769936535,-10.296523547282568
SCPEP1,-11.251397853145614,-10.975442818198893,-10.550115763216475
AKAP1-DT,-13.087363641382161,-13.240224194182263,-13.133890353269308
AKAP1,-10.97409225135613,-11.099037535683204,-10.7854523445194
MSI2,-8.235610639562971,-8.300346398158723,-8.470161418573584
MRPS23,-9.652210782800646,-9.888652199163014,-9.796430742623832
CUEDC1,-11.10473784667635,-11.130121175189986,-11.423077676758794
VEZF1,-9.718464456460659,-9.79379838227666,-9.820102342942349
ENSG00000264112,-11.178020481123237,-11.273516641739485,-11.42237272852963
SRSF1,-8.991197498916573,-9.098395829231034,-9.097432104934185
DYNLL2,-9.762588178823965,-9.691142758660012,-9.912221383666425
MKS1,-11.492873495828162,-11.52937109569811,-11.515104620008138
TSPOAP1,-12.311264870324333,-11.53459496715869,-11.541050665040856
TSPOAP1-AS1,-12.899015120691606,-12.928874218843728,-12.461320768476176
SUPT4H1,-9.407301767523112,-9.56947845147304,-9.459069402912432
RNF43,-10.893819051980158,-11.01408767292446,-10.855967530424067
MTMR4,-10.404899652517528,-10.593911480327973,-10.605012230477262
RAD51C,-11.429209068196554,-11.311306399363625,-11.443378024959651
PPM1E,-12.17666542615382,-11.886725204791594,-12.710947161405395
TRIM37,-9.785295541330234,-9.875262184081949,-9.906498937005649
SKA2,-9.53490587653304,-9.694937436005564,-9.918167407965958
PRR11,-10.192038910788444,-11.208582760760143,-10.740876464150423
SMG8,-11.410588514907015,-11.459765356755941,-11.520744229827537
GDPD1,-11.006963300593675,-10.762393045028384,-10.724311378601087
YPEL2,-9.096307884569484,-9.232643555428298,-9.472558338849451
LINC01476,-12.890037429965455,-12.836792957171083,-12.742421137384664
DHX40,-9.970141375357711,-10.014327340848935,-9.997174584613727
ENSG00000273702,-12.112135531151853,-12.534883121046748,-12.257251003405534
CLTC,-8.59027324447813,-8.691193677521559,-8.657033016650132
PTRH2,-10.694262684154287,-10.808794087158281,-10.799971726685117
VMP1,-9.266233191343874,-9.01211123127172,-9.396376087152825
TUBD1,-10.52979610311932,-10.68887582907036,-10.705268499540198
RPS6KB1,-10.060602198327555,-10.047720221473686,-10.079520384311593
RNFT1,-11.06070240709548,-10.95123353392662,-11.133906693794149
HEATR6,-10.268889107117156,-10.22907544991432,-10.294573156103322
ENSG00000267248,-13.290890316742876,-12.833700916225066,-12.750248084010718
USP32,-9.045915680486344,-8.952721460693551,-9.130316889241
APPBP2,-9.331920504692569,-9.315251552210993,-9.494434225649865
APPBP2-DT,-12.118020759581412,-11.891777055115764,-12.102332076997595
PPM1D,-10.316800000304893,-10.496261853016167,-10.581185150244828
BCAS3,-8.271110170042169,-8.264428715785645,-8.34930453753702
ENSG00000267131,-12.895451731149567,-12.640480298616202,-12.906649608293938
TBX2-AS1,-10.998525058454602,-10.729488544958233,-10.303063654320939
TBX2,-10.110111210957122,-9.968970704062727,-9.991024362410913
BRIP1,-9.713365361800669,-10.074539562552186,-10.656731447546699
INTS2,-10.763581141184787,-10.841004313864246,-10.922540292891389
MED13,-8.85799907456588,-8.769174864811037,-8.948163629084796
METTL2A,-10.08327999572069,-10.243856889629873,-10.480917030519079
TLK2,-9.121538433896632,-9.127585130341972,-9.213532381230907
MRC2,-10.48087905220466,-10.719760927525469,-10.376972621105795
ENSG00000283538,-10.322793941480318,-10.625555169908525,-10.743251778866485
TANC2,-7.254253038880023,-7.394672011159943,-7.455272895277919
ENSG00000233635,-11.040854532616935,-11.077206388597963,-11.05056753156649
CYB561,-13.143140484746676,-13.244575574335625,-12.678511404592154
DCAF7,-9.32406558877243,-9.363247953675605,-9.389530247872576
TACO1,-10.858006246904777,-11.063112876145993,-10.821274334952701
MAP3K3,-10.583804086341253,-10.511497192818338,-10.744582672822654
STRADA,-10.634083336875532,-10.57565748435845,-10.740190082971171
LIMD2,-11.163046871410284,-11.310572073180374,-11.569358439582507
CCDC47,-9.34840781877674,-9.37984961061139,-9.364760110158146
DDX42,-8.962135973236038,-9.032965499647448,-9.076490927115735
FTSJ3,-10.23023599321018,-10.263902333641925,-10.33933582667095
PSMC5,-9.526677165591728,-9.643702978631282,-9.809277862558568
SMARCD2,-11.775340403140225,-11.817018485664061,-11.667087038026557
ERN1,-11.630312410443858,-11.467726408838782,-11.571557481565701
SNHG25,-11.670278498694142,-11.686607949078972,-11.520425480746287
TEX2,-10.255179157503514,-10.335293044156655,-10.40900558797601
POLG2,-10.613977264723566,-10.677129759053768,-10.827301360471765
DDX5,-7.755440616383313,-7.695844236409426,-7.872581024517211
CEP95,-9.370784477546023,-9.415251942726254,-9.445333448074564
SMURF2,-9.437470806222583,-9.446089879202356,-9.491738031461367
ENSG00000291117,-12.578389199213097,-11.938418312978882,-12.134315147713222
LRRC37A3,-11.878237625984628,-12.019419099023594,-12.186991948457505
AMZ2P1,-11.631531989633787,-11.591698586100007,-11.470363686936443
GNA13,-10.414484518486221,-10.466621294811992,-10.490525770176186
RGS9,-12.56507297825562,-12.53391232778426,-11.823072716727395
AXIN2,-10.652358109886398,-10.67292210264679,-10.555974317330488
CEP112,-8.99000571837341,-8.72317729032484,-8.969268906228706
PRKCA,-9.776057851301122,-9.818071316514548,-10.005456754648616
HELZ,-8.666002906664392,-8.825725827592334,-8.987864506905773
ENSG00000285877,-12.014391940027924,-12.607009056613684,-12.965104918204563
PSMD12,-9.330419217208322,-9.407539183613737,-9.374454290018114
PITPNC1,-10.413291928723824,-10.53175366266717,-10.752699004550122
NOL11,-9.791574866325934,-9.828940191019047,-9.872142231694726
BPTF,-7.845638944423225,-7.887632897033182,-8.046019408683197
C17orf58,-11.536311217878607,-11.647395139943342,-11.69687854696135
KPNA2,-9.366755015968298,-9.807983410589568,-9.623436662526581
ENSG00000291214,-9.449830322033923,-9.467608763960506,-9.38527780713396
ENSG00000278730,-11.077966612079074,-11.198762847949704,-11.169970643962385
AMZ2,-10.451829129764732,-10.55357302068992,-10.290059739683917
ENSG00000290793,-12.963625972460902,-12.600446368974062,-12.753162592012803
ARSG,-11.546076978149072,-11.629822325048687,-11.977550385722731
ENSG00000267009,-12.8431942146507,-12.441111761054996,-12.819555220192619
WIPI1,-11.398635074044352,-11.136592445774953,-11.307587580298419
PRKAR1A,-8.982376963658982,-8.92895786523892,-9.168142819917577
FAM20A,-11.253406886523305,-10.827342710390322,-11.287559025400377
LINC01482,-10.72360783189545,-10.325462748203238,-10.667608548501955
ABCA8,-9.670912700691678,-10.411855178734484,-9.735978533743038
ABCA5,-11.271703560577324,-11.168581449082234,-11.410744509058757
MAP2K6,-9.929558877815637,-10.094979291940158,-10.164803777593372
SOX9,-12.996560292912207,-12.709494796512388,-12.852521618759498
SLC39A11,-10.850043065491265,-10.536609091495967,-10.865865445830792
COG1,-11.368668764255068,-11.195906994276308,-11.142643050090278
FAM104A,-10.748052050050887,-10.867344366749371,-11.066897525865706
C17orf80,-10.192145176430778,-10.190917511593613,-10.114600921834521
CDC42EP4,-12.877074908307305,-12.543293900191488,-12.358165992194104
SDK2,-9.140161733280406,-9.191556304318127,-9.556563962942537
RPL38,-7.53949890631319,-7.675149778826915,-7.53719440244489
TTYH2,-12.5749350930336,-12.747036463407685,-12.851136856148791
GPRC5C,-10.844873836172116,-10.752947980173715,-10.872080318758464
NHERF1,-10.95326633037945,-11.070050207370045,-10.209860733759157
NAT9,-11.628683373214855,-11.634806655684754,-11.776663239154606
TMEM104,-12.114891571295365,-12.044876841331623,-12.01919675483981
FDXR,-11.828691409137413,-12.13828416982225,-11.875875712401863
HID1,-12.260860224059856,-12.632033059428421,-12.630670050006719
CDR2L,-12.864533396388989,-12.759214961401657,-13.081166585493184
MRPL58,-10.388015671280646,-10.709966626320437,-10.375040750759519
KCTD2,-11.371879055470854,-11.475344619577747,-11.52962169254439
ATP5PD,-8.299475327890887,-8.44596924635929,-8.24701876297376
SLC16A5,-12.714448449043376,-12.597248949254551,-12.946826026099577
ARMC7,-12.689153704450868,-12.54716931506324,-12.789158496399079
NT5C,-10.088359249724942,-10.210763828544554,-10.14668706148653
JPT1,-9.407071509566677,-9.825873887764718,-9.5301949712643
SUMO2,-7.8411229863556215,-8.003738267630432,-7.930655194390747
NUP85,-10.937505443541099,-10.964786579609548,-11.039226199062
GGA3,-11.002938817056192,-11.065381117063119,-11.260560008181193
MRPS7,-9.754164694731204,-9.82679353910321,-9.818910946302701
MIF4GD,-11.607785456822906,-11.591468963279826,-11.621781993649945
SLC25A19,-12.249501420268047,-12.608921982479107,-12.23555006178635
GRB2,-9.087872251983034,-9.141334145845926,-9.183400072409942
TMEM94,-11.11708015054064,-11.15311408250594,-11.389301234252857
CASKIN2,-12.06489934973848,-11.910607112387694,-12.40907396002856
TSEN54,-11.009008902610443,-11.028413500664229,-11.046779759958435
LLGL2,-10.829449796295343,-10.811815366142245,-11.037758543153274
MYO15B,-12.191586754262422,-11.652247906993594,-11.92252819877408
RECQL5,-12.308408508282286,-12.013832711083259,-12.451457798763307
SAP30BP,-10.137113187731213,-10.19930327291505,-10.208316530099541
GALK1,-11.62683212960426,-11.82409603660172,-11.799702658654828
H3-3B,-7.911173814144582,-7.961918871908589,-7.991406380532912
UNK,-10.216908412891827,-10.373823579264052,-10.351343964582043
WBP2,-10.640785117098412,-10.55102138776654,-10.745161383754633
TRIM65,-11.79260550857067,-11.994494452306677,-12.170569857144642
MRPL38,-10.573938916266929,-10.571525092185414,-10.742810515135888
FBF1,-12.292569132781834,-12.254079675825519,-12.717445295658829
ACOX1,-10.3630782872702,-10.485888265154706,-10.5194880027355
TEN1,-11.450078816991361,-11.821485987702955,-11.896222896935079
SRP68,-10.30346632752245,-10.321955177248407,-10.35709436862932
EXOC7,-10.258745819502378,-10.298111583423557,-10.519150137396577
RNF157,-10.597111676608002,-10.765490332640335,-11.27980867580883
UBALD2,-10.95496976300544,-11.173136509473954,-11.22252303204976
QRICH2,-12.32197618300647,-12.482006077541245,-12.591218108296703
PRPSAP1,-10.351355119457061,-10.376632450107936,-10.450629826600842
UBE2O,-9.721822328282821,-9.93256919323885,-9.853359062847423
SNHG16,-9.403803449378222,-8.752539024676363,-8.679416799717412
ENSG00000284526,-12.058768654951784,-11.718156451429136,-11.660871054508178
MXRA7,-9.30610565548612,-9.20633602859007,-9.384720623606198
JMJD6,-11.140048918050605,-11.405288181776703,-11.087751386843008
METTL23,-10.654369810636059,-10.800084878604968,-10.700217223001012
SRSF2,-8.813257703369883,-8.946498940542549,-8.899186087998347
MFSD11,-9.670261634207922,-9.74206210762303,-9.671899452550536
SNHG20,-12.23911201203061,-12.272831621751656,-12.192521920069066
SEC14L1,-9.844367848235526,-9.948890708928936,-9.863502537626296
SEPTIN9,-9.33270770199763,-9.53879827142043,-9.63344702037149
TNRC6C,-9.17893792819817,-9.372479361026436,-9.255856435651223
TMC6,-10.787108914564874,-10.776080424314722,-11.113953417090942
SYNGR2,-9.763984103459233,-9.78080345765413,-9.959605542744278
TK1,-11.335552623845915,-11.853719069993947,-12.295901415132949
AFMID,-10.690545841613565,-11.027759979122093,-10.987141899467241
BIRC5,-10.336305830401148,-11.240118387268398,-10.58231991721851
SOCS3,-11.518728173317061,-11.38274842797958,-11.897932247231777
SOCS3-DT,-12.508040461675678,-12.488782568078499,-12.268099331493088
PGS1,-11.06702257795929,-11.196314337083422,-11.147381928098937
CYTH1,-10.267483558116165,-10.325784037455588,-10.28419309984901
USP36,-10.849932190457539,-10.763058744724992,-10.740948842867702
TIMP2,-10.665300215361311,-10.88913988855714,-10.976157716287625
LGALS3BP,-11.625018957536852,-11.85617211682891,-11.249180392570873
CANT1,-10.922852680592014,-10.936693016172566,-11.180721637451486
C1QTNF1-AS1,-12.069335125892684,-12.761692490403206,-12.219775597357083
C1QTNF1,-12.628979516593082,-13.014359698365547,-12.871797108944147
ENGASE,-12.389877758768987,-12.114985702222388,-12.268743903264069
CBX2,-11.503930669255217,-11.41989541110154,-11.717530464609442
CBX8,-11.973908188093747,-11.993997115062001,-11.959435360282749
CBX4,-10.73160543267633,-10.60773090232796,-10.59531135464674
TBC1D16,-10.561146419942016,-10.83598819144899,-10.823192335391903
CCDC40,-11.227352987865734,-11.18049880333239,-11.47327710509867
GAA,-11.609961551958767,-12.110417951130128,-11.86267481152704
EIF4A3,-9.713761879043288,-9.828742885434536,-9.848534194910261
ENSG00000262580,-12.627087555325136,-13.218333969582163,-13.185762833457236
SGSH,-11.957941529874386,-12.010283826728616,-12.068225236657877
SLC26A11,-11.427330179765281,-11.32120943147928,-11.569723215135049
RNF213,-10.21363582536792,-10.26057724765344,-10.236822725703664
RNF213-AS1,-10.601472106203047,-10.498190733821842,-10.769332197674348
ENDOV,-11.607937065478003,-11.648361891203068,-11.778827074087644
RPTOR,-9.593297972887532,-9.578132783108813,-9.749926669351126
CHMP6,-11.544314537816618,-11.550607081311238,-11.630595593756581
BAIAP2-DT,-11.506974046039048,-11.502281035738246,-11.389911817055857
BAIAP2,-11.702801299645714,-11.768146103651892,-12.066162504612342
AATK,-12.243886927652657,-12.09649236400935,-12.375817897369677
PVALEF,-11.529522710970275,-11.881265072784613,-12.178731251416789
CEP131,-12.36817784941366,-12.33235411556623,-12.151030770932927
TEPSIN,-12.464116266605368,-12.613738643139568,-12.882295399645638
NDUFAF8,-9.680169659397452,-9.8695614899018,-10.077527032762147
SLC38A10,-10.939764197805461,-10.863229315579076,-11.221279188868479
RENO1,-12.2558817997159,-12.337016182737736,-12.232703835451362
BAHCC1,-11.015490672317288,-11.244898038237025,-11.20373827601579
ACTG1,-7.564777842179099,-7.705071834724947,-7.589393815707787
ENSG00000289182,-12.706374763710146,-12.765964505431473,-12.877721651019748
FAAP100,-12.180064727393495,-12.388969622085195,-12.47422210489445
NPLOC4,-10.276085715987023,-10.173064686928477,-10.406558320773694
TSPAN10,-12.241272490064638,-12.115699005099605,-12.426751793078745
OXLD1,-10.703077589688856,-10.849244437801712,-10.930746168227326
CCDC137,-10.822936548979714,-10.7719015008666,-10.976982076139837
ARL16,-10.251011210708185,-10.471030291102718,-10.344691785259421
HGS,-11.017472531152215,-11.207159734538761,-11.236924377099909
ENSG00000262049,-12.163431164314042,-12.668937945286872,-12.165956784648968
MRPL12,-9.398700552076505,-9.591339461363187,-9.418273119045649
SLC25A10,-12.448693821891354,-12.727697033035733,-12.708867806441402
MCRIP1,-10.019425293793736,-10.075066823822894,-10.068225347807838
P4HB,-9.559178430712695,-9.50781361965101,-9.683902522942503
ARHGDIA,-10.554233726304556,-10.588546777686048,-10.550052790645738
ALYREF,-9.73337686782499,-10.009562608653514,-9.947299870968937
ANAPC11,-9.134009549076666,-9.25413077592815,-9.119962273727213
PCYT2,-11.055069292399399,-11.216325162514334,-11.280218984667473
SIRT7,-11.821843147246806,-11.67840008213145,-12.05406977301649
MAFG,-11.19847428938739,-10.998043947264508,-11.247500944725207
MILIP,-12.610790596334285,-12.392450401107665,-12.910179655662875
PYCR1,-10.670346286256239,-11.050711366130942,-10.760056233224931
MYADML2,-13.08828129953661,-12.933629786768025,-12.96492515657048
ASPSCR1,-10.688931224537983,-10.754953255033238,-10.963910508542115
CENPX,-10.36194849026193,-10.356267070089189,-10.380458212168667
LRRC45,-12.86326602777519,-13.000313328851352,-12.99519461229636
RAC3,-10.868922217175594,-11.228736279633267,-11.149128989003904
DCXR,-9.661741365354919,-10.036219486594618,-9.892770545842724
RFNG,-11.070991056388417,-11.156833313612978,-11.376630822063138
GPS1,-10.66337366328593,-10.777064562701172,-10.817830283358347
DUS1L,-10.970374038525094,-10.948216384443377,-11.104666538377089
FASN,-10.971612432339846,-11.20221375233726,-11.265642060731127
CCDC57,-10.010567743784883,-9.977886121742412,-10.2854017855874
SLC16A3,-11.215249238817222,-11.363908129261386,-10.615138900406551
CSNK1D,-9.891902862402036,-9.937665352772477,-10.001919925762138
OGFOD3,-11.158775898026889,-11.005850201861,-11.319144582084881
HEXD,-10.83037878785784,-10.735384161074666,-10.880079963622082
CYBC1,-11.613037251396193,-11.778838660110894,-11.81325786397155
NARF,-10.146170479457956,-10.063609406712837,-10.238061430332202
FOXK2,-9.864552001898897,-9.868363048500392,-10.047780587548791
ENSG00000261845,-12.910256452337274,-12.837767898209902,-12.790791340286926
WDR45B,-9.868685811785728,-10.031131013601014,-10.015359504698365
RAB40B,-11.010169524674446,-11.147935923249443,-11.2474491191999
FN3KRP,-11.189541472087324,-11.44098527601361,-11.368214811660389
FN3K,-11.530405743673166,-11.911194426087672,-11.89287297451875
TBCD,-10.357629959005477,-10.478146096999755,-10.470139429192374
B3GNTL1,-11.942673728725225,-11.859873840221553,-11.878288899976067
METRNL,-10.576202885441516,-10.604070034831414,-10.541636670816064
USP14,-8.780938059701342,-8.710302533190745,-8.844141595713575
THOC1,-9.451052440227768,-9.34207394583776,-9.465313857963043
COLEC12,-9.080551689510331,-8.584575667551286,-8.858278716255287
TYMSOS,-11.847837539998114,-12.492894697685244,-11.873219331211242
TYMS,-9.545184705770348,-10.166135800906757,-10.029108043727573
ENOSF1,-9.290920840632259,-9.407575599218578,-9.490789241028718
YES1,-9.473112140751233,-9.545563048132717,-9.538511861840687
ENSG00000273355,-12.898325448552201,-13.103516562278973,-12.896299853517908
ENSG00000263551,-12.226705789528054,-11.42460455119015,-10.286402719333616
METTL4,-11.121536081864608,-10.93935816574283,-11.125633926753752
NDC80,-10.528621457946839,-11.055472954912759,-11.111633064100989
SMCHD1,-8.275461500504521,-8.322778508305667,-8.358909939005766
ENSG00000266049,-11.955924786873965,-11.873372331069044,-11.868316598994474
EMILIN2,-8.5801958790881,-8.798890092487971,-9.113745328133367
LPIN2,-9.844918513978836,-9.640354603482823,-9.79387460417865
MYOM1,-7.137553656446517,-7.090045168876513,-7.415890291773566
ENSG00000265399,-12.433986285076607,-12.165824878171724,-12.414476387584932
ENSG00000272688,-13.071141288135761,-12.886084329747943,-12.839622281664267
MYL12A,-8.559636118991166,-8.56116638746894,-8.656406691707787
MYL12B,-8.825465335838144,-8.837139657507507,-8.968937372922325
TGIF1,-11.176977011729322,-11.043880746872723,-11.221991174714661
DLGAP1,-9.036282758029971,-8.850027626509766,-8.531945872621387
DLGAP1-AS1,-12.174623112390805,-12.055209820964931,-12.393526374483127
ENSG00000266268,-12.396782905444054,-12.677598431677666,-12.882672265813733
LINC00526,-12.478483816166113,-12.433078560388537,-12.65396557917067
LINC00667,-10.499121481984758,-10.32119610981748,-10.303540945081687
ZBTB14,-11.528349184807164,-11.66798828584509,-11.69017370388677
LINC02974,-12.028853948833099,-12.176114727076355,-12.48804901556982
EPB41L3,-7.566779958313341,-7.653138148017285,-7.616249087909009
ENSG00000264000,-12.074898350915316,-12.167746739226823,-11.979118109560101
TMEM200C,-11.953049210543348,-12.04893624843312,-11.68073780810974
ENSG00000266846,-12.940135451465794,-12.94805522636877,-12.277640841185638
L3MBTL4,-9.313729632231663,-9.117585726415129,-8.828393044408745
ARHGAP28,-9.877861946055747,-9.713600620661458,-9.731624173100265
LAMA1,-9.859383795118196,-9.575363917334146,-10.262577073235398
PTPRM,-7.6730883664141105,-7.875980140308363,-8.005638884815045
RAB12,-9.93948457496934,-9.976613598213618,-10.06479163787865
MTCL1,-11.90636822690685,-11.942078247879463,-12.253371531934356
NDUFV2,-8.62294827736688,-8.695445179129738,-8.58573461614664
NDUFV2-AS1,-11.80087278817879,-11.79569916669902,-11.863691194495741
ANKRD12,-8.457397334791343,-8.540462499824383,-8.580483455388368
TWSG1,-10.239983295697591,-10.275078851472845,-10.452308451888783
RALBP1,-9.425961347036413,-9.486239033216414,-9.509483892651936
PPP4R1,-9.476445297421737,-9.540829619556936,-9.591165499631206
RAB31,-9.637830491739637,-9.620199205974309,-10.558046451701236
VAPA,-8.692266187076617,-8.772751679040619,-8.744345465025006
APCDD1,-10.500062469053614,-11.201254148472449,-10.508412834000268
NAPG,-9.905488177251076,-10.036586529954775,-10.063244700010948
PIEZO2,-12.335234375462273,-12.406687595051094,-12.64226550732269
GNAL,-11.290404421128994,-10.952837728758896,-11.19933630011722
CHMP1B,-10.358602427798392,-10.344769125892153,-10.502676297859425
MPPE1,-11.022004178980112,-10.726524001419664,-11.168973455861737
IMPA2,-11.253089382680972,-11.207863744588092,-11.576470469083295
TUBB6,-9.58052294086896,-9.302922393502413,-9.549048149502056
AFG3L2,-9.13790594068924,-9.15917672350854,-9.13876926342316
PRELID3A,-12.561837655570852,-12.271358150804863,-12.482787303849125
SPIRE1,-9.191624591086251,-9.212495447912232,-9.306979419470636
PSMG2,-9.469381047712211,-9.545987390697864,-9.598099268563319
CEP76,-11.11009992953847,-11.086215478504453,-11.057243275669546
PTPN2,-9.283966856985439,-9.321979238068211,-9.374294499242174
SEH1L,-10.606359189086545,-10.728118615168604,-10.642216209507016
CEP192,-9.432888962573282,-9.508702805149014,-9.62114491416954
LDLRAD4,-9.28028890273354,-9.829229726191523,-9.458159359052544
FAM210A,-10.013184925239253,-10.080489992107454,-9.956188338934508
RNMT,-9.071182393774585,-9.163059760847345,-9.060323824849371
ZNF519,-10.58135065985908,-10.67211448764568,-10.82674964694719
ROCK1,-8.627663400904108,-8.591453684922334,-8.678590803623157
GREB1L,-9.931338058126505,-9.338576904645976,-9.830316026555527
ESCO1,-9.371558030282797,-9.361596153636304,-9.393269833303066
SNRPD1,-9.049246586302491,-9.346874998324973,-9.19384351229144
ABHD3,-11.009352268197985,-11.091156038725387,-11.227910433187096
MIB1,-8.860652206611588,-8.778903944049112,-8.916837445268005
MIR133A1HG,-9.149616458677805,-9.127826623973165,-9.478869124432721
LINC01900,-12.137358846346496,-11.644492983370608,-11.45457706689833
GATA6-AS1,-9.42324340285125,-9.249014448204486,-9.03574617232836
GATA6,-9.142171585585723,-8.951687434659826,-8.807341254061258
ENSG00000265943,-11.84364799491534,-12.034811756331038,-12.043513957620275
RBBP8,-9.441213606584133,-9.525536479931164,-9.700566972479358
CABLES1,-11.744504586301325,-11.826548107334272,-11.826307154372305
TMEM241,-11.1540148081214,-10.89945119644148,-10.945317328162671
RIOK3,-8.676213104243255,-8.7765684192246,-8.793822888839575
RMC1,-11.70619872723911,-11.600071498630042,-11.897414345245386
NPC1,-10.710192240627658,-10.629660528279453,-10.799592237741205
TTC39C,-11.052256419931522,-11.199435432164242,-11.169922460311874
OSBPL1A,-9.463557754850425,-9.548522448231427,-9.486776015424747
IMPACT,-10.470090993918614,-10.707974058625483,-10.560638709903916
ZNF521,-8.11134808085037,-8.096000125978101,-8.223745459035557
ENSG00000285595,-12.481081262895401,-12.412022779859901,-12.638203615787258
SS18,-9.254119933420181,-9.312365005541649,-9.521809321738619
TAF4B,-11.215721389273353,-11.654655420857992,-11.412731035677746
KCTD1,-9.765782741210115,-10.098238681400275,-10.346057598331189
CHST9,-11.156261564896012,-11.359009614350954,-11.181640945784018
ENSG00000227279,-12.293270833466869,-12.386982200483217,-12.50434953825849
CDH2,-6.924615341399564,-6.876871282522912,-7.021929751826039
DSC2,-8.943841474445973,-9.145320777270364,-9.36723686020282
DSG2,-9.174969115333663,-9.32508142439969,-9.514723909198493
TTR,-12.030869544578382,-12.28207388300496,-11.974576237148122
B4GALT6,-10.468029998288884,-10.345289546149184,-10.708957724079589
ENSG00000259985,-12.88616735106451,-12.83452357691301,-13.244793983782424
TRAPPC8,-9.536044690336222,-9.495723788913049,-9.698901988871693
RNF125,-11.598926145910006,-11.504910398920215,-11.587315241767245
RNF138,-9.984590490118656,-10.019725175771248,-10.160419816452343
GAREM1,-9.321487630857137,-9.58882730962815,-9.589501512249248
ENSG00000285095,-12.31423581981659,-12.638600257207056,-12.399412010495436
KLHL14,-9.189953563573939,-9.341452483222838,-8.840407853983898
ENSG00000228835,-12.096304995153945,-12.410262165056048,-12.170540462619385
CCDC178,-11.923995213895285,-11.353063289745268,-12.51897303889326
ASXL3,-9.08831421674497,-9.000019877965915,-9.379706826846949
NOL4,-12.33351362964392,-12.960673481271884,-12.280830011084765
DTNA,-9.798081942844597,-9.726038257143648,-10.155033182274723
MAPRE2,-9.880921974473797,-9.929145555183934,-10.022250006745486
ZNF397,-10.737993671727104,-10.72836669040539,-10.58406179659714
ZSCAN30,-10.687800337652133,-10.448465179345593,-10.503920635690921
ZNF24,-9.63273669760129,-9.536082320541874,-9.723112784892454
ZNF396,-12.709539804373009,-12.540881867432086,-12.790655512025467
INO80C,-10.494464391119193,-10.58164842163333,-10.524237563359172
GALNT1,-8.867273314376844,-8.920635822118168,-8.979268433564284
C18orf21,-10.648153841759687,-10.68449824128151,-10.734496542141585
RPRD1A,-9.245902939113424,-9.231967481085636,-9.336711454037168
SLC39A6,-10.223264995302236,-10.287455626600503,-10.275692220636227
ELP2,-9.763158224700717,-9.760236655749202,-9.906408063732671
MOCOS,-13.002669726721193,-12.970053692496746,-12.877649862425347
FHOD3,-7.074223423282391,-7.118007134742669,-7.141326748846272
TPGS2,-9.44697605893273,-9.639185633900764,-9.395432180218533
KIAA1328,-9.219349056290818,-9.173390384832215,-9.292790477790184
CELF4,-13.142901453662883,-12.74145631621058,-12.837584856238188
ENSG00000286328,-12.619865565366515,-12.490659410404733,-11.993327458101936
KC6,-9.85416725164078,-9.491732117419591,-8.82663167046192
PIK3C3,-9.237518829297619,-9.306679307892344,-9.371508844916013
LINC00907,-11.136784302193314,-10.893610738213091,-11.215927793224772
SETBP1,-8.670261447943947,-8.634331601157168,-8.93735312830322
SLC14A2,-13.208474136570798,-13.019265996010104,-12.759786651419295
EPG5,-10.01129561798576,-9.964398433076571,-10.110708053782352
PSTPIP2,-10.744040242633371,-10.992599766457474,-10.930091692594125
ATP5F1A,-7.732820286880439,-7.809634255695864,-7.747224175316258
HAUS1,-9.826955468185771,-9.997223513803531,-9.871175440194406
C18orf25,-10.28497863077148,-10.36439318073268,-10.317126991268216
RNF165,-10.553290159439353,-11.263992601247242,-10.930549092825249
PIAS2,-9.232372485882811,-9.208359335721939,-9.088267948549436
KATNAL2,-11.373999341812903,-11.568094011652406,-10.624429418671298
ENSG00000266957,-12.95207918402319,-12.689382189485343,-12.668556615967765
HDHD2,-9.496274186427604,-9.448230477099324,-9.634148780056098
IER3IP1,-9.576495656502413,-9.529488961675643,-9.652599438263442
SMAD2,-8.986449363691689,-8.69920478073121,-8.939777122866962
ZBTB7C,-11.485296010643697,-11.356666620826916,-10.482044536487528
CTIF,-10.308711728940926,-10.321748341739383,-10.485911173063835
SMAD7,-10.848908037027988,-10.879528766315207,-10.79737989179198
DYM,-8.945849704474748,-8.991804716277027,-8.945256594706498
C18orf32,-9.886721309834588,-9.881393970049265,-9.731294663722196
RPL17,-6.331017765286076,-6.477969453658363,-6.335938058051223
ACAA2,-9.048048566757437,-9.207923576332194,-9.278151346695921
SNHG22,-11.892787814849523,-11.75249775193261,-11.998719728902426
MYO5B,-11.751519028314032,-11.71935611563575,-11.200706979294552
CFAP53,-12.668391797552903,-12.408287648651045,-12.025212033031343
MBD1,-10.496691540211284,-10.423322784329418,-10.492490960252805
CXXC1,-11.587972837704404,-11.455079939983449,-11.421422431017952
SKA1,-12.151817392946652,-12.438046862132765,-12.479260122168059
MAPK4,-9.159386358788616,-9.605314202888266,-9.245525612557117
ME2,-9.66875199339945,-9.629331132799875,-9.756242241802385
ELAC1,-11.665479303765293,-12.023507016948823,-11.8684336135828
SMAD4,-9.086169541166626,-9.120564306347651,-9.15409537757252
MEX3C,-10.70040520396758,-10.754406898968918,-10.941832975675133
DCC,-10.673023345779232,-10.541682013501799,-9.727591525468524
MBD2,-9.958057377442284,-9.938755006503484,-10.03430832634611
POLI,-10.19090701316469,-10.250454728862353,-10.185060238488388
C18orf54,-11.787879696614505,-11.911597161510851,-12.181164704901914
TCF4,-8.13066454535294,-8.340434965131713,-8.300020083627293
ENSG00000267284,-12.767693390711909,-12.173675652377163,-10.175948754144358
LINC01416,-12.61213404885751,-13.25652629268494,-11.637099107397363
ENSG00000267327,-9.930838082314427,-10.569734509884846,-9.011413778082948
LINC01905,-11.603028692541981,-12.388932759891413,-10.476863042861194
TXNL1,-8.907516078133476,-9.02762685062123,-8.925688264564153
WDR7,-9.574189661657188,-9.469693551679763,-9.505245905264939
FECH,-10.862866830017193,-10.915220251552565,-10.91028792250738
NARS1,-9.112413221298164,-9.142401997181523,-9.060675630462297
ATP8B1-AS1,-12.7442337913684,-12.720966227845295,-12.77273479663416
ENSG00000267787,-11.045178130558678,-10.720258028620862,-11.065823694366296
ATP8B1,-12.26841748176074,-12.113420668896204,-12.220929972951163
NEDD4L,-9.062280267090728,-9.090655042300048,-9.139664831697015
ALPK2,-7.689767058740832,-7.600418668202097,-7.7396447462054
MALT1,-8.91694946363293,-8.804182450661765,-8.937596859422282
ENSG00000267476,-12.261470895174298,-12.043737564044683,-12.08744056287554
ZNF532,-9.352102428438895,-9.307530878849548,-9.606742781479506
SEC11C,-10.500223344153298,-10.598009252538944,-10.384040195235293
LMAN1,-8.909351914704612,-8.945517926781909,-9.064005658266996
CCBE1,-10.569925591661484,-10.206621920697867,-11.021434897345888
RNF152,-11.699847652379093,-11.205991188249842,-11.563565370872222
PIGN,-9.600895408128043,-9.62320122671126,-9.641426584131693
RELCH,-9.674506521513301,-9.703214094699502,-9.713317391220611
ZCCHC2,-10.29337850939455,-10.208278150070825,-10.21834496659296
PHLPP1,-9.324944643063393,-9.302647901395089,-9.664833885674675
BCL2,-10.752353457406397,-11.031793971454576,-11.408974377771925
KDSR,-10.190439240186553,-10.1192127614328,-10.208470218218132
KDSR-DT,-12.413523254303405,-12.600850267420796,-12.270504906655239
VPS4B,-9.892762330232136,-9.847012488132032,-10.045270510206876
CDH7,-12.375082166130007,-11.789217056863206,-12.687429160595322
DSEL,-11.969044275489235,-11.968341268513173,-12.09850596167866
TMX3,-9.752080319107465,-9.864584125763482,-9.769689071992037
CCDC102B,-10.178132491190201,-10.064670281195232,-10.086327691439221
DOK6,-8.92893663466153,-8.732471641646546,-9.315138534839983
RTTN,-10.216555797339739,-10.13674080029089,-10.316037034542376
SOCS6,-10.275970596890494,-10.226846555458202,-10.182688285767103
LINC01909,-12.66280014674597,-12.781666384559944,-13.011963444834393
NETO1,-11.988344499323023,-11.56425594622904,-11.377938747466327
TIMM21,-10.336291730047481,-10.468026252962472,-10.279475944012022
CYB5A,-8.821189689877489,-9.378037384788353,-8.898144889510169
CNDP2,-10.586274054740452,-10.83530792048125,-10.818013373316695
ZNF407-AS1,-10.522618652745972,-10.428701116627508,-10.432761863781646
ZNF407,-9.091456186351529,-9.123746265722959,-9.393527042447031
PTGR3,-10.661512380303927,-10.720210450730695,-10.975126884728342
TSHZ1,-10.920738988986768,-10.988238688693048,-11.02053792331372
ZNF516,-9.903587408289093,-9.788796035164172,-9.986043555407443
LINC00683,-12.419662184990473,-12.599033235662981,-11.98820785587339
ZNF236-DT,-12.532489495775696,-12.990189351772434,-12.601745103950542
ZNF236,-10.250428154561499,-10.24936757427016,-10.410537208853423
ENSG00000264015,-11.219488908779645,-10.178668625426678,-10.127015127359874
SALL3,-12.997987518488959,-12.848818078758232,-12.869136565582409
ATP9B,-8.953253234330274,-8.961793218449955,-9.049989330188192
NFATC1,-11.575117907595223,-11.68821279014165,-12.167594484810493
CTDP1,-11.467966243203719,-11.57052572401614,-11.657526094093395
SLC66A2,-11.096689421843006,-11.0132995338835,-11.246205225986941
HSBP1L1,-13.06396079003076,-12.862961334179783,-12.720861740597144
TXNL4A,-9.354679645395366,-9.511692425202188,-9.480833278177952
RBFA,-10.206278002273018,-10.19405652032626,-10.285797380376051
RBFADN,-11.184251388815518,-10.93682739623023,-11.045493614241215
ADNP2,-10.052460396549304,-10.143567298958866,-9.990086558550514
PARD6G-AS1,-12.650762423377708,-12.258777018946995,-12.651469129254487
PARD6G,-11.008181846958292,-11.330777387486837,-11.353354503642414
ENSG00000282393,-12.176201160894268,-12.290059095443551,-12.176487787828385
MIER2,-11.687111983278616,-11.61851764767655,-11.80146080279649
SHC2,-11.373147983253247,-11.274717845181653,-11.760921290833728
TPGS1,-10.803763402117195,-11.105006962769787,-11.340982195547777
CDC34,-9.77056157020443,-9.940322034069405,-10.05203026661263
BSG,-8.791947684765068,-8.877760399035886,-8.753738753639558
POLRMT,-12.01766414767249,-12.120133966805634,-12.10250793939188
RNF126,-10.72069921874301,-10.926282061365542,-10.938594846594025
FSTL3,-12.488762674938108,-12.38895402690623,-12.669055126493921
PALM,-11.155269700723649,-11.38164064310986,-11.496859333143217
PTBP1,-10.30286749870403,-10.377019161734973,-10.642591455734697
PLPPR3,-11.434159978360317,-11.130174144569775,-11.809751043469287
CFD,-12.662190476703353,-12.878282046940091,-12.52033075011728
MED16,-11.756465334771573,-11.763384103319897,-11.695602801525162
R3HDM4,-11.088704369547894,-11.114425856695172,-11.161245358018016
ARID3A,-9.463852414901332,-9.469445604909092,-9.9100076045529
WDR18,-10.26677038569538,-10.45342520159402,-10.504559162605538
TMEM259,-10.680226265466796,-10.688055072129243,-10.679249690715944
CNN2,-9.106419132692425,-9.358002642830913,-9.428238502529918
ABCA7,-11.147405254875578,-11.490749719581084,-10.982613165405674
ARHGAP45,-12.570046875638022,-13.043742166299529,-12.119370796888314
POLR2E,-9.438758037522446,-9.562318854884522,-9.515106483031
GPX4,-8.561113135977301,-8.61672051528368,-8.512481542649114
SBNO2,-12.271507903479328,-12.236795374028526,-12.272653329289447
STK11,-10.677524828556148,-10.791068626971892,-10.716966258612443
ATP5F1D,-8.447239483931911,-8.597154852187359,-8.468233203940645
MIDN,-9.728726790199467,-9.731751221388492,-9.948934865767566
CIRBP,-7.962499606753085,-8.143638038025385,-8.172356959769274
FAM174C,-11.325867261597447,-11.569905714947057,-11.504691682988621
EFNA2,-12.260510101746643,-12.844481732085882,-12.606905551820567
PWWP3A,-10.03751284889106,-10.198327151468916,-10.364318409496276
NDUFS7,-9.388458703483373,-9.684908940354124,-9.393254897895817
GAMT,-9.762973871633077,-9.91611039900819,-9.932994133331336
DAZAP1,-9.718676839388372,-9.972296508395322,-9.921438729785937
RPS15,-7.11557384140616,-7.344293362581556,-7.1571766473454925
C19orf25,-10.960801605400214,-10.939195163586358,-11.079561046366882
REEP6,-11.81427464452662,-11.709782796722509,-11.428706508844208
MEX3D,-12.089393114719037,-12.313877447211484,-12.54862482586023
MBD3,-10.87554637679861,-10.955276086107785,-10.98947389150141
UQCR11,-8.413998926077948,-8.492274838637966,-8.36713800179255
TCF3,-10.219194270351597,-10.256499973938304,-10.503819617345178
REXO1,-11.127201039345966,-11.062594443334522,-11.546663314275076
KLF16,-12.407891824706615,-12.675999666938592,-12.702639929075247
ENSG00000261526,-12.78360585724497,-12.678957125825349,-12.665672479726199
ABHD17A,-10.434696682574884,-10.61413100756033,-10.553859415882545
SCAMP4,-11.240861487565294,-11.172431958871158,-11.333938568379875
CSNK1G2,-10.547796004626719,-10.578931199249832,-10.72584648949924
BTBD2,-10.722183381146783,-10.630707686050213,-10.749385687878478
MKNK2,-10.78754309134413,-11.0221939213476,-10.865257572516441
MOB3A,-11.534264975380356,-11.591364346751366,-11.890260200808571
AP3D1,-9.860667316807643,-9.992440307724161,-10.035935254970015
DOT1L,-10.670669258781592,-10.604483743067554,-10.702095259042853
PLEKHJ1,-9.461300827297693,-9.734443229081679,-9.570173413205595
SF3A2,-10.934071278745218,-11.007958723532134,-11.129647559453424
AMH,-13.050314095296574,-13.203136203365656,-13.250463111481423
OAZ1,-8.137898558636845,-8.166652442700784,-8.191537690447442
LSM7,-9.182973723510605,-9.296106025082107,-9.232270620463485
SPPL2B,-10.916423543075501,-10.89326673375536,-11.001931124472089
TIMM13,-9.064397716428072,-9.211124742171206,-9.091745427692164
LMNB2,-10.783881419128303,-10.93628513988362,-11.13408601725197
GADD45B,-10.310242170667282,-9.920685115153162,-10.54281644673044
GNG7,-11.096064919032278,-10.761242343752965,-10.914202900673677
SLC39A3,-11.442136341166462,-11.417245659355236,-11.327011911718488
SGTA,-11.06910403029426,-11.154995923584547,-11.222990932821013
THOP1,-11.700758087505722,-11.883187423836814,-11.884497670549184
ZNF554,-12.154626355067592,-12.125307370652328,-12.329694743580422
ZNF555,-11.731352388952805,-11.533347731394093,-11.815925994861505
ENSG00000253392,-12.773128357186575,-12.710889127182792,-12.92954798932161
ZNF77,-12.46710606339181,-12.146640736489319,-12.368928767380204
TLE6,-12.042820633072182,-12.04701253635965,-12.292072605366817
TLE2,-11.04705389333241,-11.26405382388962,-10.933688099531917
TLE5,-8.889150413379646,-8.987929024873706,-9.050795837668842
GNA11,-10.834683811633653,-11.082135429063502,-11.106967457213601
NCLN,-11.679534459391801,-11.686183692199599,-11.89613595124289
CELF5,-11.97504766143087,-11.907876046942407,-11.942431141289697
NFIC,-10.003032944371414,-10.096634771551276,-10.248815194939898
DOHH,-12.221290708417508,-12.307547626244997,-12.160169081062973
FZR1,-11.823102303505298,-11.921833304278358,-12.036510884748708
MFSD12,-12.08348973259991,-12.015886415726857,-12.129336295439964
HMG20B,-10.439531397300508,-10.570621333409704,-10.519637546871731
CACTIN,-12.469903204520666,-12.334756453674746,-12.495850241161119
PIP5K1C,-11.537039774980066,-11.701741221545596,-11.892667669661579
APBA3,-13.101776707097224,-12.893971445612696,-12.645194040476445
MRPL54,-10.373742099345831,-10.521195536853979,-10.34704157789892
ZFR2,-11.389419379181462,-11.43924627781506,-11.358963314494078
NMRK2,-12.618659708138129,-12.377351356305592,-12.058411749773224
DAPK3,-10.151734334751696,-9.783569399464428,-10.1820235458663
EEF2,-7.6625828862066285,-7.712278817899,-7.782462064398459
PIAS4,-10.846983948142881,-11.016766152429282,-10.842707990640244
ZBTB7A,-11.16910640962773,-11.0264433315455,-11.221795368854256
MAP2K2,-10.035790805292024,-9.945461267915693,-10.070694233070084
SIRT6,-12.351505289385214,-12.136934960050272,-12.19363631954282
YJU2,-11.856166940036923,-11.793514532455518,-12.099120406907824
SHD,-11.502746930190717,-11.7329181536885,-11.477399326676801
FSD1,-12.086774337398847,-12.131120354221384,-12.09080778853806
STAP2,-11.985345485873369,-11.895436975298066,-11.955815788557477
MPND,-11.51801177876347,-12.036701202007043,-11.92251924069556
SH3GL1,-10.775940784995216,-10.97626178390914,-10.896800947993606
CHAF1A,-10.917757089288415,-11.182721562038292,-11.382022385690913
UBXN6,-10.966321759358163,-11.174252612030935,-10.959430031100048
HDGFL2,-9.901265582625195,-9.892019865029878,-10.02188073004878
PLIN5,-11.747526949659857,-12.153769847759268,-11.728523913765613
SEMA6B,-11.352394431617487,-11.845692263245017,-11.27777334397182
TNFAIP8L1,-12.41297454095991,-12.820440542913914,-12.550733154796575
MYDGF,-9.896556316094527,-9.882457110350545,-9.842063484585696
DPP9,-11.36859135659768,-11.485374464651887,-11.50008397351413
FEM1A,-11.445761424355386,-11.711622340544675,-11.680289025087752
ENSG00000269604,-12.063177613205704,-12.120824728258036,-11.958856558782804
PLIN3,-9.92344373758762,-10.013898175609308,-9.968998754752864
UHRF1,-11.805260697394683,-12.26736041352925,-12.701786793889863
KDM4B,-9.332820494139371,-9.573353548779698,-9.545148337231666
PTPRS,-9.738700177912362,-9.650232347411793,-9.793562299775164
TINCR,-12.773197659201717,-12.93542715129311,-12.639286326398155
SAFB2,-9.832378820094927,-9.841590999688048,-9.892604630601488
SAFB,-9.09819502313721,-9.206995344096676,-9.259048939622545
RPL36,-7.311856024828733,-7.509294564883937,-7.369829224424907
MICOS13,-9.552184931528563,-9.714161035511268,-9.511948898535872
HSD11B1L,-11.587367986673964,-11.498773982895848,-11.460826282314077
LONP1,-10.601155649742461,-10.798442330270426,-10.679099182456142
DUS3L,-12.269225212995739,-12.22825947514727,-12.70432102271669
NRTN,-11.354405826799512,-11.08584001201406,-11.34249868896473
NDUFA11,-8.360715943378132,-8.41529278285076,-8.38442995815321
VMAC,-12.747019251035804,-12.774042513049906,-13.029438994187485
RANBP3,-10.634574283426856,-10.660110518925087,-10.77991745074988
RFX2,-11.498996252765547,-11.621862846926884,-11.593604006419975
MLLT1,-10.825020443201494,-10.715124237286023,-10.988325456686873
CLPP,-9.886301266021148,-10.157689803814872,-9.921090561789235
ALKBH7,-9.35148251425117,-9.436586042366363,-9.358720985536925
GTF2F1,-9.823016907569148,-9.841839924911124,-9.962920351384973
KHSRP,-9.593376016004601,-9.726156739846534,-9.749662218451519
SLC25A23,-10.402846996452338,-10.462250053864594,-10.484287886672975
GPR108,-11.2684474246768,-11.35555889640563,-11.441610590091527
TRIP10,-11.170509127579372,-11.059493785090867,-11.204456259231312
ZNF557,-11.645020090529988,-11.681562674785035,-11.78972832927894
INSR,-9.606708888867107,-9.557267151811303,-9.838396091480263
ARHGEF18,-10.935512558230744,-10.8850154121043,-11.077893747379342
ZNF358,-11.050906237645728,-11.183020434727974,-10.856409933032614
MCOLN1,-12.168011589621472,-12.091389389966292,-12.128139506289822
PNPLA6,-12.566646580317476,-12.562822717072875,-12.547696943742983
CAMSAP3,-12.81443896227766,-12.917290407586176,-12.817256935067713
XAB2,-11.987756628595948,-12.010011574516408,-11.963881990674583
PET100,-9.835435112935926,-9.878282492671152,-9.90626324090081
STXBP2,-11.714066168530703,-11.87254142718844,-11.879042570349451
TRAPPC5,-9.796223331226788,-10.049789049583113,-9.948333650561018
EVI5L,-11.597318783102281,-11.547039390178433,-11.937017888159826
PRR36,-13.049085617150169,-13.02697187385402,-13.113608997172356
MAP2K7,-10.887883153251671,-10.899043026482264,-10.969395163262318
SNAPC2,-11.7008485024925,-11.86644741053352,-12.02204070683017
CTXN1,-10.770678857765002,-10.84291439863435,-11.045397271356702
TIMM44,-10.512569630492534,-10.58940331860182,-10.459227982669553
ELAVL1,-9.251460082865265,-9.38091135034387,-9.38633880002806
ENSG00000267939,-12.962466468706324,-12.289113080344892,-12.965368054097146
FBN3,-11.485496500636634,-11.58542491226215,-11.663745169012929
CERS4,-10.48278814187008,-10.491059109884668,-10.559721438792625
ENSG00000271717,-12.987576964431684,-12.82068100138164,-12.871054288627032
CD320,-10.487144854607157,-10.518433676114816,-10.524922591583453
NDUFA7,-9.039824859164343,-9.14561801002219,-9.024727535689399
RPS28,-6.693681252922624,-6.8511053626528255,-6.7083092056977005
ANGPTL4,-11.998871584671896,-12.51789865596459,-12.985694110178626
RAB11B-AS1,-11.451176085118712,-11.3005300261891,-11.796761037132617
RAB11B,-9.830039870357181,-9.805295373009612,-9.881243805957876
MARCHF2,-11.273476294536653,-11.262927967123405,-11.470990876853074
HNRNPM,-8.338733606180474,-8.489824139851345,-8.459411245124528
ZNF414,-11.46953773681777,-11.405711268164128,-11.511286867246193
ADAMTS10,-12.132165239457178,-11.790912423588475,-11.7743436324774
ZNF317,-11.782752387178355,-11.769191013944013,-11.813682375562173
ZNF699,-12.242537486137758,-12.090232599949722,-12.456375378534833
ZNF559,-10.660422639795836,-11.092884627179316,-10.565086923090224
ZNF177,-11.726419095024537,-12.00698350922201,-11.796066814027407
ZNF266,-11.316492830603107,-11.003390542011289,-11.451971990197661
ENSG00000287275,-12.392397078908921,-12.314626131182143,-12.673254047508285
ZNF426,-10.778066267019591,-10.849414807489161,-10.968731789325869
ZNF121,-10.460835455590495,-10.293108424467794,-10.444086290830015
ZNF561,-10.40579130153151,-10.494578255102164,-10.622140373805781
ZNF561-AS1,-10.265543780360176,-10.322560613253657,-10.244972584780866
ZNF562,-11.054179166978813,-10.74831248294674,-11.415472509308787
ZNF846,-10.758158018375662,-10.962822257849925,-10.481257713412244
FBXL12,-10.80534591508104,-10.81303801844473,-10.819850243064508
UBL5,-8.388896632070319,-8.421092761560152,-8.38878367581898
PIN1,-9.782927916733534,-9.939190311437986,-9.881078385054446
OLFM2,-11.802378086492135,-11.836045294711258,-11.734653220720341
PPAN,-11.181589753394666,-11.323986308749102,-11.307600389915708
P2RY11,-12.389313574182209,-12.526066294211175,-12.645592090320495
EIF3G,-9.39636489500385,-9.497050134253211,-9.462189749858737
DNMT1,-9.54470302370258,-9.605867533450756,-9.818058991259118
S1PR2,-13.229060335652294,-13.003703088175158,-13.22315152397575
MRPL4,-10.07062375907992,-10.140226485934292,-9.922952585749963
ICAM4,-12.078131045849723,-11.21301751975112,-12.350228674146969
FDX2,-11.058390771147133,-11.171728921746796,-11.258280415629462
RAVER1,-11.502010535651278,-11.807779683147547,-11.589620927377162
ICAM3,-12.340572456804145,-12.49815012548458,-12.225971659364912
TYK2,-10.987417594468317,-11.058308766926814,-10.631081829519392
CDC37,-9.31008573098691,-9.346669335910336,-9.436273823080366
KEAP1,-10.799436655602845,-10.93286190399853,-10.985366324252617
ATG4D,-11.387816589809098,-11.61345072979183,-11.318850476575443
KRI1,-10.955891050040238,-11.041631354462863,-11.119865153623403
CDKN2D,-12.501367408779574,-12.462606348520863,-12.452504632894543
SLC44A2,-10.766344534447516,-10.72220785792177,-10.895733947452248
ILF3-DT,-10.584160581629858,-11.030393425969512,-10.898066107229717
ILF3,-8.703115861429724,-8.773899959415317,-8.876071733872212
QTRT1,-10.614444141191077,-10.889000020297129,-10.964259439624728
DNM2,-9.94320166436362,-9.84518570998024,-10.101275564251068
TMED1,-10.530680684040115,-10.474282127292549,-10.57981328712864
CARM1,-10.816288472458552,-10.969633594673805,-10.897784529891927
YIPF2,-11.533011566316409,-11.41671363479588,-11.415607573242427
TIMM29,-10.846357221757879,-10.821081664028151,-10.866075906234977
SMARCA4,-9.243128424598341,-9.298623127874324,-9.43660704348508
LDLR,-10.999359891071268,-10.681764809172831,-11.090902151908338
SPC24,-12.270231102526324,-12.507154549655077,-12.644753710126936
KANK2,-10.677445355859287,-10.883629633652477,-10.955782084905476
DOCK6,-11.96370852462273,-12.00595192056513,-12.10289141042284
ENSG00000267082,-12.710074471454659,-12.567865170783952,-12.550513018607514
RAB3D,-12.212204432184544,-12.370202466063416,-12.118770749458449
TMEM205,-10.348566793319844,-10.38144661934785,-10.354450998448636
CCDC159,-13.015800997844435,-12.68083603231199,-13.090858971982136
SWSAP1,-12.573020718740038,-12.332594798950828,-12.840339244172958
EPOR,-11.118056603777504,-10.966413937372403,-11.149125894119223
RGL3,-11.33768691058728,-11.444890824322334,-11.455552282885746
PRKCSH,-10.212101423301656,-10.31732057751046,-10.504476297236137
ZNF653,-12.737050661900607,-12.404217467236785,-12.818409643792362
ECSIT,-10.899607768914464,-10.955832575475025,-10.927714777781205
CNN1,-10.051249996536528,-9.798712176563711,-9.858598861210703
ELOF1,-10.798723476597827,-11.031475288682625,-10.921956166326456
ZNF627,-10.878567501695501,-10.940288880036974,-10.896262829646892
ENSG00000197332,-11.986312306522915,-12.73096620078928,-12.472812227837993
ZNF823,-11.588653393037882,-11.575583424773324,-11.54087051961942
ZNF441,-11.627374499243572,-11.326616293344037,-11.527351525864985
ZNF491,-12.525950922429804,-12.556194759744628,-12.238290184892819
ZNF440,-11.306660849412763,-11.381260632159702,-11.525526568582906
ZNF69,-9.80803967071658,-9.628175908766393,-10.053268533167381
ZNF700,-11.277552223512567,-11.217103201685497,-11.509061499094331
ZNF763,-12.223824074996436,-12.104073359821491,-12.49870968800133
ZNF433-AS1,-10.736280291744407,-10.453583153228701,-10.516370649474943
ZNF433,-11.662117105368909,-11.45625417563498,-11.963912797393235
ZNF844,-11.552677962747081,-10.738925293593153,-10.896664405178385
ZNF20,-12.49163323245537,-12.567586876351632,-12.54698800418064
ZNF625,-10.45570386916656,-10.526626084114028,-10.674562349711678
ZNF136,-11.616799097192358,-11.761776371054177,-12.020204111567192
ENSG00000291101,-11.97674687095508,-11.727485259335527,-12.122667397011403
ZNF44,-10.145840661528327,-9.963854323127928,-10.254493338070084
ZNF563,-12.62950657728324,-12.867561561019672,-13.099244225051862
ZNF442,-12.428119323264527,-12.107520079609287,-12.682210310239173
ZNF443,-13.03146854473462,-13.123575135050785,-12.623939579541666
ZNF709,-11.173384029270759,-10.975455290651505,-11.102820651704038
ZNF564,-11.614751359887713,-11.525338108230097,-11.824833936669785
ZNF490,-11.612289087639775,-11.323605026682012,-11.806966139065679
ZNF791,-10.279311724693702,-10.28874230730034,-10.396382755669018
MAN2B1,-11.95903339240769,-11.667189372846206,-12.009807862266566
WDR83,-11.716010625835157,-11.74104653332543,-11.775728507209083
WDR83OS,-8.875726914602332,-9.033757518534477,-8.931127414736284
DHPS,-10.637403409433052,-10.650131322734707,-10.806745848482095
FBXW9,-12.023467381905276,-12.338775643845041,-12.101996374400636
TNPO2,-10.63589081335208,-10.639423574654577,-10.846701875186952
TRIR,-9.085389922932656,-9.160489314978218,-9.205392069628235
GET3,-10.976143442153822,-11.161530811945829,-11.120529243592747
HOOK2,-10.642081214499354,-10.594560552139669,-10.609439249980797
JUNB,-11.110103952490855,-10.767848609710702,-11.406255649431728
PRDX2,-7.861815597877204,-8.059544311206224,-7.796071124935081
MAST1,-12.271171307488672,-12.6072959868863,-12.526594454970079
DNASE2,-11.627873789709923,-11.581390277954322,-11.497030188689353
GCDH,-11.311176888106191,-11.377185345217477,-11.343539186558248
SYCE2,-12.877928259880292,-12.670218565708245,-12.778195488309098
FARSA,-10.804694336248376,-11.105226562029873,-10.846470164023254
CALR,-8.393302780461642,-8.324962913614312,-8.578311670927432
RAD23A,-9.356432887007614,-9.417515764977544,-9.374975356521697
GADD45GIP1,-9.103236699265652,-9.306936963382105,-9.297002943084092
TRMT1,-11.49950171338396,-11.837773277277265,-11.908501739169886
NACC1,-11.471330592967607,-11.458287255224965,-11.466596253192284
STX10,-11.311381472168092,-11.332542983171221,-11.295417936967528
IER2,-9.971805659999072,-9.417174637091254,-10.135805333429095
CACNA1A,-11.352440528744577,-11.053372480560745,-10.79773524945055
YJU2B,-10.497221589250687,-10.291085925823982,-10.562106701270437
MRI1,-11.428123115039392,-11.216822521175528,-11.866133604922533
C19orf53,-9.201924045775,-9.351222028051005,-9.249282524033486
ZSWIM4,-12.100852179662304,-11.93672835885775,-12.249567425230158
CC2D1A,-11.56103062130431,-11.645822011146139,-11.622392825876767
DCAF15,-11.455394015775807,-11.437377002058671,-11.605205068487685
RFX1,-11.432489147468845,-11.296867201854957,-11.363769477353488
SAMD1,-10.125056543604746,-10.253009897982754,-10.301137343851607
PRKACA,-10.114708802065717,-10.154238379246456,-10.355820102287735
ASF1B,-11.85404374794255,-12.395266393239703,-12.755498533905786
ADGRL1,-10.797308277323133,-10.675419583698764,-11.045634519161705
ADGRE5,-12.999380561597803,-13.100186615797162,-12.978231942402068
DDX39A,-10.903556461119168,-11.174053350896466,-11.142341731658474
PKN1,-10.551425265629511,-10.783108479450329,-10.82782934827469
GIPC1,-10.107659490619875,-10.299761965408905,-10.343749026491668
DNAJB1,-9.876794907027172,-10.128587674904875,-9.864531750875635
TECR,-9.841300996855745,-10.014778592138947,-10.225443962084688
NDUFB7,-9.050800565370968,-9.199957655634988,-9.11648696380365
ZNF333,-11.82946347438726,-11.782599270186966,-11.934753210551877
SYDE1,-12.22692281089348,-12.256525454321665,-12.369988070156852
ILVBL,-11.245182091625313,-11.23520143653114,-11.424208811212429
NOTCH3,-11.220188526202303,-11.20449096713624,-11.7035295794935
BRD4,-8.989154655262773,-9.046060683463445,-9.056851845221136
AKAP8,-10.76855102974054,-10.73816270853938,-10.851645834377948
AKAP8L,-9.420984945686698,-9.393876843274569,-9.609734880237214
WIZ,-11.160958820960966,-11.30960630902386,-11.2242897948435
TPM4,-8.725997763861567,-8.751048605801243,-8.71827397159985
RAB8A,-10.008575734395635,-9.93432483421674,-9.875033682440336
FAM32A,-9.980987317717018,-9.989347225243174,-10.081624215720845
AP1M1,-10.872522882983404,-10.94525808760342,-11.05837434479471
KLF2,-11.677702135588541,-11.819384134992585,-11.267962787574701
EPS15L1,-9.809127770050988,-9.833596583347601,-9.893889452320797
C19orf44,-11.885891268494381,-11.697854377459779,-11.96183086222752
CHERP,-10.681439989875091,-10.726923176141911,-10.935762955490306
SLC35E1,-10.589583753834747,-10.65677685999972,-10.70602024446409
MED26,-11.554719923699473,-11.722253899289727,-11.765343863963787
SMIM7,-9.659371317223515,-9.842301703897224,-9.754136677795483
TMEM38A,-10.151599703824283,-10.115992804709935,-10.101850650595734
SIN3B,-9.886692072069552,-10.083540611491054,-9.92662213759688
CPAMD8,-11.813611824495824,-11.565847515011567,-12.098443099263354
HAUS8,-11.407654389505995,-11.45185595226363,-11.922823622301458
MYO9B,-10.065504606787696,-10.027738797694802,-10.337254692289653
USE1,-11.028754823768109,-11.028985381189287,-11.218282624362628
OCEL1,-12.136054460029928,-11.84525059155328,-11.674981546475127
NR2F6,-10.127756494225077,-10.223125891534519,-10.289518161182528
BABAM1,-9.912074320563372,-10.142619841832433,-10.147152227994724
ABHD8,-11.70399015346099,-11.514391343576046,-11.83137236631569
MRPL34,-9.345142251480851,-9.685013861085828,-9.411279910384344
DDA1,-9.979424544231952,-10.096501439519235,-10.151456219552111
ANO8,-13.225970821073856,-12.78680120177201,-12.925537132635469
GTPBP3,-11.625632492452604,-11.728377607137185,-11.743204557536448
BST2,-10.787399146196748,-10.192753636457798,-9.723127919523415
MVB12A,-10.56660240397197,-10.714275297816776,-10.706892719772311
SLC27A1,-11.615101298785234,-11.566232010190324,-11.665808787695996
PGLS-DT,-12.091903444448437,-12.17519128029912,-12.6137992772101
PGLS,-9.753996584945233,-9.868940822198235,-9.728740755672787
COLGALT1,-11.409563723581458,-11.61418232375301,-11.51141445850016
MAP1S,-11.620004181170403,-11.878137383394433,-11.772971415095098
RPL18A,-6.701408152774566,-6.943363442193362,-6.940066830374213
CCDC124,-10.458897582805603,-10.469262047523245,-10.509982729006827
MAST3,-12.64750486022422,-12.451794504787028,-12.912798948120061
PIK3R2,-10.810809565463073,-10.94467461239034,-11.032887767280648
MPV17L2,-11.5012086856293,-11.488912574570694,-11.534238693352723
RAB3A,-12.853521359577403,-12.904615774131392,-13.000940745027764
ENSG00000268650,-12.478128579841705,-12.63126708868433,-12.500456348938021
JUND,-9.242440560915854,-8.994410221946596,-9.528123220509324
LSM4,-8.802617124394397,-9.095667919757801,-8.84157490214876
PGPEP1,-11.329876034098193,-11.569308862995136,-11.62554337347743
SSBP4,-10.169674564426945,-10.240542238718467,-10.01849677540247
ISYNA1,-9.483943061489366,-9.55297342531733,-9.852797942172145
ELL,-11.371232075519961,-11.372700490260483,-11.732177256527766
FKBP8,-9.786947665780469,-9.84031487003272,-9.762300095303836
KXD1,-10.525827786146888,-10.745798393361596,-10.814904299006967
UBA52,-7.496052604641838,-7.64263233951845,-7.63874174692746
REX1BD,-10.219033661844145,-10.250363040765984,-9.966454139492622
CRTC1,-10.603299186729895,-10.567252943930393,-10.762066694580977
UPF1,-10.726928408715134,-10.782532817502272,-10.828049158676816
CERS1,-12.863154282663407,-12.42652393579642,-12.394125214242962
COPE,-9.37631262751675,-9.514200445902596,-9.478017563075385
DDX49,-10.947974333093182,-11.082723535452756,-11.02387768198837
HOMER3,-10.764304434420453,-10.666952825281424,-10.831896495639686
SUGP2,-9.408963844249556,-9.364269347564045,-9.46900247003743
ARMC6,-11.595221094801778,-11.705734233894143,-11.89286509378948
SLC25A42,-11.475712293915283,-11.519555710348527,-11.66259997137525
TMEM161A,-11.063919036682861,-10.788841747119395,-10.719451673643546
MEF2B,-12.157732666617306,-11.923445679129218,-12.558642855865083
BORCS8,-11.438348697134094,-11.56667687424952,-11.326336785899995
RFXANK,-10.789313365026464,-10.93786011464219,-10.8804654448313
NR2C2AP,-12.136642551727345,-12.09235765282762,-12.073248348756447
TM6SF2,-13.225683732108186,-12.816921754839885,-13.19595048639729
SUGP1,-11.111534430430591,-11.100901720783455,-11.281045518153634
MAU2,-10.301797254053907,-10.41021382079468,-10.59944034434768
GATAD2A,-9.636077329459779,-9.617797978009198,-9.749906884462202
NDUFA13,-8.086630006600096,-8.242425066683957,-8.103789200852832
YJEFN3,-12.261296159535028,-12.048935074096343,-12.138978452680872
PBX4,-11.788660953403769,-11.602124810598097,-11.828130952430282
LPAR2,-12.115193327223222,-12.387963221918811,-12.151491819403898
ATP13A1,-12.29062237536079,-12.328281078835706,-12.214320294125708
ZNF101,-12.3536701540763,-12.250509204587567,-12.513760323493177
ZNF14,-11.54364976047232,-11.185971912123408,-11.351744982809977
LINC00663,-12.517070962345594,-12.2761423665725,-12.210973039455578
ENSG00000291177,-10.584684184990067,-10.939324755046234,-11.051388954103816
ZNF506,-13.208526919652076,-10.206455484976427,-10.161159952372968
ZNF253,-10.171041835999384,-10.122784121015039,-10.302484441779395
ZNF93,-10.407237095973114,-10.490554740675064,-10.68748886117536
ZNF682,-10.509976977959765,-10.666856411674805,-10.805415174331687
ZNF90,-10.73386918368566,-11.09133599570626,-10.602481369071041
ENSG00000267383,-10.929119099663854,-11.262603837469724,-10.954326058598783
ZNF486,-11.692445005329239,-11.549021409115175,-11.483001607023677
ENSG00000291130,-11.80723942753643,-11.218564409780797,-11.580386715314056
ZNF737,-11.066138318740379,-10.96441015076686,-10.932533094702261
ZNF626,-10.308255506011648,-9.7863741709053,-9.708836829265937
ZNF66,-10.86082291878965,-10.720031541710126,-10.94825602077459
ZNF85,-10.91161553878357,-11.080778200214928,-11.130406671538246
ZNF430,-10.895167551481572,-10.981975762045574,-10.971557730234313
ZNF714,-10.2849388018291,-9.938542814015198,-9.975151426773643
ZNF431,-9.3939069206309,-9.46539702793077,-9.429203789296915
ZNF708,-9.883511500856365,-9.747807605600322,-10.0460600700149
ZNF738,-10.277431695747513,-10.286987215453196,-10.284180395480735
ZNF493,-10.367374948600215,-10.508853071730762,-10.33869426769575
ENSG00000268119,-11.248152150404556,-11.316887458329012,-10.854996629254114
ZNF429,-10.234456496472529,-10.41938104349621,-10.433629836010455
ZNF100,-10.996093434509694,-10.842416788054457,-11.121107138617365
ZNF43,-9.866379627091554,-9.967190648158551,-10.085694727524631
ZNF730,-10.729465958572433,-10.809854741514464,-11.297435752456279
ZNF724,-11.448324148126364,-11.676654916593321,-11.801807956045163
ENSG00000284428,-11.181963496355314,-11.201602567390111,-11.291955445273755
ZNF91,-9.122773084398204,-8.972585741553413,-9.247016730256762
ZNF675,-10.774888197610847,-10.888642029995125,-11.010589579745716
ZNF681,-11.642055087507796,-11.459272003201269,-11.49157861414371
RPSA2,-9.504438504814921,-9.516786628172465,-9.778536950164726
ENSG00000268362,-11.47578479386376,-11.312273582587858,-11.5670736282898
ZNF254,-9.656095244665378,-9.291560838078185,-9.47858950133648
LINC00662,-10.66992149534518,-9.984416852713926,-9.828910567998303
LINC02987,-11.742377172118411,-11.044208709039937,-11.198403476104687
UQCRFS1,-8.797463536647228,-8.882820041335481,-8.753605058908771
POP4,-11.036896022313742,-11.093442422379184,-11.02668239283583
C19orf12,-10.52220476749659,-10.474228088742565,-10.540418338195567
CCNE1,-11.752439713645188,-11.713085023273994,-11.8305978143618
URI1,-8.810448362303132,-8.864656112151572,-8.889529574102943
TSHZ3,-11.947667976136977,-11.91846331813578,-11.663147827228135
ZNF507,-10.01177510096684,-10.176685460695342,-10.202276370447308
DPY19L3,-9.939212129456319,-9.76351969287253,-9.829157732297706
PDCD5,-8.797529369625849,-8.99128865251564,-8.864322329315142
ANKRD27,-11.192590198584254,-11.038620000087288,-11.242838543542451
NUDT19,-12.326657066230503,-12.204378850865474,-12.3872788465325
CEP89,-10.383594219569611,-10.558617772855719,-10.615426095148448
RHPN2,-11.424943501229842,-11.291863536130409,-11.278971686270165
GPATCH1,-10.873232305458712,-10.79620050052875,-11.1144120399503
CEBPG,-10.023073708816677,-10.140542340181032,-10.027771967150423
PEPD,-10.339316030587762,-10.37335926774044,-10.509678356152655
KCTD15,-11.09711419103675,-10.925570529278733,-11.049294074463447
LSM14A,-8.61675003794516,-8.645899257208955,-8.799478324510398
GARRE1,-9.961342777693286,-9.893588494943483,-10.094988674103783
GPI,-8.690663726797466,-8.842462311114879,-8.52192019669865
PDCD2L,-11.172592430677966,-11.409416512360469,-11.264645371343676
UBA2,-9.200191015670601,-9.253053079748012,-9.306572258750546
WTIP,-10.977078566765003,-11.013508465394922,-11.323183100675786
SCGB2B2,-10.636082889914864,-10.870709276622406,-10.903110272924629
ZNF302,-9.586294367577931,-9.62268785489297,-9.53608167289743
ENSG00000274104,-12.949467506330967,-13.219291111075052,-13.036415637346973
ZNF181,-10.857562674856634,-10.865941068525668,-10.836030716830809
ZNF599,-11.804995153868294,-12.094133456236356,-11.932852699848437
ZNF30-AS1,-12.89656229137041,-13.190262330316829,-13.001255305585662
ZNF30,-11.83038186509214,-11.633921483615035,-11.72800406071691
GRAMD1A,-10.624732851127167,-10.551843754019245,-10.618406192451499
HPN,-11.783962619558753,-11.78369251304492,-11.306713959148514
LGI4,-12.192771237829303,-11.876019203326456,-11.982060231950804
FXYD1,-10.516350326889429,-9.821982203777374,-10.117263975199224
LSR,-10.75020283576122,-10.91404387671618,-10.933018099015909
USF2,-10.25708842339932,-10.345546782669476,-10.311628379585766
HAMP,-12.791187392860767,-13.096139786514675,-11.51554402501394
DMKN,-9.488643764395182,-9.89341072555852,-9.397703875431892
TMEM147-AS1,-11.760279353085176,-11.479063234727676,-11.505759518608208
TMEM147,-9.661755831984149,-9.68050104282941,-9.636822721553836
HAUS5,-12.03024242506337,-12.12947232468068,-12.285118749866296
RBM42,-10.216629720617865,-10.38494211995006,-10.302083678111336
COX6B1,-8.066971345075986,-8.212506741756526,-8.014532454453589
KMT2B,-10.671410523946125,-10.655515470900136,-10.919050278428797
U2AF1L4,-11.512148393273518,-11.680431389917729,-11.626126920396725
PSENEN,-10.030575819931023,-9.975794701103142,-9.948050856653401
LIN37,-12.098025686283838,-12.198823756643199,-12.372820119990765
PROSER3,-11.708085553628873,-11.860604997843204,-12.039198218516182
APLP1,-11.325700638846921,-11.591233872098055,-11.556916382894281
LRFN3,-12.881931690219364,-12.772770696064828,-13.078235536390252
SDHAF1,-11.545952894938578,-11.640546267372612,-11.545508915211961
ALKBH6,-11.937896019525331,-11.825244183820999,-11.893470783907658
CLIP3,-11.808493055073384,-11.662644679080914,-12.070961418294647
THAP8,-12.081268381654832,-12.128754526701291,-12.267420397097986
WDR62,-12.266744845745833,-12.692773734541477,-13.02962963946729
POLR2I,-9.837719160292304,-9.957604601954653,-9.822279034862346
TBCB,-9.659433136169543,-9.76040507436871,-9.72505738256757
CAPNS1,-9.660122507409485,-9.797505138040156,-9.836888972319029
ZNF565,-11.325037550259502,-11.2697381020392,-11.43971122921563
ZNF146,-9.315234611860884,-9.350944634211292,-9.443218009417308
ENSG00000267053,-12.707941075915432,-12.567890791174692,-12.760085196615657
LINC00665,-9.847202934347795,-10.048082307132102,-9.885003158574534
ZFP14,-10.479707934636961,-10.371689696427149,-10.442512447323402
ZFP82,-10.576452609420883,-10.838990449877151,-10.864179507511585
ZNF566,-10.905409520407733,-10.750845160739331,-11.011154857937054
ZNF260,-10.556862661853138,-10.572395354060955,-10.504329073568805
ZNF529,-10.301825892076696,-10.171394716618835,-10.335225246925622
ZNF529-AS1,-11.099535005696344,-11.152951884739856,-11.286633367783356
ZNF382,-10.993613754916948,-10.800326736798818,-10.829164673480156
ZNF461,-11.426726516647765,-11.543048241691366,-11.768043478164348
ZNF567-DT,-12.92314803112731,-13.157070358342562,-12.927815915683313
ZNF567,-11.024766756524203,-10.966862666975091,-11.03449744597025
ZNF850,-10.865131880518895,-10.729336102548936,-10.875243486153291
ZNF790-AS1,-11.985576602327608,-10.849035174915812,-11.043555623626757
ZNF790,-10.955143478404299,-10.943216964560841,-10.952367703064965
ZNF345,-10.26434181498613,-10.32248198367316,-10.49061289794751
ZNF568,-11.275970474428547,-10.676378178544823,-10.6653693547046
ZNF420,-11.188764340675021,-11.104831329454065,-11.221664797814059
ZNF585A,-10.79590238690486,-10.674997601653258,-10.790502093913494
ZNF585B,-11.706373673941437,-11.089458188855033,-11.190059327669015
ZNF383,-11.660484212982144,-11.46298216623943,-11.66273825515087
ZNF875,-10.28522024895186,-10.202141765809413,-10.348430578335089
ZNF527,-12.251219877714119,-12.205686942904855,-12.097302915382016
ZNF569,-10.743589395065376,-10.790273779392773,-10.947902201845713
ZNF570,-11.52212873701617,-11.50737908768114,-11.665680621406034
ZNF793-AS1,-11.905036439940616,-11.65768332056911,-12.380617491850655
ZNF793,-10.521538673818547,-10.325903248341294,-10.504764024266427
ZNF571-AS1,-12.54669533814299,-13.124600226774591,-12.826587453040469
ZNF540,-12.560877928175941,-12.587990406467338,-12.660077215824803
ZNF571,-11.537842070759242,-11.280084628806591,-11.548474726638535
ZFP30,-10.25853472834568,-10.130253989085487,-10.384549860319108
ZNF781,-12.024691576332476,-12.071434630879287,-12.158923867177384
ZNF607,-11.791660510385034,-11.608193263160706,-11.668678417120535
ENSG00000267152,-13.086868243331304,-13.076721191248861,-13.182389527593905
ZNF573,-11.262745057617472,-11.220978916163535,-11.170645306760361
SIPA1L3,-9.94695697461146,-9.771859492045461,-10.069926375851674
DPF1,-12.783037244942278,-13.047286324868345,-13.130561251071626
SPINT2,-8.645820745524757,-8.84395186635522,-8.660057377631919
PPP1R14A,-10.559955325239631,-11.077853143295094,-10.297922579013438
YIF1B,-11.286821159959311,-11.298781612394748,-11.314346339399172
CATSPERG,-11.796318065526833,-11.582067661439861,-11.933968943204153
PSMD8,-9.005600499455054,-9.08593712483603,-9.012000277870392
FAM98C,-12.074486603063361,-12.224650429253588,-12.250332683791324
RYR1,-12.412322691654849,-12.95220990497025,-12.309255000695666
EIF3K,-8.465156684656867,-8.589113453280087,-8.487043580468244
ACTN4,-8.776748723809956,-8.722413275265463,-9.109026081479918
ECH1,-9.100979159679946,-9.093703237089311,-9.194585539226438
HNRNPL,-9.072824628747169,-9.164559320930465,-9.208826848719706
RINL,-12.941857914706585,-13.05499393109868,-12.537765548699596
SIRT2,-11.715391464587343,-11.585378938884283,-11.809899398677521
NFKBIB,-11.617056866730758,-11.837962698191264,-11.812845314208554
SARS2,-11.601374631839548,-11.729481551051418,-11.975720732387174
MRPS12,-10.479863772855328,-10.558744400089585,-10.462893969509484
FBXO17,-10.406581040879004,-10.308142929683205,-10.293694145486032
FBXO27,-12.175031053632097,-12.09135214003387,-12.03486321018636
PAK4,-10.883216466046687,-11.08543867437391,-11.141277684099716
NCCRP1,-12.804669233194405,-12.63631932734825,-12.366151216185798
LRFN1,-12.427266228557123,-12.52185053230879,-12.547015918262646
SAMD4B,-9.720995988198634,-9.628766299255082,-9.914415225996244
PAF1,-10.155887760941315,-10.335983247330448,-10.451874399134391
MED29,-10.550089180690374,-10.383578315469894,-10.439584695196553
ZFP36,-11.689470461678056,-11.205723403136316,-11.751632997453266
PLEKHG2,-11.14341472189355,-10.916096329318977,-11.40035086913915
RPS16,-6.780305887906413,-6.85805595196644,-6.770652408507614
SUPT5H,-9.588720343561675,-9.657940151468516,-9.774771606956058
TIMM50,-10.77794329686931,-10.794818224185656,-10.8044221383047
DLL3,-11.940652948412112,-11.528501331234404,-11.779458671124816
SELENOV,-13.135068926580407,-13.310444801822467,-13.134583874899407
EID2B,-11.340801104748218,-11.60915774401718,-11.507094202386654
EID2,-10.009469981337434,-10.078351481277268,-9.983259187867846
DYRK1B,-11.473311254460727,-11.46633840867902,-11.912962924349145
FBL,-9.413051232532018,-9.709413248115798,-9.422922044605517
PSMC4,-9.82715548266055,-9.94967970330067,-10.004235815096855
ZNF546,-11.798973178150943,-11.585331584008628,-11.808026427425432
ZNF780B,-9.837809953895981,-9.767137340929333,-9.853685254178652
ZNF780A,-11.327047236728086,-11.43588718988826,-11.633345176111256
MAP3K10,-12.265108390748656,-12.15490137283847,-12.206182095679063
AKT2,-10.699096757832988,-10.568729941619983,-10.76011527408028
C19orf47,-12.306524337115263,-12.451457470159804,-12.572925413724418
PLD3,-8.775598612037541,-8.779313853571571,-9.066107765927018
SERTAD1,-11.464915997986123,-11.484461931904008,-11.552347395940295
SERTAD3,-10.524826367495287,-10.24415951562452,-10.562268215934951
BLVRB,-10.848719181676733,-10.692227196512434,-10.385060139870046
SHKBP1,-11.866764500614746,-11.900861419494042,-12.139076847841736
LTBP4,-11.088871709486073,-10.979743241865279,-11.03601337477647
NUMBL,-12.627852094251777,-12.652949253886485,-12.758534579366664
COQ8B,-11.07350508531889,-11.008624545357659,-11.259467023089801
ITPKC,-11.928414993443141,-11.850171146544863,-12.054064330712707
ACTMAP,-12.026966294549679,-12.216801442339627,-12.291028700195481
SNRPA,-10.186912830772862,-10.376587172676066,-10.27238530249833
RAB4B,-12.056501860191599,-11.737188072119467,-11.96240376254609
EGLN2,-11.005173310322371,-10.994298375841103,-11.059657382661216
AXL,-10.769497019596864,-10.83442308752426,-11.205926559539416
HNRNPUL1,-9.139018095087065,-9.303210895161788,-9.348701489235928
TGFB1,-11.438862948131819,-11.59694261027921,-11.58534814508118
CCDC97,-11.357373502782643,-11.323427533273318,-11.311344377961523
TMEM91,-10.84188396232195,-10.659463356905627,-10.907476584765153
B9D2,-12.500909310918388,-12.677335923677736,-12.750711449000056
EXOSC5,-11.113784415368466,-11.410834389660405,-11.232252413986222
BCKDHA,-10.781678616825427,-10.981028066156277,-10.790120565351828
DMAC2,-10.245595696309937,-10.590726022464004,-10.728336943418487
RPS19,-6.546045419712049,-6.8542681680843405,-6.691808515652544
ARHGEF1,-11.319506591566768,-11.271507659293945,-11.606326743484098
RABAC1,-9.519143880219719,-9.385528871693888,-9.407648320966887
ATP1A3,-11.961492216625237,-12.601190794538999,-11.734040351789737
GRIK5,-12.33273925067506,-12.386203242375736,-12.418827508247961
ZNF574,-12.531570124005976,-12.624020049217414,-12.493334055689443
DEDD2,-11.751458405677617,-11.993828200189867,-11.561108354389335
ZNF526,-12.703460187560292,-12.635112946723787,-12.988578423263906
GSK3A,-11.259673253282239,-11.438249020197018,-11.368322590907374
ERF,-10.98341866458063,-11.023345121705182,-11.152992143212426
CIC,-11.6249016986994,-11.664896359772028,-12.052645013975619
PAFAH1B3,-10.010051047793434,-10.177322607442559,-10.076171662919567
MEGF8,-10.704001972605854,-10.683136126152858,-10.851815175924521
LIPE-AS1,-10.47919832265473,-10.629042221569431,-10.373191785792951
LIPE,-12.629961450279929,-12.431505680564712,-12.720670077738912
PHLDB3,-11.592994421321002,-11.707504240924049,-11.859483278676349
ETHE1,-10.952880870211349,-11.186829697220311,-10.962978353785342
XRCC1,-10.557312119071803,-10.545194883725356,-10.327790874845428
PINLYP,-12.57662514495623,-13.093963834092065,-12.209542387440749
IRGQ,-11.333628811841846,-11.27270700511652,-11.537237133616987
ZNF576,-11.771976072129608,-11.80302001010569,-11.918733932027555
ZNF428,-9.42737037585769,-9.38777880101658,-9.461395606694424
CADM4,-11.520270153721144,-11.334483990970083,-11.557142512942942
PLAUR,-13.259494677851066,-13.15912592220205,-13.26060937181682
SMG9,-11.55994356353087,-11.623773738997253,-11.74660489710854
ZNF404,-12.984231987094065,-12.729971640805282,-12.166259168765434
ZNF45-AS1,-12.982027787784478,-12.66503558082707,-12.436209122681275
ZNF45,-11.857481904712634,-11.9510468571154,-11.920397327734388
ZNF221,-12.79559592222652,-12.673747547057806,-12.679132843901337
ZNF155,-10.627763544668275,-10.503055874578932,-10.75217973030315
ZNF230,-13.106119202985628,-12.749226154365374,-12.902303946243551
ZNF222,-12.826471504225204,-12.602696238481926,-12.536334339074555
ZNF223,-11.85200378181235,-11.811533652160714,-11.882205290743634
ZNF284,-12.830052371022791,-12.92812077845147,-13.063991777408265
ZNF224,-11.34358794962162,-11.243640965697992,-11.447053708804011
ZNF225,-12.638287079961634,-12.490785676887507,-12.491138488311519
ENSG00000289428,-12.858028304699552,-12.862252522512328,-13.088637204449462
ZNF234,-11.165549849275967,-11.211605359588521,-11.198530356896148
ZNF226,-10.74813462479029,-10.624057537327847,-10.886331062913197
ZNF227,-11.262923565583076,-11.279435708838648,-11.374278918333834
ZNF235,-10.00740400744845,-9.869365423195289,-10.007960418416578
ZNF233,-12.444727574909082,-13.04525213439675,-12.821095294384632
ZNF112,-11.273328273663125,-11.282044518038491,-11.288248601275194
ZNF285,-12.76650608549469,-12.499534785652166,-12.685152244697333
ZNF180,-11.395582829848273,-11.315762021056976,-11.379857543218273
CEACAM16-AS1,-12.632431474602773,-12.312898870099726,-12.328043857921338
PVR,-11.349615815985302,-11.254264635139391,-11.357970518116202
CEACAM19,-12.356523171110698,-12.38119749323508,-12.088727043032364
BCL3,-12.75550049023966,-13.126121952464484,-12.80567161743326
BCAM,-10.459220228433326,-10.295829809127719,-10.803122326211227
NECTIN2,-9.773933128848745,-9.629274152691698,-9.981608751122158
TOMM40,-10.170727179282514,-10.306629761345418,-10.233939203010491
APOE,-9.064152767235909,-8.66277098391088,-8.434686487564584
APOC1,-12.11928923583483,-12.078268851272842,-11.628248231861964
CLPTM1,-10.76471900630898,-10.76241382913238,-10.925656720122273
CLASRP,-10.587874467381297,-10.576487031219687,-10.710307247772512
GEMIN7-AS1,-12.543390934425677,-12.02030543266982,-11.809282323326935
GEMIN7,-11.118774036410347,-11.335433002288868,-11.172527398934626
MARK4,-9.884250556765636,-9.936070122058238,-10.163237164687544
PPP1R37,-12.154145785348947,-12.104717955243373,-12.265642298543655
TRAPPC6A,-10.091952312142192,-10.132017610862446,-10.165652158566344
CKM,-9.647256081832415,-9.662311641837073,-8.815474171343327
ERCC2,-11.297843924859594,-11.34769936163574,-11.393016561910061
PPP1R13L,-11.766467827965652,-11.737937262986028,-11.142444549206834
POLR1G,-11.226811652404095,-11.19219845078858,-11.289509578135412
ERCC1,-9.916639815369413,-9.903119712679226,-10.135092199350215
FOSB,-12.752558872815511,-12.45950560410797,-12.730070234387297
RTN2,-10.589070661087867,-10.398640063964361,-10.9769462571455
VASP,-9.982745535491864,-10.052297875873228,-10.232436064554149
OPA3,-10.5576515738795,-10.617866699914869,-10.826578883818428
EML2,-11.518019689263413,-11.491792762058333,-11.421461469051762
GIPR,-11.84923132692996,-12.09041689486314,-11.967816036885926
SNRPD2,-8.476689565422046,-8.532884508214835,-8.482543943917982
QPCTL,-12.124466178594743,-12.007594378398661,-12.263667987439511
FBXO46,-10.765364219670724,-10.864534657589152,-10.942041831359486
SIX5,-11.61425975147808,-11.584384351377288,-11.771462475759543
ENSG00000259605,-12.127105178933384,-12.08410364396858,-12.074573840745295
DMPK,-10.982469000176561,-10.865630258055747,-11.34989854937687
DMWD,-11.081887894687366,-11.119875623409836,-11.257662218130145
SYMPK,-10.335579715413346,-10.354987995249012,-10.344142569860212
IRF2BP1,-12.3327280054153,-12.403407195485011,-12.264969007504444
MYPOP,-12.18543961057045,-11.99049117989365,-12.464704366387581
HIF3A,-9.459090570317992,-9.612424560935256,-9.739496143089882
PPP5C,-10.072981970962692,-10.162268619637402,-10.23801486133472
CCDC8,-10.492366158768533,-10.525859264008858,-10.54117315880604
PNMA8A,-10.892167053037957,-11.014635903268982,-10.7988228665959
PPP5D1P,-11.92172081828435,-11.857822249591916,-12.09249099183934
CALM3,-8.887357184657255,-8.953172703406125,-8.834484209114656
DACT3,-10.159128495137002,-10.35409688402919,-10.310989974674799
DACT3-AS1,-11.181219977512642,-11.162927345042345,-11.811444443292606
PRKD2,-11.704095838532716,-11.638286240187123,-11.943167729683914
STRN4,-10.861055258257558,-10.981670589750957,-11.226157249224148
FKRP,-11.218963546122868,-11.116917912802982,-11.533789671877063
SLC1A5,-11.097483843057871,-11.106285800701537,-11.364962117346364
AP2S1,-9.50197327842112,-9.688132487568284,-9.65104763703869
ARHGAP35,-9.147555843427382,-9.171834335811212,-9.446877105957762
NPAS1,-13.053088168556359,-12.621882702559118,-12.739536108129236
TMEM160,-10.393023049480586,-10.544979990218666,-10.504818655388393
ZC3H4,-10.758901387624986,-10.695708261082894,-10.784603123083768
SAE1,-9.4664773660344,-9.624052782005332,-9.755826542345925
BBC3,-11.770557536993772,-12.461074051396878,-12.274497242603587
CCDC9,-11.96726081318852,-12.026554516443387,-12.286363535706508
INAFM1,-13.030863240755242,-12.901974033083722,-12.994608247093344
DHX34,-11.734755783170463,-11.678522046476026,-11.844030737227584
ENSG00000288827,-11.562508764449214,-11.467491787355376,-11.451809801731805
MEIS3,-11.069855279038968,-10.696871451434731,-10.773384593916505
KPTN,-12.30183988091472,-12.25760349240753,-12.418873029347123
NAPA-AS1,-12.6392957758148,-12.872002415246664,-12.617666256361812
NAPA,-10.300936475981125,-10.38873433419664,-10.467549151587017
BICRA,-12.411613834970703,-12.734350226622041,-12.707285908553322
NOP53,-9.158417515391989,-9.112494415769293,-9.259161113685128
SELENOW,-7.276584718707957,-7.257005063244441,-7.331871435001607
PLA2G4C,-12.422779870309952,-11.785295558019664,-12.607016605882958
LIG1,-10.771934970894272,-10.965723351067506,-11.074181709939616
ZSWIM9,-11.557337963650411,-11.37214193455462,-11.609167187083662
CARD8,-10.5368702224836,-10.74546980818559,-10.733428717523731
ZNF114,-12.564118958412978,-12.950042727705046,-12.810808643156093
EMP3,-10.47819997582374,-10.119296439256136,-10.403393784121468
TMEM143,-12.198104875810637,-12.215987701984519,-12.3520888679443
KDELR1,-8.194023395554877,-8.235764499900583,-8.209145872423223
GRWD1,-11.425469792865771,-11.607358523645862,-11.393619443718439
CYTH2,-10.677213255030582,-10.723594731416657,-10.890992822389
RPL18,-6.6418591700285585,-6.839831999601592,-6.651901740930639
SPHK2,-12.436625283503918,-12.673715785341697,-13.054198021978326
DBP,-12.31066334997471,-12.326744479787571,-12.42344421871616
CA11,-11.981793655566298,-12.066622826586556,-11.916997559403045
BCAT2,-10.287955013018678,-10.472776051928387,-10.29125013111646
HSD17B14,-12.174841789562684,-12.215146039113643,-12.455489513205226
PLEKHA4,-11.91053205524952,-11.783324926331645,-11.551828154789918
PPP1R15A,-10.467878242062573,-10.24495386443217,-10.557750449268205
NUCB1,-10.189800230870933,-10.23200312052119,-10.254908525473883
BAX,-9.527790914814204,-9.924233995638444,-9.87203777849284
FTL,-7.987307293595495,-8.096183264307852,-7.856870765604893
GYS1,-10.488174980761311,-10.727222220367873,-10.47598068365861
RUVBL2,-10.614660910339824,-10.81321560865075,-10.872812258243256
NTF4,-12.717763947606448,-12.474313607817477,-12.695322718286302
SNRNP70,-9.196270395604072,-9.228022704161198,-9.280499450237135
LIN7B,-11.619359552270403,-11.55685973388831,-11.572665394529894
PPFIA3,-12.081919394632072,-12.07655533014522,-12.201621665796349
HRC,-9.447880412430127,-9.159869286123621,-9.64601598194272
TRPM4,-11.332055257914272,-10.978608290542157,-11.714124286875233
SLC6A16,-11.121502294235466,-11.58197731735637,-11.4416714281436
TEAD2,-10.518799840008034,-10.54090986730188,-10.525152880270488
DKKL1,-12.451255613625314,-12.998073013390904,-12.832309494352295
PIH1D1,-10.04348659042283,-10.309792728134749,-10.134663413426528
ALDH16A1,-11.976347195073082,-12.000881323760497,-12.378429111757814
RPL13A,-6.099352413731405,-6.283167024103646,-6.230385221524371
RPS11,-7.02620321159694,-7.2510003505751,-7.271168432166245
FCGRT,-11.741014695412332,-11.657483749198027,-11.981316246837777
NOSIP,-10.035382891753185,-10.218224228778366,-10.173914326792806
PRR12,-10.61008851416247,-10.66041963759153,-10.772912007106616
RRAS,-11.381366230534127,-11.242404000181383,-11.52956034980438
SCAF1,-11.455666187680086,-11.443168046327951,-11.553812178489821
IRF3,-11.134045036366611,-11.138089748309374,-11.225569135454302
BCL2L12,-10.578378645479766,-10.660065343892139,-10.571629193715104
PRMT1,-8.676531588753353,-8.824338331845993,-8.793526918972983
CPT1C,-12.368586628467526,-11.81464645966262,-11.965551026834243
AP2A1,-10.477005431500713,-10.5642522639348,-10.541043535334016
FUZ,-11.541390051884807,-11.890331939649998,-11.85092788069559
MED25,-10.89757004066493,-11.145638752588138,-11.168524957257622
PTOV1-AS1,-11.818530275613618,-12.017526474033332,-12.125153117328656
PTOV1,-9.243063817546018,-9.356329924694249,-9.40413093005451
PNKP,-11.073229274214034,-11.009699353314671,-11.169382680026281
AKT1S1,-11.455556693041121,-11.605569277768092,-11.623129876408205
TBC1D17,-11.742714882684771,-11.842313006415875,-12.010888560863648
NUP62,-10.53616270943557,-10.73893717221487,-10.769986455048482
ATF5,-11.746805773288665,-11.626165722964616,-11.552597784145084
VRK3,-10.94637011558431,-11.104835805759924,-10.867617792962292
ZNF473,-12.46003383094889,-12.462074250735059,-12.738994465221555
MYH14,-12.98113148740364,-12.526967798209164,-12.904802650044436
KCNC3,-12.063968736094541,-11.43766358334148,-11.506197660809086
NR1H2,-11.476370136605942,-11.186983111169194,-11.396850137769594
POLD1,-11.677197648813838,-11.973542986356517,-12.175124046134766
GARIN5A,-12.33933988085214,-12.613200530019606,-12.520793040014043
EMC10,-7.541748634541921,-7.595672460316662,-7.497653484649287
ENSG00000268518,-7.527564249619253,-7.4614108584178815,-7.127131278113537
ENSG00000289950,-8.711325328734372,-8.612792681378117,-8.36760557578728
JOSD2,-11.662262618850574,-11.73495825838394,-11.761284058219935
LRRC4B,-11.947485278067093,-11.609867160558311,-11.94969087812615
C19orf81,-11.641753853250135,-11.409950581108436,-11.304693050138024
SHANK1,-12.774759444142843,-12.906737887064375,-13.003918799725854
CLEC11A,-10.982414511139854,-11.203126049769763,-10.836954090239962
CTU1,-12.0871370593192,-12.044547164112867,-11.94121180693915
VSIG10L,-12.822603801011374,-12.470533527171778,-12.414431817490074
ETFB,-8.770546824491197,-8.943281021651424,-8.665087811510908
ZNF175,-11.63582624083152,-11.413082893580148,-11.879645615405511
SPACA6,-11.583988153716447,-11.577926274108759,-11.791590311685328
ZNF577,-10.441673608303436,-10.204978024330215,-10.074011232195607
ZNF649,-10.816290688883756,-10.67162487417531,-10.707681571422993
ZNF613,-11.87646859962195,-11.616259895883115,-12.040886949534658
ZNF350-AS1,-12.861520821772105,-12.099163450519788,-12.662673058510856
ZNF350,-12.00550850186547,-11.906854862222941,-12.072296306306251
ZNF615,-11.932249514856885,-11.679322323330856,-12.02502217185745
ZNF614,-11.211508722463506,-11.176691462413764,-11.255456361601302
ZNF432,-11.2129799362144,-11.24833606384947,-11.286577260689967
ZNF841,-12.40154427174392,-12.226497988864898,-12.47636173002392
ZNF616,-11.364052456183252,-11.537986906442374,-11.620870345295495
ZNF836,-12.120171819377328,-12.136250395446256,-12.241001148875013
PPP2R1A,-8.98084751124289,-9.176185810717467,-9.023575483062954
ZNF766,-10.665517721005916,-10.577754945369298,-10.684870920192521
ZNF480,-10.286927113492816,-10.336734694500246,-10.345378060737339
ZNF610,-11.315316582074658,-11.49220173571375,-11.183909042157394
ZNF880,-11.492358719032667,-10.786699228971592,-11.091049986036138
ZNF528,-12.628547968651864,-12.745981630544701,-11.013949466802226
ZNF808,-10.824798163695784,-10.646982887408905,-10.72463096331939
ZNF701,-11.440691986169343,-11.189304398831544,-11.745052858871848
ZNF83,-9.65211121817618,-9.31307161594969,-9.845889523595456
ENSG00000290073,-12.333604111547867,-12.018970423285003,-12.441947294607534
ENSG00000269825,-12.12294454463905,-11.715535792409833,-12.384298809492178
ZNF611,-10.250162551979628,-9.794300318728467,-10.456718275228136
ZNF600,-11.917749732532378,-11.922325700065201,-12.210654574476683
ZNF28,-11.760320003386957,-11.360046509763785,-11.712165300908024
ZNF468,-12.355354254372129,-11.984996152125037,-12.760551808412126
ZNF320,-10.367705972840902,-10.393119641006669,-10.57031838388885
ZNF888,-12.437103222895757,-12.335726378003722,-12.538375636612416
ZNF816,-12.030437539238635,-12.031400008434272,-12.386482792868911
ZNF160,-9.621256560510352,-9.574952610040421,-9.82675456800101
ZNF415,-11.398302005886789,-11.135394018756346,-11.201310476686235
ZNF347,-11.712826115962908,-11.455327781084053,-11.55843153937802
ZNF665,-12.507927850126205,-12.636181998093269,-12.647698260817323
ENSG00000291131,-12.643173434150139,-12.6242571471856,-12.901002436337915
ZNF845,-12.161667661972992,-12.11647605211759,-12.304045387299006
ZNF525,-11.707491986919653,-11.635085083369137,-12.020006600321334
ZNF765,-10.98767256579862,-10.684441044723366,-11.443680256652058
ZNF761,-10.562711698969563,-10.432144986383497,-10.631699047332502
ENSG00000287608,-13.272173434490659,-13.13755142249702,-13.114717003290698
ZNF813,-11.250529918121206,-10.941195732901186,-11.260042671458566
ZNF331,-11.07807893469081,-10.889571220452401,-10.906348374582587
MYADM-AS1,-12.138889491982631,-12.354374579344535,-13.176236998493902
MYADM,-9.777414317571447,-9.64963217806047,-10.008225506719677
CACNG8,-11.997211011144714,-12.03032112673816,-11.70785032043378
CACNG6,-11.79181977594718,-11.618451094820779,-11.566703709491932
NDUFA3,-9.692404727335987,-9.440849789305181,-9.510863772139686
TFPT,-11.404598017751052,-11.616119359173434,-11.534327663180804
PRPF31,-10.225951579046294,-10.518671254472135,-10.48774089697118
CNOT3,-10.74144594183138,-10.73979071598347,-10.871520207855378
LENG1,-11.57301476615317,-11.67293645236554,-11.758832201750776
MBOAT7,-10.98326512086832,-10.991800495190398,-11.126305796569195
TSEN34,-10.122752513558394,-10.10712805186568,-10.09226737032108
RPS9,-7.00900332786316,-7.2026138969392655,-7.099319054635629
LENG8-AS1,-11.783216813997678,-11.69220064239829,-11.79070499804289
LENG8,-10.850128068382261,-10.686946382466664,-10.98855788586971
CDC42EP5,-12.23441393747851,-11.049216456023261,-11.134740370147146
RDH13,-11.718122287036927,-11.844762512856214,-11.370661795661839
PPP1R12C,-11.524944814986087,-11.448553993588792,-11.554205585615577
TNNT1,-12.546874198005211,-11.616892721671165,-11.336589630937109
TNNI3,-11.29366792672638,-9.703284761271604,-9.32339507774149
PPP6R1,-10.791409951545557,-10.881959067243066,-10.963704472404757
HSPBP1,-10.86214974480825,-11.060278145293962,-11.01508666870613
BRSK1,-12.098193699137104,-12.003749904307021,-11.846102645988816
KMT5C,-11.78740399445162,-11.638248057485866,-11.773459228194628
RPL28,-6.864656494602567,-7.0476437916233925,-6.998337347228456
UBE2S,-9.65752254659195,-9.902105271307075,-9.844162176671576
ISOC2,-10.539629940539447,-10.485418679747108,-10.468914107973237
NAT14,-10.265212233792294,-10.579356954295669,-10.520004106470767
ZNF579,-12.180186349625616,-12.130166967980697,-12.017208703668539
FIZ1,-11.961921036873324,-11.987006918444889,-12.358216889095788
ZNF524,-12.473731570776987,-12.710570901938347,-12.450836149546646
ZNF865,-12.651779682800113,-12.79811972970832,-12.865929255013501
ZNF784,-12.987337130737625,-12.671950817049035,-13.070721056049983
ZNF580,-10.26750031151582,-10.465533590775115,-10.351984055924285
ZNF581,-11.002123155500662,-11.182131306692742,-11.244990222198908
CCDC106,-11.516731351936818,-11.518919514280608,-11.709118140716477
U2AF2,-10.479852812906769,-10.635041848930625,-10.694201717608857
EPN1,-10.602738315381396,-10.642080740578697,-10.732291969528868
ZNF787,-10.77159715981314,-10.822592425125064,-10.871738963197556
ZNF444,-11.259831299133868,-11.112147774501894,-11.386867028965483
ZSCAN5A,-10.396283734955233,-10.309104566646475,-10.532961942083501
ZNF542P,-10.346713197425705,-12.432589752233875,-11.093660165788053
ZNF582,-11.82740389516773,-11.840438230823803,-11.837266790837097
ZNF583,-11.382328459798101,-11.50563163412657,-11.275521032802224
ZFP28,-12.144304660594901,-12.03418687382549,-11.897705164585911
ZNF470-DT,-12.900471020489439,-12.913537121879282,-12.74326318498433
ZNF470,-11.196688441244328,-11.410697550205729,-11.279957115509548
ZNF71,-11.795999351154554,-11.619849964044695,-11.508413587439106
ZNF264,-11.290292912235433,-11.251711772115256,-11.326808607860627
ZNF805,-11.527621111122702,-11.510165910671287,-11.486108269060855
ZNF460-AS1,-12.830358812965958,-13.184684664873128,-12.957055066706433
ZNF460,-10.971808359255412,-10.882390443270488,-11.036549558625088
ENSG00000288899,-11.362323980863367,-11.282495472626234,-11.443983555932732
ENSG00000268205,-10.797056235604,-10.827445978340274,-11.000754945446776
ZNF543,-12.303604222706488,-12.038358876283745,-12.254076512338202
ZNF304,-12.100990780946193,-12.185765112140867,-12.154136118551344
ZNF547,-12.828329711150765,-12.853859057666991,-12.952830519404461
TRAPPC2B,-11.169499092033739,-11.32917734720264,-11.457612803124496
ZNF548,-11.707476695919432,-11.662268872189275,-11.85490704559292
ZNF17,-12.14954533142972,-12.33861405018592,-12.349434519785788
ZNF749,-11.703057870261475,-11.942285943519996,-11.897523929242244
ZNF772,-11.71511634006164,-12.102319689195298,-11.894715023593685
ZNF419,-12.026075203150526,-11.9534225863969,-12.130045701041508
ZNF773,-11.93041507190048,-11.717798351170515,-12.000119488168995
ZNF549,-11.244694180452935,-11.084258768703503,-11.347563220792223
ZNF550,-11.806147824348718,-11.99319145620437,-11.92801903032474
ZNF416,-12.678459445732312,-12.756278349691499,-12.638226898245033
ZIK1,-11.822602128736136,-11.805124560358637,-11.964977827298718
ZNF530,-12.553568293186256,-12.623812617035254,-12.3605992275183
ZNF134,-10.882034768808193,-10.910681118566389,-11.035817067756188
ZNF211,-11.426429403473655,-11.693113257663223,-11.590248777668805
ZNF551,-11.027548407815114,-11.175358959178386,-11.315156155848486
ZNF154,-11.647253856771055,-10.926017315400488,-11.13896794200862
ZNF776,-10.967208268710246,-10.99577495045192,-11.27228549729635
ZNF586,-10.305654081672218,-10.27722230093473,-10.502529117327374
ZNF552,-11.5718664496821,-11.549705964067776,-11.904507452175922
ZNF587B,-10.343951556528138,-10.485035882556982,-10.595401947323655
ZNF814,-10.154348030492123,-10.198294245602517,-10.318484784973183
ZNF587,-10.794297129622196,-10.998521138955926,-11.09496900128664
ZNF417,-11.472661283368758,-11.570533211120525,-11.76718891501879
ZNF418,-11.891721802549279,-11.890751844546946,-11.804687638645323
ZNF256,-12.335158620719,-12.330085382525873,-12.3842961854376
C19orf18,-12.287764739538664,-11.992735003570678,-12.09513359309154
ZNF606,-10.884887076695007,-10.834548978468023,-10.828663237007774
ENSG00000176593,-10.570332164663736,-10.493567555463503,-10.613979064478729
ZNF135,-11.526112627134601,-11.402479171134225,-11.564156669016088
ZSCAN18,-10.9466829739349,-10.889087477756139,-10.941914903028374
ZNF329,-11.5237444675128,-11.360398462286222,-11.379478106409318
ZNF274,-10.881686639435303,-10.900972569740201,-10.961848856292772
ZNF544,-9.801618434913175,-9.851606231189303,-9.76812789546393
ZNF8-DT,-11.65001950555231,-11.834690121443746,-11.807283308417079
ZNF8,-10.825191610094418,-10.804497293787914,-10.85790903984144
ERVK3-1,-10.207078846452362,-10.266589239443284,-10.228289736396295
ENSG00000283103,-10.657783394894835,-10.753246452543538,-10.633537840469897
A1BG,-11.530319436417516,-11.379888176334983,-11.679609977277929
A1BG-AS1,-11.9852457465368,-11.888787631692338,-12.09770598151569
ZNF497-AS1,-12.923521190139677,-13.02737755869842,-12.966612083346492
RPS5,-7.483218152928805,-7.612917641128524,-7.550870259707735
ZNF584,-11.8595519984191,-11.864110814210754,-11.859700189920323
ZNF324,-12.617224088742221,-12.59856706410405,-12.603647065986756
ZNF446,-12.390125137998432,-12.425333287426326,-12.391838409162595
SLC27A5,-11.689663344029421,-11.613374666014423,-11.345257530919577
ZBTB45,-11.805062098134272,-11.822784520744326,-12.04074263815217
TRIM28,-9.442526871526587,-9.658060711157015,-9.71480558843997
CHMP2A,-9.560405326782677,-9.640750730012064,-9.568199808002882
UBE2M,-9.82963430923526,-9.915883749515837,-9.812337692335971
MZF1-AS1,-12.412269267947044,-12.208187117452937,-12.497151108184475
MZF1,-11.181714525057217,-11.282783081967784,-11.469337763581784
C20orf96,-10.438641371481896,-10.918510528507717,-10.5815288887361
ZCCHC3,-10.811057605155593,-11.158502471501233,-10.82657549158035
NRSN2-AS1,-10.804370274952396,-11.441944150919923,-10.991762880498662
SOX12,-10.36773233714148,-10.618860830773102,-10.330073374341717
NRSN2,-11.041543589459145,-11.633294670662174,-11.253600996154436
RBCK1,-10.741370081546059,-11.204380389188493,-10.859192381672615
TBC1D20,-10.42669184816523,-10.853378163260542,-10.667148282348684
CSNK2A1,-8.85799827004174,-9.240245306361368,-9.005767754518306
SRXN1,-11.875522125496426,-12.043819834979654,-11.967706502250705
FAM110A,-12.346470845480773,-13.062794048557379,-12.067505156976285
RSPO4,-11.828159059605131,-11.89027394946663,-11.499929917275471
ENSG00000286787,-11.647654669997884,-11.72645850085593,-11.595397062971093
PSMF1,-9.817311735184996,-10.26159917389184,-9.897251645476304
SDCBP2-AS1,-11.165354538991608,-11.307574532453456,-11.065108272246723
FKBP1A,-9.420667022748132,-9.8510640739716,-9.498864720214335
NSFL1C,-9.847930596908041,-10.167094549022544,-9.808565574685687
ENSG00000286288,-12.332014908940353,-13.243609307434273,-12.313987271156208
ENSG00000276649,-11.92577936689107,-12.708520502753924,-11.725591252932988
SIRPA,-9.805409364364461,-10.561667757588177,-9.866959762131712
PDYN-AS1,-12.133111150690922,-13.017272396665735,-11.672600448244035
STK35,-11.094429654231757,-11.430839907113667,-11.129587549757456
SNRPB,-9.23076821130283,-9.679955708442442,-9.344880419950155
ZNF343,-11.703996515597165,-12.24146953637514,-11.789334030119955
NOP56,-9.226197501408544,-9.641293404886625,-9.294794390506926
IDH3B,-9.988573627835027,-10.470630720340335,-10.085125769189094
EBF4,-12.242786654484737,-12.573957238736401,-12.103349443055702
CPXM1,-10.610857143698116,-11.107353132092081,-11.050757085725962
PCED1A,-11.409313803764611,-11.889527635863523,-11.638172044680461
VPS16,-11.442765645919268,-11.745779158101342,-11.514648340676327
PTPRA,-8.939693427737211,-9.21641353839752,-9.03589741898133
MRPS26,-9.438514741151034,-9.931696022667206,-9.373630446786846
UBOX5,-12.204985073820934,-12.326245209531452,-12.393046255549052
FASTKD5,-11.57308765965184,-11.81537295794548,-11.484665125529109
LZTS3,-12.910758305161181,-13.060895591476175,-12.875622669559778
DDRGK1,-10.823132609655529,-11.085689556907338,-10.7738804628822
ITPA,-10.100466481282771,-10.582988591700717,-10.208721399162169
DNAAF9,-9.093617041455554,-9.333782889080886,-9.348812039553584
ATRN,-9.365925278607051,-9.695073553019132,-9.545135041941052
ADISSP,-11.08839527520977,-11.673444547725486,-11.063030970987231
CENPB,-11.789949921035012,-12.401388087601038,-12.069996477957005
CDC25B,-12.076016108441813,-13.208576812990668,-12.318204513072828
AP5S1,-11.994302846487026,-12.479378798559637,-12.174280898876198
MAVS,-10.473170881026142,-10.842673376641349,-10.554213836654222
PANK2-AS1,-11.734621346700642,-12.149518827212331,-12.038611190737338
PANK2,-10.11285233415865,-10.437170147600948,-10.232421560782335
RNF24,-9.919125613427605,-10.64501158247968,-9.982654048739386
SMOX,-12.77063649618946,-13.097793250287541,-12.485887397014418
PRNP,-9.330428818055761,-10.049988466837569,-9.23313258463343
SLC23A2,-10.65232791307963,-11.111927103521994,-10.735277537382727
TMEM230,-9.282401502743998,-9.570284173385954,-9.414904075451707
PCNA,-9.943374531327919,-10.559902476793654,-10.365909933959363
CDS2,-10.46139553019517,-10.750103330300993,-10.496668462020478
GPCPD1,-9.610038227823464,-9.83693849518316,-9.652491059252085
SHLD1,-10.883430306947963,-11.312980828133469,-11.129687686716661
TRMT6,-10.648677615185179,-11.007573152470387,-10.719727386639407
MCM8,-10.781291591242434,-11.268782946593866,-11.441284071030273
CRLS1,-8.999991801937941,-9.24813201975089,-9.106924218284922
LRRN4,-10.757755522146606,-10.88856450082257,-11.114157451453721
FERMT1,-9.745354774111052,-10.045010010661594,-10.212557657797984
BMP2,-9.15521874439019,-9.273739958228001,-8.746262162799688
TMX4,-9.14503454088701,-9.292482619095281,-9.164836581908306
PLCB1,-8.680041986168183,-8.903488986390027,-8.701528369318302
PLCB4,-7.95201582760954,-8.440377282198435,-8.199847798545871
ANKEF1,-11.892598178805844,-12.685520464871944,-11.772809982949234
SNAP25-AS1,-12.594726447148695,-12.536938990529189,-12.701431125599248
SNAP25,-10.751083351138375,-10.777556006161175,-11.080741659739274
MKKS,-10.809334498428159,-11.015969986000789,-10.652302407385658
SLX4IP,-9.76216697132726,-10.21170890842491,-9.925365068420097
JAG1,-9.491234234943992,-10.048136983865819,-9.353495948675477
ENSG00000270792,-10.784377106120182,-11.45072869243478,-10.88171457556622
BTBD3,-9.935959410051682,-10.086017832377983,-9.93586366137876
SPTLC3,-11.774458232246316,-12.151009276415342,-11.423322051685064
TASP1,-9.439027052402924,-9.785808683347065,-9.619229284531242
ESF1,-9.332883048676466,-9.715663461353179,-9.326848914352437
NDUFAF5,-10.135505257116016,-10.461288495653529,-10.065922653985933
MACROD2,-7.9169783630018165,-8.210721073179055,-8.177235202184587
FLRT3,-11.106835639669171,-11.713025575170821,-11.892010952476516
KIF16B,-10.194332782231754,-10.129302888931958,-10.039678127062647
SNRPB2,-9.040459307774823,-9.471323997871272,-9.019926113248749
BFSP1,-12.251122303309206,-12.534959294685924,-12.323880267555024
DSTN,-7.375691434288425,-7.729366343845985,-7.44327270679365
RRBP1,-9.652309396233658,-9.9034391585032,-9.603362507400726
SNX5,-9.119231661475325,-9.605862976755539,-9.187872360229466
MGME1,-9.96480638813638,-10.68161503041659,-10.202853540461227
KAT14,-10.945754377139563,-11.295057824548993,-11.053130393215302
PET117,-12.371315932797422,-12.274818124447561,-11.961848825140777
ZNF133,-10.230945025400072,-10.477638027082772,-10.29401718871219
DZANK1,-11.109754778634695,-11.397172034080699,-11.257449596295963
POLR3F,-10.96835112247075,-11.316672156719392,-10.89530578396915
RBBP9,-11.070086970729696,-11.204393414842409,-11.008430131534201
SEC23B,-10.933094085291705,-11.1224501516975,-10.88498233203186
SMIM26,-9.471772327864247,-9.850919094352465,-9.513563441052346
DTD1,-9.638098122854775,-10.202800444094532,-9.75027934052
SLC24A3,-11.301403519329932,-10.769710952239437,-10.589691396295938
RIN2,-9.118626795931622,-9.253613087973752,-9.310244655062288
NAA20,-9.538346009784958,-9.899831239095032,-9.663264035708046
CRNKL1,-10.09851573117153,-10.531477833083413,-10.193902110634479
RALGAPA2,-9.326382449285372,-9.692452843511374,-9.14287515111851
KIZ,-10.349172389613368,-10.734767146634136,-10.366263435950255
KIZ-AS1,-12.940096736767913,-13.186005977118308,-12.879707033647078
XRN2,-8.823202690072653,-9.246737603167865,-8.945233568175174
NXT1,-10.95142643623122,-11.534901903939247,-11.204465984587697
GZF1,-11.289911133394362,-11.495289056360056,-11.263250857549588
NAPB,-10.888724979080314,-11.044037668152278,-10.691482132520918
CST3,-9.582884452639442,-10.00314623366711,-9.499414531691551
SYNDIG1,-11.504588489001966,-11.445694672925292,-11.875294814726992
APMAP,-10.580396742982213,-10.808860865317794,-10.758034758627547
ENTPD6,-11.227402529513004,-11.387423991957135,-11.335559470123275
PYGB,-9.607689880870005,-9.805432723709822,-9.642520097583756
ABHD12,-9.893637531030063,-10.01500009269105,-9.839112824491806
GINS1,-10.95235297741006,-11.343460624807209,-11.300740450573134
NINL,-9.436109353401319,-9.717249700471928,-9.612783058459293
NANP,-12.022136969526425,-12.466147876591545,-12.081087785813988
ZNF337-AS1,-10.612317980580052,-10.908974515780848,-10.685958129156035
ZNF337,-10.757756743486683,-10.930779076729687,-10.681573846284275
ENSG00000226465,-11.579133456501301,-12.003984398828054,-11.864520501763021
ENSG00000291100,-9.297059832474487,-9.039704675436562,-9.416073227384901
HM13,-9.213863508758605,-9.46089590913397,-9.474541475136428
ID1,-8.778228027546106,-8.527986745103759,-8.994847315008174
BCL2L1,-10.404776244777434,-10.619741807748358,-10.539746996100805
TPX2,-9.193502581253052,-10.204802868830692,-10.089454496343558
DUSP15,-12.465300995818447,-12.461976708891102,-12.65556437357092
PDRG1,-10.498912459831258,-10.783503363927757,-10.976427154104478
TM9SF4,-9.521898358178873,-9.605331618816116,-9.969878806647055
PLAGL2,-10.198927025157431,-10.439464157939588,-10.641496838265954
POFUT1,-10.942107475674478,-11.133216871237376,-11.486371951075535
KIF3B,-9.98073819837065,-10.152438943185794,-10.508854348899947
ASXL1,-8.660710020223982,-8.829075870688202,-9.30247451103407
NOL4L,-10.28834110979212,-10.311256714266689,-10.605779666606333
COMMD7,-9.400865311854416,-9.45229552112247,-9.537290272810777
DNMT3B,-11.523849891541994,-11.536270579580808,-11.32402912247675
MAPRE1,-9.157875370439651,-9.18082702415741,-9.436055285872934
CDK5RAP1,-10.896406523330814,-10.657367681346052,-11.159468032852677
SNTA1,-9.21694022320587,-9.100972589111116,-9.204844276713807
CBFA2T2,-9.071286081352202,-8.912912162099573,-9.133866651271717
NECAB3,-11.033693945674257,-10.62138040216816,-11.394545941331518
E2F1,-12.11027165693966,-11.819471587536817,-12.96163004887257
PXMP4,-12.112991629133328,-11.895917101018197,-12.7699229454867
ZNF341,-13.179419710166469,-12.978499117202984,-13.138879338238054
CHMP4B,-9.865563180294867,-9.68147887443887,-9.947653995446608
RALY,-9.404281796406242,-9.305556846138272,-9.612076567767145
EIF2S2,-8.61394159138211,-8.595775340689121,-8.698729277164505
ASIP,-12.041078597651602,-11.745364793945747,-12.398939522646693
ENSG00000250917,-10.814075212549309,-10.277106496331326,-10.754617195821076
AHCY,-9.581613630658993,-9.690615325382003,-9.960542100683028
ITCH,-8.979943078441758,-8.745552736658812,-9.174457000046006
DYNLRB1,-8.933142180226914,-8.758842576192201,-8.96605795274345
MAP1LC3A,-11.81139282211726,-11.527821368966801,-11.971385216916575
PIGU,-10.595642763727973,-10.359508106464933,-10.798396077745132
NCOA6,-9.497283118547902,-9.243883887904639,-9.581295950100005
TP53INP2,-12.971709113568918,-12.448795169438045,-12.706447329475125
ENSG00000286803,-12.678915202735086,-12.270328648599936,-12.8809241716375
GGT7,-10.485795210793029,-10.209131917775247,-10.666244850272355
ACSS2,-10.55926297735257,-10.351386550473842,-10.911657938329718
GSS,-10.763519914836875,-10.761925900858706,-10.840388650308462
MYH7B,-10.95613768051305,-10.537571114877686,-10.580536055097934
TRPC4AP,-9.066772391707094,-8.93531255763254,-9.219175830310146
EDEM2,-11.156917075565193,-11.082511031848586,-11.131476129879486
MMP24OS,-10.620653410839859,-10.292835714386275,-10.525941498872008
MMP24,-12.737044918591666,-12.298602040719773,-12.560482972900699
EIF6,-9.82882033450269,-9.763366243600071,-9.959810201773866
UQCC1,-10.069310067402705,-9.750181707855607,-10.095908289064262
CEP250,-10.607815933540886,-10.406490267490609,-10.641475191239456
CEP250-AS1,-12.940196013308254,-13.079709478727008,-12.817039723921285
ERGIC3,-9.398338975857934,-9.35655643416181,-9.62351460700809
CPNE1,-9.405423267449056,-9.072179493777062,-9.454493964831885
RBM12,-9.990245267425852,-9.958833015032871,-10.197382041825556
NFS1,-11.995494642985474,-11.867094064145727,-12.099377978785828
ROMO1,-9.310010154942685,-9.18192540527336,-9.335885034118192
RBM39,-8.031549638753615,-7.847270776619004,-8.206458505655293
PHF20,-9.447332508381821,-9.186501648617654,-9.518452905163164
SCAND1,-9.302638797440629,-9.251748022762213,-9.329126359819352
CNBD2,-12.535316280356634,-12.565895002611132,-12.651569980434964
NORAD,-8.515095000981736,-8.08135711493212,-8.607256399151833
EPB41L1,-10.46271800653883,-10.268735943340754,-10.348124047950854
AAR2,-11.029683792501524,-10.667972888871423,-10.940310944565056
DLGAP4,-9.935340679776477,-9.826673031971792,-10.137707278440107
DLGAP4-AS1,-11.160145359676568,-10.86254072483132,-11.039101622450673
MYL9,-7.486250173344123,-7.261663648619717,-7.691632921171861
TGIF2,-9.455432724597438,-9.425011720158206,-9.713528405147748
RAB5IF,-9.797263013664908,-9.620886592772418,-9.723472433788642
NDRG3,-10.556909749450686,-10.36070866818011,-10.444537710054759
DSN1,-11.48312518582012,-11.440551183383871,-11.904803464892414
SOGA1,-10.594751771728493,-10.497825078269775,-10.654245946408675
SAMHD1,-11.855020550848133,-11.468741797384093,-11.545978405189874
RBL1,-10.781344508844805,-10.668859948178115,-10.998343781837159
MROH8,-11.46764232432728,-11.103098209013789,-11.6886260797039
RPN2,-9.202122364897777,-9.026177889232004,-9.303581336832222
MANBAL,-10.658087110792088,-10.494790694511815,-10.830195373856313
SRC,-11.637363664792996,-11.735595996778708,-11.930979139225848
BLCAP,-9.922507074642438,-9.74179369200467,-10.009493527691525
CTNNBL1,-10.006875085803985,-9.798424070667929,-10.268309852342686
VSTM2L,-10.392711219577365,-10.128433465407838,-10.023132122430102
TTI1,-10.396389584881977,-10.31255962654283,-10.727821065141729
RPRD1B,-9.898889857571417,-9.707591968628286,-10.034400650808424
TGM2,-9.81057838069159,-9.945998987325865,-9.994785227768674
SNHG17,-9.604348664745986,-11.191661227865398,-10.194365154622027
SNHG11,-11.569763610311567,-11.496097289891324,-11.478854323047527
RALGAPB,-9.759673458513612,-9.470984226139944,-9.796804738400892
ACTR5,-12.104238663435014,-11.755282633214305,-11.893271086798395
FAM83D,-11.788493009638156,-12.35308900516488,-12.097304393188661
DHX35,-10.747947689544928,-10.478355383193719,-10.807391225144311
MAFB,-12.88304478284864,-12.10648662448061,-13.079098671864482
TOP1,-8.453996461639605,-8.28785366504448,-8.492352676013429
PLCG1-AS1,-12.096966773300966,-11.522540782993591,-12.157242147603576
PLCG1,-10.968763897900637,-10.79192453338944,-10.945048965367178
ZHX3,-10.325704208150247,-10.194651450052293,-10.39476334577291
LPIN3,-12.32367154877419,-12.135844705009433,-12.607105178515551
CHD6,-8.882565714007383,-8.620027867363302,-8.932945765430784
SRSF6,-9.39101792978142,-9.283146320222993,-9.620729114871038
L3MBTL1,-10.838668481119383,-10.341694507178332,-10.944672815615414
IFT52,-10.603767951614662,-10.53907885189663,-10.686038135488188
MYBL2,-11.36721068601724,-11.539375518488653,-11.901818174322162
JPH2,-8.891626317488768,-8.709178383950984,-9.140684995410954
OSER1,-10.584890703456809,-10.504519444570949,-10.844534519880627
OSER1-DT,-11.98961018600507,-11.60870036871085,-12.067459545515778
GDAP1L1,-12.91042808377844,-12.44312805618697,-12.451788357461306
FITM2,-10.98747193262292,-10.763026892888023,-10.953116386703508
TTPAL,-11.569884201672243,-11.263670279391434,-11.659218601111563
SERINC3,-9.909325099699492,-9.652704402305396,-10.119231747455734
PKIG,-9.683619432307548,-9.507863442567068,-9.770883610212978
ADA,-12.183051691438887,-12.219481390578688,-12.294285113430227
YWHAB,-8.355088496314481,-8.198146595815398,-8.517018181410434
PABPC1L,-11.300711850783,-10.922695013049216,-11.600122658791
TOMM34,-10.476661348567228,-10.444698077438295,-10.49451602483874
STK4,-10.093243424231503,-9.862801203667361,-10.140331624402819
SDC4,-11.162258256421811,-10.962703019803431,-11.20405705695907
SYS1,-10.822470417702881,-10.59522643782439,-10.903623897552295
TP53TG5,-12.77575420586279,-12.783007106403097,-13.134799525117495
DBNDD2,-10.20391247459671,-10.006051345596513,-10.454015497822272
PIGT,-10.709467082277598,-10.377154732866101,-10.906979949921267
WFDC2,-12.411783503494831,-12.029092235060782,-12.230453221700532
DNTTIP1,-10.541996563361183,-10.609846402028863,-10.684056248494013
UBE2C,-9.972068162136653,-10.512832800018815,-10.319476573703911
TNNC2,-12.192841097626685,-11.988716757225818,-12.37046676039763
SNX21,-11.537961508593472,-11.19469505190608,-11.789741283607093
ACOT8,-11.132307511374266,-11.105704913711104,-11.269393374025256
ZSWIM3,-12.090941648829164,-11.954337700227333,-12.101020331773213
NEURL2,-10.892929365718173,-10.508615486113072,-10.585134494886956
CTSA,-11.104408494165884,-10.90712642177462,-11.474833937502755
PLTP,-11.061947230847688,-10.865063516864032,-10.972638569136905
PCIF1,-11.52240908023003,-11.510021327971224,-11.53920130258748
ZNF335,-11.64285010805459,-11.639345375116541,-11.850843320507119
SLC12A5,-11.231886798470835,-11.185869432182509,-11.355758806107628
NCOA5,-10.22269290823375,-10.066876134800172,-10.368077412170061
SLC35C2,-11.03703687083587,-10.826476587729776,-10.944970829776706
ELMO2,-11.173394393095128,-11.002627731177123,-11.009802155290101
ZNF334,-10.449650512742481,-10.37525098965666,-10.516622838168653
SLC13A3,-12.115471272523052,-11.333062530297155,-11.404798423516768
TP53RK,-10.8751998379624,-10.81628733744557,-10.873502367394133
SLC2A10,-12.311131734112285,-12.04554450302155,-12.40598673074514
EYA2,-13.23731480884479,-12.78213967783239,-12.992178170791234
ZMYND8,-8.86172234531757,-8.874954533136753,-8.979273353862522
NCOA3,-9.719672346395633,-9.490371741872673,-9.826810264942777
SULF2,-11.69462031485687,-11.65120657071364,-12.378298458740067
PREX1,-10.827842318009074,-10.981702668311998,-11.073042262750766
ARFGEF2,-9.39358244743822,-9.152951721172572,-9.540201289818532
CSE1L,-9.396087256141735,-9.342179960599259,-9.548819718890142
STAU1,-8.714138690798347,-8.547790031215024,-8.803551841696756
DDX27,-10.070159314918769,-9.990840667221674,-10.320566692382014
ZNFX1,-11.37787538810221,-11.21569525203682,-11.572942285244418
ZFAS1,-8.495159013100194,-8.432488877321086,-8.673344298394575
PTGIS,-12.49194629194152,-12.219558719770037,-11.641850848108719
B4GALT5,-9.894953013363354,-9.70318995399991,-10.05142939062639
SLC9A8,-10.71570126736964,-10.411999319265785,-10.764903568323238
SPATA2,-12.799702955408243,-12.782251439400655,-12.759107212125185
RNF114,-10.435448100410001,-10.30941182394544,-10.47291831937687
UBE2V1,-8.765205460876468,-8.609611243750738,-8.794731223934003
PEDS1,-10.786392494170956,-10.46668800571185,-10.77198908258637
CEBPB,-11.193864692145244,-11.126997437021446,-11.145047085317584
PTPN1,-9.758828869074359,-9.565059866527605,-9.814198656220878
PARD6B,-9.494002707691374,-9.397084025992552,-9.797250309100406
BCAS4,-10.993192351810364,-10.969708756691142,-11.263519328832698
ADNP,-8.673391534962533,-8.467429138748434,-8.748042174568335
ADNP-AS1,-12.950858321324679,-12.805272502330052,-12.968472312688453
DPM1,-9.858691858802223,-9.654673602225392,-9.956379852110771
MOCS3,-12.169579497109218,-11.814631368515121,-12.271363389467417
KCNG1,-11.66651372085262,-11.342320152978973,-11.679590071297884
NFATC2,-9.950532358332257,-9.725180351492682,-10.047794119338494
ATP9A,-10.549652754181695,-10.433791041388154,-10.56368906935616
SALL4,-10.794984445687744,-10.616731776386297,-10.69928884360197
ZFP64,-10.671157121245178,-10.51242453446813,-10.679162061963083
TSHZ2,-7.3601251373296295,-7.454313137031627,-7.628914904241947
ENSG00000271774,-10.51818844976353,-10.729410191757315,-10.670196403221084
ZNF217,-9.973839174062181,-9.808134090613809,-9.945480102885515
PFDN4,-9.740364544770197,-9.636139420363747,-9.774474835544511
FAM210B,-9.073551704316621,-9.021274399698823,-9.325339355329152
AURKA,-10.476554191366745,-10.762789842725805,-10.734088543429502
CSTF1,-10.549126444458164,-10.38948626316095,-10.51441029806604
RTF2,-9.564069127740867,-9.420581957391752,-9.66991862824031
BMP7,-8.997216675028188,-8.67269173646424,-9.17028443106786
RAE1,-9.966376216897162,-9.858947990568904,-10.039948855141729
RBM38,-9.100364922997839,-9.027330083216615,-9.26360276150277
HMGB1P1,-11.126622283717959,-11.195216666187322,-11.911504262322197
PMEPA1,-11.470470389614535,-11.54260723159802,-11.246891592825165
ENSG00000291067,-11.257020634754781,-12.559688962209211,-11.54349114914417
RAB22A,-10.196922492558167,-9.921285527216854,-10.181699509685009
VAPB,-9.796486126527354,-9.668927993227003,-9.99344328559404
APCDD1L-DT,-12.20392485175153,-11.753810415124471,-12.205057815147512
STX16,-9.35877936391716,-9.154917137672854,-9.427831138122052
NPEPL1,-11.195630542646455,-10.999503510189879,-11.161452621492625
GNAS-AS1,-11.970275694938111,-11.931857488928646,-11.905753311979757
GNAS,-6.991621050724426,-6.830381203693061,-7.0795116914266405
ENSG00000225806,-12.512527194127163,-12.586403832003432,-12.338466667156666
NELFCD,-9.805998127799711,-9.735015794607424,-9.972403644086103
CTSZ,-10.695100690507195,-10.674793579830766,-10.683090819687395
ATP5F1E,-7.699455619480509,-7.614653430499791,-7.706681571387492
PRELID3B,-10.622204023522666,-10.509416330509666,-10.396524386015232
FAM217B,-10.310192810467624,-9.727189111577086,-10.110561324940269
PPP1R3D,-12.30425168681122,-11.794742026952878,-12.003476987314562
CDH4,-11.589966146173674,-10.810127712801796,-10.851184312670496
TAF4,-10.830615823640342,-10.613978509701534,-10.907887771547234
LSM14B,-10.809232454414834,-10.580585497811532,-11.057482111976219
PSMA7,-8.278822459308438,-8.25117443957472,-8.313073960536764
SS18L1,-11.009040854718359,-10.70564210110627,-11.158333134379122
MTG2,-11.225711986071722,-10.865649642837377,-11.21624276251662
OSBPL2,-10.430026599515138,-10.189456620849167,-10.463945395330722
ADRM1,-9.962014393554766,-10.014558222016435,-10.182337226762208
LAMA5,-11.124160197319338,-10.871865236224902,-11.235886455103955
RPS21,-7.37638243848787,-7.374111149479146,-7.507668222854914
CABLES2,-12.097601946531634,-12.176721571816287,-12.34407138732828
GATA5,-10.900202874786032,-10.741585485613907,-10.867882661182483
CRMA,-10.116268632010426,-10.116204440709446,-10.418385568268048
MIR1-1HG,-11.453102928734456,-11.31986088601192,-11.771133112064044
MRGBP,-10.81329311175785,-10.581166661479594,-10.8652258175004
OGFR,-11.47848562769156,-11.213257601994846,-11.609633565934539
TCFL5,-11.229313929793589,-11.056179391259187,-11.320639829378344
DIDO1,-9.772016133466755,-9.542233322141337,-9.882905944366046
GID8,-10.045888526624314,-9.81854441166149,-10.044794542809012
YTHDF1,-10.719355467768766,-10.490132618661276,-10.69694686817356
ARFGAP1,-11.531218078898515,-11.310823513906266,-11.753512299335922
KCNQ2,-13.194596486687152,-12.828105609342018,-13.160728788903329
EEF1A2,-9.622449455033285,-9.156592521632339,-9.591618630965504
PPDPF,-8.726809254695404,-8.659175619052784,-8.963852090566787
GMEB2,-11.845213415852129,-11.513794226333156,-11.808775251695787
MHENCR,-12.58170868384991,-11.96601950059348,-12.191581093802883
STMN3,-12.790729875860135,-12.519614483113108,-13.044151946074994
RTEL1,-12.247535253825228,-12.061637878566282,-12.720231659928697
ARFRP1,-10.994942352344323,-10.992129095675542,-11.300957299291305
ZGPAT,-11.687988760900947,-11.359596815995866,-11.890708664724398
SLC2A4RG,-10.452689519608704,-10.475946356645803,-10.741975777580391
ZBTB46,-9.642152259652585,-9.40877091887241,-9.807999213765385
TPD52L2,-10.23277099690594,-10.082542433590062,-10.339703473433127
DNAJC5,-10.802994587214133,-10.721002598303185,-11.026478401575002
UCKL1,-11.220656260802581,-11.165583225658311,-11.333138898100954
ZNF512B,-10.696605151289313,-10.617628829889602,-11.128178752712945
SAMD10,-12.601407667476895,-12.642919676369637,-12.891268886624513
PRPF6,-9.491009064348093,-9.331647299127944,-9.65335684465604
TCEA2,-9.99236617231355,-10.02199290446795,-10.16602420726032
RGS19,-12.537193349411169,-12.620195330031692,-12.749932640874514
PCMTD2,-9.756951097433658,-9.52261084876554,-9.813484507465393
ENSG00000278903,-13.226967672040834,-11.866948618081418,-11.879987599867551
ENSG00000280145,-12.052127367743385,-11.647528432475903,-11.595169209287668
ENSG00000280441,-12.959995636245957,-12.711362782078016,-12.91278803567418
ENSG00000224905,-9.639635197597816,-9.600640259156076,-9.861140669997866
RBM11,-13.259236317922769,-12.863430298616391,-12.799926352219158
HSPA13,-10.382093359103173,-10.394269791485568,-10.487298718632434
LINC02246,-11.519174054984612,-11.402466548195871,-11.722535839349517
NRIP1,-9.08364187919797,-8.809942100336935,-9.19927837412404
USP25,-8.404146234391481,-8.487408425582705,-8.609987598743778
MIR99AHG,-7.1876867517909355,-7.324265689694905,-7.6223952786739835
CXADR,-9.329168174195164,-9.292871779038503,-9.255286486995894
BTG3,-10.329031801054485,-10.173069812525496,-10.226009703622134
C21orf91,-10.462000496207425,-10.439095387883334,-10.280927298984922
CHODL,-11.362466597201403,-10.773226048723206,-11.800794812497267
NCAM2,-11.414610973395487,-11.267745929597742,-11.65286944694619
ENSG00000222042,-11.203601017310504,-11.292182855806924,-11.445712383421206
LINC00158,-10.817666458869212,-10.940868973540768,-11.439350189421459
MRPL39,-10.267495834765773,-10.337643684613157,-10.318844642919434
JAM2,-12.416121933803828,-12.80624335233351,-12.62733550715094
ATP5PF,-7.744368481432947,-7.831676122041301,-7.802724293438144
GABPA,-9.869458177317751,-9.780171037893558,-10.070303403214147
APP,-8.12956040982398,-8.149654599165606,-8.306915019140533
ENSG00000233783,-12.649819976747953,-12.713256304062558,-12.879798858325277
CYYR1,-9.780839856720867,-10.140229425519152,-10.992473726393358
ADAMTS1,-8.61336011017456,-8.883324741818875,-8.905011817165919
LINC01697,-11.319013065352406,-12.25037747252707,-11.885079321103952
LINC01695,-11.254220968285445,-11.856294258975337,-11.182151387962662
ENSG00000232855,-9.642675831241585,-9.752067723622059,-9.732342585370777
N6AMT1,-10.815768694035734,-10.833887853612444,-10.765045853174819
LTN1,-9.553826420912037,-9.63896502791102,-9.630734562267062
USP16,-9.596871042161144,-9.654235200106122,-9.695703714404871
CCT8,-8.428221019761523,-8.546456802186423,-8.479574531328216
BACH1,-8.924685932172856,-8.856846110167641,-9.028651244782223
GRIK1,-10.999485213899684,-11.75987683723387,-12.78421698569919
TIAM1,-9.743213913740481,-9.914332716541896,-9.668294760292358
SOD1,-8.469956598219722,-8.49858055582447,-8.387812754947287
SCAF4,-9.783460084443938,-9.713505833923108,-9.726071636355156
HUNK,-10.580226915183378,-10.652302673410897,-11.325447922416684
LINC00159,-11.701593344096214,-11.590787152535833,-11.651012370617527
MIS18A,-10.662137224645758,-10.763285867302661,-10.830365542726263
URB1,-10.694756393733615,-10.692819148334022,-10.736874200648398
EVA1C,-12.226493682302232,-11.960764719897023,-12.425995340610552
TCP10L,-10.64649173280989,-10.603528105243738,-10.593089983158936
CFAP298,-9.604716752879101,-9.64546994506144,-9.661780458270492
SYNJ1,-10.730329824417348,-10.642001079438398,-10.83272786970866
PAXBP1-AS1,-13.042551464005465,-12.873891558788424,-13.203982204524035
PAXBP1,-9.204243392754373,-9.18899760858232,-9.209103480710231
C21orf62-AS1,-11.844137882642674,-11.856836433226785,-11.851337766004988
IFNAR2,-10.368459226941313,-10.643553612621835,-10.307126079780259
IL10RB,-11.683818516053815,-11.73043577079563,-11.717754129052013
IFNAR1,-9.980567422149445,-10.088551197057459,-10.116084982002759
IFNGR2,-10.512102572053873,-10.41228623171503,-10.462890736063866
TMEM50B,-10.336652079335765,-10.22763367313087,-10.178146321388796
DNAJC28,-11.85463520960592,-11.764025652604257,-11.676523505470666
GART,-9.755953798087456,-9.854966299737155,-10.044373370876837
SON,-8.093205118149957,-8.106105115473465,-8.191064927727977
DONSON,-11.089704417680554,-11.200018660984176,-11.34749499418064
CRYZL1,-9.93747283205928,-9.993058536432915,-9.971839235371156
ITSN1,-8.512049682312545,-8.309865989406084,-8.533388395746686
ATP5PO,-8.068124520778253,-8.250594324872434,-8.138094229621435
LINC00649,-11.664734856865609,-11.406076657457021,-11.42464363564118
MRPS6,-8.43207514900337,-8.52883383032603,-8.550797386678747
SLC5A3,-9.6752467481989,-9.670024292199075,-9.977257243188815
LINC00310,-11.477419445545609,-11.251013818005388,-11.44400952320308
ENSG00000214955,-11.292644109732715,-10.988801136399097,-11.36896266812311
SMIM11,-10.841470526357185,-10.746622082984624,-10.780478925564214
RCAN1,-10.075512324483034,-9.983095616455824,-9.917410573023892
RUNX1,-12.674657570316826,-12.259837777393697,-12.906646194450321
SETD4,-11.016130303190627,-11.100609548530809,-11.092343536972905
CBR1,-11.277293982655765,-11.631074946140554,-11.30951014634832
DOP1B,-10.687485569524483,-10.918785332771916,-11.072581222691143
MORC3,-9.659083474111192,-9.643676919545282,-9.768692400655627
CHAF1B,-12.68011571528976,-12.711379616747307,-13.204624702192744
HLCS,-9.653984405471963,-9.70926761934776,-9.870089397804588
PIGP,-10.121603601140649,-10.165756827318921,-10.110208852994052
TTC3,-8.118033663271452,-8.078745345351168,-8.177815662547994
VPS26C,-10.540775477770241,-10.573335483894123,-10.660100045792973
DYRK1A,-8.629454617451767,-8.581452240634361,-8.719067542979369
ETS2,-10.250960233954284,-10.785666314085871,-10.100733469565817
LINC02940,-12.418454213740745,-12.293756473711598,-12.474448049802337
PSMG1,-10.347668868457577,-10.61427548529365,-10.401743077645612
BRWD1,-8.510369947467018,-8.576801717549491,-8.626353386898876
HMGN1,-7.952070703087964,-8.08798163063152,-7.927386637767934
GET1,-9.835096932889064,-9.875148975864853,-9.933303444134815
LCA5L,-11.999867460468268,-12.321441441667158,-11.824293676701997
SH3BGR,-8.931793298979885,-9.399538573563424,-8.258114685438196
B3GALT5,-11.50896058875267,-11.95583283346739,-11.24173728539184
B3GALT5-AS1,-11.881145983964219,-11.96856439129309,-12.22219105354108
ENSG00000225330,-12.24424176924091,-11.861983859698535,-11.75582073976992
IGSF5,-12.336841213714765,-12.328195336222642,-12.464793762458806
DSCAM,-11.967356984832984,-11.809150549688555,-11.943026611183992
BACE2,-11.24725623940692,-11.549480711265673,-11.56913540624985
PRDM15,-11.68460549557424,-11.865810690147415,-11.979761577236328
C2CD2,-11.177230839894843,-11.436155217729983,-11.033847901929965
ZBTB21,-11.419114189046773,-11.350383530227255,-11.496598571353658
ABCG1,-11.312895566277422,-11.552243391677694,-11.356034324858747
SLC37A1,-12.17157223304991,-12.328781258469698,-12.164360592937923
PDE9A,-10.90807886422476,-11.238208398255324,-11.245128579409505
ENSG00000225218,-12.354980666370851,-12.458426740277677,-12.56455743165573
WDR4,-11.601809839237713,-11.688880817659753,-11.705147956651281
NDUFV3,-9.128118317045516,-9.259066564469391,-9.046145557086568
PKNOX1,-10.268422171703532,-10.140357692280936,-10.230121352406334
CBS,-10.413441671892683,-10.690255303735578,-10.583535687407576
U2AF1,-8.694158840289665,-8.810794088339055,-8.828474876818712
SIK1,-11.654738786531631,-11.973321746172877,-11.394240833112837
HSF2BP,-12.348473456513139,-12.188186175591598,-12.4226505234456
RRP1B,-9.752668955508707,-9.934575997481687,-9.898186120335042
PDXK,-10.359762575223161,-10.412987800842268,-10.421253392172298
CSTB,-9.127243886538373,-9.02065793288633,-9.105612153718862
RRP1,-11.460162574170006,-11.400294226661734,-11.254433549467779
AGPAT3,-10.569738264124794,-10.595819061626688,-10.718509598171673
TRAPPC10,-9.972344411295033,-9.881589888067921,-10.04422384684893
PWP2,-11.789545263958093,-12.03723822660905,-11.808964527730248
GATD3,-9.458009790349836,-9.731118910033377,-9.441762057155275
PFKL,-10.827707588431725,-10.969771231957722,-10.750203298201118
CFAP410,-11.754742890678322,-11.645493998898552,-11.889817941279171
TSPEAR,-11.659533234093859,-12.079497905317446,-11.972374827145746
UBE2G2,-9.105397415312327,-9.143481045414209,-9.251146669750563
SUMO3,-9.97128453952937,-9.971271280205938,-10.15341236743273
PTTG1IP,-8.381472883985447,-8.424826953289653,-8.59535075577682
SLX9,-10.781842374466777,-10.937570137898998,-10.809776889257762
ADARB1,-9.727427120795966,-9.72603179523065,-9.81944526536432
POFUT2,-11.17622021284856,-10.971019212599543,-11.261504395221511
LINC00205,-10.52329324916316,-10.573226087849967,-10.671731331719911
COL18A1,-8.812279801085372,-8.980018709910293,-8.972510027790955
SLC19A1,-12.100887535798053,-12.260386999711367,-11.969596797667812
PCBP3,-11.6555641265959,-11.477409567772,-11.47396299701111
COL6A1,-9.518479820110242,-9.513181362411165,-8.978634315213274
COL6A2,-10.613214682345081,-10.642867527821993,-10.151390501066471
FTCD,-13.14409338139465,-12.914962207984985,-12.611229472190697
SPATC1L,-12.014387073576307,-11.252086037677017,-11.213678362121689
LSS,-10.938423246280866,-10.87260967972339,-10.90868618315637
MCM3AP-AS1,-10.879687931108421,-11.045187719673242,-10.85617311885252
MCM3AP,-9.994767891055654,-9.926577504471156,-10.086720251328861
YBEY,-10.478342667881865,-11.09928828207489,-10.653096769315301
C21orf58,-10.736142983379377,-11.015335615389542,-11.271388650488314
PCNT,-9.983827541239434,-10.024465616259047,-10.292284250451141
ENSG00000289421,-11.939760671899114,-11.783064368156392,-11.871122310788573
DIP2A,-9.475319441653362,-9.661246380030946,-9.640865777192877
PRMT2,-9.208269243596911,-9.245498010594908,-9.293971347819086
IL17RA,-12.524252085616574,-12.112547253237537,-12.165388495715822
HDHD5,-10.274711252566336,-10.535541756358175,-9.893242780767297
CECR2,-8.617324787714846,-8.578247047548686,-8.757048221289132
ENSG00000286195,-13.069285773873396,-12.986826445213996,-13.115382362743363
ATP6V1E1,-9.904995611089396,-9.920537373121057,-9.959779488155322
BCL2L13,-9.936624194021096,-9.932640967988405,-10.077902591126511
BID,-10.921011307151016,-11.114617202034829,-11.272865548130932
MICAL3,-8.726296039308792,-9.013949291775859,-8.773654550635895
PEX26,-10.671244746175223,-10.781298614569844,-10.94477676887591
USP18,-9.642598487968232,-11.354863313848067,-11.4925347810315
ENSG00000288811,-10.836725134020677,-12.171366427099413,-11.947872605681113
PI4KAP1,-10.243435476082691,-10.619234899214263,-10.414363206289966
DGCR6,-11.770346756459741,-11.608265519110027,-11.767608714913269
DGCR2,-10.597577610338071,-10.532797482021579,-10.652274694447126
ESS2,-12.445557550138204,-12.448822915222587,-12.459949918592207
SLC25A1,-11.167283354077098,-11.327063157254324,-11.170699725842145
CLTCL1,-11.24963954200144,-11.272182854989225,-11.204736233518389
HIRA,-10.773055164504521,-10.960266519232913,-11.019185361335266
C22orf39,-10.090667310401155,-10.169834427227359,-10.174111030590815
MRPL40,-10.084210593983377,-10.123546652156493,-10.129815959286187
UFD1,-10.16349329557888,-10.257641308700098,-10.440162334066658
CDC45,-11.96389026678743,-12.457120869949096,-12.8984086646
SEPTIN5,-11.334874995527986,-11.228081704953546,-11.318696675464043
GP1BB,-11.321822617397167,-10.874191877103298,-11.442627480241566
GNB1L,-12.929914738278166,-12.833187389997233,-12.70366064663792
RTL10,-12.093728660800208,-12.197431667563952,-12.120196952973648
TXNRD2,-11.402117193739764,-11.71846154477051,-12.122723165966924
COMT,-10.666018758709177,-10.831934704627077,-11.19802543457392
ARVCF,-12.659403499807528,-12.715015065399111,-12.585472044731617
TANGO2,-12.369041633485079,-12.376105092295958,-12.714178290688858
DGCR8,-10.923935625784454,-10.994760702403797,-11.156238676022697
TRMT2A,-12.102186685591251,-12.228035091970842,-12.245469881092909
RANBP1,-8.897926199449936,-9.079517992273445,-9.08456472680006
ZDHHC8,-11.922205870894443,-11.720621590971458,-12.138237568627247
DGCR6L,-10.582195045588472,-10.766636781915595,-10.673671124087482
ZNF74,-11.494083549956247,-11.726782979648348,-11.797723331849465
SCARF2,-11.727886215873882,-12.105111366404364,-12.250155745770057
KLHL22,-10.4232603080743,-10.436373298923648,-10.559107269602878
MED15,-10.387556318798666,-10.24524105782559,-10.427064548529174
PI4KA,-9.842482298133728,-9.88722818370021,-9.943816440371593
SNAP29,-10.12253679104905,-10.032815409117651,-10.217850508676685
CRKL,-10.337544490848257,-10.43968158734527,-10.512756368931694
LZTR1,-11.599658680742543,-11.894164639836132,-11.865466196331992
THAP7,-11.600314655971312,-11.694663095636612,-11.796125476076726
THAP7-AS1,-12.408230264762214,-12.340580242239469,-12.954676953489901
TUBA3FP,-12.291302815167072,-12.483178552117318,-12.647211749746063
ENSG00000197210,-11.574532194399163,-13.121503866349723,-12.986977173729057
HIC2,-10.306922626320102,-10.358430316368855,-10.556468269503512
UBE2L3,-8.883331232137758,-8.979640542834291,-9.03032385194459
YDJC,-11.647177635276366,-12.053174181058296,-11.836077057107751
SDF2L1,-10.706699920700515,-10.879061854478975,-10.821835731805706
ENSG00000207751,-11.864416169943249,-11.891589033863276,-12.334060988932897
PPIL2,-11.076720914720392,-11.172481758253213,-11.299123905691957
YPEL1,-10.752144657814537,-10.731020323025726,-10.999317491408302
MAPK1,-9.255496871882823,-9.233818973851342,-9.493477113766932
PPM1F,-11.621303085302667,-11.799514722088563,-11.710989234957658
TOP3B,-12.128832538648306,-12.210641664432858,-12.353643392327022
ENSG00000274422,-10.879215112345449,-11.011897779361966,-10.954455671161531
ZNF280B,-11.133167705403661,-11.315557476490007,-11.3091993545399
BCR,-10.631800611797816,-10.821557220659772,-10.912343061401948
PCAT14,-11.543820466018639,-11.83726310559249,-11.978386165347489
ENSG00000291299,-11.57102023861251,-11.796273743355538,-11.702947256726777
ZNF70,-12.13132650439371,-11.98267035575762,-12.369258830785897
CHCHD10,-8.18681941711729,-8.295984714969219,-8.103170146461116
MMP11,-12.319468765845006,-12.081850510937896,-12.510342355048637
SMARCB1,-9.56901598250606,-9.646968862264911,-9.713206718720876
DERL3,-13.184365576097646,-12.923091545429322,-12.775232624640823
SLC2A11,-10.918080001900575,-10.868160063648737,-10.853784442540427
MIF,-7.048129864817052,-7.341522092016678,-6.782001005716581
DDT,-9.021400900623421,-9.04279945579586,-8.681777794787356
CABIN1,-9.799313315411323,-9.836558948594043,-9.755369115057265
SPECC1L,-8.413075162069832,-8.410509972025855,-8.513704350269146
GUCD1,-11.109515985329043,-11.377832978990616,-11.370812274220548
SNRPD3,-8.667077186917561,-8.81780311617372,-8.79362163631224
LRRC75B,-12.342753358269427,-12.587380673673495,-12.541310774942671
KIAA1671,-9.905570267961032,-10.125563799167471,-10.028681414729533
ENSG00000290796,-12.321004277646749,-12.60223691302297,-12.579991812877099
CRYBB2P1,-9.93189362476548,-10.492835966192915,-10.340986886906663
GRK3,-9.239344050156726,-9.357990710512992,-9.313433471576268
MYO18B,-8.218724477529147,-8.38450617076648,-8.503034369096127
HPS4,-10.852889814195398,-10.914933239604961,-10.875967349638374
SRRD,-11.397605370364873,-11.359301556941393,-11.601349082300812
TFIP11,-11.5000492208925,-11.698382444642297,-11.475846695139028
TFIP11-DT,-12.816284936417123,-12.995114000783385,-13.080328194392989
TPST2,-11.343187802581653,-11.315599593880789,-11.353239246778472
MIATNB,-11.437308128950269,-11.469188960075323,-11.675723077857228
LINC01422,-13.1498677127504,-12.11788563839455,-12.585293037632262
MN1,-11.352588858894237,-11.068927180482046,-11.353290951891259
PITPNB,-8.45165257890332,-8.51721193161497,-8.441851569338692
TTC28-AS1,-9.805694349505485,-9.689743533617996,-9.658965342273403
TTC28,-7.6181497734682155,-7.6240605224977775,-7.82898206657841
CHEK2,-11.197390398626705,-11.38555775299836,-11.465388888126979
HSCB,-10.910323672781319,-10.856319182568548,-10.8013662962658
CCDC117,-10.403741119726574,-10.335202803444012,-10.315319758973034
XBP1,-10.108208595574588,-9.847196025730131,-9.971775972572061
ENSG00000226471,-11.707167738907577,-11.2057381881283,-11.141262392411726
ZNRF3,-9.305753393118646,-9.335383030441987,-9.54510400189617
KREMEN1,-11.052721469210818,-11.12792329901626,-11.03957145660995
EMID1,-12.626786166303967,-12.633410657633316,-12.264883590064443
RHBDD3,-11.121331060831954,-11.253777294314526,-11.221255028836618
EWSR1,-8.854172860794655,-8.934797529199251,-9.028542354327724
GAS2L1,-12.706593995306054,-13.09066848212704,-12.914564893012589
AP1B1,-10.997103943467268,-11.424343966763184,-11.05885544355565
THOC5,-10.738486694485578,-10.978300209390797,-10.89710193973024
NIPSNAP1,-9.769785336203775,-9.965453017314454,-9.809840470658044
NF2,-10.595557836168988,-10.686925037702665,-10.727107172776877
ZMAT5,-11.246551608868439,-11.2637374513052,-11.18688072530977
UQCR10,-8.403307432090322,-8.463925933273416,-8.351316792175107
ASCC2,-11.010581525580125,-10.979423376462181,-11.188729050565156
MTMR3,-10.566324666264906,-10.256977071514763,-10.547494702523565
CASTOR1,-12.490440036547334,-12.702146742498813,-12.914369694141435
TBC1D10A,-12.469285363578642,-12.801993252230602,-12.54787690038264
SF3A1,-10.295640610577209,-10.32142542364235,-10.53124335701191
RNF215,-11.341004724576909,-11.398063108312256,-11.657253068561438
SEC14L2,-12.998396279821865,-12.91144798382845,-13.161074310064487
MTFP1,-11.230536240332302,-11.895585029794148,-11.329716778506224
PES1,-11.16585953023733,-11.317210805550294,-11.120708953564634
TCN2,-13.035423236086945,-12.963873632200828,-12.986026463415214
SLC35E4,-12.44160348424898,-12.20990760803623,-12.549932506210675
DUSP18,-12.124878704619936,-11.605921314207125,-12.146323186082313
OSBP2,-10.712950171103099,-10.615827359840154,-10.847601586491045
MORC2,-10.348557987786263,-10.320914603587894,-10.221315752434085
TUG1,-9.088655984136942,-9.099959372239368,-9.22071747752797
SMTN,-12.342943935218447,-12.934353548875102,-12.807955695901954
SELENOM,-10.985225797714138,-11.079800243492395,-11.494323688206318
RNF185,-11.030869175791256,-11.136087320919863,-11.095448310458039
LIMK2,-11.08174230487469,-11.119563321765437,-11.206852328597185
PATZ1,-11.19478171201416,-11.22150308139427,-11.447283840063708
LINC01521,-12.632134112992997,-12.822563644383047,-13.112241948055338
DRG1,-10.167896162523219,-10.191462471999078,-10.186266142110977
EIF4ENIF1,-10.182308622776233,-10.21362682466995,-10.277682481830823
SFI1,-11.404762110769992,-11.514490113154801,-12.04509586811237
PISD,-10.681703485035777,-10.671699338465034,-11.175204654325293
PRR14L,-9.524353324037694,-9.567487976107738,-9.586140227830997
DEPDC5,-10.728718032616666,-10.830047693107492,-10.892897332513462
YWHAH,-9.229093356152104,-9.289537388831938,-9.38676085041927
SLC5A4-AS1,-12.108480367842933,-11.840046724361615,-12.755800489522201
RTCB,-9.573660181255903,-9.759307054312442,-9.620792700765483
FBXO7,-9.843365865287419,-9.889942708090274,-9.807748154163344
SYN3,-11.959388437338305,-11.784825683708458,-11.429701143316422
TIMP3,-8.552097608766738,-8.6701217287547,-8.55902671831794
LARGE1,-9.075242075225404,-9.015779809576065,-9.172917109161055
HMGXB4,-9.842874109425876,-9.928182186004518,-9.978774271118962
TOM1,-10.740692318738681,-10.809649593165759,-10.816144772553729
MCM5,-11.350089511811314,-11.963459631177127,-12.088897441891394
MB,-10.141689555216724,-10.170458267605012,-9.17271935890936
RBFOX2,-7.668932858211535,-7.733096274222314,-7.858388592069573
APOL2,-12.19834868054104,-12.490873151468323,-12.232560474087643
MYH9,-8.95308230855683,-8.84645488856178,-9.094073529575525
MYH9-DT,-13.134205199178231,-12.396973945729217,-12.272944212229296
TXN2,-9.615138778346758,-9.763317793781113,-9.66879267024497
FOXRED2,-12.124829128312621,-12.1125639263542,-11.982811015985762
EIF3D,-9.226947927699305,-9.364050610989468,-9.380594557067514
IFT27,-10.848366734582253,-10.744478579499702,-10.610356802389289
TST,-10.206310803578468,-10.58059662988327,-10.520726852889535
MPST,-9.97436209622575,-10.245226689110053,-10.069725971869785
KCTD17,-11.887756962052606,-12.226267953417585,-12.186882640201198
C1QTNF6,-11.88059989171684,-11.949684841935179,-12.487709354941964
CDC42EP1,-12.695170750750183,-13.274070828666988,-13.185690381603239
GGA1,-10.625053798434612,-10.855279326227157,-10.919202104798797
SH3BP1,-12.166705234819531,-12.543113622735646,-12.135218313501074
PDXP,-10.804847962861878,-11.020056328052414,-11.215036240464473
LGALS1,-12.279685930683657,-12.483381791412599,-11.460118178793197
NOL12,-11.525456381576202,-11.657038982323005,-11.814203777104243
TRIOBP,-9.283627576055112,-9.387498537767373,-9.570178948465102
H1-0,-9.840885737210995,-9.409089019538325,-9.279963833646354
GCAT,-10.776003084254528,-11.008707763413225,-11.023705388472933
ANKRD54,-11.276639662308865,-11.36167922100755,-11.530114258870134
EIF3L,-8.718246957120314,-8.80336014798933,-8.835218907206993
ENSG00000279738,-12.125621561424486,-11.914198797432318,-12.090887919997565
MICALL1,-11.933879105241513,-11.840596835350723,-11.955278234383936
POLR2F,-9.43716855953827,-9.556366292421801,-9.58691982068533
PICK1,-11.231944702577897,-11.524180652712026,-11.589320658350378
PLA2G6,-12.986251700821683,-12.926952652593132,-13.004278050490191
TMEM184B,-11.048148488135249,-11.097819871155394,-11.214912024165521
CSNK1E,-9.616249959307618,-9.635034463408394,-9.5917461746523
ENSG00000291015,-8.987155374764768,-8.893474220339,-9.271422815268505
KDELR3,-11.930597495353796,-12.128396081823215,-12.11188030466764
DDX17,-7.440644964140954,-7.469204920335268,-7.611110567161901
FAM227A,-11.039945340709046,-11.065415073358896,-11.08649281506915
CBY1,-10.64297349285463,-10.686958439976362,-10.526260404580201
ENSG00000228274,-12.620804811631482,-12.469307450762539,-12.491948854378395
TOMM22,-9.510328095342171,-9.641677841055808,-9.626030183248496
JOSD1,-10.626330357047586,-10.617629833328468,-10.692411243779022
GTPBP1,-10.632857297026272,-10.713768753152598,-10.982831318841724
SUN2,-12.006611522143587,-12.391465403179097,-12.226661997341557
DNAL4,-11.457842008887477,-11.704320885475026,-11.528420069226073
NPTXR,-12.101197779085405,-11.913064261111565,-12.453672963035451
CBX6,-10.443902096550294,-10.739118920191807,-10.744989947720077
APOBEC3C,-11.037664025748434,-11.417610440224117,-11.328278205266697
APOBEC3F,-11.979761791197223,-12.06820650985318,-11.873761820305443
CBX7,-12.226612922253535,-12.004426171808376,-12.505798532804949
PDGFB,-12.371936587135645,-12.69672789246545,-12.54804056983926
RPL3,-6.499262595308503,-6.606828902117081,-6.49014053347329
SYNGR1,-10.149553180630718,-10.247679792590235,-10.236941337068666
TAB1,-11.287492769926711,-11.387281220895733,-11.220781560187497
MGAT3,-11.449039699695268,-11.381134269547895,-11.617330324920028
MIEF1,-10.545038712661801,-10.569148382024569,-10.633868534502511
ATF4,-9.15680838073344,-9.280237041149626,-9.295028632423245
RPS19BP1,-9.805984127038979,-9.974574641506445,-9.948526569154055
TNRC6B,-7.970989258731812,-7.889847159099655,-8.060486796322293
ADSL,-9.7796716901693,-10.031919609615866,-9.892841413540637
SGSM3,-11.351508238509846,-11.43224807464942,-11.401486661427558
MRTFA,-9.701276894806496,-9.684767400712703,-9.800488274916603
SLC25A17,-10.524238540206658,-10.642374122420858,-10.84024222931111
ST13,-8.027127210304863,-8.1022947367997,-8.023698374959617
XPNPEP3,-10.00818287866125,-9.981507155801786,-10.05695655589253
RBX1,-8.320755379071862,-8.473084917870954,-8.405328974086897
EP300,-8.882385387724156,-9.011276462180188,-9.130134658458777
L3MBTL2,-11.317079896558322,-11.26372334223619,-11.51323893610267
RANGAP1,-10.799537049776172,-10.954662829755854,-11.163269446057958
ZC3H7B,-10.830858222592276,-10.868178167301734,-10.953370767930746
TEF,-12.202381703822397,-12.385956321270095,-12.442659031316516
TOB2,-9.832318531398858,-9.974876602191694,-9.90538990799574
ACO2,-9.408744783601161,-9.469553440047523,-9.452069606629061
PHF5A,-10.596975998976163,-10.550875722661516,-10.618162736106585
POLR3H,-11.455758474639397,-11.524541957623407,-11.494892791197177
PMM1,-11.201472113035079,-11.300039297654175,-11.169030973444997
DESI1,-10.64069991036083,-10.845067272779215,-10.770895765400626
XRCC6,-8.481214489426314,-8.632585967893771,-8.656939864607953
SNU13,-8.909867073799534,-9.144777080803948,-8.97826959366992
CCDC134,-11.70401713190202,-11.510175247524808,-11.438139934371415
SREBF2-AS1,-12.803362845566827,-12.770428863718713,-12.69525272660517
SREBF2,-9.285199962896574,-9.168299728895883,-9.39501596138682
CENPM,-11.410954995143312,-12.21891937592681,-12.20689002280458
NAGA,-12.588615323270647,-12.164202829266063,-11.875208237321848
SMDT1,-9.275687861374418,-9.251704305049,-9.290302905264609
NDUFA6,-9.096664014293342,-9.290794468699525,-9.011161361304582
NDUFA6-DT,-11.920394083139016,-11.716215718866907,-12.311297256318731
TCF20,-10.022153577267348,-10.12265711674613,-10.183098708626302
RRP7A,-10.466892338518269,-10.288243202349602,-11.255532576832232
SERHL2,-13.182653267530597,-12.744157934805559,-12.993453056921302
RRP7BP,-10.575133470350348,-10.457293665900973,-10.84488608992086
POLDIP3,-10.490062236950907,-10.620463069772256,-10.725436409824903
CYB5R3,-9.391196254942964,-9.476044183499269,-9.509845385796856
A4GALT,-12.825129926891696,-12.487361448444268,-13.05497997719885
ARFGAP3,-9.66315959136708,-9.67129361439198,-9.74927440679446
PACSIN2,-9.6980487291321,-9.721089659945088,-9.627479060441797
TTLL1,-10.675581885227107,-10.944564011788135,-10.787917866841498
BIK,-11.579564446987584,-12.026506391572811,-11.725628472416902
MCAT,-11.121812424910443,-11.321659910190542,-11.389144177667784
TSPO,-12.515212501208985,-12.936901233740402,-12.066569281149775
TTLL12,-11.841896350104332,-11.943090727365542,-11.738533031950226
SCUBE1,-11.857333457040362,-12.223820158085509,-12.26341345302935
EFCAB6,-10.667585551682075,-10.717675979844675,-10.755997413675574
SAMM50,-10.114289048866443,-10.300142226640306,-10.17999469884282
PARVB,-11.347740771668182,-11.444412167186767,-10.811674511298317
RTL6,-11.483318580777578,-11.448128455054032,-11.452964764368634
PRR5,-11.854571665192369,-11.81992498113356,-11.782967725521601
ARHGAP8,-12.615630490623992,-12.982499885145339,-12.696897943688185
PHF21B,-10.765091799984406,-10.309003345947602,-10.764751880964305
NUP50-DT,-10.636139713617668,-10.25222657576273,-10.717425527417605
NUP50,-10.039543498815418,-10.023612461928069,-10.258222420525213
KIAA0930,-12.13568366037987,-12.156548567559406,-12.059627176892063
FAM118A,-10.67110916842989,-10.677189677275335,-10.784808783501068
FBLN1,-10.72466498841968,-10.950331180443671,-11.023069923178479
ENSG00000280383,-11.741395951568332,-11.752621036076613,-11.952371403182307
ATXN10,-8.354287355859364,-8.347229988527348,-8.47440819079683
PPARA,-9.931650126770656,-10.030459322784393,-9.954386506877066
CDPF1,-12.080370589407933,-12.269190927941743,-12.350379805119008
TTC38,-11.299534645910457,-11.61575884864915,-11.307408797556475
GTSE1,-10.764206622263314,-11.47687186657918,-11.387708113205344
TRMU,-10.237715151514873,-10.416396085008127,-10.330004949701527
CELSR1,-10.23798204306829,-10.483131816308271,-10.690831950786285
LINC02925,-12.088728519220243,-12.503885289779356,-12.154744455021243
GRAMD4,-10.797893292577294,-10.996902670856414,-10.668119308813438
CERK,-10.1234451264702,-10.48729245151276,-10.420176045504462
TBC1D22A-DT,-11.875589320617584,-12.30801022224978,-12.117395823272599
TBC1D22A,-9.199328181435535,-9.339084795444855,-9.400701533507757
TAFA5,-12.209378048319968,-13.02833013664354,-12.369570936514345
BRD1,-9.652753526852814,-9.68287076821767,-9.716391460973247
ZBED4,-10.785270352369784,-10.761981574268116,-10.809440795240219
ALG12,-11.859715867731477,-12.051038147544727,-11.99308920902642
CRELD2,-11.0773044832747,-11.086000536412936,-11.186777650621416
PIM3,-11.351155497416894,-11.092614273374023,-11.452988328539462
PANX2,-12.831804163221252,-12.385846672652708,-12.595605723654206
TRABD,-11.211646114482205,-11.358616166980308,-11.470987733821099
SELENOO,-10.272740959959819,-10.358165866072508,-10.421055551510204
TUBGCP6,-12.202875074059996,-12.046630419607407,-12.32316638298405
HDAC10,-12.933127447241125,-13.046963900691237,-12.830514546339169
MAPK12,-11.828808447348838,-11.804678029584739,-11.972638800327955
PLXNB2,-11.08008654695339,-11.29830663854147,-11.366021099348005
DENND6B,-12.041691318311011,-12.43250628755153,-12.59171877919272
PPP6R2,-9.328919011815993,-9.308996502374741,-9.668264790998833
SBF1,-11.661223150100293,-11.940767684437793,-11.839574689555366
LMF2,-11.719356800325517,-11.986696271977435,-11.927103070595377
NCAPH2,-11.566446134195388,-11.742774418321265,-11.839637897036074
SCO2,-10.837460168799277,-10.950270630795012,-11.057121400927725
TYMP,-13.116986841843605,-13.130035478096744,-12.433303642649523
CPT1B,-11.760011082134346,-11.887891192378875,-12.349765792178669
CHKB,-10.722760700770667,-10.483445843702297,-10.720152405338904
CHKB-DT,-11.172453919381821,-11.237204087699348,-11.500937449537007
ARSA,-12.396401330968176,-12.42301668549147,-12.6865586771181
SHANK3,-11.780491179393328,-11.903322733059689,-12.024589163142315
RPL23AP7,-10.435148031051632,-10.53318782891879,-10.436233240465796
RABL2B,-10.963151108445166,-11.007294376103681,-11.323907806329082
PLCXD1,-11.901614646340198,-11.553300931838356,-11.948834592172773
GTPBP6,-10.799143451144625,-10.785215467240473,-10.925662741959245
LINC00685,-11.121056385707355,-11.178246959417343,-11.499695268685624
PPP2R3B,-10.395463482642931,-10.559995917839263,-10.46658525865563
CSF2RA,-12.752538762792675,-11.996184834375857,-12.368576909933594
IL3RA,-11.32671313306116,-10.583526449926165,-10.940478447141874
SLC25A6,-7.621900129061821,-7.8846019474899665,-7.792168889578011
LINC00106,-12.142207418424958,-11.958904336229152,-12.181418434298921
ASMTL-AS1,-11.434564839964287,-11.45593204279943,-11.873429891726738
ASMTL,-11.483923877968849,-10.969847983061454,-11.167223597796053
AKAP17A,-10.70357454924632,-10.291727401528354,-10.415463542649492
DHRSX,-10.030134367062706,-9.724956950243214,-9.934363486427994
ZBED1,-11.482541485061054,-11.11059969336747,-11.18780634600599
ENSG00000289007,-12.812718865091847,-11.908316475484616,-12.228147241333692
CD99P1,-11.986558058141421,-10.967361971434144,-11.446611795576594
CD99,-8.747554570940883,-8.022241899324841,-8.148419787699261
GYG2,-10.585897975414087,-10.589102152262758,-10.178214103122318
ARSD,-11.738922991665047,-11.631227488763212,-10.909993993594965
PRKX,-11.135363180729293,-11.27925962819761,-10.759460711573546
ENSG00000285756,-11.348625670897125,-10.4730691549406,-9.926787537817836
NLGN4X,-10.601107801929398,-10.48303212333945,-10.216597623883166
PUDP,-10.138057904990651,-10.073114809067151,-9.449648636771899
STS,-10.71116419926897,-10.72029895117466,-10.103074062134201
PNPLA4,-10.908202183738185,-11.062535953161678,-10.107405469627675
ENSG00000285679,-9.014103881726818,-9.095500503981063,-8.201223909019781
ANOS1,-10.487744699026853,-10.088732213679897,-9.805686436354312
TBL1X,-9.041190108564242,-8.97555937193763,-8.333209663295085
GPR143,-12.497934840477049,-12.446537876342598,-12.116414090054581
SHROOM2,-10.355798991380283,-10.412006417143607,-9.991307481313525
WWC3,-10.295379849035001,-10.124078002875896,-10.480886344258149
CLCN4,-11.27055619856903,-11.447054731878204,-10.837500196855474
MID1,-8.192809749597156,-7.894539552896235,-7.80403412289006
HCCS-DT,-10.541885653190885,-10.895540929381264,-10.21938906782212
HCCS,-11.060248797574316,-11.071847498484239,-10.296785142101117
ARHGAP6,-8.174195812041344,-7.9665622252188655,-8.166447464169993
MSL3,-10.687186810997533,-10.874576723035402,-10.76954241772005
FRMPD4,-11.32327015991152,-10.823178936094399,-10.63241406363105
PRPS2,-12.668176505920044,-12.729028196798664,-12.773760891944432
TMSB4X,-9.29058494726745,-9.360379321771997,-8.520360466288487
TCEANC,-13.111709906612374,-12.75356273435374,-12.74503857100103
RAB9A,-10.877293179248563,-10.87189857068341,-10.418002340907645
TRAPPC2,-11.038792961982148,-10.908020607214173,-11.04093715166458
OFD1,-9.573911327588922,-9.542530251916256,-9.520276275319045
GPM6B,-10.713073985769421,-10.494204518572435,-10.770981327662353
GEMIN8,-11.006732387514738,-10.858444262036688,-10.43715470074932
FANCB,-11.658632147778906,-11.757940087724482,-11.911008850205386
MOSPD2,-11.157855419252835,-11.130900866042962,-11.137623683086854
PIGA,-12.455015676751078,-12.387731226463819,-12.468630136550512
PIR,-12.153931428345297,-12.238681549382868,-12.13039201308451
CLTRN,-12.495391422322443,-12.365070205670595,-12.461690666788252
CA5BP1,-11.62808059226441,-11.350933130041396,-11.680282036745442
CA5B,-11.298044534046152,-11.149866937042402,-11.226246815742913
ZRSR2,-10.903625833668318,-11.092004190085419,-10.532812128035465
AP1S2,-9.098132584685272,-9.413660567175118,-8.727774977688705
CTPS2,-9.86672441446049,-9.966293519107676,-9.413040244257424
SYAP1,-9.555373082813716,-9.796631946180847,-9.02424350695753
TXLNG,-10.468428624329203,-10.637256269924551,-9.940583607780521
RBBP7,-8.987608708655117,-9.045237584522278,-8.484013985191334
REPS2,-10.465751794928222,-10.34345441732999,-10.062033732040021
NHS,-11.929253602051707,-11.53606383555543,-11.161361845056332
SCML1,-11.229492299255211,-10.941443063907775,-10.656982236551391
LINC01456,-11.924967453421893,-9.480663952095297,-10.106691479510397
SCML2,-10.630492575823856,-10.589992508210187,-10.769454999018555
CDKL5,-9.991857860505812,-10.054763785271446,-9.990387097543147
PHKA2,-10.34836391107448,-10.29233215259632,-10.281045950861044
ENSG00000286724,-12.45210321201712,-12.290542099314171,-12.524549091541
ADGRG2,-11.737824097529398,-10.835193387841793,-11.717575801054618
PDHA1,-9.130367042164416,-9.077914342720968,-9.015846987283059
MAP3K15,-12.648286010499342,-12.697798783492916,-12.75757393156849
SH3KBP1,-9.351549883972998,-9.494515978006584,-9.040288479713908
BCLAF3,-10.596238145877166,-10.487224728822177,-10.511147767393869
EIF1AX,-8.51865441740469,-8.661005618810911,-8.591919255331835
RPS6KA3,-9.509859105418784,-9.614764838477626,-9.801828817987928
CNKSR2,-9.882503787540378,-10.001913718276827,-9.66682479700992
SMPX,-7.755188472899158,-7.96474203827584,-7.31018001511279
MBTPS2,-10.38414710963943,-10.431605259397916,-9.804993473941735
SMS,-8.232969463690791,-8.74538943695012,-7.8445488852666605
PHEX,-12.341169180725979,-12.924812280167664,-12.204439570960597
ENSG00000289084,-9.528131476940874,-11.67861169006661,-10.244410353614338
PTCHD1,-10.709902920377214,-12.573490978756222,-11.394407659025473
PRDX4,-9.301496684602789,-9.581925515581288,-8.694356268722267
ACOT9,-11.157635239450284,-10.935812288216722,-10.69426028870904
SAT1,-10.56533583016248,-10.800625720869416,-9.973450713303123
APOO,-10.334561390677894,-10.235308777434934,-9.658089122009585
KLHL15,-11.634591432771336,-11.406067370040615,-11.020608745862154
EIF2S3,-8.861287445459613,-8.8695195139285,-8.262307994437673
ZFX,-9.340831706322382,-9.84898268984668,-9.387792649566132
PDK3,-9.937500513115875,-10.181081443940846,-9.258239945342352
PCYT1B,-11.041258361506745,-11.31163886758256,-10.640275229222604
POLA1,-9.550873946878127,-9.576620114755661,-9.069951352410508
IL1RAPL1,-8.002616103539337,-8.38482315084224,-7.588614166634257
GK,-11.709005443981807,-11.70119404307082,-11.541680370603505
TAB3,-10.816436519941034,-10.939615004885635,-10.76620016683375
DMD,-7.025527469147509,-6.691330823277466,-7.27703207393706
TMEM47,-10.703571218474336,-10.286123629612778,-9.583220500871407
PRRG1,-10.5107031553658,-10.580283320082538,-10.01949864962887
XK,-12.502681603975331,-12.437659390670657,-11.556613323881646
DYNLT3,-11.000599602172986,-10.90321695527504,-11.01304228694084
ENSG00000259977,-12.39113327428076,-12.219228689047943,-12.950275519434456
SYTL5,-11.002214223608593,-10.882349319970972,-11.41078086760767
SRPX,-11.57280481258247,-11.96422268123982,-10.594042604337893
RPGR,-10.508979220501493,-10.477915551330405,-9.99147182436926
TSPAN7,-10.230738098262986,-10.621341689982174,-11.009315108139884
MID1IP1,-11.300152891751244,-11.669202586587982,-10.527174274417757
BCOR,-9.94527710471224,-9.901647781924668,-9.888090340617978
ATP6AP2,-9.673782490023655,-9.59173471396947,-9.009406805600756
CXorf38,-11.419418014774362,-11.726278472867588,-10.697930734367477
MED14,-9.940589577241177,-9.965175286832164,-9.459339150081297
USP9X,-8.675940904609089,-8.63355488581022,-8.094658968247833
DDX3X,-8.958955519806388,-8.986361654605565,-8.587748276458905
CASK,-8.638514453262287,-8.595578166427602,-8.139983033951278
MAOA,-13.165272615197763,-12.980764008573225,-12.2939716391719
EFHC2,-11.604442374030887,-11.414766974859042,-11.524631974775494
FUNDC1,-10.464701130664698,-10.491374513833088,-10.390023300678354
KDM6A,-8.017355043966075,-7.901882851527896,-8.061773318251452
KRBOX4,-10.604414818384484,-10.71745041165219,-10.706793142921553
ZNF674,-12.313547917846899,-12.096158827837762,-12.167524478862152
ZNF674-AS1,-12.79792727556602,-13.149538869234611,-12.918195278960711
SLC9A7,-11.032103500518424,-11.019972649379632,-10.380697540857694
RP2,-12.130265019078085,-11.769838235974985,-11.927569346611325
JADE3,-10.337397506096703,-10.27714306120259,-10.33753974221587
RGN,-11.233177210800955,-11.82170066288452,-11.519434958937675
NDUFB11,-8.660822840877927,-8.699374893058085,-8.428929958857967
RBM10,-10.353739896580679,-10.44810176444512,-10.400083923871904
UBA1,-10.085921005320754,-10.296750810580992,-9.735074762955469
CDK16,-10.406749569660672,-10.566475254239212,-9.903229941654036
USP11,-10.044186983503467,-10.047611636561916,-9.536888218832761
ZNF41,-11.496289346178052,-11.341166841573393,-11.85384491799767
LINC01560,-12.16417984470874,-12.15598866564316,-12.194874360470772
ARAF,-11.093341130111412,-11.124639834877453,-11.342055735032588
TIMP1,-10.12579676213556,-9.905628781955762,-10.114803054841762
ELK1,-11.55871019791775,-11.39780118842317,-11.50230650901149
UXT,-9.576971760719346,-9.684099489506352,-9.721451728054415
ZNF81,-10.882136669195559,-10.708052936001806,-10.972087569291759
ZNF182,-11.88516704507856,-11.71908455135325,-11.883792583828651
FTSJ1,-11.750943801525144,-11.791644909318379,-11.709071919034635
PORCN,-13.077256570800653,-12.567571553288621,-12.93871314178001
EBP,-10.65815492967703,-10.920819643010587,-10.803825939305552
TBC1D25,-11.456349904732335,-11.49878633118104,-11.761091390232576
RBM3,-8.77551179402307,-9.065903559576325,-9.267052796540721
WDR13,-10.588276895652387,-10.59596458939463,-10.786963890082799
ENSG00000232828,-12.152991230064842,-11.886359945828547,-12.329443814455246
HDAC6,-10.807079518994666,-10.839438415782123,-10.935394004656931
PCSK1N,-12.057926095772682,-11.994374576425573,-11.941213833732416
PQBP1,-10.339224062835772,-10.423705750909809,-9.852036344021158
TIMM17B,-9.560446180458374,-9.662687195433504,-9.07295822649586
SLC35A2,-11.978156493338565,-11.935910156183548,-11.380510675618979
OTUD5,-10.588932848717597,-10.66449628851872,-10.102913304833816
GRIPAP1,-10.248973326213363,-10.165687310461134,-9.648541067970354
TFE3,-12.16605962615694,-12.041747000270414,-11.6778646828457
CCDC120,-12.717040818375539,-12.585642114396645,-12.36795320920134
PRAF2,-11.341370606055609,-11.19849536652761,-11.213709349915177
WDR45,-11.025027697501356,-11.17340036295171,-11.144620888297236
GPKOW,-11.805654349146941,-11.721650802445444,-11.86931028294427
PLP2,-11.854441684969164,-11.48766935172177,-11.402412932644511
CCDC22,-12.191588616789085,-12.1258246671224,-12.360803868551331
PPP1R3F,-11.6226004712761,-11.570331689894791,-11.448569012955662
USP27X,-11.967177289310811,-12.14002365015982,-12.092047294684258
CLCN5,-10.3036150218095,-10.136124008239682,-10.633443652443084
SHROOM4,-10.7614755564372,-11.389281355110446,-11.44094780439036
NUDT10,-12.900126318613411,-12.721062257740558,-12.497500379117454
NUDT11,-11.16598190578568,-11.244355733723387,-11.343360553352369
GSPT2,-10.493530873652379,-10.519346399077454,-10.498496836909347
MAGED1,-8.704919567794207,-9.001802634144807,-8.824756422847525
FAM156A,-12.094640382995482,-12.046402192216222,-12.333649837089526
GPR173,-9.998266615906699,-9.977361162210563,-10.30862366461057
TSPYL2,-11.330161444375399,-11.150031508023293,-11.072884486262607
KANTR,-10.045491053543229,-10.016417806774168,-10.071277209681204
KDM5C,-10.075643670092333,-10.445420550204739,-9.96805666935049
IQSEC2,-12.175002751484193,-12.035274466737176,-11.77615399499814
SMC1A,-9.079055571524318,-9.207927098591803,-9.328057513265339
HSD17B10,-9.436694787802864,-9.73766655084189,-9.64989070161884
HUWE1,-8.459387131126789,-8.45105834754061,-8.492840479726437
PHF8,-10.895325211564144,-10.795522317159433,-10.948662088831972
FAM120C,-10.928608483052226,-10.831914996166228,-10.930087724925217
WNK3,-10.375233206549922,-10.252447465107675,-10.241524134505026
TSR2,-10.19888825823427,-10.360765992715127,-10.27188903479595
FGD1,-11.293700378161779,-11.33289782261153,-11.29511550576353
GNL3L,-10.172473700426982,-10.035215035507004,-10.593998280844616
MAGED2,-8.492013538162295,-8.365305444955952,-8.577047794017739
TRO,-10.798961204136686,-10.80943906926088,-10.886322378221843
APEX2,-12.24022682998805,-12.251668037534548,-12.545040074541172
FAM104B,-10.925898283388388,-11.050213854885719,-10.924229296756913
RRAGB,-10.129467146276511,-10.221554009730136,-10.184098638842501
UBQLN2,-10.111961533633329,-10.164063893206457,-10.167130571181417
NBDY,-9.104140784176865,-9.11111850825629,-9.053290821598424
SPIN3,-10.922683203774902,-10.86839758195444,-10.84113516922264
SPIN2B,-11.524844486673707,-11.36294868494126,-11.533656933219573
ENSG00000226310,-11.168320165690577,-11.19741288952986,-11.218195854245401
SPIN2A,-12.530323533197512,-12.834311788966128,-12.654193872105285
FAAH2,-10.253840308891581,-10.194475329840104,-10.170089311164837
ZXDB,-12.500308312017493,-12.404667474008672,-12.591284108627752
LINC01278,-8.913661692982464,-8.72079502309685,-9.064393317938176
SPIN4,-11.730055751499101,-11.752248683719145,-12.15923350810491
ARHGEF9,-10.032548040246866,-10.01056891376026,-10.108302179473013
AMER1,-12.35688587283511,-12.30033909688757,-12.223805171798466
MTMR8,-11.054114190306683,-11.164579868044687,-11.024418268103657
ZC4H2,-9.187698174545435,-9.251252042823042,-9.405502694979493
ZC3H12B,-8.295155522945807,-8.172149440923636,-8.479214910205958
LAS1L,-10.308134374807175,-10.46313794690432,-10.372368625723619
MSN,-10.483297624596217,-10.57414193844244,-10.544216384573579
HEPH,-9.18405241816771,-9.597475155967349,-9.716428498497546
EDA2R,-11.878835984051147,-12.394484697020745,-12.262694604909356
OPHN1,-10.186958270891974,-10.072129656193749,-10.132073390963487
YIPF6,-9.959257123093314,-10.047186981223758,-10.134180259503541
EFNB1,-11.930873367945056,-12.050132232404529,-11.724324506193177
PJA1,-10.567474614567633,-10.638088990901744,-10.627532363951957
EDA,-10.845707765542345,-10.496534566695336,-10.450531694680922
IGBP1,-9.612894879863356,-9.601495897105945,-9.664536815420218
PDZD11,-10.317135780295901,-10.468511160610156,-10.403520723414397
KIF4A,-10.407598090566113,-11.252815501720518,-11.054894769649735
DLG3,-10.055861558413248,-10.007162164572046,-10.164996156417557
SNX12,-11.353044405414757,-11.340982852893442,-11.383404504764377
FOXO4,-12.69133278693557,-12.522096583654143,-12.925920849008937
MED12,-10.95824722485,-11.177449714596479,-11.142892526859605
NLGN3,-12.607675798229518,-12.098891130380133,-12.635272558096142
ZMYM3,-10.333077625405174,-10.315598960570913,-10.40585807322827
NONO,-8.195008455252552,-8.392445103727864,-8.45176063994398
ITGB1BP2,-9.618301716377234,-9.76077868570735,-9.71098999750064
TAF1,-9.810685336542567,-9.793966307457914,-10.098372046725702
OGT,-9.376496502588742,-9.366396728186565,-9.528336802120368
GCNA,-11.834092004849763,-11.973181939741144,-12.429137257061583
NHSL2,-10.928154843683355,-10.485125857289534,-10.929959235350353
RTL5,-11.488665220217717,-11.420171761306278,-11.630059674247333
PIN4,-9.426680938276753,-9.621602724811284,-9.649736470347179
ERCC6L,-12.209972851355007,-12.8138022570188,-12.837840367546718
RPS4X,-6.695265226997147,-6.814209552018193,-6.154653224626583
HDAC8,-8.558192685988217,-8.502855755019466,-8.695229094645219
PHKA1,-11.172090346145799,-11.282604643683655,-11.113700739653282
FAM226B,-13.249757826429951,-13.26583880906464,-12.936126841044262
NAP1L2,-11.453050224655575,-11.654023509187715,-11.639895113904844
CHIC1,-10.330019856646896,-10.208531150233803,-10.347991752646731
XIST,-7.64363909817345,-12.58997542154578,-12.736320810081747
FTX,-7.790345131718086,-7.5709069627226135,-7.860354473574176
JPX,-8.316172339275417,-8.816663173558071,-8.169499131218188
ENSG00000271533,-10.927223121686023,-10.691446059283242,-11.003549825189532
SLC16A2,-11.494712521250428,-11.895680802495074,-11.297909319445203
RLIM,-9.921160811130932,-9.978414646673352,-10.172303952698758
NEXMIF,-11.90407978238824,-11.878981441274238,-11.533487393423865
ABCB7,-9.621430955619688,-9.941930925599717,-9.662412083596347
UPRT,-11.187529713533054,-11.577577156363887,-11.136553931914978
ZDHHC15,-10.6966289267154,-10.774271861954157,-10.99466701131897
PBDC1,-9.91852947538427,-9.958557941712403,-9.89227107951749
MAGEE1,-13.088050371384927,-13.154033161132853,-13.127425435556075
MIR325HG,-9.811493094055232,-9.51923020351666,-9.656749879679985
ATRX,-7.796255757560042,-7.7732505268687975,-7.874384254942809
MAGT1,-9.712135241406186,-9.579352997227149,-9.824418729990212
COX7B,-8.215247560751285,-8.382196758124879,-8.214626087009169
ATP7A,-10.967966372062442,-11.00157202481581,-11.04069110541798
PGK1,-7.961007466016896,-8.232025724909372,-7.647071445308577
TAF9B,-11.067028715428144,-11.07390362374006,-11.038190017466805
ITM2A,-11.530545489421394,-11.60158148050135,-11.071371979347434
BRWD3,-9.64156660785143,-9.570566543165599,-9.691407705021632
HMGN5,-9.876523217130567,-10.130158645010663,-10.06717875088173
SH3BGRL,-8.386204137593007,-8.384054446331337,-8.597303299129827
RPS6KA6,-10.515545810954439,-10.671632343902083,-10.841526923289532
HDX,-10.547822512129615,-10.654621091048934,-10.63654203784803
APOOL,-9.865353762838533,-9.845940631348457,-9.874212454942434
SATL1,-11.489587216098986,-11.530578324225848,-11.573484355927881
ZNF711,-9.756390605468615,-9.713234950552282,-9.763767675857142
CHM,-9.670908001889318,-9.67566179884168,-9.765906769818145
DACH2,-12.121188907168825,-11.072158758865616,-12.10891715397787
KLHL4,-9.682334772805783,-9.53359615180439,-9.293430999933275
PABPC5,-11.55468620697348,-11.441765310584627,-10.69002960835921
PCDH11X,-12.245598818518708,-11.145820041908012,-11.174063451207406
NAP1L3,-10.3923633847565,-10.479264104071667,-9.77784404892521
FAM133A,-12.666250085528413,-12.730450993350413,-12.115481964125015
DIAPH2,-9.450275348229821,-9.674151931135135,-8.618004978862086
DIAPH2-AS1,-13.01610334951593,-13.268947410266167,-12.38537937914175
LINC03077,-9.723730235111983,-10.060338943362888,-8.773959671186867
TSPAN6,-9.415616431774394,-9.537410465617118,-9.441110207571766
SYTL4,-12.924531767390839,-12.88148642326305,-12.24214040711904
CSTF2,-11.210716638521735,-11.336554330355103,-11.242931784553523
TRMT2B,-11.283131432480072,-11.121066290445581,-11.506458261433261
TMEM35A,-12.213826132418973,-12.30312652949598,-12.017102109818754
CENPI,-11.224212413042869,-11.580590616059652,-11.934855699082071
TIMM8A,-11.193441166195178,-11.070334343527076,-11.008955681426182
RPL36A,-7.043651108962541,-7.245247453277662,-7.100380888347339
GLA,-12.191504352436187,-12.184527000739374,-12.33140049998962
HNRNPH2,-9.394674199227582,-9.388898386758974,-9.608400715151147
ARMCX4,-10.23409296311343,-9.952573717832278,-9.792897134955806
ARMCX1,-10.83361585130237,-10.179418669084463,-10.296413887003943
ARMCX6,-11.706927945763733,-11.401143000297715,-11.568122065853709
ARMCX3,-9.202652461365833,-8.93725424423714,-9.266847050411512
ARMCX2,-10.188068268039954,-10.142104133618949,-10.250046483342302
ZMAT1,-10.293667672168421,-10.336020566053232,-10.256237685944509
TCEAL2,-13.197773627413714,-13.262427880058704,-12.600713188615673
BEX5,-12.339026518558219,-12.45958604621377,-12.065562229033022
TMSB15A,-10.91493774362908,-11.344280581259737,-11.090426246511361
ARMCX5,-11.93064148992051,-12.290096088922619,-11.896667269839808
ARMCX5-GPRASP2,-10.404146059644914,-10.286222729970335,-10.435730784963013
GPRASP1,-12.041173223428208,-11.906330795205832,-12.0311066368237
GPRASP2,-11.814877668780865,-11.6190774999482,-11.41012889748291
LINC00630,-10.692539505621255,-10.55686340540845,-10.709441238468894
ENSG00000239407,-12.106046261667748,-12.00634658346687,-11.986010398480824
BEX1,-8.63387392157666,-8.783554837780493,-8.941584100302075
BEX4,-8.963062593109909,-9.028773852212955,-8.406209531593236
TCEAL8,-9.227953909682267,-9.315144423112116,-8.491328128309396
BEX2,-9.981457545616655,-9.954712982435808,-9.362523201508075
TCEAL7,-13.037840108756523,-12.96533570597855,-10.97221338731495
TCEAL9,-9.123473667119637,-9.188417891825564,-8.447083484642306
BEX3,-7.594698608480249,-7.685583671750117,-7.053441807962632
ENSG00000234405,-12.937761517923306,-12.599305411697465,-12.24841208842268
RAB40A,-12.593624058995891,-12.587005753637918,-11.975487520695154
TCEAL4,-8.721984275156009,-8.929650843277765,-8.012855935292542
TCEAL3,-11.01565184896188,-11.290705970966687,-10.472094815812552
TCEAL1,-10.8491232165295,-10.887258473304401,-10.28714898368158
MORF4L2,-8.376704193405992,-8.438320490795183,-7.876014846103742
RAB9B,-12.51211053841837,-12.28538947798556,-12.084304994650465
TMSB15B-AS1,-11.628002269347654,-11.379583275836906,-12.045216898447595
TMSB15B,-12.788695742637016,-12.723139072885917,-12.844532630656627
TMSB15C,-13.060616595611613,-13.205220811517231,-12.863136339023747
SLC25A53,-11.221486758476786,-11.327989482372908,-11.364275329303307
FAM199X,-10.291386571792152,-10.270115907335894,-10.13469633979473
IL1RAPL2,-10.039166166950643,-9.785093605537455,-11.674815811678938
PWWP3B,-10.4324771062598,-10.646329901545116,-10.312120939769525
RADX,-12.967648666196485,-13.064907304516444,-12.323443661006337
TBC1D8B,-12.210312158091241,-12.917632248576377,-12.277480355722119
MORC4,-10.824645028880582,-11.178688497324126,-11.224554481674312
RBM41,-9.290492907036514,-9.333797319027816,-9.322935586032736
NUP62CL,-11.358168431926446,-11.62814746634174,-11.625778017682213
PRPS1,-10.955023301440157,-11.094749560088278,-10.449037088324213
TSC22D3,-10.230117522105282,-10.540984020983972,-9.774157791750978
MID2,-11.169780606074875,-11.553644427059988,-11.023828038698646
PSMD10,-10.551781158789286,-10.806467798956788,-9.955717294562193
ATG4A,-11.603086053922466,-11.609064443686588,-11.012058593418919
COL4A6,-9.359303625325188,-9.41463647379329,-8.561659813957952
COL4A5,-8.427908327460644,-8.40066872431645,-7.809351527343205
NXT2,-12.480783921002475,-12.498465802791634,-11.814658212209594
ACSL4,-9.9409849287669,-10.22581391665893,-9.61856320246663
TMEM164,-10.619400429370955,-10.579410405738923,-10.027711544688438
AMMECR1,-10.937595331321726,-10.670113823554287,-10.142628773584542
RTL9,-13.205641217809255,-13.1572932957354,-12.883334804274527
PAK3,-13.009073846294408,-12.882252651136616,-11.342183729108381
SERTM2,-12.104905052284927,-12.379727863709103,-11.277168014978075
ALG13,-10.064165461349942,-10.176348075429958,-9.459383938852788
AMOT,-11.015208821502672,-11.076585435691905,-10.859100328931058
XACT,-12.627247843571059,-11.696233294022058,-11.427941458304819
LRCH2,-10.518468819132663,-10.516571922582365,-9.814194773981734
PLS3-AS1,-10.47899783775377,-10.478805981240486,-10.237313382539808
PLS3,-8.839079879097751,-8.957712676844125,-8.584099480285595
DANT2,-8.024758307468105,-7.941922172511072,-7.390194475577333
KLHL13,-10.29845312951697,-10.369601297248915,-10.417975049373645
WDR44,-10.364463819392723,-10.335086220653265,-9.705382360556506
DOCK11,-11.187989668040501,-10.841937427764462,-10.946640574847256
IL13RA1,-10.4676710392001,-10.479774357692472,-10.75885906963673
PGRMC1,-9.125413627578794,-9.040802692340304,-9.638991145932998
SLC25A43,-11.735513303760957,-11.769388521410328,-11.826195287109309
SLC25A5,-8.013925775841267,-8.208574688578155,-8.016989289608425
UBE2A,-9.807140935451594,-9.814518926791447,-9.820183355802145
STEEP1,-11.443164591399576,-11.707141788584812,-11.224032704753046
NKRF,-11.559754317739564,-11.437985441936034,-11.436784513368305
SEPTIN6,-9.671141739529657,-9.822005745300869,-9.92798870172655
RPL39,-6.708884186821032,-6.8847487345604295,-6.770715097085934
UPF3B,-9.707435920271829,-9.807175375882682,-9.75322919881504
RNF113A,-11.070773681636608,-11.298041509568872,-11.27051648631851
NDUFA1,-8.746131365380904,-8.715957179288347,-8.700822589699019
NKAP,-10.045432631860832,-10.147189114109429,-10.106848042966924
RHOXF1P3,-12.28117769946801,-12.847491572614693,-12.764753112182023
RHOXF1,-9.686534959283405,-9.695472648601731,-9.884853507578121
ZBTB33,-11.51069888657856,-11.449967373001273,-11.306832226231677
TMEM255A,-13.068427815521561,-11.936930407567031,-12.086872600963018
LAMP2,-9.848991956576596,-9.692914096268494,-9.754376168555888
CUL4B,-9.791624532564704,-9.857061823115231,-9.806500544060235
MCTS1,-10.09519845890435,-10.066325517386645,-10.211886820478394
C1GALT1C1,-11.168729953955795,-11.080100624154156,-11.183796286427775
GRIA3,-10.524570947695507,-11.15046058536514,-10.739145073644314
THOC2,-8.706389583843382,-8.77743001658281,-8.923509392007851
XIAP,-9.741328509044115,-9.643623903040032,-9.855380180562987
STAG2-AS1,-12.97738466522953,-12.570690056710287,-12.435493136931955
STAG2,-8.774913198013305,-8.855917366480506,-9.050521869272036
TENM1,-10.788524415850379,-10.16961097899537,-10.338167803652912
ENSG00000225689,-8.229388505712256,-8.078320630848204,-8.775505149798697
SMARCA1,-7.862746897216983,-7.95027005121114,-8.181117501358557
OCRL,-10.397562295585283,-10.403934599204856,-10.614681482156339
ZDHHC9,-11.375083256870528,-11.519222680931374,-11.465927098726244
UTP14A,-10.282671359329136,-10.427445640768259,-10.410140432811565
BCORL1,-11.244306162578233,-11.271899429401177,-11.497421609530116
AIFM1,-9.671820910137262,-9.787437697678248,-9.744343882329119
ZNF280C,-10.587182654912677,-10.448110698711792,-10.501847327902427
SLC25A14,-11.811097323909983,-11.682997092124545,-12.0281627366394
RBMX2,-10.279172445012174,-10.388402965789203,-10.741207585980561
ENOX2,-9.823018037730177,-9.652514243890305,-9.475586196596351
IGSF1,-10.42708848225183,-9.372593044351948,-8.358760232689235
FIRRE,-9.220035697226585,-9.540595149354619,-8.606889166023095
STK26,-9.165313020130693,-9.420670121605061,-8.666685527918142
RAP2C,-10.785411900479138,-10.71111818757085,-10.180875435526467
RAP2C-AS1,-10.092520156316303,-10.167681936820411,-9.37634262652594
MBNL3,-12.122718877410373,-11.964038705128026,-12.369519181943039
HS6ST2,-9.28977320860099,-9.742434764933423,-9.74918690978203
GPC4,-11.056623761587725,-11.123424646531031,-10.171567140208975
GPC3,-8.448277406812583,-7.763662324532043,-8.892365937487103
CCDC160,-10.451321638226,-10.747970572433402,-9.787392749474037
PHF6,-9.07920785788034,-9.126302568732092,-9.02861492670832
HPRT1,-10.278108968568223,-10.42395359007308,-10.372479082956545
MIR503HG,-12.694540530120024,-12.555060665114363,-12.234221633264594
PLAC1,-12.640591698118604,-12.353706844910135,-11.976246978720908
PABIR2,-11.834407678536422,-12.015101323143925,-12.02571781188981
PABIR3,-11.584500921982551,-11.376956074306431,-11.399568335011898
MOSPD1,-10.967753939328157,-10.843347500164551,-10.969125937833674
SMIM10,-12.754985296685042,-12.28638045251161,-12.03333370259613
RTL8B,-10.8362118243911,-10.478956922286104,-10.785230024903443
RTL8C,-8.912614345351592,-9.04152055634263,-9.109673496460395
RTL8A,-9.757447547640652,-9.897108336215638,-9.809374878078184
SMIM10L2B,-13.05596979945064,-13.143722537748667,-12.764161462330872
ZNF75D,-10.58414563516277,-10.364131601197014,-10.522773444760434
ZNF449,-11.430433594338316,-11.271108245606763,-11.271658600763445
SMIM10L2A,-13.171843461338439,-13.303896123842105,-12.645744841205664
INTS6L,-9.139807973573761,-8.859028144775069,-9.225920822187678
MMGT1,-10.642567419194924,-10.425164863677756,-10.71408776124541
SLC9A6,-11.444530597679226,-11.310551390421741,-11.493592326737096
FHL1,-10.92328686033053,-11.105825914839484,-11.027816411620268
MAP7D3,-10.486666168197647,-10.633125567312026,-10.480838668330746
HTATSF1,-9.068667367248594,-9.096220960041398,-9.10159368586781
ARHGEF6,-12.823934800802718,-12.87980393792324,-12.852386205079577
ENSG00000232611,-10.510035178438502,-10.467832332267049,-10.70866911283336
RBMX,-8.634362182254279,-8.743529337345027,-8.726104283734704
ENSG00000291054,-11.556652262242979,-11.378167097916894,-11.564611632292454
FGF13,-9.386698813891222,-9.569994919860104,-9.628933965166684
FGF13-AS1,-12.902835749915953,-13.108147063220638,-12.772906970139978
ATP11C,-9.830187704652534,-9.968717213361273,-9.944286148360474
LINC00632,-11.87924301581342,-11.627217314786716,-11.356898306139296
LDOC1,-10.394574217336201,-10.676444328736302,-10.422556033030213
SPANXA2-OT1,-11.10977714748823,-11.599668148546973,-11.554936697599508
SLITRK4,-12.871434992754185,-12.44977262855582,-12.595075871784028
FMR1,-9.472872661714362,-9.745951565952613,-9.697055917944997
AFF2,-9.43799323871686,-9.647160282759915,-9.402558526892658
IDS,-10.19535626296048,-10.211517384372593,-10.380392927903015
ENSG00000238039,-13.162863467552977,-12.776597583120173,-13.006521141135629
EOLA1-DT,-11.184968834683701,-10.859664734132073,-11.357170653920495
EOLA1,-13.042403746384075,-12.99084789927284,-13.079207276266565
TMEM185A,-10.001799958444044,-9.923323974508051,-10.362620247483283
EOLA2,-12.380666546262509,-12.648305928841564,-12.317968548650116
EOLA2-DT,-10.44848054373508,-10.194305918784575,-10.507673885860154
MTM1,-11.325369323497862,-11.307181906004411,-11.137038793569191
MTMR1,-10.114875600265046,-10.229205569491485,-10.169118250972488
CD99L2,-10.774160334706885,-10.800619428317297,-10.256810245982722
HMGB3,-9.341928852068548,-9.40001605449854,-8.871177817164895
VMA21,-10.301677274127401,-10.340020138169598,-10.225943921864717
PRRG3,-11.79858354024383,-11.62607722198281,-11.938206233820907
CETN2,-10.12516826267642,-10.109951368407357,-10.146994537776129
NSDHL,-11.326679730104123,-11.355634862407554,-11.273881644164005
ZNF185,-11.762394280857476,-11.608662511612131,-12.086226952618286
ZNF275,-11.858210849037668,-12.105260055466177,-11.990579656889876
CCNQ,-11.444361261876224,-11.575297807944839,-11.43407648087122
PNCK,-12.849317252196375,-12.213824135333248,-12.171444266761693
SLC6A8,-11.73209997690878,-11.65841228788516,-11.79571973000413
BCAP31,-9.479955166014001,-9.50145477861826,-9.637294278901278
ABCD1,-12.474686885426612,-12.904198410983017,-12.812474227607192
IDH3G,-10.384723457098755,-10.456459957673562,-10.510918759720592
SSR4,-8.852463701497012,-8.965873034726004,-8.924692622759729
NAA10,-10.146000497705264,-10.234832213113656,-9.532967368330024
HCFC1,-10.408234191548091,-10.404929210521642,-10.469058329556676
TMEM187,-12.698585497067576,-12.638669580908552,-12.005413024415564
IRAK1,-11.97067496619284,-12.300912086883374,-11.84495893666219
MECP2,-9.746862392391964,-9.73248313321584,-9.880808822327163
FLNA,-10.000041095551762,-10.010420333206117,-10.280682931931551
EMD,-10.527004853415562,-10.604506788009358,-10.551598137338997
RPL10,-6.454134566888138,-6.582280246040067,-6.528777003777575
DNASE1L1,-11.816716497213493,-11.94857840027831,-11.914230229820314
TAFAZZIN,-11.136508117329905,-11.406651985338673,-11.537022125762869
ATP6AP1-DT,-12.126531509116102,-11.798304859624025,-11.925154930011475
ATP6AP1,-10.49358484344062,-10.516688031827659,-10.699438193186475
GDI1,-10.924920042294783,-10.862768563587052,-11.051101169753993
FAM50A,-9.886925504869971,-9.890070841610273,-9.954915400873737
PLXNA3,-12.063977602723492,-12.276972361763136,-12.286374897606542
LAGE3,-10.107909866469763,-10.032827355346413,-9.875392640746943
UBL4A,-11.356214904541547,-11.253340368608761,-11.313985250648372
SLC10A3,-11.90969526631675,-12.05105344391692,-12.236564591492701
FAM3A,-10.603008156883192,-10.72839106864173,-10.737720235313947
G6PD,-12.068710658256212,-12.239504990820508,-12.132057448703359
IKBKG,-12.434713311247283,-12.409656215146482,-12.35354447188152
GAB3,-12.711546638550718,-13.041649061117086,-13.172885923683578
DKC1,-10.054378345268468,-10.226510081315293,-10.255540561287726
MPP1,-11.308465293790748,-11.502752986394928,-11.264850996605109
F8,-11.995664114860757,-11.975266423184248,-11.584662280806091
FUNDC2,-9.782320433635737,-9.831566113122117,-9.701469335868401
CMC4,-10.780627165207951,-11.02042797951638,-10.69963368959337
MTCP1,-11.815780129994993,-12.367049948148557,-12.130426585620384
BRCC3,-9.816507579160023,-9.999978874084954,-9.938899512673915
VBP1,-9.47720313663849,-9.553791588498115,-9.525807008831253
RAB39B,-12.802082146970694,-12.395018752730463,-12.604607035384104
TMLHE-AS1,-12.10295244162691,-12.410951925970663,-12.595057887691683
TMLHE,-9.375172556439587,-9.205396730881436,-9.271159626299182
SPRY3,-10.502657374457595,-10.456214995216143,-10.601626136418533
VAMP7,-10.732540809288134,-10.84044569153552,-10.889256914458825
MT-ND1,-7.538508333176719,-7.408585158738101,-7.324315312093079
MT-ND2,-6.924559064033018,-6.378730430265713,-6.787723705230151
MT-CO1,-5.422087612042927,-5.522168754308537,-5.261135660082587
MT-CO2,-5.872374314687615,-5.771646849600558,-5.792477661873653
MT-ATP8,-9.117640199930598,-8.782809777165065,-9.047253962184248
MT-ATP6,-6.615900917322116,-6.421999588728818,-6.5484000618763325
MT-CO3,-5.567117421517876,-5.324105530216556,-5.372306387472801
MT-ND3,-7.014925512258542,-6.530556589863973,-6.677589436537633
MT-ND4L,-6.891369415440334,-6.692046788249782,-6.80680451106818
MT-ND4,-6.171806671511455,-5.87838508203462,-6.107823735332345
MT-ND5,-7.037301840360182,-6.764141394398273,-6.998041711411341
MT-ND6,-10.640727709253133,-10.795786228228229,-10.80982165297109
MT-CYB,-6.4489137497905755,-6.189426796416437,-6.459796685928024
ENSG00000276256,-11.813871043245742,-11.321648603373673,-12.243704330750292
ENSG00000271254,-11.206915088569655,-11.468367754039406,-11.550461994174702
ENSG00000278817,-11.084485685358448,-11.285520216972992,-11.133554178710849
