gene,NA19099_Cardiomyocytes,NA18522_Cardiomyocytes,NA19093_Cardiomyocytes
ENSG00000290385,-0.19552474219293006,-1.1024858177274766,-0.5053195364930616
ENSG00000291215,-0.8070713931677035,-0.7907246124822472,-1.1167098614767745
LINC01409,0.885545501370494,0.9875030196651905,0.5962811560183745
LINC00115,-1.1342959872253715,-0.4337439676105994,-0.82693338156853
LINC01128,-0.18072849414620856,-0.23465997050284673,-0.4275908234885719
SAMD11,-0.26385287262431595,0.5884408641891916,-0.5922462818699615
NOC2L,-0.6730948940006841,-0.848420532177478,-0.5318644090443989
HES4,0.8238589274122106,1.1030760934676138,0.908105754452766
ISG15,-0.7066285733202378,-0.35837881973037605,-0.6135162620626282
AGRN,-0.522358678249045,-0.9167606782601645,-0.683135419191295
C1orf159,0.044579765640985765,-0.048002809765080166,0.01610323285398252
SDF4,-0.9810840297832542,-0.5279330200219405,-0.5873466888652388
B3GALT6,-0.7374638180626008,-0.4395127702689159,-0.492863710440858
UBE2J2,-0.9158320197552321,-0.920367714604911,-0.4695095343999469
ACAP3,-0.587657248344506,-0.917220250463977,-0.5553517689967756
PUSL1,-0.32836256100889827,-0.20736063971605748,-0.4551037317751678
INTS11,-1.3927419144578899,-0.8350907125388964,-0.6880808239303633
CPTP,-0.40493645023250474,-0.4012630859582842,-0.8635794083905958
DVL1,-1.2024738321060688,-0.6669268866625764,-0.6033462798831088
MXRA8,0.8515843457205392,0.43726770354383854,0.26045887363512316
AURKAIP1,-0.20630118954537477,-0.8553076351364305,-0.3729084552833015
CCNL2,-0.6899814958445099,-0.4509330054344219,-0.7381772926384613
MRPL20-AS1,-0.4640214107200721,-0.5414230376826127,-0.6380357630061618
MRPL20,-0.16455435595649706,-0.6806008201931918,-0.8121388411536863
VWA1,-0.46717617222251917,-0.11712608289395021,0.04210195476361278
ATAD3B,-0.8775114832013352,-0.1905423226310568,-0.9311093306988845
ATAD3A,-0.43912935271329095,-0.6898639066234934,-0.44110915610593093
TMEM240,-0.41381876979323806,-0.9831879394200733,-0.8707404744457783
SSU72,-1.173112345992596,-0.5463100945898204,-0.7296469375477095
FNDC10,-0.32385077325979594,-0.3982870466657289,-0.5577132152189037
ENSG00000272106,-0.6122960027316502,-1.0857094865278931,-0.6732566948904655
MIB2,-0.5080610325440559,-0.5773942957656253,-0.43204724057644484
MMP23B,0.5164496421517198,0.33148524803110396,0.20573569863717014
CDK11B,-0.9495993655409762,-0.6927599954216959,-0.6271391796672993
SLC35E2B,-0.674224313715392,-0.909083592187649,-0.959222657064366
CDK11A,-0.27746094940737004,-0.5899852429752563,-0.5694527962976785
ENSG00000290854,-0.8871105710179208,-0.5550351467412113,-0.5508519121682519
NADK,-1.123669101389698,-0.6023434651881773,-0.36881720200897306
GNB1,-0.3985282604680122,-0.717993036085339,-0.6559355114746168
PRKCZ,-0.876246912811567,-0.2468364446093467,-0.2218186064173508
FAAP20,-0.7082752631041664,-0.4983292382567264,-0.42577165457680977
SKI,-0.3920313145812635,-0.17450970698046214,-0.02904131165522728
MORN1,-0.36387633536434544,-0.6238971738666309,-0.5253321473628709
RER1,-0.8158119727042284,-0.31744967616709735,-0.7762566459782043
PEX10,-0.664905344480747,-0.8188287154689675,-0.44167497260703215
PANK4,-0.33095727489023125,-0.7503746711736632,-0.8289577208035759
PRXL2B,-0.38941704430354207,-0.6235459466337189,-1.0759703626216712
PRDM16-DT,-0.12798797721773175,0.07447775185135802,0.38754849840688266
PRDM16,1.1212999211419188,1.19237303532676,1.306527728385543
MEGF6,0.22807896399168123,-0.6123758223220398,-0.7977396251472832
TPRG1L,-0.3116144991211236,-0.6863801475033782,-0.9107545590000754
WRAP73,-0.2965311409848291,-0.47785608873310886,-0.7672243979961096
SMIM1,-0.2128395798306251,-0.42543256693057435,-1.0224721898873526
LRRC47,-0.7495960277950467,-0.6679472685265005,0.012771150613662631
CEP104,-0.487059525663362,-0.7503549002435292,-0.6806408208943929
DFFB,0.40822349643665484,0.05039089438855636,-0.7155858857925566
C1orf174,-0.44292362231665905,-0.9212773978589617,-0.27520260744961783
NPHP4,0.6274944301539307,-0.2994535373645561,0.9630032720340367
KCNAB2,-0.005754658544848494,0.25534457909574826,0.08976115835898567
RPL22,-0.4375090195894273,-0.13567755604310608,-0.3712028940839822
RNF207,-0.06021253707306324,-0.19283497907739647,-0.23634535112833527
ICMT,-0.16202390586659735,-0.1497750173973138,-0.598170563765624
GPR153,-0.8308332678128602,-0.4455461175850779,-0.005104098276881068
ACOT7,0.029348015785718152,-0.18682789311852588,-0.1676108532605056
PLEKHG5,0.014054811637034759,-0.13055913944645064,-0.46404911100050933
NOL9,-0.8153812780881715,-0.6402735067741362,-1.0463678851915752
ZBTB48,-0.4853948276207554,-0.5599372193834783,-0.3205942919593702
KLHL21,-0.18726372758020918,0.09770527507014033,-0.14304812862489066
PHF13,-0.46365461724529317,-0.3811502481274828,-0.019112447895928166
THAP3,-0.5281204977670058,-0.7880094487511116,-0.18774949290411774
DNAJC11,-0.42179347550494484,-0.12437654022356176,-0.2693068704783741
CAMTA1,-0.9196461162361693,-0.3868021648141493,-0.8708385317772169
VAMP3,-0.9163168659915755,-0.03712991601675594,-0.745406106712057
PER3,0.8706325972462458,0.6301483256834111,0.6499169361831569
PARK7,-0.5908983720815435,-0.5755826089456697,-0.5098259033750522
ERRFI1,0.6531458046801539,0.09296546267940183,0.0716940766179163
RERE,-0.5253749798901346,-0.35703189816899084,-0.27011120887730655
ENO1,0.591910459500566,0.8563217856712821,0.8273082402301632
GPR157,0.696645614786707,0.37186932304325643,0.19316722221290297
MIR34AHG,1.0879302007725506,0.5389282392050525,0.5811362842133931
H6PD,-0.30783632648621756,-0.3361852399361673,-0.5489389200130078
SLC25A33,-0.15242149403255925,-0.19114556945859104,-0.09060560094263787
TMEM201,-0.8171760098922398,-1.1417241910152391,-0.33104168934240263
PIK3CD-AS2,-0.7171345000558631,-0.5422599371467706,-0.6281194530278037
CLSTN1,-0.4763759285306186,-0.7340458259650725,-0.256407133045542
CTNNBIP1,-1.2149044781180045,-0.23836779887257722,-0.6724786803661438
LZIC,-0.48939290169204236,-0.4309592632949233,-0.8952754164536962
NMNAT1,-0.5110755182460522,0.02303746243957863,-0.27587368452832445
UBE4B,-0.29693335203635834,0.18483117604595742,-0.30727243585268843
KIF1B,-0.22845812640769475,-0.4453795836502224,-0.10440021786784827
PGD,-0.5665456369850402,-0.2677070737756644,-0.6322286004578892
CENPS,-0.11597609822143434,0.09664544755651144,-0.33181290721039153
DFFA,-0.41563779768694076,-0.27747431341051865,-0.006555506776702949
PEX14,-0.021112036510441405,0.006426967883811651,-0.24825208998525028
CASZ1,-0.08418164427667921,-0.034735807966090035,0.0645984453636039
TARDBP,-0.40914303338430713,-0.39331359601551696,-0.8804957425998623
SRM,-0.14972115943160352,-0.3640079925536028,-0.09973102199045066
EXOSC10,-0.42971199493633705,-0.18447590881967807,-0.32170735872116646
MTOR,-0.5813945965782921,-0.49983870325198165,-0.37335947369462735
UBIAD1,-0.29400753492569365,-0.4698430283499313,-0.7829240966618229
FBXO2,-0.032434278195534405,-0.4994321677534117,0.9872636999156867
FBXO44,-0.3129019021309211,-0.5094629111150049,-0.1675966195039002
MAD2L2,-0.4711844152656682,0.08139514750768485,-0.10936134961409041
AGTRAP,-0.2700888326877439,-0.9757891959586793,-0.9174755800285048
MTHFR,-0.5066965233248341,0.25780616869266376,-0.3429061614862335
CLCN6,-0.2714489589913889,-0.27532900334583843,-0.6119094179418135
NPPA,3.392534482381386,3.420027327782842,3.6466201193055987
NPPB,3.6926241982555084,3.576827303336259,4.545551152678616
KIAA2013,-0.21435797868778647,-0.7600534215147086,-2.0240348644778834
PLOD1,-0.4144446261985415,-0.4534038883821942,0.04650864593165956
MFN2,-0.4860363893978316,-0.5955207981744693,-0.37841865736268343
MIIP,-0.910536886675615,-1.33302401349518,-0.4477405996768092
VPS13D,0.40360242661228435,0.2451784785733473,-0.3161781151872454
DHRS3,1.1259810418813565,1.267311345920895,0.7628352103880793
PDPN,0.8783838750224042,0.4211397873871299,1.659791112068124
PRDM2,-0.4635776863007131,-0.6422510475979237,-0.8060419224466919
KAZN,0.6633648862425616,0.6059603304695429,0.5219205198174173
TMEM51-AS1,-0.4103111412141125,0.17638354998827308,0.00747443615007264
TMEM51,0.45325850398769413,0.4762635908402934,0.31735194883345125
FHAD1,0.43462114076261216,0.7948360734373416,0.263349020284064
EFHD2,-0.19736840635438924,-0.26759933637842076,1.2758621937468106
CASP9,-0.35917854672106836,-0.40269532171958744,-0.440601311940064
DNAJC16,-0.40311841543395127,-0.7682367150211427,-0.43282153685740354
DDI2,-0.49364999907066215,-0.5082789418275873,-0.44885375938156363
PLEKHM2,-1.1865356254235628,-0.7897624319568521,-0.9011551944792657
FBLIM1,0.3614858024487297,0.1636697409687464,-0.2671559028827772
UQCRHL,-0.8036523032819431,-0.4467985867328715,-0.4500776794789338
SPEN-AS1,-0.48599876130572633,0.011516898194745611,-0.3294413625175458
SPEN,-0.5397743501783765,-0.4963654479271895,-0.12035334034382929
ZBTB17,-0.6205893506050196,-1.012710021642878,-0.6156935891265968
HSPB7,0.1852759343402007,0.5846505702925384,0.4103184032016998
EPHA2,0.3909219729354305,-0.8532988200041203,-0.5647508782586677
FBXO42,0.20221168425635846,-0.10386454234235741,-0.5790107025808489
SZRD1,-0.9273127282829527,-1.1265146314948495,-0.12941452600320597
NECAP2,-0.6284471009873194,-0.6179343508066922,-0.13947699112509324
CROCCP3,-0.08198130573335052,-0.19708386381613968,-0.13952549385587784
NBPF1,-0.5004171170890218,-0.5038779812981105,-0.28363981500185886
CROCCP2,-0.1628578232596105,-0.3472027311356917,-0.507314578170739
CROCC,1.231507106313785,0.15229614162210933,0.20074494202874868
ENSG00000238142,-0.5119224635547575,-0.3056736000121915,-0.2877257266831493
MFAP2,0.4771432017803896,0.8359719316043411,0.324606494382909
ATP13A2,-0.9638119587351959,-1.0595520348900322,-0.3782782135162819
SDHB,-0.7160534205458191,-0.6805481011198964,-0.07359769080740362
RCC2,-0.5722317434296613,-0.04754741621272631,-0.3218513901382778
ARHGEF10L,-0.2512150402998934,-0.27612121415459256,-0.784497410274149
ALDH4A1,-0.9086000246731771,-0.4349474082408698,-0.5658577891788852
IFFO2,-0.3478718016266846,0.37874258275463646,-1.2227960121275387
UBR4,0.25061942132611753,0.08577697882094526,0.2573378891370908
EMC1-AS1,0.21925744763933597,0.22446873605466772,0.008926797222784347
EMC1,-0.4917330630659364,-0.9851248448503007,-0.44405330812987037
MRTO4,-0.3121245284311449,-0.4306275877670451,-0.6548118999606629
AKR7A2,-0.6678953452823002,-0.4318788937359913,-0.6924418751452563
SLC66A1,-0.9149206275165476,-0.3931342215944547,0.005416088190035042
CAPZB,-0.9206922637780366,-0.6863148796888403,-0.646508381325095
MICOS10,0.001917718834462884,-0.10466937437719895,0.12910512224332402
OTUD3,-0.06743059692376717,-0.39781441065296613,0.1735002618410348
CAMK2N1,0.8209328865246485,0.28827382008023156,-0.404042455596965
MUL1,-0.9040665306575589,-1.0307104820632702,-0.38627346989457945
PINK1,-0.3533404844473935,-0.44160662689538194,-0.5641489951313403
DDOST,-0.6801460137390443,-0.5990739025361158,-0.7614072641215196
HP1BP3,0.1735323531446262,0.24239392758167005,0.1497997233974928
EIF4G3,-0.39344713447503565,-0.16540492418014802,-0.35522554296526465
ECE1,0.1348438068845113,-0.08522489803090492,0.11677912862325719
NBPF3,0.25045535787040046,-0.021388418834231294,0.09650346821558752
USP48,-0.500828421619147,-0.8692062612636525,-0.7089158030003091
HSPG2,0.027348303874898606,0.40403501095665456,-0.1034498090717228
LINC00339,-1.1122647643956043,-0.567807461917333,-1.443915837558425
CDC42,-0.8021030387271146,-0.519398503787052,-0.656316721830006
ZBTB40,0.023132830367721662,0.09240666994501369,-0.15579954076418187
EPHB2,1.1516770610143148,0.8277780776878919,1.1643406707669612
KDM1A,-0.7166716169354075,-0.6934352316505894,-0.502728429040534
ENSG00000240553,-1.1904411684203637,-0.39210414995418214,0.5367914532346845
LUZP1,-0.11615357936533145,-0.3522326275707499,-0.4760753920418318
LINC01355,-0.20382037725126878,-0.39042760789434894,-0.03018848206315644
HNRNPR,-0.34721089876484607,-0.38532095138281264,-0.41077171966658105
ZNF436,-0.26489052761939647,-0.26594760351198593,-0.10459378436848614
ZNF436-AS1,-0.917753741415993,0.13357745185820483,0.16278636870644195
TCEA3,0.31922098489462053,0.5510059030566161,-0.004887057311432103
ASAP3,-0.13882481564243318,0.17134734132410046,-0.004426069255682585
ID3,1.369145724796386,1.286552490632726,0.8466867704711695
RPL11,-0.25967573893654367,-0.15407332157133347,-0.14407753880746726
ELOA-AS1,-0.40176460113929485,-0.46902126334278543,-0.38404268363241556
ELOA,-0.5930949539947933,-0.7007436997448551,-0.414995897567465
PITHD1,-0.3604419189457672,-0.26011706160499776,-0.6269209724284615
LYPLA2,-0.5396845389447904,-0.3204069699383005,-0.246988981315809
GALE,-0.019181249196897454,-0.3164588385643406,-0.20517542700687127
HMGCL,-0.7150838284485665,-1.118571983897965,-0.6340350529806288
FUCA1,-0.376391270114862,-0.09882221195222132,-0.7272688670772105
PNRC2,-0.11276787560193213,-0.14554581757624876,-0.4136135403386056
SRSF10,-0.5487352172150645,-0.5328828388968142,-0.5122746013559301
IFNLR1,0.22487504629355112,0.0052335646665467896,0.08054411704286583
STPG1,0.5796664624258021,-0.029563672513770425,0.22706171220739785
NIPAL3,-0.2681775499173398,-0.4696247535537097,0.276252817097351
RCAN3,0.03916751445768438,0.040728754965563455,0.1509530864677871
SRRM1,-0.7621699615007991,-0.7688301566759854,-0.7145870633557118
CLIC4,-0.10161456256289729,-0.03456022185049439,0.1938103160963927
SYF2,-0.4789274989564376,-0.4699427492015608,-0.5664540126962868
RSRP1,-0.9712546030615278,-0.3746598681194904,-0.5380546784929373
TMEM50A,-0.7866089417156594,-0.4541794145291114,-0.4519984491827494
MACO1,-0.30398811364404915,0.0007664790532083354,0.07575985153780346
LDLRAP1,-0.5110815298835227,-0.37921334171575444,-1.2409486525094557
MAN1C1,0.7852758269603015,0.5678285708752995,1.3543221898831312
SELENON,-0.8618896173750272,-0.17257441842103202,-0.6795136722468698
MTFR1L,-1.122427802960157,-1.122692213038416,-0.6068437188936998
AUNIP,0.2843877010195719,0.36193441824770645,-0.2173578306642732
PAQR7,-0.8307251936460105,0.41563780553611807,0.24649229586649216
STMN1,1.1127026898275965,1.2883441738300903,1.1672940641605933
PAFAH2,-0.21575898147845868,0.2647665712766631,-0.688440418965957
TRIM63,0.2552358993192918,0.027439693391958325,0.4350276947379435
PDIK1L,-0.028951169774831694,-0.31426508850071855,-0.32704086332960713
FAM110D,-0.7306133540400666,-0.09252402528930054,-0.167081266058073
ZNF593,-0.1811859901800475,-0.38870597964035264,-0.27540107568380284
CNKSR1,-0.4412638046165434,0.08066762493168868,-0.6985321925612452
CEP85,-0.09576790641430934,-0.2880035172830126,-0.20924140224091656
SH3BGRL3,0.17466146047794243,0.4615697070656424,0.43539976071931713
UBXN11,-0.43456188173806615,-0.2624232511620939,-0.3716287467819619
LIN28A,-0.19407256196088346,1.2976936340099456,0.12193265426075686
DHDDS,-0.3268228407970035,-0.9833275137376597,-0.7611760149074165
HMGN2,1.0770060704891158,1.117585333053178,1.0696604546505881
RPS6KA1,-0.4924069185299267,-0.5988481853688051,-0.5040209741319686
ARID1A,-0.5163872449214466,-0.3009762841232408,-0.45203895988624865
PIGV,-0.31037488663286444,-0.42978729672096,-0.8371228849452415
ZDHHC18,-0.26675246132177216,-0.5832747646924368,-0.4605833319624288
GPN2,-0.3154157288129689,-0.28608789745739927,-1.0336974425485792
GPATCH3,-1.2198940101507283,-0.8286560703787204,-0.4406078627228531
NUDC,-0.37814978390340676,-0.7328796039581604,-0.2701752769158432
TRNP1,-0.4515773286697958,-0.45625136593426774,-0.17449872208504053
SLC9A1,-0.2983546824718993,-0.11646941361301093,0.173396427423011
WDTC1,-0.6987261274314669,-0.49411724795916007,-0.32719900765457766
TMEM222,-0.8001697879148538,-0.17888340894900884,-0.3232518526817359
SYTL1,-0.34927495873157716,-0.36977388134130607,-0.27499517748774593
WASF2,-0.7404220845471556,-0.8437372727777657,-0.8112372640503835
ENSG00000237429,0.09404827144390275,-0.2627774612260083,-0.8448548955098545
AHDC1,-0.3118253116150385,-0.09775570738451121,-0.26431313325529254
IFI6,-0.5579699553910659,-0.5288618638823337,-0.08120084667753248
FAM76A,0.0026065105070606637,0.04770983862902507,-0.22988954256768684
STX12,-0.14965823667505876,-0.5372531316445759,-0.30145748923249016
PPP1R8,-0.9858220749364045,-0.6588561386850955,-0.5126688551710643
RPA2,0.12392860255128475,0.012902535019126297,0.38273587386577645
SMPDL3B,-0.21403599818769697,-0.23235305788933755,-0.3581123115389957
XKR8,-0.8208985994283218,-0.16571938108917902,-0.4473971190119208
EYA3,-0.3804814827816543,-0.22851188810690107,-0.5711799852034432
DNAJC8,-0.4006630077113798,-0.3794533505867506,-0.614861166826067
ATP5IF1,-0.5378373311298822,-0.7842207446320373,-0.5009103131334599
SESN2,-0.13456193338060984,0.46307867427205096,-0.2314198057406785
MED18,-0.7330376004650176,-0.4499066739805749,-1.0615580584348407
PHACTR4,-0.38773805503794284,-0.17106800185449708,-0.2612130596897124
RCC1,-0.5393001689619153,-0.012473851972078575,-0.1384406312532214
SNHG3,0.3915435219497496,-0.0814377326552957,-0.8053181732249328
TRNAU1AP,-0.5388749368693411,-0.46764207162441795,-0.20721359662977784
SNHG12,-0.6972428052436968,-0.36359818515788694,-0.4333193221182832
TAF12,-0.14252688098735075,-0.9888008430768025,-0.5097174626605643
GMEB1,-0.37605203186962305,-0.2351505345475395,0.1897261049670824
YTHDF2,-0.5577006821429259,-1.0502707786059524,-0.8026396445884707
EPB41,0.03406953329539428,0.4631869438023947,0.1588457444556787
TMEM200B,0.9466728576179476,0.26620358432241537,0.8186252829690837
SRSF4,-0.34869009485627345,-0.3268698437209671,-0.20650430342934098
MECR,-0.41124937167559494,-0.2367113669410053,-0.6061625303225319
PTPRU,0.07619403702988584,0.02325597583363862,-0.033318885157271494
SDC3,-0.299302164551193,-0.7404699035666482,-0.3025323653619409
PUM1,-0.6162424604306587,-1.0054774650157157,-0.5987723787460196
NKAIN1,1.0574902534524213,0.43521053618080785,-0.03682026826377082
SNRNP40,-0.5290818449742076,-1.1469119579502873,-0.29030479400382697
ZCCHC17,-0.9355426130597629,-0.7824093745832457,-0.3366280947151914
FABP3,0.5494807773147663,0.3136081149743824,0.4687634672354122
PEF1,-1.0208513331438382,-0.4291696876673044,-0.879390867506629
COL16A1,-0.3867366120687272,0.2680206678472033,-0.09181780069607366
ADGRB2,-0.7395390173903849,0.01609046791207908,-0.10929972126297828
PTP4A2,-0.7852076250550333,-0.44072559978520687,-0.6875748146544218
KHDRBS1,-0.4098205453074791,-0.41580318257551946,-0.5471366115801147
TMEM39B,-0.617506255861752,-0.33693766725540536,-0.40788985358277324
KPNA6,-0.4992153720638192,-0.5584018763866007,-0.986688928781728
TXLNA,-0.5296705097351514,-0.4941052190107307,-0.8043102714149164
CCDC28B,-0.038699264441184746,-0.01768947273907168,-0.13057600121374693
TMEM234,-0.7661151346961432,-0.9803761798286246,-0.5674953317278694
EIF3I,-0.6460750122713322,-0.3596189479522173,-1.0875667130594415
ENSG00000291132,-0.9062366341944035,-0.4103085136519482,-0.7867731547632317
HDAC1,-0.5086494136655125,-1.0611599215110168,-0.43815331599213897
MARCKSL1,0.05592557841961469,0.43418828230650774,-0.008149320532702186
FAM229A,-0.22952414661100204,-0.8966741205146569,-0.5639857336708545
BSDC1,-0.6349594761162294,-0.6334331323808335,-0.7313046106861557
ZBTB8B,-0.6806299425418736,-0.33011222352762104,-0.17639353236004846
ZBTB8A,0.15680620885783372,0.19979383079147442,-0.05996628202913716
ZBTB8OS,-0.835103371327385,-0.5603419770819862,-0.5823581886797308
RBBP4,-1.1418002715028486,-0.38830563730304496,-0.9931936779911547
SYNC,-0.8032865114818649,-0.5275465779397273,-0.9750056462245206
KIAA1522,-0.2712512706054895,-0.40499207489108,0.39973293309572
YARS1,-0.3614391968638842,0.1824132744499422,0.14503865783446546
S100PBP,-0.43823381685740515,-0.27417091459057374,-0.6882548825222372
FNDC5,0.4858428092003066,1.1769252026382695,0.12736992012009918
RNF19B,-0.526130278141629,-0.21011810734854214,-0.3806484600966264
AK2,-0.44406080111484775,-0.7943627438678647,-1.0596353005157155
AZIN2,0.47480566985331407,-0.20201345541374494,-0.19467525452087742
TRIM62,-0.7654802134846825,0.14501862101452548,0.492470368925975
ZNF362,-0.6485200653780724,-0.19334559618068067,0.450142147144902
PHC2,0.14270780439345992,-0.22869502890370794,-0.5047640419421349
ZSCAN20,-0.12449254829547124,-1.337755922505444,-0.4202184548131846
SMIM12,-1.2140162528024554,-0.5405170894724806,-0.8419368269396372
TMEM35B,0.08018620490202366,-0.428922266213636,0.0811611312675389
ZMYM6,-0.2966811320630889,-0.1420484244623488,-0.09405544220133066
ZMYM1,0.28196208525428895,0.17077821653556313,-0.4772767834808
SFPQ,-0.3402229188514667,-0.45668854435814416,-0.3272884610164048
ZMYM4,-0.7168975298265678,-0.540568534654792,-0.2790708251707344
ZMYM4-AS1,-0.38550626155726775,-1.0001271519338246,-1.1578986760669494
KIAA0319L,-0.47030570792176013,-0.33454280198917624,-0.3559738767900136
NCDN,-0.8929306157865184,-0.9254126508771279,-0.3963430272133941
PSMB2,-0.35329865234788116,-0.7567269144226536,-0.3703231255787536
CLSPN,1.9414970507319715,2.108448891350175,2.5465409623036592
AGO4,-0.2034001334612902,-0.3077427799279242,-0.32018635454593536
AGO1,-0.10139923783291137,-0.3843163997660035,-0.34822026542864754
AGO3,-0.16867182231676378,-0.03844553796834664,-0.21396332046373695
ADPRS,-0.3750363657983123,-0.8226018068024352,-0.8332437228090619
TRAPPC3,-0.6700945804055679,-0.5802727471336767,-0.6910617834677417
MAP7D1,-0.3966359170350452,-0.8001118502507936,-0.685708252695914
THRAP3,-0.7070992690309836,-0.4968847562903954,-0.8959694691516233
SH3D21,0.15979094691082096,0.026593772227535364,-0.4595191158616033
EVA1B,0.06612958574685017,0.1270848346619608,0.21169336092282268
STK40,-0.6548066549700026,-0.7106491243776603,-0.3868221807226995
LSM10,-0.5683383530845064,-0.5310351798311784,-1.288797801928844
OSCP1,-0.19964607700821446,-0.3145855662185398,-0.2911925825058966
MRPS15,-0.6998474593019637,-0.6178145128735224,-0.462882536498384
MEAF6,-0.5957346896891131,-1.234905243023345,-0.9508169817494299
SNIP1,-1.0396076485158474,-0.8036721482905663,-0.5632451721470276
DNALI1,-0.032834624988602505,0.11217949424686678,-0.055279568693425325
GNL2,-0.6129340901547023,-0.40027544616171795,-0.3845856797623526
C1orf109,-0.43343126412681693,-0.05227810668497664,-0.20647315032648092
CDCA8,2.669244472683257,1.9031305464514396,2.1621879019420938
YRDC,0.15184326672645193,-0.03350516453536654,-0.8493935299580855
C1orf122,-0.3068716908240034,-0.3420766826992114,-0.43788473808861994
MTF1,-0.0007892066228337152,-0.10053508068682152,-0.12553951255358703
INPP5B,0.6890451080632793,0.49352911582901277,0.26985334642737163
SF3A3,-0.5308844330989827,-0.7623691047185625,-0.499106325121879
FHL3,-0.03247827934355031,-0.8803227370496103,-0.2713579424243591
UTP11,-0.06810662089176132,-0.5410074183866698,-0.4908481772954723
RRAGC,-0.43293777321190774,-0.33045782349638136,-0.3114967958648833
RRAGC-DT,0.49246115468517,0.4107221657707533,0.9399798089122768
MYCBP,0.037886561801723714,-0.5438938775932058,-0.5658190397400665
AKIRIN1,-0.5149057079611623,-0.6217366463789666,-0.4582024311681821
NDUFS5,-0.14349438693389874,-0.4867806002352175,-0.11001641250793177
MACF1,-0.5905423130631426,-0.5464832357897934,-0.44063208938674586
PPIEL,-0.45557665391847024,0.1777573649653483,-0.13608013743075273
PABPC4,-0.07529363550387208,0.3438605258534259,0.7853262844730934
PPIE,-0.6286851046908986,-0.7699984615801334,-0.35776490434118113
TRIT1,-0.28883851935458443,-0.004096848636926594,-0.21526315589192538
CAP1,-0.02446553969243932,-0.10069779906908846,-0.2874009563681632
PPT1,-0.4868055310089758,-0.5410490935136812,-0.735727582632073
RLF,-0.20346602591239102,-0.695593504688201,-0.20877063775811777
ZMPSTE24-DT,-1.435291755473724,-0.8249840156120952,-0.5249422080906072
ZMPSTE24,-0.21012784067921336,-0.2049569250580845,-0.19256551061756613
SMAP2,-0.32952821545983474,-0.13508454264714592,-0.5490601577978573
ZFP69B,-0.4540319458784908,-0.755890947255601,-0.4060400437308545
ZFP69,-0.6110203107602351,-0.5150028389996707,-0.18619531600944578
EXO5-DT,0.8089167972968455,-0.599226726892855,0.3227719377671007
EXO5,-0.4845611647619457,-0.11085588182475095,0.04501649963810556
ZNF684,-0.38075627412536767,0.14097504226221963,-0.033007672643844146
RIMS3,-0.3945869176578114,0.11477649757046031,-0.5424994378972237
NFYC-AS1,-0.41610063484595367,-0.3147605433588652,-0.617566360535939
NFYC,-0.4508742538315218,-0.30581493663882847,-0.8430503003378435
CITED4,0.23515052007471474,0.03365325247699507,0.3236714846878286
CTPS1,0.1315852647068176,-0.4964892137515129,0.020962811778755287
SLFNL1-AS1,-0.15952676467588134,-0.7586755596609294,-0.8465279363936702
SCMH1,0.6930861394887557,1.173256221208808,0.5856042956788485
HIVEP3,1.4969570285690708,1.6277766891147643,1.0137261174196084
FOXJ3,-0.21360090544472501,-0.5576920209879717,-0.27564014495001743
RIMKLA,0.7280642958500144,0.33642112251551026,0.2354601425104476
PPCS,-0.2380961544650688,-0.2664408394175269,-0.6732667379221092
CCDC30,1.1808564651907183,0.7237338664082245,1.1316538332334325
PPIH,-0.8393899385957867,-0.44436964824782516,-0.583616887410372
YBX1,-0.22891039366384733,-0.2544412915063194,-0.07042173146476571
P3H1,0.1775398693732164,-0.5703643866734572,-0.2546158118324336
C1orf50,-0.4858566635238866,-0.4858945038326432,-1.9722324028584488
SVBP,-0.3294433737979432,-0.31487709317704926,-0.3097109981823857
ERMAP,-0.10112388799867486,-0.5767032181864417,0.11214165074598278
ZNF691-DT,-0.26546318041273403,-0.7882964509411785,-0.641650713336329
ZNF691,-0.7959132601066301,-0.6748874928170387,-0.5676565032479354
SLC2A1,0.7306436093589355,0.1518581654274592,1.5703779876587305
SLC2A1-DT,-0.07209313547313907,-0.1169178787953023,0.05205672154299631
CFAP144,-0.26488243389979965,0.29439478568767186,0.07461462728899096
EBNA1BP2,-0.4971239565203653,0.14468883972984867,-0.001624263737713977
CDC20,2.701261324228689,2.494040233211777,2.6296454624787557
ELOVL1,-0.7227733445746587,-0.854779775467783,0.19478623343661286
MED8,-0.5673460977060786,-1.1368678598595139,-0.2044391144965054
SZT2,-0.08422268181933745,-0.1366027140999328,0.04616300852743993
HYI,-0.7781175213043348,-0.5540130351955845,-0.5686372797096411
PTPRF,0.01865835880785829,0.12187076369341916,-0.22910788805109308
KDM4A,-0.41504873583755864,-0.7986385017296556,-0.2098226878781873
KDM4A-AS1,-0.3156421686029525,0.5000346174476071,0.3573500312099576
ST3GAL3,0.5356494439277206,0.18049287105572276,0.5367481833121559
IPO13,-1.1593568719552536,-0.6745256572726461,-0.7868665723063586
DPH2,-0.4309430385469249,-1.2175744707409883,-0.8503892323373776
ATP6V0B,-0.41851004851069007,-0.5526781714342519,-0.28624245464070697
B4GALT2,-1.1703001418757246,-0.45192815533215475,-1.6346856409439532
CCDC24,-0.5699440699835101,-0.23986714312797017,-0.3559848429329157
SLC6A9,0.06912650919081297,-0.5147023335019761,-0.6218590808299354
ENSG00000230615,-0.4904353827063481,0.30702558009239317,-0.27758509984344565
DMAP1,-0.7187237132511228,-0.3523026614214082,-0.1809907401049991
ERI3,-0.632455633231519,-0.2353692506931182,-0.2321918977065067
RNF220,-0.19474522388833646,1.2591783110590846,0.17391701520191563
TMEM53,-0.4585692740369823,-0.44473132938801285,-0.28737009976924105
ARMH1,0.31909832931665244,0.48503314813840603,0.5884472090420232
KIF2C,2.4881217156421087,2.455882277141807,1.8740342981068636
RPS8,-0.46246160274484194,-0.28486780350159974,-0.21932104191405338
PTCH2,-0.4974163827943663,0.6197495137724331,-0.419856879740653
EIF2B3,-0.12791647516539945,-0.5909931657649493,-0.5114786749314212
HECTD3,-0.7306506724294728,-0.2568961781645278,-0.14662707690801466
UROD,-0.8206671805293518,-0.8858973354217419,-0.8141125894729413
ZSWIM5,0.6904520622914667,0.8112237000917837,0.7667660719177825
MUTYH,0.026796054004289974,-0.16969818727444158,-0.42154429928959297
TOE1,-0.3788860770734815,-0.6042049922356157,-0.49602480741186744
TESK2,0.7078524518472875,0.5795155817178781,0.8063307498721562
MMACHC,-1.515578037299754,-0.29387276439473803,0.2168153603748664
PRDX1,2.0773938771161635,1.7366399029520583,1.8806337559430144
AKR1A1,-0.14973737339023074,-0.3296943838981044,-0.015318620892717402
NASP,0.9004363364619082,0.7162903038230617,0.9790683225118642
GPBP1L1,-0.6394173543151318,-0.4795047134696269,-0.666169087425267
TMEM69,-0.7179584358779145,-0.658674027943821,-0.4747774075578804
IPP,-0.11539956177222523,0.004487764001257906,-0.2589128080975663
MAST2,-0.031548363843480545,-0.04507582198842638,-0.12064500168945708
PIK3R3,1.0719648481101132,0.7843574443090127,0.7491886900251004
POMGNT1,-0.5243644913395116,-0.2970893085854414,-0.5170615566590085
RAD54L,0.2157964630601868,0.6108285737875541,0.6399463966075912
LRRC41,-0.9141105475522018,-0.5391277949698684,-1.091867222561973
UQCRH,-0.18067721368763406,-0.36487255928027545,-0.31845415199909155
NSUN4,-0.6392114398938419,-0.12255598066158764,-0.6037244367417572
MKNK1,-0.4528961233254236,-0.3144034479652155,-0.15676045822538145
ATPAF1,-0.33632663980177924,-0.3823629056258469,-0.38684567036418827
EFCAB14,-0.5645634243765123,-0.5796572208226927,-0.8807365126698343
STIL,1.5503693382445327,1.7462775003535214,0.9776712764488736
CMPK1,-0.5097185162844511,-0.6503697871825338,-0.3203776562643447
TRABD2B,1.7742481175612923,1.690748817768199,1.9366372604572568
SPATA6,0.3174458014296065,0.20832365243301254,0.36804341893116543
BEND5,0.46100673625588223,0.16788058589315477,0.4555912202306551
FAF1,-0.07870134492804222,-0.14039685404787502,-0.13798530285770028
RNF11,-0.7617221447759769,-1.3823570408958972,-0.41701114530337685
TTC39A,-0.5421039991358896,-0.5488072850597413,-0.20798551370377183
EPS15,-0.5128091131099026,-0.5637939533903343,-0.3023010436917879
EPS15-AS1,0.8156895962665444,1.1267765563929935,0.9046223008836307
OSBPL9,-0.29876873927852904,-0.4339499844032879,-0.32771616461805664
NRDC,-0.691651696481955,-0.715239440414841,-0.5497338025729449
RAB3B,0.9606232697314354,0.6935619420037894,1.490521037993787
TXNDC12,-0.4609046111084893,-0.8610537436441454,-0.5263438619307408
KTI12,-0.9196671476669422,-0.1654713343837528,-0.9804127912133538
BTF3L4,-0.8784024865399331,-0.883705622516743,-1.0659241592513062
ZFYVE9,-0.5632957838651683,-0.2587463153330276,-0.36284780728265537
CC2D1B,-0.7073494390276132,-0.38155886193430527,-0.47298668863066246
ORC1,0.5396105627828369,0.29338210044283386,-0.16270369462135295
PRPF38A,-0.520908098618989,-0.3653283331759099,-0.4610953804009448
TUT4,-0.7421876568552932,-0.8332056290278338,-0.6658966414796871
GPX7,0.15211561037031984,0.47599063486098814,-0.42575024184088767
COA7,0.17604755347071338,-0.365762047162427,0.03400763701883846
ZYG11B,-0.4422750433322804,-0.4960939875667272,-0.3092992884902338
ECHDC2,0.10004988216537927,0.6760965159992267,0.36030403721527543
SCP2,-0.5116417832295816,-0.07203666486534033,0.020096102477527456
CPT2,-0.5690175608083834,-0.09251574935813524,-0.5473649168641367
CZIB,-0.952936054065411,-0.14548552773485923,-0.5421628873363531
MAGOH,-0.7885448598233005,-0.40375946803809265,-0.35190305166983304
LRP8,0.5988068586196532,-0.033814654848207254,0.41003350783286413
NDC1,0.3774708752611496,0.688760654011972,0.5053217068221478
YIPF1,-0.5251059640026661,-0.8876844088186218,-0.1285900556495072
IFT25,-0.28416264676110364,-0.44294146263687395,-0.4811316538854307
LRRC42,-1.0543797780150683,-1.1646057013969262,-0.5968414180116711
TMEM59,-0.37339268879367543,-0.5829680354726676,-1.0475582231871954
TCEANC2,-0.01734107680730193,0.02136567952070218,0.07369879737383665
CYB5RL,-0.5975496388552414,-0.503418924350779,-0.2969707243697179
MRPL37,-0.5200993588907538,-0.4345086107353638,-0.49950946159176013
SSBP3,-0.4697841676057912,-0.27249959896203174,-0.24824925426968397
ACOT11,0.42754092922124093,0.24545833331213976,0.12221136233780067
MROH7,0.320267780823027,0.23748160580286998,-0.2967460376968844
TTC4,-0.3569485552568566,-0.2485457732072973,-0.20956840292761214
PARS2,-1.237792631231308,-0.757245152729837,-1.1308304588262033
DHCR24,0.5253651092829229,1.1044224523294481,1.1163658128501162
USP24,-0.4082442194891343,0.05785076253000902,-0.09335043703061531
ENSG00000260971,1.6657237426268239,1.5652013067159523,1.2867425559814656
PLPP3,0.808123636380092,0.8807066018384794,0.7537864849991679
PRKAA2,0.0916480164730764,0.1805284684844289,0.12995939365570305
DAB1,1.0436233456036668,0.7231259416149154,1.6864787558312955
OMA1,-0.3264338706617913,-0.5690548833105885,-0.0763543100604629
MYSM1,-0.19935860089355728,-0.16499966526126997,-0.2824379862518782
JUN,1.5315707602170718,1.801536317958469,1.7524077994417198
FGGY,0.6632899765765572,0.9032515046164845,0.7169939750144819
HOOK1,-0.23221529951641878,-0.32301590109564066,-0.48003665054626404
NFIA,1.1775514832983873,1.7928094673140507,1.3518480779976407
TM2D1,-1.2657020830256833,-0.808769215367974,-1.1825333994713496
PATJ,0.4065295059029665,0.5552199834126057,0.35993846947912184
L1TD1,2.580404185786236,2.4129351692002317,2.42011044309476
KANK4,1.092189513466657,1.0624053488097864,1.1770400798214595
USP1,0.9808702170765073,0.9470849026235832,0.9109170645348782
DOCK7,-0.23477954026499853,-0.40882457130023653,-0.11984358536714271
DOCK7-DT,0.19220793683302878,0.2897962068728929,-0.35513095569397984
ATG4C,0.022968635683252442,0.3802511436730213,0.09901791090819857
ALG6,0.12718728474028043,-0.015593572232159365,-0.2736793134247897
ITGB3BP,1.0502468732516625,0.33767475115604034,0.7703845399023058
EFCAB7,-0.440916013157871,0.2674385199738119,0.049107418604560055
DLEU2L,-0.31578003347421557,-0.914983131215596,-0.1559243760107024
PGM1,-0.23165625001022502,-0.402760537561246,-0.40015214509729796
ROR1,0.8651709490225555,1.0472919696439966,0.9460927180034595
ROR1-AS1,-0.27417432903698113,-0.11058712176692607,-0.5542997179782212
CACHD1,1.3386587306743962,1.1641213200383476,1.3286024181030385
RAVER2,0.06864577236275339,0.12180905640945741,0.23464666699403836
JAK1,-0.414961245020745,-0.4340232199309924,-0.5520199834362245
AK4,0.2902225627386876,-0.08339776899354945,0.2108415734203426
DNAJC6,0.5120612344155333,0.6492211997939883,0.49862520138187705
ENSG00000229294,-1.2485917853482853,-0.6548025248208837,0.026656227432834256
LEPROT,-0.5719249946511091,-0.5596818522036315,-0.6114663478879798
LEPR,1.0294275462259996,0.5514952854697093,0.8618258028960284
PDE4B,1.4445007487989194,1.8193172120242131,1.2857612117069905
SGIP1,1.4190420190604627,1.9175622245478792,1.2276227307644056
DYNLT5,0.6927665786929289,1.1164436849771668,0.6064220125843569
DNAI4,0.7642060556805744,0.7344306093654929,0.9307117613766849
MIER1,0.9486340921416386,-0.4832686456986082,-0.4658253176119161
SLC35D1,0.8434078055360104,0.34758440809622826,0.23155284164625548
SERBP1,-0.4167799778203581,-0.5752088407574619,-0.34004259376513696
GADD45A,1.1432704186164244,0.3562990919999151,0.5069963925538943
GNG12,0.20177709348293862,0.3158398791875391,0.4221879466007543
GNG12-AS1,0.9095201796128761,0.2576510735963566,0.6105603614162511
DIRAS3,-0.14278115302753844,1.1046859120347712,-0.3141532483789149
WLS,0.6752115542771833,1.316957940131143,0.4462981745317975
DEPDC1,2.9733091387812074,2.9278553231293643,2.81424922160436
LINC01707,1.179147435566339,1.001213533966947,0.6656241423282268
LRRC7,2.305300265186549,2.0298205148738546,3.045440936032623
LRRC40,-0.17294968862717042,-0.6296128603287805,-0.9901206406212815
SRSF11,-1.2531412535961017,-1.1114163187042507,-0.9966825993444459
ANKRD13C,-0.44183005194519964,-0.6404752212032073,-0.43364530931002326
HHLA3,-0.7412856566319128,-0.6231290559990015,-0.01565971386523303
CTH,-0.06320659002798477,0.1932926675274125,0.15090811159496553
PTGER3,1.1794244068115738,2.184658534875986,1.2046521983810727
ZRANB2,-1.2742387609229802,-1.4528734818235804,-1.200158056492203
ZRANB2-DT,1.2336542216580604,1.3482021145747112,1.356859553289155
NEGR1,1.7078308539379137,2.25945680586986,2.837302239802437
ENSG00000286863,1.4535918792977505,1.483279830239745,1.519655299998167
ENSG00000225087,2.7729030551627325,2.3100392326612216,2.6731240294321026
FPGT,0.6072048783562529,0.5484532317192361,-0.002549607037131832
TNNI3K,3.085878957625596,1.0238860304401491,1.236958512700106
CRYZ,-0.32830205045559074,-0.02289217971379998,-0.3019275591821078
TYW3,-0.5065675448028344,-0.6164483932261184,-0.1622863213535801
SLC44A5,1.7763722845890406,1.6261910271248574,1.496611777686656
ACADM,-0.6312492812545968,-0.9669255595271941,-0.5852202608652703
RABGGTB,-0.838373327044291,-0.8589437913659879,-0.3947373048321978
MSH4,-0.08981644429221447,0.9918288594889938,0.5565624880386935
ST6GALNAC3,1.1354580157316043,1.0922864291164522,0.9463274232474247
ST6GALNAC5,2.268517300752144,3.553622472431158,2.3397597175433162
PIGK,0.2950529211291054,0.02503090090125674,0.32663207942394124
ZZZ3,-0.6953930811941547,-0.38314149721290747,-0.3902827155124627
USP33,-0.33697803905979745,-0.967792190142017,-0.571956727203819
MIGA1,-0.47891078392788705,-0.5142871358102353,-0.38917213095267655
NEXN-AS1,-0.1326636872570823,-0.04586412991169194,-0.5601988148347132
NEXN,-0.06994154509411385,-0.06325992229686683,-0.09431293634025548
FUBP1,-0.5500213689525139,-0.4478866123075882,-0.505507175284624
DNAJB4,-0.40346957068652506,-0.2016058202930821,-0.34819156890116437
GIPC2,0.04244542219241865,0.06204373203716079,-0.23907393428064333
ADGRL2,1.2671238427800269,1.0957929947200782,1.5309034589962423
TTLL7,0.7620638833816464,0.5112303433897196,1.104455086964716
PRKACB-DT,-0.7774807026867521,-0.29680549862838396,-0.12496738022024097
PRKACB,-0.1824316044929972,0.3501316374054823,0.3453841906105169
SAMD13,0.22187540250779497,-0.43013912181117675,-0.23094015863415152
RPF1,-0.4059161370443078,-0.26292988701910863,-1.173837618901139
GNG5,-0.1542726250821787,-0.5032149794209708,-0.3547248248745767
SPATA1,0.258145727767765,0.6314249751637319,0.07868403394174442
CTBS,0.0883395097015906,-0.07168341106490674,0.14209335759520778
SSX2IP,-0.218649857754663,-0.22413239131340393,-0.3152898078105473
LPAR3,0.8480937096882607,0.6727509527519082,0.5228448377140572
DNAI3,1.0398240521199504,-0.1307576565729285,0.4034959041180954
MCOLN3,0.4861608814017906,0.12205407338121074,1.6713953196583766
SYDE2,0.08520675610012779,0.06578207227948248,0.019153744900062605
C1orf52,-0.43720878954940895,-0.4396518484418052,-0.9234860862953624
BCL10,-0.6825992748383918,-0.5885401743212989,-0.10843172545225949
BCL10-AS1,0.5627225875127664,1.1281905009304083,2.148947377547703
DDAH1,2.951590235062877,1.355723551913158,0.8277961367942162
CCN1,2.0119067660167005,1.507308909474311,2.252989521659174
ZNHIT6,-0.2778176127778593,-0.31302707504622873,-0.2571819833945668
LINC02795,0.8600821043379056,0.7193957926043169,1.3312252548902208
ODF2L,-0.40445745808638733,-0.1171178294810958,-0.27672496734657054
SH3GLB1,-0.4113186716540263,0.10676228018896337,-0.48832170060104824
SELENOF,-0.7062484867969339,-0.7089332162634783,-0.8656002809665218
HS2ST1,0.5990192013375761,0.9528503530687439,-0.12341989259876844
LMO4,-0.13460580563999966,-0.31370700286306535,-0.1989248561926189
PKN2-AS1,1.3926148502316025,1.159255829955292,1.2939513566510996
PKN2,-0.22024073607975933,-0.5914544707720104,-0.9983899423967166
GTF2B,-0.634873299731325,-0.3298665892188133,-0.3369046951211843
KYAT3,-0.2044567077844803,0.2738090433657375,-0.020922713642317393
RBMXL1,-0.6920620628963157,-0.42602013737218053,-0.6699532110043265
ENSG00000286802,1.3521639568001156,0.9405142614345969,1.495857649979282
GBP4,0.42313604443441827,1.5504262590057785,0.5293297135009958
LRRC8B,-0.22177351044922852,0.540787040466288,0.03739348585800775
LRRC8C-DT,-0.2579228309180266,-0.09858951177271537,-0.1391743639856493
LRRC8C,0.49200830982265137,0.6996256107090773,0.36339109872033154
LRRC8D,0.49805632773930947,0.3657337893596164,0.3075027176537795
ZNF326,-0.666441146309147,-0.46100438309602504,-0.5342865828147509
LINC02609,0.9011037492259818,-0.10907496353710404,0.6244571245861188
ZNF644,0.2179950862336674,-0.3213999132121543,-0.570111246104254
HFM1,0.42704370660375796,0.5806371653031128,0.36254117745098574
CDC7,1.1529392002553216,0.7366187299454553,0.9246846985930652
TGFBR3,1.2263629981792228,0.9808600373577292,2.727350577778612
EPHX4,0.30506382580999164,-0.01992397225460603,0.25495588090395316
BTBD8,0.1260574783099529,0.4006908916065903,0.31772743133769404
GLMN,-0.33631623280219,-0.25650223142901046,-0.3646797570663835
RPAP2,-0.3331808715348466,-0.559679648446572,-0.2982928492131052
EVI5,-0.49471202749348825,-0.3715464237947934,-0.4746197009690434
RPL5,-0.413480861915767,-0.25528961305934844,-0.3315917275236071
DIPK1A,0.9651620956938842,1.0764360183226174,0.6494926111581059
MTF2,-0.5117735483403756,-0.6437181214052003,-0.4522988769184338
TMED5,-0.4884112101929823,-0.375348134476134,-0.1006004698395237
CCDC18,2.216522718046786,1.6993787686135207,2.0148553476122224
CCDC18-AS1,0.1517249015577455,0.5329890871219263,0.6007376491080443
DR1,-0.2643456101685509,-0.7079745660807006,-0.35983468936153434
FNBP1L,0.4916569057688917,0.8668547863836268,0.44299785653839757
BCAR3,1.0048398062267694,0.6767663188376609,0.7148690224626081
DNTTIP2,-0.04856458535701687,-0.42294627820668756,-0.8007432498790833
GCLM,0.12725836047392394,0.012558009761903471,-0.05924977791818616
ARHGAP29,1.159743691026982,0.823652098061384,1.1281297368486278
ABCD3,-0.14421662651715653,-0.14338950074464665,-0.15493060593239602
F3,-0.1764769628864648,0.2073280325605112,-0.2255517994745127
CNN3,0.2168065148604263,0.28934283788144904,0.5099761904609998
CNN3-DT,-0.46306857638457544,-0.3064699707233203,-0.1817666500308413
ALG14,0.32036315635846085,0.27971928905716936,0.5666906542084398
TLCD4,0.295492351617888,0.06051232138015546,0.5457686818951011
RWDD3-DT,-0.08592166692208637,0.17006027362575432,-0.3246468619751824
RWDD3,-0.7177466808726187,-0.33165118134289173,-0.7828766014636379
PTBP2,-0.4570814492001248,-0.29169945164399996,-0.5263223271096855
DPYD,1.5801918806680852,1.948329949886073,2.2336954033203256
SNX7,-0.04578173481849743,-0.30773743485696764,-0.15782768678640124
PLPPR5,1.3611330793158558,1.2773831015544843,0.6923054111251652
PLPPR4,1.6237145049142505,1.690350323892087,0.5443431296166138
FRRS1,-0.5524023697950541,0.11725454705374365,0.1284051424297346
AGL,0.12406241691078185,0.20704260503535116,0.18993190681744201
SLC35A3,0.03137982407881869,-0.04378074821279651,-0.43991155490594375
MFSD14A,-0.7435215097523269,-0.41892757037514633,-0.73139624980832
SASS6,0.6412374679449222,0.7321516915672249,1.097139420244094
TRMT13,-0.4357131449713058,-0.25691302891688045,-0.4443649448828282
LRRC39,0.3798157279704562,0.25518695916236916,0.2260460154104429
DBT,-1.0949953088225186,-0.19312963643312034,-1.0024176023754237
RTCA-AS1,0.30748919233653627,-0.17028329605850698,0.19562890571831554
RTCA,-0.7272887769838441,-1.0160009914737778,-0.3251148108099819
CDC14A,1.0835416864264609,0.3779702709389348,0.38185099623269286
VCAM1,0.7546990319712209,1.38807484063814,1.0272428393609339
EXTL2,-0.18640112356253624,-0.1861047368996118,-0.3913172650288566
SLC30A7,-0.4195222148160305,-0.2607447066964283,-0.6188940744023768
DPH5,-0.5975565922197177,-0.4418517080321145,-0.3332450447869491
DPH5-DT,0.2531759403766855,0.23378522726517662,0.3607409168011912
S1PR1-DT,-0.2938653243733214,-0.06523579347959081,-0.2850280670767233
S1PR1,-0.0059388276221063845,0.005734451897481613,-0.2682572294337788
COL11A1,2.903978385512925,1.4437285945413016,1.7469799149691596
RNPC3-DT,0.24802271505742368,0.3667798545780556,0.5368578203508001
RNPC3,-0.09057756255305091,-0.4670881909821852,-0.16480850659254284
AMY2B,0.22217907274345447,0.20677062332635643,0.3967181155040897
PRMT6,-0.6111800807485146,-0.1836063363835763,-1.0572886110895077
VAV3,1.931753451834883,4.09795328473475,0.8181741583735764
SLC25A24,0.1697460300801659,-0.10830740255087791,0.04754928468141972
EEIG2,0.3568352207552366,0.3784333662697605,0.4094863929190034
PRPF38B,-0.41826089599901556,-0.5670274128141628,-0.8729076001668652
STXBP3,-0.3219659219156697,-0.4920091548549338,-0.4051929880544627
GPSM2,0.9899298159823751,0.8996223340869632,0.7397720228859974
CLCC1,-0.48777700453472056,-1.0334309439413687,-0.5205333692720835
WDR47,-0.26080572164314836,-0.1585938613441975,-0.516628686315844
TAF13,-0.7023773408649063,-0.6423929350671572,-0.06866824566852262
TMEM167B,-1.0529069164436962,-0.1433908441047969,-0.6526543697560747
SARS1,-0.48383982759724015,-0.10055163203677256,0.4681936037233783
CELSR2,-0.20313435555954135,-0.47196046683507836,-0.06732222149399908
PSRC1,1.6926174158154765,0.730760390054364,0.452514242416445
SORT1,-0.10193645556065076,-0.09758311419631835,-0.16895225430239694
PSMA5,-0.6227818953847867,-0.8313596371770515,-0.6677835485553844
SYPL2,-0.11869448850431395,0.43084920018686296,0.023866917985309096
ATXN7L2,-0.5445321335907175,-0.12206409474452679,-0.3335865620681418
AMIGO1,-1.2789323304190212,-1.17774807943972,-0.5255531633003336
GNAI3,-0.6516848262109391,-0.4166264810327718,-0.7120304582199353
AMPD2,-0.22791029903092763,-0.10649722331861962,-0.6020115142965885
GSTM4,-0.26051593688557523,-0.38834405811147127,-0.16696959473760487
GSTM2,-0.8699128736765864,-0.5956962110812684,-0.7395117451704749
GSTM3,0.025663670579547236,-0.0196544591063486,0.12806870306063795
CSF1,0.4423084637815507,0.1465411135499045,-0.5862026037632155
AHCYL1,-0.8902464036992299,-0.5827801374636329,-0.4211618924582439
STRIP1,-0.9686608307064972,-0.9150105516059206,-0.4614290029222623
RBM15-AS1,-0.5435500727208193,-0.04265860172174736,-0.49665272602546306
RBM15,0.04008850075432952,-0.846364359700825,-0.5244804203112068
LAMTOR5-AS1,0.2754548267767838,-0.06697416418326801,-0.38988666029928604
SLC16A4,-0.6089933813112297,-0.46557034395733504,-0.2972209680894445
SLC16A4-AS1,-0.7037935497664378,-0.9325742410701032,-0.4908284054045389
LAMTOR5,-0.6147340020465714,-0.5942426362219068,-0.37456723724699265
LRIF1,0.13238815931631,-0.029607459494688026,0.10019933209593643
DRAM2,-0.5118651785087104,-0.5905708238614729,-0.5590893416277147
CEPT1,-0.5751683441123738,0.012709712756414854,-0.43568865635198145
PIFO,-0.009852256260316552,-0.5021822282509731,-0.1350660119652503
ENSG00000260948,-0.7288308654456905,-0.9587307851198901,-0.11827196309936026
WDR77,-0.911402324311581,-0.5809750268972387,-0.6103223001679332
ATP5PB,-0.3313782558332825,-0.5545016044792349,-0.2931501966074954
RAP1A,-0.13891574034126825,0.050005587313631035,0.12533608871036242
INKA2,0.13477777909546518,0.2177215332935774,-0.28397076227989615
INKA2-AS1,0.12922659860743477,-0.2403950958201691,-0.1943871255016027
DDX20,-0.36286286505348286,-0.8053360802052616,-0.39808784654014323
CTTNBP2NL,-0.12796374809070352,-0.4636944384191573,-0.9922663301710237
WNT2B,0.6168304957873332,0.7133234038465838,0.42514856693186687
ST7L,-0.025783862803457652,-0.5631582721137284,-0.2356851953352219
CAPZA1,-1.0379671440365605,-0.8211858649062621,-1.0965783184856654
MOV10,-0.3360582774956349,-0.11976609322809752,-0.09365382626852888
RHOC,-0.379061379732363,-0.34393765354865735,-0.5559786399188518
PPM1J,0.2017685954518065,-0.8585218908824608,-0.7089541046857128
SLC16A1,-0.3578045067340731,0.2954843027910137,-0.014742339689604502
SLC16A1-AS1,0.22673394404177577,0.5063334311290291,0.2691203500122157
LRIG2-DT,-0.27654711840563095,0.24459481793592275,0.10916504002229388
LRIG2,-0.4568948120874446,-0.3068153096059056,-0.484490341919841
MAGI3,0.752914764961357,0.7002542686305908,0.58118044723469
PHTF1,-0.4957460896917815,-0.06800915772047493,-0.1932496247288072
RSBN1,-0.463929691867996,-0.8867513185331468,-0.16501653536792565
AP4B1,-0.11934036094952202,-0.5868335143318646,-0.7675057648541852
DCLRE1B,-0.49483913718948713,-0.5523563394893571,-0.8026739274546807
HIPK1,-0.5122519920109809,-0.4559632679411082,-0.7175337030787716
OLFML3,0.3736913911180828,0.677717657120855,1.0641650969200747
TRIM33,-0.5706590340482548,-0.6722358922634512,-0.541289802659115
BCAS2,-0.7357632919292705,-0.3341962058903967,-0.4448442753625983
DENND2C,0.6521124697638143,0.31134472420706777,0.5791266733603635
NRAS,-0.22982868121830083,-0.4350284206810287,-0.6373776356077023
CSDE1,-0.866327844451593,-0.9627370972406696,-0.9174229236551561
SIKE1,-0.3657472907231564,-0.35652297012047995,-0.4056176496839755
TSPAN2,0.1881732621539101,0.20802649730477896,-0.39053772040028184
VANGL1,-0.14471200491372474,-0.12412861562850352,0.2079743680492285
SLC22A15,0.8818484862534675,0.8828313640161269,1.032661194511121
ATP1A1,0.06366394227271857,-0.04184962692331957,0.15701028379434936
ATP1A1-AS1,-0.8686300610620705,-0.28917686592390274,0.057273710495533016
LINC01762,0.31333380912600717,0.7646483979095287,0.4098450238017434
CD58,0.21986989107290708,0.45053689460615226,0.32993823636728337
IGSF3,-0.3557726852669597,-0.024462190193503416,-0.5595212709738854
PTGFRN,0.10349529023019946,-0.16419522022030725,-0.09947405362246899
TTF2,0.9918601513940679,0.5242248546049559,0.7857450901945241
TRIM45,-0.0450740457019698,-0.7798281481710951,-0.1334928562171313
MAN1A2,0.1586141231246642,0.06429725274347223,0.3234199096657911
GDAP2,0.07790023545293671,-0.39161034479628043,-0.34550802984167456
WDR3,-0.3623478907110886,0.14680507633982745,-0.051568205178877925
SPAG17,0.684182208614299,1.221067467390366,1.083159832866027
WARS2,0.009463244334238412,0.3527563702262028,0.1904093828067986
WARS2-AS1,0.5239851137729623,0.39959329639217955,0.3992410791118886
ZNF697,0.024147313738154815,-0.5705986660797572,-0.05365340188786405
PHGDH,0.3325290970766801,0.8150585310774084,1.0843294161934764
NOTCH2,-0.035995580069748456,-0.1217993077334291,0.1894961699151132
SEC22B,-0.38224098447162186,-1.093864614944728,-1.0429985011411596
NBPF8,-0.3434963197809324,-1.0365129463785827,-0.111951282386908
ENSG00000290999,-0.7522500456106478,-0.35274112775212885,-0.38134356157832267
SRGAP2C,-0.3133684386615343,-0.2929339300945024,0.042072210547022565
LINC02798,0.9886996684937301,1.0601435979519813,0.4304913151572584
NBPF15,-0.20435171252738019,-0.8114964621890692,-0.28613556625394304
SRGAP2B,0.04903384097892519,-0.2769416284707979,-0.01794548421849385
LINC01145,-0.6401339283600258,0.4424548026503992,-0.3777051947517336
NBPF20,-0.4610293274378706,-0.2158510300539511,-0.08230960492793928
GPR89A,-0.5581031696777607,-0.5325833508387596,0.1572505703389985
RNF115,-0.23346352705030077,-0.06942610979670157,-0.24219206619897451
POLR3C,-0.8593705432826191,-0.44038683631456627,-0.4916503731907937
NUDT17,-0.8374395591278655,0.07334535907287788,0.010022084491947055
PIAS3,-0.37107023576795584,-0.7599388736333417,-0.8367141658838939
ITGA10,0.30095246865606035,0.48404244074817265,0.35321247609254774
PEX11B,-0.6409722942718724,-0.8093541703984499,-0.24712759856204514
RBM8A,-0.7421444046156971,-0.5895501073202354,-0.7907425014854718
LIX1L-AS1,-0.226519646295479,-1.0960205671050716,-0.18267357081580116
LIX1L,-1.053390138561408,-0.43168878387750104,-0.3575629581333146
POLR3GL,-0.4517408312480135,-0.2542657846598538,-0.7375987579472536
TXNIP,0.5380042090963322,0.9212217103759954,0.4972432714269779
LINC01719,-0.6570112189083197,-0.49858282916587265,-0.29323919839317014
NBPF10,-0.7951272681858939,-0.15113127604446677,-0.20869192571546333
NOTCH2NLA,-0.2608641681974362,-0.2691241322919424,-0.5236947730046139
NBPF12,0.03783704143135234,-0.8542492895418015,-0.5263347066254093
PRKAB2,-0.6131693979009043,0.08084970007906742,-0.46732737364973775
ENSG00000237188,-0.1836568730075534,0.6569649218438549,0.11975887901202856
CHD1L,-1.3143316063172215,-0.1313814169343637,-0.6805528409444151
LINC00624,1.187254637819784,2.1375370926038464,0.5316610061250345
BCL9,-0.2720749618143543,0.17789330841032577,-0.004236678054375884
ENSG00000289419,-0.9696249244888122,-0.7716423225021884,-0.18922343619781404
ACP6,0.11501609829778656,-0.16191756162508136,-0.23033208317698595
GJA5,1.1279383618386554,2.1811358380405714,1.7769635650139222
GPR89B,0.017017928081710283,-0.2712212835143255,0.2714185232020832
NBPF11,-0.14563203238137845,-0.19528928723609693,-0.5850542889680171
LINC01138,0.7408990253853034,0.21931130732654217,0.24525492959695336
ENSG00000291232,-0.532040695896228,-0.2351294598352247,-0.5437832329008323
NBPF14,-0.08946604791653807,-0.2532344174197014,-0.43273497071401235
NUDT4B,0.29663965048740343,-0.6853323153944437,-0.08270124708418079
PDE4DIP,-0.10229042879971573,0.20623889568290815,0.11994074124958935
NBPF9,-0.7889246562575494,-0.5716894698910407,-0.32429465401638063
ENSG00000274265,0.1026368422711918,0.06191482317305492,-0.17153629435449605
ENSG00000289614,-0.8973055343036656,-0.9881567423307587,-0.44905851384690715
ENSG00000291233,-0.17316083905420498,0.1891552277259584,0.21242004277610252
NOTCH2NLC,-0.5039084347822608,-0.024643696864224306,-0.5244169635275142
NBPF19,-0.5023148129909814,-0.8708623350996554,-0.3733088769226889
LINC00869,-0.5639605205950105,-0.7088340445224901,-0.7486932991215909
ENSG00000290791,-0.35563826828962414,0.144644779804036,-0.6311500401490201
ENSG00000290792,-0.9431071816853809,0.3386452922911189,-1.1588301538571315
H2BC21,0.025266750402078462,0.5393143933743545,-0.07557063365427646
H2AC20,1.8916420316444942,1.6217233596006224,1.8486850314871859
BOLA1,-0.2485828393470264,-0.7805900444833362,0.08175417320757454
SV2A,-0.2793608012853923,-0.24946031840723037,-0.07261774891741982
SF3B4,-0.7916585680554284,-0.6169263928426787,-0.5108523510371051
OTUD7B,-0.09742492195944405,-0.14755197296367228,-0.34075568881459267
ENSG00000285184,0.1453344064919548,-0.0017002702202724336,0.05879778301609304
VPS45,0.15186627690724216,-0.13862695037316544,-0.5747758453606479
PLEKHO1,-0.50764662690651,-0.6285935477263537,-0.6675042904752609
ANP32E,0.6946605179989297,0.5402555842154761,0.6597835257932338
CA14,-0.0625383659864944,-0.005637789856358174,-0.4065271396717663
APH1A,-0.49090687916761777,-0.7722010765310117,-0.7701589336973704
C1orf54,0.2860193254655315,-0.25625783148267095,0.35740339207431754
CIART,0.4565784565550146,-0.18824789046326634,-0.026981518909909893
MRPS21,-0.7397155385793006,-0.40372045590701333,-0.8480615079702396
PRPF3,-0.6971767259256403,-0.1787830750847128,-0.643932550693947
RPRD2,0.0012529847860350467,-0.137972480173044,-0.24117126326475713
TARS2,-0.4758719374736735,-0.900777181276549,-0.5198488214470559
ADAMTSL4,-0.16951282035613605,-0.09883713682687661,0.1055396648673295
MCL1,-0.3733083124367162,0.09350210243932715,0.16069443449136864
ENSA,-0.4387106643044874,-0.2946600044742809,-0.1992090137354871
ENSG00000288880,-0.2975053520666861,-0.6676906864558062,-0.35359618345678356
GOLPH3L,-0.3931452315454571,-0.21387985449249317,0.09420629786183818
CTSK,-0.5682329568424257,-0.07983922157411524,-0.5555813065505788
ARNT,-0.09548074883209519,-0.10500558593349396,-0.22694435366179994
SETDB1,-0.467233791372653,-0.47272273070122145,-0.9021602081667837
CERS2,-0.4771487283936863,-0.887965433742103,-1.1436008379709008
MINDY1,-0.441349085349998,-0.39316680565244505,0.044643344525727734
PRUNE1,-0.6234213254918154,-0.6083846357056792,-0.9244706959634676
C1orf56,-1.5483849999677233,-0.29016043485674103,-0.7662027956480415
CDC42SE1,-0.337188376576421,-0.5740834187914068,-0.3266421059025823
MLLT11,0.2572937269275606,0.33781939752584117,0.40728554198809513
GABPB2,-0.28870867219040974,-0.2332433054168987,0.010598856994228412
SEMA6C,-0.7544116893988111,-0.6952577683073677,-0.53150816124257
SCNM1,-0.6121745993010173,-0.6285480069712754,-0.5362628331410448
LYSMD1,-0.43463527218542813,-1.0822921497691738,-0.6464794584480984
VPS72,-0.2378975342104112,-0.6413462263896291,-0.4888256186953335
PIP5K1A,-0.29274646616916306,-0.5174551234181557,-0.3891312852345976
PSMD4,-0.5847702871048739,-0.7530699979273692,-0.8191361733414908
ZNF687,-1.285329121492886,-0.6668316407329691,-0.7813137580893823
PI4KB,-0.5108027717624708,-0.10457620839310519,-0.7339886558307712
RFX5,-0.243048631888616,-0.6718740818245693,-0.5020314246338736
RFX5-AS1,-0.6446737900887562,-0.7807918549728292,0.0061350523914427725
SELENBP1,-0.16438376188290954,-0.34798108030859254,-0.966894449089228
PSMB4,-0.9502934888615471,-0.7188529705630842,-0.7354167435747279
POGZ,-0.3439226283323791,-0.41774128343768885,-0.6132086320072575
TUFT1,-1.0733585455285066,0.47348960984031757,-0.9818999341539438
SNX27,-1.0468084565284776,-0.46902491414628505,-0.572827645716817
MRPL9,-0.3579847827309309,-0.6256682032684964,-0.3336785030087307
TDRKH,-0.7365584789547448,-0.1147745674199321,-0.41460704597838577
THEM4,-0.0338824608164749,0.008054391291007948,-0.28715014765569086
S100A10,3.0532814416762513,1.7923581902429078,2.7628101828556204
S100A11,1.5023462866950545,2.309278064675251,1.5798957330744656
S100A6,0.6407294791579368,1.820232115644032,0.38886015799593565
S100A4,0.7402645309494638,1.3154778580178714,0.7838322670868044
S100A16,-0.4560199808237719,0.3656492867482192,-0.9692897777109515
S100A13,0.05755245651866765,0.3678088294952211,0.2722411524724676
CHTOP,-0.5711432058787552,-1.0467308028001447,-0.4904694355642966
SNAPIN,-0.5625621769117615,-0.6903856637477439,-1.2235615375074005
ILF2,0.09118099064112073,-0.15270003761892428,-0.27049135211711933
INTS3,-0.4712223612703248,-0.5538113161067458,-0.2761034062751478
SLC27A3,-0.4285289074677152,-0.8589749882530775,-0.024202374814880263
GATAD2B,-0.5610498203856764,-0.07486176065730633,-0.5995667466835286
DENND4B,-0.27369164557507736,-0.16776101707648652,-0.46370319184333303
CRTC2,-1.3217093976243357,-0.33915117226107583,-0.7469661375467389
SLC39A1,-0.5577838415534478,-0.2736685915453591,-0.47656560683332927
CREB3L4,-0.5638961814296409,-0.21561552438764048,-0.4385299697080001
JTB,-0.24476636228439116,-0.6403672624080521,-0.5869234063733302
RAB13,-0.357846750692346,-0.11212473530163082,-0.28414593296020024
RPS27,-0.004528342294825866,0.12301607518348417,0.10738880369623688
TPM3,0.102119710605674,0.32579122250349,0.17478715578118195
C1orf43,-0.730512580149238,-0.4138954960369432,-0.9748042541646278
UBAP2L,-0.5948302463187716,-0.8361451628374859,-0.8155731646041993
HAX1,-0.6498270470691274,-0.6383457060406171,-0.7072288713325001
ATP8B2,-1.7690289211313797,-0.4143324088886225,-0.332237333089072
IL6R,0.913728633810095,1.5542946209360124,0.06736953857906866
UBE2Q1,-0.49083463016783213,-0.8159710159332719,-0.406783474930343
ADAR,-0.8112021271144414,-0.20770497207542252,-0.46052119053847207
KCNN3,0.24508416218772308,0.5137336740471277,1.0764924182087299
PMVK,-0.3313299665420501,0.17958037441245267,-0.24003991651867915
PBXIP1,-0.052173996541604616,-0.002067325670981987,-0.22467912047082092
PYGO2,-0.7284009756201826,-0.3125489364844114,-0.9370805715149046
ENSG00000271380,0.059701017949510715,-0.7907626334435457,-0.08132018499124527
SHC1,-0.33865218968713506,-0.44496275409027675,-0.30912165459213276
CKS1B,1.9795311571824499,1.734537424241264,1.7357503711929851
FLAD1,0.023969078684491045,-0.6452114840379082,-0.29520412350437647
ADAM15,-0.3590070923185387,-1.2936272038554009,-0.6595164614732774
EFNA4,-0.4307178836734486,-0.674094218428916,-0.39687077025561024
EFNA3,-0.7179763399645367,-0.09542318448993825,0.16008863816936972
EFNA1,0.051753629416744176,0.35863458476071136,-0.059927130221773005
SLC50A1,-0.1297264050896665,-0.05953449482931812,-0.819344001640598
DPM3,-1.0045185827095224,-0.2447623873124201,-0.987103971101927
KRTCAP2,-0.5680379230234857,-0.8633600266032957,-0.586923792168932
THBS3,-0.17987051375828858,-0.3050570305730567,-0.27846085614913463
MTX1,-0.6346800813328812,-0.7975027103626076,-1.0901956325967568
ENTREP3,-1.2305198591033069,-0.483874550846842,-0.7163391879345049
SCAMP3,-0.20478673074258333,-0.39401253474344244,-0.6734471624429332
CLK2,-0.6751556306871896,-0.7109363871487275,-0.6158096585235101
FDPS,0.05656369504732334,0.31577360726050685,0.40229554374624144
RUSC1,-0.7301601007314247,-0.580995091481455,-0.044049371311768205
ASH1L,-0.672662161402439,-0.8118228003473718,-0.4229637353324521
ASH1L-AS1,-1.127321127005171,-0.5104185165614759,-0.5164631655357681
MSTO1,-0.3212698330148491,-0.413056001582067,-0.9027066611737595
YY1AP1,-1.8243863049294546,-0.32127751519165676,-1.2087082180932676
DAP3,-0.8475313979401023,-0.4871356979333434,-0.8398958059844048
GON4L,-0.48292072112177203,-0.3641606025310864,-0.7754987614754434
SYT11,0.6340723751884099,0.7901758763944607,0.295629364968569
RIT1,-0.295422922936396,-0.7649561837888257,-0.11836700036911903
KHDC4,-0.7000563279839866,-0.5697709888580995,-0.5971164403303817
ARHGEF2,0.0368544838321512,-0.26479638039716846,-0.27912911483872455
SSR2,-0.3800946056165486,-0.19444823225769525,-0.475161260885475
UBQLN4,-0.31813816532477196,-0.24144695544415387,-0.561233360464243
LAMTOR2,-0.6625529032552926,-0.39412253069894726,-0.45680356757249646
MEX3A,-0.09982574416670434,-0.30558619315236163,-0.005926242646491932
LMNA,-0.5749328725967366,-0.31562534795630276,-0.5295546072916899
SLC25A44,-0.9262191268533329,-0.2894720050972488,-0.55636030281201
PMF1,-0.8804423156103773,-0.20222396157986816,-0.19726932309563952
BGLAP,0.22118508492087946,-1.0289060108100827,0.1394425928063825
SMG5,-0.0864531337102079,-0.5114181558268244,-0.7054137232694728
GLMP,-0.8229215952839724,-0.436014899324757,-0.07372487677272237
CCT3,-0.34627951709100907,-0.3880391168820481,-0.34349903125375286
MEF2D,-0.28389162775928867,-0.45204377002854557,-0.30519199667300256
IQGAP3,1.371651851676436,1.7949232056686917,1.0898845532261774
NAXE,-0.5261608078808814,-1.4709765660715988,-0.5825579027071868
GPATCH4,0.46243935017947985,0.2550328115309383,0.2909059482331386
NES,0.5922870470224026,0.35856906341508227,0.4285936605952614
CRABP2,1.4654799147015467,1.7275104110701882,1.309700103425122
ISG20L2,-0.40474790174694425,-0.5017923889444732,-0.15436126966555366
METTL25B,-1.1244174538184666,-0.7520130753463761,-1.2225222805521199
MRPL24,-0.8998675464466253,-0.8141895931754703,-0.43466617682688735
HDGF,-0.006857407932724149,-0.040356160479692746,0.05122275625481965
PRCC,-0.3850049464434981,-0.7543222579479583,-0.5012922304105984
ARHGEF11,0.2509979927720636,-0.25649806072878434,-0.04274457440023841
ETV3,-0.3553438986043141,-0.5142713001847348,-0.43587798979058695
KIRREL1,0.6797162232127896,0.7106080112549407,0.5788727369291564
IFI16,0.38141790596358044,0.8035152794965156,1.1208067063368716
DUSP23,-0.07515709588068019,-0.870792223909838,-0.23432168442384332
TAGLN2,-0.06605635505433231,0.5403083158375708,-0.1107724496595175
PIGM,-0.624366558921558,-0.21184826726931058,-0.4106064032636318
IGSF8,-0.31418934571040674,-0.2153096064057465,-0.2026811494134399
ATP1A2,0.3883745625662626,-0.38845494255635765,0.33132768213320674
PEA15,0.06284079035150814,-0.10152918288471822,-0.28348141422534573
DCAF8,-0.6952446649813915,-1.0161217203465966,-0.6808211550879265
PEX19,-0.5667796218650595,-0.6511771734613062,-0.5957646892308652
COPA,-0.31269537746754855,-0.4470786388820401,-0.4823198799012722
NCSTN,-0.6738540341912511,-0.4023557873546188,-0.7230045083220561
VANGL2,-0.10070187365987592,-0.6272996896599176,-0.5682367935177339
F11R,0.3696635524222885,0.41138002011210156,-0.32294565134271375
TSTD1,-0.14152568796064455,-0.259242093468849,-0.042863956665360796
USF1,-1.2430180935532178,-0.5131964863888109,-0.8325346363790551
ENSG00000289121,-1.1252800002036452,0.04144214244657004,-1.0702498045416498
KLHDC9,-0.7227762063106908,-0.2015767038990717,-0.7496338818996193
PFDN2,-0.7172559113230221,-0.5757176868872128,-0.6282778641254083
NIT1,-0.5607846882853522,-0.6977412441864601,-0.05864978158484034
DEDD,-0.7090627073902951,-0.4399891280564106,-0.7208041536969318
UFC1,-0.8236877482216798,-0.4575058908515396,-0.5745747955082229
USP21,-0.8472207067334594,-1.0914166254376525,0.1306726662379916
PPOX,-1.1909978166486646,-0.642503111102073,-0.5436586980361398
B4GALT3,-0.3362616092692541,-0.9031665256230532,-0.8193169150979713
NDUFS2,-0.3599125760173933,-0.06127038354217614,-0.47157072685724083
APOA2,-0.586302820202718,2.3781326137345253,-0.2528458257930523
TOMM40L,-0.2662573701016591,-1.207915074002127,-0.9965835748435481
SDHC,-0.8085025686130933,-1.125641314926071,-0.6122697815969822
ENSG00000288670,-0.06919237581235652,-0.3699532171962083,0.10364776019642369
ENSG00000283696,-0.08349770650564287,0.0002085211413138672,0.053919036715040405
DUSP12,-0.44093953896184607,-0.3745145214634676,-0.6090876906206866
ATF6,-0.35399443682364756,-0.2601650547443732,-0.40892836423986983
NOS1AP,0.6409613253922402,0.7352565180071124,0.5387079075663833
C1orf226,-0.7577710261960284,-0.8146921930132933,-0.5104096552441427
UHMK1,-0.07891806098811568,-0.4908466140467844,-0.25942774371803523
UAP1,0.11703474103397585,-0.5497959708578861,-0.18911603180428213
DDR2,1.5915296437294266,1.4619229739483117,2.2214953836779685
HSD17B7,0.34858982650890263,-0.09219752477459056,-1.102161345849808
RGS4,2.160078271763844,2.0459621641462604,3.4107680607966167
RGS5,1.712813410816544,1.4350842745244776,1.8232376992091694
NUF2,2.669138898833612,2.5838614083009936,2.138916027983985
PBX1,0.4367920473006208,0.5061459532420383,0.5685321134441335
ENSG00000271917,-0.41275577290599585,0.28493260354576216,-0.539186760753772
RXRG,0.09851779416315401,1.082641420382469,0.6386699989775018
LRRC52-AS1,1.3088513135414104,1.7841550515101865,1.1451215648344437
MGST3,0.16048476135549805,0.14688832679878774,-0.18526349543142118
ALDH9A1,-0.5910988076984154,-0.39416992471690543,-0.44744350495581037
TMCO1,-0.647271180238736,-0.4196706465808617,-0.8210481067496788
UCK2,0.44324521538587547,0.36078600892156476,-0.04316833708331203
POGK,-0.4793698299964077,-0.46569644155016826,-0.5276651814162321
TADA1,-0.7303380310750285,-1.1429737411538063,-0.43858724828017864
ILDR2,1.6565962176001676,1.3121092660137244,0.943083854311631
STYXL2,-0.25444936221587255,0.37551650314320995,0.18201892125976826
POU2F1,0.34382741012505846,0.46691325965323927,0.48704382813902924
CREG1,-0.2596941127858657,0.4923470712008963,-0.20284878130744485
RCSD1,0.363834641727415,0.3822652771865087,0.1962081638931679
MPZL1,-0.5638567517970579,-0.5160426175346764,-0.4066561866572478
MPC2,-0.48389251776611886,-0.5958565214502941,-0.22660222960190526
DCAF6,-0.28275845373208947,-0.055386433545450635,-0.18169298410837703
GPR161,-0.12226020340597543,0.26427093850812255,-0.07883839768891218
TIPRL,-0.40900602554044235,-0.5461600498620882,-0.6983350587067356
SFT2D2,-0.3812237398135316,0.17396589815471583,-0.20257432077871582
ENSG00000285622,1.6366203355634035,1.7453019635260993,1.580995938994608
ATP1B1,0.8150415792077332,1.3454060109155215,0.4921791439562391
NME7,0.10295203279002148,0.21907757142191994,0.40193270938484105
BLZF1,-0.7260364416560705,-0.3008408168182904,-0.3158250937815908
CCDC181,-0.027190875904690142,0.3955636492297607,0.24253428622461468
SLC19A2,0.7731231158612281,0.13096389577621886,0.17909186309170613
ENSG00000213062,-0.4553735069575673,-0.1292526166062231,-0.22487132902046633
C1orf112,0.5102550599507225,0.2755361438845299,0.7511620086432522
METTL18,-0.008783024272087618,-0.8345972420448007,-0.01007430865873356
SCYL3,-0.13181928317856517,0.18169566615533492,-0.36975814899240683
KIFAP3,-0.02937597933807726,0.17216396424035804,-0.08702929818569417
GORAB,-0.32630093106831376,0.03797486275504268,0.11072781717638583
PRRX1,3.6543374097768186,2.9035564142633916,1.1154673630375989
ENSG00000231424,2.6437472452430697,2.0087160816442413,2.3724053188955416
FMO4,0.3525048145520415,-0.1404869180116002,0.0943035345486045
PRRC2C,-1.2428376990956558,-0.6316853317379375,-0.8536981321579732
VAMP4,-0.23778504159968608,-0.7433451325244108,-0.2011331370746917
METTL13,-0.415634383829758,-0.4341744938654379,-0.9491201984486538
DNM3,1.0698657655243302,0.9925537980047067,1.3118782642978637
PIGC,0.018677651091071206,0.0924318011350315,0.010557575334480807
C1orf105,0.7132811254217657,1.0089541543713914,0.986075924581037
SUCO,-0.35862741083096233,-0.40133282592173813,-0.13302430982434646
TNFSF4,-0.6098271448656796,-0.6386351139576939,-0.5925295135676977
PRDX6-AS1,1.0112969918437926,0.6275422514888902,0.4236197050446151
PRDX6,-0.25207042346431763,-0.4461156588421425,0.3810157151530121
ANKRD45,0.6430132703831575,-0.07801522742588671,0.359944015905274
KLHL20,0.16644468564810913,0.3824696089546187,-0.07698681113277668
CENPL,0.6390792167637436,0.21535332507788843,0.3497224029687906
DARS2,-0.27435036038474075,-0.2371850936070708,-0.14249365979218348
GAS5,0.3749199607861548,0.3603497006720921,0.6269187303738981
ZBTB37,-0.06510708917228321,-0.44826201833738477,-0.45120597435077414
RC3H1,-0.11633145408749355,-0.21455614862686545,-0.5332490703076332
RABGAP1L,2.1622328546923963,1.5069594158773025,1.7267078457710525
CACYBP,0.1347697550199455,-0.35890076553494055,0.05748513891852983
MRPS14,-0.45444985110975006,-0.532676764284286,-0.8484464191484165
KIAA0040,-0.48971960318662167,-0.1690878905605153,0.156984019530654
LINC02803,0.032821424247512006,0.23959050716289096,0.28803126982054644
COP1,-0.09536162394861943,-0.40924051760898195,-0.12585419196392775
COP1-DT,0.37151018378546746,0.8111961571600438,0.5668403099280219
PAPPA2,1.5395343812978766,0.8784996288695693,1.1979882000976225
ASTN1,1.3365476426199265,0.9629710161936131,1.4147267067130258
RASAL2,0.44487891878527824,0.4445290905888264,0.5274812380443947
RALGPS2,0.11721974610078686,-0.28388452145457777,-0.3047038106996993
ANGPTL1,-0.2502251594073854,-1.0519469979615295,-0.7618064005854848
FAM20B,-0.19557716417738297,-0.15509918244637436,-0.5380935607228743
TOR3A,-0.8675941118941601,-1.2527030816777227,-0.9537129626470461
ABL2,0.12950740840799926,0.005153315815437735,-0.366377966328674
SOAT1,-0.241980438009179,0.1279573429077239,-0.37011077034915374
TOR1AIP2,-0.7478533880773952,-0.4722860993809555,-0.5321392246491997
TOR1AIP1,-0.11501595520190122,-0.5537452809379992,-0.5217516761758603
CEP350,-0.3054607534644482,-0.5398882416492016,-0.30557392698049674
QSOX1,-0.5440666471832998,-0.1888696661022671,-0.3111431695547289
ACBD6,-0.05695352609518883,-0.32191897215795967,-0.3918480156244258
XPR1,1.4473089023567736,0.7219689021398068,0.9696698471833257
STX6,-0.2729571924162642,-0.6492438651005976,-0.2388932052484094
IER5,-0.524968610559899,0.011164545882334028,0.6243628945608853
GLUL,0.4738215713910705,-0.1982807778486091,0.7130377340298572
NPL,1.2273224962685774,-0.10563163047221374,0.39353338440047736
DHX9-AS1,0.3365738700079995,0.4345851425441473,0.12830707965604665
DHX9,-0.4638829416872241,-0.5852628343974828,-0.7208858473258424
LAMC1,-0.4483546707973112,-0.5530416263777589,0.08473374362410979
SMG7,-0.2352296743244971,-0.17734165628652576,-0.4668207347873086
ARPC5,-0.23587698406880625,0.3417288199394299,0.07152371462376554
RGL1,0.6308637290157328,0.60822240334765,0.8093680477727502
COLGALT2,0.7408896841018447,1.396567851340638,0.7330467030478331
TSEN15,-0.20572637868959026,-0.22966186994211318,-0.3312779312564374
C1orf21,1.1357307174851883,1.02600450973258,0.9679923397594122
EDEM3,-0.2536267988889663,-0.1845715924816425,-0.38279495345718567
RNF2,0.013215881025153807,-0.33284978695996864,-0.4446638767512106
TRMT1L,0.07928876643282481,-0.40958695887971425,-0.041901454853526546
SWT1,0.526904806228476,0.17824323177164564,0.5111879651118869
IVNS1ABP,0.41274024932143766,0.44537350475130216,0.12441522077633138
HMCN1,2.391960152288025,1.7707306190485674,1.2308105802917169
TPR,-0.7978769977269806,-0.40656566367831454,-0.7186754794907593
ODR4,-0.5143341725681658,-0.5320948294779058,-0.5823367209759098
PDC-AS1,0.8121594915385089,0.7615995558064305,1.1582587679826908
LINC01036,1.5347499977685501,1.3139668696392448,1.5335896015902932
BRINP3,3.0402920857050972,3.2159052885719177,3.691308322087547
ENSG00000285280,1.5936132590664798,1.0792261708820021,0.8340862547762099
RGS2,0.5630478272470967,0.5528972235429102,-0.02839648695491095
UCHL5,-0.45001550225780207,-0.49426223879386905,-0.6008225752635602
RO60,-0.6740916044910642,-0.42948731788015954,-1.4274791010508991
GLRX2,-0.0897845617146515,-0.0615805413346209,-0.2838929955057879
CDC73,-0.6655315147616854,-0.5738103660685178,-0.4685056380367492
ENSG00000227240,1.8884040481679811,2.1425738886203582,2.300657497651649
KCNT2,1.1213253612303333,1.3064719952271915,1.2806848784840206
ASPM,3.3562436046406816,3.2392899778046385,3.640485552725046
ZBTB41,-0.09237634343177702,-0.3764930288432354,-0.31649413250649155
CRB1,1.4592420602924747,0.8968924217259051,0.797874060230285
DENND1B,0.1829438302194078,0.2635900767248778,0.32096547258819536
C1orf53,-0.3685932096637608,-0.3668256178555538,0.30257952950244515
NEK7,0.2520159772236817,0.3545711518792558,-0.10249127945441927
MIR181A1HG,1.4982927976861085,1.8440618614818085,1.4566919637490265
ENSG00000230623,0.6786326490389172,0.7273769464068386,0.7387047415007473
ZNF281,-0.9401403110024269,-0.4208582703132678,-0.17724863969926477
KIF14,2.732614529740559,2.7148801924067065,2.4191673470075408
DDX59,-0.3509136043060935,-0.33311539393386985,0.10729846080932859
CAMSAP2,-0.4668804893007383,-0.23395606966006702,-0.3231218026586973
INAVA,-0.14632614551632275,-0.2955510711686635,-0.8890898637589295
TMEM9,-0.7859321980535334,-0.7623936817252712,-0.7775018359435926
TNNT2,-0.46426433186441857,-0.10342658508963436,-0.4783946068829578
LAD1,-0.24518111440381327,-0.26993426496311906,0.01395154358593229
TNNI1,-0.16778988302830736,-0.024724159153260324,-0.31801028410136917
PHLDA3,0.2075614584285716,-0.4198011685182409,0.2815901162029454
CSRP1,1.4436170281550744,1.0836617315932848,0.4361108678323511
NAV1,0.8845900852318476,0.8686204567072622,1.0380679240935713
IPO9-AS1,0.051557145555392404,0.61575953103846,0.4330979162948196
IPO9,-0.00710261178467063,-0.09885821227205943,-0.19590102863780964
SHISA4,0.1444114599190201,-0.5452965657252307,-1.1547996887624485
LMOD1,0.6628466348390027,0.9056124828134742,0.9136231805210996
TIMM17A,-0.36702649093613,-0.6738993520421772,-0.5393559163783336
RNPEP,-0.19489889024004367,-0.29827867590984875,-1.2869998218684984
ARL8A,0.01676055587536857,-0.943972675717454,-0.6809274963829673
UBE2T,1.803166337298034,2.0541083799860225,1.534765455268559
PPP1R12B,1.0688299283390794,0.9068662378110695,1.8861808477648339
SYT2,-0.05956898977077428,-0.06038327967100798,-0.37868072408678444
KDM5B,-0.29392108588953286,-0.4415143696278464,-0.15968971745362737
PCAT6,0.11223324242918764,-0.4692519469157013,-0.25861366651827217
ENSG00000291234,0.06878422664199486,-0.04450832451371062,-0.0796635164759429
RABIF,-0.42312317145659506,-1.0983640317770877,-0.10455861689458604
KLHL12,-0.906812330598477,-0.33042936248748594,-0.24826645002353234
ADIPOR1,-0.693512108350415,-0.5881252660823008,-0.7816459922837424
CYB5R1,-0.6816527728930523,-0.4033421065878748,-0.8439002049032567
TMEM183A,-0.5044737550408628,-0.6267200152337119,-0.543575520517912
PPFIA4,0.3310020111586098,0.16980253885358104,0.1818695088211193
ADORA1,0.602098614072382,0.08633573992498364,0.5389277959341534
BTG2,0.880159620496471,1.6300782296711631,0.9899745933522796
ATP2B4,0.9406482936802476,0.9271781999868871,1.0440478819056516
ZC3H11A,-0.5129523124241651,-1.0176636329436803,-0.9973023260684251
SNRPE,0.1179398888941741,0.12308817938048837,-0.15697530169121526
SOX13,-0.14285789922842088,-0.5212691840817918,0.21820408411825196
ETNK2,-0.6514007386804508,-0.5926107120896411,-0.5503022509817157
PLEKHA6,0.35092938499099446,0.37851343241384683,0.3625202042165014
PPP1R15B,-0.88896187969927,-0.16844973840892055,-0.4981426872123898
PIK3C2B,-0.09559364732499638,-0.02108776848041668,0.2781666940628966
MDM4,-0.558571540395711,-0.5854913650178659,-0.788451503639866
LRRN2,0.8347705424230155,0.3793313040100337,1.3500377645329564
RBBP5,-0.421278809738908,-0.16528799844729747,0.14646557600151405
DSTYK,-0.1523126941426156,-0.339444386987136,-0.19549553096233652
CDK18,-0.2941740267575028,-0.22825009087427972,-0.19551729634488876
ELK4,0.09607696803247384,-0.3908675774207922,-0.5484742574595353
NUCKS1,0.834973800556563,0.5450817826866974,0.5461311490470813
RAB29,-0.248742781571643,0.3179028506178519,-0.3338371332391219
SLC41A1,-0.20349306097273612,-0.18399981327400639,-0.552415006512181
ENSG00000286619,0.2891725334915556,-0.2112971339495431,0.9624746609915783
SRGAP2,0.4493638831497897,0.40736795157457806,0.3117956640394155
IKBKE,0.15869106878368194,-0.13910275895196736,-0.453958453746381
RASSF5,-0.216955190433417,0.25876284013537193,-0.06315303347871298
EIF2D,-0.6740067878279312,-0.42475677598837436,-0.9939969037916967
DYRK3,-0.029100532680264052,-0.08657771856733727,-0.32940630104086926
MAPKAPK2,-0.7660826225261523,-0.7720477005571382,-0.8898577063526361
YOD1,-0.7278726816548158,-0.12334348374106702,-0.5614221355995888
CD55,0.0029308225849788766,0.19511497104765493,0.3129216566869566
CD46,-0.8926020420548255,-1.097134425069985,-1.1477418784536937
MIR29B2CHG,-0.9671391249923431,0.08007085260579681,0.3341635087808577
PLXNA2,1.5074157704314572,1.1394794056687374,1.465863179298072
G0S2,0.9311795152867148,0.4882708403907508,1.6479570590256323
UTP25,0.029404317245155926,0.08999219366605607,-0.387520925415398
SYT14,1.1369659792380205,1.146484163969422,1.190612157511076
HHAT,0.8832737102238575,0.550754658903017,0.7108876567018535
KCNH1,2.2610563369186742,1.5926754161192065,1.8657133653558269
RCOR3,-0.5328395203436679,-0.49028292787591354,-0.4137935629985457
TRAF5,0.5680583699368107,1.0519054843590006,1.0168829401431694
LINC00467,0.38360227404815456,-0.016475525611802752,0.2103774967591719
SLC30A1,-0.6300560387895437,-0.03898598903153073,0.06878698451727056
NEK2,2.4927192640962943,2.1354850591253793,2.5718301593184663
LPGAT1,0.7985826212787863,0.44184896273493734,0.9937196648087259
INTS7,0.48677551599546126,0.0769091717859461,0.17117758053412044
DTL,1.8838650381820585,2.135573280279047,2.072419581833582
PPP2R5A,0.3852704811537251,-0.09065352555873224,0.2883307863735105
ENSG00000234915,-0.7964720101505058,0.52307063774429,-0.24454528546183243
PACC1,-0.8433472405362181,-0.5486691100643455,-0.02422597217577759
NENF,-0.20686195529144416,-0.04092801083223566,-0.21614541891355546
ATF3,1.3483211256239471,1.6768251817231103,1.6447174050118356
NSL1,-0.5100326680562262,-0.12369527012957705,-0.7140809916273376
TATDN3,-0.7339519255575162,-0.09836150709704233,-0.1786516226415706
FLVCR1-DT,-0.0634088455699526,-0.32419431023955525,-0.7138215986975105
FLVCR1,-0.4144865265453462,-0.5136626456384121,0.01623397381591822
VASH2,-0.40808834718487574,0.3610871866121315,0.5680695436389094
ANGEL2,-0.44235752268687273,-0.9664398775763381,-0.12080716841893849
RPS6KC1,-0.17169778010871894,-0.2045327388370204,-0.09334334348573489
PROX1-AS1,1.3158356640636448,1.05738255438958,0.9223630646407628
PROX1,0.044444729854127764,0.24385362782593836,0.22265988045980115
SMYD2,-0.52691407313106,-0.002790734647526006,-0.40080386122922457
PTPN14,0.39228695622533744,0.321019386261451,0.4434395996140061
CENPF,3.654240735798279,3.6159382942814897,3.661432203066644
KCTD3,-0.8453073428679048,-0.14367568946192572,-0.21132705922016012
USH2A,1.5351009838629963,1.6110842170844464,2.172171567108496
ESRRG,0.7027605731862286,0.7467467451861934,1.0064269211802337
GPATCH2,0.006436866460734957,0.1575295027731264,-0.13362617246442454
SPATA17,0.6846077834347106,0.439354528765147,0.5347561908394205
RRP15,-0.09741324765206015,-0.6147172998264098,-0.4563767006416341
TGFB2,1.7936389988392456,1.508439541124945,1.7213601762334498
LYPLAL1-DT,1.2491013757923604,1.0570128366481732,1.4603850141963015
LYPLAL1,-0.18198848747371346,-0.03084522948381979,-0.13440648847315725
EPRS1,-0.34958312781195383,-0.32784079478863143,-0.06765949995799045
BPNT1,-0.31427723967424726,-0.17173127183459863,-0.660291816347428
IARS2,-0.4600892390605544,-0.496143755978185,-0.552436383800149
RAB3GAP2,0.09389509879456173,-0.30589438354392945,-0.24372799590121372
MARK1,0.4436182502436345,0.43938887707212976,0.7005105947353414
MTARC2,-0.5315964044005205,0.14788383548146558,0.05721085396075409
MTARC1,0.12208833460119455,-0.13702780775920687,0.21597029191525868
DUSP10,0.7453571920389591,1.203998768981581,1.4428320358077364
TAF1A,-0.5962666053467593,-1.215026821321132,-0.7091252206015675
TAF1A-AS1,-0.278247137657278,-1.227316619247027,-0.28588005849943704
MIA3,-0.4384226991834801,-0.5172956098467375,-0.19865570074214042
AIDA,-0.414874634604729,-0.39782264298704456,-0.6606279657484108
BROX,-0.19845092487405935,-0.7338856418210717,-0.6699498659124535
DISP1,0.2761956455728444,0.37543723474242086,0.23193800137696743
SUSD4,1.0644265289188546,1.2050084838462958,0.906780260825741
CAPN2,0.09100651704985904,0.07066310509001633,0.3567139985270451
TP53BP2,-0.3807244203054126,-0.3513734403632718,-0.3690988534160624
ENSG00000291068,-0.7123149230436354,0.200776292694762,-0.3738119188998077
ENSG00000290989,-0.17196787097935126,-0.33392369852591125,-0.3948177649615979
FBXO28,-0.011162498333312985,-0.1569302336154017,-0.3638048239471771
DEGS1,-0.0899503704430451,-0.14605706484982048,-0.414516905726508
NVL,-0.32180796976713205,-0.42646372776155067,-0.5097868621475357
CNIH4,0.09491446917144596,-0.4382446701912492,-0.6123085969784086
WDR26,-0.12635196815907787,-0.3848556339106822,-0.6795675309024495
CNIH3,0.3344708323746879,0.3360301906968068,0.5754920766290715
DNAH14,0.9215300647213134,0.6472852703804222,0.5086705573885482
LBR,0.8465949021514767,0.9316361312566173,1.0370991304980386
ENAH,-0.015588001398871391,-0.07365747956219337,-0.1370846224763049
SRP9,-0.5816682954751293,-0.26033449647488277,-0.5653902525816291
EPHX1,-0.5982291726107363,0.025589367681575895,-0.8234919112684054
ENSG00000242861,-0.27566621390742796,-0.5693728516101652,-0.14359798812484567
TMEM63A,-0.18933549695612234,-0.7431084123028704,-0.22358189041575116
PYCR2,-0.46614411208697243,-0.4384000479834178,-0.2619126630169219
LEFTY2,3.674788589441473,2.6262558010383366,2.768631397580261
SDE2,-1.1259371601980028,-0.965269225481464,-1.4324747273584855
H3-3A,-0.6651867581826174,-0.3592049222375611,-0.6641442566267503
ACBD3,-0.5406874125429403,-0.7225040550166817,-0.4052659484597428
MIXL1,-0.445981953347026,0.798420102634772,0.9105417307570889
LIN9,0.4098122496405914,0.3313986674922908,0.27959873493961845
PARP1,-0.37714165392708304,-0.5811792933887325,0.05750621181379853
STUM,0.6786827585749187,0.7759979657588971,0.5334910024516049
PSEN2,-0.23312872340109442,-0.11677406979372056,-0.1671272302488802
COQ8A,-0.6908639743779653,-0.6652887341859532,-0.565684918849623
CDC42BPA,0.09725538186309643,-0.20216079815214275,0.24710210812432723
ZNF678,0.16120110869882967,0.3249722497458158,-0.06305064954037222
SNAP47,-0.12810283380159498,-0.10760840878930371,-0.24670236101249182
JMJD4,-0.41020981986074995,-1.3343991772505461,-0.6290583144255458
ARF1,-0.5914467074076449,-0.8737771778539668,-0.6343749405680477
C1orf35,-0.6031798309925628,-0.2654276035218217,-0.1555010840065343
MRPL55,-0.5576131797900388,-0.639688650945601,-0.6092132282315568
GUK1,-0.4729648575034346,-0.4712636152563903,-0.1719812581233206
IBA57,-0.0905187593133832,-0.43741770259755347,-0.49773126732330647
OBSCN,0.2526647415671199,0.022460956463159976,0.013948662096847725
ENSG00000269934,-0.5904830353388563,-0.8000695169835303,-0.3980483373179738
TRIM11,-0.8391401367228148,-1.0738353009636867,-0.7994666805145236
ENSG00000231563,-0.4575467212362376,-0.03232176256073419,-0.08313106303274155
H2AC25,0.16707485062542554,0.6938854975196875,-0.5680645637064927
RNF187,-1.291233252469624,-0.5128680704247585,0.06587021315975142
RHOU,1.9117936055403426,1.4663475397026566,1.396330749096208
RAB4A-AS1,-0.6205583910567398,-0.1903463249495374,0.22087006687047497
RAB4A,-0.5324577353098902,-0.5875904355738549,-0.3944301030495189
CCSAP,0.10234692290362095,0.25324063241347977,0.28496291758058234
ACTA1,2.422509061636543,3.286946838017524,3.455223472602455
NUP133,-0.4659409184180561,-0.6158390176763824,-0.6872947689842591
ABCB10,-0.8339040937208821,-0.4821130687765489,-0.5992904162380128
TAF5L,0.3239639958168716,0.04347813247435885,-0.04010367982306211
URB2,0.10496675735619122,-0.14308987815855903,-0.06292179904039226
GALNT2,0.08020296967482557,0.12242675713736154,0.12650590966689285
COG2,-0.43643328710613005,-0.5797421950767508,-0.5146992671034348
AGT,0.20441850691678096,0.01646431677939114,-0.08390853569898844
C1orf198,-0.6007435257547442,-0.335470416607162,-0.3810027474271571
ENSG00000223393,0.0033210077212224415,-0.25229231092000853,-0.6734263269588681
TTC13,0.5138659273192444,-0.18743167279322748,0.03937947579312965
ARV1,-0.38953370131455156,-0.1374333264253416,-0.5005674184729755
FAM89A,0.9954361514908925,1.083036589992389,1.2611373960725913
C1orf131,0.28801346385301935,0.09642406997419779,-0.21898359363007808
GNPAT,-0.9283046319809712,-0.460260590769991,-0.3771794068193373
EXOC8,-0.0849435544223667,-0.8067130142075456,-0.5382841180394954
SPRTN,-0.06840214265124449,-0.23891518140627352,-0.3625056834720652
EGLN1,0.2931978353323359,-0.06576724360911615,0.3164805565860825
TSNAX,-0.41513298201900994,-0.4988177635576641,-0.9258910676601353
DISC1,0.9586333852925931,0.9738536481694914,0.9704774934293638
ENSG00000286071,1.8682603649689113,2.0482470959303534,1.57803385835172
SIPA1L2,0.22980949797885228,0.7477916586206526,0.540585712913682
MAP10,-0.01212336667774493,-0.029090908398856592,0.03801386229777753
NTPCR,-0.704766422814199,-0.8777664658004234,-0.7271610466467884
PCNX2,0.6742579665147055,0.4748515015961807,0.004982315574857006
MAP3K21,0.98360093668353,0.612147811403311,0.024507378961978122
KCNK1,0.9895232511721196,0.8874120245939281,0.858866749618393
SLC35F3,1.964696446043206,2.4595545652674957,2.694949205312721
COA6,-0.23513936130978413,-0.7046383984883704,-0.34398454198876754
TARBP1,-0.27312424875414004,-0.026371172630465588,0.012292943192335315
IRF2BP2,-0.25546583708036513,-0.29777926943703287,-0.42861306008484584
TOMM20,-0.6516559053131026,-0.4382938019422441,-0.6127758504076226
RBM34,-0.827052360340769,-0.5019626205410113,-0.7156053405909688
ARID4B,-0.7348532605266804,-0.49553064075835,-0.6677618329628637
GGPS1,-0.8541894667608149,-0.6393527244666046,-0.5452306799886343
TBCE,-0.0932159246590736,-0.47204927750327036,-0.44654543580602996
B3GALNT2,-0.35535482560439396,-0.4072037207457769,-0.2751852288087697
LYST,0.38088653250410687,0.4278083272592141,0.331978562109569
NID1,0.5920208725190967,1.3426127240633328,0.43965382129011843
GPR137B,0.2672970600530107,-0.1815466993874893,-0.2587989120368661
ERO1B,0.3202256638932681,-0.12457194016305446,-0.06858943124220933
LGALS8,-0.30699707811361066,0.09858971605767763,-0.5136840544031819
ENSG00000230325,-0.4445431372521932,-0.23328748119542908,0.08537961135339955
HEATR1,-0.14777951534317074,-0.40236023740779814,-0.1681737382144384
ACTN2,0.18743799629734065,0.3124024734900744,0.120246734774014
MTR,0.18184579722040795,-0.08129659164929498,-0.04840501790921441
RYR2,-0.3367087163762203,0.15323743335634005,-0.3036760288950973
ENSG00000289628,-0.7193313407870612,-0.5031597303919001,-0.4883242515653592
CHRM3,1.2158117202585252,2.184942496216099,1.3407264827297567
FMN2,1.790047924811784,2.227903410974996,1.2944850295087384
GREM2,2.6276874524821956,1.6203978278017068,1.8948086034480731
FH,-0.3764836145679596,-0.550606720316992,-0.07704974855489866
OPN3,-0.16427355131546054,0.37740456683223655,0.11187889599283105
CHML,-0.13113654161631774,0.5359601148909796,-0.2709194715688455
EXO1,2.0950458014598183,1.8597851635303755,1.4887133238193968
PLD5,1.7285570355732425,1.7402488099396685,1.2106804705033234
CEP170,-0.01924921824385705,-0.20640872883923572,-0.48303611808943714
SDCCAG8,-0.0026762950383484876,-0.1740496543125367,-0.6110525405346435
AKT3,0.412761299751022,0.06112250896561021,0.43659322487114594
ZBTB18,-0.1969982411356739,-0.09397331516688116,-0.36175502147656863
ENSG00000240963,0.34966572259412837,0.2301963706531573,0.08667783358914607
ADSS2,-0.26871448232789424,-0.3136829638539745,-0.14062945105226993
CATSPERE,1.3540277628064388,1.13555224516087,1.1683055238065236
DESI2,-0.5735699598439368,-0.46574094722895504,-0.9028881644000428
COX20,-0.11326317444084918,-0.5418102462055147,-0.3646837516220173
HNRNPU,-0.49579067008746946,-0.7710019044025742,-0.4783240835236846
EFCAB2,-0.04892232945155329,0.05411412730919093,0.009473365114182362
KIF26B,0.2612478471610107,0.28976854108030986,0.08573003502849914
KIF26B-AS1,-0.021161973594509248,-0.05001850721641787,0.42390560108400877
SMYD3,0.3350541876690336,0.5175194063885407,0.3466625456734534
TFB2M,-0.9355411971021717,-0.5204859264440067,-1.0933059909097622
CNST,0.14839531766331507,-0.13920469706180336,-0.23318166886268804
SCCPDH,-1.0543758778704948,-0.7510895989675141,-1.083462995390466
LINC01341,-0.31097298624449365,-0.6133451840240305,0.04669235351221343
AHCTF1,0.041661325662055,-0.1954688267264011,-0.19244250427327358
ZNF695,-0.12453652262363234,0.9713212215847449,0.673439196931529
ZNF670,0.2584144235115957,0.46097291383468786,0.12508751094532053
ZNF669,-0.8101059918823736,-0.21193255309708905,-0.5279485019467139
ZNF124,-0.013943545572963914,0.21298741064550697,0.14109881166164942
ENSG00000259865,-0.5297436687595578,-0.8782916158648284,-0.6918610214064458
ENSG00000290683,-1.077990692757627,-0.5663037704353081,-0.44959276115031693
ZNF496,-0.4784925395101141,-0.33176100191702673,-0.3210241436180148
ZNF496-DT,0.4315088451919529,0.14448488891662947,0.08987215138453664
TRIM58,0.4460723534413589,0.4520853799027407,0.4412182430929583
SH3BP5L,-0.12747455851413036,-0.38278739012064017,-0.951276736859363
ZNF672,-0.5055779433279106,-0.29554068050625665,-0.1748228070386055
ZNF692,0.03621420965782113,-0.8600420080389668,-0.33743346074187036
PGBD2,-0.4300732484978554,-0.26997195090360293,-0.8784637045736972
SH3YL1,0.19594104635644535,-0.1220320411848484,-0.2516123795591234
ACP1,-0.8215472817872289,-0.7390324537499069,-0.7351253244589699
TMEM18,-0.3371608932985631,-0.3632904685163538,-0.7889317129338416
SNTG2,1.5327725011011033,0.9462332974459321,1.749203139616224
PXDN,0.16311362225239626,0.4571272900415906,0.20572892525738234
EIPR1,0.12457867384272713,-0.03249032893262791,-0.020380217224772675
TRAPPC12,-0.5695370279633388,-0.23327634462146563,-0.7196963978907966
ADI1,0.34458215855702795,0.3675150488195591,0.17723659332152403
RNASEH1,-0.18280930265517978,-0.6555891810131449,-0.07531681728080385
RNASEH1-DT,-0.029056169500876246,-0.1569327024162135,0.10339862241304584
RPS7,-0.3598258736907915,-0.1576949820065199,-0.1139908772931832
COLEC11,0.4865536928777309,0.11584097881172901,0.7734770180682452
SOX11,0.10343654814276339,0.8983122228828044,0.20865794405776936
RNF144A,0.16876761128245824,0.17289608162815637,0.23599098205882987
LINC00299,0.4379857851544457,1.0579745469240294,0.6269167247989813
ID2-AS1,-0.16954014605232365,-0.215463472212086,-0.08822170064720684
ID2,0.4631045801498708,0.3672515759312063,0.8618658463546146
KIDINS220,-0.594072876643807,-0.48719512497503814,-0.18569491538824684
MBOAT2,0.14174887310253942,0.24859383422143827,0.2208371270511123
ASAP2,0.35845152074884723,0.3277836935158227,0.26173844028078364
ITGB1BP1,-0.5664107636448179,-0.7038179256034596,-0.6797192462626214
CPSF3,-0.33255895382741224,-0.5620316679588981,-0.49378176559560316
IAH1,0.023952498687936634,-0.8754085079454548,-0.47267200858199493
ADAM17,-0.4958220364815098,-0.41556049538054646,-0.4248362369337606
YWHAQ,-0.6984762177722743,-0.39980562347451365,0.7598172953144982
TAF1B,-0.10780410533062575,-0.19124166530948725,-0.5025471136319801
ENSG00000269973,-0.3541109245181602,-0.5010876046886175,-0.8186092202698881
GRHL1,0.10964949443462396,0.016701620993679046,-0.10125112049393081
ENSG00000260077,-0.7440406725735969,-0.18055211122939238,0.22346895626305135
KLF11,-0.20070227978376212,-0.1667812266728781,-0.14556093292747002
RRM2,2.4403578548743603,2.501533726362844,1.7090284474298727
HPCAL1,0.1966156739258337,0.7917130976716145,0.30509173275373774
ODC1,0.047526254120977884,0.303843438679781,0.24494387864809392
NOL10,-0.2849205245440772,-0.49821896956469314,-0.26974604701008076
PDIA6,-0.38271562820282407,-0.2213217186983414,-0.42521011710140755
SLC66A3,-0.30704869358439174,-0.1783037594563019,-0.21619068774349515
ROCK2,-0.17292020011013065,-0.6016029534656582,-0.14585913514357077
E2F6,-0.6319609383141085,-0.6643388850418502,-0.330841869418542
GREB1,0.04306611684945939,-0.12555823433690347,-0.1775156415803174
LPIN1,-0.1617209688392833,0.13453806397582116,-0.17522209997732924
TRIB2,0.5696727200555181,0.07743989268549362,0.276592181432143
LINC00276,1.914495355059465,2.084763614587658,2.1767530793781624
ENSG00000287291,1.3079097824978483,1.2583297832039975,1.0321108792828184
NBAS,-0.0344870030847417,-0.029444894550888258,0.05537978182512757
DDX1,-1.0176394910799225,-0.6687033161526196,-0.8383119375253969
MYCNOS,0.2281659811668674,-0.22792327166116874,-0.41642783503417746
MYCN,0.7291580759111369,0.382473821055239,0.6708754534039159
CYRIA,1.4131809970598574,0.5505780729619688,0.18324689319237913
SMC6,-0.38966171368262437,-0.02641716366246886,-0.07321946125828308
GEN1,0.9212341059628741,0.9688361095110806,0.6293272169704629
RDH14,-0.48131830390173036,-0.29161532432398823,-0.02581955687249147
LINC01376,1.5866931115482714,1.3783939417207307,1.4216316480753193
OSR1,1.1120820150070436,0.870359846632418,1.01705936702308
TTC32,-0.042851835968878815,-0.743867254350068,-0.3129301316415543
WDR35,-0.21778065109295144,0.2058996823619629,0.0896115233591387
MATN3,0.04031343718991559,1.0337084633584404,0.030092572885749277
LAPTM4A,0.2956717456756799,0.2133652475727885,-0.27485981916920826
PUM2,-0.6163777400227382,-0.49108619483592614,-0.64825461589367
RHOB,0.45962851443607633,-0.011609247700775439,0.2945017065797053
HS1BP3,-0.7053356750990112,-1.2419825841539627,0.14523370089672832
LDAH,0.03732495961662966,0.38609300453902057,0.1994929716467694
APOB,-0.07877810446927928,2.782440672555328,-0.07045492530303221
KLHL29,1.3559049385646915,2.97997910326902,2.409272191978829
ATAD2B,-0.46370143139753844,-0.4059492675129804,-0.38339971004934625
UBXN2A,-0.16824421642458637,-0.9306694574395529,-0.5355829791208963
WDCP,-0.5874492665352058,-0.3983343535314035,-0.6728307518070231
FKBP1B,-0.489765880775245,-0.20054869325302244,-0.2000045168705462
SF3B6,-0.89878310408562,-0.8201154459479696,-0.42078147734567045
FAM228B,0.002711656299286683,-0.0946371745807291,0.11228512435444662
TP53I3,-0.0033907412641234168,-0.22975120028536017,0.12171994609320437
ITSN2,0.2923587685507627,0.6211150187844261,0.5897781132619926
NCOA1,0.9047185684042347,0.5303012650427911,0.39786473576289794
PTRHD1,-0.561852706872994,-0.3212650411186538,-0.8438776300594101
CENPO,0.22677354021220006,0.11022672076082074,0.25120463684880784
ADCY3,0.21055058573222854,-0.40699970816556785,-0.2743651344390941
DNAJC27,0.30308142951390943,0.19134338919849014,0.3207949165472286
DNAJC27-AS1,0.2686007284766703,-0.17253360579356425,0.3211138689004898
EFR3B,0.0601887312034605,0.3634465476878646,0.30238066202940667
DNMT3A,-0.5735864742227008,-0.5808220659803531,-0.6365179118274042
DTNB,0.2210816656109457,0.24392635024652165,-0.06517688515151578
ASXL2,-0.5366735297308977,-0.1844273688879099,-0.3869263696837422
KIF3C,-1.150799554272627,0.2023552122490209,0.6462168207194203
RAB10,-0.6288291358313812,-0.7497120452103729,-0.5200110729905313
HADHA,-0.7291013837903719,-1.2466479828543235,-0.9148741778998186
HADHB,-0.7513014621447169,-0.6661240797981804,-1.0967214584452059
SELENOI,-0.2438987639277635,0.027302434282493307,-0.11088768162797887
SLC35F6,-0.5791244662204775,-1.1599491813556213,-0.8130804848403983
CENPA,2.2433417972571874,1.134394912987574,1.8936205979804015
MAPRE3,0.020736534213263276,0.041095063671214335,-0.1717569051414252
TMEM214,-0.07332894107572946,-0.6900679899466873,-1.448679700287041
AGBL5,-0.7957168619623793,-0.846793407068418,-0.6527699043372373
OST4,-0.5670460943824339,-0.38775400625207723,-0.3034334021725193
KHK,-1.376330806201505,-0.2840291825149955,-0.6818886018763061
PREB,-0.3767262580015327,-1.1689959924589957,-0.927482368660673
SLC5A6,-0.3486588585414587,-0.44053608587773496,-0.9174128629729204
ATRAID,-0.6357017973061759,-0.8947399500378737,-0.5247763322409931
CAD,-0.5416078275916689,-0.528142790251067,0.1946002416223642
SLC30A3,-0.13479157928621535,-0.5856990671869121,-0.35283675977130013
DNAJC5G,-0.15546583500673705,-0.25701227227626333,-0.15645795837734153
TRIM54,-0.019392952152386962,-0.04475344740339791,0.08261891063160572
MPV17,-0.4856163742466179,-0.6434971006408468,-0.35722874459932186
GTF3C2,-0.41583237735998324,-0.2632776465461007,-0.9027732270044666
GTF3C2-AS2,-1.157949568294896,-0.8799429019053662,-0.273644372407773
EIF2B4,-0.45633299256710197,-0.44807096942771807,-0.6872726285677011
SNX17,-0.41722223069340103,-0.1368789485120488,-0.9122620057640525
ZNF513,-0.7854699136751649,-2.0324504873386644,-0.4522596767653475
PPM1G,-0.3117458595876989,-0.3130750925260167,-0.22564520745745048
NRBP1,-0.7815738547645417,-0.6562438350164223,-0.8448234260850391
IFT172,-0.3673159009649076,-0.10876518362168852,-0.0077265282492610865
FNDC4,-0.08921841575224929,-0.510562248179106,0.33076760037958763
ZNF512,-0.40354065255513655,-0.05728816272373297,-0.34012133974992415
CCDC121,0.09357097280622989,-0.29448937959124427,-0.08335738651273775
GPN1,-1.0226404746302968,-0.4090555000242837,-1.0643239683439667
SUPT7L,-0.43811174056894936,-0.6360218688119303,-0.6404132511745537
SLC4A1AP,-0.28117065542467395,-0.8605408651705381,-0.5715004191444351
MRPL33,-0.2688023850496535,-0.11004817731912549,-0.9597174969726509
RBKS,-0.20944462485068277,0.7162156634731679,0.3795999947418451
BABAM2,-0.08634946735479332,0.07545358454328625,-0.052821763396920615
PPP1CB-DT,-0.046356854116901096,0.061193588986494435,0.529844301230689
PPP1CB,-0.7449233851420516,-1.193258912303751,-0.38517797714334634
SPDYA,-0.5020449994377607,0.08458202139458502,-0.20613898600259623
TRMT61B,-0.6040651083002296,-0.5884874193822647,-0.4889588456825144
WDR43,-0.19008553217372898,-0.3577533747382659,0.14661534123908018
CLIP4,0.602995135201656,0.5030713429912943,0.07140567147441955
ALK,3.1163317554209904,2.8654575621240923,0.8675495593658019
YPEL5,-0.7106668359570456,-0.24380819678305699,-0.47880221476618695
LBH,1.0930613164704397,1.2482322277667688,0.8249566723381037
LCLAT1,0.0636766512443713,0.08718070254113279,0.14604887494830984
GALNT14,0.5888127466356892,1.711829948567928,0.9162081920848308
EHD3,-0.26715720435215573,-0.3089263163403757,0.4731066073545449
XDH,0.5529251532040256,0.19667501950191385,0.715228470157502
MEMO1,0.08035004992495581,-1.0383207134205286,-1.2861240322539018
DPY30,-0.6295324288091173,-1.091451201098387,-0.9042331188043633
SPAST,-0.32369442824716893,-0.42979749865377315,-0.4718816465266117
SLC30A6,-0.47977439752372675,-0.7635697430555375,-0.5601425726878482
ENSG00000289727,0.011115245137475053,0.3678160123529218,-0.1830241484634634
YIPF4,-0.9648678033576914,-0.7336981887125695,-0.9780925821590003
BIRC6,-0.6808005650718308,-0.5849550623245037,-0.42674516705689314
ENSG00000276334,-0.688348791437697,-0.8934249857520484,-0.795539764032238
ENSG00000276517,-0.4801495052104166,-0.4227496016983459,-1.0490453957642991
BIRC6-AS2,-0.6439265941393693,-1.47907943245459,-0.8921836911898353
TTC27,0.10704250538085,0.1599413783506023,0.3860398388412776
LINC00486,-0.6004182215267982,-0.8790483562781155,-0.8706252327654305
LTBP1,0.3702690051307869,0.22007782965528475,0.12025970440690509
RASGRP3,1.3091340122052877,0.6879989337173562,0.7386520227718911
FAM98A,0.0136006498704511,0.06760943075269317,-0.20019266945551803
ENSG00000286415,0.42927769977296754,0.40209975063041276,0.19489758073082789
CRIM1,1.0277427848766045,1.8250508367285754,1.3745401164209525
FEZ2,-0.3196165717339206,-0.5334848251991317,-0.01281949623968265
STRN,0.12531654427032987,0.347375946746844,0.11516803088203882
HEATR5B,-0.30990097421157264,-0.39200965598177,0.038817690792811346
GPATCH11,0.2923673529220814,-0.25512691450636993,-0.03268038375882302
EIF2AK2,0.0601366352357786,-0.3980239704969044,-0.031852926512336004
CEBPZ,-0.4474946575433804,-0.32291726292381645,-0.502197086268076
NDUFAF7,-0.5836434678282315,0.04315979627207163,-0.22412237198775395
PRKD3,-0.26840984535349227,-0.3498345621648547,-0.07216452985926482
CDC42EP3,0.19294968968446816,0.22005404715917715,0.45449299039501057
RMDN2,0.9614482854141856,0.5511699450723242,0.4289433844669013
ATL2,-0.3629660194585931,-0.2526406685955962,-0.3614410918458724
HNRNPLL,-0.6870822582753037,-0.2647894466440661,-0.38669528057151226
GALM,-0.4006287796280112,0.04732847731598254,0.20442034837818915
SRSF7,-0.3032417630893285,-0.1358147242488919,-0.06227305733311891
GEMIN6,-0.3545730843704398,-0.26387004787034124,-0.11671093353723448
DHX57,-0.2965256668612426,-0.37890482196840125,-0.6406023238100609
MORN2,-0.43332921967919097,-0.5570333910855041,-0.5581283861600888
SOS1,-0.16879953619321947,-0.22360021885137377,-0.28624926840345566
CDKL4,-0.11937180716498118,0.39190738201485337,0.07888709022960685
MAP4K3,-0.4581835300470161,-0.25962823474183594,-0.5566609573665673
MAP4K3-DT,0.18305302849059393,0.14959095514752369,0.17747986232048515
TMEM178A,0.8713704502843811,0.9304865013223242,1.019396245687581
THUMPD2,-0.12848721030207594,-0.020297415591045337,-0.12060035259565893
SLC8A1-AS1,0.5250515477877186,0.20118198764258474,-0.07983808311712087
SLC8A1,-0.17102418210942366,-0.08404414043089764,-0.045099307028490174
ENSG00000289013,0.2097115850037631,-0.13642279464951557,0.024904432518276613
PKDCC,-0.28880168318276134,-0.12051298414622741,-0.3052378618063685
EML4,-0.07497166560969146,-0.04120064076186834,-0.4392930745214798
COX7A2L,-0.9576051147768183,-0.8653264313865138,-0.6537300640417705
MTA3,-0.506572123068139,-0.13613898915257747,-0.5883080434069967
ZFP36L2,0.6235174104328145,0.6706409342148234,0.13194224553656395
THADA,-0.2554019812288643,0.3507637222832614,0.2939084645416515
DYNC2LI1,-0.28426620113259565,-0.38241154383569764,-0.24168017690956492
LRPPRC,-0.5911261941602781,-0.5031092262503769,-0.27005159731868744
PPM1B,-0.4449964314153973,-0.591992879929574,-0.4744343845877453
PREPL,-0.4099346667437268,-0.36778104822507984,-0.315853752358624
CAMKMT,0.9300210359913484,0.5007290676051959,0.5352872595736642
SRBD1,0.27677129374955095,0.133741110497649,0.32844514342030345
PRKCE,0.6447904070925752,0.6628955872781326,0.6090736365709652
EPAS1,0.761332872584152,0.7545562008575857,2.258005902415924
ATP6V1E2,0.3424168456654399,0.04273279502247356,0.32823345086484673
RHOQ,0.13098984310954614,0.18079979994585574,0.30881221780089513
RHOQ-AS1,-0.7036866694059469,-0.8314986891380087,-0.3250075444164295
PIGF,-0.7274165174935767,-1.1411441929043171,-0.5848336528875357
CRIPT,-0.5228196272025941,-0.8310218103595731,-0.5003936934214827
LINC01118,0.8649631194412848,1.1473597328673897,0.3257366261415733
SOCS5,-0.20236954116281325,-0.6534822204113802,-0.3834733917773257
MCFD2,-0.41864833911240856,-0.6256292163333868,-0.49450478746134513
TTC7A,-0.14254175079199885,-0.26912303278293953,-0.15580129422362532
CALM2,0.5108374246023075,0.10209970024299161,-0.15901692151429356
EPCAM-DT,0.3626752985501547,-0.4759171498286854,0.5731353474910463
EPCAM,0.5748376301772957,1.1435713916384067,0.14027061582904568
MSH2,-0.10729868731318254,0.08392146791309678,-0.06650074849370927
MSH6,0.4320526746549404,0.1321634444624955,0.6055918659504229
FBXO11,0.0023237564537304557,-0.037189504963755844,-0.3799306251500382
ENSG00000230773,0.9014757377419045,1.2966719741027255,1.4985221251485292
FOXN2,0.3463049414609536,0.24690147228911036,0.3783984665659332
PPP1R21,0.30800576350902636,-0.19420410776302793,-0.4998895980786173
STON1,0.0285137400975656,0.11374475397629169,0.26215734259504236
FSHR,0.8204974239024772,2.1368826177317075,1.350908022649282
NRXN1,1.926476803017163,2.2995008171302516,1.9857483367477684
ENSG00000228033,2.2803178510483413,3.033844303387113,2.6134508080958305
ASB3,-0.38937415693779803,-0.08449568776942938,-0.08207484843636335
CHAC2,-0.01610139211659955,-0.42136141357037366,-0.03824729048420037
ERLEC1,-0.46445350208683317,-0.34302785931258484,-0.0844566830587788
PSME4,-0.7018003604720633,-0.2332251455371086,-0.349144746976446
ACYP2,0.37366325264344985,0.25921405363445876,0.3561033040857779
SPTBN1,-0.43169587104506846,-0.5417263189564777,0.001185515403623261
SPTBN1-AS1,-0.20898050374716703,-1.1939109975807156,-0.5504863832394628
EML6,1.149679864540623,1.2008098285126358,1.4098024197432402
RTN4,-0.15966959916009318,-0.0164467058142605,-0.08664146092031542
CLHC1,-0.4261272042610749,0.22924041672940382,0.31245024036829605
RPS27A,-0.34168111745788643,-0.20546087314138187,-0.12371355846463851
MTIF2,-0.43960340524681035,-0.0011226957392409117,-1.0029558128536706
ENSG00000240401,-0.033546509135220545,-0.4301284011075098,-0.02036281228885168
CCDC88A,-0.07945675334685022,0.01415985016051381,-0.07540187481770746
CFAP36,-0.27370365644567235,-0.31796763506617504,-0.5026007951758481
PPP4R3B,-0.5824731053828494,-0.4752960325014151,-0.901400970366371
PNPT1,-0.7752464273646886,-0.38251072078776355,-0.3303947607378213
CCDC85A,2.3390346734045906,2.3428893670865563,2.8373574777032395
ENSG00000285755,0.7596458219825982,1.5230377984769383,0.7586367585251743
VRK2,0.06499438735203718,0.09118434057375423,0.5598431026897009
ENSG00000287875,-0.9140556305363389,-0.0407642001038617,0.37858816409840296
FANCL,-0.46492588499577175,-0.19440308293297906,0.022193607137872107
LINC01122,1.0921490925039805,1.6001909613619603,1.377782380949924
BCL11A,0.8423664349921083,0.9357653535706518,0.5642797243027822
PAPOLG,-0.2557593644614613,-0.24853358939922293,-0.5847907372205619
REL,-0.5592217727292415,-0.12948581624776162,-0.30216238575049914
PUS10,0.22356097951793785,0.1177281912799728,0.25339134906881006
PEX13,-1.4243380454982955,-0.4604009569093251,-0.19030836570504656
SANBR,0.19981095685839628,0.1997388874731207,0.09268899380483472
C2orf74-DT,0.06096928269187883,-0.5678945903731324,0.006742359284036377
C2orf74,-0.08517695306403537,-0.3893260845805529,0.266878895610649
USP34,-0.7298556194657948,-0.48996860514563784,-0.7320179832488911
USP34-DT,-0.942833654465847,-0.41661160603150543,-0.45455001559878033
XPO1,-0.0727809228237426,-0.5745409922866926,-0.22716079395327435
FAM161A,0.17699344163674263,0.004279535040538482,0.02313400412667117
CCT4,-0.33268335600800825,-0.4231535606808556,-0.48505974363646237
COMMD1,-0.47728096664664216,-0.3873794372515605,-0.2919762432283015
ENSG00000229839,-0.1805690957074155,0.9679472955884129,-0.822764243748555
B3GNT2,1.026425939608579,0.6013052943631365,0.5288012812415132
TMEM17,-0.43887616015774356,-0.14934236715496854,-0.3560775453037621
EHBP1,0.017095343535004196,0.044582404121161476,0.25543624371551127
EHBP1-AS1,-0.5941621386710169,-0.3706658969430237,-0.5021020355436897
WDPCP,0.7030909358679232,0.8605944367818631,0.9617015695088114
MDH1,0.0547797958997477,0.022206526559795586,-0.3031750252956548
UGP2,0.28018201852917807,0.3114494230751177,0.07944242491450378
VPS54,0.02145427050431436,-0.15496112729274,-0.09784565738226547
PELI1,1.295595735369556,0.952861934156001,-0.049176479756962314
LGALSL,-0.10457074057466183,-0.3226068196267385,0.1202083988392246
AFTPH,0.029531563395963214,-0.13026516175782993,-0.18337431129693377
SERTAD2,0.1470433587288405,0.5036106551280177,-0.19903114264429075
LINC02245,0.7244125944845514,0.13427950113837633,0.09698124281686656
SLC1A4,0.6137896491917374,0.58436001872942,0.5923802357732626
CEP68,-0.5163672773639014,-0.29372765321602756,-0.24701405715731184
RAB1A,-0.886965030038585,-0.7776737100798314,-0.8742971974282447
ACTR2,-0.46512375711969506,-0.7278434860407188,-0.29362065859628933
SPRED2,1.168413987727586,0.924363927247235,0.750173511872152
LINC02934,0.8216898791240723,1.8793802431226219,1.1735659314500175
MEIS1,0.3682243383640938,0.6200964679064889,0.532960487749687
LINC01798,1.1151517579795645,1.1492170349436925,0.714687068480721
LINC01828,2.082555120088326,1.8847418389332198,1.9281572624583738
LINC01829,1.2859115224416016,0.6340456399146177,0.5523395761253624
ETAA1,0.006487181325240907,-0.10310415335228745,-0.5409964232293625
C1D,-0.8901991280764038,-0.6760125167266365,-1.1205653787998564
DNAAF10,-0.21922570557725155,-0.3411349523520144,0.26272885672325685
PNO1,-0.4872126144323197,0.08608833254801243,-0.32330845173970607
PPP3R1,-0.3472829235114397,-0.13413232158738356,-0.24730906324410998
ENSG00000289156,1.2521718289951451,0.8182539076100106,0.24524987938056597
CNRIP1,0.06636190506703704,-0.08455713656340791,0.07688178155386181
FBXO48,-0.21173741770501658,0.05286047308251445,0.23946832692221773
APLF,0.5187468869597147,0.6301528817520072,0.5650063529653622
ARHGAP25,0.7319810581415709,1.2857469731812046,1.2082466084696613
BMP10,1.6351995077839838,1.193689884948327,1.1424484976124596
ANTXR1,0.6708697478880801,0.1468754483104853,0.2403583881642888
GFPT1,-0.3449028912260487,-0.3316692225005972,-0.1556390306560332
NFU1,-0.1769615050707642,-0.2247860328286748,-0.7501964290857472
AAK1,0.4914407068997874,0.40812650760151575,0.5579077326293529
ANXA4,0.5829728097661224,0.47641076784534064,0.700795444475979
SMANTIS,1.6208461602662396,1.3773231301706232,-0.369677918782454
GMCL1,0.1546396597874776,-0.07500019954673574,-0.23646718207883305
SNRNP27,-0.7326323670021786,-0.3057550133454185,-0.4847784287156856
MXD1,-0.2716608898468848,-0.049390311501078116,0.049967673742969496
PCBP1-AS1,0.5543220166504987,-0.32376852365864295,0.26468893304894076
PCBP1,-0.6762542170369272,-0.6039550123309674,-0.47417920718441303
C2orf42,-0.26129112806687615,-0.1211777669957712,-0.12775840106129263
TIA1,-0.9667857372618407,-1.0647858133420698,-1.7666747682087376
PCYOX1,-0.2569632922390071,-0.3524264217772241,-0.2707633465478807
SNRPG,-0.023538495725855264,-0.310972952166626,-0.32159811206499705
FAM136A,-0.6067023084377468,-0.3704542640132403,-0.6580400640496967
ADD2,0.8776450535571635,0.5874844116272513,0.5023819616844953
TEX261,-0.3308837696013178,-0.451894836250748,-0.43675111184214543
NAGK,-0.20409992959321244,-0.3424610181572341,0.2062173312036108
MCEE,-0.06005780908094136,0.0044685006203550376,-0.5045141656724751
MPHOSPH10,-0.3107062488193009,-0.5928413673402311,-0.42573516106571674
PAIP2B,-0.03979762455061928,-0.25467643932709544,-0.09977978332494436
ZNF638,-0.8851116657956374,-0.8472198387238877,-0.6867906781253978
ENSG00000289463,-0.25165720346107534,-0.31152893998667613,-0.4459061008244944
DYSF,0.49801776969540507,0.646741255553561,0.7269225589133869
EXOC6B,-0.06427850527730779,0.4681439022340772,0.4332706579325852
SPR,-0.03165511942538399,-0.78177049515795,0.6643371244446961
SFXN5,0.11790331663329207,0.31408911402502687,0.2687941999001993
SMYD5,-0.7827325453034996,-1.0061641834294868,-0.3937612360721942
PRADC1,-0.11118018098096276,-0.38736893788315285,-0.19546610119896712
CCT7,-0.6497538338496547,-0.5761865731683997,-0.5983338634312823
FBXO41,-0.19689730679149162,-0.6105561331811025,-0.7575962999021151
ALMS1,-0.08121054947434908,-0.18740120586221923,-0.3711626127754037
ALMS1P1,0.3464505681872865,0.3482890378855466,-0.07406524807965197
TPRKB,-0.5383323098694213,-0.16279176615463692,-0.7306412612388087
DUSP11,-0.2675726396871489,-0.6431122112582236,-0.07722334888630306
STAMBP,-0.8156291065364272,-0.6060783426648263,-0.8604508331618348
DGUOK,-0.4899135053609349,-0.4766827550027345,-0.46941194219165183
TET3,0.06143601547935169,-0.17793833319392152,-0.10509355381469025
BOLA3,0.16737209001266257,-0.10019443537052194,-0.014820171265899565
BOLA3-DT,0.020673549357507388,0.06886078586003924,-0.661709122037891
MOB1A,-1.405958189525979,-0.4672618614814787,-0.7005940329168752
MTHFD2,0.23097233878239015,1.7255810820296915,1.239093586245538
SLC4A5,0.26748416266143954,0.32150881281307164,0.4387687122106314
DCTN1,-0.3409240159168689,-0.3497739272011274,-0.2763441158318897
C2orf81,0.2659393352786595,-0.0300348686412129,-0.4546699538054604
WDR54,-0.3493582885298352,0.022900290290252204,-0.23009989472822664
RTKN,-0.4047391816825118,-0.7665948524496465,-0.7392771538731395
INO80B,-0.5720249068674974,-0.6620010992531141,-0.22181785149129854
WBP1,-0.6847144841038785,-0.9462950977356038,-0.9388723015658442
MOGS,-0.759525137004541,-0.1660923823116001,-0.8441960499943022
CCDC142,-0.3248962297050219,-0.6791988450062513,-0.719905282082415
TTC31,-1.1197257518533483,-0.3800418389598619,-0.34838298960823977
PCGF1,-0.5184337108751721,0.0807036368547393,-0.2242818441647287
AUP1,-0.9091165123259835,-0.4123714995517709,-0.716049800181537
HTRA2,-0.888550920021558,-0.808028037470141,-0.7955038940854742
LOXL3,0.4984930280141846,-0.6889267769702911,0.07075481233895428
DOK1,-0.897454561565393,-1.385693142612471,-0.5099777151199375
SEMA4F,-0.6125373928090808,-0.13940190383507559,-0.5300900901836343
ENSG00000286739,0.7025232713693654,1.0059512927156646,0.7445881122219582
HK2,0.44185284123623,0.5345120724350814,0.7789314684252667
POLE4,0.09939685305192113,-0.3113151634837407,0.191397315849521
ENSG00000270571,0.49637472331883714,0.9465381667891819,1.2513814054641195
MRPL19,-0.2013072373878373,-0.41217031380162433,-0.850516061165969
GCFC2,0.8790700596879653,0.029348791258019712,-0.11013180854255114
LRRTM4,2.4215510518846752,2.060189374932021,2.971014665094245
CTNNA2,3.9336120194324415,3.457902580428801,3.205326262466336
SUCLG1,-0.6831466910091243,-0.4426955300140065,-0.8413153900780728
DNAH6,1.108308704937965,0.6374475774397084,1.1545023660235252
TMSB10,0.5580040806401882,0.7241953852153884,0.5392979240995855
KCMF1,-0.2200354043786561,-0.16986942850435224,-0.810321298831095
TCF7L1,0.5490584302474062,0.5326335341279423,0.6058658776084016
TGOLN2,-0.3714292820767647,-0.365620957476068,-0.16851008538739268
RETSAT,-0.17195868326843922,-1.086302995301331,-1.1928980789482182
ELMOD3,-0.4812416602353054,-0.35852273523820344,-0.327184478826478
PARTICL,0.374196117258883,-0.5080769058006281,-0.6327282257685704
MAT2A,-0.786201589654322,-0.46540558116200254,-0.8120448364573996
GGCX,-0.3679650249789504,-0.5710334050064142,-0.5323806686579111
VAMP8,0.26943502692843774,0.4281600113411841,0.5163692630393406
RNF181,-0.41019140681651933,-0.8771909575720471,-0.9535957758070772
TMEM150A,0.06616268499087859,-0.5059946641607205,-0.22100012670279762
USP39,-0.9419113895212483,-0.9792969634075206,-0.3554702418323288
C2orf68,-1.1339795212993344,-0.41912363837601074,-0.603256061143597
ST3GAL5,-0.29838162645724603,0.6514634956012131,0.3146396756520354
POLR1A,-0.10902902826713043,-0.3422444975707819,-0.6682060453947507
PTCD3,-0.5172273287065678,-0.6638611602078086,-0.620016803197533
IMMT,-0.028332308031565407,-0.3275311134582388,-0.4483589516812571
ENSG00000273080,-0.19425997043027365,0.11891381254757502,-0.22145161726495743
MRPL35,-0.4259576964186138,0.03148360992744152,-0.43210684089523715
REEP1,0.03792283139270587,0.01680260836424089,-0.09116684940200767
KDM3A,0.18085482082737409,-0.010154499254664277,0.4889919912847027
CHMP3,-0.42613497329386624,-0.5169047061360175,-0.3412098159769635
RNF103,-0.34359118443802933,-0.5014405748961545,-0.0659385845998273
RMND5A,-0.565387871160258,-0.5518242081831239,-0.665897439423194
ENSG00000287763,-0.9583747190055796,-0.2232975999163998,-0.7103160570895746
KRCC1,-0.6251096834545181,-0.13460732340463719,-0.3671388951983943
SMYD1,-0.15869732863559705,0.184818073170085,0.059952414261530945
EIF2AK3,0.42172344813694457,0.5377224697634766,0.34193953075098094
RPIA,-0.528587775519938,-0.7321727639515494,-0.21779140847402095
LSP1P5.1,-0.3909278063610841,-0.39293180976149245,-0.5073232550384787
ENSG00000291142,-0.22153334540613306,-0.554641724555001,-0.5718617965012314
MRPS5,-1.0749213255979804,-0.7120068215221309,-0.9026210498778795
ZNF514,-0.40325528523341697,-0.6317601136281256,-0.19939458786895164
ZNF2,-0.46296417895151265,-0.3702854933109912,-0.2697709294243041
ZNF892,0.1490006899278775,-0.10325709446313881,0.27024077780503225
FAHD2A,-0.3471895296660214,-0.5567656681168778,-0.9751162686653778
LINC00342,0.164275890203001,0.07111085097811919,0.26336594226755855
ANKRD36C,0.38698763050063434,-0.16835220241413038,0.17719891031773474
ENSG00000291176,-1.0823957881604507,-0.2901804611036738,-0.433319368009986
ADRA2B,-0.04219761721009263,-0.8826046260383187,0.32097852697354773
STARD7,-0.5957739726276506,-1.370210901730367,-0.5695084108851773
STARD7-AS1,-0.4152876541380871,0.1938348835194966,0.19539674594502193
TMEM127,-0.5234709952950746,-0.5951257378192664,-0.613945286894694
CIAO1,-0.6761337234958802,-0.5927208820848655,-0.5688718869560107
SNRNP200,-0.5221350741835772,-0.5044969714907239,-0.5105096451355777
NCAPH,1.912370178932779,1.873977722695134,1.370122018388063
KANSL3,-1.2543834743752846,-0.4322415012581153,-0.5097145965929463
FER1L5,-0.4927844718775844,0.12549441246478915,-0.757688492182055
LMAN2L,0.047623809135252756,-0.3157096780600597,0.02517474809791771
CNNM4,-0.010560981037230004,0.08106549980440285,0.05213639371168448
ENSG00000289135,-0.6210859797874592,-0.4396283056606655,-0.04653057619647425
CNNM3,-0.5148437277761176,-1.1059761029966566,-0.01045415345131323
ANKRD23,-0.9712456260725304,-0.12793262629171664,-0.271044797139684
ANKRD39,-0.8215303229759066,-0.6360319936331039,-0.3887720163962563
SEMA4C,-0.2127459126318314,-0.6550672217471813,-0.8991899186392729
FAHD2B,-0.21799239285268962,-0.6893937912502679,-0.530688297755539
ANKRD36,0.17232900703595172,0.1384199132751967,0.6907855114571397
ENSG00000277701,-0.021807828480877554,-0.4872097458831668,-0.09726020834376567
APPAT,0.21016002684046242,-0.17727503716675483,0.28211055808579377
ANKRD36B,-0.16410583849452462,-0.10595005432907102,0.7315192491052649
COX5B,-0.195495646353752,-0.3334327586193062,-0.5870739613560438
ACTR1B,-1.1394245515179975,-0.7682919078435653,-0.3672332905413925
C2orf92,0.2400613774028421,0.22788002401196647,-0.010044793400876304
TMEM131,-0.3256499378570262,-0.6727868310045401,-0.4652391604519152
INPP4A,-0.2600601423243205,-0.06499509876379866,0.2668394117340754
COA5,-0.5245432367261388,-0.5860224591651573,-0.4103302483373845
UNC50,-0.4478855194468708,-1.4664825604925653,-2.410193606248807
MGAT4A,0.10111014531583597,0.42933944108805727,0.13053139613374762
TSGA10,0.8576262247564479,0.612033843754066,0.028749402287537803
C2orf15,0.2019791272742957,-0.20466589027871857,0.1255360629878588
LIPT1,-0.5832098871974053,-0.26435870208280215,-0.5039835346006535
MITD1,-0.4949211199901847,-0.39803974995939845,0.017847880955120052
MRPL30,-0.40205970870787056,-0.3660076266275602,-0.5962742238628743
LYG1,0.30239439273014307,-0.3296268526078592,-0.035067878434848154
TXNDC9,-0.44984070029136447,-0.656593342897466,-0.2975826878156944
EIF5B,-0.4934945885229637,-0.6170293395511877,-0.38232724903913967
REV1,-0.7196176249222149,-0.4002362582028312,-0.33553630107325816
AFF3,0.7856772724848148,1.1568683769267984,1.0456363282414287
CHST10,-0.5887146336788761,-1.2916400581283156,-0.4309394908376269
PDCL3,-0.25950096090516084,-0.5201486122217744,-0.4550889624912031
RPL31,-0.41885486906372543,-0.09680824880651077,-0.19095977843151063
TBC1D8,0.14932214709711278,0.225505567629309,-0.022801372482707215
TBC1D8-AS1,-0.6796362952883969,-0.4394188680087723,0.28850799828130386
CNOT11,-0.5205520393155433,-0.5623559839122017,-0.9016680605983787
RNF149,-0.08189213449444206,-0.3211351888161609,-0.3258323371823409
MAP4K4,-0.792490982694332,-0.5783935079760631,-0.37347379684772625
MFSD9,-0.22231288043059652,0.1724275305495339,-0.32114853808817406
TMEM182,0.3469967290615052,0.6871488153217875,0.2888616837902624
MRPS9,-0.7775460088830144,-0.6226058407465125,-0.10568236246488641
TGFBRAP1,-0.30250028755039793,-0.5566479264234161,-0.42365207812319383
C2orf49-DT,-0.4038875060802454,-0.356132297169335,0.23655659449901373
C2orf49,-0.5364854472847186,-0.8764680717195718,-0.7403464958165848
FHL2,1.1687168933494227,1.4060987876554165,1.7028201138387118
NCK2,-0.6040034751389278,-0.0740533818282074,-0.538253897871062
UXS1,0.15900743195537362,0.4445007415143429,-0.07948011635668455
ST6GAL2,0.6548893442092094,0.7324689200374159,0.7075168559065297
SULT1C4,-0.01586543266533267,-0.13947438178132288,0.31030688416229774
GCC2,-0.3335717233192242,-0.6695199617958137,-0.31377483124887107
GCC2-AS1,0.6316967709338783,0.32082949841922215,0.23369637645756217
LIMS1,0.51762747422395,0.24893927200251292,1.0744164917804895
RANBP2,-0.24152862753376067,-0.5380027695855639,-0.5546904291111936
CCDC138,0.5355379744991176,0.4561633245515111,0.41738711591747085
SH3RF3,1.8623010848741615,1.5521455867097416,1.0414945933813726
SEPTIN10,-0.5849383863043727,-0.30258772566844166,-0.10313059974310333
SOWAHC,-0.18795660219031168,-0.5489774030242494,-0.017098877167704522
ENSG00000282033,-0.5650793199867367,-0.5229416637250673,-0.6360288564051827
NPHP1,0.15976597400588236,0.2353996980085888,0.4714266021112117
MTLN,0.08746489234593109,-0.5274332805110191,-0.32985624093497995
RGPD6,-0.20096927480242144,0.3292854017515267,-0.3898324483741149
BUB1,2.67686813242711,2.7188647032334288,2.6005780291355762
ACOXL,2.021642224806616,1.7313883831981798,1.546885175387665
MIR4435-2HG,0.5876921610438224,0.6633795050188844,1.4046763826748325
BCL2L11,0.46021712815220545,-0.13212203833738906,0.1948018827197586
ANAPC1,-0.775155906504331,-0.9996722828842337,-0.3202578835516015
MERTK,0.8120924257741072,0.5233220626857573,0.09455496080961359
TMEM87B,0.4828240472510608,0.08101507580069624,0.10326072216978945
ZC3H8,0.04930869920699616,-0.28104263351233877,-0.9581991798759971
ZC3H6,0.3724211382555041,0.1287121409222394,0.16581379473689495
TTL,-0.09763755113475978,0.15570171517451206,-0.008022257741913542
POLR1B,0.18180887544821536,-0.68727323273459,-0.2616607569709934
CHCHD5,-0.7150377598353934,-0.7755572646686382,-0.8849721608164174
SLC20A1,-0.16046043227820664,0.30574693688805255,-0.10853353542896119
CKAP2L,2.4264916749401095,2.012146368600444,2.299539286830651
ZNG1B,-0.3637087485686798,-0.44161728213924084,-0.5777146461873813
WASH2P,-0.8285068653659807,-0.9037428742174001,-0.21973937565243776
RABL2A,-0.30087218037203206,-0.5130556558078608,-0.9761673683208727
SLC35F5,-0.15036408524895611,-0.39028381870314277,-0.3940619087894924
ACTR3-AS1,0.7348081527094622,0.18356287695579357,-0.3520235708138166
ENSG00000270019,-0.7776085035167597,-0.35005163462400896,-1.1656703364567633
ACTR3,-0.18206078964337638,-0.43957087364654523,-0.5643125626960775
DPP10,1.566672185987258,1.813390622692129,1.4865130293628361
DDX18,-0.3483158583113272,-0.7653411841714401,-0.8686635680554531
ENSG00000236255,-0.1660690397863362,-1.0538521306455202,-0.21074083650009717
CCDC93,-0.25292049186852944,-0.5177360379226245,-0.33590195595944644
INSIG2,0.23739809379785717,-0.5669904385526402,0.2271164955342648
C2orf76,0.25658777028466057,0.111529937664347,0.37923551587728355
DBI,0.1465852320982534,0.13153186320867505,0.3950590026346425
CFAP221,0.3433077844323051,0.8115392446607892,0.42972198503946046
TMEM177,-0.9250377475256145,-0.4094393161494452,-0.25586745130405575
PTPN4,-0.2604469785050832,-0.17885588275435185,-0.2656368114476564
EPB41L5,0.17338875831581654,-0.08473786232226749,-0.11204503257577521
TMEM185B,-0.6444236031402469,-0.5233163257048723,-0.6657786502756764
RALB,-0.01906707200322439,-0.2047284485292984,-0.47261102121687054
GLI2,0.7346609010070431,0.7856890601109967,0.546181529233678
CLASP1,-0.4212893163165106,-0.43688071486180385,-0.08646173387765543
NIFK-AS1,0.42338215058408574,0.4980862338327867,0.3569482520196985
NIFK,-0.10681772524639402,0.057478137098709005,-0.21382266583142245
TSN,-0.8194260868635901,-0.9632354110912544,-0.30606218228228244
GYPC,0.7696049635017204,1.1575320774174713,1.0192792496025191
BIN1,0.16964528689374342,-0.10503132164514636,0.2740403047122619
CYP27C1,0.1443094076290308,0.270905351429004,-0.5403411902197633
ERCC3,-0.7779159726601074,-0.15242471308269856,-0.6647693998124105
ENSG00000286145,-0.4982481045241229,-0.8128206733300694,-1.4618579868441195
MAP3K2,-0.42991606600778814,-0.4812007500416265,-0.3812661824250227
MAP3K2-DT,-0.43293941468112956,-0.9875677882022309,-0.2950358451416797
IWS1,-0.4316768962332134,-0.2842720486086919,-0.5829063804417488
LIMS2,-0.14926230729858508,0.09587431029959609,-0.16627911672069834
WDR33,-1.2116806034821153,-0.4164220974091749,-0.9722091465697495
SFT2D3,-0.6613461991483263,-0.8805762548619711,-0.47051670312787414
POLR2D,-0.6455658344985872,-0.5302216646707264,0.03724797443349811
AMMECR1L,-0.26772877392345146,-0.5552539699916323,-0.06740841448842265
ENSG00000272667,-0.14094012641981732,-0.5915304383970935,-1.2272281527099196
SAP130,-0.18102754624072043,-0.34266021696129195,-0.3400346314191011
UGGT1,-0.15790574917887676,-0.18960481104822696,-0.21706275524809013
HS6ST1,-0.02478078813158294,0.2269516457071816,-0.104147441803331
LINC02572,0.3749356507751322,0.23298760162707308,0.6116301416400702
CCDC74B,-0.3328845830209665,-0.49920264848893575,-0.4959248045456128
SMPD4,-0.7776766517094948,-0.14550672283380453,-0.5424383697322277
MZT2B,-0.5354611488783371,-0.5232518863862339,-0.37624089034801145
CCDC115,-0.3356298882993904,-0.08273598165759564,-0.5309814567109042
IMP4,-0.3683527760439312,-0.6801483969869153,-0.8669502208945588
PTPN18,-0.09131134219629548,0.06373133826420835,-0.7364170815215125
ENSG00000290596,-0.7430342217344155,0.4291818919584535,-0.030967667510225252
CFC1,0.1569163734087127,0.427672671556806,0.4117724263301063
FAM168B,-0.882767506707868,-0.4792951658005861,-0.9910439294380389
PLEKHB2,-0.567581889594777,-1.0161711912860625,-0.31107221330203677
MZT2A,-0.08679157748646557,-0.7527801704979673,-0.3276974067041358
C2orf27A,0.4575390055305348,0.38179979134527986,0.2991531779388694
ENSG00000272769,-0.6211618855061829,0.04851020802041725,0.8058501284913326
GPR39,1.5769394433980644,1.8603455583037878,1.4081058877400672
NCKAP5,1.967562741585379,1.8243199954658955,1.3734950249098432
MGAT5,0.8247277676474419,0.5673856723349785,0.5085477383392636
TMEM163,1.2767533300948806,1.5962073178688136,1.0963575009072066
CCNT2-AS1,0.8487887385494054,1.0504073500436704,0.8557411329662656
CCNT2,-0.7721305415958177,-1.0629318647903716,-0.9386387197853736
RAB3GAP1,-0.4632482048315829,-0.2699290447475419,-0.23368203071251512
ZRANB3,0.6645824061315189,0.40251439679492407,0.7764400499331003
R3HDM1,-0.2816625857864245,-0.3246889899869458,0.027656258563659643
UBXN4,-0.748855862041637,-0.6093861724560447,-0.4141395926906064
MCM6,1.2759738815893122,1.3402259563973047,1.4345820450398392
DARS1,-0.30233838821430226,-0.41798655991148703,-0.29688115136322324
DARS1-AS1,0.06840395750218774,-0.5075386949607575,-0.20289876968687537
HNMT,0.9688940870730818,0.08412226519178756,0.5871229440353396
SPOPL-DT,1.012441853609399,0.8692983954470677,0.9265644931335224
SPOPL,-0.017445456580798463,-0.014422799031649444,0.17452231291020226
NXPH2,1.3233600450637155,1.680917749158123,1.8680520066820208
LRP1B,3.4793856009825905,3.373338010685984,3.2405857083402445
GTDC1,0.893812510573369,0.7541609811688375,0.923544305044807
ZEB2,1.6657711255563967,0.7776174427574426,0.6867371222759607
TEX41,3.3821785098101067,2.936913520623367,2.5774589263667345
ACVR2A,0.17354115277097654,0.19452619171627455,0.4378173466002621
ORC4,-0.5663147976177854,-0.8475029207589344,-0.5833497043476504
MBD5,0.1555065826993421,-0.19573437088427434,0.024575220787046055
EPC2,-0.47167741885888154,-0.6315520795475785,-0.6469745017123892
KIF5C,1.910967904753548,1.697031592349635,1.17396510457111
ENSG00000289474,0.15988577879871718,0.6742823618750702,0.079971537201402
LYPD6B,2.2287464905114014,2.2849608683175013,1.20899736138837
LYPD6,1.7963929380104062,1.8166556585558844,1.0272770179400617
MMADHC,-0.7843461028741103,-0.8470510278458826,-1.026050707235644
MMADHC-DT,1.5527413012083535,1.7225059243344276,1.5036902141482251
RND3,0.6690861286342908,1.946462387064578,1.7206505672275618
RIF1,-0.21130386447380545,-0.11748913381346067,-0.24950203074230617
NEB,1.124786098527494,2.30508782288506,2.1605146174336944
ARL5A,-0.5207338901824166,-0.9577152586073225,-0.7591687196749142
CACNB4,1.93350161011411,1.5948493820605307,1.0384634191226496
STAM2,-0.04127825188928821,-0.22774976398700983,-0.17902521389875764
FMNL2,0.9438461992110057,0.9817278859564631,0.448851219905638
PRPF40A,-0.6340387607432129,-1.0159040936338677,-0.25844935488809284
ARL6IP6,0.23462167634887626,-0.5128081596982915,-0.27289166252635155
GALNT13,1.9340140801591517,1.8421024768552172,1.5151093622655232
KCNJ3,1.3686680907730846,2.706023735243555,2.455196984845294
LINC01876,2.006062970420686,1.6698015026457753,0.8743963138381899
GPD2,0.8635310895670721,1.091045226904857,0.8487680713636436
GALNT5,-0.35658145352537585,0.7080060320612986,0.5627992417555987
ACVR1,0.8992277686689079,0.33253307098766877,0.27046313342657774
CCDC148,1.1983120424669593,1.16739802784112,1.5007847031706625
PKP4,0.6788177275060718,0.31743778698463393,0.2993711515186561
DAPL1,-0.7208176815687324,-0.8324577364661572,-0.4264437135666021
TANC1,0.23185433497254226,0.49832178454082054,0.5751830494557204
WDSUB1,-0.579168539168105,-0.5644010265798124,-0.07573313135454642
BAZ2B,0.11633311093543945,0.0012687778589038836,0.19456773245334694
BAZ2B-AS1,-0.6279755089407182,-0.49397871461466647,-0.43468935225565275
ENSG00000226266,0.7273142077561126,0.8651772249366267,0.10647913042793171
MARCHF7,-0.8979336374062862,-0.38688411346182144,-1.1018297055699264
CD302,0.3685520764636045,-0.11020060969100595,0.48258301455100394
RBMS1,-0.09879022258406774,-0.012628264897692545,0.31623885022689535
TANK,-0.46875719308854624,-0.16220820515167486,-0.48634234756351097
PSMD14,-0.4302429308240789,-0.1365873224530212,-0.08481711879188578
GCA,-0.12632320061916855,-0.15011030607201903,-0.22392777420538576
KCNH7,0.7315988587007441,1.5303803621459338,0.7971486565156417
KCNH7-AS1,0.6901235223042512,0.9133356250750175,0.4272815107931222
FIGN,-0.03544803816071254,0.14635940785386825,0.34144611975470335
GRB14,0.6154689092548296,0.5939660323650565,0.25075548365002837
COBLL1,1.881325193294355,1.2730565378328045,2.379594500608391
ENSG00000236283,0.4991182544806137,1.9329311841156773,1.2922625411542867
CSRNP3,0.6493270523826489,0.571890135799265,0.3526200157914446
TTC21B,-0.2721761643607721,-0.035514571084096516,0.017715121415349713
SCN9A,1.1785178448176588,1.066856471149542,2.393665680092216
SCN7A,1.750385563213296,1.6176255570905198,1.3685998794874443
B3GALT1,2.324496200831124,1.958882356780201,1.6213028473839302
STK39,0.3637349822220663,0.6500555823827447,0.14490235427119563
CERS6,-0.31951522640517643,0.2828070828780725,-0.014766140600624268
SPC25,2.416638639763871,2.6456969889828486,2.474040561848671
ABCB11,1.906648903552501,1.4140771379746084,1.2995739722163542
LRP2,2.5780396014390803,2.6154601302834806,1.2693769900316312
BBS5,0.030796795896176125,-0.42410809665346244,-0.4059731663137071
KLHL41,1.0175237524822016,1.0426307605363476,1.1275376828888106
FASTKD1,-0.31061798530885193,-0.005820123637473543,0.07519054557448963
PPIG,-0.5113053282863511,-0.6588686646138912,-0.595657009063867
CFAP210,-0.16962626759727337,0.3980342336076,0.27525112762245035
PHOSPHO2,-0.3626514125894112,-0.2798558572043995,-0.6833152010353379
KLHL23,-0.4679212079741539,-0.4072441747911278,-0.5367957593154777
SSB,-0.5525248775076469,-0.44907868794231115,-0.5907492927267946
METTL5,-0.38860862668099466,-0.45808082044584,-0.20315605708989887
UBR3,-0.11949260222020897,-0.13771908226296148,-0.29406624044484536
ERICH2,-0.39467450452847436,-0.27985602121492187,0.1181078827012029
GORASP2,-0.6977130972156118,-0.3590122200496389,-0.37638509083710403
TLK1,-0.26297065658349794,-0.46653600166590076,-0.3299084664206901
METTL8,0.6337122447831369,0.27751741720992124,0.18771817584122993
DCAF17,0.005768351393477604,0.014121136744346693,0.031584695941234094
CYBRD1,0.3108428558718365,0.5247940606564362,-0.6900740448937271
DYNC1I2,-0.8600901824344973,-1.0317312989542557,-1.256110416207921
SLC25A12,-0.5606617379843222,-0.5718631275497438,-0.2649914002029626
HAT1,-0.09492970149258181,0.17838170840764175,-0.05392490069782601
METAP1D,-0.0017469922061650802,0.2444077740967892,0.10816123028110877
ITGA6,1.4693800323708324,0.1946545465995086,1.4755920395772293
PDK1-AS1,0.5948453212475542,0.7325780660569379,0.8197327526885515
PDK1,0.32103311989335376,-0.16762036771991623,-0.5816211077904967
RAPGEF4,1.2309771835930654,0.9846684377837498,0.6278181001585921
MAP3K20,0.28863050519631983,-0.11892657686523833,0.09483211394342564
MAP3K20-AS1,-0.720302587979031,-0.3206496388744782,-0.2634239346994356
CDCA7,0.42032465827317367,0.6277882456001436,1.3989376571388021
SP3,-0.15075803837451934,-0.5191267763248923,-0.44588251680305296
OLA1,-0.67478511171171,-0.5504249863549583,-0.8642167544775461
CIR1,-0.6252117290718396,-0.5092351174184309,-0.2766520909071595
SCRN3,0.19096941133865994,-0.0014579763897871066,-0.20712608427272625
GPR155,0.5041493146388838,0.2253094457480565,0.8007603396404441
GPR155-DT,-0.6796205629717386,-0.8341925735902471,-0.9087943043206117
WIPF1,0.658341573139829,0.7124800453807866,1.177564802886092
CHN1,0.26076367674307127,0.4065878623977354,0.5159740583982605
ATF2,-0.7080095454924411,-0.8369439616244883,-0.5944948289142218
ATP5MC3,0.15827879020095645,-0.11179222821836982,-0.20917958925127605
ENSG00000289349,1.8198438884822679,2.5816355936773334,2.020058642223038
LNPK,0.3713968871101408,-0.09364958792550489,-0.03195143046922762
MTX2,-0.6287517253595959,-1.0748865576714053,-0.5515345574564599
HNRNPA3,-0.26279387355390327,-0.22309104575700897,-0.07835552391427564
NFE2L2,0.24278789625134678,-0.14097127268242457,0.4136878963217611
ENSG00000213963,0.11276724367056097,-0.4471470610190664,-0.10856914475848001
AGPS,-0.43977976790827705,-0.5463980855291588,-0.22240321640341779
TTC30B,-0.18732513335949005,-0.8148148673454259,-0.3025763741838254
TTC30A,-0.753644037861303,-0.7083061190634403,-0.37807839547609484
PDE11A,0.6363579439104114,0.4325730651273751,0.38513734951571976
RBM45,0.10559367749421603,0.13285971041121053,-0.07625446538330043
OSBPL6,0.513326451237571,1.2639382443601548,1.049901404840007
CHROMR,-0.7031359396023511,0.28808453476171186,-0.1872099915988947
PRKRA,-0.5440534034712634,-0.5102979465772037,-0.38979048893347107
PJVK,-0.7261821735201615,-0.02229086256287966,0.43393118250911655
FKBP7,-0.24990725311185352,-0.28559103925434215,0.031612767324372064
PLEKHA3,-0.874450258352784,-0.2742256020482437,-0.3745735451939574
TTN-AS1,-0.18002432000104207,-0.2717510080497512,-0.6037822234026109
TTN,-1.1354947652960785,-1.359322715049169,-0.7797333186682742
ENSG00000267784,-0.5418937343373003,-0.506696769085554,-0.21761119197472212
ENSG00000287149,-0.02119731165329598,-0.14637609671385476,0.808278353404468
CCDC141,0.005247078865267067,-0.09895731096967884,0.15257567551392273
SESTD1,0.38253781692063527,0.4991355854292721,0.4137041923598303
ZNF385B,2.474045396330002,3.394569106256217,2.9378081987893516
CWC22,-0.5750252958970634,-0.4927773329125778,-0.4319786355427838
UBE2E3,-0.41448885507897865,-0.9101556472953584,-0.48029749987285797
LINC01934,1.8384446454785497,1.339613132186507,0.5447898825332871
ITPRID2,-0.16337202036625698,-0.21294195021779316,-0.4959269525759495
PPP1R1C,1.5389444913828179,2.0370853150673263,0.9357412906016833
DNAJC10,-0.6517662102233039,-0.5871366367859744,-0.35129848105438904
FRZB,3.4403838570380643,1.9595909127491815,3.9834036862160573
NCKAP1,-0.9042330706674981,-0.6518406589749439,-0.46671557497067445
DUSP19,0.5689264537465881,-0.11200922512967888,0.19780522588318666
NUP35,-0.10008395791807344,-0.23450879374319203,-0.0756372278769817
ENSG00000272800,0.6159716152683785,0.31953140166778843,0.2415610952303169
ENSG00000287621,1.543788003546112,1.711213366106545,1.4785256115258782
ZNF804A,2.5484031361384467,3.1043811400967947,2.0813077631571844
ENSG00000286797,1.623341240940242,0.9493622031946636,0.5968046156074642
FSIP2-AS1,0.9813311801101285,1.2881490054890605,1.3695828432006287
FSIP2,1.6207257321094986,1.0307649915276258,0.5812864639787527
LINC01473,0.7312040235888908,0.567943592600777,0.5597263152208852
ZC3H15,-0.6070788951111936,-0.6522038084717323,-0.5254532267441726
ITGAV,1.2463268786648456,0.49907813907980625,0.6480044351991445
ENSG00000227227,0.418773935951723,-0.2049215868139101,-0.8290833871413882
FAM171B,0.010848295735332511,1.5911084889290663,0.09110357090822775
CALCRL,1.4533659570834985,1.18309843421628,1.1049921920891137
TFPI,2.2067264105194155,1.2123795849457828,2.0006617275895735
GULP1,1.2289903334700014,1.0822847160027322,1.1655615675414523
COL3A1,3.9043460645355843,4.0200592140679845,3.9153789076563648
COL5A2,1.7480416444325222,1.452690960064082,1.8391648854368228
WDR75,-0.30505960425273676,-0.9080831644303231,-0.4765549516743804
SLC40A1,1.5548357129852555,1.3269447874607465,3.6610920959591233
ASNSD1,-0.7917028082178277,-0.8025978080742747,-0.33700389190427765
ANKAR,0.9262426209723209,0.5460381365966603,0.6541365548921156
OSGEPL1,-0.30754065966112165,0.1937785247730587,-0.42306920165798795
ORMDL1,-0.6453804327598575,-0.8187174458200381,-1.0188392358301783
PMS1,-0.28031629931527036,-0.2717039518230209,-0.2030456506229399
C2orf88,0.049419736776798215,0.10010499362467232,-0.06298058855631444
HIBCH,0.0066743679012936175,-0.18531650834177432,-0.24733053218033169
INPP1,1.2495330785052268,0.413788839564333,0.648120399233985
NEMP2,0.5217955900478444,-0.2091502529490654,-1.4157266453091282
NEMP2-DT,0.7800286390723876,0.5290350763675065,0.586911379200636
ENSG00000284052,1.0771737482167403,0.7713120249092321,0.45026110655654966
NAB1,0.02047541185232039,0.39365405464094755,0.31048593800280955
GLS,0.2303932954322221,0.390047378923569,-0.03350128493694979
STAT1,-0.08911491687403128,-0.25568983324077627,-0.11011755854937988
STAT4,0.8183991205913371,1.1982865449412223,1.5021899938278516
MYO1B,1.8581063258388646,1.152198181923346,0.7620458147417573
NABP1,1.1450649058039097,0.1318331518360089,0.3755200635563085
SLC39A10,-0.4556077205042577,-0.20120457271632472,-0.3001962063298933
DNAH7,0.815130900297234,0.3050276906696218,0.8678489498968353
STK17B,1.0624545033573085,1.1333798826249364,0.8848175173292283
HECW2,0.6261676138180476,1.1360936347366213,1.161449403839427
CCDC150,1.3714612246622835,1.55505390559113,1.2341949114601505
GTF3C3,-0.7656966438463577,-0.42537523580003983,-1.1281023748838948
PGAP1,-0.3194446359985826,0.0005693024532255522,0.06189422540113294
ANKRD44,1.080850369779661,1.6150703255754308,1.1078362881263253
SF3B1,-0.6704915596371349,-0.75393276186567,-1.0425058878576685
COQ10B,0.06557150566732163,-0.3701964165476425,-0.31270875531644293
HSPD1,0.03342416240735701,-0.24470971431418673,0.09114591057584488
HSPE1,0.05404812114854349,-0.5704743762019576,-0.08387940888768247
MOB4,-1.3291276484733068,-0.8593364180829361,-0.678688783373257
RFTN2,0.9887477022328781,1.5374018374088543,0.22527145267013893
ENSG00000222017,1.7735861545528593,1.5591006329768184,1.2312011549446495
MARS2,-0.49899000343829764,-0.8578851914228275,-0.39113695388207864
PLCL1,2.1884590430328714,2.4057090218066897,2.3920809974595763
SATB2,1.076525352796299,1.404190204855599,0.4175289621589471
FTCDNL1,0.33663383493904675,0.553482747625921,0.8008844844921085
C2orf69,0.6384934337796081,0.056852845745257945,-0.1468213218662448
TYW5,-0.32616399780926736,-0.1629784280594855,-0.6984096746904634
MAIP1,-0.5845400118046591,-1.074808286266208,-0.29609911012307316
SPATS2L,2.302749270354184,0.9967057912618386,0.9262222878816111
KCTD18,-0.5611251220629896,-0.5195583723979524,-0.1342256242929167
SGO2,2.3851458215784334,1.3174780613106698,1.6749310102652863
BZW1,-0.4512218729959621,-0.511498656083198,0.14319862329032068
CLK1,-0.4935128482163016,-0.5357951372431701,-0.5659476052908731
PPIL3,-0.7182962986575063,-0.3577592984728852,-0.7166167940740422
NIF3L1,0.0711831234084527,-0.5676362036232661,-1.1245788028109907
ORC2,-0.06736955764356975,0.2662076814053406,-0.06216700448282704
ENSG00000183308,0.10255439441376878,0.12388994035565302,0.19216680013769508
HYCC2,0.2586858171093311,0.06948895835152065,-0.18456365449472398
NDUFB3,-0.6004907899525379,-0.6162921385620059,-0.5573248893842369
CFLAR,0.9646496357051788,0.8793609958797859,0.7144665512831735
FLACC1,0.7692368794704763,0.5458925750637817,0.7120222727918737
TRAK2,0.41701021347376965,0.08618081079512406,0.045377603940917055
STRADB,-0.7141141862759035,-0.4650407926728875,-0.8301918509408459
TMEM237,-0.2983359124233012,-0.1683403891089839,-0.048975436854838926
ALS2,-0.04362933840942416,0.03971263185552226,0.3424433289082067
FZD7,1.8596249589917804,0.6811716932144307,1.6264598303688054
SUMO1,-0.8317116631350565,-0.8298078924339941,-0.881261015747981
NOP58,-0.1568860921735293,-0.46825548056612837,-0.256694199413726
ENSG00000273456,-0.282103875995901,-0.30445543431592625,-0.6152118532423891
BMPR2,-0.7053542086628539,-0.12261377914051505,0.17585146389542677
FAM117B,0.39680372808836856,0.3261598865970079,0.7563206783015168
ICA1L,-0.16331761695800753,0.18528399373628082,0.6856596100410286
WDR12,-0.2947528680414066,-0.20059675552429826,-0.17571721839773952
CARF,-0.027377256212265146,0.23566859336337834,-0.12732968143283335
NBEAL1,-0.10297481406060523,-0.30894382103689466,-0.11161094134545732
ENSG00000289294,0.31739391674026507,-0.14020036570354935,0.48459197957484085
CYP20A1,-0.15389430882339283,-0.16595538878988592,0.12136907024269666
ABI2,-0.9657308315920972,-0.3983752363078849,-0.8177357765370061
RAPH1,-0.1953644602264077,-0.04414188104138013,-0.2531366860875223
PARD3B,0.6554110161031125,0.5827014216192659,0.7548165457166754
NRP2,1.432494975609714,1.5959836273296943,2.0398462969379487
INO80D,-0.27811093577871304,-0.6998817614127368,0.07863364156038696
INO80D-AS1,-0.7355188573713356,-0.9777537385913995,0.04071609538393519
NDUFS1,-0.7360266886855271,-0.8730613550851168,-0.4733406919306695
EEF1B2,0.036140164200407575,-0.05069210828863651,0.13734731295506825
ZDBF2,-0.11744511540208438,-0.3074881570311021,-0.06753843150287513
ADAM23,0.811499288739018,0.8607006834329702,0.8961054569258627
MDH1B,-0.5067143577367297,0.36961840674832663,-0.14072608504012862
FASTKD2,-0.9263928521728069,-0.3827617773458414,-0.6992123203581251
ENSG00000229321,1.2454537839597641,1.0554482593279673,1.336884928949015
KLF7,0.4878803282281509,0.2570608787611056,0.7169398592376446
CREB1,-0.18715329821982246,-0.05501753923271485,-0.08169012309463852
METTL21A,-0.8673716673121739,-0.45328310120489596,-0.48086808505863127
CCNYL1,-0.0409681001529201,-0.02491277329394496,-0.42479003946656846
FZD5,-0.6290538415745032,-0.25602459821366,-0.23322465997422268
PLEKHM3,0.3941986577393664,0.2072944415559377,-0.018496352041157828
IDH1,0.34865128912160154,0.10926370943416337,0.20333622232556078
PIKFYVE,-0.3381658807561472,-0.6217008455919918,-0.3397033159841562
UNC80,1.4629053172400006,1.8654265837152728,1.371000266553711
RPE,-0.13029453233408358,-0.4016060179355314,-0.41157658309056444
KANSL1L,0.1185174458663631,0.2226127097246113,0.31882337962397495
ENSG00000272807,-0.726430135656134,-0.283667581880767,-0.9520379804477556
KANSL1L-AS1,-0.22748344404286774,0.04787933817284443,0.33437011527350785
ENSG00000279317,0.4276452642297741,0.6107997891216108,0.7227953862043749
LANCL1,-0.10840014353494704,-0.28468415414892334,-0.3220278138819915
CPS1,0.2981209804306743,0.6564024879572727,0.5704321613735139
ERBB4,0.0036659925847715813,0.8981066064367162,0.8098403604861293
ENSG00000273118,2.0302739849514637,1.7018365198994907,1.8263780711044042
IKZF2,0.6007343822836617,0.6004588906419741,0.6376182019360392
ENSG00000270659,0.12124840571894062,-0.33365807560716476,-0.005479129229836857
SPAG16,0.7825984973064095,0.588217425366679,0.5014413772777361
ENSG00000197585,1.9343029451796454,1.652290732233869,1.8085271026611274
BARD1,0.19038715311074492,0.753199576421867,0.7635194343071382
SNHG31,1.2176999076045014,1.897891718760686,1.3922238206420587
ATIC,0.126601813873858,-0.035404094246970864,0.008738041022251399
FN1,3.4394538569476225,1.8025058970832646,2.6950921970034045
MREG,0.9031657057538531,0.2941482224498522,0.44551182108209986
PECR,0.34877999608952237,-0.053550487760755806,-0.25013677522101224
XRCC5,-0.37384945843100326,-0.6362256327674842,-0.2904475792556412
SMARCAL1,0.21158243191974793,0.007116241019478105,-0.009836999755911777
RPL37A,-0.22763945248761708,-0.10521473478204686,-0.16866776057363533
IGFBP2,0.7731199925011866,0.9584992518223387,1.4412957157867439
IGFBP5,3.007542388788387,2.4623763340454907,2.1164239588374407
DIRC3-AS1,2.237161674432464,2.6803000624175546,2.714848497048873
DIRC3,1.4701077993629887,1.6276410381168098,1.9873308877153626
TNS1,0.4827526429518941,0.5232991396645872,0.35271489710049764
ARPC2,-0.519996492712238,-0.6970797430072757,-0.33680302933177936
AAMP,-0.8316236053811252,-0.5161166612747047,-1.0482250542631988
PNKD,-0.5833203211540763,-0.833230109144008,-0.572091652651082
CTDSP1,-0.9843358664458997,-0.9644406772263707,-0.6397185979089386
USP37,0.09510598973930949,-0.007740364895070703,0.16807785314355428
CNOT9,-0.3228548927115114,-0.3717467531906316,-0.4554661704829321
ZNF142,-0.16523671973419599,-1.1339351689645696,-0.19098099992961434
BCS1L,-1.1301844719570404,-1.5641686350554913,-0.5681683314733804
RNF25,-1.561498835973829,-0.5738334002519565,-0.26778136948078674
STK36,-0.27359480759994526,-0.43809433519624,-0.8293998653701635
TTLL4,-0.27826522522581953,-0.38093636709317025,-0.550339784165711
CYP27A1,0.5892966991206983,0.32691243149529114,0.7187310956009085
NHEJ1,0.1632862248038372,-0.23600188188888538,-0.28360754254487824
CNPPD1,-0.6828615013046289,-0.9200964163332692,-0.4677139835241136
RETREG2,-0.35289882810889145,-0.7201238887386161,-1.0645231842320513
ZFAND2B,-0.31156390775621284,-1.1994034831917553,-0.5060764712820607
ATG9A,-0.6298167121417927,-0.4511128275237937,-0.5767303424946278
ANKZF1,-0.8364177380909368,-0.3956859769693324,-0.510188375399661
STK16,-0.32429012246506517,-0.8515233698594784,-1.123292599003065
DNAJB2,-0.9607606931531834,-0.6773246442808157,-1.1593570014297754
DNPEP,-0.620816639571494,-0.539866713146555,-0.6792593256425655
SPEG,-0.021909041522086194,0.1992602007632626,-0.09755982583528681
GMPPA,-0.8176992885358203,-0.5319369909985384,-0.43992983078946685
CHPF,0.1759776708030465,-0.40858653542618834,-0.41563504431851683
OBSL1,-0.513102524149712,-0.9918906413914285,-0.5230572511396866
INHA,-0.4137776280169448,0.0039621002682572,0.18301493866537297
STK11IP,-0.17254688454130124,-0.5127034756886282,-1.055608494625318
SLC4A3,-0.771911614351918,0.10614505861011024,0.37149904673360723
EPHA4,2.3389528241751627,2.05715071382555,2.4457789624108734
PAX3,1.9280591707356223,2.236611592609446,2.148926077289719
ENSG00000288658,-0.17312477215003244,-0.0005590288273467599,-0.46445322783677406
CT75,-0.1440946552542499,-0.07502564863930768,0.21149972225205352
SGPP2,0.9604725169697766,1.0357174466144414,0.7733459428158797
FARSB,-0.24162295792051586,-0.6374982487769536,-0.006630508400604674
ACSL3,-0.07523944163555285,-0.2936763251810461,0.0023443127509920865
AP1S3,0.26867760916916344,0.7320235655113443,0.85594335182952
WDFY1,-0.30136028397495807,-0.1530617665478289,-0.25072056581252866
MRPL44,-0.4671428685188061,-0.22112072754083906,-0.6280582671135377
SERPINE2,0.38296916301023387,1.0055780353291794,0.3029625271983889
CUL3,-0.7207216954167492,-0.9099913297074345,-1.0083711417087784
IRS1,0.8802855205351748,1.0227653084683048,0.899979637848748
RHBDD1,0.3865242034314597,0.6151552134577614,0.6124900804770269
MFF-DT,0.9973908390012305,0.49245478637508455,0.19330873268464194
MFF,-0.6742350082031797,-1.15977157734552,-0.9907497489841219
AGFG1,-0.8635022868237314,-0.9960360841312834,-0.23757550126899932
SPHKAP,1.6471388414086547,1.9121901995732813,2.2622571847822
PID1,2.039887717138793,1.8249333242123384,1.8273752382418884
TRIP12,-0.784029562907449,-0.8523602150404948,-0.48010734558850393
FBXO36,-0.07416417087674533,-0.07894155475939252,-0.10840734215307185
SLC16A14,0.4101038368863747,0.2147508670185942,0.32940691717731957
CAB39,-0.6689056051856924,-0.4931803110504269,-0.1456656325887451
ITM2C,0.10287478854442259,-0.019520545441118038,-0.021954311094045616
PSMD1,-0.36624814307240067,-0.571977666751959,-0.29150119552959813
ARMC9,-0.08077971152409448,-0.33464882859387757,0.08747264175116956
NCL,-0.49576631245467156,-0.6436458331690175,-0.2799943781867089
LINC00471,-0.36662750511747083,-0.8597234462178776,-0.1190859273908629
PTMA,0.037563274647279536,0.34586344841342687,-0.13976981847239506
PDE6D,0.006992050519656371,-0.5793065777925221,-0.19864229956949236
COPS7B,-0.8018839346305136,-0.3445723293571596,-1.0441003738444863
DIS3L2,-0.40502068761490756,-0.10212975089814694,-0.38516290585825524
TIGD1,-0.1111272872315361,-0.2894053099284797,-0.30830554980545694
EIF4E2,-0.8606984290787771,-0.9936246867538756,-0.9736600168159696
EFHD1,-0.5582517767630827,0.3625990642931498,1.7396761062260637
GIGYF2,-0.5521231567125858,-0.9940993621313937,-0.5133475929559914
SNORC,-0.8262874174369834,-0.4213541722702736,-0.1075232736056044
ATG16L1,-0.26969210925760484,-0.24191247769373442,-0.2013198147324112
DGKD,0.16824099723903532,-0.016657689635817218,0.16625216277234847
USP40,0.03662263877723139,0.04228808700967695,-0.04031930285433922
HJURP,2.088267113019672,1.8977627084281465,2.086887482135822
ARL4C,1.1985202886746151,0.9787307590352404,0.7636971718791123
ENSG00000235726,1.1976779492613687,1.0961510408616917,0.7767368320028574
SH3BP4,0.25269494877667487,0.23059473984140771,-0.13179915117760999
AGAP1,0.0795145347827244,-0.07836914218821539,0.15566634037281094
ACKR3,0.8071017633854572,0.0864859951228638,0.6455322272496816
COPS8-DT,0.8508638271468207,1.1416780065079273,1.0327316315382546
COPS8,-0.46223595522600647,-0.8302642802076292,-0.9046722150756814
COL6A3,2.006949764774511,0.0345486947453218,2.783594593649674
LRRFIP1,-0.23068035791903443,-0.34718408583860244,-0.557114907686973
UBE2F,-0.7780054933428246,-0.44920389149410056,-0.6904297105703813
SCLY,-0.02585662201187232,-0.11433189243534521,0.26976634342646827
KLHL30,-1.022566083947055,-0.37139202286325806,-0.5925558908200302
ILKAP,-0.22039384741823298,-0.36807300947825183,-0.3593157650173353
HES6,-0.7055888126244589,-0.24712593654507484,-0.10485939986135055
PER2,-0.34157679200862756,0.07244230802456632,0.1213865750723003
TRAF3IP1,-0.4663359742493575,-0.0923520560918902,-0.7151052925081274
ASB1,-0.5204236429068274,-0.4738484282620768,-1.1601516119187139
HDAC4,0.3380228453612588,0.23410697090215385,0.2041595094141933
NDUFA10,-0.9441996486262063,-0.9660227906731578,-0.8230501790153504
COPS9,-0.40010128546765605,-0.4432918006150111,-0.6382553134201919
GPC1,0.0073427422443791525,-0.25120762466520574,0.021206866620495642
ANKMY1,0.6033881240411247,0.45386713909669035,0.9848156729926529
DUSP28,-0.5682103113072543,-0.461103800912106,-0.06564463651978518
RNPEPL1,-0.24111152207494507,-1.0219478015262098,-0.43078933307213424
CAPN10,-0.8622970732093833,-0.7911084834366555,-0.5653363971235911
MTERF4,-0.39707693744526656,-0.8558287057147922,-1.0211312911273822
PASK,-0.3159116997513003,-0.9721810320921094,-0.4908219084497781
PPP1R7,-0.514801090091364,-0.43644300670797515,-0.42354651605876015
HDLBP,-0.5302530150426216,-0.6217834029959661,-0.536198009889624
SEPTIN2,-1.1743115807644564,-1.2145002989041593,-0.9707739978263809
FARP2,0.2059508585471726,0.0020661365812131584,-0.15599278164047803
STK25,-0.4056325461177117,-0.5569923417957979,-0.4802149103267724
BOK,-0.48065319300674514,-0.8366511584220895,-0.049329572300433014
THAP4,-0.27410626657795945,-0.2247315815690527,-0.332185935822352
ATG4B,-0.8783874077569642,-0.2919539490922957,-0.5134119172175389
DTYMK,0.4382384006367985,0.566850998091887,0.5669479521895759
ING5,-0.3833975545615936,-0.13086136552728084,-0.5414016985941288
D2HGDH,-0.20510134522593407,-0.7851938013158204,-0.5888631472733508
LINC01237,0.5658072092068167,0.13860910650313937,0.8135462554458641
ENSG00000291147,0.34504557453114165,0.33573394353155445,0.19692949792361253
CNTN6,2.1069701023347207,2.314290857118028,2.3330612500290613
CNTN4,2.1555203492022486,1.7508634816308444,2.2325307746319716
TRNT1,-0.11692679072655565,-0.18068133672774428,-0.2690693134795091
CRBN,-0.7395627620004745,-0.5370982690934198,-0.5884055905536983
ENSG00000223727,1.73128944019669,1.5880553183410413,1.2904199710400128
SUMF1,0.5763697046061154,0.4226492237283139,0.6155065701936948
LRRN1,0.570585282007162,2.0815409896559203,0.9122427480982083
ENSG00000287720,-0.028323431758256162,0.6147465320259791,0.5744437134276836
SETMAR,-0.14795239777286534,-0.6881612821842573,0.09296240906001078
ITPR1,1.0335177675913307,0.8874783563052375,0.7688428649372803
ENSG00000235978,-0.14453315738564146,0.6714398233404957,0.7788598627705206
BHLHE40,0.9546154605944039,0.06831523497483981,0.9432893760721512
ARL8B,-0.4409707879810725,-0.8146862908516361,-0.9924273208807826
ENSG00000233912,0.049226752781937236,-0.24704242339956653,-0.7683725035231106
EDEM1,-0.643424116091893,-0.09785021488615449,-0.9554277081659562
ENSG00000189229,2.414699314600611,1.8126640212326244,1.8151401828404268
GRM7,1.716643857049064,1.8545805852995585,2.3144101687341916
LMCD1-AS1,1.7571815267624054,1.681230919896759,1.983572130153
LMCD1,1.4112155586556767,0.7618453723125108,3.080198411868153
RAD18,0.9246675558790542,0.8873376067046372,0.6524394395864839
SRGAP3,1.0401357169636753,3.284180492017512,0.5511778707522446
THUMPD3-AS1,-0.12903535116906178,-0.4596952228264577,-0.08665627628570499
THUMPD3,0.23912483406693133,0.8314433422928822,0.024327284626995238
SETD5,-0.3773610965036944,-0.760928509551114,-0.3314964221263637
MTMR14,-0.2817807691609886,-0.8991955802916465,-0.6641999700320369
BRPF1,-0.5810327921686776,-0.47695784263998314,0.041883847325706845
OGG1,-0.5907150865258828,-0.6950812192942379,-0.264884359864702
CAMK1,-0.5561948394474959,-0.24297622723626952,-0.3978733246938795
TADA3,-0.8740377637741545,-0.3416889438200031,-0.47856095082543254
ARPC4,-0.6462031038662984,-1.0287728519248596,-0.6133238600547841
TTLL3,-0.7037265442112073,-0.3397339055214523,-0.17068040908768373
RPUSD3,-0.6159926466044395,-0.8819044845514448,-0.5591265807822446
JAGN1,-0.5097489363523451,-0.8274954136247175,-0.6039047534950369
IL17RC,-0.8679618439469436,-0.8780938929899521,-1.2758738798775617
CRELD1,-0.2465163361237934,-0.8863441417923958,-0.5750461247905035
PRRT3,-0.5354560391069079,-0.510509616856357,-0.6613807869269835
EMC3,-0.24023192511681296,-1.250258263468229,-0.4050714234122239
ENSG00000291224,0.41349556174896307,0.5063481316588323,0.3324677378698375
ENSG00000291078,-0.5264686508824497,-0.9208163935650937,-0.879298346405463
FANCD2,1.3100624702239934,1.5298578720650973,1.2820304531819318
BRK1,-0.8127980653290514,-0.5069455273214629,-0.8164013961211865
VHL,-0.42049649472119205,-0.443374600999622,-0.44739154802083547
TATDN2,-0.6031473541259197,-0.9948135507394583,-0.5048078193571718
SEC13,-0.9000888503025699,-0.8517024944054121,-1.0689546878848546
ATG7,0.3973029108482677,0.48746408190627116,0.4196587416048629
VGLL4,0.02799529923741762,-0.7043149701999276,-0.5036332276707114
TAMM41,-1.1163555260353881,-0.5458226665306114,-0.061709302088257145
SYN2,1.477523668404988,1.1371173692833842,1.6772561320947865
TSEN2,-0.16034369867488613,-0.03546897611386862,0.0332945240288573
MKRN2OS,-0.1570931634778035,-0.9935007741682398,-1.1660507581134816
MKRN2,-0.6900992639861628,-0.32022204777661756,-0.6147345394004412
RAF1,-0.8585552544200503,-0.6079696060938745,-0.7741654897486114
CAND2,-0.7476346295504541,-0.38099538652221204,-0.35946349869067973
RPL32,-0.24935935846533036,-0.11447766376729972,-0.0033194045934301234
IQSEC1,0.5840645251013612,0.33945151173089627,0.40244241130605823
NUP210,-0.6942947695231041,-0.1607704707547732,0.13891720743306374
HDAC11,-0.29370736375229006,-1.3210650590033737,-1.967539695898072
FBLN2,-0.1077271101375104,0.17327501803417172,0.536345478632164
CHCHD4,-0.015188235344911767,-0.2971677948003802,-0.2261940507111718
TMEM43,-0.20340082033419551,-0.2701603175457272,-0.12479661379320109
XPC,-0.02703313607936052,-0.24156518087738385,-0.19634273314625966
LSM3,0.05922753641181437,-0.3768569132731728,0.16231650539819145
SLC6A6,-0.00742783084016097,1.0241153513465129,1.7944420686984621
CCDC174,-0.7756997764574401,-0.3047888171427821,-0.3601573470122154
C3orf20,0.21246426919485026,-0.5716836943770359,-0.39521092109654893
FGD5-AS1,-0.498583398967714,-0.32642311022382847,-0.0876779068216642
NR2C2,-0.19380943549389684,-0.0279221097816596,-0.00997723168720205
MRPS25,-0.709131964859413,-0.5243420412545597,-0.5994049275896565
RBSN,-0.5938472114588222,-0.9723626782391398,-0.7019249103455891
CAPN7,-0.37119074866300755,-0.6009886752776906,-0.5194417380692116
SH3BP5-AS1,-0.9903370119986015,-1.276090740168403,-0.5008791483271651
SH3BP5,0.45910099386497194,0.10451954365798605,0.29613022752966245
METTL6,-0.1411306344952088,-0.4025259589439827,-0.7683419273174401
EAF1,-0.8940957623206849,-0.623608926224687,-0.9299852710942105
COLQ,0.32895384483592593,0.3124289077334019,-0.004872570464083695
HACL1,-0.0403106666661302,0.063707412083783,-0.32089626950390837
BTD,0.7479768759399655,0.0519656774651623,0.2917272416269902
ANKRD28,0.3648463016837659,0.10535628261368765,0.055998153835517504
ENSG00000287042,0.9409728540878568,1.06085976727055,1.3743190379429429
DPH3,-0.3852911132722276,-0.1908533483094672,-0.8388219194945705
OXNAD1,0.12550653056456787,-0.16473954205646638,0.000435292771261077
RFTN1,1.7153301950737045,0.9597364546417354,0.5678320724786872
PLCL2,0.762302896177502,1.415721168512892,0.8272664133069902
ENSG00000285731,-0.6794017483537758,0.35313514115225436,-0.26808928095956475
TBC1D5,0.022891543970345565,-0.13990876418296588,-0.16370987562291367
BALR6,1.1178233703912532,0.40158921614336757,0.19516036060607428
SATB1,0.052129425365301164,-0.4714607328846192,0.105323140453681
SATB1-AS1,1.4514814334380475,1.3893948680000285,1.2369825484459582
KCNH8,1.5186554624567883,1.522429467950161,1.2790057426355972
RAB5A,-1.0047649438198079,-0.588245190731957,-0.4510364107217271
KAT2B,-0.007955633762389183,0.07500832886740134,0.4427588743344017
SGO1,1.9274967516627548,1.7973618040025912,1.5708771373254287
SGO1-AS1,2.638358160599587,2.4174460606891124,2.5865987379105206
ZNF385D,2.044281488076706,1.9669214129516952,2.489106773277797
UBE2E2,0.8845287703655343,0.6745147077848088,0.7462125991603976
UBE2E1,-0.3191427976903363,-0.22760076197510418,-0.34219035010423227
NKIRAS1,-0.27532487044503634,-0.6855248557825888,-0.3572148463817477
RPL15,-0.27535112997036754,-0.08917321977490467,-0.20155918069913178
NR1D2,-0.02768155662864306,0.025482890236609986,0.3087004994815104
THRB,1.3365197492041325,1.4706394716136941,1.578604754998274
RARB,1.153930052326178,0.9716923239561872,0.4317855739869038
TOP2B,-0.5174104797914048,-0.5164596308011049,-0.2990309134030405
NGLY1,-0.3043172326416155,-0.6612677817541873,-0.22869347953213645
OXSM,-0.29671598351579215,-0.8691350374173972,-0.2841509673595049
NEK10,2.526952628276373,1.3371445996470044,2.902971241930288
SLC4A7,1.0343273890672968,0.2841088068976241,0.5538731192721364
LINC01967,1.8615425156734418,2.3684937385848244,2.2383732943391905
CMC1,-0.2845348869347006,0.022010754722256096,-0.5478529656170963
AZI2,-0.3948300843627344,-0.45618493564401785,-0.6585448251977617
ZCWPW2,0.9084629758299201,0.8496149177605901,0.6438565264358614
RBMS3,1.0470976692639624,1.3078823441520182,1.7665041473061223
RBMS3-AS2,-0.01885372667712554,0.4099483857103401,-0.14393710307714258
TGFBR2,0.5840966070298315,0.650162740531055,0.3269035370528571
GADL1,2.137111195053791,2.814920840742115,2.3296987334086836
STT3B,0.07717189503298277,0.15966607754830875,-0.14444188324269552
OSBPL10,1.251255325251119,1.1371742575273736,2.0793190469099017
GPD1L,0.3308226208734126,0.16326636224505,0.2745672489055871
CMTM8,0.2463246858286574,0.6538712756992382,0.4615670425936571
CMTM7,0.5133239326113639,-0.10328789057370717,-0.2250100348192418
CMTM6,-0.13277237786406101,-0.3477248084978655,-0.31007060014889737
DYNC1LI1,-1.0063374842051118,-0.4603258352386561,-0.6119738616689326
CNOT10,-0.48025984440893416,-0.2624629533557013,-0.772971742029231
TRIM71,-0.024252797015972063,0.27247050845143767,-0.05259934237613707
GLB1,-0.5464922172326326,-0.09146021376121993,-0.30415639741294953
CRTAP,-0.4945699553700252,-0.441020764901431,-0.8778808918351331
SUSD5,0.68311967333252,0.32141326909137286,0.15960769377506165
FBXL2,0.6695639010957422,0.7036738804520509,0.7330262975782347
UBP1,-0.3230404729188336,-0.4326005227043162,-0.25152794865091727
CLASP2,-0.0010159749920291515,0.27737676107137693,0.029133920955594222
PDCD6IP-DT,0.08381511939850493,0.10754509696423747,-0.20760325594977408
PDCD6IP,-0.5841872001526304,-0.3605738551636222,-0.6818665644192237
LINC01811,1.3488219625067401,2.055890786557388,2.9864471857305688
STAC,2.2918391640875377,2.3760665540889683,1.9553300275594943
TRANK1,0.6541185085158219,0.9198212789051219,1.0893007593128416
EPM2AIP1,-0.5701873630129093,-0.5059367858606976,-0.7546490667697867
MLH1,-0.17043440487505632,-0.35180523059048596,0.037408366877404196
LRRFIP2,-0.413253785717103,-0.07962288114706338,-0.4864292394465402
ENSG00000290046,-0.45991727866236687,0.03859743050301035,-0.11053965475814571
GOLGA4,-0.4012467198572586,-0.7775926171467127,-0.7759807182958944
APRG1,-0.20103668290112256,0.02123176078589139,0.42561275911464236
ITGA9,1.8437760790714854,1.8448970931539606,1.6531859244732736
ITGA9-AS1,0.2510077507587383,0.27624718834814743,0.2723290173290032
CTDSPL,1.3732536940561175,0.5977230806415008,0.5358726514834409
PLCD1,-0.7958237406565125,-0.44076753551732395,-0.39969884614095713
ACAA1,-0.3304523209543291,-0.6256784757849694,-0.33549998537365866
MYD88,-0.7085931752169508,-0.004509363770850485,-0.5519463652830723
OXSR1,-0.31317841254472967,-0.6042996478597935,-0.41383455727079266
XYLB,0.378493265951139,0.7016870946990679,0.5282884781435513
ACVR2B,-0.5331302913356487,-0.47705477006029534,-0.7270571523710068
EXOG,0.3392462281361545,0.15255272023519237,0.17634382686890507
SCN5A,1.6642377562712767,1.87280768835042,1.9866059373041622
SCN11A,1.2443435300926566,1.0330919871227238,0.9105870532038054
WDR48,-0.5249396291555222,-0.5479849628225715,-0.2289659398375612
GORASP1,-0.35166550540444064,-0.10520773520724093,-0.45549473496748405
TTC21A,-0.03622158977351114,0.5428434424201924,1.1307189627899135
XIRP1,0.2228152594785798,0.4242809992559699,0.29953274179963085
ENSG00000287780,-0.4464787692003896,-0.7933129016191671,-0.3592206691179633
SLC25A38,-0.4958171307627026,-0.024443163930452986,-0.1681512623165879
RPSA,-0.07867909923579575,0.08652544081816956,0.1626094992531772
MYRIP,1.2223560426103859,0.8517497762645121,1.521152248039158
EIF1B-AS1,1.000181994897197,1.2738095653516055,1.0252985913357229
EIF1B,0.9420692234465448,0.4370991995477062,0.4641496002578264
ENTPD3-AS1,0.44150788474595265,0.007108851844776555,1.028705980280133
RPL14,-0.35851524913162974,-0.1753610783790336,-0.30879987059983277
ZNF620,-0.293497668764136,-0.020869455470290163,-0.20048142022640655
ZNF621,-0.3313024528444614,0.14981469071885564,0.08194571949375277
CTNNB1,-0.46200678275454626,-0.1537727057519405,-0.7085678877059891
ULK4,1.0157207204929755,0.81407338645241,1.2433541058027835
TRAK1,-0.03765296280280242,0.3582110103847888,-0.06770669832007321
SEC22C,-0.9010735254414399,-0.4655832871217385,-0.4541292074352121
SS18L2,-0.6964429911673697,-0.4094906809659377,-0.8240170364647632
ENSG00000289558,-0.005822634311943617,-0.6847470633760793,-0.491892901006672
NKTR,-0.5046270280313437,-0.5652207863750648,-0.6430108634270688
ZBTB47-AS1,-0.645442194930606,-0.7912966099926458,-0.30363181091037816
ZBTB47,-0.6561861513272795,-0.6559396112686676,-0.7662736114582529
HIGD1A,-0.09620943998029577,-0.46041170806809717,-0.3188595081088011
POMGNT2,-0.41332583902419623,-0.36769106702659116,-0.5108079238079563
SNRK,-0.20667856058099332,0.043597339458855695,-0.27466374002767324
ANO10,0.5096126300917979,0.5956410786399537,0.556143028423964
ABHD5,0.4212971430026151,-0.011873291739789233,-0.09359584873644881
TCAIM,0.4045098485512852,0.24432977629307115,0.76038728097582
ZNF445,-0.30671901796090845,-0.2517738458665448,-0.6469039139569545
ZNF852,-0.6166599025343409,-0.45125579132077576,-0.6266833301726856
ZKSCAN7,-0.6594384520722159,-0.25016467283568034,-0.41581757540651404
ZKSCAN7-AS1,0.10063163501066445,-0.4727054901917143,-0.568253438603108
ZNF660,0.06149294197659926,0.015238739905875372,-0.24897214446595226
ZNF197,-0.09104703310190837,-0.002114098347764362,-0.33927085155480435
ZNF35,-0.6930597702871601,-0.7414629313295649,-0.8372912081859951
ZNF502,0.1971383039024169,0.19591413574687874,-0.3883673774464391
ZNF501,0.10663462403142535,-0.2457750800102971,-0.11505733880516551
KIAA1143,-0.1529872113838913,-0.6944786939631982,-0.7404487645581916
KIF15,1.9374987560960513,1.8800797464018402,1.6690169049346366
TMEM42,-0.4827889600308702,-0.921214395383263,-0.6107660786635805
ZDHHC3,-0.023125731396422794,-0.31034399845255584,-0.8839608880504564
EXOSC7,-0.6586665463033725,-0.46198369497447095,-0.7197748800229392
LARS2,-0.1348204618606879,-0.14719577473113782,-0.06639118078826907
LIMD1,0.08700763397019538,-0.03527726214337437,-0.042000096831344536
SACM1L,-1.112820499023929,-0.7658351246767374,-0.4055988187021669
LZTFL1,0.3264760658148446,0.045238893086029464,0.38802789172577334
FYCO1,-0.5374807560586383,-0.1617922192891363,-0.07139642512058941
LRRC2,1.1582883680506342,0.3104426036116337,0.06493327634887797
TDGF1,0.768023461215666,-0.05737289978802811,0.5200876137153863
MYL3,0.6815884938290413,0.8544100307643917,0.5569296418491039
PTH1R,-0.44938007322476986,-0.5127878446794476,-0.411131725514025
CCDC12,-1.2113859808985623,-0.4503435347196038,-0.7180703401910442
SETD2,-0.4325074740694674,-0.7817313443319199,-0.5275456709619136
KIF9-AS1,-0.11746815968853144,-0.04567927520060172,-0.13941047860710049
KIF9,-0.3793358225060466,-0.2608366737266934,-0.4745343128113824
KLHL18,-0.20348331035081563,-0.06066652789251852,-0.4769338366495681
PTPN23,-0.5584953180515199,-0.9198504831310252,-0.5173935630466424
SCAP,-0.5712014902274198,-0.725105922291089,-0.6207734556895517
ELP6,-0.2319093204384472,-0.9669007430897524,-0.4115977410883716
SMARCC1,-0.4260111434691857,-0.4598750909846707,-0.480863691785082
DHX30,-0.7126126388731713,-0.5594812782483913,-0.5950373908788578
MAP4,-0.12100848940407619,-0.11675695289427782,-0.28114795162526107
CDC25A,0.4671925670283095,0.40666450678895316,0.385736835387938
ZNF589,-0.32570940720137287,0.29361101338862033,-0.4910682855401162
NME6,-0.5899811337476244,-0.5722995496788812,-0.5814074130297762
PLXNB1,-0.3315634478287919,-0.429251806621334,-0.8923531235077924
CCDC51,-0.5441363858927843,-0.8811092820371087,-0.561372376052681
TMA7,-0.21940918559432634,-0.43992011958085453,-0.33736961971979434
ATRIP,-0.8255439777744265,-0.31472417779580647,-0.21458718165571614
SHISA5,0.0867932073914517,0.4355016838881803,-0.036470232611982525
PFKFB4,1.5540571722630112,1.0659803384472006,1.5273355731217784
COL7A1,-0.8217661689581277,-0.7823202446986883,-0.08877368584350266
UQCRC1,-0.8608508233850642,-0.3881220096578843,-0.8274847823659749
SLC26A6,-0.7720428674373707,-1.1804790193521768,-0.4339365393644279
NCKIPSD,-0.27192409286265823,-0.15259531814055907,-0.3887493366119195
IP6K2,-0.449705829134821,-0.1112778164714499,-0.710557525012927
PRKAR2A,-0.18392593563084605,-0.550478975347783,-0.3519295209963857
SLC25A20,-0.5748782313811347,-0.5361825372577657,-0.2269897980292796
ARIH2OS,-0.17946939359532274,-0.44612301608813704,-0.036151077094459076
ARIH2,-0.8405458132768864,-0.5741332381342589,-0.5406568733910398
P4HTM,-0.28690489958025717,-0.3637101479146026,-0.7076758999539727
WDR6,-0.8441389683103999,-0.8293504669362797,-1.3560121671449465
DALRD3,-1.580480886985555,-0.7724142085750394,-0.10916430210908251
NDUFAF3,-0.44042928415328214,-0.721510292775843,-0.38543835634229845
IMPDH2,-0.17867482614011007,0.07377653416465779,0.07266438522727019
QRICH1,-0.5609342898771246,-0.5790476093387228,-0.6395922040093929
QARS1,-0.6104827149072847,-0.6200860599630573,-0.6595504148890292
USP19,-0.6942875295871183,-0.624900803373354,-1.056829982814449
LAMB2,-0.10450971208310024,-0.26537919788741965,-0.18248912891199257
CCDC71,-1.2149696128223013,-0.9304132290647793,-0.31081073706289075
KLHDC8B,-0.8603766612732038,-0.7617342587863654,-0.29988149599290637
C3orf62,-0.7842573600398204,-0.4680320616495912,-0.11255616812259812
USP4,-0.5218506638404782,-0.5022605924700124,-0.6205499425037964
GPX1,-0.19731036340636623,-0.07713245634488428,-0.14882753012335928
RHOA,-0.6739571954572519,-0.20928796491571686,-0.3644454793323853
TCTA,-0.531452548238768,-0.32230185848169063,-0.2565202243495257
AMT,-0.0866113813674296,-0.20273979011533788,-0.6180228189632473
NICN1,-0.17499859608869167,-0.7374360945130363,-0.44388605656788366
DAG1,-0.9272751590123285,-0.5463431890418705,-0.6698253759211461
BSN,0.00669169099770892,-0.5013481316103602,-0.38149442113812876
APEH,-0.8499727355344754,-1.0453490049427359,-0.10515140388706354
MST1,-0.7250054546927345,-0.6152227911362722,-0.49124129062823846
RNF123,-1.2546204779997687,-0.786698913154634,-0.6580382300233616
GMPPB,-0.8198588605582559,-1.0782180507110155,-0.8526122035821048
IP6K1,-0.28763202243664315,-0.36093052783299134,-0.1437354864120692
TRAIP,0.4010613679978583,0.44151596928265846,0.3312579793287754
MON1A,-0.4961850032525846,-1.2959667313503083,0.18961689723668934
RBM6,-0.49662123482197285,-0.4807191706007679,-0.6716309170066168
RBM5,-1.274063040466224,-0.7989270865269198,-0.6021683710767007
GNAI2,-0.5221872306706637,-0.5928156573609975,-0.7379964754401414
IFRD2,0.2149944909261841,-1.2922800428644479,-0.3222933064612228
NAA80,-1.1456746154079447,-0.8132441842064999,-0.5790118941462447
HYAL2,-0.8646253949101705,-0.5440236533538075,-0.7365314545352106
TUSC2,-0.26481984860326696,-0.8033180214982281,-0.707159921035629
RASSF1,-0.9042644456871649,-0.66875993446466,-0.6111635698503372
NPRL2,-0.7382115612804938,-0.7973896640496001,-0.3164573971826173
CYB561D2,-0.11363480513168511,-0.15330531398141653,-0.24392737063382344
TMEM115,-1.3185906496018625,-0.9009743841510378,-0.5876636116533193
CACNA2D2,-0.0021677479408453004,0.22035026654604903,-0.12251868463189551
C3orf18,-0.41106733000043505,-0.32017093151099013,-0.13089404325888407
HEMK1,-0.8036124891889678,-1.0340891778855799,-0.6961780108185991
CISH,-1.103858535360306,-0.11890292257483287,-1.0506380476475599
MAPKAPK3,-0.3762294994093835,-0.6126653418782908,-0.00046646979251718123
DOCK3,1.2971202187180744,1.5474648272664595,1.4198956671868999
MANF,0.28289251738723914,-0.31532450329165934,0.03820359512497974
RBM15B,-0.19026528790898214,-0.5238080950546333,-1.036707696003095
DCAF1,-0.2631087713518027,-0.6278871672921477,-0.6568306534983002
RAD54L2,-0.6323582609418351,-0.4080796550686365,-0.20552304633974922
TEX264,-0.5208084874298109,-0.1037256631039298,-0.34945357935817606
RRP9,-0.6588820440800981,-0.30646791614764973,-0.649965771441554
PCBP4,-0.8152764926160677,-0.7188023727578354,-0.5442754503141884
ABHD14B,-0.5658956890037175,-0.4955702886144451,0.09472564151805336
ABHD14A,-0.26670143997847623,-0.5821780961926386,-0.42437017214020045
ACY1,-0.4739349302115378,-0.14868343108984308,-0.5406551292130858
RPL29,-0.11843498690711482,0.04794551203301356,0.12164447366526687
DUSP7,-0.6443933947297964,-0.7823001801190799,-0.819639822571137
POC1A,0.557275325152137,-0.22261169211428108,0.8349196663380738
ALAS1,-0.2346191659536636,-0.557266028922431,-0.7125623865809843
TWF2,-0.6117487689480399,-0.9756113797189592,-0.4981279952306536
WDR82,-0.5294821449170825,-0.8184584361682852,-0.5804215716959434
BAP1,-0.6655767499458705,-0.5675631492248918,-1.050325248531422
PHF7,-0.06370175270902227,0.05470111061749345,-0.3585187587631183
TNNC1,0.9625731215663365,0.8666652726813134,0.8740342605609239
NISCH,-0.7811618529821374,-1.1892422957430462,-0.9231504677829213
NT5DC2,-0.03456325347526956,-0.12178779781404714,-0.2644796409416621
UQCC5,-0.4768018195477879,-0.46674953026188953,-0.5585672732117217
PBRM1,-0.4377921358080598,-0.3717793873764102,-0.4539692943990979
GNL3,-0.34550200954985044,-0.055802272287042626,0.020998322111935946
GLT8D1,-0.3622894887516069,-0.2832181495948945,-0.33445182619122343
SPCS1,-0.5916269268514185,-0.8173849957164059,-0.6402345596145088
NEK4,-0.35498271941584386,-0.3745926768432781,0.03894128141141451
STIMATE,-0.35188084310962964,-0.8190498905724831,0.5355116827361037
SFMBT1,0.6970114155661696,0.7344361896142005,0.5884639992401297
RFT1,-0.5944792007028353,-0.7045181293366731,0.15042388796761938
TKT,0.5555142579806541,0.4069540949348109,0.3294134153470197
DCP1A,-0.08260154353120441,-0.4825018073160621,-0.47339878921664896
CACNA1D,2.2348825383250066,1.7421858088291984,1.7891354073335624
CHDH,0.0024682292710700464,-0.28659418783411184,-0.48688616388673367
ENSG00000271976,-0.2774133760608067,-0.43573920460087123,-1.1669655719408958
ACTR8,-0.6275126902565304,-0.4306452299164718,-0.6714524691158701
SELENOK,-0.4760500070630442,-0.6122612487183545,-0.6412066022786326
CACNA2D3,2.095390063810889,2.7784697019118774,1.0680674718349792
WNT5A,0.412719398004974,0.7591621175036032,0.8818154536665261
ERC2,0.8741448118466479,0.7321571595918818,0.6847089783804776
CCDC66,-0.39757754254547356,-0.6355223657294183,-0.6098047924845745
TASOR,-0.34184704993119297,-0.4664525807762274,-0.25779997635843094
ARHGEF3,0.7886963018630553,0.9319146127299439,1.1260665958826763
IL17RD,0.6374821489592932,0.9572587653559914,1.070261781809286
HESX1,0.3557853811291416,0.4355640414672983,0.0013301552484995631
APPL1,-0.5688049816780775,-0.44414696208084337,-0.4257276682954014
DNAH12,0.4776305369079274,1.6261547643966558,-0.31477588587753763
ARF4,-0.41917504278033135,-0.6122254908496565,-0.5989536949728276
DENND6A,-0.32822428011750665,-0.4943946115471682,-0.24457296061066822
DENND6A-AS1,-0.5385423520920617,-0.3189753815675935,-0.19724958016540844
SLMAP,-0.26097336845833397,-0.028621575683921274,-0.006816078881051594
FLNB,1.2938243203927122,1.033626954391444,0.7814522161297042
ABHD6,0.5212128408676158,0.1370886540314871,0.7678303548813652
RPP14,-0.4387672539135821,-0.7928927862279274,-0.8125172589955199
PXK,0.14637641498427809,0.6366921636162495,0.41158467173018204
PDHB,-0.6934386656008158,-0.44478657845747094,-0.7315164237717617
KCTD6,-0.7863995455943602,-0.5410224390954816,0.18267096800651214
ACOX2,0.1860007382587234,-0.06702151519300521,0.0023569326470891604
CFAP20DC,1.173208982674609,1.7321945822610338,1.0092390095708055
FHIT,1.7886441108727844,1.5322133247671132,1.0862311233751782
PTPRG,0.8899384305081028,0.5020353713358361,0.5592468198152467
PTPRG-AS1,0.19299955064929009,0.6007789484010964,-0.06050866078449249
CADPS,1.0193364894410681,0.9904700661459938,1.3101851319253157
THOC7,-0.5635456454962409,-0.45281406063162066,-0.7758079577784969
ATXN7,-0.14012410480883017,-0.09316668887397841,-0.38664785140817054
PSMD6-AS2,0.15528484298080164,-0.8222158096082453,-0.1844180604991265
PSMD6,-0.9407894387825735,-1.2123231322391064,-0.7984592581743151
PRICKLE2,1.358637696724017,1.271408383221626,1.6812699956611574
ADAMTS9,1.284927166457983,1.7049496029980418,1.7437535730136986
ADAMTS9-AS1,-0.3826459514121794,0.20645029236265341,0.8489322853193252
ADAMTS9-AS2,1.7569511010946357,2.0285883497457924,1.5065966837173228
MAGI1,0.4167989563120891,0.34317432669392295,0.5300377872763349
MAGI1-AS1,-0.27521444040791815,0.1660781081539718,-0.529305461547228
SLC25A26,-0.2968902967826708,0.1509018248344204,0.3451033021012151
LRIG1,0.3220940898987798,0.5240763199659888,0.5040647812719854
KBTBD8,-0.23269422787882377,0.5029635307057241,0.017904437304977608
SUCLG2,0.1722199909843134,0.28673114128218913,0.004893670259370611
SUCLG2-DT,1.4395804362478586,1.2160970976430434,1.3314879061951679
TAFA1,2.1148878471361954,2.2910240861117934,1.7217217953547532
TAFA4,2.7668398680645048,2.097703403741747,2.048571191336059
EOGT,-0.8300011975017121,-0.4946729635097604,-0.3421071225704892
EOGT-DT,-0.7594024768712764,-0.13181899341322276,-1.0648456739819778
TMF1,-0.3954732039630216,-0.6820392953213136,-0.1668643439853348
UBA3,-0.43123587009268144,-0.8345240051526802,-0.6290251331398089
ARL6IP5,-0.5792384772531706,-0.4179155712416253,-0.29755226910984334
FRMD4B,0.4902152995652216,0.882477318019653,0.9875568927558297
MITF,0.11096542981090705,0.3354130888985552,0.22372582356892676
FOXP1,-0.016095763544178934,-0.11081059030610876,-0.13302751222196457
FOXP1-IT1,-0.1942862468775814,-0.44678991553777436,-0.2151269633305084
ENSG00000277855,0.23294347111823646,0.4121674806992423,0.5041911655762057
FOXP1-DT,-0.10683606516158048,-0.13774653197950923,-0.40177840809705145
EIF4E3,-0.5191075349871354,0.20847341525361426,-0.007822570140046317
GPR27,-0.7168007562265721,-1.0138821859466276,-0.35081572614270234
LINC00877,0.2502154597828898,0.07631404239316807,0.2889618701749476
RYBP,0.1750546994296797,-0.41948497848721195,-0.20141770415138546
SHQ1,-0.27347988114906135,-0.19155326486929886,0.0674837064678008
GXYLT2,0.30082417956828783,0.36684163390783203,0.6290894372706894
PPP4R2,-0.7211637270859228,-0.6277429828732863,-1.0918192422518906
EBLN2,-0.27071378773111826,-0.7659815897738049,-0.5836800232338497
PDZRN3,0.7774123339979511,0.7301499939245382,0.8457901570832966
CNTN3,1.0530163024058936,4.241093289958425,1.4609597037013735
FAM86DP,-0.8399101133417339,0.007432613541354183,-0.33769942688835636
LINC02018,1.0849015839396827,0.8969326678984437,1.0213706938148661
LINC00960,-0.21450666377659292,0.7275144808077377,-0.006942310046397914
ZNF717,0.7206996240129797,0.47356005636060056,-0.437534727979287
ROBO2,1.4047954992928737,1.8642013890536706,2.031261414206881
ROBO1,1.4699467823601822,1.8660174890451628,1.5588300756847033
GBE1,2.095295544364628,1.355449541768671,1.5189811179757697
ENSG00000287158,2.6120625476566204,2.4127559387253825,1.5356098748789613
CADM2,1.4670151330287808,2.427413242365631,1.2876228501413358
CHMP2B,-0.11636514103091851,-0.657038772031715,0.024122778899133786
CGGBP1,-0.19654965437483435,-0.518198158725312,-0.5634177710314495
ZNF654,-0.1005976146903116,0.2838282600976711,-0.005885100057589905
C3orf38,-0.7766534013564126,-0.19846683789494085,-0.7343813360558009
EPHA3,1.9593489503000328,2.18839704638669,1.5225753003681461
PROS1,0.5087686221236609,0.27507497346854487,0.14092810988040227
ARL13B,0.37758668766904796,0.27115957720103273,0.2294468220430232
DHFR2,-0.605873862067778,-0.16615826293720207,0.33537361268878035
NSUN3,-0.3345369167502916,-0.05543548971600739,-0.04367186965616556
EPHA6,2.978434422307224,2.1882591807942156,3.5450057499412644
ARL6,0.18036406677591194,-0.42926081517464004,0.2878057052908503
CRYBG3,0.42548196306553265,0.18330534725194872,0.40667107457131374
RIOX2,0.2774895091911168,-0.2808069665937581,-0.1610206002549433
CLDND1,-0.5839775566222264,-0.3861037372518119,-0.44200969123100714
CPOX,-0.31939303158495846,-0.38845415390744975,-0.15721241065578087
ST3GAL6-AS1,0.349918597530074,0.18332117520369098,0.44938557427684955
ST3GAL6,0.24859327877772947,0.2970828341063978,0.24028585740828137
DCBLD2,0.4821839350542376,-0.011843478996809167,-0.07594710639031277
CMSS1,0.3600031362314126,0.5033758520617049,0.29693648617331186
FILIP1L,1.0192927148652373,2.1589317401930117,0.671390936641604
TBC1D23,-1.2297357995856153,-0.029733011252403695,-0.634052854455213
NIT2,-0.8522981930629285,-0.6163429048347274,-0.6816733609203212
TOMM70,-0.3311150694841629,-0.7589351518900038,-0.4202962305841105
LNP1,0.19813031964673664,0.4544072216898911,-0.44156940804137795
TMEM45A,0.5757497843124213,0.4159069990578174,-0.04110238358103762
TFG,-0.23639328308860996,-0.28306386602493566,-0.552911876636589
IMPG2,0.7310100359907494,-0.028123617094440303,0.826494017276289
SENP7,0.03605496799108111,-0.23183326132718213,-0.1771525578664566
TRMT10C,-0.4286502051518504,-0.43892183474340035,-0.2755279258055445
PCNP,-0.7732745698125463,-0.7059010083215647,-0.8852559193921472
ZBTB11,-0.28110648129107574,-0.006844527652194878,-0.17769400221192203
ZBTB11-AS1,-0.537136981488935,-0.6106959663612272,-0.7435526011734659
RPL24,-0.5336868976975833,-0.2709775747642666,-0.3211341466540744
CEP97,0.2573243835631231,-0.45421001950428425,-0.17873235273122035
NXPE3,0.20687920262582074,-0.5870575539149635,-0.3202558466805669
NFKBIZ,0.4302945223058572,0.9342566096875835,0.23149320807146614
ALCAM,1.629157295923303,1.5848508715597553,1.7360240126987918
CBLB,0.694646223080376,1.5993658648450904,1.2490198466744395
LINC00882,1.6212497227462492,1.98635453495503,1.0999248658586183
DUBR,0.7502132875166511,0.2791744737398609,0.6184989667343537
CCDC54-AS1,1.6270159318605941,1.8132214029976197,1.6557646927326743
BBX,0.2664326284914295,-0.09596611108971582,0.023450575683686064
CD47,0.5678104202357196,-0.03908628257185147,-0.11730013276369179
IFT57,-0.5688902978145016,-0.19367225953314107,0.015049404550566619
CIP2A,1.969362625684429,1.6129828593003275,1.8844294984699452
DZIP3,0.45420384261841557,-0.20909727686240484,0.014153338931848298
DPPA4,0.6569468077071043,1.3793492663703582,1.019922441222775
NECTIN3-AS1,1.2904561821217193,1.0715994143999445,0.8381838929686899
NECTIN3,0.6968698880389291,0.5952155787369264,0.01581726085198191
PLCXD2,0.5514200843023822,0.46524265014450344,-1.0454190121508375
PHLDB2,1.0677635051914969,1.247316020115015,0.8579171098931723
ABHD10,-0.6868783101050439,-0.3093862711080675,-0.3012819025759157
C3orf52,0.9404705061578261,1.542353823565719,1.440393113392357
TBILA,-0.754328133669965,-1.146625485758527,-0.24387943380651583
SLC9C1,-0.15558846014793914,0.6415405564346415,1.019162610787209
ENSG00000239482,1.0225459683102187,0.7662875759360439,1.0628831182923726
CD200,0.8733703085164386,0.44547048287364177,0.3385679041375979
ATG3,-0.225619623892591,-1.2636618536472852,-0.6993922073318366
SLC35A5,-0.6335318826387137,0.09987148682920484,-0.07532588572368935
CCDC80,2.878707490675975,2.386070339763652,2.033715755593292
GTPBP8,-0.49660288263545743,-0.0703343614562151,0.14651305152278127
NEPRO,-0.8623912153916251,-0.12715364447145563,-0.7210793194267708
NEPRO-AS1,0.8518335112981427,0.7101881614550541,0.7399645161436013
BOC,0.5583025685510847,0.511536088021046,-0.7695046302153302
CFAP44,0.6364937012041629,0.7538229804674295,0.29489209465615224
SPICE1,-0.012952601961032458,0.2798047472333316,-0.054740169776085465
USF3,-0.12117120396507633,0.21126537516176208,-0.11953805351556207
NAA50,-0.38087690651880374,-0.5897472552235002,-0.2954540434951731
ATP6V1A,-0.015006593444105968,-0.45436606103013943,-0.46604847202188543
ZDHHC23,0.3248427179553702,-0.4036282318233723,-0.20094267285747597
CCDC191,0.48013107970820457,0.24686657120120964,0.23471970353408625
QTRT2,-0.050088383214674834,-0.4692319698579474,0.2122099769822334
ZBTB20,0.5945412692362311,0.7556419839147388,0.3671338280053398
ENSG00000242880,1.759310478702929,1.460328410399292,2.932807818542358
GAP43,0.7278190166726368,1.2021896769158182,1.6456368651089335
LSAMP,3.583999109488383,2.655883039417324,3.556702909467198
LINC03051,4.632513679323489,3.1941469307579684,3.6605006531688318
IGSF11,1.2386439333259673,1.2555413858723412,1.1545634819733515
B4GALT4,-0.16495339222429448,0.09514862764037339,-0.20764880899517021
ARHGAP31,0.8614979053495411,0.5328088376183153,0.6444806240179695
TMEM39A,-0.34449736582410034,-0.3580152877615568,-0.223176864358333
POGLUT1,-0.17448501708868494,-0.03102002986403107,-0.6123277664491802
TIMMDC1,-0.3253783364714807,-0.46527508336960816,-0.8016257265596494
POPDC2,0.1974250851092166,0.7591904852907555,0.5559272086961932
ENSG00000289134,0.0019759289259440567,-0.1746777202151542,-0.4333603776935036
COX17,0.25234050758375665,-0.3426709391679772,-0.2662376922282199
CFAP91,0.0908225513764052,0.8196100674690888,0.2649557873997211
GSK3B,-0.4353425405735258,-0.3951499472178987,-0.5081107320966752
GSK3B-DT,0.5702182784621144,-0.18194088068418784,-0.8136691221223487
LRRC58,-0.24940723831999992,-0.44021299304231587,-0.07384635490467067
FSTL1,0.6091878636807344,-0.13858720746188166,0.08424911048302881
NDUFB4,-0.48875270221414263,-0.8258336117179859,-0.4125699296756303
RABL3,-0.13570123400545947,-0.45932530556170903,-0.38466672368978644
GTF2E1,-0.21757071787972743,-0.23932771559609387,-0.19010955661875073
STXBP5L,1.5667000871910375,1.0631271488401914,1.0451430145843155
POLQ,2.570648684351152,2.3143469838549855,2.2442492884134815
FBXO40,0.7720072768606839,0.6461594703236635,0.5183533489902992
GOLGB1,-0.3607694437789988,-0.5477734969334023,-0.6316059075670353
IQCB1,-0.12732932056036717,0.4095304213682489,-0.10496395850378447
EAF2,0.11242361737173208,0.7550963817578199,0.9649103335922575
MIX23,-0.6259354127190768,-0.7968425122498957,-0.7269079550612219
FAM162A,0.5978528112755298,0.6497365222344911,0.7030344083327797
WDR5B,-0.3595867405795943,-0.87071519628552,-1.0146600128362877
WDR5B-DT,-0.0073315964605065,0.03630685928217043,0.09644035067008973
KPNA1,-0.27589974937732364,-0.9986248455048424,-0.430298876076673
PARP14,1.313082051309074,0.6112019819846886,1.013347318985815
HSPBAP1,0.4434908070959373,0.2379203990361915,-0.10357892547119714
SLC49A4,0.6548423251998798,0.3535528385614412,0.18340912177277602
PDIA5,0.5083303941483628,-0.13262775734816756,-0.29171999557395983
SEC22A,0.4785059247357247,0.09070894855064886,0.5923766417393211
ADCY5,1.9653241055242603,1.2414786867836334,1.436681830187883
HACD2,-0.7482500597999362,0.7965951653458453,0.14597082899921068
MYLK-AS1,-0.03300511258295197,0.2993707940729245,-0.1959159663031826
MYLK,0.26263045545797326,1.8331610996632897,4.81145534216186
CCDC14,0.30916084071892064,0.4878730337900272,0.08937818475257941
KALRN,1.6193632960687125,1.4798704374521812,1.124715696229302
UMPS,-0.38180732046378546,-0.40676868802992777,-0.46218508039634904
ITGB5,-0.10032845543878115,0.029001110380132738,0.05869768754604373
HEG1,0.6861793230118352,1.0072172778652089,0.5696240268561716
SLC12A8,0.2034901879398667,1.6895973218499485,0.8254328587708991
ZNF148,-0.6733008740524049,-0.6899763609996832,-0.8899273716528775
SNX4,-0.4991186505623554,-0.737787221494024,-0.856788411066475
OSBPL11,-0.1771312679190409,-0.19127262598177813,-0.1786228167872928
ENSG00000284624,0.5687205218764113,1.1290705367654965,0.5757899340864299
LINC02614,0.2584311151461236,0.368185883600674,0.2800400485356853
SLC41A3,-0.42667265182569386,-0.12223119860371762,-0.07889562244491802
SLC41A3-AS1,-0.4193739792145871,-0.7039215013004139,-1.1084796569204265
KLF15,-0.5068817973204034,-1.2599473909630916,-0.5542208450123808
ZXDC,-0.0919506966047194,-0.7025193481826513,-0.6843875575080673
TXNRD3,0.19921075350752554,0.6863688499967644,0.3665294143484025
CHCHD6,-0.07980810062607452,0.08928816784356995,0.019787293602714615
PLXNA1,0.21052536839020064,-0.1797444992310311,-0.5038048762372753
TPRA1,-0.7418743201006919,-0.7670328072906294,-0.7046861157465899
MCM2,0.7499070941996315,-0.2483689875111459,0.38867976452950614
PODXL2,-0.32688492816765796,-1.309980217875225,-0.24086698732963896
ABTB1,-0.9151803253779606,0.10336314632188606,0.09619388077930686
MGLL,0.817790136790446,0.31149237841552585,0.35267840518812926
SEC61A1,-0.6830283649181297,-0.934206507959324,-0.7999728566042243
RUVBL1,0.06853405816569945,-0.24242609292133468,-0.04745974310461417
EEFSEC,-0.07827404273812985,-0.2758422991120782,-0.12481858229447693
GATA2-AS1,0.30519176248576235,0.8021222447405448,0.024860963751805763
RPN1,-0.8221417489886882,-0.4890486603749799,-0.6687863844724403
RAB7A,-1.0438698505358701,-1.1617841751996139,-0.9737578972259016
ACAD9-DT,0.1807904768408619,-0.15247377695014913,0.07498926215973258
ACAD9,-0.471064015529425,-0.34673632559264084,-0.3989141465663195
CFAP92,0.06219770585696683,-0.7405566272592594,1.4559926376729777
RAB43,-0.6161246787552166,-0.7283523785511825,-0.883300159181438
ISY1,-0.617113063115184,-0.6034885658239375,-0.7178845052753644
CNBP,-0.48228172554260235,-0.6124741823021367,-0.5548238721926211
ENSG00000289469,-0.03837890150539993,-0.86503069351026,-0.6751651430291047
COPG1,-0.2244332201769161,-0.49623523867154873,-0.3651177237884298
HMCES,0.19170465045087673,-0.21460575578538163,-0.14047156432465963
H1-10,0.9039501845624968,0.7710302504729718,0.8771464803011425
ENSG00000290993,-0.704719411104076,-0.37861174101402284,-0.45994925130937503
IFT122,-0.780421391163383,-0.29361252270831173,-0.2942846104245192
MBD4,-0.003040575622755176,-0.7240941151615915,-0.5431887268712394
TMCC1,0.034280945897439255,0.05566766696240325,0.2100648158307479
TMCC1-DT,-0.2915928860840111,-0.3180967766086056,-0.5923020260184515
TRH,1.3589906657511754,1.850646042248826,1.3881712250225853
ALG1L2,-1.0098473966644548,-1.131093850909977,-0.6207721580101938
ENSG00000291081,-0.8899395556552925,-0.6331180454928073,-0.3302642327648329
LINC02021,-0.11452915690226104,0.221294509465828,0.0022630811484560275
PIK3R4,0.15266182140190304,-0.044611319677397204,-0.04135331804376818
ATP2C1,-0.3616891093964582,0.025475996167806252,-0.2122492483078667
ASTE1,0.1490714918602087,-0.09308663996978696,-0.12341633554931876
NEK11,0.7882803050105202,0.8592635231790595,0.5651315823793651
NUDT16-DT,-0.18825446319532085,0.36280420253295276,0.2937481788458811
NUDT16,-0.6981497823465084,-0.25722853000960916,-0.5208571996536903
MRPL3,-0.3899017303849739,-0.7093113116462035,-0.3542917276120328
CPNE4,2.3825776114191797,2.230798071659745,2.4216118946130933
ACP3,1.2011380961256535,0.9004210161909185,0.9152901579042023
DNAJC13,-0.09844127023679766,-0.3711553860863113,-0.01356626345758377
ACAD11,0.43040517149610835,0.5943251950593407,0.15734794083724782
UBA5,-0.7207977762629483,-0.5318766150744948,-0.14033039202598727
NPHP3,-0.06782082071454101,-0.5105171325047272,-0.49222334050309874
TMEM108,1.1571694348787744,1.5867271629547481,1.6445901629954243
CDV3,-0.3485322602710213,-0.6311093078173541,-0.23380887819890359
TOPBP1,0.20665288084939706,0.07035804443927064,-0.08676377177376789
ENSG00000291042,0.6475329344350307,-0.22877682366923935,-0.12625257516555524
SRPRB,-0.6621405693699174,-0.34951830227656794,0.025569582870332376
RAB6B,0.025393179188963385,-0.16525113129153368,0.8110214585509823
SLCO2A1,0.35099218717998687,-0.0559403364449303,0.007911299687563725
RYK,-0.6387217231307645,-0.8132601453204806,-0.28429627921569883
AMOTL2,0.0736940896363797,0.0014532675557176597,0.43258493494673184
ANAPC13,-0.28003190630348845,-0.4979600916235256,-0.45116256381503195
CEP63,-0.2693344724682696,-0.0312051152733766,0.2148395029167283
ENSG00000288700,1.7104959640759425,1.281873643652716,1.3305839073923522
EPHB1,1.2220796563361915,1.8960998271175598,0.5662744089584705
PPP2R3A,0.15068144218967555,0.20605668075740632,0.10127038949475058
MSL2,-0.7243624260938688,-0.2261580834627743,-0.22517872861471128
PCCB,-0.34438156828883854,-0.9279629026517177,-0.12106505845238753
STAG1,0.03151116173569324,-0.346108015567463,-0.01148958315801001
NCK1-DT,0.03725141435324982,-0.10703795529589046,-0.36184273768856917
NCK1,-0.28317494352175393,-0.2550751008729116,-0.3650235661011258
IL20RB,0.11242834479481793,0.5654614509730322,0.18591896398891805
DZIP1L,-0.1571276153017998,0.14570307721210796,-0.11482558363601925
DBR1,-0.9601635558766476,-0.40819040881425295,-0.8466160148824393
ARMC8,-0.4432636879575042,-0.6085675654543863,-0.8977239150516354
NME9,0.6150969834504458,0.37643248954122654,-0.4536671743519278
MRAS,0.1684655176501479,-0.05701200552321235,-0.2191658550721201
CEP70,0.7373258503365321,0.5104459990475796,0.042645410213165105
FAIM,0.10717297627947893,-0.19458789118817427,-0.1852856283069571
PIK3CB,0.10882391886001481,0.133030791126199,0.04847414785781717
MRPS22,-0.8292948924912054,-0.3893386513134446,-0.6939050793401798
COPB2,-0.27851946304495095,-0.4551340026353507,-0.15980377149705657
COPB2-DT,0.597254008434188,0.5960148037730484,0.44366503293110426
RBP1,0.2474049593996312,0.4042503146559931,0.8884857054085735
NMNAT3,0.7751316540992689,1.5146332067700108,1.2631287933775965
CLSTN2,2.3383183746678107,4.166642926582114,2.609787473229403
SLC25A36,-0.458982826195502,-0.9124729175753004,-0.6663086645515435
SPSB4,0.14953816427130556,-0.012463673274872647,0.017426508333798624
PXYLP1,-0.00026882154743289094,-0.08415004976415828,0.01668103680545131
ZBTB38,0.08277154278822607,-0.22501287078527102,0.18913665491435686
RASA2,0.10691042735987816,-0.0012666974872565517,-0.05305385757243289
RNF7,-0.6243944829372196,-0.44049280503239885,-0.44264144759091917
ATP1B3,-0.41513481267656976,-0.35047423233207553,-0.4349374699408805
TFDP2,-0.27404559796424266,-0.40404449170243945,-0.1874707583228848
GK5,-0.25328844457070326,0.16441990156083708,0.04357016194811082
XRN1,-0.2186685663526653,-0.4156517251862688,-0.4648811398597843
ATR,0.31286997114705173,0.3469700011821892,0.3791409036658174
PLS1,0.4437361061740255,0.25319791605040365,0.571314739377094
ENSG00000287045,0.7092395252574448,1.090148207390584,1.472476986999741
TRPC1,-0.025389919064270548,-0.06431667317562884,-0.18752618746648866
PCOLCE2,0.9043237978828317,0.7948982734948871,0.6791939796175441
U2SURP,-0.7081766792416069,-0.9833087789532762,-0.9451936396336151
ENSG00000268129,-0.34749433991524015,-1.1980787857017212,-0.7157436292048374
SLC9A9,1.7507631613056844,2.1516468692093866,1.3763822435973871
DIPK2A,0.5167615164926929,0.28411818334510736,0.863695266881134
ENSG00000289986,0.8754769617416079,0.9383404505936993,0.88078167625358
PLOD2,0.8288606651596667,0.727374838027398,0.7224506100953647
ENSG00000243415,0.4074589027780924,-0.4650449703387593,-1.0816075611252813
PLSCR4,0.8598261869576723,0.933072518384261,0.8042613886786256
PLSCR1,0.5249319427256864,0.2786045140660392,0.15187736942819904
PLSCR5,1.1380385759119456,1.3494960040521278,1.1640286564420208
GYG1,1.2486627521991842,1.1329881211831747,0.46561735178636
HLTF,-0.020959415469985084,-0.454985680160803,-0.1487816876266805
HPS3,-0.4102224022365988,-0.05338876592000477,-0.08290045751599355
WWTR1,0.215538820334288,0.35444291293925906,-0.1678222995659482
COMMD2,-0.9631507282288396,-0.48653291920176045,-0.47114955835084865
ANKUB1,0.9014770652044994,0.9680443780342145,0.8611148766979967
RNF13,0.24211143100130528,0.02800210681274242,0.017700076089930288
PFN2,-0.34508585407758474,-0.2010791904999643,-0.27008907169744484
TSC22D2,1.020660278338383,1.1107556820335098,0.8885270806849874
SERP1,-0.14322831475412198,-0.39724143322324323,-0.7029482316508897
EIF2A,-0.15204626942181682,-0.7554137333413742,-0.37867806334519477
SELENOT,-0.6940920977543037,-1.043434741436915,-0.4660618393888179
ERICH6-AS1,-0.3337995779944904,-0.44568310441402653,0.1157781255078021
SIAH2,-0.40125968882474083,-0.4039334562395638,-0.6963963212214992
MED12L,0.9504580642627792,0.9677096515838457,1.2370049974027921
MBNL1,0.2621743122463478,0.8924108133062063,0.5244715179450097
P2RY1,-0.16099395323061574,0.4644284928502742,-0.231809107276483
RAP2B,-0.017078045427410923,-0.6410940376404461,-0.07288612895370152
ARHGEF26-AS1,1.9368715460850652,0.6722817240202517,-0.18289084133716924
ARHGEF26,0.9013034797641062,1.4612288621831198,0.6968217484688105
DHX36,-1.0271904387343689,-0.797504370461315,-0.592864687137876
PLCH1,1.710705947191311,1.8454047672659861,1.3822088798269583
C3orf33,-0.03926447558038508,-0.37857972818695634,-0.5205802399947358
SLC33A1,-0.2668920871110139,-0.4223254642348451,-0.08249456015327541
GMPS,-0.11814553059789286,-0.19220698847125917,-0.5615882054322725
ENSG00000287916,-0.386008198675885,-0.9335138548226213,-0.7405848908125314
SSR3,-0.20083048532136513,-0.08276298370173761,-0.29545563452989393
TIPARP,0.4811803194051158,0.6306824599669731,0.4324492123160475
LINC00886,0.5834769243844065,0.6783209799569505,1.3036162008211392
LEKR1,1.2736490953107058,0.9409751381319005,0.9241456900344039
LINC00880,-0.40949633278672687,0.6057765481340419,-0.8142867672220611
LINC00881,1.122261309285907,0.7556161739776251,0.9044244979638095
CCNL1,-0.43291139059373407,-0.5238139523138229,-0.4422112434536025
ENSG00000243176,0.36599100531851647,0.9322500149213404,1.085595467394743
VEPH1,1.5353971168562879,0.819800692497143,0.5199774558316043
RSRC1,-0.0593089282171171,0.28316353588650855,0.4559713515855179
MLF1,0.6072218533939804,0.6299471232527161,0.29099173149057117
GFM1,-0.6902348786328362,-0.6541477250767754,-0.2504145083862248
LXN,-0.10233921910969462,-0.5039706947690519,-0.30671562928723256
MFSD1,-0.5443478215685182,-0.2736761206246641,0.04554063343124062
IQCJ,1.6645182515661148,1.2982121529011863,1.555431785923016
SCHIP1,0.09719441360167733,0.5530808298344317,-0.08490879475749585
IFT80,-0.32871736784662525,-0.5951093711678864,-0.06063900223951537
SMC4,2.300910949607342,2.1245120446752175,2.0791198013600543
TRIM59,1.427348724155955,0.3874060139518178,0.8411664375323724
KPNA4,-0.25481024405860714,-0.8748970079768377,-0.5606649599717245
PPM1L,1.3832905945890346,0.7731229514307713,1.0713381686585706
B3GALNT1,0.2682333880342149,-0.04010042594491384,-0.19929315978414763
NMD3,0.0939870961518423,0.24834209954773814,0.12532032354789632
BCHE,0.8185863001692653,1.6851359592247341,1.32515299785749
ZBBX,0.7963211255549822,0.6083446769670715,0.770792647708305
PDCD10,-0.8678015768433164,-0.5312088727808125,-0.7916646778105907
SERPINI1,3.388710702094606,1.6247300919255707,1.5664644746962786
GOLIM4,0.8471548862929978,0.6015440894083213,1.1162709791358907
ENSG00000286994,0.035898974457254,-0.27707176489064267,-0.2636616931875225
LINC02082,0.5421264368956678,1.4369066681508684,0.7355316727105291
MECOM,3.4040966261527323,2.611015305203889,3.072244184075405
MYNN,-0.7366328773392432,-0.6066177255831277,-0.5169352491653996
LRRC34,0.6345299485287264,0.02098143315318529,-0.38579558380084217
SEC62,-0.7871899880286897,-0.6469212014071816,-0.7372433534720706
PHC3,-0.290875410010031,-0.14675706735915744,-0.31577965341109154
PRKCI,-0.7512436167629595,-0.5818290183335683,-0.4970368541761551
SKIL,0.009206082142266949,-0.10667982567549211,0.045129608699007
RPL22L1,0.5162702108137758,-0.04311783454161498,1.1105145574367938
EIF5A2,-0.11114136720244977,0.48139659719219446,-0.5519623267010375
TNIK,0.7762299761284766,0.5262650138264,0.5815564553465897
ENSG00000240497,0.03780736367623306,0.34881184505917057,0.12806858476239208
PLD1,0.5066641133687924,0.6787595930988211,0.6972296032277506
FNDC3B,0.5443294890437009,0.2873571360198923,0.6008772021357949
NCEH1,0.5817100969877735,0.7808780200526327,0.9329724556436076
ECT2,2.592065370933021,2.076658797554007,2.282546863237684
NLGN1,2.9317460707164678,2.7946948973485384,2.790300257338213
NAALADL2,1.2316628226040258,1.502767932236381,1.2287656807266032
TBL1XR1,-0.3628193976575708,-0.2117793240648353,-0.3662985576946767
KCNMB2-AS1,1.8807275687792675,2.385071221848982,2.02400780400502
ZMAT3,0.8004218359827462,0.8962062877070771,0.8755056167109315
PIK3CA,0.02766407609004774,0.006648456486278264,-0.10442049281657614
KCNMB3,0.03409584338832512,0.20195078134733896,0.31505215769307776
ZNF639,-0.4022159294079302,-0.7789842750075097,-0.4039158383225753
MFN1,-0.30509369074562187,-0.6336118320129671,-0.5740888854689742
ENSG00000289574,-0.40058077204070486,-1.0130592178471076,-0.5305715561837978
GNB4,0.119658957858121,0.0721732090105221,0.1478833711041928
ACTL6A,0.04918259636694353,-0.1812426789789754,0.05453265143967913
MRPL47,-0.2968099613078649,-0.5431190034555442,-0.45852421242473435
NDUFB5,-0.5949576408284365,-0.5708588595247939,-1.0959630741822153
USP13,-0.14980576059481973,-0.05281877269870704,0.2468197998510143
PEX5L,1.2448472974604208,2.3288903822216476,1.5747350130626216
TTC14,-0.39252369968854955,-0.44118852519166296,-0.7520254062019021
FXR1,-0.9969772468725004,-1.4061508228939061,-0.9302085412247898
DNAJC19,-0.431974787821293,-0.9038620183678603,-0.37487093745661687
SOX2-OT,2.15119321103316,1.9276444003802382,1.6111910840504926
ATP11B,0.22729920428689362,-0.36935578793945123,-0.03632370198901924
DCUN1D1,-0.4565362796787688,-1.245201890669474,-1.014380097728516
MCCC1,0.0064423614153775195,-0.24704885152494066,-0.22075608688777848
MCF2L2,1.2194313412596927,0.5869297189563021,1.028983776482125
B3GNT5,0.13843156266855414,-0.022080822135919286,-0.03197934809268334
LINC00888,-0.4336135357733504,-0.20161787799315786,-0.3009823312864092
KLHL24,0.2555718556517412,0.26602703342804185,0.16377422267767372
YEATS2,-0.4561110230599396,-0.023240061522436455,-0.19489277627682708
PARL,-0.6782135702625105,-0.6653863339192867,-0.4926188455735386
ABCC5,-0.35129002196058684,-0.3196101121999888,-0.26406811567776245
EIF2B5,-1.3054746004751223,-0.5029265330007142,-0.13985423286272788
DVL3,-0.9385552833554875,-1.0475384831529553,-0.47047337249189175
AP2M1,-0.7653773294671495,-0.9105645546809669,-0.3786170056732914
ABCF3,-0.06993781528375462,-0.10356334114633722,-0.20322726242189046
ALG3,-0.398492620774988,-0.5998489096609205,-0.1672296326103862
EEF1AKMT4,-0.9108868780110022,-1.1243625213496706,-0.777159220825844
PSMD2,-0.3793636266619202,-0.8574684493279996,-0.3576767665035377
EIF4G1,-0.1972984302572627,-0.28487110819871825,-0.3041163953945976
FAM131A,-0.5674275848528509,-0.8967333695144788,-0.7165061962049002
CLCN2,-0.6286430154923721,0.3211096758342968,-0.1688750125200009
POLR2H,-0.17268379805335957,-0.8689192986926564,-0.3884207218022304
EPHB3,-0.36664289102378694,-0.4026390425703071,-0.2802571976939099
MAGEF1,-0.5999910625620686,-0.47692906899911597,-0.4746530025166713
ENSG00000272970,0.3337312838472855,0.5375022962544946,0.26967639044951136
VPS8,-0.09804973519201002,-0.10989766950716269,-0.21387763746047744
EHHADH,0.3939627626030778,0.1751329373106855,0.4278728534310688
MAP3K13,0.4851252209968208,0.5224877331345965,0.5407981591294337
TMEM41A,0.47494863077698213,-0.15469552179592225,-0.017023920991768228
ENSG00000286086,-0.39543302409574116,-0.2508453403443873,-0.6731341159665369
SENP2,-0.29329097665613796,-0.7096885310971643,-0.8462938468527775
IGF2BP2,-1.0353772977748044,-0.840591665621357,-0.7953713686319155
TRA2B,-0.6469890401156988,-0.6122469440055411,-0.8419419217853134
ETV5,1.9747895089736822,0.8781742303042215,1.4390460639657725
TBCCD1,-1.414832874406855,-0.10979715711105341,-1.063807681725514
DNAJB11,-0.12269945625851258,-0.5430831420234625,-0.47420431475603675
AHSG,-0.20775064091407464,0.061120682619065905,-0.5532815585336942
EIF4A2,-0.6533511470928844,-0.964601758231737,-0.692344868178882
RFC4,0.9093404289237058,0.32123228422321043,0.8005171061440137
ST6GAL1,0.7376311664962358,0.7697984538292779,0.6923900948248871
RPL39L,0.5289750312215489,0.5603265890373876,0.4598175751665537
MASP1,1.5990874673987747,1.1846491267010144,1.1570079164014189
ENSG00000283175,-0.30152939204753093,-0.3512440337953215,-0.3369347342862774
BCL6,0.36390777288123743,0.6316502898396799,-0.16432450465172013
LPP-AS2,-0.19101754403371624,-0.2828004769049209,-1.1338556719053337
LPP,0.29601637324468305,0.5091425931246611,0.2760048218377484
TPRG1,2.250172017990195,1.8366866147618346,1.4175123327023194
P3H2,1.1012417484201187,0.9168599738555762,1.7737220721729337
P3H2-AS1,0.0814140240639566,0.45381320165927974,0.8365287234292395
IL1RAP,0.9370465038628062,0.7469352539446668,0.9967631224259925
CCDC50,-0.03966075843158023,-0.4927468031003847,-0.316180526526491
FGF12,2.7199509979087644,3.2842739425067187,2.937456515235626
ENSG00000289165,0.7590918331062113,1.2930930247077264,0.808749991603996
MB21D2,0.737954213082091,1.331377253409876,0.7273803399492671
PLAAT1,0.3466909740689417,-0.11209981184961039,-0.28546946087189795
OPA1,-0.3781200493791488,-0.15713390132961896,-0.15888717483768386
HES1,1.3681950914959131,1.5538888787902785,1.628547570523665
ATP13A3,0.053090233487765176,0.07219886788296746,0.7019280450917442
ATP13A3-DT,0.9730538634047967,0.9687545118905411,0.8366452911672261
TMEM44-AS1,-0.08841487072992041,-0.3885711968297408,-0.6672247313425607
TMEM44,-0.651303271197559,0.007326218742360194,0.11416859923474476
LSG1,-0.43951723353162114,-0.6042845275260902,-0.36246744713390194
XXYLT1,-0.024334655990948292,0.0006120584175733653,0.06128154994508957
ACAP2,-0.5274961453342079,-0.40715323568273837,-0.4857777840338286
PPP1R2,-0.21924087381111695,-0.46455419895597316,-0.5302689359283229
MUC20,-0.9257712305928862,-0.36006527060130017,0.02373901205437433
TNK2,0.388161671201658,-1.1426685756563124,-0.09260845421625415
ENSG00000290762,-0.43235893833870165,-0.2681255619596392,-0.3363371266816877
SDHAP1,-0.4352895995992014,-0.5676850259372906,-0.6821261210539903
TFRC,0.021428602799964853,-0.05490368320278096,0.3531060982569336
PCYT1A,-0.2989528503848291,-0.5878572559322706,-0.7241570115065414
DYNLT2B,-0.6306034301033208,-0.7660786013542875,-0.5232622569687209
UBXN7,-0.6276675109161297,-0.7542225443337003,-1.028549479806749
RNF168,0.011852951853963841,0.5867286330722266,0.2283896357490142
WDR53,-0.5292277084945844,-0.6139818247475013,-0.1932307363624836
FBXO45,-0.6236955138489932,-0.09851566776700335,-0.6966881664701035
PIGX,-0.31794192832030527,-0.414313533071237,-0.6429329422431777
CEP19,0.1518108921234749,-0.3462104508255414,0.4411367572235711
PAK2,-0.6655794700814005,-0.7447869404965353,-0.7512726075385032
SENP5,-0.6062909976115947,-0.5699261148894693,-0.13662437423656115
ENSG00000230732,-1.0859732639367863,-0.5875899991779896,-0.11576070794048127
NCBP2,-0.6351533642581338,-0.7908577462048818,-0.6244109351211301
NCBP2AS2,-0.6478551374487403,-0.9453679232125758,-0.8046342739682899
MELTF-AS1,-0.8536627411646087,-0.7608623747091094,-0.6910961010768161
DLG1,-0.1766407508183256,-0.37542275264300073,-0.3235785479960498
ENSG00000289396,-1.4176352757362451,-1.1702574839167532,-0.6424354479728648
BDH1,0.0011977134328340349,-0.07680342225877722,-0.12853598144854672
SDHAP4,-0.24929893639032843,-0.43162040406028634,-0.7471517062556217
RUBCN,-0.7834903809439524,-0.15677098398074918,-0.389068918253063
FYTTD1,-0.5425814087166216,-0.6114473257842229,-1.0722170528942385
LRCH3,-0.6825182160526815,-0.42139274076184563,-0.580868493046097
IQCG,-0.5015703828778088,-0.457303034765907,0.026297616707946534
RPL35A,-0.15364714888531597,-0.1549247801697256,-0.06056030481486373
LMLN,-0.09720850282453958,0.45418553252517674,0.037914573661801315
ZNF595,-0.7305333383865822,-0.45425587379281746,-0.2793578039889013
ZNF718,0.5134470188175867,0.3815089641278142,0.08211943520553426
ZNF876P,0.7463310328064133,-0.05902397484484114,-0.30446062792027817
ZNF141,-0.10974869807570549,-0.3376002684351391,-0.2526338148217988
ZNF721,-0.08181277584313668,-0.327263780313423,-0.34488034128784756
PIGG,-0.4931985634051692,-0.7663486955685066,-0.17106005911457353
PDE6B,0.008031382391706685,-0.8242804560340744,-0.12051311681850048
ATP5ME,-0.3316876933978498,-0.373349089059623,-0.4783762115667223
MYL5,-0.8803398007617851,-0.14384662817088414,-0.3962552709000527
PCGF3,-0.47455182643370014,-0.5245528842943799,-0.5787531182716492
PCGF3-AS1,0.5705002566171942,0.5448994071577609,0.17707146150175382
GAK,-0.7242479572321088,-0.8807739790164746,-0.6587533131899478
TMEM175,-0.1804016826489452,-0.5260353446294523,-0.5137250902652397
FGFRL1,-0.7417735171316054,-1.1662495032083697,-0.602087146192094
CTBP1,-1.2571335098283853,-0.9943541491867087,-0.20080821607908214
CTBP1-DT,-0.0502708816698707,-0.3860723178623396,-0.12883127491391375
MAEA,-0.8683169567552369,-0.9401204067081039,-0.028601232090377293
UVSSA,-0.3563905233199165,0.19824744785486106,-1.0462913713677615
FAM53A,0.6827835497680964,-0.6113073509955065,-0.31789405006369265
SLBP,0.061409843771585336,-0.30766333676069735,0.44971644786436465
TACC3,1.998807946069519,1.473399774445376,1.4916140087392868
TMEM129,-0.747932446035179,-0.9646579634310868,-1.1794071884384643
FGFR3,0.05863558812043836,-0.015970338204628096,-0.01701500372452713
LETM1,-0.5694995851570502,-0.1522631593927635,-0.44265289933235513
NSD2,0.28127496954762066,0.27767903463510635,-0.10522548077388187
NELFA,0.4068090567716211,0.1051772143135281,-0.3019746247983939
C4orf48,-0.37176634491936505,-0.25106016457106856,-0.25501675938892626
POLN,0.598100687616771,0.8329335965012846,0.4674544869201824
HAUS3,-0.22831563789938875,-0.69446796074671,-0.11636417063131081
MXD4,-0.2814410675061581,-0.4004393871861325,-0.04023727314136137
RNF4,-0.32777598562257276,-0.4231661041850571,-0.305365339980657
FAM193A,-0.4703480125111525,-0.7184816719537572,-0.049971156376773934
TNIP2,-0.6336621455674702,-0.44371018272793705,-0.7387877910755591
SH3BP2,-0.20775602849219862,-1.0805400648953096,-0.7891127677342809
ADD1,-0.5833616204553564,-0.8454923925398711,-0.3772772466757104
MFSD10,-0.6159021433981735,-0.9585311982409799,-1.209653022410599
NOP14-AS1,0.024044466636908637,-1.0489026612797048,-0.6844618713237267
NOP14,-0.19299734018031606,-0.35476096194543766,0.09122832887389258
GRK4,-0.3853956306934449,0.3528576120833478,0.03512148352955442
HTT,-0.17921220347804828,-0.32357846162313925,-0.09361058199107218
RGS12,0.007288459977285471,0.27761674222082894,-0.07461897993929516
LRPAP1,-0.8082396367296774,-0.3691216123485113,-0.7166079310563624
FAM86EP,-0.35364454290484554,-0.3425176795457467,-0.3094868871861109
ENSG00000290888,2.206139235163704,1.1132658147389414,0.06740024182047942
TMEM128,-0.7270607818123622,-1.0253663836577118,-0.3450088408692231
LYAR,1.0108716030814264,0.510726300116918,0.5830023028729201
ZBTB49,0.2873642500292775,-0.4909357193602943,-0.1346698901223427
NSG1,0.8960805920974018,0.797882879987732,1.0293292389113837
STX18,-0.37437384731055445,-0.3850331517065797,0.04934735856955194
STX18-AS1,0.5036653007252241,0.5526558472075678,0.6172964063243568
MSX1,2.430290883428416,2.7451229162042026,0.3589880258758456
EVC2,0.6549305996930066,0.052363617064944634,0.32332135126359424
EVC,-0.141645145850962,0.03287111029199961,-0.31935268410339995
CRMP1,0.346748573302623,0.48909498159985887,0.9608388465715727
WFS1,-0.616242693680931,-0.8033165224996957,-0.4490353344452594
MRFAP1,-0.749820861239975,-0.7024819570052081,-0.3731577581285955
LINC02482,-0.22477832734220735,0.1880701612798283,-0.09826605953429993
ENSG00000170846,-0.3017780458755261,-0.7364788793363353,-0.8545150933220107
MRFAP1L1,-1.0769750253730201,-1.0034923337432105,-0.8119836484144933
BLOC1S4,-1.4633594872232365,-0.7895887664836962,-0.7143465281522943
KIAA0232,-0.4517001263933978,-0.6335264815591516,-0.473480423060746
TBC1D14,-0.32048995768993654,-0.3560596081086942,-0.2548846291660176
ENSG00000287104,-0.44041463100595735,-0.17531645978138147,-0.12510807133813268
TADA2B,-0.603602444582343,-0.3002350539248439,-0.5228905318257056
GRPEL1,-0.147750544955084,-0.3383509743597202,-0.05012071285748124
SORCS2,-0.022391518823301468,0.41163414246283386,-0.35668718700924984
AFAP1,-0.11966436635023926,-0.3319611630814592,-0.04068276908262553
ABLIM2,-0.09766636672269512,-0.006357044418138037,-0.2668715199671468
ACOX3,-0.8654249912779797,-0.34981709387890453,-0.03382198007804503
TRMT44,-0.19413849850707263,-0.6259458617903207,-0.39688849081350597
ENSG00000288075,-0.544031721053571,-0.029397434285733996,0.0016179582343056093
ENSG00000287117,0.9278275258344735,0.6600106521003326,0.5554084744632064
WDR1,-0.7075356808605342,-0.5472660585592416,-0.3573093207957534
ZNF518B,0.08430438990543357,-0.005072859023780318,-0.1656312183492439
RAB28,0.2975202398683869,0.003221339852007817,0.2039297594931568
BOD1L1,-0.38722785332244325,-0.589047400807523,-0.36580481370663875
LINC01182,1.9576256202502904,1.2757931655325336,1.485716211756813
LINC00504,0.6930115334839506,1.568781798812502,0.465037969619658
CPEB2-DT,0.6215598915580749,0.7641568221500457,0.851037277998909
CPEB2,0.9764014702641184,0.9588055442531634,0.7456822739592576
C1QTNF7-AS1,1.340639884597774,1.5598332333086695,1.8074840772924148
CC2D2A,0.33324184958248537,-0.034209502318525147,0.21300743229278746
FBXL5,0.31917585184622865,-0.6450482097140872,-0.4104249188613665
FAM200B,-0.20097466676515913,-1.0095041093878372,-0.3265513022066564
PROM1,1.182781710816272,1.4807173350728178,1.1316496475725728
TAPT1,-0.27669702253784934,-0.41373045928224883,-0.33260077755684486
TAPT1-AS1,0.5093775847397843,0.6365892306581422,0.7598143001981192
LDB2,1.7838731046976832,2.1804139181459874,2.279398014107443
QDPR,-0.6045069510802996,-0.7854664358189609,-0.11827635719660283
LAP3,-0.42461868033176126,-0.3633392369936815,-0.6760689427648573
MED28,-1.3777161619856741,-0.7912567257064859,-0.8981498166990994
FAM184B,-0.5313858812216701,-0.8359990311543335,-1.0606239239896773
DCAF16,-0.5406899524479841,-0.9643436746677914,-0.6210008808763697
NCAPG,2.712932877870724,2.6516752232950083,2.397172684036377
LCORL,0.16887682304176718,-0.01761206375893915,0.08220810855199191
SLIT2,1.8690266630901657,2.1498151083179415,1.7258778784752753
PACRGL,0.07982676996068604,0.5415289202266144,0.06460298545493258
KCNIP4,2.5649796926052986,2.920011413670487,2.9259757894550376
ENSG00000250243,0.95525299722242,1.5374129118979205,0.7965823637696587
ENSG00000286318,0.47361620292824474,0.12863929043715677,0.5044719508226514
KCNIP4-IT1,1.10535600641051,0.9618448136103979,0.7586166000693062
ADGRA3,0.021272183430930503,-0.3633950005854593,-0.07131221147438536
PPARGC1A,0.4235573415636686,0.4498893188244643,0.7236081548144179
DHX15,-0.9053571542540055,-0.6062373361273679,-0.7884708393624892
SOD3,0.7459562681302891,0.5910447368423951,1.007729475985812
CCDC149,0.14583976806968835,-0.3636166405907773,0.43927088764262473
LGI2,1.1415180725642564,1.8020964762007097,0.5967596676523961
SEPSECS,-0.5977311323782466,0.3223888909878631,-0.34894102686750017
PI4K2B,-0.037591785090839436,0.1639695496661275,-0.0508789057639092
ZCCHC4,-0.2923739572606152,-0.37290730320249205,-0.4085916400269553
ANAPC4,-0.15420550647538533,-0.10748816587704013,0.09526717993780666
SEL1L3,1.1228728342334726,0.963693929794136,0.6332033064304774
SMIM20,-0.13747457575577468,-0.5963075389624563,-0.3507183558887271
RBPJ,-0.3294440944402944,-0.4171039470553773,-0.15832627868221394
TBC1D19,0.1260468487792288,0.29256240707342945,0.25825461514536835
STIM2,-0.09228483794321818,0.047224176636302004,-0.20483312678303636
PCDH7,0.6571707506186861,0.7495807766080241,1.3219987503793327
ENSG00000249678,-0.482541865365441,-0.5617506005905463,-0.665830263889731
ARAP2,0.7766977066574192,0.8169532616400658,1.1522602209351582
RELL1,0.42037206706875807,0.21296719844166742,0.17647874964758262
PGM2,-0.5367773077727945,0.08143945441012694,-0.1358684472394991
TBC1D1,0.18401298007458072,0.25702655383221545,0.13304418190642758
KLF3-AS1,0.7389675894085848,0.35085259153206394,0.6445787776126366
KLF3,-0.2736706393985884,-0.11233994505670353,-0.17783136229291324
FAM114A1,0.6547343487498374,0.5492811604827175,0.5590182100313186
KLHL5,-0.04234233774096908,0.02681685730789585,-0.013480105184090239
ENSG00000249207,-0.07422682876670099,0.33729746182648407,-0.2956554072105462
WDR19,0.3324413602172917,0.2096823631657258,0.10829680293936053
RFC1,-0.3162556628477518,-0.37444884575988974,-0.5449520970858543
RPL9,-0.3205725412246209,-0.22911925031524308,-0.2024613941657787
LIAS,-0.1658843896042086,-0.1921661926982025,-0.2607926202533797
UGDH,-0.3133956442565839,0.05813649673931213,0.08919882179769807
UGDH-AS1,-0.027550776562879575,-0.08773640784245268,0.02957026389114142
SMIM14,0.3191934486580906,0.41893591770874755,0.20244984039179678
UBE2K,-0.7054740291377151,-0.8715725316212755,-0.5947301095745595
PDS5A,-0.30536343675921523,-0.10555025868841034,-0.6277971968591379
N4BP2,-0.20871596584161267,-0.11473114725330187,-0.3414625500779209
ENSG00000260296,-0.2701147976508195,-0.9181556547219395,-0.6954433277742247
RBM47,1.4139865337101298,0.8477945700947592,1.6226158082217275
NSUN7,0.42922242223292173,0.7453279425397811,0.5032187786536966
APBB2,0.9074366799892211,0.7301371590462118,0.8204391224324928
UCHL1,1.1406208856607485,1.3107072565545472,1.1783523290584235
LIMCH1,1.5736184761318484,2.472939093339697,1.653130950761966
TMEM33,-0.1534241639125753,-0.5605309887460806,-0.3944176910718546
SLC30A9,-0.36850323318463646,-0.927258095371009,-0.478477659611432
ATP8A1,0.8879686720234828,1.3671124203096703,1.1935475730032081
KCTD8,2.5892140209340866,2.3456578173348532,2.238425618596466
YIPF7,0.5259130839317016,0.4736390100660444,1.2121153507276254
GUF1,-1.0359478789794032,-0.8508407379870349,-0.15239564976321412
GNPDA2,-0.23220117414502534,-0.35018411747293854,0.13413900632428258
GABRA2,1.7306383772628209,1.0992240641602748,1.5661462981454548
GABRB1,2.391419438400561,2.31457477690493,1.8808988647678362
COMMD8,-0.8219946789100909,-0.8492953256591456,-0.44948751305533824
ATP10D,0.2866748524446692,0.08425081827341079,0.1243222893632244
CORIN,1.3439892530592363,1.5995899147776722,1.2544898012682495
ENSG00000282917,2.6886075560369775,2.0689222876011293,3.327717232311226
NFXL1,0.12384764461177503,-0.3593710210143471,-0.010605443511863627
NIPAL1,0.550474891115538,0.49715583824067616,1.2515664427001454
CNGA1,1.0142060133423634,-0.7602687224969494,0.759982172908515
TXK,0.8041173161032412,1.0300414112640546,0.7154028783346327
TEC,0.7850746864391418,0.46765247313534175,0.6008099479218956
SLAIN2,-0.7096264431443231,-0.2923177719460241,-0.7143006531689124
FRYL,-0.007120232319902442,-0.10906037970582363,-0.30048683837882356
OCIAD1,-0.9189481722678785,-1.1005908022424684,-1.1433502661579737
OCIAD2,-0.3662743009483442,-0.011224751434152538,-0.3058949209742146
DCUN1D4,0.13088650253279965,0.05927653129120361,-0.11732357490574326
LRRC66,1.1320495965857447,-0.3442282551910339,0.2639644749220799
SGCB,-0.44440811485324977,-0.34910039260260106,-0.5959753040975074
USP46,-0.5042752795873965,-0.2815794166415983,-0.35369904832797516
USP46-DT,-0.9441849591483376,-0.14273533565894428,-0.39970369045814286
DANCR,-0.1580991570216171,-0.28872585472464246,0.025484872557406335
LINC01618,-0.6417272508881524,-0.6010198242736031,0.04028994343576652
RASL11B,-0.8187984233373946,0.022241495901852173,-0.1457949311869165
SCFD2,0.8903712170802898,0.7747164104222718,0.6506053591724132
FIP1L1,-0.4789830471987564,-0.583829409633328,-0.7527567489561022
CHIC2,-0.4460486104319551,-0.35564427078941213,0.13075586818569823
PDGFRA,1.199256111878924,1.0869586326098002,1.1316348380878054
KDR,2.4219984736048374,2.6674863308666765,1.5909234181946346
SRD5A3,-0.07215787652177144,-0.4065073706533475,-0.2569902447630099
TMEM165,-0.8125178922268894,-0.3780646322807684,-0.5610034509384256
CLOCK,-0.14395580288048396,-0.05787292218364119,0.16503367081172363
EXOC1,-0.4182222775516706,-0.3549378666447644,-0.2831546138564391
CEP135,0.8051838418553671,0.7106881096068526,0.8285403059643919
CRACD,0.9802705475789254,0.6560659699618654,0.7671145589915901
AASDH,-0.3580851534096183,0.06728232649306075,-0.47885775950767245
PPAT,0.21425758454126514,-0.29622787704315806,-0.05491387156737207
PAICS,0.0827435973792276,-0.09155659550119928,0.11047116915224459
SRP72,-0.6278787335517748,-0.44931000338376503,-0.5076993039015
REST,-0.619181014353856,-0.4782841392983172,-0.7168900618817631
NOA1,-0.6780102287095958,-0.22826857960003014,-0.07339170638142176
POLR2B,-0.6844638547481452,-0.9765812632885372,-0.7391358278292408
IGFBP7,1.6474266643380133,1.7792340624353535,1.7985123221998371
ADGRL3,1.5711482799471703,1.8338539696803977,2.1471316106256033
TECRL,0.854823582608157,1.6232307659141139,0.7336048257033951
ENSG00000249413,2.550936041494314,2.906538074165777,1.9257721953897473
ENSG00000250075,0.3745180319548141,-0.2207187793238355,0.17006753084936932
CENPC,0.11065494905077243,0.6680771529223009,0.209016495400359
UBA6,-0.3043369169950942,-0.4838527074816313,-0.6933069683819255
UBA6-DT,1.1662319058603536,1.1279892953821893,1.1179347954562893
YTHDC1,-0.6542447286480595,-0.8948853079574804,-0.519207559843725
ODAM,0.776845973548081,1.0940441503672744,0.7369284161323293
UTP3,-0.9317448879774126,-0.8309441712645622,-0.3387326109549811
RUFY3,-0.12969288050602396,-0.044467405729506033,0.16899526863509712
GRSF1,-0.8103712815225705,-0.87584670343605,-0.8571136410377705
ENSG00000289019,0.28784603937404535,-0.5582715915952611,-0.02321093164346518
MOB1B,-0.03036058657054853,0.026649543451558448,0.028099957648414844
DCK,-0.23752248608995072,-0.11606518561384149,0.33583080905976453
SLC4A4,1.4611831992928686,1.4166251363527032,0.9503440768910352
ADAMTS3,1.2379653270011381,1.1033091191999347,0.9391927902204316
COX18,-0.246036115271302,-0.6366484908055092,-0.0013510701689227619
ANKRD17,-0.35635655113168957,-0.34613442783482645,-0.32045011945212926
ANKRD17-DT,0.7392615038088232,0.6134866131896182,0.3220902180122635
AFP,0.2652867120599432,3.1444095320365193,-0.7905175077370679
MTHFD2L,0.06761018445434183,0.029695767190194258,0.3065322870339706
PARM1,1.2435819232167198,1.4274205644902054,0.7962852245958096
RCHY1,-0.6540636330566159,-0.5139026605484852,-1.062577940366392
THAP6,-0.3936290146132641,-0.24575167872949774,-0.036788864838960905
CDKL2,-0.7358957574442151,0.404672556943865,0.38944081380902773
G3BP2,-0.5783585989732815,-0.5364259389833173,-0.5255998074896233
USO1,-0.5394205717193864,-0.4488649512422285,-0.2837000338555917
NAAA,-0.2879344680086398,1.6480211043186195,-0.01650976457703026
SDAD1,-0.437296930268257,-0.5345347451150566,-0.3949159280949637
ART3,0.810504843548145,0.5582415002759227,0.4382504817328723
NUP54,-0.703490629338738,-0.3312064281418614,-0.4599611189534372
SCARB2,-0.6374692975094476,-0.3892669464541144,-0.6285510718260278
FAM47E,0.32821413190403353,-0.3099670627523459,-0.26275239253536503
STBD1,0.1423059093788658,-0.5607642028578184,-0.413986727536674
SHROOM3,0.6495310018585235,1.0998543798291962,1.058143882229384
ENSG00000289586,0.12042626990404408,0.4273509625048568,-0.079071035889612
SEPTIN11,0.24894698887592526,0.1597675414291189,0.013852574114398627
CCNI,-0.4117877470574314,-0.4479606268152559,-0.5652903513591133
CCNG2,0.4856012694269047,0.8251254307412346,0.25199477398737
CNOT6L,-0.06916232719997237,-0.15148422065719913,-0.36726892151482815
MRPL1,-0.2621987772000481,-0.3379125004606287,0.015507096665167863
FRAS1,0.6735751929200546,0.7797378036312991,1.396032122766595
ANXA3,0.9507655003246853,0.9536302874979191,0.8332035895885213
BMP2K,0.4705738427050967,0.8776058000239749,0.6112309071257229
PAQR3,-0.15355756254163921,-0.4916916692058422,-0.3189994626842961
LINC01088,1.125765324757527,1.2202301564643,0.9257632401849277
ANTXR2,0.7344362426111032,0.7978925741599846,1.3595226038414197
PRDM8,0.1329984854725979,0.39568254343010884,1.2970669152651944
CFAP299,2.318536715364189,2.6146618552707253,2.264917210992639
RASGEF1B,1.0129386481333995,2.241290628851303,0.5258012000105481
HNRNPD,-0.3051967777857279,-0.3842882512558817,-0.36199435183161915
HNRNPD-DT,-0.6740511294100776,-0.7099853999077935,-0.033645860149071935
HNRNPDL,-0.6031920760229176,-0.6003622162273032,-0.36630354559206063
ENOPH1,-0.359252546214524,-0.3120053010239659,-0.5670834052349606
TMEM150C,0.8760522076945563,1.262166692137594,0.2387104033343022
SCD5,1.0146482351665789,1.4433548053254057,1.2128546373937468
SEC31A,-0.6246909015427845,-0.5431671115503072,-0.5379052763634354
THAP9-AS1,-0.14610022685165797,-0.45497204986365253,-0.5220553989930324
THAP9,-0.468739298624211,0.16584532860302292,0.05210449403751134
LIN54,0.42076900727183636,0.2741318732777173,0.34656351365194027
COPS4,-0.5942555254594701,-0.9963885408588843,-0.4729077557543527
COQ2,-0.49064564631404295,-0.6738321928060601,-0.3153647105431965
HELQ,-0.03142072438246762,-0.842998440131808,-0.18720839953873283
MRPS18C,-0.6526458392972784,-0.7431819255580017,-0.446157264669953
ABRAXAS1,0.0716472999393396,-0.12181264127141131,0.003943102099125159
GPAT3,1.6696392476244064,0.9984385661250421,-0.09692983284577034
LINC02994,2.842663128503517,1.5275826737757825,2.462722581643252
CDS1,0.8965060800477999,0.3963065065053329,0.2174428324230107
WDFY3,-0.08077414830421507,-0.1422672110192487,-0.10578275953937674
WDFY3-AS2,0.3113246624909464,0.2789434150099303,0.45299167201691043
ARHGAP24,1.5560243322001135,1.0989248931385056,1.6103141380841244
MAPK10,1.138766016000865,1.0142964419431735,1.1221563078694778
MAPK10-AS1,1.677656557241832,1.9308264804640665,1.2899836720305409
PTPN13,0.8033197102118698,0.7365781131045779,0.5537440837583175
ENSG00000284968,-0.5049424410043635,-0.006967008780897299,-0.36779454605182244
AFF1,0.1484001873127454,0.07934451217037612,-0.07188814334149636
KLHL8,0.19714306387949074,0.16782072828398495,0.3182782816046234
HSD17B11,-0.44994722240908663,-0.31268869547441724,-0.06587392343862317
NUDT9,-0.8631841918487311,-0.4902619124638861,-0.36348586149888357
PKD2,0.17201875735965894,0.19183777012927541,-0.15078815352765318
PPM1K,1.3270894048581745,0.6165150326217131,0.6023107823962874
HERC6,0.2959419993201137,0.8519464241715369,0.14978436268726722
HERC5,0.2908135395269404,0.6011429541133886,0.13951688061488818
HERC3,0.7737009610428026,0.6691127554192704,0.3235540857472863
NAP1L5,-0.5025876953958424,0.0764774663449437,-0.2965469243592693
FAM13A-AS1,-0.22687870543969169,-0.08717760289045272,-0.4065638845890263
FAM13A,0.21571354179133803,0.1922451633941691,0.4572377348854424
TIGD2,-0.35235756359575987,-0.4813388016633589,-0.7103269845301092
GPRIN3,1.0091065342180485,0.8769097963114624,1.5291721019438818
ENSG00000251095,2.3845711169654784,2.04748077910628,2.7098351139300867
SNCA,0.6802122931643702,0.8770265483961489,0.7806656152577744
CCSER1,2.210097439496515,2.195640237425895,1.9341919468711062
GRID2,2.379680169606516,1.9934054351354078,4.296646709901207
SMARCAD1-DT,0.3806731585074914,0.1215649914455064,0.6420929819806176
SMARCAD1,-0.7792025008431018,-0.8451679019971579,-0.6262650246202348
PDLIM5,-0.21716226105861486,0.021847476519946327,-0.1882949164040309
BMPR1B,2.031433057630128,2.2182171427730175,0.7317396858730163
UNC5C,1.4787678823232184,1.9964532095821177,1.2617663963928045
UNC5C-AS1,-0.6054693771833791,-0.23168976578322284,-0.02901433666626835
STPG2,1.47059605446238,1.7765914597923214,1.5949667307733435
RAP1GDS1,0.42209753607549055,0.13993125990610275,0.17268641018364042
TSPAN5,0.8396197177982643,0.8501254863631083,0.8771351019820735
EIF4E,-1.090982815497572,-0.656835993203771,-0.7089566742335869
METAP1,-0.43115593756540704,-0.3717968201483011,-0.261202552759972
ADH5,-0.8217088809879058,-0.622697856705301,-0.4974147444824873
ENSG00000246090,0.7260063354827152,0.93073231827006,0.5089026255712596
TRMT10A,0.21542546800822743,0.150408229965052,0.35334317484198147
LAMTOR3,-0.6874651810365117,-0.6992447744383306,-0.2775237878711962
DNAJB14,-0.415017014572129,-0.39881234791090486,-0.18560852749401496
H2AZ1,1.954178562382225,1.4075958989772452,1.5352847816191222
DDIT4L,1.3432599733481574,1.7071024351565853,0.8490804025220732
EMCN,2.977665489320543,3.2181705118814605,1.3553952621686705
PPP3CA,1.1316385134767337,0.8374962480967484,0.5332937055375844
FLJ20021,-0.7751823626552367,-0.08598704690907152,-0.5378999168772793
SLC39A8,0.722125717714455,0.4320039155370345,0.1983312021619028
NFKB1,0.38138934141581865,0.49116474609101246,0.22541046364008116
MANBA,0.6030564411420514,0.5685029397296049,0.5186967702709957
UBE2D3,-0.9533776800481597,-1.0326777903991804,-0.9618461859457561
ENSG00000286242,-0.6448438513547501,-0.8386079019350525,-0.7697007414438488
UBE2D3-AS1,-0.2974402976461548,-0.05169484170804855,0.5106314820889359
CISD2,-0.8729594229043087,-0.262634634075635,-0.28891187381367445
SLC9B1,0.11021659298513246,0.347314280314297,-0.08062417343161243
SLC9B2,0.07435861455094893,0.5617777269668629,0.32607798440649916
BDH2,-0.6659888058030249,-0.7742956899068716,-0.6840003143068643
CENPE,3.323335527141051,3.281554927093566,3.2965337790350766
LINC02428,1.9306453385241795,1.953698780574495,1.6470952518492332
TACR3-AS1,1.2583632555662483,1.5400949104342452,1.1703414315897476
CXXC4,0.3958333487635421,0.31522851530133167,0.31173584576161417
CXXC4-AS1,1.3909875099655409,1.8955774990959107,1.8271221034999954
TET2,-0.4147863673210956,-0.10088143085738109,-0.035553936767442444
PPA2,-0.774610416050109,-0.38324640640622576,-0.51486179264311
INTS12,-0.09238859064257808,-0.4052220501745616,-0.3920045876394837
GSTCD,0.961329342570707,0.22911871079048401,0.14535523908957868
NPNT,3.280139371899594,2.4126586340776477,2.752362805885607
ENSG00000249635,0.8313350617479749,0.6847473349260262,0.6544742413573275
TBCK,-0.1760388844918132,0.021639120283197037,-0.20335619637537755
AIMP1,-0.7398560416175748,-0.1265823281763829,-0.49443708031222394
PAPSS1,0.3461971360527478,-0.07210732371021318,0.5469116104898895
CYP2U1,0.005731738000516725,-0.38443310428368,0.2665132966758321
HADH,-0.09881280660683699,0.05697010643725511,-0.10041235554595217
LEF1,1.5465126551386525,1.083746897622742,1.395799845847364
LEF1-AS1,-0.3084469641705461,0.40053129561908557,-0.7462748061013116
RPL34-DT,0.34922195365736647,0.16612690136492253,0.2521732009090876
RPL34,-0.34057285055718006,-0.15956484876496013,-0.18295466914277725
OSTC,-0.4937749517034468,-0.5600742628329343,-0.48525148821293135
COL25A1,2.510001112462522,2.2417839815384397,1.9963907616660066
SEC24B-AS1,0.19415285266050825,0.41636674670725077,0.5019589838269951
SEC24B,-0.25439129409527433,-0.21160367767546262,-0.04098190516343788
MCUB,0.3627308825977913,0.4690807845390772,-0.26964840669051426
CASP6,0.056562434452306555,-0.2021824237108518,-0.3416506574203098
PLA2G12A,-0.4563247409542407,-0.3547134039645173,-0.3966371796139115
GAR1,-0.10393724941732431,-1.0320417336068743,-0.34372695265340525
EGF,0.08666471712767897,0.8721409462776356,1.4239110056521795
ELOVL6,0.7856776371940981,0.824644088727375,1.0646368773878194
ENPEP,0.869478707925758,1.6525939542160692,1.132792553490571
PANCR,0.6621854937219958,1.1218164236201353,1.2017623170765184
PITX2,1.6232728569084145,1.7178612086543623,1.9027703470065305
ENSG00000250855,3.070536436778628,2.8386888401025985,3.317621474463987
FAM241A,0.7079006158299137,0.34169635570124873,0.7443420417402002
AP1AR,-0.10838335764679032,-0.04712982978571747,-0.1270449786746362
TIFA,0.11377322684424478,-0.5815276573891949,0.21208786671834892
ZGRF1,1.1055242315915592,0.5203328605898783,0.8201565186999212
LARP7,-0.44530627886885915,-0.6942362400205297,-0.8173211034080197
ANK2,0.6790043037244189,0.8283860852605898,0.718571267165668
ANK2-AS1,-0.406571552760493,-0.2387172047515307,-0.6272956801868191
CAMK2D,0.9583197295738728,0.733276841292973,0.5124589605575558
TRAM1L1,-0.6484870735977388,0.012198155735674811,-0.02421954182137043
SNHG8,0.4646756777438164,0.09494047312117357,-0.07607436489439584
ENSG00000291201,-0.7917843469341577,-0.45087648095531907,-0.4729506809729073
METTL14,-0.6306068829682517,-0.5596461904159717,-0.4981168136507499
SEC24D,0.716306548455595,0.8387992244516091,0.8261972885726719
SYNPO2,2.0671758294042206,1.7371868510097563,1.8005541359262622
MYOZ2,1.0542588411732368,0.8727431990520209,1.009807509386352
USP53,0.4496413254035297,0.31520932315455147,0.5715700339633365
C4orf3,0.30962346974558846,-0.20182842709559873,0.1741949316458111
ENSG00000291202,-1.099285248003035,-0.8093098406582548,-0.6318514910213652
ENSG00000291203,0.652542762379662,1.5903696926767275,0.8831625455014186
PDE5A,1.5409633812641594,1.8047853427493443,1.5848682237711706
MAD2L1,2.146422665699532,1.8928386976614888,1.8994595855764196
MAD2L1-DT,1.9540212985087635,1.98992267911677,1.6510511344955496
PRDM5,0.22509006744865095,0.4349784158264107,0.19935647800323147
NDNF,1.1174176013544148,1.4542327103247104,1.2624827045186429
ANXA5,-0.2771138074444402,-0.2293887481346317,0.06246183902441868
EXOSC9,-0.17168567794593417,-0.30981181885778847,-0.07097236881565294
CCNA2,3.0410613625456726,3.0034116170523077,2.725923527463408
BBS7,-0.2420614451533929,0.18874745780404828,-0.006781806360102383
TRPC3,0.8410344835761344,1.9081252792748806,1.5011103437868485
ENSG00000289342,-0.2804125650968388,0.5279332673101784,0.486785698877025
BLTP1,-0.06857583860375978,0.1488906643790031,-0.12336795502972109
BBS12,-0.5104217477743482,0.13900003385599288,-0.34296525604067446
FGF2,0.28255556510634955,0.175557941750501,0.5323511856357577
NUDT6,0.21831157748788863,0.09013806576300361,-0.6513034618685579
SPATA5,1.1087864093367088,0.6767636565759929,0.49545258258216407
SPRY1,0.24083274712225497,0.9583468135720317,0.8359542509075801
LINC01091,2.535227991722852,2.173755786378617,3.7495355938765584
LINC02516,0.8952784006240755,0.2100243455527283,0.5025719217369193
ANKRD50,-0.10187397242780347,0.15276049072327424,0.10559891809283774
FAT4,0.9051078219166796,1.2805298180368183,0.7634678107790763
INTU,0.015749711696546532,-0.14558540596477695,-0.014529077133524065
HSPA4L,0.7630323529784064,0.6235691042020228,0.43811853553206603
PLK4,1.4413700069743207,1.576922232192448,1.2927679748355487
MFSD8,-0.2747671256670827,-0.3662093510134418,-0.09462328577748738
ABHD18,-0.13956659430278864,-0.025170064120590724,-0.19451619253918292
LARP1B,0.5687446350239078,0.3015008272468976,0.43581009514845803
PGRMC2,-0.007805989296329603,-0.2935366650658935,0.0932011116765707
LINC02615,0.4679397786367936,0.5767209954822086,0.41817375792346567
JADE1,0.49497341592553573,0.6492181253315792,0.2448101193372381
SCLT1,1.5910509735524947,1.1204471945373413,1.4689576288444783
C4orf33,0.32116572058163945,-0.03713514458145541,-0.49086010910096084
PCDH18,0.13178743338785284,1.20381527569333,0.354794646877334
SLC7A11,2.376352411370519,1.8203769916069525,2.5531423670925193
ENSG00000250195,1.0978624576694784,1.2619807048788054,1.7250776975449504
NOCT,0.4015237386507771,-0.05644245374213246,-0.143292571047521
ELF2,-0.4710400096666056,-0.3480672152028639,-0.1981852485707271
NDUFC1,-0.42009676369605486,-0.6696883603332536,-0.39685209338957605
NAA15,-0.15141387934012937,-0.4117928918329312,-0.37628435215890826
RAB33B-AS1,0.5814353041797027,0.26654274369115427,0.3853060326274829
RAB33B,-1.04655252251548,-0.3258234852060653,-0.4360666495721652
SETD7,0.21367583836053675,-0.0725978161218137,0.009079696661135705
MGST2,-0.8440782222415741,-0.33410219951607084,-0.28569811058160255
MAML3,1.1763730611281886,0.7257627613332165,0.6992703933728102
SCOC,-0.7083197336547364,-1.001870585113931,-0.7956749802927625
SCOC-AS1,-0.08847245758683892,0.7202923536604934,0.8673248717604345
CLGN,0.3269580259971221,0.7326457073266006,0.3855430757918121
ELMOD2,-0.3189715215404831,-0.5130942020699756,-0.3234542226975528
TBC1D9,0.28344013748797536,0.6190041965400859,0.8394255441142313
RNF150,0.8463759764129221,1.290971219045602,1.0215022146236983
ZNF330,0.34475233980430525,-0.03421135316476408,0.16226185120849126
INPP4B,2.3881347584638313,2.1863056211734637,1.7410632251008487
USP38-DT,1.4787129356346327,0.2269944712885809,1.1440872400492843
USP38,-0.047504619400822234,-0.7544463159639463,-0.12072283646286056
GAB1,0.29737199009814574,0.20676112908890337,0.2015524604069299
SMARCA5,-0.6546373986322074,-0.6406208412797235,-0.5785410559711508
ENSG00000251600,1.9717194214709757,1.9886787862487658,1.32834463259978
ENSG00000285783,1.3320661334671868,1.0685753818352133,0.990301524365261
HHIP,3.252781505170727,2.04918696435519,2.0004985360045033
ANAPC10,0.14149906801107906,0.1549271254687526,0.24188957240046
ABCE1,-0.14160272603372448,-0.40634524221958307,-0.01851700936171592
OTUD4,-0.4851416521377452,-0.14379913215312,-1.1414192047267981
SMAD1,-0.11705391937745804,0.08991767920256784,-0.1317026308500538
MMAA,0.266774346801359,-0.15667793063692764,-0.4055756518033639
ZNF827,-0.24390499653291187,-0.42168784027812833,-0.06174354191762181
LSM6,-0.7229800695893012,-0.20957816335424084,-0.785048383998884
SLC10A7,0.7617695249160796,0.2801988807587853,0.6560209056646116
EDNRA,0.777396049343359,1.0935697110711544,1.1333482103677994
TMEM184C,-0.3423760714680349,-0.21968647387535606,-0.5429592196906653
PRMT9,-0.48011469672831447,-0.22672023265835867,0.2951341571427122
ARHGAP10,0.8858725910594245,0.7312751069272707,0.8695269018236295
NR3C2,1.395561350883689,1.3417258410607182,1.0623237840002169
DCLK2,0.6526083130440483,0.9084411798222618,1.5394402090677985
LRBA,0.1355220879989644,0.0041794627180281214,0.40379009427332235
MAB21L2,1.5801618644889786,1.3840408892266858,1.9730226245455817
RPS3A,-0.42174658125802894,-0.22557245651722904,-0.23257954920044274
SH3D19,0.5890935943939972,0.36778208129847195,0.6376882713042349
FHIP1A,1.513124026663661,1.20640956641747,0.800138222565451
GATB,-0.3221834260950515,-0.40164230244841914,-0.3937608775789131
FBXW7,0.2299335823132544,0.029020286910924467,0.26352188930666287
ENSG00000287555,-0.30251572523839343,-0.1678616462725771,-0.14407436042184327
MIR4453HG,-0.8720637765885684,-0.6706570858130547,0.3284872954430611
TIGD4,-0.4964322512477217,-0.00339069014331983,-0.011058058315359873
ARFIP1,0.1067243244966569,-0.08530535587542688,-0.6262967935132053
TRIM2,0.3467655063938722,0.37243191105599394,0.37231828234828873
MND1,1.7439950455163036,1.899473965907891,1.585292141224766
TMEM131L,0.41331692538800263,0.9420204746080323,0.6531843230552887
RNF175,0.8896629048735035,1.4088047694915247,1.0719923225272154
PLRG1,-0.34990581072221266,-0.49101771588169296,-0.7376542728129962
FGB,1.0416222661825785,0.5541129303943109,-0.5441610719863199
FGG,-0.4006287458000237,0.813165106407414,-0.8596144270464237
LRAT,2.3631780568895486,1.7270520099179052,0.9236346311275446
MAP9,-0.46804748574674454,-0.03375124311256524,-0.5076368869181138
GUCY1A1,0.9542153735248391,0.6932304742164882,0.8883603706828255
GUCY1B1,0.961933852740149,1.0055590241989023,0.6492833859103762
CTSO,-0.12986195631916075,0.7588152567481002,0.05710634521291165
PDGFC,1.1480730061293336,1.062526151924427,0.5818507733439552
GLRB,0.2793957454947353,0.7207425925298628,1.1784799325206805
GASK1B,0.5154157018790498,0.7136576196809123,0.7240619175611336
TMEM144,0.38188151756431665,-0.12193611538316415,0.8018837787709855
C4orf46,0.08049727515214047,-0.30220480580912584,-0.5136993039757735
ETFDH,0.23370540550037694,0.19035271836993323,0.20972184347429138
PPID,-0.39565403943739247,-0.19915715859491462,-0.5014708281613132
FNIP2,0.7322497655294455,0.4755885039504335,0.9105234342123154
C4orf45,1.3899883547809893,0.20561927843246514,0.6803812437074015
RAPGEF2,0.31705306458260907,0.24186666085638459,-0.03772412387036539
FSTL5,1.9792172825908487,1.9330315876590731,1.6760251847721506
NAF1,-0.4774388001979873,-0.028400049785513966,-0.2985210715786977
NPY1R,1.0040309853486917,0.8913203399347865,0.4926232770014636
TMA16,-0.1792360361914867,-0.30248632026934535,-0.0885382558003229
MARCHF1,1.7357760250084446,2.290248888740763,1.6610038238875582
APELA,0.4331370664290973,0.6765459082510219,0.580958318928161
TRIM61,-0.16506254362542447,-0.2445173215773586,0.2109569271271035
FAM218A,-0.49073993678196,-0.7667729882866077,-0.2815659291913803
TMEM192,-0.17651815168242996,-0.31716816563298883,-0.1520410630450862
KLHL2,0.7915066693643809,0.780003530371637,0.6790745042397646
MSMO1,0.7985074606934575,1.1330634573719855,0.916033265037214
CPE,0.52227445005893,0.3374231456898223,0.3987373141279278
SPOCK3,2.391791029753584,1.7738680204051747,1.4265146526012735
DDX60,1.0002170619170059,-0.011531323928352322,0.24700808122119258
DDX60L,0.32578289072825933,0.0784615939245974,-0.1251018224951821
PALLD,-0.1871207872390563,-0.07310768077641146,0.09198758829441897
CBR4,-0.03358853474550115,-0.37968908306795157,0.09447139407124185
SH3RF1,0.8502219214632197,1.0849159240467792,1.0011670900749685
NEK1,0.01912245305828364,-0.2906454364000269,-0.07369784716345865
CLCN3,-0.35091944021687377,-0.38636412929250946,-0.44735528460313745
HPF1,-0.1787570762627233,-0.34098397486308235,-0.27552264891489026
MFAP3L,-0.7580782666964119,0.12863352207750012,0.13415608003899485
AADAT,0.3886893413514088,-0.5913093404024147,0.010620169819798547
GALNT7-DT,0.5189215393411288,0.885563542437758,0.26420013484490573
GALNT7,0.3240016588185917,0.348300494892598,-0.2536923906351731
HMGB2,2.7699134617736423,2.749359609134455,2.5305411085105938
SAP30-DT,-0.010063321014182927,-0.1678275912756994,0.1567710505559745
SAP30,0.18987783840256253,0.10916825602077654,-0.41340443493660567
SCRG1,-0.8978278127591109,0.17851443701188074,-0.4671088819983354
ENSG00000288025,0.3562197827198687,0.5339839569509657,-0.01817848953855616
ENSG00000288776,-0.6273813574820011,0.25659975667590024,0.20550335624312047
HAND2,0.43829268446530983,0.8856194994569931,0.8441002885730667
HAND2-AS1,0.587076990946226,0.9008674716295353,0.6652172921843302
LINC02269,1.1581208290388751,1.1464947505114509,1.5788426832590687
ENSG00000251216,0.7368268062081746,0.42231239757012057,0.3556421820840398
LINC02268,0.5011065495968197,0.8597169713106148,0.6088328218796093
FBXO8,0.13201512882740826,-0.5002349991369711,-0.7659765584401157
CEP44,0.2959709194200712,0.07224368926668139,-0.31954583953560345
GPM6A,1.9383295981142297,1.8379986170041498,2.1121540519169457
WDR17,0.39418032092471117,0.596008488293382,1.0991667730359147
SPCS3-AS1,0.008079245570943546,-0.31301175856253494,0.1244686564818168
SPCS3,-0.3883449280905822,-0.6396782960957346,-0.4730459439557002
VEGFC,1.8549487956508095,2.4666007825704455,2.295279892451944
NEIL3,1.8913705689040867,2.1106196429585644,2.044557287805141
AGA,-0.35315202813198,0.07206024383274821,-0.3119626780227093
AGA-DT,1.8764005972332818,1.3846336723411774,1.3911025697832997
LINC01098,0.6475967712793462,0.9077935121160544,0.8798308472863817
LINC01099,1.855014578361379,2.104853010027959,2.003491378281236
TENM3-AS1,1.0089408349423152,2.4707782559425233,1.386581705366467
TENM3,2.3013710017251103,2.4036824814783238,2.059791710290696
DCTD,-0.8437105039450294,-0.3206680293176731,-0.38573297028384357
WWC2,0.26947937262377053,-0.0006970954054174617,0.10519164365168265
CDKN2AIP,-0.03824633583898421,-0.011932788926305468,-0.1342510167161955
ING2-DT,0.12663866039182636,0.41580942052631903,-0.08875029386831194
ING2,0.17681886843274688,0.15373153475199783,-0.14780601436169147
RWDD4,-0.13863165282737808,-0.6204198303983405,-0.5686318114799248
TRAPPC11,-0.37575461817164424,-0.18847322100561564,-0.2816659054159238
STOX2,0.6988072608950554,0.8928468154884045,1.1474600618598458
IRF2,-0.22626233149090433,-0.6884245870399681,-0.6332625829594107
LINC02427,0.7055314652902034,1.0969375168144282,0.09816392420721338
CASP3,-0.8592523977719217,-0.5485531103315502,-0.5614249700423529
PRIMPOL,-0.06870425302392398,-0.2298232930867208,-0.12684059399801131
CENPU,1.9387315087413484,1.8363997714329265,1.8011531210827911
ACSL1,0.04045358352383483,0.34709250506175593,-0.23770399117361757
SLC25A4,0.23775206994369205,-0.1257499305766565,0.11581888799983976
CFAP97,-0.27338152255478937,-0.47218645104581825,-0.6948993995482518
SNX25,0.18459439506640865,0.2857881533391299,0.09498224275970195
LRP2BP-AS1,-1.0884151398940745,0.13309098154592647,0.22963371409408853
ANKRD37,1.0171275705285296,0.4352556406193528,0.7322899886742641
UFSP2,-0.5407112103552797,-0.957181444147288,-0.3468635229953208
C4orf47,0.46306676571450467,0.2888431029986798,0.5560287491757379
PDLIM3,1.091956001675367,1.9381488159452154,2.2994684260176577
SORBS2,0.47189650640384423,0.12673357676384356,0.45781260530663204
ENSG00000235902,-0.7130502448578433,-0.28242153106426926,-0.7779489994325886
FAM149A,-0.0777954581200433,-0.23621269321197141,0.08196147484661867
CYP4V2,-0.3534635721731867,0.3992056029543214,-0.1570893141603272
FAT1,1.0222775562256459,0.3533157650415965,0.20660361320303267
LINC01060,1.9143088194182454,1.2561086693039876,0.9197776117313161
FRG1-DT,1.0794128565714658,0.9754517453979155,0.9851579103511341
FRG1,-0.46176229502409066,-1.1441521541756678,-0.7704186917181025
PLEKHG4B,0.2268752977663944,1.0067827395340672,0.5707478598126343
CCDC127,-0.9813615197692123,-0.4908671270657977,-0.13273201080439984
SDHA,-0.6598574528057027,-0.4771621139890527,-0.5740688281413888
PDCD6,-0.9619331104544102,-0.9642152556578693,-1.0794939287178593
AHRR,0.7039144949783208,0.6202722006260366,0.5325282776510178
EXOC3-AS1,-0.3257060594054693,0.5715966682488975,0.10646806030285554
EXOC3,-0.3736966512298636,-1.0174887058332374,-0.1886674198102796
SLC9A3-AS1,-0.7374386409245339,-1.292694338379686,-0.3108676854701678
CEP72,-0.3435820137334673,-0.050691825721635594,-0.9418428516003735
ZDHHC11,-0.7671411774445147,0.043688920261423875,-0.7475649051512079
BRD9,-0.22680708195561297,-0.42608338235570287,-0.47438469140413625
TRIP13,1.099923352006897,0.06750709413346802,0.563120500031296
SLC12A7,-0.6739126603048328,-0.54132542078327,-0.5504349081546743
CLPTM1L,-0.1435914193890824,-0.31229131241346053,-0.31521702713822825
ENSG00000286388,-0.3936584565474419,-0.6694458030158934,-0.6947992324344732
LPCAT1,-0.6683956889990944,0.14074985977392637,-0.003640781528932992
ENSG00000291055,-0.5258941305298102,-0.676825000860994,-0.1592423558349339
ENSG00000291079,0.205425431427603,-0.24030542298354624,-0.6396414117601523
MRPL36,-0.18640757271020897,-0.37101457737356114,-0.4173663823653726
NDUFS6,-0.1975599581676661,-0.278467896901784,-0.10801879895426586
IRX4,0.13640734470632757,0.8910726283152003,0.0447903960730045
IRX4-AS1,0.05213349796001049,0.34534558852018543,-0.03916421868972716
ENSG00000248994,1.448400827260592,1.6136414955703344,0.9275108839880133
IRX2,1.2471984379258672,1.3138930718542667,1.3318727255036222
IRX2-DT,0.9542382197114634,0.9044547838312696,1.3081749166678378
IRX1,1.3537182194867903,1.4415579627972477,1.5829315528799448
ENSG00000286753,0.7238853028860888,0.30890556796052243,0.2450654005919119
ICE1,-0.4381091871017055,-0.7504110017326298,-0.303636592900503
MED10,-0.9756403858449936,-0.9360758179067618,-0.5912192480344558
UBE2QL1,1.0667809643886024,-0.16485477172392038,0.199442973247205
NSUN2,-0.49567911734701303,-0.6916430610317618,-0.5333431956288059
SRD5A1,0.1318199605267516,-0.13084826311566644,-0.04554946182127036
TENT4A,0.31346309621429214,-0.22738153796547075,-0.0905875770595941
ADCY2,1.3435705417858266,1.9100779708717042,1.6448437054263252
MTRR,-1.127402745686645,-0.10851904521134514,-0.3746562687028466
FASTKD3,-0.24829173008668456,-0.4817746523095998,-0.5053515575213758
SEMA5A,1.3005410200755279,1.6164311120628412,1.3373547032797433
SNHG18,0.17652553353182657,-0.08357960419522212,0.02214235660931872
ATPSCKMT,-0.31784264714683275,-0.35096385691983656,-0.0703536374291574
CCT5,0.0010442734729139772,-0.3937515677487617,-0.09732462184891238
CMBL,0.0710662348006181,0.23723841424775563,0.6562023640090686
MARCHF6-DT,-0.47513012592594706,-0.49705265851935815,-0.11838732251699467
MARCHF6,-0.7955246340675401,-0.795342361843776,-0.744397745098798
ANKRD33B,0.8011940633161528,0.6770594307784243,0.2485292966235413
DAP,-0.1153788949323342,-0.3285914931380028,-0.08965601195157186
CTNND2,0.7931155518420177,1.195404441557347,1.3805714242129667
TRIO,-0.01189393410405876,-0.2128261259328354,-0.10489862596915596
OTULINL,0.07649547117071262,-0.5747587436619915,-0.29043752807907813
OTULIN,-0.5218837476699782,-0.6610240323977443,-0.2632571281042146
ANKH,0.4155449287981625,0.5035318975559697,0.19585968098729367
FBXL7,1.2642500596107684,1.5365812859257861,1.6283334945650356
MARCHF11,1.7529473018516697,1.493447127095763,1.3804291543784828
MARCHF11-AS1,0.9981015047748478,1.3443639487264356,0.7379157622198277
ZNF622,-0.40481844640124004,-0.5455526986640321,-0.35579301141928704
RETREG1,1.0261196279690985,0.24638001784557767,0.7022307172956666
MYO10,1.1154947263788735,1.0588092680000862,1.5609080331651555
BASP1,1.4538652683567008,0.8510700725474826,1.8363681378054189
BASP1-AS1,1.9440172448444422,1.0324792051006426,1.7303159134889228
CDH18,4.559596736698008,3.176588677386327,2.579377841303888
LINC02241,-1.3381776100579117,-0.07277486288052519,-0.9446993741546095
GUSBP1,0.2979872768142399,0.4292599914843152,0.3852186920490048
ENSG00000253766,0.4131942368067989,1.87044906798128,1.1076203530569408
CDH12,1.3689299804306252,1.7918785511452882,0.8955438726159491
CDH10,2.2556755348414157,2.077291918209621,2.3417784897077567
PURPL,2.6628123029445447,2.741658940984646,1.6082774046647863
DROSHA,0.18461386405352798,-0.42756279359386085,0.0451959833327038
C5orf22,-0.8532291732455769,-0.42743476331246194,-0.17777204742260014
PDZD2,1.0723332872008875,2.629263477100306,1.495324186619733
ENSG00000250764,-0.4684590605257241,-0.01104417499079349,-0.9404740559994416
GOLPH3,-0.41586362404082416,-0.6791028163457006,-0.5129467087619021
GOLPH3-DT,-0.8643083005856519,-0.09351635332177469,-0.9542194802566897
MTMR12,-0.4060390915763427,-0.4447401090430745,-0.392657103739932
ZFR,-0.8025423893017454,-0.8037698864939031,-1.1849772188760355
SUB1,-0.9225224629088942,-0.9562399135941426,-0.9279946023326957
NPR3,3.812640528726888,4.3460561112039855,3.5032131477687507
TARS1,-0.6085784097817387,0.04482545141783239,0.026321199003501067
ADAMTS12,0.9511189477202748,0.9080313818873619,0.7864981646488544
AMACR,-0.20537489381982615,-0.4427273780413507,0.025619500829556417
C1QTNF3,-0.291871212710447,-0.05908896234599223,-0.42554863176881247
ENSG00000290548,0.15608709579582222,0.36717282762032605,0.1360412028513628
RAI14,0.9449320218222822,1.1710862358321528,0.9115374246179577
TTC23L,0.6303758408246694,0.7926564499783842,1.0019353165788374
RAD1,-0.32644721809911914,-0.80554882043608,-0.414821460981603
BRIX1,-0.2420273906798798,-0.10575443017744851,-0.2110155889003877
DNAJC21,-0.813239075846063,-0.7020503813930787,-0.9937449154668947
SPEF2,0.4952856625309358,0.47202991904684316,0.3907792064074443
UGT3A2,-0.5618371218420714,-0.9573800795364669,-0.19246923800674057
LMBRD2,-0.08561051593620303,-0.5595571295573372,0.04042432228088096
SKP2,0.5004927252251079,0.11943322225415551,0.045276230336281025
NADK2,-0.38345463605344676,-0.4860506237641786,-0.4006298028029321
SLC1A3,1.2787944433897174,2.0523079621463545,1.547614867036927
ENSG00000274441,-0.1816465311557956,-0.409973832736032,-0.3632746610761756
NIPBL-DT,-0.3735830323026051,-0.6528598129108795,-0.6595382019955345
NIPBL,-0.4591388089189863,-0.5353099451061176,-0.5093445238706948
CPLANE1,-0.22521075207957608,-0.1901023375292183,-0.13447133507056466
NUP155,-0.21953916870237222,-0.03284403638981457,-1.0039006444866345
WDR70,0.03751457130686834,-0.21625399388111438,-0.20340539729102147
LIFR,1.0045545158605265,0.5349272242428995,1.1111727816641945
LIFR-AS1,-0.5053910671277819,0.25579679818209305,0.0532374992401117
RICTOR,-0.21808561691625886,-0.015083602276412485,-0.18418266059351757
DAB2,0.5919819274048166,0.9148567146334479,1.9383184741975938
TTC33,0.08451224407350101,-0.023586943864067657,-0.13038320906332504
PRKAA1,-0.513419456656802,-0.4075513299697171,-0.7995929355854976
RPL37,-0.19347081729511473,0.13052833770973388,-0.024771390058498675
C7,2.109053436889617,2.488704299888518,2.6311187986367415
PLCXD3,1.8566169218478805,2.401041024492983,2.0178212527893145
OXCT1,0.02686811452613111,0.08697307584503375,0.2554121577518807
RIMOC1,-1.0187074992911356,-0.46104513422973525,-0.3572270773024684
FBXO4,-0.45214097801274983,0.30837190412765025,-0.16068161733164388
GHR,1.5378759944267273,1.4421419828326485,1.633754005678444
SELENOP,0.0463975984116515,0.7162502314196253,0.47485008421336866
ANXA2R-OT1,0.3104671352306418,0.612002681639602,-0.4721833000188696
ZNF131,-0.1673946848670837,-0.48477356408039535,-0.6032813377627876
NIM1K,1.5318006350120825,0.4863099384201277,1.3679533984780186
HMGCS1,0.9762691844360667,1.3419880041037047,1.0920334692093654
TMEM267,0.3074550342170532,0.2683263082722327,-0.07028787650430952
ENSG00000249492,0.4739990314100666,0.23601765931190496,0.17477016341831225
C5orf34,0.9171925682569508,0.9773746692279026,0.6894083667816346
PAIP1,-0.5660727318040699,-0.9600736069952731,-1.0464994593394898
NNT-AS1,0.07263357208184835,0.09656950128917438,-0.14607529519916437
NNT,0.04651461035696503,-0.09021308567564287,0.04085126762426239
FGF10,1.8355349448238876,1.6845124071684268,1.659373467849246
FGF10-AS1,0.5957552577355578,1.1754069549742319,0.6799427864760155
MRPS30-DT,0.25972906817507996,-0.12169222287210246,0.009737009979797723
MRPS30,-0.795178376631835,-0.7643732249650554,-0.8850085545146094
ENSG00000272335,-0.6480455861350941,-0.015590350056786715,-0.2857648011428324
HCN1,1.5492594893361318,2.3591511310462376,1.7164875719478232
EMB,0.4473726336646883,0.3950299151358223,0.3978130172920089
PARP8,0.5126907203694877,0.5728805700791817,0.7516263313382616
ISL1-DT,0.5012263158647343,0.5887808618685426,0.003563656062773574
ISL1,2.5058929976045725,2.2101368101884304,2.6356550561974466
PELO,-0.9929304840971227,-0.21348465146850878,-0.07799657024644097
ITGA1,2.2134801595238436,1.5113096228459852,1.7275246886100248
ITGA2,1.2934093645201763,1.582267926668635,2.095896307140542
MOCS2,-0.5191500282187995,-0.2977061190722275,-0.4246443044106485
MOCS2-DT,-0.9109871682217978,-0.7961865943728661,-0.41753499655001036
FST,2.4509487680371436,1.8491442275557723,3.260778718386433
NDUFS4,-0.7389921544166995,-0.7419989134227585,-0.7889730932751533
ARL15,0.5726979411786991,0.405862029084556,0.7235807519691164
HSPB3,0.9112589075506001,0.48888550887566135,0.5063642553059502
SNX18,0.3189480198730443,0.06412876041739683,0.07283500010790782
GPX8,0.04032668759334255,-0.382521916143137,-0.1742465123120987
DHX29,-0.45372400500309235,-0.3068388315123194,-0.13410680762185834
MTREX,-0.8299039332785192,-0.5952750597777053,-0.6849138637766145
PLPP1,0.403475849451187,0.3820912051397371,0.44755576131382213
SLC38A9,-0.12413519407027351,0.0812183414308726,0.1703193898558873
IL6ST,0.9950684274549423,0.04524220468279347,1.3324773449425606
MAP3K1,1.1109853662594809,0.21625050710845528,0.5792447115022874
SETD9,-0.21493243837604584,-0.3856011531215664,-0.860761766940513
MIER3,0.011329758464953077,-0.23861884701552327,-0.552050213750107
GPBP1,-0.8490955351642384,-0.9832229475993693,-0.8531122679916194
PLK2,2.131189705240626,1.9288785029856719,1.8774231791859108
RAB3C,1.313550440142194,2.6943638709434765,1.536582449482907
PDE4D,0.5273781055308397,0.8195420625866633,0.37610854823805434
DEPDC1B,2.136580468474893,2.1838554959572853,2.057766187398819
ERCC8,0.010474464760861297,-0.00802343480569331,0.2621799134066016
NDUFAF2,0.42016249131107486,-0.12327245068326324,0.07970872305848783
SMIM15,-0.6373272430284587,-0.5271392831642672,-0.5756969285474831
SMIM15-AS1,0.18292055028153692,-0.19872141439864777,-0.025136670073443695
ZSWIM6,0.38601686823435344,0.4427864259738534,0.6364185584109059
KIF2A,-0.3833209987085624,-0.39641170024191663,-0.49977476185116737
DIMT1,-0.467744554709757,-0.5431010852218918,-0.38220143362000775
IPO11,-0.08950619678677187,-0.012277913665425208,-0.1817945277853568
RNF180,0.5517076193229258,0.9272270141064745,1.42113416142152
SREK1IP1,-0.29882467543024305,-0.33746012706732026,0.036957275514271914
CWC27,-0.21307643298540313,-0.49028926956044927,0.47936439168207906
ADAMTS6,1.4272296296205393,1.9583520166160024,1.883576659195727
CENPK,1.7905138495949693,1.7992108009179901,1.7487389599014875
PPWD1,-1.4229211203167793,-0.5831396091485067,-0.5121991229181121
TRIM23,-0.5255601141139259,-0.41968502372778727,-0.5740414606364439
TRAPPC13,-0.5332687754036378,0.06097633798231428,0.16922839127023437
SGTB,-0.18986910708806098,-0.4454750308465983,-0.12182897452643007
NLN,0.20888900269845218,0.34013750754443345,-0.07697739323706189
ERBIN,-0.1902789691464903,-0.5409938280408575,-0.3657988018001745
ENSG00000286314,-0.2241028807644874,-1.4738709749741545,-1.2824189561148849
ENSG00000285999,0.18096982858638458,0.2245264199977725,-0.20238340095372107
SREK1,-0.9014198665358713,-0.7090834614451396,-0.42247906644242766
MAST4,1.2645743611389122,1.3307015307242125,1.1150778475693954
PIK3R1,0.29723874584463067,0.5354211586580142,0.5019683310590678
SLC30A5,-0.32420659595084084,-0.27721091295604333,-0.09636721269436421
ENSG00000248664,0.178008768608013,0.948651790438923,0.8000213553906584
CCNB1,3.093516962796169,2.807892013387857,3.1190237566406687
CENPH,1.3109262897662504,1.3421236900550504,1.4193026087536784
MRPS36,-0.4849601595727152,-0.4747359097246005,-0.2820260863689299
CDK7,-0.1555380641488533,-0.16437439218197977,-0.4051398394002277
CCDC125,0.06193091597799596,0.6255900339370085,0.591650426009746
AK6,-0.5251954112401975,-0.3162221662338105,0.11687475523196157
TAF9,-0.3202724961245878,-0.9490494950017094,-0.8797793322099743
RAD17,-0.49312780324130046,-0.4556181711316256,-0.1724563882633845
MARVELD2,-0.0880596831275184,-0.22786565293353084,0.7525737849478169
OCLN,-0.27515695591426587,-0.31819777709429786,0.32320456401276937
GTF2H2C,-0.36830084573778527,-0.8392692788926405,-0.935900197701649
ENSG00000290560,-0.4231997833942778,-0.9548951077159984,-0.42818770434142195
ENSG00000291220,-1.1815234739998388,-0.7149210194012312,-0.36437903403415467
SMN1,-0.45525160917495106,-1.338403183160775,-0.5883659577457045
NAIP,-0.1846836800221432,-0.9542365880679,-0.778328033116658
GTF2H2,-0.9181264025949255,-0.5164858717200644,-0.9437672369446624
LINC02197,1.6981337445742817,2.367287420967653,1.4096017146074793
BDP1,-0.8011018666079153,-0.6555558559081477,-0.22409887816861845
MCCC2,-0.21251684096250406,-0.06312094826181175,-0.2096272441474128
MAP1B,1.0741206339946814,1.3533328397832456,0.7233207667999793
MRPS27,-0.07426152430665311,-0.40049622865450024,-0.0483913289722331
PTCD2,0.09258785532915678,-0.43053187282931654,0.06029014738045279
TNPO1,-0.4647224749343408,-0.48935123988538726,-0.3981738289844899
FCHO2,-0.21924455378560023,-0.3534242094106972,-0.54858218212593
BTF3,-0.32860740911968017,-0.275654579288382,-0.20665414859330872
ANKRA2,-0.35854686708546873,-0.7236414947722807,-0.7466817831386905
UTP15,-0.9714603693629726,-0.300262118427952,-0.3399146072897281
ENC1,1.9724716691395017,1.966060212778224,1.1766672120587849
HEXB,-0.060434933235793374,0.02355171802475544,-0.7223279666064109
GFM2,-1.4676982815301045,-0.38007729887313246,-0.5417735261955804
NSA2,-0.35983267031523164,-0.15671075806076115,-0.46883532858998583
FAM169A,0.4255244676670457,0.6115074502558429,0.8234666057817249
HMGCR,0.34940794588251484,0.7044477132140159,0.49717887435524943
CERT1,-0.103815466338741,-0.3966050672732351,-0.41204104452697615
POLK,-0.46816799506713735,-0.2829922652303409,-0.12655920448927918
POC5,0.3454072479874774,0.08089066909353089,-0.1557234205565195
IQGAP2,0.8880023985344998,1.3294898677884568,1.0233241842015381
F2R,-0.1698184652487029,-0.2736207283876588,0.3859963729860035
S100Z,1.2382915506784506,0.8933653230353968,2.156037526829369
CRHBP,3.322138398919197,3.1963462124171897,2.9506668940232395
AGGF1,-0.3524110629121324,-0.09821326715805868,-0.25329103826939203
ZBED3,-0.23680343535889037,-0.7895978229507072,-0.08392398090837008
ZBED3-AS1,0.4984474085316393,0.3302896698375121,0.4149284827464967
PDE8B,0.891635306672356,1.3129493922172557,0.287735678769252
WDR41,-0.588016136792941,-0.2872037341338647,-0.5011062144862137
TBCA,-0.6307719874458898,-0.8373536149350471,-0.8145911701818775
AP3B1,-0.2841546698804436,-0.23481465907744686,-0.10240062426047208
SCAMP1-AS1,-0.21341394630186986,-0.3072847802042986,0.14146056664782589
SCAMP1,-0.3210023111675113,-0.4532894598506622,-0.30472664714779546
LHFPL2,0.6898648378950156,0.40992221438509807,0.6810902851422007
ARSB,0.9731320600372654,0.7048135461323816,0.39791132374012156
DMGDH,0.7446219994512191,0.5362548644108784,0.8423816376827701
JMY,-0.1995548116300405,-0.03797498884284774,-0.1544310248737979
HOMER1,0.7735922681835915,0.577112893105582,0.5603722617630494
TENT2,-0.2072430588661333,0.1165181615245992,-0.14455291587992394
CMYA5,1.9949448785521398,0.8315465463102357,0.7704519253722316
MTX3,0.040511193826656404,-0.792147310181921,-0.6946903665645756
THBS4,0.7409230280691829,0.1262979831637985,0.38284167526539653
SERINC5,0.7043974978265696,0.7037482628275739,0.8024181827041161
ZFYVE16,0.27110523137624304,-0.2870218557712611,-1.017759017353555
FAM151B-DT,0.07966110007016523,-0.6963320119297443,-0.656422402026358
FAM151B,0.3290651917943954,0.7903031637128386,0.5783270886974954
DHFR,1.348506987770918,0.8089614270405184,1.3932578309666503
MSH3,-0.29067949508415575,-0.11462049069659132,-0.022978446766511958
CKMT2-AS1,0.008274046183082284,0.2610762390431312,-0.12874449359037504
CKMT2,0.4056413618200913,0.24843915150830753,0.3713497234286969
ZCCHC9,-0.7668232383632798,-0.26585105654762836,-0.32144411182051513
SSBP2,0.10943424062428526,0.17495185591331003,0.2916659401657001
ATG10,0.6860597207980454,0.7313959103488158,0.7995345511887847
RPS23,-0.20801201937451455,-0.09868283548515677,0.06565505800168311
LINC01338,0.8592351529590055,1.1796041677759241,0.8377342541434558
TMEM167A,-0.33485692655390403,-0.30561451998714523,-0.3185596255529077
XRCC4,0.8481802023652064,1.5582519161953456,1.990837066082328
VCAN,0.5567489785214974,0.31635668843638237,1.0052460680612398
VCAN-AS1,-0.16963357404705448,-0.05192783197438189,-0.3383760128729598
HAPLN1,3.1754319915974456,2.2808230393219056,3.9317321969887544
EDIL3,2.1033768996719715,1.9323527580492375,2.4918254737801853
COX7C,-0.3732652470696678,-0.3355890771238634,-0.710259658077014
RASA1,-0.038158783280220335,-0.3962652403704006,0.02667391511203117
CCNH,0.13082654954109077,0.3993270497269243,0.37793677081421967
ENSG00000287862,2.0762585490235885,2.1972487199374626,2.00616525769426
TMEM161B,-0.5894710543874631,-0.2306081229373333,-0.2227655374662021
TMEM161B-DT,0.6156342288283412,0.4777328414228598,0.9822986622391916
MEF2C-AS2,-0.13557014031160014,-0.28361065510947725,0.11403547570150252
MEF2C,1.1131057363769248,1.1117667379986678,1.0755747253808146
MEF2C-AS1,1.594375873973224,1.5652149548749037,1.2636020383219488
CETN3,-0.7023570321898092,-0.3091098365235361,-0.809456729230746
MBLAC2,-0.9347921932469382,-0.10385482001027663,0.008267884641565365
POLR3G,0.7073951732639011,0.23940751848848768,0.07694801203929208
LYSMD3,-0.4028034580719897,-0.14782993592762494,-0.2389664144924382
ADGRV1,0.8703014444360234,0.7679240972070503,0.8995789154146615
LUCAT1,-0.03760357962395846,-0.06472582495928592,1.1813941073467902
ARRDC3,0.22512035913863207,-0.051322901430246815,0.14200083811806152
ARRDC3-AS1,1.2514331288906355,1.326340471937094,1.173120136120204
ENSG00000286121,1.1354192130698948,1.2833910188302475,1.273324338620661
FAM172A,0.28314278563522416,0.34811426100731774,0.2081617666217462
KIAA0825,1.6327103109970764,1.2356744675005125,1.3431714767163463
SLF1,0.4882849540894441,0.038563822564167786,0.2270168629471528
SKIC3,-0.6332245907484017,-0.4514911759187576,-0.7289047477149424
ARSK,0.16240343412145816,-0.1598845863921242,-0.03444166392302607
SPATA9,0.6100742959262249,1.2409154867202652,0.2700885337358514
RHOBTB3,0.30235208699957994,0.43684454206271534,0.2012085167837653
GLRX,0.030234605735778044,1.8059181777561086,0.798223578836236
ELL2,1.2755082546267715,1.2740741672127385,0.8146839429380037
ENSG00000251314,1.2474702544266876,1.8805567708233113,1.2702050082525425
CAST,-0.3730116401443269,-0.3899215457089901,-0.5030853666592776
ERAP1,0.061875780286108184,-0.12959615782131456,0.009132558686452727
ENSG00000247121,0.6266257073067294,0.7447434147329838,0.5432436452940017
LNPEP,-0.3903988773424593,-0.21284817703611486,-0.18773632867267764
LIX1-AS1,1.1467806306440913,1.0373857012192147,1.09275446284326
LIX1,1.0103487403975073,1.194772484880172,0.5407136870088145
RIOK2,-0.9734580334695586,-0.47347007100721683,-0.624017209312214
LINC01340,1.176155024559911,1.7023655800070259,1.720671888894131
RGMB,-0.3883284011834043,2.758450512728622,-0.3764970308911621
CHD1,-0.5083590856150089,-0.5379850434802691,-0.4425441969454056
CHD1-DT,0.5917555651108445,0.6324357586455527,0.4277778717342535
FAM174A-DT,1.038936355340649,0.807691316862698,1.4893312508784504
FAM174A,-0.7396110393828756,-0.3342802008965436,-0.6416514560189731
PAM,0.955489165521172,0.9712597637817665,2.058318845056535
GIN1,0.09701832190297567,-0.3676013893717354,0.2792931030258252
PPIP5K2,-0.047940963856067505,-0.1626150355391473,-0.3266654387147128
MACIR,-0.9728936701434847,-0.09650645992312695,0.4224896318110289
NUDT12,-0.014013445711956552,-0.4861171928345201,-0.6898428299684659
EFNA5,1.8571823108009333,2.3570243225045715,1.771652191361401
FBXL17,0.40981859256060466,0.46859890463531784,0.40229778650434866
ENSG00000286503,0.055316233188030216,-0.29469675071567286,0.5945364944164027
FER,0.4854572309071727,-0.0637010481020468,-0.1039630799356494
PJA2,-0.5855864407901983,-0.3570679341621457,-0.4063199306993006
MAN2A1,0.8961388364027272,1.0256816008292198,0.7094372967153219
TMEM232,0.9221457475124453,1.0173766755721836,0.9896711769348876
SLC25A46,-0.47837875253344814,-0.4536104483970257,-0.452831679096878
WDR36,-0.6086115802157543,-0.39186149526383574,-0.23544711216468522
CAMK4,0.8359961794055195,1.3152056764960278,0.17831900631711767
STARD4,0.7480375525685652,0.45326548300426595,0.181737560449907
STARD4-AS1,0.09922417065066115,0.6889661989045379,0.22920057380266462
NREP,0.1378780809457538,0.6749342551246489,0.3851946207831105
EPB41L4A,0.518832063179012,0.42532040467591153,0.5160247946774951
EPB41L4A-AS1,-0.26297326657529047,0.0028506716797593815,0.31732516540323635
APC,-0.04010576392326466,-0.3791015014772406,0.03567190802557354
SRP19,-0.569990426986717,-0.6789854621967493,-0.7036046105893234
REEP5,-0.9584749456776116,-0.5504918633409979,-0.6907224286905418
DCP2,-0.05218395785263044,-0.5280566504342943,-0.05373329131400692
MCC,0.2514308586910268,0.2899296399455621,0.48726328017690795
YTHDC2,-0.09614489282779809,-0.1044880886154616,-0.1604103863792688
KCNN2,1.7138669889773865,1.789238884961959,1.304576498010782
TRIM36,0.2258729707875169,0.008999598052064052,-0.706765734275578
PGGT1B,-0.6305741667951992,-0.7364153008258363,-0.8026284896267839
CCDC112,0.1192383335622402,0.13049721192067318,-0.17716931649273704
FEM1C,-0.43133312182888517,-0.17451421650900298,-0.5072967575424202
TICAM2,-0.13456206608363175,-0.05941705066764414,0.5242515920051538
TMED7,-0.6986311101741549,-1.3319182798348415,-0.5740270114169235
CDO1,-0.07136894867971581,-0.07343703134413465,-0.6968221678655055
ATG12,-0.6630905991163303,-0.45526927753430624,-0.7854561371051432
AP3S1,-0.4257852617418863,-0.6254879039087625,-0.4193939478374809
COMMD10,0.41779698293724005,0.33309484501753767,0.40428517078381526
SEMA6A,0.9454186462182896,1.2446911406954797,1.482484465221134
SEMA6A-AS1,0.2664440223422985,0.43449897856987013,0.33810456086434104
LINC02208,2.492804244419297,2.2184106747780383,2.7249823765451104
DTWD2,0.3786374222124103,0.28196062312403214,0.3738468268317163
DMXL1-DT,0.6234629724562453,0.5480176909169323,0.6420206965860089
DMXL1,-0.4155734107536126,-0.5488393749604867,-0.0753559319119255
TNFAIP8,0.4303753224957596,0.25351103896440114,0.8177390319650152
HSD17B4,-0.3019174938487943,-0.5198863464050519,-0.7634970832331369
PRR16,3.065191131119928,4.300019100003794,2.7052599848972427
SRFBP1,0.046657887604975905,-0.18222471431007392,-0.24250931307709675
SNCAIP,1.3040162373867723,1.430373059581708,1.5153725702895606
SNX2,-0.41804158058172186,-0.45421110135439596,-0.6919281927430135
SNX24,0.13683337234097329,-0.042642583747113647,-0.08943490047597531
PPIC,-0.07668790107421936,0.2800131940462123,0.18933012305209124
PRDM6,1.7244345725808579,1.664133066248798,1.4180154236376659
CEP120,0.28079664976852564,0.016671987357430217,-0.2816912804772862
ENSG00000288766,-0.2113570033948768,-0.32194203762703566,-0.7143573511011283
CSNK1G3,-0.2021874402117944,-0.1373031460439016,-0.45340167651118085
LINC01170,2.58513753489531,2.384821529716376,2.4278773032305168
ENSG00000248296,0.8963221972301164,1.5650985892360545,1.3509918934295122
ZNF608,0.6855613965054275,0.5594778103294509,0.48164068133240073
GRAMD2B,0.4823257922820652,0.10391383220609282,0.38449016427455973
ALDH7A1,-0.732827187006599,-0.2970409348711805,-0.19328912706851037
PHAX,-0.6431195893238488,-0.6894153271212105,-0.7040196661094313
LMNB1,0.9415647507681904,1.0906987263382142,0.8134291285359474
MARCHF3,1.522949822369089,1.4982750867870536,1.298257172613237
ENSG00000286615,1.0570197848596372,0.6068244247275558,0.9138572735102207
MEGF10,1.2127756780480148,1.6941698647580523,1.325021331496842
PRRC1,-0.17778942242996362,-0.509534798706909,-0.8724627813972283
SLC12A2-DT,0.42585154424606125,0.3890337884491935,0.5315047632211004
SLC12A2,-0.029366096563485704,0.29857501887549637,0.3613254602204811
FBN2,0.32609285815777866,0.5493307832239296,1.0812842747310754
SLC27A6,1.3303929699309656,1.62836462425852,1.5325330884176864
ISOC1,0.2916366305321105,0.6762414313049447,0.23329731438375836
ADAMTS19-AS1,0.7490543260424651,0.6678393309122902,0.6608332191638269
ADAMTS19,1.4870607238601856,2.5056628447382856,1.2254407707816775
ENSG00000251680,1.3053260004276481,1.4016215647559847,0.3366755088790257
MINAR2,0.8094682519310724,-0.7091372820237538,0.3001320755002652
CHSY3,1.5530611320852827,1.7766776653279948,2.0292320581579943
HINT1,0.25815726715344667,-0.1073136590101136,0.3853754686138054
LYRM7,-0.015606936512778391,-0.1580590508807447,-0.33157480173844434
CDC42SE2,-0.5569370907009166,-0.15087886668924005,-0.3293589504862063
RAPGEF6,0.00452752173703181,-0.2175992028706056,-0.23742917399893318
FNIP1,-0.06207290226614143,-0.10586998618846627,0.14076703864022025
P4HA2,0.21857167875789327,0.0021820001084299646,-0.36492020256202196
PDLIM4,-0.05434026559638381,0.03796498757735739,0.4823575920290857
MIR3936HG,0.3701514138060169,0.12380573494684545,-0.13920651624648528
SLC22A5,-0.32374600322661345,-0.5172554331899804,-0.07993121633525038
IRF1-AS1,-1.046981441460261,-0.8898954418913014,-0.3653552301023311
RAD50,-0.2880730135289653,-0.16830996580717536,-0.5424547832698535
KIF3A,0.14445565381122083,0.20606369780876932,-0.2781040878110978
SEPTIN8,-0.306366041237684,-0.8479948154031298,-0.3315250633297673
UQCRQ,-0.204757149029593,-0.2616821105262446,-0.32626824052134756
AFF4,-0.871676079895348,-0.8332799592930868,-0.29206866310907026
ZCCHC10,-0.831800849796192,-0.6984463539668511,-0.3269387782533891
HSPA4,-0.47870959037453537,-0.8072422058682847,-0.42933076596854397
C5orf15,-0.8687589658332335,-0.5635434342777225,-1.315351259785956
VDAC1,-0.1961141645869446,-0.616772155317321,-0.18981729227207825
TCF7,-0.3055432790462937,-0.2058476388994493,-0.2635323580375939
SKP1,-0.8185523678102236,-1.0021382462871955,-0.7437295437113498
PPP2CA,-1.0765061917823289,-0.7524465927090311,-1.0028173812335446
CDKL3,0.350340368035706,0.22211280951797713,0.3674626965599188
UBE2B,-0.8059770250659106,-1.0657902734895472,-0.5499231734027745
CDKN2AIPNL,-0.8786748131292015,-0.8195627608021852,-0.17548082895264375
JADE2,-0.5903129461262216,-0.294350830820143,0.16917267246806494
SAR1B,-1.2284202323014064,-0.6615395007257234,-0.6351198049486584
SEC24A,-0.13854488436988535,-0.09689477503395592,-0.376748999641162
CAMLG,-0.16200267885830755,-0.3012579558317298,-0.16954820794812167
DDX46,-0.7926730857941742,-0.8760852059816884,-0.6816666709105376
C5orf24,-0.9176348175178255,-0.695687520997879,-0.5533009752454312
TXNDC15,-0.5035363777246076,-0.9723181258847653,-0.42276008554786776
PCBD2,-0.3776395080008896,0.2376184958492153,0.31082522276052765
MACROH2A1,-0.08570920237111679,-0.49805170491957534,-0.192570172956394
CXCL14,1.2603490702678926,2.854161325109523,3.382081778187132
SMAD5,-0.5761178728901796,-0.35460112374056507,-1.1899415143854917
SPOCK1,1.7919121259357667,3.016127485963583,1.8129798589747743
KLHL3,0.5247819078305085,0.614927872201818,0.7028948824131688
HNRNPA0,-0.42360188273730864,-0.6120912541932171,-0.6748075281223045
FAM13B,-0.40820966097516026,-0.44525900973818006,-0.14832476036166395
NME5,0.11005189037087613,0.07474003965767645,0.18432888505078887
BRD8,-0.01522215197687514,-0.29791977199806746,-0.5861495066503474
KIF20A,2.5429556448838966,1.9679596659299854,2.632762259951395
CDC23,-0.7330162611443711,-0.5357134249009582,-0.5286375732505313
CDC25C,2.2899673863028873,2.001831552645438,1.8298488130201953
FAM53C,1.5148365365516518,0.09528203899999715,-0.4060211577548927
KDM3B,-0.6920753246784487,-0.5426462634659508,-0.44280521363752007
REEP2,-0.07893623831285977,-0.5849454774881622,-0.1010811085638572
EGR1,1.8100762309890506,1.4437951822193433,1.8355165683057066
ETF1,-0.5060480902850806,-0.8036131445209129,-0.4170487729519116
HSPA9,-0.20472779814946315,-0.5675552003862734,-0.1619540061241409
CTNNA1,-0.9630060720743218,-0.7414004579485933,-0.528223964401743
SIL1,0.352815825465548,0.26769043992210945,0.12237824004401433
SNHG4,-0.20078037572868362,0.5479109275195562,-0.07569354036719389
MATR3,-0.834068851889441,-1.007285760722251,-0.8078608915553005
PAIP2,-0.8800343819824903,-1.2554916697357683,-0.8486996283841287
SPATA24,-0.9262497177793918,-0.4074747666133405,-0.12553255342550435
DNAJC18,-0.03705324242167048,-0.024785759120177924,-0.007620431249513627
STING1,0.2020467850488715,-0.2852020768266285,-0.6446532533081353
UBE2D2,-0.6175284068978257,-0.7164005074777258,-0.6853261802035959
CXXC5,-0.1343185051193742,-0.04538835878572199,-0.3707395198741531
NRG2,1.7019529829897202,1.1868247321380458,1.0346112769413018
PURA,-0.4160105084629891,-0.3084960203107449,-0.25807678536246215
IGIP,-0.5004470873756547,-0.2267755386851924,-0.9943082264246961
CYSTM1,0.14365104012850344,-0.5546549151831286,-1.2049388814807358
PFDN1,-0.4481151424876976,-1.0386533809444174,-0.7158327188242026
HBEGF,-0.504616616475186,0.42215024883035923,0.7818270283168545
ANKHD1,-0.3140253030801326,-0.25513928162155963,-0.41841832589529554
SRA1,-0.5294864181614366,-0.711763907105766,-0.43824477695698505
EIF4EBP3,-0.4111530912340164,-0.17795227232033642,0.1036721156730919
APBB3,-0.17206750878078128,-0.45752980610550503,-1.0976020453745186
SLC35A4,-0.6915051406766466,-0.8538770293174807,-2.352520416587719
NDUFA2,-0.3998207912813391,-0.46479537975840307,-0.5070788486784821
TMCO6,-0.5163245188646285,-0.6019826760498007,-1.232544152031462
IK,-0.7110853848308594,-0.7860866122828511,-0.6312302796212456
WDR55,-1.0977795817879183,-0.7225515476759092,-0.4431843635508095
HARS1,-0.4675223447710159,-0.8364170772224178,-0.9308571266122634
HARS2,-0.30530489211057343,-0.6000057941460247,-0.8897340754006606
ZMAT2,-0.634660403466313,-0.6702828800665017,-0.681661562508843
ENSG00000279726,-0.34094560831945125,0.5739303490703662,0.16876391399112828
PCDHA10,0.7032499659581292,0.4384849371285142,0.11897372870320304
PCDHA12,0.1739824513155171,0.09976030303309358,-0.9155077310751523
PCDHB2,0.3278143215118093,0.22228912674913906,0.7079995147898437
PCDHB10,0.3674003717386576,-0.2371091744990323,1.0068092859096254
PCDHB14,-0.18266536959658103,-0.30840611695307274,0.2903824333305991
PCDHB15,0.6174219816203212,0.121654043317811,0.8025116492516985
TAF7,-0.8799840938983792,-0.7707029135917125,-0.8683079570000842
PCDHGA1,0.6796313992543013,0.2118264776452214,0.3769479179039585
PCDHGB6,0.035507350288686075,0.42567598137130963,0.2581915364968417
PCDHGA10,-0.3157007563379714,0.1329321881981613,0.10709102792675657
PCDHGB7,0.5612909428478545,0.02741865951384528,0.3359889768394489
DIAPH1,-0.1243672023687274,0.16271899612933896,0.15770850974472944
HDAC3,-0.7337473654604098,-1.5383632353457521,-0.99804841971142
DELE1,-0.7507027359823049,-0.7474319207852709,-1.288550770899949
RNF14,0.030666630406834337,-0.5476817277754087,-0.3314469720148452
GNPDA1,0.18887616326338738,-0.28719463830134373,0.017152959041933237
NDFIP1,-0.4793654601377142,-1.0840039758925215,-0.7765474043164247
SPRY4,1.2894584318359499,0.42440579203138634,1.3239096304009124
SPRY4-AS1,1.1862089078308529,1.764904624397392,1.7597672296902331
LINC01844,0.306634368644918,0.29847694059338176,0.5509486754559489
ARHGAP26,0.5029910104517477,0.5094350100951318,0.08223593381384836
NR3C1,1.484868252313401,1.630559759447891,1.0192558314473814
YIPF5,-0.9840652976197539,-0.6532524151422373,-0.4182133851555179
KCTD16,2.075574145491153,1.968616365447275,1.581154706742307
ENSG00000251031,2.171233052855854,1.8475743369844437,2.011834766227036
ENSG00000250842,1.0503818251417947,1.1532628979413886,0.8176570523617848
PRELID2,0.9359711872913223,1.4752675801564088,0.6338001836632507
SH3RF2,0.9091833880506961,1.0323212813926759,0.8448670351401617
PLAC8L1,0.6300867558717833,0.08765681397664697,-0.4671746793586849
LARS1,-0.29089335248018244,-0.8119146029541113,-0.42477092695848384
RBM27,-0.8292964587958062,-0.6883417120239949,-0.8326810302141752
TCERG1,-0.45333803722739674,-0.5322804370597325,-0.6329191079959281
PPP2R2B,1.9664902600096958,2.0923327931376647,2.2672041142128236
STK32A,1.362328664264016,1.110190429549526,0.6547142003704671
DPYSL3,1.11387735925452,1.0515144001295837,1.2561390856168728
JAKMIP2,1.339080176114102,1.3135221431708644,0.9053507342667649
SPINK5,0.6813492359237863,1.92038231229699,0.99213975932188
FBXO38-DT,1.2673766595998401,1.0496215770669934,1.3597621903725923
FBXO38,-0.6997883906507418,-0.297027301361652,-0.02129183978717825
HTR4,2.848880708078738,2.6292839919143915,1.8020440218592348
ADRB2,0.3323970000191068,0.33144521688872436,0.002454273945591647
SH3TC2-DT,0.5248744090361157,1.1208019163281513,1.6852027168142918
AFAP1L1,0.2236129791491201,0.6119996722040959,0.2155958181250312
GRPEL2,-1.135473135524748,-0.8767844186932869,-0.3997685337265793
PCYOX1L,-0.4125676892097374,-0.04584808783054233,-0.8195384905559351
CARMN,0.09099747113503305,0.2992696131429681,0.5284431041393773
CSNK1A1,-0.7506576268022549,-0.8386699961250272,-0.8021179917377204
ARHGEF37,-0.26621381924752535,-0.5432687259017968,-0.753425771776179
PPARGC1B,0.545267322060333,0.8289775090178289,-0.027965021884462232
SLC26A2,0.37018593649800374,0.1963570185219509,0.6307234913596318
HMGXB3,-0.4321275095339275,-0.9370036403932893,-0.6531049809631214
CAMK2A,-0.2256466564544901,0.2271295023889869,-0.7428898073138406
TCOF1,0.03737079361306789,-0.28189724530083643,-0.055996835167530165
CD74,0.0559412989264487,-0.13023498200872294,0.1996948752771957
RPS14,-0.37169599419121196,-0.1464592344199183,-0.15557007558594732
NDST1,-0.07857741682962784,-0.8445999366837391,-0.9830515148544237
RBM22,-0.29582968191305886,-0.489156653943546,-0.13911466944351145
DCTN4,-0.29821873661432363,0.00774150357573683,-0.27353512667787067
SMIM3,-1.2885630985057013,-0.5568393421678586,-0.9436090082399708
ZNF300,-0.6454892872104557,0.30162022086497936,0.2677142903095948
GPX3,0.14070258851744902,-0.015209985895825884,-0.0964396671204106
TNIP1,-0.17830718596406211,-1.065916005084791,-0.12741926030612666
ANXA6,-0.41563842299093784,-0.9543131073435092,-0.4256801055151272
CCDC69,-0.05267155083770445,-0.008387211796620147,-0.15080649698806067
GM2A,-1.351709054909648,-0.03843393597682626,-0.8683352306629571
SLC36A1,0.3390508490610883,-0.11374516910840886,-0.8645677148258174
SPARC,2.0473158363493447,1.3449181774493475,2.511702545154705
ATOX1,-0.45162546183958346,-0.5272689703595397,-0.28829103628648056
G3BP1,-0.6438786165401424,-0.5192759908005051,-0.4915363036234944
LINC01933,1.4389294943170832,1.8503657229521941,1.0105447268154144
LINC01470,1.873646131805657,3.6038690433249236,3.487478831944781
GRIA1,4.0085675113041646,2.1233466027453574,2.7036991568785957
FAM114A2,-0.04531972486125821,-0.1214327057603199,0.08927046557287352
MFAP3,-0.02749523765561792,-0.9133059580877507,-0.09403637262719404
GALNT10,0.9944641457566376,1.0591573275302935,1.792972218424982
SAP30L-AS1,0.2798139691747714,-0.3850981654323853,0.1969452343498191
SAP30L,-0.45541063346676225,-1.3244589925984798,-0.2541701560750944
HAND1,1.1092691577466276,1.4806545954348351,1.3796241147946375
LARP1,-0.4012139626092086,-0.6550117980583822,-0.7452750602068043
FAXDC2,0.1500630614798197,0.30145159368789004,-0.012318361531264142
CNOT8,-0.6353710572030059,-0.8421345426050665,-0.1642532243566919
GEMIN5,-0.19049448693391818,-0.39025956102811327,-0.15595703458378202
MRPL22,-0.4452511713465093,-0.7658984652393279,-0.8331076939260456
HAVCR2,-0.15456784284484118,-0.27125895375727177,0.32500190091382913
MED7,-0.6187016412310768,-0.5790356221222375,-0.4716702561261314
CYFIP2,-0.060524917462423396,0.3452873407583929,0.25879836266219064
ADAM19,0.9407458608420534,0.6672718193945961,1.227789843744791
THG1L,-0.0731044055997678,-0.5073436311305208,-0.14662364736301828
LSM11,-0.047093482736162415,-0.23685128522762255,-0.548698644928571
CLINT1,-0.39567160917360766,-1.003268888809874,-0.5347844624223618
RNF145,-0.23666732541297006,-0.5786986292772518,-0.3098817441632918
UBLCP1,-1.0213649322956435,-0.6884868944743197,-0.310392307959809
ENSG00000249738,1.567168773236233,1.173708006219936,1.3594750519805956
TTC1,-0.5728534303014392,-0.6706796522811445,-0.9370354678644653
PWWP2A,-0.3859774106586898,-0.7648776992175926,-0.3516929459606573
CCNJL,-0.12704271590994762,-0.08943860666846958,0.14986715083309585
FAM200C,0.024216148118995407,-0.6156605782145556,-1.1762939511479722
SLU7,-0.3891009321115604,-0.37707562835865016,-0.3223051276909743
PTTG1,3.023182037609395,3.0585318295296844,3.1687354376405423
GABRB2,3.281169750010541,2.034157350175583,1.3402952634028544
ENSG00000254186,2.2380280172625504,1.6847426766778426,2.446537064670526
CCNG1,0.07426302511258955,-0.4465251840777071,-0.19028803844371822
NUDCD2,-0.43366949355367984,-0.9158445003357549,-0.7829154889615424
HMMR,2.693623168106612,2.836149089325705,2.404703549058656
MAT2B,-0.35123937588490867,-0.6853898311736906,-0.06915776543593927
LINC03000,2.6513809242772766,2.527314821425815,2.4167578847432623
ENSG00000253693,2.6928341139672654,2.7354714702748275,2.3392855534758787
TENM2,3.4414511049791656,2.7372832379197263,2.7579882206469044
WWC1,0.9213734497147712,0.6579477170918508,0.9887804265473648
RARS1,-0.7118543179227217,-0.4204271916213039,-0.6362455415011965
PANK3,-0.41058338679775375,-0.4059604752874222,-0.42265570690963017
SLIT3,1.9483960337292903,1.7220733062596238,2.056059620440113
SLIT3-AS1,-0.05238194264252984,0.712367428915094,-0.32760418703295363
SPDL1,1.130058504169245,0.7589987342006665,0.5198890919427619
DOCK2,0.5024972479814487,0.6687053623117869,0.7606081514563563
INSYN2B,1.2626304277077445,1.9704599931781779,1.3094069397722805
RANBP17,0.876225118430547,0.7175121918784947,0.8232648855725913
NPM1,-0.15952407259484858,-0.010608097007860804,0.014366063622839414
FGF18,1.0458185470480572,1.604815975900575,1.3106364436085016
FBXW11,-0.2607936510658036,-1.1654928516022984,-0.33912678798488827
STK10,0.0676006285856161,-0.24932266141048484,0.015137043725832992
UBTD2,-0.3811869109200395,-0.2474379596225482,-0.4690940666435992
SH3PXD2B,0.07045009124140486,0.10367610429637257,0.3285257768927287
NEURL1B,0.6194594055053457,0.6253507644455389,0.18602660030822096
DUSP1,-0.22585902843311695,0.04667027522229707,0.20389285769941884
ERGIC1,-0.4696993992571024,-0.26818637692640473,-0.7622662458658702
RPL26L1,-0.2404373230195134,-0.5232988619249568,-0.6790325658760601
ATP6V0E1,-0.8610573111668671,-0.9749350717609282,-0.38950363102319235
CREBRF,0.4277104639794765,0.20100102688397575,-0.004335425408410086
BNIP1,-0.717837559104936,-0.36559299868022427,-0.3525885916054498
NKX2-5,-0.2424976301630082,-0.016831782729077774,-0.3484532511148757
ENSG00000289493,0.5670511327936474,0.564366393814165,0.9158975825390954
STC2,0.37646474758914655,1.1456019713758998,0.4212445269656335
BOD1,-0.3653464392217174,-0.8146591508672323,-0.630291285013989
CPEB4,0.4628499481503781,0.2981825375927017,0.01016827276321655
ENSG00000289085,0.11620194758074825,-0.43512430384154754,-0.28116971644051597
MSX2,0.8367492146360077,1.3397615845028135,1.2836935357574362
SFXN1,-0.4421224996968043,-0.673830142149388,-0.3983701849255254
HRH2,0.4977499289757965,0.9957896191831884,0.5821414235047833
THOC3,-0.7532983027947608,-0.40933703513769265,-0.25549402226311807
SIMC1,-0.0841076205152405,0.3561022576980406,0.04879609250188473
KIAA1191,-0.8100050950854083,-0.9180833032760489,-0.594195799670903
ARL10,-0.20473397953490385,-0.5633278321574977,-0.2923866932775426
NOP16,0.3758647768158916,-0.339200488096779,-0.37917628739300824
HIGD2A,-0.45729550934012775,-0.40443471224794786,-0.5520131636650696
CLTB,-0.6740942957212716,-0.826896742040212,-0.2954286276879614
FAF2,-0.6281295205928217,-0.576124809001069,-0.6765614761746407
RNF44,-0.39909205321647784,-1.0609564784410637,-0.20526891643066497
TSPAN17,-0.8663146115670877,-0.4256414551825251,-0.569006738705866
UIMC1,-0.07461011430750376,-0.051286894938645196,0.015094166953829822
ZNF346,-0.1731514293555065,-0.9646842991444551,-0.8430848414946013
NSD1,-0.3874159602738062,-0.424009113207834,-0.18629069830668857
MXD3,1.4348477761528216,1.3053489203674538,0.3898151638093061
PRELID1,-0.11065003327386692,-0.5453527607009329,-0.13012348746864794
LMAN2,-0.8273359240458724,-0.740661919003859,-0.6222737325433663
GRK6,-0.6046632059223036,-0.4539348128661267,-0.46308231390192495
PRR7,0.15941187680964933,-0.8637328610817577,-0.2953040127467759
DBN1,0.029325001388908572,-0.11170837188270251,0.2836588922373516
PDLIM7,-0.03031358835260176,-0.08539243803366507,-0.2096948584960501
DDX41,-0.8415531413336197,-0.11922802752438245,-0.44843563829722305
FAM193B,-0.22455213887897332,-0.2855429363753182,-0.536795886519002
TMED9,-0.7633866484032411,-0.5155567784261947,-0.3306681153984457
B4GALT7,-0.46712956919346027,-0.969032553473042,-0.6725977401523728
ENSG00000291283,-0.36011166177754467,-0.06314919914780863,-0.6140026880767165
ENSG00000290968,0.620682673968755,0.3311018089024422,0.5181519505390568
ENSG00000291113,-0.2772992623824635,-0.7897549336672398,-0.31456090854682367
ENSG00000250101,0.2513943712178026,0.01995847461258299,0.31022983464091775
N4BP3,-1.2923114480138267,-1.264916626820714,-0.7527772949770295
RMND5B,-0.3083994479615875,-0.7734109506776329,-1.0112328802551005
NHP2,-0.4110065321511023,-0.34304815883708173,-0.26129939594193635
HNRNPAB,0.4006781138057249,0.17258922835753773,0.39824349524410246
PHYKPL,-0.38316981282122237,-0.2682468495735933,-0.6456941032866581
COL23A1,1.2949716686568493,1.267832381937275,1.077050867682523
CLK4,-0.46462542363278203,-0.6633860323142998,-0.41871305006439385
ZNF354A,-0.31786301399186107,-0.5010659740853286,-0.6992528826466895
ZNF354B,-0.516209925541002,-0.17873527970854394,-0.2281596207891994
ZFP2,-0.3095233588141468,0.2589295829563411,-0.8208693613208169
ZNF879,-0.5134566828793012,-0.266792153903797,-0.438261840417173
ZNF354C,0.38686935671974604,0.43749016943779756,-0.6926663229122312
ADAMTS2,1.0997326470496738,0.6869987473691168,0.818889088582239
RUFY1,-0.5581842209952582,-0.5094759771449516,-0.12474833960117945
HNRNPH1,-0.40876541363530805,-0.38137328238651597,-0.4210852368121643
CANX,-0.5457828843156101,-0.5071224030579486,-0.6038917257525966
MAML1,-0.40350550550879655,-0.492713788027583,-0.6611296765117308
LTC4S,-0.670599310982336,-0.6839114449038313,-0.6587627339137931
MGAT4B,-0.7448940183286901,-0.4075657707257711,-0.4268776609856282
SQSTM1,-0.10369471801342202,-0.0655175815126441,0.35929651634429755
MRNIP,-0.32993596132478237,-0.5580073590101832,-0.10844690906222713
TBC1D9B,-0.6238901311782321,-0.4925643812263054,-0.04282933174217264
RNF130,0.007936198706371274,-0.03694714540005604,-0.11616669229729838
MAPK9,-0.4432925884082516,-0.5492049415918104,-0.4136325914894777
ENSG00000248367,-0.1837788013099839,-0.9958167542163636,0.16670419198178268
GFPT2,1.136451469043518,0.25888781054469595,0.8326217658059286
CNOT6,-0.8425627772707891,-0.6713371410043473,-0.7706786036512376
MGAT1,-0.6900873899345505,-1.0988000888954623,-0.5504512286627232
HEIH,-0.09760570395702932,-0.3517714377142162,0.04936354051205421
ZFP62,-0.38757327043200357,-0.5169953109415993,-0.21908126500822786
TRIM7-AS2,0.013962403657949153,-0.09360054169415477,0.6565573084629754
TRIM41,-0.9439309190922458,-1.1106735512182553,-0.6597700901903139
RACK1,-0.12874425405863482,-0.09485046531053072,-0.005312544177856535
CTC-338M12.4,-0.14749802963316228,-0.2555403111024504,0.14367847583760707
TRIM52,-0.21157179723024203,-0.4489409285893053,-0.5182968412459807
TRIM52-AS1,-0.4036150963826693,0.03024880979420894,-0.5152300446403935
ENSG00000248103,-0.5088550061069094,-0.9507635190203736,-0.691726080949806
DUSP22,-0.3437959134305153,-0.6835430241341207,-0.0925824722734809
EXOC2,-0.38328656633996866,-0.6005894720284601,-0.28442451531706325
ENSG00000271727,0.525505426268257,0.23622085271359333,-0.4512020496011538
GMDS,1.5744463590643392,0.8167461408165586,1.1926117389240645
GMDS-DT,0.6581501737912099,0.8117133838798694,0.6482914158583384
MYLK4,0.7761208822357695,0.17858206030117435,0.6763338706985813
WRNIP1,-0.6324091719466232,-0.8269003771992587,-0.7235829364266948
SERPINB1,-0.07156268530938802,0.39233747042222683,0.7275747793368693
SERPINB9,1.146115629923468,0.754551097754515,2.5312343244873396
SERPINB6,-0.1877670860582157,-0.3328393000760599,0.05016899425096008
NQO2,0.09690112089250398,0.32966987790033647,-0.4433587119628335
RIPK1,0.20740677118075732,-0.05417053283273531,-0.020007334923757773
BPHL,-0.452261438976322,-0.4642129829662238,-0.4557451680763976
TUBB2A,0.22175250127658336,0.2084696775511538,-0.1523797085819645
TUBB2B,2.1169004295453533,1.1218136867035646,0.13332087540268134
PSMG4,-0.997243085713123,-0.17779846768596738,-0.3762260347912836
SLC22A23,1.5686849582782862,1.1920577406208253,1.395295117755662
PXDC1,0.8359744147106482,-0.10179264270578514,-0.7232612489655034
ENSG00000288904,-0.0638096786362184,-0.7384835091318892,-0.8946408836781217
PRPF4B,-0.7343197611132801,-0.6172495778825073,-0.591840963713338
ECI2,0.0606390977570115,-0.5739243460474518,-0.7062358069922398
ENSG00000285424,0.2225856272088435,0.21821189068273134,0.40402521735995833
CDYL,-0.041197841421958245,0.11721747724546097,0.051646573538690246
RPP40,-0.2451763663857279,-0.15400203973710447,-0.15460830790134855
LYRM4,-0.4662453856109324,0.14177784676193994,0.11735680494646777
FARS2,0.36352516092087234,0.23556361588401487,0.2150731250074927
RREB1,-0.05136071950822793,-0.01190955490853796,0.09462398213215188
SSR1,-1.110593750354873,-0.755247834318375,-0.58286857646263
RIOK1,0.05866040633958746,-0.4225188239155209,0.07166132421750865
DSP-AS1,-0.5332779687859278,-0.2257552790281175,-0.40685935127758194
DSP,0.08913749131801475,0.1437663186770966,0.21136523465303902
SNRNP48,-0.3318777866085228,-0.4968521154586191,0.17544171947811193
TXNDC5,-0.2648574617582433,-0.3546249983191884,-0.22370589141447536
BLOC1S5,-0.8565416576022749,-0.18030549227795595,0.025362522425719822
EEF1E1,-0.35172023236083655,-0.34932231374121864,-0.25340819504439693
SLC35B3,-0.4812475603121804,-0.5823256256140397,-0.546984035873617
HULC,1.5975114370574417,1.8365522534974374,1.5576652882589883
GCNT2,0.5859396992916146,0.6183113060778247,0.9768751667766936
PAK1IP1,0.24437102895369026,-0.01198374931425765,0.47307306278966266
TMEM14C,-0.4771266383418577,-0.6485335302104964,-0.6113468616250763
TMEM14B,-0.31412156459013824,-0.1862070330264025,-0.22558468012575258
MAK,-0.20544534110946341,-0.14114924821538108,0.02394007183985275
SYCP2L,0.9643382770640443,1.0133902556072343,0.8931594330373896
SMIM13,-0.4465327566594865,-0.2344727662211596,-0.7743136941368469
ENSG00000247925,0.6418838863500902,0.41034151065609586,0.6862091034073962
NEDD9,2.351259787438252,1.5547130172946062,1.7635252727310053
TMEM170B,0.014017046748541833,0.1262330494941714,0.5178778060754858
HIVEP1,0.21100607478684455,0.1112277893493782,0.3033538399977793
PHACTR1,1.347545332057127,1.460131820528538,1.9357291514764157
TBC1D7,-0.5903696301330966,-0.1738019407845997,-1.2760686598434923
GFOD1,1.1424160709947309,1.2255133476714448,0.6730464856731082
SIRT5,-0.33777007878160953,-0.37799409475541884,-0.24858689082817526
NOL7,-0.38485853159954425,-0.5162026072896638,-0.5908110410616381
RANBP9,-0.49418025765421086,-0.45828690886067497,-0.7288412368987558
MCUR1,-0.4145629668142626,-0.9283038559092525,-0.4212445734842341
CD83,-0.4012738996039858,-0.4255579862197471,-0.6675932137991863
JARID2,-0.15962535309436632,0.16243065640303206,-0.02029446277184733
DTNBP1,-0.12878997888028107,-0.04345123928091259,-0.5810720683406814
MYLIP,0.4168710898471595,0.3923182307492431,0.5474604656301416
GMPR,-0.012941424533671825,0.8551661928357035,0.5149480946557681
ATXN1,0.6121125799242364,0.4780998755832755,0.8848872781783896
ATXN1-AS1,-0.12573795128202295,0.0065249844899851975,-0.08862578772423295
ENSG00000272341,-0.14788680715480135,-0.21822130229845274,-0.23902819662696118
RBM24,0.08725725122915402,-0.04024025258610212,0.013426188302538864
CAP2,-0.4574874478151153,-0.2724737484583031,-0.4713489193127209
FAM8A1,-0.7723474186784713,-0.14883709880182036,-0.8057362854157404
NUP153,-0.15816300791184906,-0.28330163193779606,0.05619857556778389
KIF13A,0.1805169393026844,0.40855899687933217,0.08579530803654839
TPMT,-0.2067016100634404,-0.1535199859585319,-0.3443817690533812
KDM1B,0.06392603741931774,0.09668449880880203,0.16080290386745238
DEK,0.6753163245813845,0.4222439921594834,0.7690538661154207
ENSG00000231662,0.01528406994914978,-0.19805482074576725,1.1947059571637695
LNC-LBCS,1.6189046890408498,1.5680824614192126,1.5262090896215916
ID4,2.126080355212334,1.6003662188830532,1.8119003016310238
MBOAT1,0.7409638050285068,0.28626560811631657,-0.03931297180140809
E2F3,0.15017810957558103,0.045399558672986694,0.33098430047891014
CDKAL1,0.19512991473801478,0.020136905386191815,-0.10688242359184484
SOX4,1.6215652975470896,1.2580564130895802,1.3643372474613678
CASC15,2.6172359058754218,2.113568107233977,2.2466214147886774
MRS2,-0.5187810547138626,-0.45825166230549635,-0.7170275690325384
GPLD1,-0.20147527433641707,-0.2721899783711059,0.573127763858782
ALDH5A1,0.32208594756106373,-0.2133417344095463,0.16433596591947355
KIAA0319,1.573322096806173,1.730295251515777,1.6271536110358902
TDP2,-0.058452862049648446,-0.29912732407413495,-0.22893652897442615
ACOT13,-0.32855019578029854,-0.3410152378338083,-0.06299894447661816
C6orf62,-0.16913554372916195,-0.4409452570714657,-0.5365541790308264
GMNN,1.3304507150947558,0.977145155315391,1.5102758928353417
RIPOR2,1.3598892857229572,1.928695365773958,1.3741932630952007
CARMIL1,1.0826282389897912,1.2654867585345855,1.059565031474886
H3C2,2.502712268420421,2.16459425129662,1.8889835713964445
H1-2,2.8868755523463,2.7252339701964274,2.76827577771391
H4C3,2.829813281769372,3.0640611699874505,2.7605456303206246
H2AC6,0.5320728655864357,1.1236442251697163,0.867497799931364
H1-4,2.6610121587656828,2.5700473390609133,2.2925638054162683
H2BC5,0.92363341399124,0.3984097958194894,0.39590016623126795
H2BC6,-0.4090005519734383,1.2468106911126284,-0.026589391215349437
H3C4,2.1334848414249628,1.98147300318875,1.8361143854302284
H2AC7,-0.17288928454383518,-0.4376336835473573,-0.0885216470790055
H4C5,1.021112392219763,0.3080322324275749,0.07676286300370085
H2AC8,0.43654838813003133,0.9287735519215303,0.44733919962632385
H3C6,-0.06340137722632727,-0.19248397453235455,-0.4749556806235234
H1-3,2.2573759360599475,2.3982236504307366,2.973886498741223
H2BC9,0.4402100114833374,0.580901611850198,0.8975042780700343
H3C8,1.1427501481251383,1.227925297238741,0.1495893099332087
H4C8,0.5936985144948999,0.2640826409854178,-0.653919546719976
BTN2A2,-0.04738080941950788,-0.13558830996224464,0.05468491504284505
BTN2A1,-0.6003992192551025,-0.5912188899750782,-0.3470395737242385
HCG11,0.05171771617281705,-0.4584243298718072,0.2787612723232798
HMGN4,-0.5986034497704403,-0.7476657088297536,-1.3763734681412743
ABT1,-1.272137883951114,-0.7867331367704082,-1.2237605634840918
ZNF322,-0.3955838786142358,-0.7319090475709586,-0.49277523283356217
GUSBP2,0.10617375009831423,0.23556856740726323,-0.30021052089807304
LINC00240,0.5546490444886061,0.5024737188505597,-0.10046256201344757
LARRPM,0.756385831490693,1.0211020375438409,0.5570444319507857
H2BC11,0.31369129773832327,-0.10437822066385037,-1.0440390643323703
H2AC11,2.299920068614803,1.107868805955583,0.7725470759219348
ENSG00000290032,0.017011896440269705,-0.5108453687993837,-0.028673531856558257
H2AC12,2.1558784598834464,2.162728864330898,2.186934421751822
ENSG00000291112,0.012668308206627897,-0.009148103189637873,0.059840980836462145
ZNF391,-0.4533474493356414,-0.3237303786348918,0.11375982398272555
ZNF184,0.13106195617756464,-0.93029658570104,-0.4073491852725723
ENSG00000286652,-0.728212667122655,-0.758920423834681,0.2483442453849563
LINC01012,0.21382210371548643,-0.19658751285246015,-0.6998731390317943
H2AC14,1.9184305261609715,2.1436364061018693,1.9603793128331297
H2AC15,0.005314394069078094,0.1990186768638296,-0.8808675350398438
H2BC15,1.1301889820700097,0.481941938410948,0.11692723498507013
H1-5,3.498021325816964,3.3974261124468406,3.7860474948176055
H2AC17,1.7359032418166152,1.8036594433127,1.6142471239867575
ZSCAN16-AS1,-0.380051988390953,-0.2997304740740461,-0.5112860354120735
ZSCAN16,-1.0095274897522302,-0.24972809271806184,-0.5184020327715472
ZKSCAN8,-0.6791142848932878,-0.2957399443940787,-0.5933775996714808
ZKSCAN8P1,-0.9830455826944585,-0.6053061193198737,-0.18657353855069297
ZSCAN9,-0.2981038281195189,-0.4563845450486,-0.30534358771197745
ZKSCAN4,-0.8990866650793271,-1.6510718135119085,-0.6385007382119312
ZSCAN26,-0.3540272529513153,-0.37728825290994555,-1.0324017007215929
PGBD1,-0.09861855228574969,-0.17042079119224948,-0.025201400623519325
ZSCAN31,-0.8403024054957875,-0.6012249575235984,-0.4842260766715576
ENSG00000290051,-0.14272296656235642,-0.657209495382741,-0.17111058098947748
ZKSCAN3,-0.4669809492454711,-1.0502457947161972,-0.9658648333100999
ZSCAN12,-0.07802455140498663,-0.46616502832695167,0.3747406021124959
ZSCAN23,-0.46891181720114605,-0.4970372208824258,-0.7552134209584231
SCAND3,0.05085215194538869,0.0034833257309294465,0.46436870725610996
TRIM27,-0.5856774957636334,-0.5330286186196816,-0.5618825641960647
GABBR1,-0.6490987532330124,-0.3436565949169257,-0.6284271406580686
ZFP57,-0.234528952300483,-1.0125041561973696,-0.22798184430730112
HLA-A,-0.15810017738160914,0.26696399485595285,0.23901434537561533
POLR1H,-1.2819105128771184,-0.6642403592175617,-1.0496174955484996
PPP1R11,-0.4725689960810691,-0.6353532652582352,-0.558278794265064
TRIM26,-0.02996990520944466,-0.49626074519097696,-0.1458309840249577
HCG17,0.04258176385015492,0.038569552301325416,0.0572818437482993
HLA-L,-0.8407727937169334,-0.4330412673241249,-0.13554924865962897
HCG18,-0.46822359360701066,-0.41445692425007513,-0.4430487670007998
TRIM39,-0.5009935433410035,-0.2595938705582164,-0.3599699524520936
RPP21,-0.3978740045100615,-0.6591755340380878,-0.4674590871506829
HLA-E,-0.058328838682562834,-0.46069377610281503,-0.481406025204187
GNL1,-0.4508455264517721,-0.02557532422804701,-0.202821590321765
PRR3,-0.2281265013289726,-0.21896177518612706,-0.1710370776754644
ABCF1,-0.7627746480879125,-0.6724897844336617,-0.679135284931995
PPP1R10,-0.03896246737978611,-0.5714748487216283,-0.06475978623338106
MRPS18B,-0.7842486922588279,-0.5097137348688214,-0.19656747035610778
ATAT1,-0.06513391289995951,-0.6088493228925139,-0.3257341792640674
C6orf136,-0.5267216873994585,-0.7243089833647964,-0.25706598706166867
DHX16,-0.43950052038064774,-0.7718129013923551,-0.4828430921670837
PPP1R18,-0.027654647669926702,-0.5241702052469996,-0.3027626798929397
NRM,-1.597075889774306,-0.4404633196194361,0.0607064733553742
MDC1,0.3154950848515518,0.18653433468052333,0.7915013170243199
TUBB,1.2588779487210022,1.1746373686676979,1.2673884206767276
FLOT1,-1.0200297763137378,-0.8876442908383916,-0.49092128543888336
IER3-AS1,-1.2478998422992937,-0.7415473272423938,-0.41216688517205563
IER3,2.408196349712064,1.8289196148972025,1.6218929737975465
DDR1,-0.47071628979017893,-0.047393310891617794,-0.1366152906094911
GTF2H4,-1.0189893044162517,-0.34076201201092715,-0.9343948681832438
VARS2,-0.8072984534779444,-0.24336716133491268,-0.22494541800463355
CCHCR1,-1.1042576365951646,-0.8121106577752819,-0.9783417683331983
HLA-C,-0.2684409366060159,0.0343698349820264,-0.09812940997747073
HLA-B,-0.17984720246238334,-0.09781571665100232,-0.9593765217684194
MICA,-0.46643695664499424,-1.139095541652022,-0.20329840907009358
DDX39B,-0.702246540450183,-0.722199142782955,-0.6801252588215441
ATP6V1G2,-0.1634983530758589,-0.46418245590812285,0.08797110043436625
NFKBIL1,-0.5700347232956027,-1.409309692984646,-0.5650686092950751
PRRC2A,-0.5816770539166002,-1.0185333616782088,-0.6629005218844206
BAG6,-0.5466262011219349,-0.7849523933592373,-0.7038542025093015
APOM,-1.2965909544621255,0.20764198938935854,0.28959874785394746
C6orf47,-0.8124534334786269,-1.0526524141219333,-0.17595589408134418
GPANK1,-0.3628702360980612,-0.8245510853680571,-0.29530436471777216
CSNK2B,-0.6246431037225831,-0.7728698830150122,-0.7527785911137954
ABHD16A,-0.6715347636773609,-0.8093161910478415,-1.2452143604660577
DDAH2,0.2077538952727593,0.04476650240642146,-0.27105331462808735
CLIC1,-0.276676090216391,-0.1604855549992621,-0.49116746449890775
MSH5,-0.08740031955693436,0.4009926770237975,-0.1626967695035369
VARS1,-0.4429301074174782,-0.49721892870642387,-0.043211370018497015
LSM2,-0.600535989875059,-0.31684786216374056,-0.4393621037642035
HSPA1A,0.617982341518811,1.054509515989917,0.49114701346899636
HSPA1B,0.47945851675964235,-0.5754396535220537,0.4742955235285322
SNHG32,-0.41541086257228704,-0.2422246759207383,-0.34120464450079874
NEU1,-0.6647345455897343,-0.3888460112719016,0.29203717677369667
EHMT2,-0.5938819443141236,-0.6758155224503177,-0.47985470796427876
ZBTB12,-0.7046194651398672,-0.7629784266630112,-0.7747696132013289
NELFE,-0.3421170326299894,-1.3398128368285143,-0.671370497763352
SKIC2,-0.500419864780568,-0.402975403510002,-0.5351234643663503
DXO,-0.48778543266559643,-1.4531291747075663,0.1330019296496801
STK19,-1.412415594209655,-1.6501740975156345,-0.9481121311613698
ATF6B,-0.4460465157614309,-0.5129674930600531,-0.8143078555225856
FKBPL,-0.8243223708805446,-0.4214885986157739,-0.6415135025485483
ENSG00000284954,0.0010503377603114856,-0.8892138888508114,-0.4781659666986791
PPT2,-0.4801624344347851,-0.8261513968563037,-0.5819504560040761
EGFL8,-1.5956344790377237,-0.2907532791714473,-0.5780889456794576
AGPAT1,-1.305315865128616,-0.7545607537557152,-0.8763659064308484
RNF5,-0.4621032553049176,-0.11450078804697837,-0.6470640097198483
PBX2,-0.4658528131276967,-0.46758594904359885,-0.29176516663719454
ENSG00000289047,-0.20724004958820433,-0.3564325845663525,-0.1046307197031489
BRD2,-0.708708199623441,-0.3164706258725935,-0.19969143657552024
HLA-DPB1,-0.5522638367756443,-0.6454437131369879,-0.7343207581741283
COL11A2,0.08918880062051933,0.7164986749789612,-0.03965448333681114
RXRB,-1.168142807321665,-0.2994093721617865,-0.3027443604556055
SLC39A7,-0.5502529572484924,-0.5848084677139661,-0.1661052141855528
HSD17B8,-0.14159427444796793,-1.0118903656387523,-0.8356763415602195
RING1,-0.6257055087650336,-0.6347086299009527,-1.3323534632552558
VPS52,-0.4521152518688183,-0.7232081588704204,-0.3977446984542041
RPS18,-0.26574892620883966,-0.06075823429535451,0.038872759101437185
B3GALT4,-0.81789422247045,-0.4258527815127309,-0.6786424966996698
WDR46,-0.39573177627247347,-0.5413103813600308,-0.321393320919114
PFDN6,-0.5278924094569782,-0.33723489098485615,-0.6467638673822727
RGL2,-0.8362783162563581,-0.5141965519426961,-0.25888861212777664
ENSG00000289100,-0.5837811292057253,-0.5834351194707567,-0.27551301326680644
TAPBP,-1.5036780146620607,-0.10980662406377922,-0.18328278617527266
ZBTB22,-0.3979200126501078,-0.8372310300639221,-0.974045211829221
DAXX,0.3375215666203707,-0.3930380543055244,0.09182524871958365
KIFC1,2.3390476791212045,2.054328844443404,1.938841804844074
PHF1,-0.8021067245443341,-0.5285885236321093,-0.7137849256977695
CUTA,-0.4712277613490876,-0.7832392012192919,-0.7458148924134029
SYNGAP1,-0.016989658933969337,-0.3557960418459594,-0.22124411422522175
ZBTB9,-0.5096509000770019,-1.2859736194643432,-1.3942783103617913
BAK1,-1.628980654130494,-0.13094316729120686,-0.8017639666792817
UQCC2,-0.7061821885210335,-0.4004741150559105,-0.45745514322424796
LEMD2,-0.6958014548408791,-0.7220218915340553,-0.37396846242985765
HMGA1,0.2497804780314432,0.5725146980559295,0.46289238924623183
SMIM29,-0.5641256804429453,-0.4905779950977056,-0.5720000805487083
ENSG00000225339,0.19983570742173742,-0.7502787581558259,-0.13482236706641262
NUDT3,-0.6791479959642643,-0.4920329217831885,-1.123716761310824
RPS10,-0.26928615093694397,-0.06940754463698082,-0.1515580976772419
ILRUN,-0.34873684243852665,-0.2861534756487849,-0.38822893448674733
ILRUN-AS1,-1.1951535777466304,-0.4179231150097494,-0.3786199973177098
SNRPC,-0.4804575814247799,-0.9341944800220787,-0.5125630504829317
BLTP3A,-0.6160762493120409,-0.4717524642378273,-0.5152051993828834
TAF11,-0.4260928455754147,-0.604181632075882,-0.5802041744254112
ANKS1A,-0.11887575729109302,0.28196835271389986,0.13000900320659173
SCUBE3,0.17541927176719344,0.763440596878489,-0.18221620475485523
ZNF76,0.060308952268453404,-0.29160917885499776,-0.6936027849828541
PPARD,-0.16499736434361983,-0.4106377898402798,-0.045602066295753446
FANCE,-0.12108143388450904,0.04010376440261969,-0.7228144477432146
RPL10A,-0.2938538849095363,-0.16994399985859768,-0.06781353116705097
TEAD3,-0.2076660346473531,-0.5012106937234826,-0.27825567319705513
FKBP5,0.29442123337660675,0.9031442629651282,-0.11016338043632604
LHFPL5,-1.1496216468327773,0.025122418663382766,-0.5073356908692119
SRPK1,-0.38656175343626126,-0.05113286150938026,0.02314057034463355
MAPK14,-0.17195473352076368,-0.06806904652891173,-0.25384564157601025
BRPF3-AS1,-0.07836285994445905,0.8530261390314209,-0.02218561357410568
BRPF3,-0.45444059343850535,-0.42341877181779713,-0.4564560417356099
KCTD20,-0.5389120251516814,-0.20459106509627747,-0.49274443772945636
STK38,-0.3502413049574891,-0.4252900512894939,-0.8208447953323272
SRSF3,0.05267541149546409,0.0031935119574698118,0.12589545880429404
CDKN1A,1.9366701349167919,1.2858500816473253,1.6723098793044215
CPNE5,0.6201502296872405,1.2700284504125143,0.6962928880744029
PPIL1,-0.6124358343516684,-0.517557914399351,-0.8093788348750692
C6orf89,-0.6223967953470471,-0.3659776813244839,-0.6148538647070438
MTCH1,-0.6714437130843186,-0.640859186409287,-0.2896384491075921
PIM1,0.13104271264120732,0.6416124674351414,0.11075265220280532
TBC1D22B,-0.5504085463386836,-0.27638776892697337,-0.21155274772575444
RNF8,-0.4342685980625447,-0.5764518246326844,0.353051442596314
CMTR1,-0.5730601476645809,-0.24698346237428484,-0.6113903223810341
CCDC167,-0.05071247266952389,-0.023630585419397228,0.0017824353881828675
ZFAND3,-0.3776151640185965,-0.497622105374738,-0.4013497003869127
BTBD9,0.37935247390568344,0.3920253228417394,0.6367343642870154
GLO1,-0.12213998098533091,-0.4760405133538939,-0.2122644099057531
SAYSD1,-0.31694893114017475,-0.2919264282954685,-0.18531785131093417
KIF6,0.9944830368793411,0.9202479463199253,0.8827221473148761
DAAM2,-0.4390815696686267,0.23408677631011435,0.3447540988556668
MOCS1,0.06772425453419828,-0.2638742072287102,-0.4402151991858504
OARD1,-0.16760163771164113,-0.44736929513899076,-0.6727271113813487
APOBEC2,0.5882433542653303,0.19075282061600876,0.1991304500074414
NFYA,0.5968866803533253,0.6128874004717737,0.5075256943079651
ADCY10P1,0.7211086677304834,0.5135503495556257,0.35513481635119964
FOXP4-AS1,-0.2843307517959311,-0.29289302462455774,-0.6609688894711142
FOXP4,-1.0048407247989743,-0.36471581811858655,-0.3677845565068196
MDFI,-0.3263068552874735,0.21394575832703205,-0.28000678420771047
TFEB,-0.5596178635666041,-0.4605485476674929,0.0905502018655539
FRS3,-0.7853994146788317,-1.2761049578720893,-0.1957022198087586
PRICKLE4,0.04267435264299016,-0.5643859699066737,-0.49990698410433165
TOMM6,-0.6592012925884526,-0.41763251020765685,-0.39489317498565063
USP49,0.33282053474430034,0.2157191199462147,0.16547579392134182
MED20,-0.7922948400944243,-1.1423813968518282,-0.39422800019914567
BYSL,-0.28716143289149093,-0.6909733083035655,0.24386237522195495
CCND3,0.05907245501284926,-0.26983770929448175,0.17012043685662454
TAF8,-0.12167886750795634,-0.46868327440680346,-0.6696579978756069
MRPS10,-0.972070791199986,-0.501470885047084,-0.3387156710137376
TRERF1,0.4108797024983382,0.12961443812809387,0.2612742187242283
UBR2,-0.707232161999908,-0.5532327865839441,-0.685283095047712
TBCC,-0.9843167372463563,-1.075612021437749,-1.3997000889167737
BICRAL,-0.33746878143384507,0.05531889793655517,0.2522255469378329
RPL7L1,-0.8312615573200297,-0.6782019694073683,-0.4857283046049971
C6orf226,-0.3443076816990533,-0.29552391695735375,-0.4130276785414609
ENSG00000287825,-0.5720131020483201,-0.7008962905951499,-0.13203068957152192
CNPY3,-0.9376858330354132,0.06896845200738255,-0.3486555069901591
LINC02976,-0.28060448945425515,-0.10529040390709103,-0.787665817252588
PEX6,-0.8701878629233554,-0.1633706718351035,-0.13021572530287887
PPP2R5D,-0.4983839028328027,-0.6635498401172947,-0.3965463606017999
MEA1,-0.8569285030920851,-0.832600416917824,-0.29568510335332837
KLHDC3,-0.6935703929422345,-0.552149304419146,-0.4192350910187202
RRP36,-1.0309381947711884,-0.7603250852004457,-0.9644235496511052
CUL7,-0.7295232621009298,-1.4836281668561817,-2.131737752584634
KLC4,-0.3271992403992812,-0.852123988316496,-0.8501828369276971
MRPL2,-0.9715888492989393,-0.9973283987022548,-0.350255021826392
PTK7,-0.09550297124484074,-0.03428046855408695,-0.31136564444245346
SRF,-0.3548633851212664,-0.4080326585047835,-0.060428539705160496
CUL9,-0.8013028261298594,-1.0161980426975497,-0.25406355603400854
DNPH1,-0.3033472826587236,-0.4584379064999524,-0.5496748285601285
ZNF318,-0.38110867171150886,-0.5040318016282335,-0.35983794419075826
ABCC10,-0.4425929717453806,-0.5982441193054805,-0.42545239456295647
DLK2,-1.0329644133620235,-0.5487982371403142,0.040161560639088455
TJAP1,-0.5890853838662551,-0.6412638816797448,-0.12032572898929321
POLR1C,-0.2584905632885785,-0.12471175736928329,-0.35546861563377874
YIPF3,-0.7063007233649401,-0.9244444925658364,-0.6955469066544318
XPO5,-0.0644120219327285,-0.2953017167436549,-0.5660778881825196
POLH,0.9092113102044088,0.03301618427607872,0.037635279799289434
GTPBP2,-0.3791987970793755,-0.22311716309742732,-0.2954858332095291
MAD2L1BP,-1.1063935911213427,-0.7967229068095065,-0.9952809986441551
RSPH9,-0.09231240377300055,-0.6530763877834359,-0.8225623012966494
MRPS18A,-0.7852582915423519,-0.6952352844003755,-1.1170943116332204
VEGFA,0.09995420661140735,-0.21240784033085097,0.22562257772059977
SCIRT,0.2483610187814946,-0.3937746771239823,-0.029948115948162247
ENSG00000287562,-0.9034519359507165,-0.3687867891954219,-0.613793410854246
MRPL14,-0.4392785861779381,-0.9212126426535754,-0.45738560727019
TMEM63B,-0.2500274118730168,-0.5185805729721515,-0.4281202352991577
SLC29A1,-0.23072879818672476,-0.23104691769646024,-0.2174208686014474
HSP90AB1,-0.4556505792698768,-0.3985561516158196,-0.23330332681730148
SLC35B2,-0.522540042984076,-1.0670145359526444,-1.1617673376413826
AARS2,-0.15268348590105418,-0.6610521093965751,-0.5025410128607248
CDC5L,-0.4232131158829339,-0.39659360870382443,-0.24440513379778753
SUPT3H,0.2460814512217482,0.19204429384234337,0.0921314956367354
RUNX2,2.3290886160891304,1.0975563379206719,1.593271380539388
CLIC5,0.9198216019462678,1.0628217866154834,0.9766383045162678
ENPP4,-0.39167339295957854,-0.02119615569836947,-0.3663554779080301
ENPP5,-0.30633923824249015,-0.2547782789915694,-0.2924593279314394
RCAN2,0.912885985135471,0.8973240244003264,0.6184709740535118
CYP39A1,0.6100980537178842,0.6946347020902727,0.46748848044049046
SLC25A27,-0.2106365562481258,-0.029968004955261286,-0.37841265591732665
TNFRSF21,0.9165953310729478,0.9655727838735436,0.35685665976336983
CD2AP,0.05495810625441423,-0.10558662293876608,-0.45393168902359443
PTCHD4,2.8937810331734646,3.2375864824748035,3.4565304828728287
MMUT,-0.4324889202043174,-0.5770817086467447,-0.5093112862177982
CENPQ,0.3988569015503601,0.3538731379683319,0.37161713857699036
MCM3,1.1341102763921995,0.6718255922433194,1.2390902395709382
PAQR8,-0.4758110212713014,0.2456382039617572,-0.4943299185762307
EFHC1,0.016435918174273825,0.3974770567342318,0.693716092318926
TRAM2,-0.40588379321291507,0.03149387166165236,0.11692204436145563
TRAM2-AS1,0.16167557258409462,0.22150243896093266,0.48048458367925306
TMEM14A,-0.5742930260180152,-0.418968923550775,-0.9142161198439887
GSTA4,-0.2476297367360836,-0.49121483188136494,-0.7497339682794042
CILK1,-0.4439967994713428,-0.12831585746606683,0.021311897402242146
FBXO9,-0.405323507222505,-0.6495479821254406,-0.8503063813798022
ELOVL5,0.19283799718879285,0.06957632075728526,0.237072755121254
GCLC,0.2321593519942873,0.00833047592345791,0.15162075719234727
KLHL31,0.6493550585980046,0.6167021290638672,0.5951095134077136
ENSG00000227885,0.31141109974163333,0.27588419859861085,0.5484375633274929
LRRC1,0.5971326874807659,0.6137961011017836,0.6112549736282524
MLIP,1.2204034651783324,1.2706202576440973,1.014457908310881
FAM83B,1.2692802148327011,0.5599954064412209,0.8458090674948123
HMGCLL1,0.9663451744786612,1.389356222607823,1.0275518320811727
BMP5,0.6357370713885064,1.6459963645638709,0.7955884692708038
COL21A1,3.7362854908521292,2.2317324292917213,2.2494130315744094
DST,-0.06734223917230149,0.0492743455776897,0.20862840843467365
DST-AS1,-0.11824133377749751,0.11389998440861496,0.6977686034102
KIAA1586,-0.766190224124216,-0.29366111794161404,-0.18891483194881434
ZNF451,-0.2783406581454422,-0.36927977791344796,-0.20411487669841227
ZNF451-AS1,-0.6909159816108676,-0.3409135633713305,-0.2297259018526781
BAG2,-0.0272350299949551,-0.09428822474700745,-0.008860879059174263
RAB23,-0.315356871842841,-0.27236402002921517,-0.4914321971099866
PRIM2,1.4632310342071868,0.8641864010887836,0.834581781079759
ENSG00000272316,-0.5783014716538979,-0.7264320510431368,-0.7102537066340986
LINC00680,-0.43430354066377674,-0.3068534154306022,-0.5966617452531972
KHDRBS2-OT1,0.9397620844735677,-0.019821825463612393,1.2098853400028666
KHDRBS2,1.3842735874942242,2.2726142698162306,1.684054346600142
PHF3,-0.6024034742506785,-0.9427572712608168,-0.59109589216229
EYS,0.9929387512880865,0.9906302047941261,1.621235675181719
ADGRB3,2.0770767068694944,1.9313117365449344,2.1004749986952973
LMBRD1,0.48247060563378946,0.062303590891328815,-0.08634573897146677
COL9A1,1.9435888729938178,1.1304910601017149,0.5302373742567283
FAM135A,0.001945605304303667,0.016903361324221333,-0.12112176273879177
SDHAF4,-0.4054129443039472,-0.13426235222431157,-0.8758408809088394
SMAP1,-0.7223293957207595,-0.6183589118982944,-0.7926840226951769
B3GAT2,0.9217925033348529,0.5022412465464043,0.2392826062542461
LINC00472,1.0263563561747233,0.9388406095493131,1.2832527000686618
OGFRL1,0.4465338926880982,0.11879749863202711,0.5267433407942654
RIMS1,1.7220451833189365,1.4938817740623342,3.148334220678194
KCNQ5,-0.2105832210803555,0.31383691246416495,0.5685256898181645
KHDC1,-0.7753836548761726,0.3879009994503697,0.7136249137443792
KHDC1-AS1,0.1251742587204206,-0.1553144194963423,0.24271681591102742
OOEP,-0.38098967831576397,-0.5147279370393817,-0.4087751472353069
MTO1,-0.2906084378425646,-0.49960785852869105,-0.3302174403608049
EEF1A1,-0.9735976280559466,-0.6853963999078747,-0.7755873262467876
SLC17A5,-0.03442837608537269,0.34966153485110857,0.6984136084712986
CD109,0.5153095025059002,0.798179081475265,0.4209194694953631
COX7A2,-0.26453150463825637,-0.18574908040626423,-0.4538655495382216
TMEM30A,-0.5180686126627059,-0.7685114650642682,-0.5513537963583133
TMEM30A-DT,-0.35200306573361934,-0.9043094161196308,-0.4021606780957186
FILIP1,-0.4166672455343346,-0.10303071485134116,-0.33012132244590475
SENP6,-0.6965789086188998,-0.7879986126098403,-1.0587413190139117
MYO6,0.3805084819148874,0.5259074248720275,0.3226805548518782
ENSG00000271945,2.509366513617646,1.4432389032671864,0.7469089376254274
IRAK1BP1,0.558915671072203,0.4270208851277744,0.21248261220647538
PHIP,0.016258502580583936,0.0041341487071272194,0.2997983963667217
HMGN3,-0.7327672065866224,-0.9814499426139349,-1.1880107463009644
HMGN3-AS1,-0.3903359859952396,0.23093316452652962,0.31013196316621716
LCA5,-0.11489981800745855,0.6835795100462505,-9.47379902988958e-05
ENSG00000287811,-0.7065143057603898,-0.20468217563573526,-0.2105322355208373
SH3BGRL2,-0.08563473890130527,0.7737364824659244,0.0981655859567426
ELOVL4,0.6388800441145435,0.5890503409811066,-0.08297970965070432
TTK,2.539083734512211,2.1545566522888677,2.6096585379687554
BCKDHB,0.14949110028323168,0.34875730545469347,0.4560565986194333
ENSG00000233967,-0.05071957567200513,0.04311659277099982,-0.40130684159547053
TENT5A,1.7873103161308386,1.6226688698571685,1.4162565775837663
IBTK,-0.5140698355238379,-0.27084657292921227,-0.26742673687433444
TPBG,0.17353587691910727,0.37959618399867173,-0.3380038404436938
UBE3D,0.4019808801174065,0.32290525618867966,0.5027442414488554
DOP1A,0.20838050916784212,0.06481238843971589,0.047349654775509065
PGM3,-0.22949597976086983,-0.060587829361328026,-0.0820834406946354
RWDD2A,-0.279202194132477,-0.6498748282949728,0.026977316027135496
ME1,1.0467563169188985,1.4076676581583314,0.9389034075363831
PRSS35,1.2402378887218575,1.6258394854574618,1.9151296940207772
SNAP91,1.407274795062083,1.7986310924466586,1.370511641297746
CYB5R4,0.2798506808113075,-0.1405671494501704,-0.18956841564502014
MRAP2,0.9061625102237691,0.7414571730411906,0.4535774448595618
CEP162,0.1839185537235223,0.31058136152740096,0.3657677782551758
LINC01611,1.4135774654216036,1.927892436109957,1.3665535512611875
TBX18,1.5545449198714323,1.384364638509762,3.081267083472916
SNX14,-0.5539386150466257,-0.45336738899473517,-0.5881306854646161
SYNCRIP,-0.6882493559749001,-0.9608650074984979,-0.5324434932015372
SNHG5,-0.7124944891393987,-0.3447101359623801,-0.45190089443713427
HTR1E,1.2624952733599741,1.6483746455919288,2.957922301903146
ZNF292,-0.04574214841681018,-0.4272089640596483,0.06087506615908469
SMIM8,0.0813248883539188,0.21477002592161304,-0.5693082014760265
C6orf163,-0.8146528445257069,-1.2609719485898196,-0.5846797440767411
SLC35A1,0.2916610813591092,-0.4124601636398993,-0.2880041629697168
RARS2,-1.007433439881634,-0.7408685826805268,-0.1920903099816975
ORC3,-0.6128461504799566,-0.08755116275842315,-0.15950414939884547
AKIRIN2,-0.2877615374812343,-0.5335256139183642,-0.5717931912945814
RNGTT,0.2704350323075034,-0.14324990227815348,0.07989678337622409
PNRC1,-0.0809595433890635,-0.3461762697317888,0.003977779825781701
SRSF12,0.06854674144652159,-0.260311206442502,0.17623693836950954
PM20D2,-0.34102529880317783,0.38191336108994284,0.05461379180381702
UBE2J1,0.19604768659743146,0.7213896453870775,-0.16494667090582743
RRAGD,-0.44348720527500873,-0.29699033136048664,-0.5725484786102761
ANKRD6,0.8501776413356694,0.8310104706069269,0.72726421942032
LYRM2,-0.3071113035698439,-0.447736984612245,-0.39512046494084174
MDN1,-0.1723066616759041,-0.22202600535020167,-0.15134380024964855
CASP8AP2,0.43296357950965353,0.33725312669339047,0.18301069375588944
BACH2,0.9364164072155532,0.924220056913608,0.9941255883309167
MAP3K7,-0.43189758186519,-0.003921957020722279,-0.5341076119799341
EPHA7,1.6017372452902556,1.5587281722361759,1.516975069004939
ENSG00000287683,1.729528274983565,1.634488258458859,1.8072722204298373
ENSG00000288085,1.2460328976610526,1.2282731193579082,1.2051413355822191
MANEA,-0.3141537468274187,-0.31396415417509976,-0.40124658392389273
UFL1-AS1,1.016028089141944,1.4470285540091652,1.3446985733196755
UFL1,-0.6285937639141218,-0.5916317231251861,-0.7127758486010798
GPR63,-0.032455425952928656,0.6759341096907363,-0.05640603690196501
NDUFAF4,-0.04487013585176673,-0.4178122213967974,-0.5194803026402219
KLHL32,0.6727564378833257,0.8402372564321787,0.9404685833253162
MMS22L,1.7342501190788226,1.9114987465022288,1.517396118179171
ENSG00000271860,1.194650502224956,1.2791485376323024,1.1524178251192474
FBXL4,0.12216363531911154,0.4214682866808169,0.1637229361368994
FAXC,-0.21845262081711073,0.0076777050744886695,0.4909977617038627
COQ3,-0.093547500976733,-0.40929147462485815,0.28304738535738844
PNISR,-1.042277223434958,-1.2031098182070465,-1.0564103478031228
PNISR-AS1,-0.32431436345762776,-0.36981360584091055,-0.4482788888680922
USP45,-0.3036378944349351,-0.28297297159980067,-0.0011621805950810563
TSTD3,0.41834763324613894,0.3871709616983239,0.4042046486657576
CCNC,-0.31280935188018694,-0.8184319956272859,-0.5960146286710284
ASCC3,1.1277406541116903,0.2562368423048014,0.5482952327925084
ENSG00000260000,0.17689411670891173,-0.39027665038113574,0.3266556137489118
GRIK2,1.6988995780750429,2.0587607051825607,2.0386958739930385
HACE1,-0.3927741442755383,-0.3494959331413483,-0.48572175159280917
LIN28B-AS1,0.9551302165005744,-0.333745334449251,-0.11925822510858457
LIN28B,0.45009874488369306,0.4345891208906493,0.18339412863375418
BVES,0.70329427805666,0.6568110181309024,1.0472124701630783
BVES-AS1,0.018142532263983113,0.45507884234707424,0.2982223139639828
POPDC3,0.3916573332190793,-0.07677124338085055,-0.03820029467611619
PREP,0.48579318749253636,0.4969383254042903,0.43811970312026816
ENSG00000286084,0.925505242046384,0.35262855705066093,0.501516597001423
ATG5,-0.47660480034412706,-0.6068013919037015,-0.5106681390444869
RTN4IP1,0.4661084571351068,0.5801020523527036,0.22027969858683602
QRSL1,-0.26145637232634295,-0.4706015824953624,-0.12458564430624007
CD24,1.4756504179121919,1.6457401621932455,0.9822204370287153
MTRES1,-0.4260373847880281,-0.3899673155850252,-0.2219312241919554
BEND3,-0.2101130845047621,-0.7040998068289888,-0.07414904835518145
PDSS2,0.2594035433886255,0.2461784817261367,0.23690072433631576
SOBP,0.6516851997740183,0.6737234030595687,0.9634365695351121
SEC63,-0.457449665975954,-0.4472276394292649,-0.14574078358410952
OSTM1,-0.4011119656228175,-0.38748768798474137,-0.048273494743394665
SNX3,-0.7065052929283482,-0.7659896844465948,-0.39693326537951285
AFG1L,0.4352864673221823,0.6306354193413597,0.4805922161873113
FOXO3,0.8108888824486975,0.4074379816925848,0.31970637079829345
ARMC2,0.14640495046619498,0.2109532282909719,-0.12322858870919268
SESN1,0.25736234246273776,0.19835869709267934,0.03715246733294811
CEP57L1,-0.15545828285369367,0.03234662945462931,-0.010547528611095244
CD164,-0.902340167834506,-0.6858035481298472,-0.7222972697035601
PPIL6,0.17512250720223574,0.12351254542031148,0.06393672742319009
SMPD2,-0.8554822957746069,-0.6341872119012918,-0.7422616399746182
MICAL1,0.13336330839358013,-0.5112568882717596,-1.0614625263877144
ZBTB24,-0.26637488173540197,-0.33615640589740897,-0.4703745368845169
AK9,1.129496764566568,0.45453345171139864,0.5010161303068195
FIG4,-0.012768714864805039,0.09492781581583992,0.29946246966595774
WASF1,0.6569890390638058,1.157964746132219,-0.017992010176133277
CDC40,-0.5240181576846759,-0.09072139043007607,-0.47881938259211404
METTL24,1.7758535792725638,1.286850135709706,0.7010641920849743
CDK19,0.4504324766360135,0.3592465440608983,0.4343641075490794
AMD1,-0.3578936505491406,-0.21844534266068644,-0.31772395510198587
GTF3C6,-0.536957255028959,-0.40967270853321486,-0.6574251460126526
RPF2,-0.7892081991317319,-0.3505835661624097,-0.03565918039500109
SLC16A10,1.4075756884044957,1.3638535312963498,0.8860080041706374
MFSD4B,-0.27834524952883305,-0.3528243675406202,-0.43791047461900584
REV3L,-0.342970329952923,-0.08718449730769957,-0.16610603836633336
TRAF3IP2-AS1,0.5189223416692421,0.1569364950260202,0.1755783501285784
TRAF3IP2,0.40103357891498354,-0.30600640154069586,-0.018826492424196276
FYN,0.13247701971274145,0.44383495947621304,0.3240008303568658
TUBE1,-0.4970330147099808,-0.2973412054181885,-0.7766600654527204
FAM229B,-0.045579634388310766,-0.18884174294608164,-0.6669248793830106
LAMA4,0.7770301076034193,1.5348736282322584,1.0286577645848212
MARCKS,2.0820055084288107,2.1071598714462496,1.4478166843143043
HDAC2,-0.530142127129217,-0.5824871570111761,-0.49199391217769417
HDAC2-AS2,1.3003060277538587,1.5069588257318998,1.3667238580146055
HS3ST5,1.9566838832173978,3.0416184345522588,2.140499082259449
ENSG00000287097,1.0369568929304585,1.0799086345451734,2.42334941562698
ENSG00000289376,1.1134344466724428,0.5903326380847531,0.5206497453681713
NT5DC1,0.10467870599266157,0.30792599234134593,-0.00520149255401494
TSPYL4,-0.14978918933310942,-0.02095914821543589,-0.5499740711936774
DSE,0.4434101343259123,0.31866728158048474,0.935351663372984
TSPYL1,-0.5980682959510196,-0.40764948148992625,-0.31112569495314096
CALHM6,0.21018114690501824,-0.09747596212552172,0.5407823468169859
RWDD1,-0.19005211334492958,-0.26902044555167853,-0.3162585320218838
ZUP1,-0.14344283922072162,-0.0925257767661663,-0.28198061333861807
KPNA5,-0.09551422552853595,-0.08569520627437653,-0.5043873011816125
DCBLD1,0.3171720438694976,-0.13930872389112287,-0.14753151335718323
GOPC,-0.9675209894082996,-0.07907182582281531,-0.7409170652613426
NUS1,-0.42695517811908706,-0.36155796541224555,0.04695087465854897
SLC35F1,0.7223677129700478,1.1946532767008193,0.1269451631877842
CEP85L,0.8665050012943746,0.37607821962391336,0.6036436226125552
PLN,1.1236847044357496,1.5383441742671362,1.2745468505642812
MCM9,0.7548720083626393,0.39581512711590955,0.02032500452505548
ASF1A,-0.2195812192145858,-0.604537897203045,-0.22404916042738418
ENSG00000253194,1.182214521636773,0.28620411954089064,0.864503259709906
FAM184A,0.38581459755087977,0.7209030355194912,0.6450818319263547
MAN1A1,1.6317665527036063,1.2447011323990402,1.1945862785261632
ENSG00000287100,1.7027728878272193,1.5540721091160492,1.155054548070428
ENSG00000286540,2.5541511882329964,2.0468797420633145,2.2041985768741945
TBC1D32,0.7666326478485281,0.9354206539807883,0.809646466210964
GJA1,1.7663227795721426,2.1456790013223106,1.1304621977337632
HSF2,-0.31429982102303095,-0.6472696292077806,-0.34140146068323324
SERINC1,-0.5274847675592264,-0.5132527800455547,-0.12151714093265295
PKIB,0.3182737308812128,1.3341609614763748,1.5020628309579038
SMPDL3A,-0.10346786096085837,0.2531501297351255,0.13988484897606673
TRDN,0.19672052328819942,0.6255964466448223,0.16111169844971948
TRDN-AS1,1.6644346565707835,1.9583211082050873,1.6240926685285721
ENSG00000285941,-0.6684278216306082,-0.26902364306953785,-0.1944389104105788
NKAIN2,2.5597706109530947,2.441133586697511,2.525494534701153
RNF217-AS1,1.7064787138904975,0.990887943022674,1.4419808083099745
RNF217,0.0008089169314863213,-0.07548625657184614,0.2289279623861695
TPD52L1,0.33150620253911706,0.3265738088590915,0.7429349108228925
HDDC2,-0.09720614326903029,-0.7693622134587983,-0.8346059490187194
ENSG00000226409,1.1285254412178567,0.8986458343077892,1.4869632084325843
HEY2-AS1,1.347779652793342,1.681348989424194,1.3312439152516582
HEY2,0.7492735909262471,1.2773497566484728,1.0607705063066284
NCOA7,0.5643503838275165,0.16134537048477074,0.8090421952822986
HINT3,-0.341669687304126,-0.1293012279262947,-0.1811442398717134
TRMT11,0.11273821731242967,-0.11137988844270914,0.23262592943688165
CENPW,1.376601772843955,1.411959186383914,1.3498813306493922
RSPO3,3.5041302112957027,3.0288229710190464,3.425785421833524
RNF146,-1.1053683730389317,-0.5070186267487174,-0.7295510361999185
ECHDC1,-0.14761559916435021,-0.4053381621151928,-0.4765822435356632
PTPRK,1.1287185908405881,1.4667342618666162,0.7932236026380473
PTPRK-AS1,-1.1214149248597032,-1.1207927144193164,-0.6626063263254629
LAMA2,0.8980133404448871,1.9351353403456848,1.0709352432531194
ENSG00000226149,-0.15532574911949834,0.42364943482040823,-1.0482979507910173
ARHGAP18,0.09319431540853537,0.6661389391413373,0.5599412547264855
L3MBTL3,0.8514869757229134,0.9311487514219188,0.6774152509022393
EPB41L2,2.4135574439432084,1.8940278438450342,1.1948876160172937
AKAP7,0.4346942273375162,0.2771347692061141,0.09147705534543964
MED23,-0.5674318082880916,-0.07615326239510262,-1.0662571268380177
ENPP1,1.0519744857979667,0.013236259421450519,1.3652215393530938
LINC01013,1.2508976534840883,1.2609455396916545,1.5004638265603276
CCN2,2.3035657986173916,2.2629369404606763,1.8784730723263152
MOXD1,3.674577407596157,2.845381743319031,2.993957992857819
STX7,-0.4766325732359143,-0.454459261606555,-0.3707395512571345
SLC18B1,-0.10324268645210215,-0.16225339424684299,-0.5961894787369068
RPS12,-0.16116829591041262,0.0003058776624662521,0.012750845158036457
TBPL1,-0.3947277729428116,-0.40006395238549436,-0.2796756045442806
SLC2A12,0.050481291905807454,0.3405244144088506,0.0868471345331904
SGK1,1.5197852960465674,1.608095531649834,0.5349515040794657
ALDH8A1,0.36888213709776707,0.35407122360921406,-0.06647389822540718
HBS1L,-0.42513082116884254,-0.9408906296342784,-0.5819484067704508
AHI1,0.6150906518470194,0.4189748609520337,-0.009460087581135977
AHI1-DT,2.199266313743344,1.203683678623161,1.560492382168853
PDE7B,1.7903081406197927,0.9825841930082433,1.0119898536370897
BCLAF1,-0.5514185990494661,-0.6217974376762961,-0.3599972569969622
MAP7,1.0124774601166564,0.7921598580385698,0.9147122848450594
MAP3K5,1.344840804629186,0.9649006865107204,1.447981762595571
PEX7,0.1628779584764394,0.30157303579655453,-0.0021880290587752
IFNGR1,-0.862301820241381,-0.18022307094657106,-0.9280922011147367
WAKMAR2,1.2789025937576035,1.7534369955166156,1.134175875649973
TNFAIP3,0.6290463045730732,1.419306544984103,0.7488953531555573
PERP,-0.06186208480080774,-0.02246287740713625,-0.009804550264657784
ARFGEF3,1.0650484528371607,1.5193657102520532,0.9694753532556284
HEBP2,-0.1765346104028964,-0.02380302918582093,-0.2429139985370021
NHSL1,0.8854422729304616,0.8658891051989279,0.9118762151535904
NHSL1-AS1,-0.9023244542646722,-0.6665724658683416,-0.10736748344847417
CCDC28A-AS1,-0.1330637853017151,0.11711830973400345,0.5497145266513819
CCDC28A,-0.03693885437345302,-0.17025141079989942,-0.38223939492160497
REPS1,-0.03653761507060688,-0.48255865499013245,-0.6994919077515078
ABRACL,-0.11782876950013227,-0.15946352501526212,-0.41723277651609436
HECA,-0.25697809045398046,-0.11776281029520415,-0.46365877375034614
TXLNB,1.0618891571879594,1.382358335288437,0.8960560473419966
ENSG00000226571,0.9619911260664508,1.2800402071937,1.1089625878557747
CITED2,0.3408005548226391,0.3359309991601443,0.4295731194014998
VTA1,-0.5257261826813462,-0.9874345730732017,-0.1703802226388191
ADGRG6,0.958063676646983,1.4747003988915353,1.5220398632310541
HIVEP2,0.44345712030263945,0.32739061838501377,0.5073806562621782
LINC01277,0.691942870837714,0.8198711870115929,1.2749995958716305
AIG1,-0.0008658462394848851,0.0659348334386997,0.2000130605313152
ADAT2,-0.09449003415154421,-0.2762811650397871,-0.46891620888957414
PEX3,-0.02216557793325792,-0.13223719690484975,-0.042034132318857324
FUCA2,0.4900755193268722,-0.23050930940618747,0.019891691772418268
PHACTR2,0.3480317893183873,0.3070989945300866,0.3790587045809559
LTV1,0.13839360727689973,-0.11461602141990569,-0.14920522955361543
ZC2HC1B,-0.27608600270635714,0.8314453194935076,0.7828855270654884
PLAGL1,1.051315127589909,0.34898353097220186,1.1026631156183662
HYMAI,0.18758110638169959,-0.5622622357836525,0.9712550461111071
SF3B5,-0.4662192551981477,-0.40626343108832325,-0.7617002918914153
UTRN,0.19633551166999297,0.20184303610486154,0.38165134046838034
EPM2A,0.4395247873458672,0.5763267950969002,0.73328373863961
FBXO30,-0.31884876249026567,0.04704954305917051,0.03968024772997932
EPM2A-DT,0.3244810565761043,0.4592843418284005,0.07176580925751706
SHPRH,-0.29594162635103416,-0.2753041666277696,-0.3114672454040246
RAB32,-0.7280257044369627,-0.3492805028229959,0.14780922491484824
STXBP5-AS1,1.0351487359307043,1.3801588134994418,1.2440468811494405
STXBP5,0.259721352559339,0.5597636192025881,0.502274461933343
SAMD5,1.9012479506618796,1.8351303518531488,2.0394391906474816
ENSG00000227681,1.9954505602808048,1.6900311979192004,2.027109367976525
SASH1,0.8820448313133546,0.584002317457955,0.5720565770117005
UST,0.8259779758117495,1.0270794986353984,1.201382887889217
TAB2,0.04350927193116753,-0.22255478498111003,0.05538476761957158
SUMO4,-1.0012797378204574,-0.3597950065075572,-0.3247026832110613
ENSG00000289045,-1.310215268975444,-0.8865474214692988,-1.1339313509323503
PPIL4,-0.6081980870950298,-0.7702554451671446,-0.6290334731728605
GINM1,-0.5347252921227971,-0.4759452801263179,-0.38690048184027853
KATNA1,-0.21832334235543624,-0.5999006213444639,-0.6409939091143464
LATS1,-0.4002512615029056,0.0021364661305085554,-0.5868777334231369
NUP43,-0.35584580154351647,-0.6514593391406791,-0.39561796285874706
PCMT1,-1.0220265711771077,-0.573955266461855,-0.4989424414371193
LRP11,0.5342251814806076,0.29500757975914016,1.3182392602970232
ULBP3,-1.272202250410139,-0.5104062707656318,0.22550874289764164
PPP1R14C,0.7274571752617902,1.1152800585607991,0.23134956723216502
PLEKHG1,1.3671673277417007,1.3709051330757411,1.659836554164503
MTHFD1L,0.5186917576080781,0.6034581469345532,0.7180282772223094
AKAP12,1.0102309701790375,0.8041613286108493,1.314397638311256
ZBTB2,-0.03703145636831446,0.09757153819501248,0.18090068681025429
RMND1,-0.05423270242798857,0.13746150794592535,-0.3397181557881588
ARMT1,-0.42390295665940064,0.14368859313240992,-0.6365284800739381
SYNE1,0.8592140574548458,0.8895043025648839,1.0514557265990305
FBXO5,1.5595550138299146,1.692174661043218,1.3754761356487606
ENSG00000227627,0.37650009835522985,0.3671155636477223,-0.807669481026128
MTRF1L,-0.1510279404216029,-0.26479577727237213,-0.30613810713563083
RGS17,0.5759412070800742,1.848380031210521,1.2492079126407347
IPCEF1,0.12452912175220367,0.926135640201462,0.5599943607505473
CNKSR3,0.367481793136605,0.7990036182639422,0.4432592614823676
SCAF8,-0.5396490367268606,-0.4822031131007129,-0.395901154449323
TIAM2,0.06771447320720732,0.2283159788668563,0.8132176515646706
ENSG00000235381,-0.7147682814598681,-0.28175120802891485,-0.21914682538307778
TFB1M,-0.37537663532861737,-0.5786477508778951,-0.31133056427118794
ARID1B,-0.11606644012334749,-0.1383722263058651,-0.11815782379334293
TMEM242,-0.8013253119825876,-0.35561395163184173,-0.3217266867730259
ZDHHC14,1.1657933795684166,0.9729752938499416,0.9327522420299381
SNX9,-0.4258775579527771,-0.21931864882520466,-0.35993373605252893
SYNJ2,0.5681386158675679,0.7427942704923148,0.4052596751349817
SERAC1,-0.12658806548789064,-0.5345206823413234,0.03911275937220898
GTF2H5,-0.4915414605491115,-0.5568134319976217,-0.5508454694050045
TULP4,-0.5680784594468804,-0.5514289277800478,-0.7166033280227851
TMEM181,-0.13890282391499298,-0.37471771190494957,0.06151279985859056
DYNLT1,-0.22841494189488995,-0.4969382702930397,-0.4634660376933511
SYTL3,0.36297763646134124,0.42438988197192273,0.1930949555278332
EZR,0.24255374833296633,0.39449199192537426,0.3658701906638803
RSPH3,0.22206978539595565,0.09301118171818955,-0.033442968113359256
TAGAP-AS1,0.2151339237996978,0.4797303874276793,0.45439957474811266
ENSG00000286533,1.0037062550049143,0.7982557839027357,0.9338914873563625
SOD2,-0.48373012864171727,-0.4970495724799662,-0.40197870566780125
WTAP,-0.8062889411796377,-0.5947814200546412,-1.0100325798119556
ACAT2,0.6641455218433912,0.8326524337010569,0.6040359562277153
TCP1,-0.02508266156594991,-0.47542827467083265,-0.2985911782902306
MRPL18,-0.8960336672161233,-0.40891274214480683,-0.5273593517072507
IGF2R,-0.3462718926716945,-0.3476621698403229,-0.29720985359004354
LPAL2,1.6105778615988342,0.4861913203446697,0.44582284556839374
MAP3K4-AS1,-0.7588506117485458,-0.5612646111143534,-0.5390056873455505
MAP3K4,-0.5239774099470296,-0.5139704978516484,-0.25184695580940897
AGPAT4,0.13483802291747796,-0.1273044908894541,0.07456458740320575
PRKN,0.549208459319118,0.5036754695609139,0.6103290977312312
PACRG,0.9950809211413904,1.0108937645123675,1.3228987666397813
CAHM,-0.3584190041236397,0.057671414998921505,-0.517460994324029
QKI,0.0321784912106367,-0.05228523870798087,-0.20936403729657901
PDE10A,1.3896385709522718,1.727076776773096,1.412239199339119
SFT2D1,-1.238174825940657,-0.7532501672507266,-1.0080562738787506
ENSG00000286760,-0.1500561532744697,-0.07071599881891541,0.6182193413946173
MPC1,-0.2367155532183247,-0.11816505779392375,-0.09086665314020335
MPC1-DT,0.4663982382252776,-0.2339602462224768,-0.3013040728630046
RPS6KA2,0.5821209217098087,1.0836824027174643,0.5713154487816395
RNASET2,-0.5253789632970545,-0.0008935425069011786,0.047705600206370435
ENSG00000227598,1.4247570006455987,1.2447682971647396,0.7503537164502739
CEP43,0.1859746003313276,-0.43363343011265,-0.16896425302432405
ENSG00000287594,-0.7553165067469827,-0.5260898920992254,0.07047117467707761
AFDN-DT,-0.24535720081125237,-0.08718024796038648,0.18190206753770968
AFDN,-0.6976011963307798,-0.6923684598012015,-0.45762530558918263
WDR27,0.12015125800186874,0.2947276172391078,0.07278334344985991
C6orf120,-0.4753985814515041,-0.694868209787284,-0.5639968473782276
PHF10,-0.6781852963621554,-0.5448267838645755,-0.6449707634000924
ENSG00000227704,-0.29383115079591,-0.11969562887376387,-0.5264765415397505
DYNLT2,0.10726559808412268,0.4797629062414189,-0.6559825276151869
ERMARD,-0.45096697068292363,-0.36960665475114846,-0.4615359319055124
FAM120B,-0.20489199774584316,-0.47957803209608235,-0.15643299879739558
PSMB1,-0.7337671965387855,-0.6056933454680404,-0.6305208772125682
TBP,-0.5787055058587747,-0.4259156962864026,-0.26164824621625365
PDCD2,-0.42555116451348596,-0.4580661569517978,-1.255308647222435
LINC03015,-0.9525428774774163,-0.1528541950133793,-0.5616249492064753
FAM20C,-0.3130901777265827,0.19720795971294083,-0.22605903346291353
PDGFA,-0.3770227889563209,-0.2038913969210867,-0.2404355007745877
PRKAR1B,0.3084118063385013,-0.15578392040886868,0.07781007280989631
DNAAF5,-0.9799578868732404,-0.31931481749413143,-0.416501437780358
SUN1,-0.5999991335729753,-0.9069770283049081,-0.3331742117480872
COX19,-0.20863506527846454,-0.5913559928529929,-0.4639537872963224
C7orf50,-0.5026916844070684,-0.858083454894011,-0.8499975461028556
GPR146,-0.7392171574375546,-0.819951866173227,0.13861564222228048
ZFAND2A,-0.24708540720480346,-0.03452384496520007,-1.1960030583594055
MICALL2,-1.2786047175452389,-0.6925618161308088,-0.5914998664870376
INTS1,-1.0552233311301755,-0.6889842064017415,-0.6413733976261397
MAFK,-0.48793660731410776,0.152517971860668,0.17033711974392673
PSMG3,-0.6235476131362178,-0.3416074877499646,-0.8265986050143113
PSMG3-AS1,-0.5182188033092956,-0.06884124044091071,-0.7401871864796767
ELFN1,0.2213048661035444,-0.08811472400823558,0.023787324923134123
MAD1L1,0.27489106976073785,-0.26096465546442354,-0.4072909180871705
MRM2,-0.19616919016046103,-0.7245072569568372,-0.17191727734140727
NUDT1,0.7885085980988045,0.5553246939400402,0.6479839385525814
SNX8,-0.3134635361906994,-0.02972173447718875,-0.17509982254905415
EIF3B,-0.707317860848196,-0.7348848818469413,-0.7466992474017964
CHST12,-1.0692337239789893,-0.6191350884324578,-0.47055440684490074
BRAT1,-1.1757727383031131,-0.7438013644412074,-0.8964409166960898
IQCE,-0.4299602764337998,-0.37905703806051966,-0.20136199238892522
TTYH3,-0.3844912906247409,-0.4334529376667859,-1.0160719449242634
AMZ1,-0.0054001144073297066,-0.17459732584430654,0.04612546638266571
GNA12,0.38475849787380056,0.1777877292144474,-0.5764471999892287
SDK1,0.9285701480903565,1.3371093970328456,1.0478418859940106
FOXK1,-0.3044475788615877,-0.27088577038054856,-0.38698120894056137
AP5Z1,-1.0158338624266285,-0.5323593057549232,-0.8718520312579052
RADIL,0.168555976790632,0.10612544089463329,0.2428303491260309
PAPOLB,-0.25684514518790635,-0.547602915174842,-0.36205242509579344
RNF216P1,-0.276979724855849,0.02702737057948219,-0.25448215931178103
RBAK,-0.7054219896003318,-0.12340468169467654,-0.6961597018250743
WIPI2,-0.8126101713219036,-0.9116930710168026,-1.3024488758445756
SLC29A4,-0.1868579554999137,-0.3389484105820663,-0.13176117817740257
TNRC18,-0.5520583917434614,-0.3867611780470454,0.04572138034236776
ENSG00000272953,0.055650706443547165,-0.530947281126057,-0.32741348561270556
FBXL18,-0.17086756331564606,-0.3746793105056519,-0.5472748700207469
ACTB,1.160915395352065,1.3676057249451166,1.5007432762767028
FSCN1,-0.1406052616995304,-0.0551403016243768,-0.11108006935420539
RNF216,-0.2882213797819873,-1.029618484531241,-0.8516036953933224
ENSG00000291099,-0.6830298169120717,0.040737384483851086,-0.06796766995132583
CCZ1,-0.9378525254081538,-0.5070931120124876,-0.35014038466661646
PMS2,-0.3916876880971217,-0.781440492153262,-0.6327748903957372
AIMP2,-0.010718982944194324,-0.026288988339217684,0.11812343144636726
EIF2AK1,-0.484554455336152,-0.3975043114858181,-0.2997458546332332
USP42,-0.10786072359588064,-0.5447284422641906,-0.32551865574997757
CYTH3,0.13132675840765623,-0.06979518212521538,0.2755190768510936
RAC1,-0.9381384167178092,-0.40159636428168,-0.44708550994105417
DAGLB,-0.528809869993335,-1.4655797540715092,-1.605428173869548
KDELR2,-0.1763769646322509,-0.8115778144677215,-0.13359130636289868
ZDHHC4,-0.4050554747477833,-0.6542872904117553,-0.822995094097422
INTS15,-0.3119662690092397,-0.8705170685472368,-0.3891105419790435
ZNF853,-0.5062502402449596,-0.17712749938491618,-0.42761178519741355
ZNF316,-0.39096285784610524,-0.7957934614800877,-0.4775220780214973
ENSG00000228010,-0.519344418865021,-0.39622849809158106,-0.02795961704523716
ZNF12,-1.1622056101150697,-0.3869869300385993,-0.5332949603705721
ENSG00000290835,-1.1885312120920268,-1.1921750921868686,-1.1049917422759172
CCZ1B,-0.8187210308172226,-0.16732846668705287,-0.6106422412999456
C1GALT1,0.5629232757590045,0.36019596889803657,1.6137495069354415
MIOS-DT,0.06704780730901666,-0.4834279977196446,-0.19188289465368766
MIOS,-0.15240565370451623,-0.34716940849737554,-0.1924999467848565
RPA3,0.30637661850656533,0.21876596694951533,0.5391821533267701
UMAD1,0.6983537335818789,0.6010746557599836,0.6472249957277754
GLCCI1,1.2110935184033664,1.2071431122152028,0.9604220438064209
ICA1,0.7494414419677325,1.4685420985680793,0.5410474237051908
ICA1-AS1,0.10373191813991418,0.03420897844981855,-0.054587074122039836
NXPH1,3.7600488809297268,4.196979513031167,1.5236576053112927
NDUFA4,-0.18956844209592558,-0.34445394391259393,-0.3871134400315875
PHF14,-0.07061053259322142,-0.01855610175329047,-0.18321914966351122
ENSG00000230333,0.8938125279695726,1.179582083219124,1.5098994162020638
THSD7A,1.6550279433970445,1.9340334840788103,2.263930087487509
TMEM106B,-0.5843591658297312,-0.5283252363859389,-0.6992924632421733
VWDE,1.7651919887369338,1.746101519853438,1.2267379971237133
ARL4A,-0.04884055165203804,0.2658985834407019,-0.3848880289355421
ENSG00000229618,3.473575320763473,1.3761146383524583,1.4498826259264064
ETV1,1.065207575534238,1.2947356213173578,0.8928969966549013
DGKB,2.0809167586881614,2.478040552599367,2.6314091546612453
ENSG00000286376,1.23014728514649,1.2227053825770113,1.1805434423907641
CRPPA,0.761488863327461,0.825409679425924,0.9367629930442335
ANKMY2,-0.3752479081421569,-0.3000147736115188,-0.8781012005818845
BZW2,-0.3363584332352119,-0.3052625208486006,-0.45047777317351745
TSPAN13,2.448591424384933,1.197937041667057,0.16792786075133387
AHR,0.612619282227783,1.154284111481882,1.7156622670574535
SNX13,-0.28700920485177406,-0.4387845275664617,-0.7198826829943243
HDAC9,1.1020373274628987,1.1896083460558948,1.052437920272947
TWIST1,1.0311617939571391,2.448151239367551,0.8353635865548839
ENSG00000223838,2.17384747452439,2.6318923977932265,1.741488974514727
POLR1F,-0.5365023698389138,-0.5214062182542313,-0.6363284427347757
SP4,0.6206914824420976,0.13720107301175224,0.3673185563344745
DNAH11,1.7831161977626842,1.8306384120576595,1.9439078303289357
CDCA7L,0.4899930542328406,0.6180961051238754,0.4179136821219415
STEAP1B,0.5609445576439106,-0.2417468532652621,-0.3528367901358358
TOMM7,-0.43494389474394163,-0.47883874236109847,-0.4539931739479606
HYCC1,0.29262250762927167,0.07320050313449765,0.4492215015608458
KLHL7,-0.05658423062548939,0.01629319585688541,-0.292953004451249
NUP42,-0.48674620604477425,-0.20343556102622531,-0.37236613929199797
MALSU1,-0.694201982502566,-0.786459896567024,-0.051742972922184584
IGF2BP3,-0.4079075348505299,-0.2662048503669893,-0.6523479966039539
ENSG00000289109,0.06364906445096716,-0.8948765462371284,0.3432710214416019
TRA2A,-0.6185197920421572,-0.8723332793519027,-0.880774527745686
CCDC126,0.2289395328495764,-0.4242366717963684,-0.18696726313985929
FAM221A,-0.7107624492691187,-0.24568079811910332,0.12303763799874551
PALS2,0.7362248020831571,0.3387994470276538,0.4285432565481138
GSDME,-0.5638618252036061,0.014485441657715285,0.41017907148578564
OSBPL3,0.8428167317780897,1.1447415799500504,1.1216806874726757
CYCS,0.3118666122488278,0.06632378984227928,0.1901765010678921
C7orf31,0.14559840226340617,0.057668750420116835,-0.1458599000089684
HNRNPA2B1,-0.1271043416592441,-0.5000093739364608,0.12624099122442978
CBX3,-0.4376245995170472,-0.45181497026182527,-0.5298763399511088
SNX10,0.7934047045208495,-0.11990381082036092,0.16174680215377532
LINC02981,0.3863925696810568,0.9835504988742656,0.6179072197574769
SKAP2,0.8180091810454434,1.061822606797918,1.0842876355811768
HIBADH,0.28090820103036046,-0.14229555161239557,0.35198006121436265
TAX1BP1,-0.781414642737321,-0.8001146561968966,-0.7790666860173836
JAZF1,0.8116748953054652,1.086309665912104,0.932462620315853
CREB5,2.531721706916702,2.191580534076852,2.7225571185996493
CPVL,0.45730566834955155,-0.055441548660969224,0.14449643544666918
CHN2,1.3762035887814577,1.1927020781268034,1.5741186023997003
ENSG00000288973,0.15011864438461223,-1.01226154955814,0.4161276941135838
DPY19L2P3,0.7946051711859033,0.956855691527867,-0.015796628975682146
WIPF3,0.8213973276333668,2.475736493239488,1.041569366227158
SCRN1,-0.25564329954386616,-0.21330347964664756,-0.27914327777362763
FKBP14,-0.03344143264220283,-0.262157452720146,0.3092425877238086
PLEKHA8,-0.2324417481585002,-0.030776577881706454,0.1695423947375972
MTURN,-0.24289212446193534,0.22274128466025184,0.38210257387736496
ZNRF2,1.117546919002848,0.43462441645366207,0.598174650069673
LINC01176,0.16049866113101877,0.3840610748516972,-0.2766152108770541
NOD1,0.5031185440981965,0.4730176550673697,0.16587003308500306
GGCT,0.3361075169995829,0.45505304781325145,0.105056272124333
GARS1-DT,-0.009846330042424977,0.3615390834132697,-0.0875206940754545
GARS1,-0.3968343316760787,0.17514514149723576,0.5505388457467824
MINDY4,0.4546621887861945,0.18488705702391076,-0.4422815875907667
AQP1,0.08080840329189691,0.5509012328717873,1.8306208454513353
PDE1C,1.4514208965380604,1.1234592167707582,1.0914932635304986
LSM5,0.2750398498192048,-0.33442147490338664,0.1238213359307992
AVL9,-0.09117985595101884,-0.28320684780493016,-0.17101066859085987
ENSG00000273014,-0.7757774902584345,-0.5297413553163218,-0.8594332480573392
LINC00997,-0.3116361984558225,-0.3034748217891235,-0.10081917862641279
KBTBD2,-0.06410544582194078,-0.5766984318867542,-0.2998563027789842
RP9P,0.043809265276415425,-0.23145792218290845,-0.2745177581862244
FKBP9,-0.40468377495098545,-0.347193037102457,-1.3401567583510783
NT5C3A,-0.25997027894212016,-0.07304967425555016,-0.2996840196464738
RP9,-0.5232293809042972,-0.2289626933755145,-0.7775371633046042
BBS9,0.9994365136595853,0.5670370315079936,0.881710561908413
BMPER,2.4390857635373457,2.068934519711121,2.0308434694227415
ENSG00000236212,0.797976527336445,1.2505739440391679,1.0213353981381204
DPY19L1,0.04934944269973228,-0.38991327724383495,0.0364532379524291
ENSG00000287249,0.33709730974650387,0.231050412317419,0.48279276196090853
ENSG00000291133,0.4838274229084228,0.6042488659402352,0.27664378584664806
ENSG00000289089,0.2943124572262086,0.633167302461036,0.3808537455733471
ENSG00000288947,-0.5111148790115722,-0.02676252286088142,-0.07379780869739604
TBX20,0.7607742211842865,1.2616466930711816,0.7181815899314365
HERPUD2,-0.2787670602089208,-0.4073239751923374,-0.021675011733801593
HERPUD2-AS1,-0.43633235138635484,-0.0995511689735018,-0.2054740553724166
LINC03013,2.0653160932280024,0.8057895044436875,0.6789879613750607
SEPTIN7-DT,0.09840990084103393,0.12512665252341643,0.7593742241040644
SEPTIN7,-0.08577040216967195,-0.23655094049001588,-0.3511754001455607
EEPD1,0.578132750144313,0.5077144213300997,0.5635675775733162
MATCAP2,-0.3144803869818844,0.1961646822802762,0.018590209868332222
ANLN,2.7328420704734704,2.765463567682996,2.390016180095831
ELMO1,1.205573453507153,0.8939204925539564,0.9151087879347343
EPDR1,0.11706362035404888,0.43203221443822665,0.1269620804148914
STARD3NL,-0.5812234195034697,-0.5192468681115514,-0.61209742736618
VPS41,-0.31751622983391664,-0.28999557723261304,-0.4535138023544931
POU6F2,2.159124762805117,1.7266425583785896,1.3591240955565738
YAE1,-0.6138748788227986,-0.5006699732919273,-0.05790355077231979
RALA,-0.6817922771788254,-0.6343640588521423,-0.5968195132201259
CDK13,-0.19262467402516495,-0.3901743111409992,-0.2628389579448545
MPLKIP,-1.1390949804655435,-0.43211372194781456,-0.11880735188644562
SUGCT,0.7765863807141818,0.989088502022934,1.0097593927507553
INHBA,1.5258958207285573,1.228437623592562,1.6617721416349944
GLI3,0.9689039100533918,0.6621695871342936,0.3081360346780287
C7orf25,-0.7979740116446656,-0.8095820735945091,-0.018282663174844102
PSMA2,-0.5224245995123198,-0.801146406704234,-0.39185113710030706
MRPL32,-0.9477568457923908,-1.1248900581211814,-0.8031155234484296
STK17A,-0.12647580089240412,0.046316554113104834,0.3766327736276481
COA1,-0.7380667906989798,-0.8432150064054369,-0.7589452628789992
BLVRA,-0.3126802367645283,-0.3201170719807748,-0.37510851476838525
MRPS24,-0.584257008329498,-0.46080375121355394,-0.7332440699020566
URGCP,-0.25844913114047335,-0.30634171576677,0.33947937310140824
UBE2D4,-0.04445066498275807,-0.5317167327158572,-0.4726799085820624
ENSG00000228434,-1.3701207461393317,-0.5061421147985783,-0.7485192092079238
ENSG00000290872,-0.3863519884444813,-0.35095084757739414,-0.40033339965555476
ENSG00000290758,-1.204050415265037,-1.1766825826120773,-0.735742551595731
DBNL,-0.4685150146546171,-0.5450698521312739,-0.975209362636015
PGAM2,0.29678980332923294,0.3847756457383404,0.3547745529742876
POLM,-0.5973411351891933,-0.4012428985571752,-0.7977334226416025
AEBP1,0.40904688945258266,-0.32791470563712727,0.009687332141702188
POLD2,-0.4667869098237887,-0.3311111126430113,-0.6156483382350828
MYL7,0.7480514295292516,0.6034115940294118,1.755508972419447
GCK,-0.0950935752386783,-0.08038256731229149,-0.052734357220554494
YKT6,-0.4255387118605256,-0.5983390742826451,-0.33327702833881645
CAMK2B,0.1958661034599806,-0.5938285164333088,0.1959162116090062
NUDCD3,-0.9113744278089975,-0.20587541335366308,-0.1914867885195086
DDX56,-0.3704282902902953,-1.0315788788446234,-0.44349301190717944
TMED4,-0.4494844294685229,-0.6762765840707844,-1.073038013110697
OGDH,-0.22425044709401476,-0.46123242333279174,-0.4480432421651414
ZMIZ2,-0.34738382332696455,-0.6099776495531835,-0.65456758951208
PPIA,0.21160206561055978,-0.06594871128357127,0.24737438181253596
H2AZ2,0.29115923471855965,0.07218674687848649,0.30824525262987384
PURB,-0.5583636738258876,-0.4381892611498799,-0.5247557056205886
SNHG15,-0.5217009663661046,-0.5837648214337783,-0.3341796728944715
CCM2,-0.00954023046218212,-0.33774423380054935,-0.1896314766576381
TBRG4,-1.3467078164669601,-0.2841336714440637,-0.3942679960838476
ADCY1,0.514422641874031,0.691074544729215,1.3292282648341995
ENSG00000291207,-0.6627424015407044,-0.11653217224418101,-0.27064904597778755
IGFBP3,2.112843879078657,3.0435545844841947,4.422064378034545
TNS3,1.1839528239405226,0.9513991883334363,0.9545408607497876
HUS1,-0.3267405817165141,-0.30593966446920723,-0.8238059671226949
UPP1,-0.08847986742642179,-0.36280423970626424,0.06053471805999415
VWC2,3.0738221661822784,2.2625111109911558,1.9764167028941984
FIGNL1,-0.04265282590599993,-0.013263673474821094,-0.029899910273943647
GRB10,1.326467647178827,1.5297618412006848,1.4308409292268962
COBL,1.2378877457563355,1.0323587006222752,1.4101012345067048
SEC61G,-0.27354495751401237,-0.2921078718043155,-0.12754892974322374
LANCL2,-0.38434102101857087,-0.021656958681202085,-0.36046929333501865
VOPP1,-0.0594877596499757,0.3022039121692152,0.4254499797702032
ZNF713,0.3111263899234373,-0.2017968818338822,-0.07985523081489278
NIPSNAP2,-0.6151937941060481,-0.7622240437395504,-0.5156943120127444
MRPS17,-0.4859149930976407,-0.4439398517698514,-0.2431718292349387
PSPH,-0.8553088211941927,0.026871274275400543,-0.5058624993466054
CCT6A,-0.3228221122696837,-0.35707205129934744,-0.2591022720778291
SUMF2,-0.5398651727273709,-0.4351850774042702,0.08443802624030984
CHCHD2,0.6320593529942222,-0.27168533010616264,0.11178925309268095
ZNF680,-0.07454315866267436,-0.4955518256516455,-0.06119511671851897
ZNF107,-0.42680010275521946,0.41580121272496134,0.16653231807357832
ZNF138,-0.4089689726862425,-0.9300332148562093,-0.11640690939776735
ZNF273,-0.3595318397259959,-0.1743471991023035,0.14069935712149478
ZNF117,-0.10113415295287712,-0.3233575139362123,-0.6240682533976311
ERV3-1,-0.294926114627529,-0.6279789640207268,-0.21675292624948744
CCT6P3,-0.2920146895704647,-0.37113942797637384,-0.11541462001389395
ZNF92,-0.1046533624114012,-0.22738903496120952,-0.12247607133971881
LINC03006,-0.43902984510311777,-0.27542227004875036,-0.342065246616258
ENSG00000291124,-0.8740039821380137,-0.3472503940198522,-0.3315182885610177
VKORC1L1,-0.6501625522090463,-0.14048355004455004,0.03782208913231962
GUSB,-0.6412254240105462,-0.6204718025375618,-0.30625890865823996
ASL,-0.21875695495847586,-0.6069832184622435,-0.11102108441773956
CRCP,-0.7865091947806029,-0.7002858911461908,-0.47873465321603703
TPST1,0.5430800518709943,0.66966935131844,0.4648988175993018
LINC00174,0.7516265287190008,0.15154653186842632,0.3760614303864323
LINC03011,-0.4936946000436321,-0.4248222087321522,-0.2877128864193068
ENSG00000291136,-0.8412018079923982,-0.6575983389242489,-0.2022073103564282
KCTD7,-0.7477709660018377,-0.6544442882033472,0.05469830974869079
ENSG00000226824,0.08458722941617586,-0.19453418418269314,-0.07615213520159618
RABGEF1,-0.30223524401680635,-0.09452980179415611,-0.1843915290186651
ENSG00000272831,-0.18879306962136155,0.09048302626966993,-0.21586112260078494
ENSG00000289177,-1.3749088347425733,-0.7043944365211097,-0.33369761002164117
TMEM248,-0.6646290276692355,-1.2069222466336313,-0.6231489951004255
SBDS,-0.41059110836771856,-0.29293970596201646,-0.5703107306625802
TYW1,-0.19675309997042237,-0.31935580669895464,-0.1849257779159679
PMS2P4,0.609414931873907,0.6568767375208182,0.011704693621169267
STAG3L4,-0.38339484067962104,-0.714551283994716,-0.35510086676358915
ENSG00000273448,-0.10672282448491904,-0.1272481218107267,-0.005340566178844615
AUTS2,0.3071279830152917,0.6841450494459327,0.8587626859523317
GALNT17,1.5981465991503434,1.674709005965287,1.5525050400449985
CALN1,2.632464888582831,1.0260690170809106,0.7676022538384757
TYW1B,0.40176608614880394,0.46789471906504687,0.20430571393677247
SBDSP1,-0.8451575923421579,-0.20722722407858635,0.18931462444939842
POM121,-0.48783364421458225,-0.4651608751674844,-0.2425552750499947
NSUN5P2,-0.1795404627221196,-0.39756909424375675,-0.39341177351539963
ENSG00000290832,-0.1385443677870413,-0.3648271305598954,-0.6128697489159514
NSUN5,-1.3084210081477288,-0.8503635057790646,-0.4819972134541217
BAZ1B,-0.3077094980350239,-0.3362809943916858,-0.5569130333206225
BCL7B,-0.5859653084135452,-0.5441452465629801,-0.2597932246311139
TBL2,-0.26492402813971344,-0.36010016325108657,-0.48534576755051617
VPS37D,-0.6320592665986418,-1.2165846447797115,-0.893605581695649
DNAJC30,-1.0255520765007695,-0.5335962701400803,-0.9709504306663027
BUD23,-0.5729040972631942,-0.6875255588654525,-0.2809471420084009
ABHD11,-0.12720336338488644,-0.5276764819894134,-0.4524328755683556
LIMK1,-0.7274472142512317,-0.5334818335144469,-0.39929357304600543
EIF4H,-0.8310308494816141,-1.0092248185207318,-0.8300097292162327
RFC2,0.6352450302498198,0.5261114022741501,0.3964086106100488
CLIP2,0.32695817765626595,0.696110994787766,0.19615128022596906
GTF2IRD1,-0.4175625223866568,0.14725226853545342,0.0341364785894917
GTF2I,-1.087068415387698,-0.9147093776170578,-0.9646201774197536
GTF2I-AS1,-0.12795855433327571,-0.501766676832375,-0.2754575607161236
GTF2IRD2,-0.6621740692590912,-0.7512708638566856,0.11613003722413147
ENSG00000290833,-0.2317103017710771,-0.2715246017044173,-0.691355725920026
CASTOR2,-0.4901150348109553,-0.5471957065578507,-0.45565293715370814
RCC1L,-0.21464629423460482,-0.8426533423031514,-0.7350157858622381
GTF2IRD2B,-0.6647120122906466,-0.3171479927452658,-0.8604407071263402
GTF2IP1,-0.5296520558570386,-0.6096424516374553,-0.5136975520190639
ENSG00000290951,-0.08966862578865077,-0.18006170061395108,-0.6040240145359589
NSUN5P1,-0.6820708160578981,-0.8327263315555237,-0.17420318522788847
POM121C,-0.15968204808109482,-0.45158384074509067,-0.7688574041497027
PMS2P3,-0.32332949727306826,-1.0199939347709055,-0.35536446182534925
HIP1,0.1455674915583386,0.24140649403599565,0.17336972190759067
RHBDD2,-1.2824236060556622,-0.521422649737037,-0.539973853176285
POR,-0.17510011935657485,-0.5074283853707017,-0.7834091277649264
TMEM120A,-0.32435772506505595,-0.25101896057709544,-0.5522026042238153
STYXL1,-0.1948000973963851,-0.24187641585186978,-0.27649061050934165
MDH2,-0.11003352793682804,-0.03479471243607078,-0.21840234148438142
HSPB1,0.2598192848328704,0.31567654075622364,0.07710127035414523
YWHAG,-0.8029154484676334,-0.5998802070334577,-0.2879445190112371
SSC4D,0.5262451319698229,-0.2621225435089087,0.306620569512436
DTX2,-0.7687286881479559,-0.6546347074653696,-0.05674688867307868
LINC03009,-0.31775268371157495,-0.3721763764215495,-0.008109709383205717
POMZP3,-0.6381276374542857,-1.1023082368713268,-0.9155990874997819
ENSG00000291121,-0.27398139871873534,-0.20887426866404368,0.5598363029074207
CCDC146,0.7408639441367414,0.8138523238297352,0.8935713258649862
GSAP,0.14020642296472727,0.6964530290445162,0.8374465094713877
PTPN12,-0.3449667130660963,0.02186307300761579,-0.17486629842420245
APTR,-0.370392889624835,-0.3307077685127667,-0.14555895871171745
RSBN1L,-0.7173504179549823,-0.747726680549235,-0.47365472765471134
TMEM60,-0.2346889882844998,-0.8221161836568563,-0.7630487138732427
PHTF2,0.18129475769964995,0.20573782752232359,-0.19156418331487762
MAGI2,0.9625057704504504,1.4454376462234906,1.135905004664579
MAGI2-AS3,-0.005081618922861958,0.6836741404501652,0.41514785326533854
GNAI1,0.4931626375334374,0.2612780879200755,0.2745681570383703
CD36,1.543506286778772,1.1309624492471073,1.106952143180397
SEMA3C,1.5355242930584758,1.8836033166310884,2.304047274574355
CACNA2D1,0.2624956412710517,0.5668412603984194,0.3299977319586844
PCLO,1.2741952118571973,2.1012079636428034,1.452738677131304
SEMA3E,2.1125979779961064,2.519923981879728,1.5729309063696846
SEMA3A,1.4705000909752428,1.4126170171822743,1.9561897815918066
SEMA3D,1.7373650423985794,2.6203031415669678,2.539517280540977
GRM3,1.0070320103250268,0.8741634900956646,-0.08866459718310438
GRM3-AS1,0.5616411573489906,0.6561098073297416,0.20607661380476822
ELAPOR2,0.9178871598065079,1.0627890460332132,0.9242001224578722
DMTF1-AS1,-0.597462697174592,-0.28236434143654426,-0.4611657832669458
DMTF1,-0.3558418215160799,-0.6124599721970014,-0.09539071090624776
TMEM243,-0.6596229571184188,-0.4873616112049959,-0.3190930510165763
TP53TG1,0.07042120918140062,-0.3916426499671424,-0.482704214011239
CROT,0.5488649804820797,0.3199486301824627,0.20436619001511147
ABCB4,0.8730413506433833,1.1178104934483066,0.5696493055684861
SLC25A40,0.22119028249008113,-0.0030123179608062,0.1326164755621484
DBF4,1.31009153400111,0.47875195090662,0.3058263181520324
ADAM22,0.12222439594281559,0.982160647455693,0.6657642597556439
SRI,0.5498897467632418,0.27936352119841595,-0.02172903183240044
ENSG00000228113,0.972476623382569,0.764849155984514,0.6735503032220791
ENSG00000233420,1.825884742079019,2.8162215358459157,1.7195982573725708
STEAP2-AS1,2.432775355103118,1.6136434832439548,2.11889672437346
STEAP2,0.43074772955508317,-0.441129643535831,-0.10037741767600042
CFAP69,0.4767426193262238,0.9155331476475617,0.5715221218374644
GTPBP10,-0.3334528056993591,-0.5164156290289449,-0.06940411383409635
CLDN12,0.023669999579538987,0.011948922120549,-0.16620439294911551
CDK14,0.12095799762759891,0.12279175816510694,0.20435063851202526
FZD1,0.20934455403827454,0.7587849462175313,0.04387165519910151
ENSG00000235450,1.4789963130013817,1.6915239893716496,1.1081220732351156
MTERF1,0.6903623343482366,0.6423219066973829,0.3456469545129294
AKAP9,-0.3471629282178092,-0.39626005701363454,-0.4022959043152668
CYP51A1,0.4809679713106085,1.0066229583501816,0.691245083098508
LRRD1,0.1909015627252125,0.16975369701528106,0.03199272413075958
KRIT1,-0.6728678061273178,-0.7908462253735317,-0.32949494577488275
ANKIB1,-0.2523148059687834,-0.1326134294583418,-0.12130035757838803
GATAD1,-0.6033514665805307,-0.7081013516853467,-0.744613164975302
ENSG00000244055,0.043678938884888,0.5164594132159692,0.4859275203552827
PEX1,-0.1690702214620004,-0.4754777612430274,-0.5100981480900656
RBM48,-0.3750326048350452,-0.5305697878910286,-0.5476309579405018
FAM133B,-0.5906399745583536,-0.23259001429468287,-0.6298103266355355
CDK6,0.428718252503458,0.6063647405079563,0.4885132903895979
CDK6-AS1,1.251609527929677,1.9587202362009286,0.8307660012858449
VPS50,-0.23796770783287255,0.21019655541115512,0.05743290470172017
TFPI2,1.4023742703878241,1.9135196913432537,1.9359276107373873
GNG11,2.317833427972193,2.833868499357589,1.7144562272906434
BET1,-0.46900131005153517,-1.1739787959653754,-0.510891276169673
ENSG00000285090,1.351475663075636,1.2446756158955736,1.9922411571221659
COL1A2,3.145533871195358,2.1987677943530457,3.523827259454638
CASD1,-0.00022943463911672342,-0.28502675632938695,-0.15849063185225637
SGCE,-0.09430828173475447,0.06194670988450921,0.20392355851046062
PEG10,2.515867682752404,1.8883489277859624,2.3283868455008125
PPP1R9A,0.36670726144285126,0.1698725057469338,0.5583497788379326
PPP1R9A-AS1,-0.39339343013140393,-0.15111721924202473,-1.0979359629575463
PON2,-0.44255532922021257,-0.3185101843951017,0.08874025357975412
PDK4,0.427773195808701,0.05378190153421158,0.5632074427805094
DYNC1I1,1.239263647506128,1.310685993684995,1.603828949689209
SLC25A13,-0.07674038944094622,-0.06403936587357252,-0.20348012677560234
SEM1,-0.4142590142851433,-0.14513122666713224,-0.6460387448127315
SDHAF3,-0.2941156578408481,-0.43445057604932563,-0.15073252859670558
ENSG00000284707,0.022366472750817983,-0.18297929418495323,-0.08291299174454278
LMTK2,0.03413333132693097,-0.10126245185573174,-0.029394796111471822
TECPR1,-0.9250019358218964,0.16953428059543899,-0.053788639548034964
BRI3,-0.573689155414769,-0.33966860473156396,-0.2127503718828656
BAIAP2L1,0.1962371866982692,0.42124113254884327,0.2768304777598622
TRRAP,-0.506654473940678,-0.4016053235351222,-0.3941490745061174
SMURF1,-0.09937451559272863,0.2707292559758762,0.16240404952695536
ENSG00000284523,-0.3110106522372149,0.01478533234876522,-0.10736134493661714
ARPC1A,-0.25364130899872,-0.18595920790969694,-0.6164876331782914
ARPC1B,-0.4515213436950418,-0.4283102256574303,0.023132342650828953
PDAP1,-0.8376508179647145,-0.6460429808370839,-0.45997801134778277
BUD31,-0.7168952934553943,-0.6068237650914555,-0.5138156285200921
PTCD1,-0.5542129955214037,-0.45962395751717006,-1.1679081093059835
CPSF4,-0.5520515192811145,-1.2527308120898866,-0.06914967587261955
ATP5MF,-0.2777127360181737,-0.20937308576097285,-0.12824987279983452
ZNF789,-0.2313000033474708,0.17159011131417046,-0.1907534160068849
ZNF394,-0.2932522394759154,-0.9553651869623393,-0.5084133712957842
ZKSCAN5,-0.7460882810410112,-0.46207206339376583,-0.40811589021156885
FAM200A,-0.15579229242943882,0.28262896726086245,0.02705191768925272
ZNF655,-0.5622096894215219,-0.3696929857407448,-1.0282338121044567
ZSCAN25,-0.9908409554381804,-1.2797907946975435,-1.06846733434055
ZKSCAN1,-0.33220987485146486,-0.2042346770206578,-0.4502206259665726
ZSCAN21,-0.5676687094680801,-0.7759013636718706,-0.21797547602750103
ZNF3,-1.0142154613289627,-0.3293159684006177,-0.29372508671515624
COPS6,-0.565068293453578,-0.9562121398477927,-0.4074200097548903
MCM7,1.1070183530534123,0.47922519359478954,0.9866476256451975
AP4M1,-0.5007380517966347,-0.4670090823184552,-0.3600581393547592
TAF6,-1.1178644310135972,-0.6579737871711657,-0.35850064446931645
CNPY4,-0.9940226640001484,-0.4538794274487863,-0.40813760415476
LAMTOR4,-0.3888906645164383,-0.7317386684287079,-0.66499019772764
TRAPPC14,-0.914286372391185,-0.8962994820366532,-1.2355340280382237
GPC2,-0.14792951509650012,-0.3504065150399392,-0.33050977994085434
CASTOR3P,-0.31911857190407744,-0.5654218006213796,-0.5972664909747216
ENSG00000291178,-0.44869888810704955,-0.8658343440429981,-0.7281020875811279
SPDYE3,-1.2431561829873665,-0.8763621138937019,-0.8748938106457942
STAG3L5P,-0.2530582514587359,-0.7457202168864185,-1.082326195032337
PILRB,-0.6846968848281846,-0.26167139237315595,-0.3141839866087466
PILRA,0.40797504867567724,-0.27542837843851237,0.1890047779511477
ZCWPW1,0.20388713891688676,-0.16268474488487422,0.09408419129958999
MEPCE,-0.6382833095682443,-1.8266082855624681,-0.9871940586438548
PPP1R35,-0.7760912341777839,-0.6243353344690377,-0.6170381513940661
TSC22D4,-0.7078863607740971,-0.6799724016720107,-0.278860331398235
AGFG2,0.06265581228892358,-0.2431658371151499,-0.4267862868308256
LRCH4,-1.020387686842195,-0.6567437344117373,-0.5316231296081783
PCOLCE,1.1818641546603637,1.2053882413063874,0.5703292239258104
MOSPD3,-0.5914324345521144,-0.3610386038382459,-0.4253849062244583
GNB2,-0.8400705173010046,-0.3857482672517278,-0.5765671176572162
GIGYF1,-0.6926658909009618,-0.7258461974720056,-0.686536746932969
POP7,-0.09197961037409645,-0.12597583385108638,-0.35832823295578475
EPHB4,-0.9314312476541353,-0.18948893133475053,-0.5400149591268715
SLC12A9,-0.13877578104008134,-0.04561247947272312,0.08718449970733393
TRIP6,-0.335609674269314,-0.3033454917009238,0.08362815432387546
SRRT,-0.23156067831984825,-0.01037032021783097,-0.1344720396994106
TRIM56,0.17747433653905983,0.2517559416369472,-0.335619645737168
AP1S1,-0.595937698974403,-0.3714210621282561,-0.23728100732801854
PLOD3,-0.7484190737127818,-0.4799856558107223,-0.7437722880491862
ZNHIT1,-0.5543337083140187,-0.7743343204904782,-0.6857716886110978
FIS1,-1.0182359778264995,-0.7467711102280745,-0.6198177649125328
EMSLR,0.0542400044351083,-0.26595188366468747,-0.3721684620342564
IFT22,0.028897207282255987,-0.7701282795839326,-0.33143294599442896
CUX1,-0.23061542628870765,-0.26971959788238914,-0.08755669534227904
PRKRIP1,-0.1303126294675217,-0.9791162826531661,-0.4162883111797022
ORAI2,-0.35310573906947335,-0.6853455373429966,0.023369927813213568
ALKBH4,-0.7090310332129555,-0.514861290100793,-1.4069800128592043
LRWD1,-0.26486948170151337,-0.009512645456997162,-1.0772441537355313
POLR2J,-0.3339005673934175,-0.9851804920685083,-0.7162667398454872
UPK3BL2,-1.0592092826527768,-1.1882475188538422,-1.1639258780276016
SPDYE2,-0.37365567656369336,-1.1940384101490977,-0.016727680418082234
POLR2J3,-0.31593061232287317,0.0245325746196983,-0.2469767414835609
ENSG00000279168,-0.40899872850851793,-0.8830987732129643,-0.992303945950436
UPK3BL1,-0.6335528951226622,-1.493330783089533,-0.3503093184078238
POLR2J2,-0.7402489892375996,-0.6534032429526242,-0.41273401769416657
ENSG00000286830,0.2845855159367367,-0.042154226710366095,-0.10143277395213347
FAM185A,0.42992735435129253,0.5441258558592104,-0.03169220176607019
FBXL13,0.7656224473395917,0.7375922691416363,0.7059619963992425
LRRC17,0.6854881928481724,0.8845727514909923,0.9769888853575884
ARMC10,-0.5644421798817413,-0.5673662128130701,-0.5791472747314792
NAPEPLD,0.015508894353210602,-0.3894948054838245,0.32316083750158237
ENSG00000289956,0.9030693401427996,1.1018333106014992,0.68803112696963
DPY19L2P2,0.0318516705951808,-0.32405056322444636,-0.025732397803661662
PMPCB,-0.8654464497446881,-0.6465646826822891,-0.8088383476096405
DNAJC2,-0.03155080909118273,-0.4522082572704989,-0.10458625535731869
PSMC2,-1.0758556319184898,-0.9983378820647494,-0.38515294358441926
RELN,2.8413025019284746,2.078850212204813,2.123316487941043
ORC5,0.5286751133329695,-0.1980950354167419,-0.31826312652004773
KMT2E,-0.5481251045423007,-1.0626294199543231,-0.4580370823707262
LINC01004,0.09610002294572687,0.2379554400082071,-0.2163906665622051
KMT2E-AS1,0.19495672298407032,-0.2278846368797005,-0.4638876300910865
SRPK2,-0.41879593343058374,-0.13222985014755645,-0.46703477381947067
PUS7,-0.11916375149786516,-0.11025923346114655,0.3181237624405
RINT1,-0.41871376796446924,-0.2495472874063829,-0.6297842369246567
EFCAB10,-0.7105534549542334,-0.911756330237921,-0.6585828552514492
ATXN7L1,0.5651839537179484,0.3423465727495553,0.360983972230759
CDHR3,0.8913316584692517,0.3479459068326171,0.4823228486768443
SYPL1,-0.796962156801218,-0.790937109743826,-0.8991394642088366
NAMPT,-0.3420086083643774,-0.27426680870767234,-0.2419091684797934
CCDC71L,-0.765366395637578,-0.9220160404551337,-0.9871788436877864
PRKAR2B,0.20554105205400927,0.4291804213457589,0.18408963504173662
HBP1,-0.21628098123719758,-0.02073938792600668,-0.007462813220794097
COG5,-0.10039950617833783,-0.32566260566866134,-0.2042328981827026
DUS4L,0.23215715096635853,-0.6399357139051353,-0.6697728977228294
BCAP29,-0.7639271563588501,-0.30794569771634167,-0.5855839851832485
CBLL1,-0.4400024568600535,-0.1757217135761984,-0.5235863321461026
SLC26A3,-0.3719233189494347,-0.5254513033995529,-0.898201395425513
DLD,-0.6688102760848479,-0.991102275731336,-0.15021104909227392
LAMB1,1.1874010782397377,0.8742321456121972,1.290087468140694
NRCAM,3.4097366336325905,3.1688185168856684,1.6376107560589332
PNPLA8,-0.6033402358556438,-0.6953820160907185,-0.033110126759510194
THAP5,-0.6915692273491842,-1.0880862718055475,-0.25767143609036935
DNAJB9,-0.7134761085872725,-0.344757842074806,-0.6009487730511759
ENSG00000226965,2.5084207979459805,2.4055168221955725,1.5577386072000223
IMMP2L,1.326150479379276,1.0786059165168673,1.1209620880632158
LRRN3,1.9461897713596805,1.9750870663676103,2.2226420342340916
DOCK4,1.1291483656179544,2.0409617279615055,1.2403140753848838
ZNF277,-0.025619955791388076,0.38759113366803183,0.31601136340173847
IFRD1,-0.29789795508171224,-0.12224299239624867,0.09338934148379971
LINC03076,-0.31606088249064257,0.2578144231079697,-0.46140288619970704
TMEM168,0.06313213009738296,0.2627958550318502,0.16577352722110564
BMT2,0.6193163554610734,0.8696758879724874,0.7086369334060761
SMIM30,-0.21068262008429525,-0.5004349209875336,-0.5181295879818002
PPP1R3A,2.0289191033545073,2.03575695108308,1.7407893283507399
FOXP2,1.6557086633042282,3.467966778886108,1.149195561028911
MDFIC,0.7906371060390746,1.2282824761098112,0.5149561451779299
TES,0.12400635194920888,0.3455370924868611,0.46291373618577936
ENSG00000237813,1.6921245949675452,1.5947241781158255,2.2222612662963144
CAV2,0.3704592451222694,0.94027789430206,0.8724570694737821
CAV1,0.4732338538385222,1.4408221933204395,1.517575385580649
CAPZA2,-0.6498487895859918,-0.8906884214508503,-1.0001328599191694
ST7-AS1,-0.26495897790040956,-0.06538406578210143,0.590503401805794
ST7,0.4855988259815085,0.6637997892385101,0.550588756148418
ST7-OT4,-0.42061089510570676,-0.3125366186650105,-0.667256638066938
ST7-AS2,-0.7975290869401555,-0.012168264521761845,-0.15328519019481132
WNT2,2.5006628874125383,2.145847753263922,1.848331052317036
CFTR,2.0105395935750003,2.2089036788998655,1.99770122759168
CTTNBP2,0.3188698260080826,1.0377155330548433,0.4749163342979052
LSM8,0.12817128915370907,-0.04608895903704987,-0.6335686099595003
KCND2,2.608892739608592,3.331804106250864,3.1997941297244736
TSPAN12,0.3004290667380119,0.15877826580439708,-0.03840671733839686
ING3,-0.26592958709275644,0.19121154093380707,-0.18653116125707925
CPED1,1.7531696256268354,1.795282346236835,2.54515351609151
FAM3C,-0.6641295408207383,-0.5130969350204957,-0.5237949857539874
PTPRZ1,0.5217620126152873,1.690952016197464,0.6879411358278489
AASS,0.15129284857559008,-0.24284417762685348,-0.046814188274932854
ENSG00000234418,1.2254933346714836,0.49172687539191884,1.1939347279497738
CADPS2,1.9049969531172266,1.5079760270885139,1.725310360017538
IQUB,0.7120078605095337,0.4322013483424634,0.04610868852277148
NDUFA5,-0.905917209668548,-0.9011774470806343,-0.8491037201295093
LMOD2,1.9123475516330934,2.1642610424227193,2.6421944622495666
WASL,-0.5626216211274554,-0.8896530579098041,-0.5434645696056251
WASL-DT,-0.16528059887423652,-0.1443045728702117,-0.4286354066550864
GPR37,0.1924591481537697,0.5149218980283798,0.7933877295439444
POT1,-0.1079877848833419,-0.09684256536200668,0.24025899880635387
POT1-AS1,2.7463379433608424,2.4248289687351026,2.4955358980385824
GRM8,2.5820158513016835,1.8619683776143106,2.6266426533129845
ZNF800,-0.495574373060041,-0.35386764964584577,-0.598536437526967
GCC1,-0.40894402736631014,-0.8107073725613283,-1.1781641731047259
ARF5,-0.5508044201616578,-0.8245754093308514,0.05875043777342628
SND1,-0.19726927568823882,-0.2686549473005222,-0.1547906464254467
SND1-IT1,-0.9885771848349663,-0.5734105608547891,-0.5691824654349738
LRRC4,-0.011735313258057552,0.18043600825843242,0.21724828673417212
RBM28,-0.6478562233678425,-0.571163190639961,-0.45157147941242215
IMPDH1,-0.4649321930887779,-0.7099300248574743,-0.5350735769527512
HILPDA,0.9838447427004625,0.025303596914518736,1.28123054694219
METTL2B,-0.42952696450990757,-0.3411476173876942,-0.4156873148672027
LINC03072,-0.5908343293436609,-0.5364781920799402,-0.2639395679197918
GARIN1A,-0.27434260309193803,-0.7393479915145811,-0.9852540573633384
CALU,-0.26350497568108017,-0.1714215073710825,-0.14076999627047476
CCDC136,0.030025947553699764,0.219543747078383,0.06757156972767583
FLNC,-0.39226142909434364,-0.42684935872070895,-0.20144113838795258
ATP6V1F,-0.38076779848307046,-0.4187716264527559,-0.5326265338587036
TNPO3,-0.3173688255141301,-0.3351905850619375,-0.20075125148583697
TSPAN33,-0.9092227106865032,-0.875882534655176,-0.3070612820296006
SMO,-0.40854744030135487,-0.6495161423374931,-0.11526318430910364
AHCYL2,0.19532534205884752,0.1325389997845825,0.03233798360772146
STRIP2,0.12224835393478621,1.1165221352962469,0.6659146005797005
ENSG00000273329,-0.8350277800443457,-0.6041658348988435,-0.6657387680549897
NRF1,0.2874242539471794,0.15354971995966696,0.13152919902481486
UBE2H,-0.8473797983939272,-0.9064747432774958,-0.21875088784117128
ZC3HC1,-0.5457683823023558,-0.4720203364716973,-0.4355518839017059
KLHDC10,-0.07397490645652383,0.029768789457577396,-0.02622718235378592
TMEM209,-0.2542078478565557,0.20995203752041652,-0.045383605039756234
CEP41,-0.2569145401294648,-0.5244057304985965,-0.3530891002638726
MEST,0.2221270237906801,1.3509477944408346,1.3919575502066373
COPG2,0.056440918831089634,0.20924343102494095,0.3725761938815211
COPG2IT1,1.1152365895515857,1.2350634164547039,1.3842017423116033
LINC-PINT,1.2135535146980807,0.9909848775858237,1.305201443759561
MKLN1,-0.5762707483918029,-0.40092402321516485,-0.479202806466347
MKLN1-AS,-0.5786004299526795,-0.6897121280096278,-0.36774765217720784
PODXL,1.7882100595677386,1.3450611562686206,2.04120666130682
PLXNA4,1.6222236346386296,1.8012804974114651,1.498250194750593
CHCHD3,-0.3804328000667318,-0.4384204023844696,-0.2196876901741689
EXOC4,-0.19982254092401422,0.0412409166783191,0.13893587585159753
LRGUK,0.9596696459657218,1.0295121576306414,0.6714427672902659
SLC35B4,-0.2978977851546389,-0.6876865038899992,-0.2514333419851376
AKR1B1,0.6286314137640616,0.4729935080769252,0.3517961300431373
BPGM,-0.6710838052347264,-0.4206001808200135,0.2685946804990671
CALD1,0.5986300995214364,0.791716706906687,1.0335019727840091
ENSG00000286458,0.9087905786936722,0.9167413312979776,1.138687627130306
AGBL3,0.38940196776073677,0.7758460711976483,0.6019404759935298
CYREN,0.49726093846805247,0.29499160444983014,0.41759265920396516
TMEM140,-0.6342754743311474,-0.6068433733651553,-0.5497877463369889
ENSG00000287733,-0.42609185013474615,-0.020742418899956785,-0.05608262038783705
WDR91,-0.16836376968591085,-0.7446037837199384,-0.7805741596299463
CNOT4,-0.6966253906165676,-0.9226305272775441,-0.7667527232569888
NUP205,0.29519602898267644,-0.22925381124374056,-0.022736591407344575
STMP1,-0.8740848939930929,-0.8645676218964198,-0.6666075410951572
SLC13A4,-0.45526522572084366,-0.9149452794252539,-0.48581854011916187
MTPN,-0.08953947955132337,-0.07077035277911035,-0.0804146660194931
ENSG00000232053,1.4727846352541754,1.4287944317507808,2.113573337025123
ENSG00000234352,0.5243760168315745,1.1124433504846252,2.2052779293417473
CHRM2,1.481946745927841,1.7832479643645058,1.7049276582308366
PTN,1.583893088306187,1.6087651554526694,1.5081066764371158
DGKI,1.3306632441127668,1.477930177120399,1.4931237185280963
CREB3L2,0.10627480830913422,-0.2178648849750538,0.44889189628236537
TRIM24,0.015799867530926576,-0.05480889979116909,0.14006648150582984
KIAA1549,-0.009983603290908893,-0.04478630000045669,-0.3063719454505857
ZC3HAV1L,-0.715904582470877,-0.4186521660930502,-0.40997255010193356
ZC3HAV1,-0.5331595719028748,-0.018178695226303884,0.2900944834821076
TTC26,0.3167628106272992,0.4164460692363256,0.4815364610333113
UBN2,-0.3345743133309789,-0.15911487639520425,-0.3050526982821999
FMC1,-0.531687056714798,-0.4207869563310212,-0.6266349845831094
LUC7L2,-0.8744687778020825,-0.9711148688591607,-1.0235558991971203
HIPK2,-0.1934571931919393,-0.09939223607694819,-0.4170420496852643
TBXAS1,0.027876944331048065,0.0624712211689662,-0.459379840748916
KDM7A,0.45643528254047544,0.2785293076949563,0.38433246875140625
KDM7A-DT,-0.6891230105332758,-0.3225649497084255,-0.5112305621029698
SLC37A3,-0.43572163768667954,-0.3522908475474438,-0.6922047896676631
MKRN1,-0.6957336220527033,-0.6637521612332408,-1.1128279092643858
DENND2A,0.3619193822651674,0.47523415556555904,0.486317355701317
ADCK2,-0.5760537294547703,-0.5033888588150788,-0.06547348970596195
NDUFB2,-0.34759562455031556,-0.5846941979473216,-0.7191618423850841
BRAF,-0.17463969881034203,-0.036235022760077874,-0.049324916980815224
ENSG00000289788,-0.9719824105429531,-0.11579359116643674,-0.6101457675441572
MRPS33,-0.5180533472066883,-0.8017683889240885,-0.41677759230397976
AGK,0.18389170838941374,0.27408333989700756,0.37368136256754164
DENND11,-0.5994771948551119,0.22740102032147644,-0.3561430266257801
SSBP1,-0.8348257822564946,-0.65541785501755,-0.2699858281153915
TAS2R4,-0.5508219823389666,-0.6446265423968819,-0.49180427500549234
EPHB6,-0.26184570454811146,-0.3483495171998712,1.088235405481523
KEL,1.0447639794653938,0.16046044662921224,0.45240207823355055
GSTK1,-0.23955670077234714,-0.39028376495495826,-1.0210273085057011
CASP2,-0.3072153835177503,0.13586477981708717,-0.2714279595622919
FAM131B-AS2,-0.018200450583798024,-0.24313789661204413,0.03135120237502427
ZYX,-0.4274261197465706,0.055419519480278075,0.25614232045387547
TCAF1,0.30858463577961354,-0.0368258856849621,0.3594151548593239
TPK1,2.653764074156367,1.348573393123825,1.0785064227132928
CNTNAP2,2.2858361621725116,2.426894744089804,1.1685823518943579
ENSG00000273314,-0.3293774328361323,-0.9461013660805762,-0.6473644283839556
CUL1,-0.6072952982684469,-0.5008933966631696,-0.8492483633512116
EZH2,0.6556762026572471,0.5807659225112474,0.3168882065027319
PDIA4,-0.025235101135280078,0.06741513979272534,-0.28261776385453885
ZNF786,-0.21656303381997682,-0.7211068868937396,-0.3222216371295446
ZNF425,-0.435216581596194,-0.1593988743165582,-0.252953969715783
ZNF398,0.09837224463380433,-0.2717154020379126,-0.622592807933234
ZNF282,-0.41407483099605713,-0.6633474106559234,-0.6374762826760332
ZNF212,-1.4576811335092437,-0.4236162465012079,-0.6888461988265107
ZNF783,-0.9460019062982497,-0.48628660033833165,-0.7813533289152872
ZNF777,-0.18996296915336333,-0.3363410371999897,-1.0985848261977509
ZNF746,-0.8521398027978898,-0.22426250210187254,-0.6624366113206825
ZNF767P,-0.3004373411438444,-0.20621254540326814,-0.15017475520458137
KRBA1,0.06763236926752823,-1.0837721407188745,-0.6619264948859218
ZNF467,-0.6928767514970672,-0.8078261112807787,-0.6926731728908172
ZNF862,-0.42699028155286456,-0.3726248099851155,-0.2265047466008206
ATP6V0E2,-0.6395238037748215,-0.48489927113535103,-0.4850165552777988
RARRES2,1.3716581745403147,0.9239043404507363,1.1673225641172778
REPIN1,-0.8681516335972184,-0.4309600668622409,-1.0134871292277872
ZNF775,-0.21769930969964685,-0.37618811838267874,-0.7060909803433404
TMEM176B,0.5037594152693785,0.4019522915839246,0.6031957280012037
TMEM176A,0.4139454889321712,0.7681649750774325,0.2735572620782065
KCNH2,-0.3975906380503745,-0.7284215204065667,0.11631947939684288
ABCB8,-0.32144456951154865,-0.390501462534548,-0.13841866211030765
CDK5,-0.43517010838114345,-0.24022312193187995,-0.4736124740399426
SLC4A2,-0.3441022418997833,-0.47738043599125396,-0.7810864362214964
FASTK,-0.7551282722529145,-0.6929106520482157,-1.1287038747865914
TMUB1,-0.37474012447044913,-0.7719183561701399,-0.6102697867953175
AGAP3,-0.22296959988356235,-0.14500618012102612,-0.6229061252733885
ABCF2,-0.556365498215346,-0.9167978294400286,-0.45776290375584944
CHPF2,-0.8395539164640694,-0.38347663666394644,-0.6726159137889917
SMARCD3,-0.7313990116468574,-0.5276132508006306,-0.41262511520079675
NUB1,-0.5032283829781825,-0.7720339894635339,-0.4525085792016483
WDR86,-0.006291401604968929,-0.10025630039676156,-0.26602108280871667
WDR86-AS1,-1.250915396903462,-0.746131613081424,-1.1347638967300249
RHEB,-0.10290620996024558,-0.6535126270403068,-0.24919876909906333
PRKAG2,0.3052218478182666,0.2935987842266315,0.895200735790084
GALNT11,-0.4940829604555256,-0.7143883760820486,-0.7988071066417995
KMT2C,-0.700822846009288,-0.3626364169101457,-0.22585315317786228
LINC01003,-0.3180367873454948,-1.0767872809257852,-0.005609343081466967
XRCC2,1.6254970107063045,1.2646815888599967,1.4217234780831518
ACTR3B,0.4069701525231331,0.2297178278286936,-0.15628130876114096
DPP6,0.921128634250948,2.523464144348658,0.7480562518266041
PAXIP1,-0.2707174146676046,-0.20363735458601437,-0.24555920975060636
PAXIP1-DT,-0.17603494590556681,-0.2639018779313318,0.11549280661743216
INSIG1,0.4150623884409761,0.9111582906763473,0.1784364304521305
ENSG00000283128,-0.7858330177794386,-0.5745951135206475,0.07861467442889128
RBM33-DT,-0.8387878477690087,-0.204821998409713,-0.25643850142853
RBM33,-0.22387118188897057,-0.6197976458468588,-0.6725070592002069
RNF32-DT,0.42412080512411515,-0.15762607971820936,-0.05735437729182276
RNF32,-0.04218168839016204,-0.14914714054502196,0.28599371252897043
RNF32-AS1,-0.6223427364388031,-0.5519190065464307,-1.083218093237356
LMBR1,0.29146201666999966,0.6097043342662437,0.5228809595261089
NOM1,-0.5128371692716982,-0.41309746624129673,-0.4061533582612888
UBE3C,-0.4831990824262817,-0.30700652422260083,-0.24736747891135744
DNAJB6,-0.5911544326023551,-1.3785381850178489,-0.8492256553585875
NCAPG2,1.4201408186267415,1.50416486593533,1.5223050031403424
ESYT2,0.07751131605765949,-0.3521890891515653,0.09154642226599562
DYNC2I1,-0.24201820639263977,-0.07304975433513765,-0.09493869161490666
VIPR2,0.4772424082415689,1.1845427729008229,0.278550396408285
ZNF596,-0.04920501690676461,-0.09161130632830708,0.25860157114208354
FBXO25,-0.4210508242138502,-0.21977894612779642,-0.16526862165942896
TDRP,0.2039045788451155,-0.1917123873308491,0.2478976569700962
ERICH1,-0.5313473708986046,-0.3460566223112132,-0.3938940349983575
CLN8,-0.2999580434389593,-0.18586885209258955,-0.18243204638904237
CLN8-AS1,-1.0316665377446483,-0.35222948772572943,-0.4601322456526909
ARHGEF10,0.4288512950243373,0.012255051115307145,-0.13158931653432404
KBTBD11,-0.15686988894851348,-0.4291182473622719,-0.6329151563569547
MYOM2,0.40180814338276244,1.3827520225700525,1.5295277881847582
CSMD1,2.8328902022679365,3.7859458592540314,2.900054311488635
MCPH1-DT,-0.5847361106317628,-0.8149924477362056,-0.5135619707807351
MCPH1,-0.2421050409234554,-0.054263114316143,0.24733126278681897
ANGPT2,3.170499961738244,2.83179455879198,1.4619279609505043
MCPH1-AS1,0.045462192962922685,0.6472311292624617,0.48410617580732657
AGPAT5,-0.21014757411489524,-0.26077333446158946,-0.0038016929625435715
FAM85B,-0.297871671135379,-0.32699052073757073,-0.22473101150029962
PRAG1,0.6583661325307517,1.3729564811512702,1.0041160523921135
MFHAS1,0.359060458458007,0.11155022053837278,0.007094421746625557
ERI1,0.27388816032009794,-0.09795785508880432,-0.4140788007507368
PPP1R3B,-0.1437779616283272,0.19707645675748245,-0.29582449387098814
TNKS,-0.5008347907401783,-0.4281972857144681,-0.21452416459441542
MSRA,0.4878969037589443,0.6954839221556135,0.4125688243948744
PINX1,0.22843821560381627,-0.03207998854011866,0.17947904152299188
XKR6,0.5502626387021365,0.3651859565102136,0.2876095388485673
ENSG00000269918,-0.4897423128594766,-0.4636567909981793,-0.6333025126616363
MTMR9,-0.30252224576522835,-0.3045667885206172,0.1015793834686321
GATA4,0.07480471010422464,0.12109530849491526,0.02291297856336528
NEIL2,-0.8135094359154351,-0.017961393916472442,-0.33041295997850645
FDFT1,0.14115211089864127,0.554367451757976,0.193165071575244
CTSB,-0.7978705318977646,-0.38240203825180075,-0.4061978700730898
ENSG00000290829,-0.2911356335757631,-0.5498793305334857,-0.24058985915466735
ENSG00000255495,-0.33722530207986884,-1.5993806012299352,-0.7225550046357938
ENSG00000283674,2.658408884095131,1.8248444175675953,2.0706256551883335
LONRF1,-0.006559865790805458,0.22158869610202805,-0.20394317150167035
TRMT9B,0.30576407078835993,0.5287071920914919,0.7191348186982154
DLC1,1.569961966396864,2.0586003893115183,1.349337789294534
TUSC3,-0.5884534839547619,-0.26609232804489835,-0.31838348428806645
MICU3,-0.06370388823141934,0.27171800151047526,-0.029176518255308533
ZDHHC2,0.0580917474746308,0.058424138340704625,0.1855463327219979
CNOT7,-0.5324745566513228,-0.7611726213870541,-0.8037074308062024
ENSG00000289145,-1.2871134338717667,-1.066183553324013,-0.36296422203611206
VPS37A,-0.46178618100436003,-0.7076372880268664,-0.6872000578954848
SLC7A2,-0.32873347520760987,1.0908159300314573,0.8150232023583293
MTUS1,1.1955356148700673,1.075113022652456,1.1184947937942837
PCM1,-0.5686527356659852,-0.5539556170203249,-0.49296850325783836
ASAH1,-0.4063354602267744,-0.468833883238613,-0.3753792236390937
ASAH1-AS1,-0.2537656672067498,-0.41167189225183876,-0.10659400238396086
PSD3,0.3096985328370501,0.6681488058575233,0.519258834381084
SH2D4A,-0.23137707195878218,0.08927264064831776,-0.3378567195273589
INTS10,0.0517830716285594,-0.6249973944730662,-0.2673662341551832
ATP6V1B2,-1.7239556533952687,-0.595325634472168,-0.9506398830492451
XPO7,-0.6690359508263697,-0.5856546836363599,-0.37340919034983594
FHIP2B,-1.694436730070887,-0.29896679165245743,-1.1513231566077522
REEP4,0.5699773444722567,-0.3130734718376224,0.021019518507678362
BMP1,-0.31639671666744823,-0.16734761147656133,-0.2932904742698171
POLR3D,-0.6575678825955116,-0.2271415638502816,-0.3053901180240502
SLC39A14,0.085249282871601,0.443041477930393,0.5961982378013032
PPP3CC,0.45052238615928536,0.5825374927494344,0.3214472749528489
ENSG00000251034,-0.2592253880002282,-0.07148142382484585,-0.9321000873369022
SORBS3,-1.3179863928673363,-0.008839881399882881,-0.3707463026728171
PDLIM2,0.05742350378309163,0.44080503241077557,0.6816323054125526
C8orf58,-0.5494063341018247,-1.1884599616281868,-0.1719855739525649
CCAR2,-1.0961050244531236,-0.5308483493765586,-0.2507036190084477
BIN3,-0.08261756260872846,-0.7062721759356627,-0.16857144591045886
PEBP4,-0.07076165248529523,0.2868295411491388,0.16436484159483902
RHOBTB2,-1.918681217130782,-0.45990538356452504,-0.9379600076296803
TNFRSF10B,0.8297017495245314,1.1426789787179992,0.7732659334483963
TNFRSF10D,0.43075509190938627,0.9691496356110356,0.3325267631670634
CHMP7,-0.03374567757106209,-0.6697963667815827,-1.1545960461288338
R3HCC1,-0.8610842994923829,-0.7431335621650632,-1.2543487022438207
LOXL2,0.6789667648364777,0.40643573764107893,0.49435120446745273
ENTPD4,-0.025846117506855407,-0.18716711881296172,-0.9481493378934864
SLC25A37,-0.7061959686914712,-0.7674215565075322,-0.7454316149658418
NKX3-1,-0.02580616194383367,0.0763936840575922,0.14428277498940287
NKX2-6,0.389971180499213,0.299888576526822,0.1941367301402898
ENSG00000253471,0.9458553951869176,1.496465085119361,1.4483459969912502
ENSG00000254002,-0.4902626569483139,-0.4099722138162711,0.4686376366560481
STC1,0.5749344730699519,-0.1724896603424639,0.8200697851838114
ADAM28,1.365062725003778,1.6100982096043914,1.1669854278656295
ADAM7-AS1,1.1874806255813581,0.23959795048058294,0.28126287120015897
NEFM,1.5528133827226291,3.0281148858698863,2.406698545514658
NEFL,1.0847650616327336,1.5025638388548117,1.2932546431975247
DOCK5,0.9128526328515214,1.3532388709663792,0.5425353221585887
KCTD9,-0.19014179270401504,0.10740046360350412,-0.0597681875588272
CDCA2,2.0966803645689325,1.8652182771679264,2.076254731065802
PPP2R2A,-0.8477601841846933,-0.6893371741146942,-0.5316117832098506
BNIP3L,-0.21754199279882158,-0.21150628091083942,-0.2751822065209417
PNMA2,0.024142895628546716,0.09561406253098788,0.44310626715725127
DPYSL2,-0.46576398932780455,-0.1118245093450448,-0.0077386438205628875
TRIM35,-0.5784932837482941,-0.5484557922109126,-0.35133873618986655
PTK2B,-0.07212033607152797,2.4109244608468927,0.41640993929553355
EPHX2,-0.2701302305335567,-0.5457526679426152,-0.0694622888561227
CLU,1.1852911497347236,1.3693283943988845,1.6896881170315865
CCDC25,-0.2497144066107922,-0.6811285115554,-0.40349731606367806
ESCO2,1.495914002476546,1.588731569749001,1.459726677920841
PBK,2.091034714099127,2.058851462383501,1.8120002749316448
ELP3,-0.007990533412471055,-0.4373940923850412,-0.49456965986571794
ZNF395,-0.5813795307872133,-0.9257264719572689,-0.5706322705557306
FBXO16,0.5704481189247836,0.40676550450218224,-0.3489838353149466
FZD3,-0.03351376325280594,-0.3178841977739921,-0.29539566415108354
EXTL3,1.212792135226291,0.9394831756898584,0.9772364670808678
INTS9,0.11171516337232745,0.27098105704353154,-0.15964188742637828
HMBOX1,0.04407451125758051,-0.13216064939469874,0.26113372952186253
KIF13B,0.317925729427703,-0.1097909053172757,-0.09395175198785571
SARAF,-0.2057546708345264,-0.7328917132985779,0.3454724055208089
LEPROTL1,-0.4644400268614888,-0.34249093123016655,-0.15678583942419527
DCTN6-DT,-0.8166385551433741,-0.4845960750379063,-0.19490854566869947
DCTN6,-1.0169855067117624,-1.1806229451096186,-0.5307219880954291
ENSG00000285669,-0.9877713956743897,-0.038378084137750824,0.13472937129405688
RBPMS,-0.3977019486291305,-0.1560957325058041,-0.39015398756253106
GTF2E2,-0.3639136404322408,-0.3868041979363212,-0.2872005650252057
GSR,-0.6534585486150847,-0.5274311644091441,-0.27723156461713927
UBXN8,-0.4155848013979942,-0.16501352662715973,-0.06686825536880647
PPP2CB,-0.5746053963788533,-0.3185155131900572,-0.3476006796414772
PURG,-0.0024185074504963146,0.015711051634646308,0.5257945131027384
WRN,0.12204356194978055,-0.09835514954643895,-0.010270578390873234
NRG1,1.8166691473632035,3.71572013889433,3.7045546440270805
ENSG00000247134,0.13809019048210652,0.28701755186437333,-0.043438027329226934
FUT10,0.4250659600768429,0.03804823440258786,0.040681647917025936
TTI2,-0.05476504746915726,-0.22531714448332707,0.15566469307518105
MAK16,-0.14905838352704487,-0.2483704695720696,-0.31942533341852203
RNF122,-0.42204413461386986,-0.5590887366139548,-0.21951917601784737
DUSP26,-0.6072814992892966,0.1681019091510549,-0.42058127281893926
UNC5D,2.728565251507014,3.2093913440924844,2.370297342672135
ENSG00000253363,0.05697161009659971,0.7639130430210165,1.2147038242465484
ZNF703,-0.6336078252765169,-0.4032951588324174,-0.08249794508070353
ERLIN2,-0.9645998965498102,-0.05595786339410579,-0.7371203571901397
PLPBP,-0.34435441400987804,-0.6413422367898355,-0.2443367225778808
ADGRA2,-0.014800097116982184,0.26600023550130564,-0.38359860673211443
BRF2,-0.11617303663091867,-0.9142188239765723,-0.6886570956477591
RAB11FIP1,-0.1481298112138418,-0.022279707630605893,0.23228292142519183
EIF4EBP1,-0.1412943028849796,-0.06728605283879929,0.071915436155276
ENSG00000286677,-0.5620796313845561,-0.6683006576173832,-0.17458879902990182
ASH2L,-0.5432346868120099,-0.4111523516923477,-0.13917193871001385
LSM1,-1.0126522370118813,-0.5638004253704345,-0.941226506650093
BAG4,0.07611112235384715,-0.6614066500380212,-0.8951333331887135
DDHD2,-0.8864352688793035,-0.41821786538003286,-0.34192155670191937
PLPP5,0.02365307625991876,0.11137373125777825,-0.1157299011630855
NSD3,-0.6336248757888717,-0.564425018561785,-0.7548193731650485
LETM2,-0.2351610638833464,-0.4068457426099101,-0.17796634325373975
FGFR1,0.0691559739144089,-0.07608089603369454,-0.09293874739709908
TACC1,-0.03025865612879739,0.546936428750108,0.6501276156300158
PLEKHA2,-0.1576769867504418,-0.37834602133257894,0.47517847374480127
TM2D2,-0.5080222495409394,-0.48130226367995016,-0.7976062573546301
ADAM9,-0.2831731233170913,-0.24027361996345317,-0.3913275354070543
ADAM32,0.9691240130059491,1.0886217486094978,0.3701297725787107
ZMAT4,1.7829747669464702,2.3160505800515487,1.458372514011991
SFRP1,1.3762864492206646,1.795178297971443,1.9153904061006841
GOLGA7,-0.36194271357447144,-0.7859311057774114,-0.6568971743388411
GPAT4-AS1,0.6014976123447653,0.27996189333344995,0.016388525951139488
GINS4,0.5389587492148705,0.5582866866350606,0.4735004209628713
GPAT4,-0.7135566797255705,-0.4167515138876539,-0.7066108902290757
KAT6A,-0.2524822903752728,-0.6673140902074194,-0.6411373390637146
AP3M2,-0.14588823369455636,-0.052240685033520855,0.011945443375694208
PLAT,1.758828928106599,3.0045493688088314,2.5334187577564578
IKBKB,0.13241333646579176,-0.6090570632444888,-0.23106197414366042
POLB,-0.26202066140851693,-0.5684315170217146,-0.45531390972435665
VDAC3,-0.41734409966774066,-0.6769414397695783,-0.7000733054558879
SLC20A2,-0.20322595715078157,-0.14388823404643597,-0.0873827524917594
SMIM19,-0.20967649527658594,-0.4703783408437126,-0.2814386489085478
THAP1,0.04215492836494049,-0.17408505142219258,-0.14055648346438693
RNF170,-0.23871643154724256,-0.1501905996695427,-0.11709748175681507
HOOK3,-0.16730630299036875,-0.4301409152051825,-0.5674591765749105
FNTA,-0.8699751567463565,-0.9566481154087896,-0.45943232775585585
POMK,-0.4246618256591539,-0.5208365531498167,-0.9183379927789447
HGSNAT,-0.10118259576804439,0.1792813491804281,-0.4066651019089953
SPIDR,0.7096150434885294,0.18898077347715506,0.401510940130649
CEBPD,0.8888313259520474,0.7131147738528938,1.3432054530986726
PRKDC,-0.06531891032916809,-0.4753171277745772,-0.09131926163097506
MCM4,1.6111239929322991,1.2283345404853812,1.6085480549418527
UBE2V2,-0.6785438272195599,-0.15371793499857844,-0.35948523231364155
SNAI2,1.725773359481824,0.5965586476972256,1.872915718085995
PXDNL,1.080488719041572,1.0865081348774943,1.20438856986555
PCMTD1,-0.38748335702932485,-0.24916731124006478,-0.35130968495299447
PCMTD1-DT,0.28371057812958256,0.2779701451306025,0.1596557476456865
RB1CC1,-0.9859252218018426,-0.9374933460775311,-0.7013570155037456
ENSG00000288818,-0.2997572062910728,-0.15926908236464152,-0.22210433941037167
ATP6V1H,-0.6972141715363129,-0.37044964175607115,-0.08043436076873435
RGS20,0.49492120282158686,0.38408277286915643,-0.3049821809423605
TCEA1,-1.0614735826026838,-0.38081107034028966,-0.7828833790676342
LYPLA1,-0.3640466177287714,-0.5510627716083399,-0.759842464205704
MRPL15,-0.11846138320998635,-0.3022486265966862,-0.5257711577494284
XKR4,2.590622185885252,2.170735852910962,1.8960352268969558
TMEM68,-0.2170027696008426,-0.1816699004497586,-0.6674762660870854
TGS1,-0.23154401825472698,-0.4914722843152965,-0.07614548058986874
LYN,0.3932567356805449,0.4764883361702274,0.3231625037709805
RPS20,-0.43398085863386265,-0.12070347654676,-0.36501916922775557
PLAG1,-0.20290969891750882,-0.43992591475744197,0.07628033115884485
CHCHD7,-0.325841083101043,-0.6755678797754426,-0.7417519493605766
BPNT2,-0.2640898087491586,0.012367370673487785,-0.749331418638139
FAM110B,1.0479355778799437,0.7886601198422624,1.0102036146281925
UBXN2B,-0.8010136204963629,-0.568013020755476,-0.4407352005145135
SDCBP,-0.06134259856846566,-0.1344890508113146,-0.20996839615488122
NSMAF,-0.15382133610851773,-0.27791639711858807,-0.08968521740807847
TOX,1.9794455056153133,1.9307248658243452,1.6535485316926533
TOX-DT,0.03556139093006652,0.466116263717641,0.6095336554977777
CA8,1.2033251988752376,0.9735190289886688,0.6785941816676626
LINC01301,0.6972619476991114,1.1145139351879756,0.9238046123009163
RAB2A,-0.8784568663608391,-1.1425783624424106,-0.6786102452759195
CHD7,-0.1969721192589162,-0.22174431033718636,-0.9485171522580345
ASPH,-0.667746419890623,-0.5993665569270731,-0.33131239211373764
NKAIN3,2.871164033640717,1.8841392372022767,2.8509629429045447
GGH,1.0761548671466272,0.8219931311922152,1.0440091504561053
YTHDF3,-0.5793983849918299,-0.9782309222158467,-1.0631478971404107
CYP7B1,0.8577169218209981,0.9257078269860345,0.6880451353217616
ARMC1,-0.19207514438435425,-0.872293043714226,-0.803076039751744
MTFR1,-0.07597191989744093,0.265529501449997,-0.27077139163017
PDE7A,0.5001932177719012,0.42866596353517755,0.2745212967839166
TRIM55,0.18662213595879598,0.6007840480435682,0.19926560058636514
ENSG00000287127,0.25397322776762354,1.8957620139547728,0.6834359425202051
RRS1,0.260406672536675,-0.07392013106616352,0.28785333373900107
ADHFE1,0.345444098357845,-0.25674270607905925,-0.013611673282500876
MYBL1,1.0988695636165104,0.9618984285074887,1.3541432380992404
VCPIP1,-0.06770709569500262,-0.8269244315853719,-0.5370406070275031
C8orf44,-0.6242857970558441,-0.33534517706609185,-0.3394510963703751
SGK3,0.7065884555511913,0.5331760959819752,1.1844831202766564
SNHG6,-0.6451108549049173,-0.32387462285836216,-0.1903051992109894
COPS5,-0.4421161024109495,-1.053804974965601,-0.5937032982727645
CSPP1,-0.02658278532584646,-0.13264981399593267,0.027593467506022814
ARFGEF1,-0.6533286593185963,-0.3787808538423078,-0.2959927115691415
PREX2,1.755927678893297,1.4060608277679627,1.09599100550248
SULF1,1.2406320959163395,3.867616911142644,1.132426242988732
NCOA2,-0.034533238452176825,-0.09406193535058807,0.009393997742389292
TRAM1,-0.5184993250899376,-0.6035450237916108,-0.32482946776070776
LACTB2,-0.3134690638305102,-0.0919313315684,-0.6035592742823361
EYA1,1.2792396389461302,1.3697270580808727,1.4824169454495397
KCNB2,3.0515391615573364,1.8195598590460236,2.4338580269396424
TERF1,0.365632717718988,-0.20917564021369012,-0.012613184744704893
ENSG00000253636,0.5635950936299886,0.21061287040172516,0.06201818390577066
RPL7,-0.14783623131087606,-0.09396561045183559,-0.02188382069808809
RDH10,0.8853431903437182,1.3711639094976569,1.0876825412407456
STAU2,-0.04375430857638558,-0.033606424632836224,-0.016127085944411562
ENSG00000254538,0.5506906532333247,-0.4176143198715749,-0.40711490046680515
UBE2W,-0.17458656732534908,-0.700684604963282,-0.4945599944019393
ELOC,-0.4708325545582283,-0.4223491830889898,-0.6263949236054742
TMEM70,0.04904422342844937,-0.15101018294473434,-0.43920878412767206
JPH1,0.6321355718399175,1.0704878754079274,0.9161751531531658
GDAP1,0.5218980195244853,0.9975218417338674,0.9118450137818322
MIR2052HG,1.6291474033973685,1.896639292861778,1.6922342512877009
CRISPLD1,0.7709500334731416,0.4851682203651109,0.46551235811646663
CASC9,2.5668432053231847,1.8304551653474235,1.1323163018928923
ZFHX4,1.4479970357183518,1.1478566958743812,0.9385803285966681
PEX2,-0.30638754693640285,-0.3156902839462355,-0.04619880443627981
PKIA-AS1,0.9345718447425995,1.3788120078582544,1.4620977473427246
PKIA,0.9317817944511583,0.7052364191030449,0.4728849469910941
ZC2HC1A,0.7675640998732369,0.5356096031913893,0.005987347319170139
IL7,-0.4244296324833137,0.3041030417544981,-0.9248889512868743
STMN2,4.35991346958199,4.677739465152776,3.178748597489548
HEY1,0.8930187249972086,1.8943241905476746,1.9926456556701666
MRPS28,-0.5962716108205726,-0.48115740478547053,-0.8451311496591245
TPD52,0.2214879894169784,0.2839748346383289,0.5256634008375087
ENSG00000251867,0.5566245254099904,0.08440349785018951,-0.37935846774211157
ZBTB10,-0.46320708600996596,-0.6399406125080418,-0.5997340828941127
ZNF704,0.7046777105033931,0.6383462739485601,0.6254545293785689
PAG1,1.1236400618528393,1.3905749282305813,1.3380520657940735
FABP5,1.4682465988048214,1.614220409621744,1.8155599116639856
IMPA1,-0.9948169058631926,-1.5231136190163106,-0.3156569317612963
ZFAND1,-0.8967518042860014,-1.6053727254581247,-0.8313625799464681
CHMP4C,-0.1111662252522941,-0.2043504035670836,-0.20823005502006706
SNX16,-0.47229596546193875,-0.3666669699372492,-0.49917696805959727
LINC02235,1.0689924713566583,0.8991264913985333,0.71972600205088
ENSG00000254202,1.5857346880627041,2.666087614593396,3.3401585189623564
RALYL,1.294159949238896,2.375021748262011,2.5962607140996568
LRRCC1,0.4078241506673983,-0.027350006299080624,0.21241045345238518
E2F5,-0.05019578326444221,-0.5691360677725541,-0.1297045346264376
RBIS,-0.9514858535337858,-0.6690984778293867,-0.7693236484029492
CA13,0.4470219061721501,0.10425162868574492,-0.27753652701452225
CA3,0.7132899684423214,0.7188098577831462,0.9052430123390031
CA3-AS1,0.06252012963404505,-0.12415150946554125,-0.35007179159629953
CA2,1.0183439078303174,0.0653171131549221,1.2479713205602927
WWP1,-0.21426487122592158,-0.11597829147148173,-0.1440314560936784
RMDN1,-0.7579287800446153,-0.7854087251510435,-0.5720484691080544
CPNE3,-0.6624966248730715,-0.766801743329701,-0.6718529347966928
MMP16,1.8388670777018845,1.418429969976028,1.4723222830740106
ENSG00000253553,1.7725986401136282,1.8815402405924004,1.699145382349979
RIPK2-DT,0.5346934289181604,0.3023797243052613,0.5290188185765459
RIPK2,0.14395293562536782,0.1305704204408898,0.43142599882226307
OSGIN2,0.1393494233941048,0.0849585261744182,-0.3012798227454389
NBN,-0.09704085368895576,-0.47631413281229834,-0.40678856507845396
DECR1,0.0422194138082971,0.012130555838670062,-0.2752702639298406
ENSG00000254180,1.646119968177448,1.6280330313077762,1.2835273458560081
LINC00534,1.4557042495257377,1.2492611944395122,1.3290324505529938
TMEM64,0.09508059544473464,-0.2557103628303956,-0.5322742049387728
NECAB1,-0.7925635148017989,1.1747866610154176,2.2018355932215243
ENSG00000289502,-0.6865128546287842,-1.1538447453314333,-0.41819309121577314
C8orf88,0.003784121852550792,0.25961650308795464,0.18808035327462494
PIP4P2,0.6273918563212995,0.9697189074354106,0.7980806516103804
OTUD6B-AS1,-0.45185077179826644,-0.16128944404131923,-0.5508526118325464
OTUD6B,-0.14588616712878275,-0.49545597930701035,-0.7589701451584077
LRRC69,0.06640313681245051,0.7761287713562234,0.529110116809953
RUNX1T1,0.0960669141285208,0.5523229429658798,0.494415229597319
FLJ46284,1.1381746223857583,0.35135371582176234,0.6250838333383726
ENSG00000253197,-0.3680310619995915,-0.13073829698547004,-0.3209838060025021
TRIQK,0.0908281678048759,0.40174236043148426,0.3080622830477929
CIBAR1-DT,0.6188140663801818,1.064414923997127,0.6557338674544653
CIBAR1,-0.298657528216058,-0.4787515688714414,-0.20207725659581754
ENSG00000271971,-0.2956615507473863,-0.8132790455811083,-0.8440104138132547
RBM12B,-0.2966595651180981,-0.4555234344758895,-0.3659223933273523
TMEM67,0.054055634590248716,0.15457143705577533,-0.16749806999495925
PDP1,0.12952672637317872,-0.7823857313095743,0.05334009719397069
GEM,0.27884522597300077,0.7900499799787966,0.12785245038779544
RAD54B,0.5030537092120824,0.1052468741391514,-0.018242540343837956
FSBP,0.07922209349758438,-0.13881965777750693,-0.4129132030676103
VIRMA,-0.4379730997672305,-0.7245615542561126,-0.9336115056108731
VIRMA-DT,0.22092209163741575,-0.36757526494010057,-0.1606738182055451
DPY19L4,-0.4487617203665372,-0.4969587368566906,-0.2532909010615754
INTS8,-0.5864850931905466,-0.2820110131373035,-0.019809054740594696
CCNE2,1.0210607241384153,0.7690214920875819,0.4207354272450167
NDUFAF6,-0.04699332694829648,-0.16890949762587942,-0.024376437070785132
TP53INP1,0.33031517560226936,-0.09516839573949551,0.20786894416860952
PLEKHF2,-0.1939479426110075,-0.6501583098774476,-0.5857655535433571
CFAP418-AS1,1.7271652133063355,1.7724050700457994,1.692625573477617
CFAP418,-0.16651920303014128,-0.1838380237813589,-0.26517183553913876
UQCRB,-0.3967597876748955,-0.35365845703219995,-0.47376133133069226
MTERF3,-0.3577779766004668,-0.3897686916229901,-0.4448171012828084
PTDSS1,-1.6934016527944245,-0.5800060610057153,-0.5707039776707781
SDC2,0.879870960966393,0.7605718800337193,0.8074712475979453
CPQ,1.488258039799227,0.9216866459514819,0.9481720895072882
TSPYL5,-0.5880717851827947,-0.4309210527215407,-0.045546879881303716
MTDH,-0.6901525318448307,-0.628224114725974,-0.44148730085697707
LAPTM4B,-0.28864972924125004,-0.29444047609973006,-0.2744112213835202
MATN2,0.7417056982468644,0.6788895016129644,0.8185933016000922
RPL30,-0.2115632869541617,-0.18090874583014835,-0.20884821143172866
RIDA,-0.7590574334393594,-0.11849399016471909,-0.33879761479946074
POP1,0.3263830062371796,0.32884584827660396,0.08248240318079778
NIPAL2,0.7523683791665832,0.625057857586679,0.9993153986721062
STK3,0.36592276671673574,-0.1891396011188107,0.07708367435438027
VPS13B-DT,-0.3835134216844481,0.05181305860500624,-0.1677823808494132
VPS13B,-0.097088468409396,-0.17136834239768467,0.1232901775397402
COX6C,-0.2971224475318763,-0.299178043206414,-0.42710704465643795
POLR2K,-0.8700296040906076,-0.6028802289156124,-1.146887089490093
SPAG1,0.40325435131731885,0.9887216098671131,0.5794014681887987
RNF19A,0.0435651394676527,-0.12459363429845284,0.20486905392967356
ANKRD46,-0.5507777035668902,-0.2179086412612393,-0.5880302505892807
PABPC1,-0.45071897381867393,-0.07103724915603846,-0.11649116874576389
YWHAZ,-0.6111402780464843,-0.503014075982918,-0.6954437855872584
ZNF706,-0.5948860249263781,-0.9240932425271282,-0.5983179468105746
NCALD,1.0624512569239073,0.5621502750189151,1.0086564722611726
RRM2B,-0.21977862765095318,-0.19992721459276194,-0.27483600066177877
UBR5-DT,0.014037090064412833,0.002080093165631009,0.08313691692137931
UBR5,-0.22978122206378873,-0.19756730286715654,-0.34043210758244413
KLF10,0.3026935681806897,0.22751311276050146,0.6010035867474386
AZIN1,-0.9172897225254744,-0.37538177921506133,-0.34970389053157896
MAILR,0.6981187648365434,0.40608615327188596,0.30393196483224116
ATP6V1C1,-0.3726128508282222,-0.6680936976627619,-0.24154260786265175
BAALC,1.257893446680086,1.2763750184898157,1.6954912462655471
BAALC-AS1,1.443040900209919,0.7534795710617423,0.6481043046727102
FZD6,0.31696619241384016,0.28307019369296776,0.5690486361190281
SLC25A32,0.22900069388477107,-0.23430049965851293,-0.4106707610989595
DCAF13,-0.40426666212761125,-0.49137963193220097,-0.4102453189413211
RIMS2,2.7728787388215252,2.470981874863913,2.0085830833583813
LRP12,0.316526872525099,0.22370214701233232,0.252530142342458
ZFPM2,0.7914782579715798,1.146715977331631,0.5461979814138438
ZFPM2-AS1,0.16690091330932325,0.5604419327756638,0.09785961900029241
OXR1,0.17933525912184223,0.7979938885145116,0.27318778171344604
ANGPT1,1.5741598549819287,2.6500583781059,1.8265764594689635
RSPO2,2.457510494409515,2.687857582791988,2.8297079712983297
EIF3E,-0.41745618866261935,-0.3077988793844603,-0.2758878964305467
EMC2,-0.692221729262453,-0.5154097256697873,-0.5015005966683432
ENSG00000253796,1.380568831310356,1.2000187899265136,1.7083602386122294
NUDCD1,-0.5244427983861648,-0.5740846327542464,-0.3382939101442517
ENY2,-0.6524766201505301,-0.3860083130153313,-0.48555796626813214
EBAG9,-0.32924044547393194,-0.2664533430303102,-0.27672395754670026
LINC02237,2.0754382646691987,1.8780326894143649,1.9012035059787777
TRPS1,0.98200224485592,1.137568230686604,0.9710322322120922
EIF3H,-0.893495036303019,-0.5392987814593616,-0.22639741961179635
UTP23,0.07651353231497629,-0.5188948267902624,-0.17465049638274266
RAD21,0.7056909203209152,0.6138435965791552,0.34078237260071725
AARD,0.4503766438985721,1.1171142816622925,-0.04993531820294445
MED30,-0.24169585893159612,-0.21234739023618943,-0.21677697073191035
EXT1,0.8803172465584587,0.7709987669058976,1.2798667531237449
SAMD12,1.4970342753998587,1.5723887002933843,1.1344653747995679
TAF2,-0.7921314994856274,-1.0266391208214678,0.030697761593991454
DSCC1,1.2802459662895842,0.5246153684946364,1.5731562192629944
COL14A1,2.106339516512051,1.9779064838491216,1.8916850257529383
MRPL13,-0.48946879209339395,-0.7845952748296838,-0.23739539775717236
MTBP,1.193532417951392,0.5359279114454338,0.7149449832682748
HAS2,2.3013323947116184,2.1653240619373086,1.9632697456495976
HAS2-AS1,0.48112608551674546,0.39858891904789573,1.2422779510907418
ZHX2,0.2137068388094399,0.37529722026145146,0.7993241570625179
DERL1,-1.0932988460801063,-0.5038379501053498,-0.455945721630897
TBC1D31,0.49610126164605717,0.27993754853124375,0.36453211539740943
C8orf76,-0.6711021886590026,-0.46354148951621715,-0.24059722400406972
ZHX1,-0.45760227680246496,0.025086338158565903,-0.37516822637192965
ATAD2,1.4644490117002782,1.8343454903086673,1.5090254413114472
NTAQ1,-0.12487692643434299,-0.35281876778807947,-0.9068119592912041
FBXO32,1.1108617217233032,1.6675457283332982,1.3223025983681644
FAM91A1,-0.4147124153950586,-0.6118661536592676,-0.21508617736342125
TMEM65,0.40053097401832366,0.37905564365097527,0.5821574231434923
TRMT12,-1.4022975567523588,-0.20129722794169777,-0.359869490900671
RNF139-DT,-0.22120970803509019,-0.4818083829464506,0.016805315375961492
RNF139,-0.3820174127068902,-0.3149837616880547,-0.23895624695693837
TATDN1,-0.4696669682977372,-0.9340208942843305,-0.1999726618703867
NDUFB9,-0.44232056295705746,-0.50342858087566,-0.8117609883582021
MTSS1,0.8757108060642231,0.6644772738234757,0.7918483198059009
LINC00964,1.040589653561785,0.5649375921131892,0.9152854565918781
SQLE,0.9917347822543441,1.1042423445987382,1.1304979244463382
WASHC5,-0.17530512880428972,-0.4425061359360995,0.17110812808260084
NSMCE2,-0.013701797558539395,-0.039845341236620924,-0.09868750479444795
TRIB1,0.35637383162004715,0.15600179499346822,0.279577303087148
LINC00861,3.349741323000835,2.832715900779288,2.802905889672253
LRATD2,0.5090149870770944,0.3692227533252747,0.5628906849307036
PCAT1,1.5355644232087968,1.7333646253194388,2.105182088861131
CASC19,0.2836312729301262,-0.1909900674655311,0.3633412597790304
PVT1,1.6711188813602753,1.2747579874352795,1.3890871175716448
CYRIB,-0.40609285739325784,-0.6004298972268707,-0.14261306932551315
ASAP1,0.2834421952951693,-0.1468493885250659,-0.14605398681797863
ADCY8,2.423102645872479,2.538098595695832,3.096309422884577
EFR3A,-0.14561525888566967,-0.26475939848272745,-0.020284140907374848
KCNQ3,2.6246424780862725,2.256171309693066,2.402389935674833
DNAAF11,0.737198919902223,0.4777954209097821,0.3429596771328427
PHF20L1,-0.3705961746487496,-0.5840151229502909,-0.543629661771
NDRG1,0.031694468540273225,-0.29059913449507496,1.562946742770091
ST3GAL1,0.6578257938434326,0.9031710777813196,1.30474829079105
ZFAT,0.38884842652088025,0.48745013372019125,0.3433305913037188
ENSG00000289405,1.031328890291185,0.47851110642750777,0.8613287954531046
KHDRBS3,1.5523885193228182,0.12232049714525671,0.6265220119571104
TRAPPC9,0.34221272370903927,0.2385641948990517,0.08156100269327374
CHRAC1,0.060412312795428184,0.06429404597002981,-0.2428522940379167
AGO2,-0.5061896615487598,-0.7234606916160154,-0.5366518013886861
PTK2,-0.36312107811000516,-0.3750647492740918,-0.15029730960808865
DENND3,-0.5775605932963863,-0.49089642493117575,-0.6915895430415198
SLC45A4,-0.26928606338138295,-0.6110866900910209,0.03357654910161763
PTP4A3,-0.9381610057854672,-0.08853402501642549,-0.7612514866356257
TSNARE1,-0.21134314579103733,0.04813610025296096,-0.008342630947240054
JRK,-1.3282135058229265,-1.0296899824632924,-0.5979767698969704
LY6E-DT,-0.6825456519908214,0.22738694856909095,0.2089057305995219
LY6E,0.1147770985990633,-0.03182417758906195,0.31649866758531425
LINC02904,-0.196527235325128,-0.2332320958909158,0.1742751031097284
ZFP41,-0.9566478931985927,-0.3930996443767434,-0.3199034337420912
GLI4,-0.2261045086322327,-0.5338338244552432,-0.5205844443685876
MINCR,-0.8720191959860415,-1.1603088308251905,-0.7140271434214291
ZNF696,-1.2600899179394887,-0.2374629878072341,-0.31277596781336214
TOP1MT,-0.21242397622475193,-0.03173437050344315,-0.3127092854211604
ZC3H3,-0.058839684813190074,-0.38741105488333366,-0.4918234371787271
EEF1D,-0.09146711258314616,-0.24560373548269973,-0.020396556666558003
TIGD5,-0.6303373425173896,-0.6354665320627753,-0.7258292602169725
GFUS,-1.0714622395124742,-0.4784923840058397,-0.00804046337602322
ZNF623,-0.948881171134559,-1.5158389583419876,-0.28892345058455854
ZNF707,-0.9085703831829122,-0.37813385568978936,-0.08182946522524043
FAM83H,-0.7095875402959102,-1.0977776407066067,-1.192898783226802
IQANK1,-0.3605764572328915,0.0640721820588225,-0.06775248253638463
SCRIB,-0.2707026404541254,-0.5418400202716606,-0.19147458853542074
PUF60,-0.5170994617759739,-0.6384672615426225,-0.7992399195172375
ENSG00000287222,-0.09717059426207086,-0.12910600909850348,0.2671834079320768
NRBP2,-0.6055091145163516,-0.4379589344859234,-0.5911168533325438
PLEC,-0.33817302327224397,-0.15084792318167578,-0.5684961002285043
GRINA,-0.8791832133418964,-0.86681122550036,-0.5414475394949926
EXOSC4,-0.3140854761375352,-0.5306713130177095,-0.14298828603513414
GPAA1,0.0204073244731831,-0.7290359884115531,-0.40387121476596727
CYC1,-0.09926816159511635,-0.3734855029160933,-0.36823271003271435
SHARPIN,-1.0094696234436427,-0.3910531737394222,-1.058569704454385
MAF1,-0.755925918951089,-0.2774714905438706,-0.5810930450374664
HGH1,-1.0412491339716254,-0.9325748273256983,-0.8946724860388819
MROH1,-0.2092577982461848,-0.0381528004974214,0.17554099645620988
BOP1,-0.3516940583895191,-0.7071035096451368,-0.8095703097800495
HSF1,-0.6945086491104391,-0.6041719105324398,-0.29080059924708124
DGAT1,-0.3425234104539214,-0.7958964496663974,-0.2841631333756461
SLC52A2,-0.9052910446034624,-1.3350752382408366,-0.564939760921316
FBXL6,-1.13895202242092,-0.9565712695098014,-1.1598610465939423
ADCK5,-1.0877273629395354,-0.7018357403286934,-0.7742507103162666
CPSF1,-0.3741504060549588,-0.5663975100853484,-0.5048243916995502
VPS28,-0.42495596766324434,-1.0302785532757035,-0.7249859851612079
TONSL,-0.33231010574270664,-0.006673969773849825,-0.5497776629994994
ZFTRAF1,-0.9274353455139881,-0.671956548347641,-1.196684910833703
TMEM276,-0.47020075157814384,-0.7869453372540853,-0.19620419894215854
KIFC2,-0.33756586608429723,-1.391046346893674,-0.6368083749108598
FOXH1,-0.3051600380374389,-0.3826831397863302,-0.13701962796518435
PPP1R16A,0.12126629816413004,-0.1118259503861516,-0.3317960642690955
MFSD3,-0.8388936940523344,-0.5176307139872663,-0.7795586973551849
LRRC14,-0.5264583630023302,-0.6799510586014854,-0.7096036122072498
C8orf82,-0.7840109922714085,-0.216998723982595,-0.7827806176699283
ARHGAP39,-0.0570778987708174,0.2678319488479807,-0.011421993989625135
ZNF251,-0.40307708684573734,-0.34072813804479557,-0.19106518379685866
ZNF34,-0.9293703315829411,0.04701045540138075,-0.5415320630431034
RPL8,-0.2914692980282698,-0.20529544788900195,-0.07882415575760146
ZNF517,0.3047229325853173,-1.2759203226582123,-1.1223438195449376
ZNF7,-0.47566100360884184,-0.5560852345902737,-0.6212258855907854
COMMD5,-0.6467669562053117,-1.0676001144753435,-0.27429274864308795
ZNF250,-0.45342804658913843,-0.40426208736679214,-0.4115416770515807
ZNF16,0.39987556911261274,0.21023303130379384,0.39790590467066167
ZNF252P,0.12324695768597499,-0.6218624451074354,-0.41725149263501754
C8orf33,-0.5751060692471839,-0.6708127065863678,-0.1026798267126488
WASHC1,-0.882305410377537,-0.7738167250135568,-0.5715092229399553
ZNG1A,-1.6111299926619083,-0.721424276663793,-0.670262093320254
KANK1,0.8196067313851785,0.8542760157983729,0.36552079968753765
SMARCA2,0.4625700222346225,0.5456370221519187,0.2530022047367169
VLDLR-AS1,1.908567562668889,1.5332955690389554,1.3405321636312522
VLDLR,0.9147610903885735,0.6194345707203581,0.4898120540965607
PUM3,-0.23197349234106562,0.08665995490720846,-0.015079409328844629
RFX3,0.34834582218821447,0.5364106694790856,0.44525175715435955
RFX3-DT,0.6724945713507431,0.19235005109662856,0.510128640279742
GLIS3,1.4728074899382229,2.6751964711633356,2.4455760592132734
SLC1A1,0.7754702731019663,0.6476013732399721,1.1944456450917258
SPATA6L,0.3895604187019117,0.4154317575651127,0.2929955423777563
PLPP6,-0.22407604469891146,-0.28483305784030577,0.056973047602756594
CDC37L1-DT,-0.38925320822043474,0.5942885946320579,-0.2793836829185316
CDC37L1,-0.27634023459987483,-0.21852422486180248,-0.35765181571640176
AK3,-1.0389902380564067,-0.601533103830601,-0.4961719954667672
ENSG00000287759,0.349458513713195,0.13712085107978575,0.4112245809623687
RCL1,0.013459788573218305,0.07456549870551397,-0.036930911594829766
JAK2,0.6957730725680378,0.05835599317509468,0.1705565555921815
PLGRKT,0.14282968988409542,0.1272957242878263,0.13744742734493434
ENSG00000286162,0.4490544160993118,0.7654839542041323,0.758089284596462
RIC1,-0.09421052931216069,0.1442602929918842,-0.14170984464653813
ERMP1,0.07247971673041319,0.09343745062514938,0.046958511739411714
KIAA2026,-0.40681064932431354,-0.30288024267576213,-0.03790768062776811
RANBP6,-0.5660268157140323,-0.34916278073530554,-0.317466255123307
UHRF2,-0.22745875519796144,0.13133255445523767,-0.5068388250117657
GLDC,0.39010014979542623,1.1968043810895708,0.7490526305662222
ENSG00000236924,0.27232439175735834,0.7696955288073183,-0.587102712724807
KDM4C,0.5989514795296351,0.6056510068277134,0.23940597731199628
DMAC1,-0.17286974568056127,-0.5488008588006785,-0.3786266220540177
PTPRD,0.8125868855546674,0.486968278578324,1.3553072664792705
PTPRD-AS1,-0.44615338239257696,-0.2396923525237505,-0.7616126561225941
LURAP1L,1.8903556099429224,-0.031162779066583796,1.4944904824361913
MPDZ,-0.31917022469107786,-0.016940943817772336,-0.1886769545573586
NFIB,1.2495539290278757,1.7230866272565848,1.14140505229566
ZDHHC21,0.16150692085800594,0.2259999190716754,0.2439716784693466
FREM1,1.409454146393177,2.2888317398480815,1.5676703015489188
ENSG00000291185,0.2548521336167547,0.6270012546080679,0.3482021266375775
TTC39B,0.2899418903897448,0.7252192206014065,0.30371671719620963
SNAPC3,-0.595604128611548,-0.6396256184845336,-0.3410448256715739
PSIP1,0.08329196827756039,0.15186330176918972,0.1352148612500379
CCDC171,0.8633347193547429,0.4110883633449376,0.6801486188116321
BNC2,3.4865009647445575,2.681693240587151,3.2774822902833165
CNTLN,0.7417637349946807,0.895099131065411,0.6516427469359164
ADAMTSL1,1.9104866345425116,2.344191988902864,2.38518703932559
SAXO1,0.5765123440279325,0.5104130751295733,0.2523164929465053
RRAGA,-0.6889928963264395,-0.4337695457907174,-0.6451425286144393
HAUS6,0.16024617783370226,0.1790259974979307,0.3346008041471791
PLIN2,0.5500080398110576,0.22621524704445045,0.31556523019927946
DENND4C,0.43175339907221405,0.5624882482549047,0.3821100148670276
RPS6,-0.21133871368952667,0.2431739243702094,0.06087805315897644
ACER2,0.62982104981484,0.09262379986736485,0.6071076510991062
MLLT3,0.8264667936590158,1.0282443005958086,0.9486040616476749
FOCAD,0.4791784940586652,0.17284378812703954,0.026410215327498245
KLHL9,-0.8926081427004924,-0.5608751728773917,-0.7201952936461106
MTAP,0.09563335337125177,0.4823551639887178,0.18658448908206185
DMRTA1,-0.29827989166676977,-0.288131479669893,-0.21465280848067536
ENSG00000283982,1.6310515481619845,1.4339471261864887,1.8622351546403877
ELAVL2,1.3521530948106637,1.2946749057663354,1.4206052554320792
TUSC1,0.22382043073323032,-0.6308267210140919,-0.022902216673827504
CAAP1,-0.19995366261515818,-0.25592313449048737,-0.3123771638151141
PLAA,-0.17353836959976118,-1.0664013888500605,-0.41450782026550576
IFT74,0.04834009206271253,-0.14314571278395505,-0.019320317166581454
MOB3B,1.4928332516981158,0.8525113066866048,0.873876856156258
C9orf72,-0.08844976822641472,0.09758025993450307,0.2891397140443779
LINGO2,2.346795996252954,3.316569771284115,2.6381307758879835
ACO1,-0.8516284947938786,-0.41009832422225045,-0.38696060184060255
RIGI,-0.061458165913816,0.5739836792855968,0.5744103204834339
TOPORS,-0.2605512544631629,-0.5968834389444241,-0.613843665316363
SMIM27,-0.6595921153808996,-0.6395682801389029,-0.7189716134477493
NDUFB6,-0.7749214464115752,-0.5878241055949581,-0.7482204685775359
APTX,-0.24907216369671303,-0.6073866293956485,-0.19547851713984343
DNAJA1,-0.09639707013275257,-0.6055178978198618,-0.11169708433708797
SMU1,-1.5576673499415818,-0.9370025709492823,-0.6558012651288437
B4GALT1,-0.10254894083828248,-0.09950076587583116,-0.318271643079715
BAG1,-0.25872999791925005,-0.43726489196376056,-0.3218520858487004
CHMP5,-0.7789100184451705,-0.9914112424982271,-0.7999542764728069
NFX1,-0.2714398468154897,-0.29497213543241685,-0.15742599195366938
NOL6,-0.6979931471110774,-0.836562196820914,-1.2829592686452145
ANKRD18B,0.9017941270352097,0.8178497028632314,0.3141680493043318
PTENP1-AS,-0.9862051104971812,-0.19453965913725207,-0.5194936640505112
UBE2R2-AS1,0.9149433538020055,0.2787169505363778,-0.3941257828397972
UBE2R2,-0.8780858696152549,-0.7154727733854038,-0.6821146609434443
UBAP2,-0.4709075352426346,-0.035122475705016185,-0.10739036601209405
DCAF12,-0.6845919084399377,-0.8870065828304803,-0.9842478005038444
UBAP1,-0.28858031907261855,-0.8401826702312469,-0.6258093622698482
KIF24,0.7888947570895688,1.0378362159672712,0.3656075648898529
NUDT2,-0.13142851517322282,-0.727228801595885,-0.8863333925014487
FAM219A,0.4472028752226364,-0.22206310823661823,0.15710128381752136
ENHO,-0.09661925005688236,-0.0749437019264399,-0.0037672302069892845
CNTFR,0.3854282301551386,-0.04838832490460018,-0.33248297356388795
RPP25L,-0.9751741604488622,-0.47600403367809463,-0.4194418580965902
DCTN3,-0.19728189842917496,-0.5558189067483639,-0.4648933271237681
SIGMAR1,-0.5875911868639889,-1.437395356322007,0.2589017686046482
GALT,-0.8131142410456391,-0.38779835584261585,-0.30864907386240864
IL11RA,-0.5956887379854372,-0.11790596503143289,-0.5855561445955003
ENSG00000187186,-0.3431094098491378,-0.09901536273817163,0.009138022380945231
ENSG00000230074,-0.17508652488136173,-0.5691883157521963,-0.3546687419099257
DNAJB5,-0.12804236319888315,-0.7090333113355847,-0.7456775744614142
VCP,-0.5551654297280882,-0.5844880137472082,-0.31211242586725163
FANCG,-0.329345821676899,0.6312751160734251,-0.8096225728383146
PIGO,-0.7851127938369551,-0.7267549755786433,-0.08623646548751651
STOML2,-0.37826581558175926,-0.3501995680690087,-0.4646827475806568
ATOSB,-0.26008496278112864,-0.8532048908763699,-0.7104471616598467
UNC13B,0.17780117652690913,0.32591642943425464,0.6859411667999318
RUSC2,0.3785392483400543,0.38803215328202967,-0.00537626829302691
TESK1,-1.4570319356536103,-0.2551477331771288,-0.5081565333337643
CD72,0.06559926839803149,0.13772011434593162,0.3696960171053761
CCDC107,-0.6603260820659251,-0.3958359220314413,0.03666053320426233
ARHGEF39,0.5485708947737429,0.6782568606476148,0.1765073681125883
TPM2,0.25709912279046415,0.3575734643017085,0.3452446693737165
TLN1,-0.36447682210709337,-0.681240521432013,-0.1829526603645313
CREB3,-0.595242573221654,-0.15189318988795725,-0.8602866587705762
GBA2,-0.7188285335703775,-0.5543014064422173,-0.9435271251257227
RGP1,-0.9834028684619476,-0.6038909718816612,-0.6343287013629002
ENSG00000227388,-0.2899580660259531,-0.30927185453725065,-0.4399610272705807
NPR2,-0.5619860339401582,-0.5058210701509084,-0.10030932034225873
HINT2,-0.31889397594143176,-0.4600023477773547,-0.5639711680886031
TMEM8B,-0.745479910752767,-0.34963008330167256,-0.8164708851050158
RECK,0.13197238819090268,0.18177107876923057,-0.07338148310226697
GLIPR2,0.007535546059575169,0.1527352911103926,0.08947046799358908
CLTA,-0.6041747512710884,-0.2950677868239744,-0.7438669760047639
GNE,-0.311344473396062,-0.18689787480574083,0.26923374835143565
RNF38,0.06640187608534724,0.02041222757662094,-0.6162702987955414
MELK,1.7726194657720278,2.2515707210378295,1.4761778172198419
EBLN3P,-0.8281288569116896,-0.5789952035922282,-0.5447910763909113
ZCCHC7,0.37523057290833967,0.16606319331599187,0.22143366042872253
GRHPR,-0.8492531636824019,-0.4587754427462088,-0.46882251980729
ZBTB5,-0.3411623565936423,-0.9691520064536974,-0.7050691591109306
POLR1E,-0.25831762780769907,-0.36190918236914976,-0.188091559649699
FBXO10,0.11587068908734102,-0.2556630909089997,-0.2659529302290053
TOMM5,-0.18234433001818923,-0.2318929084545864,-0.025797435379626393
TRMT10B,0.17078541511311235,-0.328218725457937,-0.11143854638267565
EXOSC3,-0.5231827045891393,-1.056460212747659,-0.6046835511777288
DCAF10,0.03608731695389269,-0.1802029042940774,-0.17390495560105632
SLC25A51,-0.04875933903360877,-0.269493910507947,-1.0844745389014
SHB,-0.038800919261529246,0.3490484477462274,0.20891256362328997
ALDH1B1,-0.6670203947539691,-0.4517344364024325,-0.4089343026709217
IGFBPL1,0.6858689969173604,1.1726903761124596,0.4947338265006742
ENSG00000291061,1.6836158554314409,1.0795459927708997,2.334612702595603
ANKRD18A,1.170950140616256,1.5617454698154383,0.9655376082333511
CNTNAP3,0.5610879111572658,0.9999801207338698,-0.5731000148185822
GLIDR,-0.8087651473148476,-0.7742953858690136,-0.5029038273507993
ENSG00000291075,-0.6655287254910541,-0.31602560066671265,-0.3745599620065292
PGM5P2,0.4599192676655797,0.5114491334285489,0.3658502167260131
ZNG1F,-0.8229479352804674,-0.34429986999755974,-0.9295848060324269
ENSG00000288891,1.0135790060226526,0.6089369039569057,0.4592914391034384
CNTNAP3B,0.3339729538161862,0.9989445022801425,0.41733450299482305
FAM27C,-0.013911608833346611,0.40259611783318755,-0.7082000531739254
ZNG1E,-0.9306180318170405,-0.259487395057512,-0.19774450286135098
ZNF658,-0.6807954905487854,-0.7853004759974277,-0.780879054848846
ZNG1C,-0.32347776449032395,-0.9331021819784482,-0.4687359684753573
PGM5,0.5250731062101544,0.6201111980975326,0.4876008349670257
ENSG00000229019,-0.895307515238308,-0.6449390889696821,-1.1022891796200511
PIP5K1B,1.2754586063760271,0.9556058348061746,0.985889733320125
PABIR1,-0.5148255639328526,-0.24453285315484052,-0.2660987079370614
FXN,-0.654007858386187,-0.1644514205569934,-0.11540017488935564
TJP2,0.27127246828351653,0.3686385101021585,0.6525428608328951
BANCR,0.472171922983378,0.05026345166010407,0.5750141506252255
ENTREP1,0.9650761821522362,1.0154359519311313,1.3354781752613842
APBA1,1.3103907892325566,1.3466669429918312,1.165197325006936
PTAR1,-0.11729864620296483,-0.34509107129323624,-0.061252181876088906
MAMDC2-AS1,0.8616576098689316,1.0099269302117655,1.3819931744832097
MAMDC2,-0.46196960809414733,0.6614229042460913,-0.6208168524920801
SMC5-DT,0.6368767230748986,0.5942936499308722,0.7344558703423445
SMC5,-0.2954886992861496,-0.23825463315269596,-0.41972992934668335
TRPM3,3.63112821877003,3.471708119466637,3.115561608742464
CEMIP2,0.6132987648820212,1.0097830322207066,0.8145155489094015
ABHD17B,0.14472552289987917,0.07170061872494317,-0.3722964705604035
C9orf85,-0.4061637452654487,0.17242185652427355,0.07483458619267573
ZFAND5,-0.8096705985971617,-0.7482496733163906,-0.9306484919641065
ANXA1,1.9095944625418149,0.7475430744959937,3.24377725347928
ENSG00000232590,0.3269030187092383,-0.0006796883097592484,0.5831655286484363
RORB,1.3420695853605196,2.378801641502239,1.3193774938475826
C9orf40,-0.6683566206377024,0.08359222102556178,-0.550807509225713
CARNMT1,-0.4693463464456222,-0.33157791000220627,-0.4396743928343945
NMRK1,-0.9684219264028435,0.39510473212000724,-0.18111641769694126
OSTF1,-0.19179868057684146,-0.04224845561848413,-0.023219604092666667
PCSK5,2.2099251627390437,1.3736128100416067,2.229011144252876
RFK,0.41853696957833003,-0.61617743991156,0.23629295993972482
GCNT1,0.5205545642229303,0.9144018495320978,1.1120086419031026
PRUNE2,0.6360976203783331,0.8004572201646596,1.2243707969332966
VPS13A,-0.17743701779631854,0.025578821188659555,-0.28235432872765287
GNAQ,0.1603666910671428,-0.12287020102596455,-0.26443616104495865
ENSG00000289440,-0.4485207451531182,-0.568814495025439,-0.09023704387977462
CEP78,0.7642942079390167,0.18579966123211739,0.1999239637608597
PSAT1,-0.18763499606115633,1.9764377687799453,1.4440119432230674
TLE4,1.0174604164045498,1.1544724413487444,0.9492586307673392
TLE1,1.8538406695880596,1.0102596296059438,1.1134596788757882
FRMD3-AS1,-0.2524336166705084,0.34732307785817085,-0.5551412144780662
FRMD3,0.9055603123367355,0.6111543942291213,0.7719975946533282
IDNK,0.04116414911490549,0.2077428949837064,-0.19600651461058766
UBQLN1,-0.6654165703795519,-0.5501459007877257,-0.740150723648572
GKAP1,-0.38581037510240174,0.02232378992241027,-0.31878516915323374
KIF27,0.16705992268825304,-0.25602919608984115,-0.07604939940231151
HNRNPK,-0.9152660580115467,-0.9802906605229147,-0.8442579226940587
RMI1,0.3561152678302974,0.4881812352664099,0.30070486752766706
NTRK2,1.3660736942045624,2.3154639579528684,1.1375956571738435
AGTPBP1,0.48647610866145286,-0.1804669409771726,0.356769635362678
ENSG00000230303,0.4824249997016566,0.2247060994134458,0.34870871750936416
ENSG00000290924,-0.3955368640759502,-0.09811639647806208,-0.08097814506430011
NAA35,-0.8859912009339972,-0.5635316064437319,-0.6093613836815557
GOLM1,-0.08540122316030363,-0.5343209482456146,-0.2796301730136612
C9orf153,0.39312044000616453,0.361595224073291,0.8007837883744601
ISCA1,-0.913272024422966,-0.793828689261794,-0.3025445119392494
TUT7,-0.2814106185696623,-0.31700126267812934,-0.42394185276180707
GAS1,1.0779582926459845,0.5437353939095111,0.5086135894347237
DAPK1,0.40191787283387725,0.27790925384828924,0.006881875536059507
CTSL,-0.0434914095882206,-0.3023103871474327,-0.3039522882061653
SPIN1,-0.5528133688660014,-0.6255721401043176,-0.5955881308499612
S1PR3,1.099163997819904,-0.24152674783863767,0.011127260663322154
CKS2,2.1811486932656337,1.5090689984300312,1.8488351924519257
SECISBP2,-0.19662552804253153,-0.11084320966007864,-0.3121135325526439
SEMA4D,0.562844030344241,-0.32961543256841713,0.2919215640510017
GADD45G,0.36177903485952706,2.0446988890731035,1.2677476841018702
LINC01508,1.51226294511984,1.2370882069194096,1.428473835384679
LINC02937,0.18138148211208724,-0.05398482918145578,0.14002916931611142
AUH,-0.15797175500077643,-0.23186983395599725,-0.13110165022656511
NFIL3,-0.6448887107562307,-0.5902956599367748,-0.4469463780832257
ROR2,1.0283180056349828,0.5385676551455774,0.6717593425452897
SPTLC1,-0.5283267795498112,-0.3277260088682503,-0.5055429636762803
IARS1,-0.2947108711218754,-0.21415253187848654,0.1729880049077543
NOL8,-0.17842747607509676,-0.06020504653119115,-0.16900863080533315
CENPP,1.78782142297678,1.3951955510215264,0.9469196461148391
IPPK,-0.14288712856603064,-0.06985537513868319,-1.015814606984982
BICD2,-0.025206652851341726,-0.19406564052225406,-0.5973606981956542
ZNF484,-0.41902051235137,-0.6078763116714505,-0.23686428625688902
CARD19,-0.8930598349982262,-0.4126746682721709,-0.4560365544047044
NINJ1,-0.3746187757326319,-0.6905198926810742,-0.4128776501418941
WNK2,0.4357182378505158,0.4542222534144962,0.3253393761342523
FAM120AOS,-0.48930500447456277,-0.32711200475869623,-0.3461886642304997
FAM120A,-0.29957141432562295,-0.5041232424417394,-0.25140300062483684
PHF2,-0.4521487017879054,-0.24678663938509268,-0.4417653447426453
PTPDC1,0.2437067315733649,-0.24900871526769203,-0.22554291991869488
MIRLET7A1HG,-0.2629803775237675,-0.3744948050402144,0.13762739098328317
ZNF169,-0.04581546633274767,0.33935307507956114,-0.36810666549595433
ENSG00000232063,-0.5603378553212615,-0.45471129640520763,-0.723309025242127
MFSD14B,-0.17062363263616478,-0.7956420282970882,-0.5943653034876952
ENSG00000286850,0.7255844930684532,0.8225156633011786,0.8676484977212908
PCAT7,0.1421611269862452,-0.05427617705511521,-0.27302641857124493
AOPEP,0.43233635789972524,0.20629473609457702,0.34439954174920123
FANCC,0.36262039735431617,0.27914523150516857,0.5558331026525173
PTCH1,0.937679556189309,1.0040248601121142,0.3483493909652395
ENSG00000271155,-1.2629196010993837,-0.7683848511247717,-0.12285913735944827
ERCC6L2-AS1,0.540407221188282,0.5196708278476051,0.3069569003026906
ERCC6L2,-0.20629979476966656,-0.5500699495719203,-0.08389848927446049
HSD17B3,0.29723023397156817,0.6547587432747441,0.3563623919867744
SLC35D2,-0.3242836346581513,-0.5521696396945509,-0.5016159674114071
ZNF367,0.8486157835089579,1.0824751622749176,0.9692390718535115
HABP4,-0.11617414811102478,0.2744122120517041,-0.17699610618415565
CDC14B,-0.08754076706786049,0.25202140607924767,-0.22560867140411392
PRXL2C,0.024330560010689263,0.015390229102724327,-0.1520592399829575
ENSG00000224848,0.9920173471426246,0.3320032806577266,0.6494052421338878
ZNF510,-0.4892632932330479,-0.6408224580601747,-0.08905465111906356
ZNF782,0.025676922207640812,0.3036029786719787,0.5095780507126156
MFSD14CP,-0.9263840335311677,-0.3271462557996933,-0.4776080874762841
CTSV,0.7925129389679596,1.2556028440446632,1.0393919847703792
ENSG00000203279,0.27047794784849444,0.6679428261859393,0.7015270282390063
CCDC180,-0.08398581054914446,-0.02140369887440845,-0.6875896398715041
TDRD7,0.48398541727248207,0.05153546623756716,-0.11217473779912979
TMOD1,-0.41886645918285126,-0.07704471419866006,-0.42317695701044755
TSTD2,-1.054163907444412,-0.4089775879843991,-0.012793985026245692
NCBP1,-0.2895142793341173,0.009768261813345336,-0.3945586711479798
XPA,-0.5876674014269944,-0.35979627009684734,-0.7480199465292614
TRMO,-0.3625458827784768,-0.6361461481581828,-0.6253241893362222
ANP32B,-0.05663795291112802,0.1305457360278979,0.0741795981280547
NANS,-0.5167837729202026,-0.010160490791008715,-0.007090080700258772
CORO2A,-0.38494978508803607,-0.19768179208096018,0.4912642947297207
ANKS6,0.06899422669808776,-0.4017932659098698,0.04792183543881734
GALNT12,-0.2695078557408373,-0.6530382935087963,-0.31740174358757045
TGFBR1,-0.03190596145076091,-0.9978804449495478,-0.10861130588342156
ALG2,-0.20987480295984892,-0.8784470427545017,-0.4812083076711993
SEC61B,-0.48833486042313007,-0.6756420138835432,-0.503864605451966
ENSG00000237461,-0.5381424104480422,-0.4699529551673223,-0.04423779537185624
STX17-DT,0.24091199166382885,0.2947529465000542,0.30355152245937234
NR4A3,2.009186629872733,2.55279045518202,2.7223870109692285
STX17,-0.259863441831051,-0.4077240022361402,-0.27095330772993975
ERP44,-0.17506879879947584,-0.402356719201503,-0.5078948090771469
INVS,0.9066530090216816,0.4470953655694884,0.39991195345795916
TEX10,-0.4495553563942601,-0.2845387769035561,-0.541916818566488
MSANTD3,-0.18972053279483708,-0.4228125027110927,-1.2208830351670201
TMEFF1,0.1238905730293637,0.25122957254411915,0.2565676281556399
CAVIN4,-0.12313751008278118,0.4133308724407314,0.11946594449889864
PLPPR1,1.9509598886794421,1.265310459234783,1.168700000975445
MRPL50,-0.6666175390759471,-0.5675509865880208,-1.0489805503163474
ZNF189,-0.5519362152396675,-0.6617452405547118,-0.33987187309647376
PGAP4,-0.15850894712485084,-0.1406254945624426,-0.2680973521447285
RNF20,-0.10037691145176804,-0.4848879893890476,-0.07111551402825361
SMC2,1.3888854185902915,0.9757921437760261,1.2588296953345974
NIPSNAP3A,0.3547873404321571,0.2272825510702141,-0.12017806104075741
NIPSNAP3B,0.6329055765290157,0.2719344708940312,-0.6849440076093529
ABCA1,1.2216516349934956,0.9999639000432765,0.6510833353506733
SLC44A1,0.753621078565331,0.20512961747441955,0.5101880328834979
FSD1L,0.5188817522029936,-0.31590187878078874,-0.17566130984102207
FKTN,0.17956350030030777,0.2776025099394381,-0.011187349375909185
TMEM38B,-0.06362910183363721,-0.21603715103690396,-0.4076792261140341
LINC01505,1.8617822370709511,1.9415866940572535,2.3997366941271174
ZNF462,0.18505814899229386,0.18499404279537038,0.4639502642498136
RAD23B,-0.520497638174149,-0.7292767439456007,-0.5171605531099993
ELP1,-0.5104577051910618,-0.3849648021471878,-0.28975483199998214
ABITRAM,-0.33611249651236724,-1.122948443738725,-0.3142595083162476
CTNNAL1,0.5107643654535643,0.1873119491625381,-0.07876251834021632
TMEM245,-0.06650952519158079,-0.13975284523505846,-0.4881124478228038
EPB41L4B,0.06448712851528171,0.7157800478129843,0.2735165735025511
PTPN3,0.14996491227790892,1.145339916268707,0.5329817884828429
PALM2AKAP2,-0.16887592690401476,0.002906388415835709,0.21585211562511822
ENSG00000232939,0.22207528495269452,-0.18478083873939616,0.18455651596174855
TXN,0.04512916915348706,-0.46511595027808283,-0.07341567272984056
SVEP1,1.6048979728790158,1.0750895183244964,1.4398297053492435
LPAR1,1.4332216226239218,1.313222025339428,1.2719446844546773
ECPAS,-0.15567745298612232,-0.23160958432035983,-0.4848404767701168
ZNF483,-0.06908835160177064,-0.025584307713106838,-0.02522976108514637
PTGR1,0.44569267369078597,-0.08629814005099945,0.35888157230352036
DNAJC25,-0.5892616930280318,-0.604255657589448,-0.07454596618542557
GNG10,-0.33625954087402127,-0.4160416296694081,-0.11625424320845572
SHOC1,-0.02381418386309519,-0.18888286859593612,0.23703612302350055
UGCG,-0.4590876620580104,-0.1076233723552633,-0.3325927927600532
SUSD1,0.5947227270909892,-0.1802494805793841,-0.0790952477221367
PTBP3,-0.48442628718674646,-0.3192138515482447,-0.12299254411257371
HSDL2,-0.09977830661371809,0.0313028996723155,-0.032568475169252764
HSDL2-AS1,0.7557067127733603,0.20054393852027272,1.1252000446057444
KIAA1958,0.14749021276342592,0.03824698551972006,-0.008084203674396702
INIP,-0.49771003805384595,-0.42194534378656096,-0.1605149336964118
SNX30,0.21190811960510914,0.19790921118536528,-0.06054623716832457
ENSG00000291094,-0.21889014183991762,1.0140008560473923,-0.041334504809945785
ZNF883,0.5817912619559209,0.44234333832974926,0.9460895728903331
ZFP37,-0.27643476547896023,-0.08009865718817721,-0.10913094510178918
FKBP15,-0.270639635660281,-0.386583506558857,-0.08439923814526648
SLC31A1,-0.4788476448913954,-0.42007806276424725,-0.47830964785918795
CDC26,-1.2591825806358905,-0.694603559093359,-1.073412501027093
PRPF4,-0.4403332742442778,-0.4211890197124682,-0.43221877874307785
WDR31,0.14836993174613858,0.32047011368051054,0.06623035116956534
HDHD3,-0.5400386352049509,-0.6651008296075033,-0.3055378937197837
ALAD,-0.24590874804590251,-0.4745459525785662,-0.5351442265377919
POLE3,-0.2743027655305212,-0.24962423073912987,-0.09199824400576156
RGS3,0.7534696451462218,1.3196738159063877,0.1327344967920396
ZNF618,-0.31082815778544776,-0.3452466001138142,-0.30325486579898703
COL27A1,0.06194467619249969,0.5829736697155425,0.23268223060812332
AKNA,0.017848923791806557,-0.23231681684075417,0.2703000150870096
WHRN,0.027056540003528102,0.24376589612220195,-0.4372401221891061
ATP6V1G1,-0.7294437595704224,-0.720290122826647,-0.5116856571566437
TNC,2.6858256814453867,1.7726042482302269,1.6700785138423129
PAPPA,1.6081492687382841,1.1116854551317346,1.6561274251143878
ASTN2,1.9931286982811685,1.9038695724861618,0.9092794684626035
TRIM32,-0.3814128453181454,-0.40877749180893025,-0.41853962379139636
BRINP1,1.868448500606135,1.661513039498999,1.5179875869516124
CDK5RAP2,0.5876106622316257,0.34651171377030826,0.3459469535939092
MEGF9,1.7214556582450662,0.8736311049868597,1.4704738110759692
FBXW2,-0.2971405313368365,-0.9377028158210656,-0.5454225293641953
B3GALT9,-0.35005060719359804,-0.521767495467781,-0.6284836250718904
PSMD5,-0.32671241333843787,-0.7480350814783244,-0.1170231081663751
PHF19,1.220680764986561,1.3298107291135395,0.8321709870983263
C5,0.39170487550160615,0.21815376732853053,0.29322727501203616
CNTRL,0.5617703782036401,0.3238339141075243,0.9626906801516456
RAB14,-0.900506549623497,-0.4285226007812639,-0.6411704679065053
GSN,-0.08644258753998807,-0.13747426414036928,-0.31612861286867044
STOM,0.932805795781956,1.1271351413866206,0.22927091384641685
DAB2IP,0.035006159259928935,-0.050990752106951504,-0.47505794618170333
TTLL11,0.3149895241414456,0.43184584920915725,0.1310335912575979
NDUFA8,-0.1973944985536385,-0.4145281471392473,-0.37339822259110994
RBM18,-0.5062596714678415,-0.38464715221059015,-0.5425410871833486
MRRF,-0.5902814123026765,-0.6162063227989486,0.08375819800234656
PDCL,-0.6804706048770052,-0.5415343632696404,-0.2812263241782312
RC3H2,-0.20449930210150666,-0.9344699155254546,-0.4528783591892528
ZBTB6,-0.11631140390809952,-0.14097006639781645,-0.13661787510620368
ZBTB26,-0.3596942345473834,-0.26703348254926595,-0.3806837580509744
RABGAP1,-0.4927526724038067,-0.4467579592210101,-0.35414803274163387
STRBP,-0.15581659431508763,-0.024173776605131495,-0.3079742708750289
CRB2,-0.12070626420725007,-0.32829710695119735,-0.5555560054115033
DENND1A,0.4547637211805089,0.4475151875456831,0.31713677452535194
NEK6,-0.20791027940738618,-0.18183846634917705,-0.17139923679492242
PSMB7,-0.5714400643359596,-0.7233105487385636,-0.6953961186566033
NR6A1,0.4656049008429868,0.17024158042935858,0.22719752693738823
MIR181A2HG,0.5982853168402577,0.7194789445402102,0.7543378228963604
RPL35,-0.009912974311568302,0.048861935895899954,-0.013233610579286273
ARPC5L,-0.3550505060339688,-0.5835802569928283,-0.1874962866990479
GOLGA1,-0.26434453529983415,-0.4553954662062871,-0.38299883276780733
SCAI,0.22352946814493888,-0.06056667067478822,-0.22504041306450168
PPP6C,-0.6717881905078258,-0.6107105039658086,-0.9371482337739963
RABEPK,-0.290897590065633,-0.3486429137570753,0.31447205385269333
HSPA5,0.492244876002438,0.7157371185082403,0.591850783100309
GAPVD1,-0.3902188047506882,-0.7352660777417377,-0.19214951749467707
MAPKAP1,-0.8866318244023184,-0.4988631502615774,-0.8295951198902856
PBX3,1.233590961868373,1.4074420323489765,1.2998093714019365
MVB12B,0.21709349123064564,-0.028135936922538497,-0.14919768882687381
ZBTB43,-0.8720231731966273,-0.41986076422444896,-0.11286010767291187
ENSG00000288995,-1.2409120294616258,-0.7609247658808656,-0.24211818435867374
ZBTB34,-0.015965501264769654,-1.0403619642014874,-0.7004881087172947
RALGPS1,0.4104212920102093,0.6709872710060729,0.6002030970661245
GARNL3,0.6188320754628052,0.5727949622087359,0.8204435141539504
SLC2A8,-0.794282277260379,-0.84369476839559,-0.4975571880825349
ZNF79,-0.5375973359478613,-0.49937630010137474,-0.14177797908741502
RPL12,-0.15124226831403223,0.1075011266840367,0.15532131153377912
LRSAM1,-0.484949763483705,-0.3015060076538632,-0.3121173147949783
NIBAN2,-0.9894484783226609,-0.4037489172327468,-0.40728807294902575
STXBP1,-0.1294599306652629,0.5467893505321051,-0.7020156620868327
PTRH1,-0.9336045811114495,-0.3405587774069971,-0.13048743270308452
TOR2A,-0.0985803253582383,-0.3653463180531347,-0.46442010114521187
CDK9,-0.22555434295306395,-0.41062900734855384,-0.4425759026948733
FPGS,-0.26098040947059076,-0.42871524163857805,-0.9316497554899854
AK1,-0.26514043290848477,-0.257373912707422,0.35880003970497043
ST6GALNAC6,-0.518969128333076,-0.1369440321762881,-0.466631716813815
ST6GALNAC4,-0.3070754616646845,-1.2140094634930314,-0.8031423819585335
DPM2,-0.619400904918038,-1.1021513377501932,-0.42683289659306917
EEIG1,-0.621987621736107,-0.8783309000311839,0.047643092134581705
NAIF1,-0.3766405405462265,-0.33302878438261624,-0.47159709407311107
SLC25A25,-0.28053379317261573,-0.6130395801983538,-1.0665936567228123
SLC25A25-AS1,-0.5301668508275839,-0.569329258000991,-0.5769042032034051
PTGES2,-0.5051614353510062,-0.5525686976208775,-0.3120736494094381
BBLN,-0.3706995470954197,-0.5283729098075156,-0.52291559454844
CIZ1,-1.7138892881660936,-0.7143743892819145,-0.4805350144842819
DNM1,-0.1484376015888671,-0.11457771795037171,-0.7130819375132589
GOLGA2,-0.8687738755008603,-0.3624301219041968,-0.3612948119227894
SWI5,-0.5934495746826371,-0.5037510727848938,-0.7080124222205839
TRUB2,-0.5676287493282537,-0.6203779646453996,-0.0682025826793833
COQ4,-1.1339784731182618,-0.6516191530784923,-0.4971707744597928
SLC27A4,-1.007050194102419,-0.9810998094282084,0.1852810771738084
URM1,-0.8744378605988601,-0.40755749995044616,-0.6779230702791389
CERCAM,-1.0581212974210743,0.08770039179806578,-1.163002875230152
ODF2,0.14738804937960728,-0.04326224488452364,0.37499023371958623
GLE1,-0.44985143383236803,-0.28861728939491016,-0.6645463920604868
SPTAN1,-0.4228659755205442,-0.2962464268001738,0.20524206957227528
DYNC2I2,-0.6545666727612733,-0.7679644122312794,-0.2665617551665101
HMGA1P4,0.01685433956702903,0.4250565311826548,0.29571188034284296
SET,-0.28737399365433797,-0.25919693594442,-0.16705625103894667
PKN3,-0.9644252431599085,-0.20987867436127775,-0.8836360572761741
ZDHHC12,-0.16090289448612083,-0.33163633163033523,-0.3193458261785729
ZER1,-0.051477852854681316,-0.13704926545545254,0.021861098902160488
TBC1D13,-1.0541507333073064,-0.5931693430934181,-0.6171131387484081
ENDOG,-0.3438932191730118,-0.3913366516578271,-0.3178088530047702
SPOUT1,-1.4578265715151204,-0.4527948825371482,-0.688866109265433
KYAT1,-0.08997886374484666,0.0523248545647626,0.06247764291236287
LRRC8A,-0.016630141987104014,-0.0485242804092287,-0.3626336823977176
PHYHD1,-0.6806320772522376,-0.5098392964576065,-0.44154820139046436
DOLK,-1.1382936164118824,-0.45466795135783405,-0.09888470079609496
NUP188,-0.3921334927126985,-0.42279806391677255,-0.3038135784994935
SH3GLB2,-0.6322490478812242,-0.23736875627587753,-0.7373842636676358
MIGA2,-0.16315953798340388,-0.7661438230076172,-1.162506194129751
DOLPP1,-0.38880183888318237,-1.2325320939210087,-1.1365769445108818
CRAT,-0.7473337427376237,-0.4399794710485984,-0.37222911756409977
PTPA,-0.5482857852842996,-1.0573482870366178,-0.9185754481145488
IER5L,-0.06608162722607253,0.23041293515541025,-0.9424613458502904
LINC01503,-0.7727723531753483,-0.12327395305419132,-0.09159554729663104
LINC00963,0.22548716515523992,-0.22788285788593757,-0.4118419811994442
NTMT1,-0.8510383563274537,-0.5518245400942944,-0.25004954822130904
ASB6,-0.7522389274860224,0.27228378542032056,-1.0780183731108188
TOR1B,-0.5412201129669612,0.35137381542217844,0.16838555594229734
TOR1A,-0.0603723460336099,-0.5960129338068932,-0.4962995136663472
C9orf78,-0.7849387424664158,-0.5862420503789175,-0.2951746889629909
USP20,-0.442881195432669,-0.5409483643826077,-0.395372063590699
FNBP1,-0.3552694629921902,0.04511816397198128,-0.4854933689453276
ENSG00000289226,-0.9665592327499049,-0.8491106925619256,-0.8294497177748603
GPR107,-0.7307116012672275,-0.5390699981776023,-0.5542525026193452
NCS1,-0.2012852546780941,-0.5713722854209956,-0.33630164598881157
ASS1,0.30331353462794297,0.5477937833430566,0.13766784765135393
FUBP3,-0.9457540654174643,-0.257619375724321,-0.8470932979075769
EXOSC2,-0.5286564092558451,-0.7132118940677437,-0.20402755148644755
ABL1,0.3493009787195512,-0.4567823653759931,-0.24737020561532927
AIF1L,-0.36670704822665096,0.5086105802267973,0.43045299690335875
NUP214,-0.49678727392324973,-0.4718450826590974,-0.8280372240585622
FAM78A,0.3273264203873368,0.30224908399603473,0.15122722043010844
PRRC2B,-0.7063678554509174,-0.9090115631485105,-0.8003717874589178
POMT1,-0.48262171628767814,-0.1551229472511437,-0.43318657234797087
UCK1,-0.9853604418226602,-1.0544452206735464,-0.877501390918269
RAPGEF1,0.020354554162352722,-0.014628195868425554,0.14087136504108594
MED27,-0.15814892299252753,-0.36377128758933347,-0.41628830951459506
SETX,-0.4734023404532017,-0.3531894115313356,-0.6733992067856001
TTF1,-0.5696561088073047,-0.11230289053881037,0.21192265421574777
DDX31,0.04081661656552875,0.3920184486185363,-0.05570300045425115
GTF3C4,-0.8668339580502505,-0.5420087932040865,-0.3512561847349041
SPACA9,-0.7162797600360875,0.19792661386509272,-0.4654794916975397
TSC1,0.057933271996027796,-0.18325255579880204,-0.2807042732554166
GTF3C5,-0.7254529510167309,-0.6446632576439448,-0.48638811538091536
RALGDS,-1.1201366604591065,-0.6256853707992072,-0.8533184203607256
SURF6,-0.5877490044227329,0.06805167253733647,-0.5126477731623674
MED22,-0.4769283725579285,-1.0058309222163508,-0.5596520435371061
RPL7A,-0.333609886780371,-0.10915747104045263,-0.09533166941175435
SURF1,-0.7264679142176114,-0.40702226618402554,-0.5808081646884773
SURF2,-0.6594192679315078,-0.266005512454516,-0.23268451890291073
SURF4,-0.28017524891851403,-0.6502713009977512,-0.6163370120199297
REXO4,-0.9576129018705934,-0.5159008426722842,-0.4101299414251187
ADAMTS13,-0.7972885176173072,-0.4978356632607976,-0.24295579693252742
CACFD1,-0.6688742117011905,-0.7453414474663127,-0.8997217573819114
ADAMTSL2,0.3350009428605923,0.4345401259321413,-0.6771505295561191
VAV2,-0.04972724970807013,-0.35409333460145825,-0.14648708545339414
BRD3OS,-0.8870505995114648,-0.7371190210767438,-1.0253025571826697
BRD3,-0.46510379891102005,-0.5978772119255389,-0.5050353429010813
WDR5,-0.7108497973836947,-0.3278113820874111,0.09146867085552308
RXRA,-0.3121232025931456,-1.023914935388973,-0.49138665727101843
COL5A1,1.0427341965316757,0.9774946847102478,1.0395062242816557
PPP1R26-AS1,0.18573224118172155,0.7107760749384157,-0.09158418624809879
PPP1R26,-0.02504781565393799,-0.736719579253112,-0.5164859286513419
PIERCE1,-0.15760232947125274,-0.6956062688261753,-0.7276509085553968
MRPS2,-0.24957772442734344,-0.6970181486417708,-0.5850033913944978
CAMSAP1,-0.4900197280336053,-0.17069787492567562,-0.34996285280610456
CAMSAP1-DT,-0.5126780679795359,-0.7312506046649787,-0.45791640364926434
UBAC1,-0.6462189210248859,-0.6773914431531408,-0.2995147549928419
NACC2,-0.7755674565923059,-0.27424203648338263,-0.4579713488387577
TMEM250,-0.509865779919501,-0.10131867792525644,-0.43396013580802884
QSOX2,-0.3230950619845671,-0.18045598597906226,-0.3674453138576048
GPSM1,-0.47804941683079955,-0.42829432944336787,-0.9474360748008266
DNLZ,-0.36967237624957866,-0.29036269484356936,-0.306418591314312
SNAPC4,-0.6039180665529004,-0.2689381158875186,-0.3730368039407352
ENTR1,-0.32942485492129586,-0.768980735376104,-0.5678231670434961
PMPCA,-0.9335737868570106,-1.4695793708915197,-0.6137019651895522
INPP5E,-1.9742798741306231,-1.13085027616955,-0.6763478463074898
SEC16A,-1.005355509549048,-0.589697120086079,-0.2792623826663139
NOTCH1,-0.30636023253408595,-0.5488628592016589,-0.32200259671131454
EGFL7,-0.27196007238067565,0.07686952698126603,-0.2761189148715246
AGPAT2,-0.10188281408075643,-0.4226129937447389,0.05728182055015202
DIPK1B,-1.4076798406827713,-1.152077161433489,-0.5483595403020409
SNHG7,-0.23003508250618412,0.27950958924653685,-0.0633548580090953
TMEM141,0.3980650486932689,0.28617001474497533,0.8096651514752474
CCDC183,1.0318839988864852,0.7724588346017178,1.6695522391888105
RABL6,0.2314222369148844,0.2614699637990192,0.10961714818985509
AJM1,-0.45195006993608194,-0.9078363299750016,-0.48428825451572166
PHPT1,0.24310640742031356,0.011467394527073752,-0.24754216567712106
EDF1,-0.5839695395362056,-0.7333245880441446,-0.6180996668649142
TRAF2,-0.2931102330262299,-0.1897658282059283,-0.5878361366808705
FBXW5,-1.4041579332882606,-0.6431289601127333,-1.3948564822309315
PAXX,-0.9427458800940585,-0.04821249602417414,-0.8519990917935517
ABCA2,-0.5939616292435944,-0.40854289331047866,-0.9732391248621113
NPDC1,-0.299418314748646,-0.1288376303510575,-0.12413868176099285
UAP1L1,-0.44781538567792367,-0.4689205744206469,-0.5784356247359206
MAN1B1-DT,-0.2571006552119002,-0.4423615027681329,0.04317203984332342
MAN1B1,-0.2893690667941513,-0.5998881528966962,-0.6886095245057468
DPP7,0.23260986988514176,0.21123511882663587,-0.6609845226476168
ANAPC2,-0.8137220078612337,-0.40875266057346943,-1.21227347417328
SSNA1,-0.648802821076174,-0.5476919665565739,-0.8127665385715765
TPRN,-0.8395186175364557,-0.18385087034531017,-0.21426998881976903
TMEM203,-0.7319626407784945,-0.49134660552337556,-0.5321854923822862
NDOR1,-0.08499418856521507,-0.21643814166255385,-0.45069789434027635
RNF208,-1.2492626861113258,-0.1906442801877581,-0.016774694143123284
TUBB4B,1.8588803185078255,1.1040610066322465,1.6004802209817086
NELFB,-0.9151443163622021,-0.573624737455134,-0.6246826376301015
EXD3,-0.667032998096861,-7.240156896768532e-05,-0.3449185424602313
NSMF,-0.41249603106113847,-0.3581390308835283,-1.1501689017417114
PNPLA7,-0.10525037088907038,-0.034659106035412904,0.21387620454166273
MRPL41,-0.29719474135677265,-0.9578696482370255,-0.6062749319722406
DPH7,-0.7229789453074247,-0.9872965236347006,-0.8179641949865584
ZMYND19,-1.4921342014846886,-0.8817180992770659,-0.7641753290146093
ARRDC1,-0.6684361073618491,0.13062157515729556,0.08590566161647928
ARRDC1-AS1,-0.5578863565874315,-1.0807225868548258,-0.2684336170343187
EHMT1,-0.6255585280966472,-0.39005271129542146,-0.6252475276310462
CACNA1B,2.0026969257401745,1.648312176719319,1.77490587197142
ENSG00000290588,0.1770025925945085,0.754112287938579,0.17489394124462973
ZMYND11,-1.0542792792596316,-0.2692217003137394,-0.4219422058282803
DIP2C,-0.13773597083332234,-0.1661042469204687,0.04655169303031315
LARP4B,-0.7829638828275733,-0.4517923962885178,-0.781454434167177
ENSG00000205740,0.20403406773564822,-0.07434234034887764,0.4593473413952687
GTPBP4,-0.3555816835611588,-0.19139789767050172,-0.8239201540337291
IDI1,0.6650133668532128,0.7860682551688215,0.6858524973903249
WDR37,0.050934517185019984,-0.24920039224101842,-0.23274429182139403
ADARB2,2.3225165960082848,3.0720553471246568,2.606361145907922
PFKP-DT,-1.3074110192180513,-0.6173801591969337,-0.6366798110492766
PFKP,-0.3430038840776,-0.271853201376949,-0.3107786480792037
PITRM1,-0.4424078148814488,-0.3879788904670427,-0.5306589124718357
PITRM1-AS1,-0.06566073682945726,-1.4533770666566852,0.14472166794207544
KLF6,0.6967320279375429,0.6984473333523623,1.403718384572265
AKR1E2,0.2952268773328975,0.02573427700691151,-0.5141953313950296
AKR1C1,1.7271862532140965,0.9430241020477615,0.7956181185816504
NET1,0.16790861497949905,0.2127804614092206,0.1819893688560654
ASB13,-0.9516595706617395,-0.18043466761890065,-0.13713982143319825
TASOR2,-0.3391665197972457,-0.3771542370909913,-0.37594498093795536
ENSG00000226647,-0.6836638148857263,-0.062180405231437474,-0.4249050798980214
GDI2,-0.7791935043143496,-0.420754073199685,-0.5136865353506579
ANKRD16,-0.1763140754872375,-0.060675054718469554,-0.10967878479567622
FBH1,-0.14862911988382163,-0.5755813835900768,-0.528089215994445
RBM17,-0.570938112274387,-0.6290246646654117,-0.6214603583825955
PFKFB3,0.44272221931311506,0.18759566574938444,0.13672040261229051
LINC02649,0.5319898832425771,0.5204370888226677,0.43206882706249417
PRKCQ,0.30179520064582016,0.7334295727483174,0.3282637435908456
PRKCQ-AS1,-0.5385128180230901,0.14398076185347722,-0.5387673674659581
SFMBT2,1.1788246441603896,1.172432813339146,1.0526705482526495
KIN,-0.049942249832579264,-0.6866621876213799,-0.24579563232621732
ATP5F1C,-0.32824632749171917,-0.637232994572372,-0.5499319199292749
TAF3,0.09040110303100228,0.16608943214739463,-0.2706128791637107
CELF2,0.15707196304078153,0.5003152352941207,0.2655998388850982
USP6NL,-0.1722965747341157,-0.2771891358045587,-1.282800962079218
PROSER2,0.16885821980067567,0.13623649307266558,-0.3394398846543502
UPF2,-0.990733249475042,-0.9259304889428465,-0.9132846198129343
DHTKD1,-0.05887989067752389,-0.4084403282533203,-0.21166842941676128
SEC61A2,-0.8261745324860357,-0.5658472034584143,-0.5942807628736411
NUDT5,-0.055232053429261144,-0.607703620051346,-1.0156369152740048
CDC123,-0.9071484512530539,-0.5470565921268823,-0.36192446788039945
CAMK1D,1.6347392853447502,0.689114998382717,0.7422166799417659
CCDC3,1.5168375492045634,2.040899555667366,1.4221851097504121
OPTN,0.03835388203554762,0.25169005580111653,0.3287154577450267
MCM10,2.13086189001228,2.0043005522525945,1.6938553748330456
PHYH,-0.2130080836272406,-0.22728068900089232,0.07282013473881926
SEPHS1,0.04840126424597097,-0.10453138290119308,-1.0585522030994277
BEND7,0.15072339591753797,-0.09937689851296487,0.0065767281160872704
PRPF18,-0.29815980886205645,-0.17508225317966358,-0.137354143399211
FRMD4A,1.1921096814503827,1.2549203489918348,0.5777268505238949
FAM107B,0.2402731256791312,0.8413041507355672,1.0721559742685933
CDNF,-0.7013566169103173,-0.3562553659003492,-0.3783846191639668
MSANTD7,-0.3934289582246037,-0.6294416469233931,-0.5995981626437866
HSPA14,-0.15571693030100775,0.055926297939159125,-0.2044632824555741
SUV39H2,-0.02025370487910646,-0.38394014764924117,0.1417326366770943
DCLRE1C,0.21697227982775041,-0.19082333988275835,-0.7297030281145496
RPP38,-0.2725630510809794,0.2296919266405162,-0.43385111511516783
NMT2,0.17817907653362042,-0.266870070912745,-0.11695295900454644
FAM171A1,0.16246478611755327,0.2304930476724926,0.12417209225492348
ITGA8,2.8543519522433947,3.0443481580732694,2.216128159467207
MINDY3,-0.3477176324867308,-0.16420547329967053,-0.6441957442054758
PTER,0.4498649349275147,0.13686564615607474,0.004615311238509844
RSU1,0.08597338891479832,0.321472382194834,0.004573785231233612
CUBN,0.9159412319993763,0.7233215771347191,0.7328842731461975
TRDMT1,-0.007633848436853417,0.04038767018837316,0.12434224356353588
VIM-AS1,-0.6031817932713571,-0.2441506424128122,-0.09385628568210078
VIM,0.2838763326551294,0.6505499133852837,1.0189099020704155
HACD1,-0.2030757103185934,-0.18984291703878847,-0.02101551906002541
STAM,0.31869865232244615,-0.7975444410025965,-0.6070482771089979
CACNB2,0.6371537301086487,0.8728691666276553,0.40804475727041734
ENSG00000235020,-0.23065474168308958,0.4695583328010535,-0.5490199214555923
ENSG00000240291,-0.1286317147820349,0.015006085980342514,-0.08736453342774902
NSUN6,0.808703818373189,0.6726869201777745,0.4511432901914034
ARL5B,-0.38644289661401393,-0.2805720092939055,-0.6679016414300597
MALRD1,1.3589841848766397,1.822325853818331,1.4736338641835403
PLXDC2,0.721424915145615,0.839508191279357,1.0651246165733
NEBL,-0.40901595506714905,-0.5129734465226489,-0.8667943324115637
MIR1915HG,-0.4575968565561297,-0.0166893387219602,-0.8004608871681107
SKIDA1,-0.3767731817465609,-0.05012711414668307,-0.2561124072101961
MLLT10,-0.2822485800241772,-0.1886148028511414,-0.4352044717324155
ENSG00000289528,-1.3352568617433853,-0.5544604546246711,-0.8614076964802564
DNAJC1,0.8327845071650799,0.3022185518340202,0.4216790708239771
COMMD3,-0.6938504640953376,-0.7257234712870506,-0.38724667504427757
BMI1,-0.3047780298630869,-0.3896884640627966,-0.5899771240222514
PIP4K2A,1.0951159683656115,0.4649600853941927,0.29702606781985
MSRB2,-0.6539457516111752,-0.6900002435783712,-0.3064514667751687
OTUD1,-0.43971526168894215,-0.3180277027132021,-0.435925236516674
KIAA1217,0.8175285006431068,0.8899446274786698,0.7594074296489915
ARHGAP21,-0.16024183052003588,-0.6075269889244764,-0.2212843730648935
PRTFDC1,0.7371893834864308,0.8205609584604298,0.26203069116030164
THNSL1,-0.23341135518207423,-0.4050002530851664,-0.36790645757437795
GPR158,2.5074831527714565,3.018965378491057,2.106755991453813
MYO3A,2.2552763581537683,1.748092414647715,0.8500275405477994
PDSS1,0.25990634898354154,-0.07877045593877346,0.018178798892051862
ABI1,-0.4367730116830586,-0.41472005977136916,-0.5384932543638216
ANKRD26,-0.26476654506452496,-0.3597131361963868,-0.35805746743547573
YME1L1,-0.7773304799912389,-0.9172597579471002,-1.0537697674530655
MASTL,1.2339661809680287,1.3816668387822233,1.1111520022530996
ACBD5,-0.4516454060114406,-0.5445577814165682,-0.18152433478448066
RAB18,-0.7487646489842987,-1.2742850765826503,-1.1616390194310355
LINC02680,0.42381848922367027,0.4011293875542599,-0.2583689279137857
ODAD2,0.4716941605526266,0.5252930025722762,1.0132818116157232
MPP7,0.1279446548249936,0.04305752441321784,-0.17790354809606873
WAC-AS1,-0.025271287279341692,-0.1273606872695972,0.27699250696025146
WAC,-0.21118688345661593,-0.24305366844511062,-0.2680204068501766
BAMBI,1.0831197536069936,0.8004271692356612,0.8586452188010831
SVIL-AS1,-0.1804292212253067,-0.32040415736389605,-0.3045202665910232
SVIL,-0.3821507585968647,-0.021498914374040737,-0.12124194314650613
JCAD,1.6632378718387457,1.1118904920247417,0.9186913383195296
MTPAP,-0.4651190056491962,-0.7986072411395497,-0.2607784206583012
MAP3K8,0.2854376793164448,0.3758795340279342,0.6105283178760033
ZNF438,0.7332435869820061,0.5287248073391204,0.8063222944600702
ZEB1-AS1,1.610907001113734,1.2668015638497394,0.9686214581186654
ZEB1,0.3080387681559032,0.2237445156790763,0.39215441485163893
ARHGAP12,-0.3907161595945645,-0.3385772693947935,-0.23104437035755862
KIF5B,-0.4450949794117776,-0.8651541434614778,-0.31703666748961007
EPC1,-0.26186929883991894,-0.43604633663113296,-0.38813484081504873
CCDC7,0.9117790742776997,1.1045999346716435,1.0990640774232894
ITGB1,-0.5676749055076441,-0.6534791335768871,-0.6447046740749549
ITGB1-DT,0.30936249900104335,0.1642327502139195,0.38318321427394153
NRP1,0.8432979726430806,1.11557929713676,0.9762230554399346
PARD3,-0.4397178535204596,-0.18106950657711707,-0.18918784439451033
CUL2,-0.5432881255185293,-0.3311034487716213,-0.4404256443527786
CREM,-0.1305563594552233,0.03447488013310355,-0.2371769615575694
CCNY,-0.12858076549760253,-0.11631331408904444,-0.07469553028422385
CCNY-AS1,0.03717059621816438,-0.6803979460684707,-0.22167956627620813
FZD8,-0.23461346737889602,0.16866988247406667,0.022675704584095492
ZNF248,0.08030141586558417,0.09811600633699417,0.06710070056953299
ZNF25,0.13046054499340096,0.22972237822954616,-0.4390406158501356
ZNF33A,-0.7532850659000445,-0.4391155041026166,-0.7540385368339741
ZNF37A,0.18119022303298496,0.19306887017748756,0.1185402496403541
ZNF33B,-0.06270364476856116,-0.1876087004861518,-0.05424693634155629
BMS1,-0.3562209851500384,-0.45619471736707595,-0.04144970976060944
CSGALNACT2,0.32054799677796086,0.25242145418809875,-0.12500346391587774
HNRNPF,-0.23560862061195917,-0.5534247919543027,-0.20818462239088475
ZNF487,-0.8542753251818951,-0.8598797262009974,-0.22709176641190262
ZNF239,-0.33491389791241494,-0.646178399437705,-0.25769077877767893
ZNF485,-0.19053155100701963,-0.5438240725644086,-0.3167892074452681
ZNF32,-0.37177968917389137,-0.16009572898218144,-0.670486167258492
CXCL12,1.273484013742653,2.0591895539471743,1.324508550469158
TMEM72-AS1,0.564426624879399,0.2988192277386971,0.6465174433241003
RASSF4,-0.40679983094606337,-0.519257997623452,-0.42821383543427766
DEPP1,-0.3211523618792889,-0.6529079022940252,0.10016571095498256
ZNF22,0.4123723196811789,-0.09176247349548919,0.27364944972172006
MARCHF8,-0.09032905826954261,-0.1251310590141799,-0.20064682998990693
ZFAND4,0.0680061967119166,-0.35040624579064433,-0.3914634780038568
WASHC2C,-0.347246573520767,-0.10996532353967232,-0.20792216864806784
AGAP4,-0.6411048619470066,-0.7635227558130104,-0.9291371609106277
ENSG00000290921,-0.1045556484880414,-0.4555577801167913,-0.22573369907840396
TIMM23,-1.0966724959446665,-0.5274671835993985,-0.25967615014954865
NCOA4,-0.23177421464480824,-0.21804404897518387,0.1179660389546129
LINC00842,-0.10048002541592639,-0.9664045906673735,0.9295143931393675
GLUD1P2,-0.2608625395827282,-0.08428221002829879,-0.5331134422715246
BMS1P1,-0.05195489984268064,-0.8890059072003247,-0.2217277953589232
AGAP9,-0.30829194316984143,-0.24891723298304314,-0.200209678892211
ENSG00000290453,-0.7897661834879166,-0.4667211300970245,-0.800786389919697
FRMPD2,1.141784734934486,0.4430727303459036,1.6427894527884348
MAPK8,0.2986238436661281,0.26569898573450607,0.09906858698703046
ARHGAP22,0.7485211174629249,0.17714064815570288,0.6161294136252771
VSTM4,-0.8615725351147603,0.8138955018071884,1.6507248972162323
C10orf71,0.3027008415289884,0.6723691279478139,0.4222863901989485
ERCC6,-0.06528009012712133,-0.48042834009078567,-0.4819321674444943
OGDHL,0.09526222999532043,-0.3680145128157513,-0.41911612350979865
PARG,-0.35297850716525764,-0.7714201261060651,-0.6045984095126116
TIMM23B,-0.04714934156182342,-0.5613913787315532,-0.9989509901076907
AGAP6,-0.6749831300111175,-0.16076047601866958,-0.013838459720268802
WASHC2A,-1.208157776077055,-0.17500736552377205,-0.22198289272180466
SGMS1,0.6584295618204834,0.812936314682929,0.5890176609374436
SGMS1-AS1,-0.4965055031583495,-0.29455864357273503,-0.28265502828318384
ASAH2B,-0.6274459817911832,-0.1454520575105356,-0.604233254410577
PRKG1,1.380043959664441,1.2773472294248371,1.2861393893164248
CSTF2T,-0.39148330840746226,-0.25464126824632066,-0.27172044854325955
PRKG1-AS1,0.6229586533727414,1.4335182604609749,0.592047660529701
DKK1,2.22339305864881,2.2103721150882336,1.1011793151700502
PCDH15,2.1621425633240534,2.7197440728472735,2.1591931601297816
ZWINT,1.338691316535325,1.4808863011999556,1.4688282613911667
IPMK,-0.013316232940386686,-0.043961990947014626,0.4362300866422472
CISD1,-0.31075478913715315,-0.2324244870341126,-0.618933638472612
UBE2D1,-0.578000167258228,-0.7242842976396311,-0.5384845057327253
TFAM,-0.30019356870287345,-0.46298023865415416,-0.19487178179723225
BICC1,1.22297847273229,1.1629167988188271,0.9587901198518801
FAM13C,0.7827837171134391,1.2588692721505623,0.9275389857848388
SLC16A9,0.649336315507206,1.2219206669231006,0.7356692366748093
CCDC6,-0.3293871529184748,0.14981232360966248,0.0600448541197523
ANK3,1.37645926529766,1.079091941398433,1.3579559278068771
CDK1,2.9833974787169026,2.749867525164607,2.844466253089017
RHOBTB1,0.43303011000752895,0.7829894043128399,0.5161032409129404
ARID5B,1.7906570384208216,1.9003512684952781,1.4666805227680264
RTKN2,2.0342147372886252,1.9282025786382562,2.0331506089251015
ADO,-0.1863043849526526,-0.558163540804486,-1.3402669403883856
NRBF2,-0.5213529879238267,-0.35109607403387605,-0.26620621186447835
JMJD1C,-0.30480768259489466,0.13137253086241074,-0.5384325790220111
JMJD1C-AS1,-0.14529055936069574,-0.1712036181067411,-0.3668077560433894
REEP3,0.02797478380234248,-0.2707435889259386,-0.05517688835804791
ENSG00000228566,1.5330150842524333,2.672465979968507,1.5569597101079076
LINC01515,2.1702663970780627,1.5498549998799476,0.943674247493817
CTNNA3,-0.05854634467453043,0.01703837822704922,0.33899215788239795
LRRTM3,0.4501882521684663,1.0720974614687862,2.1872512876312484
SIRT1,-0.5008874290254361,-0.9537919251459428,-0.31591570097112864
HERC4,-0.2737740003257514,-0.22663930519100722,-0.03552184981177572
MYPN,0.7106638806080808,1.0815379174050186,0.26852075792928437
PBLD,-0.07290540928099534,0.03432355539665013,-0.2537420022527997
HNRNPH3,-0.2279548302442968,-0.04398114059859283,-0.4116624967119158
RUFY2,-0.34236098473184734,-0.7331018081751388,-0.21860892109485872
DNA2,1.2611442332978733,0.8753575870515071,0.7091044151404091
SLC25A16,-1.145431750153211,-0.2921689885670595,0.02008798942281222
TET1,0.2686439425126573,-0.17001992308650318,-0.12405574123684464
ENSG00000260400,-0.11068456304433738,-0.7359567499638224,-0.14058319601813812
CCAR1,-0.7614032162825737,-0.5904814106776186,-0.5636278984673987
STOX1,0.3919692585380829,-0.06005178499253814,0.518956559400312
DDX50,-0.49744727855043186,-0.4365457864300275,-0.41069444062514293
DDX21,-0.2580341458307736,-0.31124708419381625,-0.18587937007030317
KIFBP,-0.6485718955869118,-0.19628436911984432,-0.3149499698407823
VPS26A,-0.9382018074782721,-1.0076443702541589,-0.510136268636348
SUPV3L1,-0.7044276993252403,-0.6898048031583598,-0.42727158980289565
HK1,-0.34604839547591476,-0.2723091867301796,-0.01549654564491827
TSPAN15,0.4943269753536725,1.0773283611663373,0.5677165071906032
ENSG00000287306,0.07663564495588565,1.411304379946806,0.6735765215568996
FAM241B,-0.8482316724806331,-1.0981964942037905,-0.1986172817014236
COL13A1,0.3768053909037939,0.39686351032696626,0.9113136270175736
MACROH2A2,-0.3586277262144542,-0.5159546168636808,-0.3524027778340865
AIFM2,-0.3838636833657247,-1.0287537105712623,-0.20508949462038822
TYSND1,-0.4068244633793299,-0.39589158240224626,-0.3307982333289204
SAR1A,-1.122909649133753,-1.157598635254626,-0.6197126769334957
PPA1,-0.23168342217433133,-0.20874042315050903,-0.029205977855365713
LRRC20,0.13056378150209005,0.04211508891844678,-0.41429986753488635
EIF4EBP2,-0.7111934564183642,-0.5245554433203133,-0.5977201636973497
PALD1,0.3609739970251091,-0.7984835103663634,-0.002970007333079446
SGPL1,-0.35483603033402383,-0.7623857778525007,-0.6503150635659943
PCBD1,-0.4792027274698469,-0.38489225249524134,-0.340168246999987
UNC5B,-0.25064845251596424,-0.18608095752841078,-0.13946967903073926
UNC5B-AS1,1.1203528175987962,2.2845852396307897,1.5226474490094368
SLC29A3,-0.6372278783779385,-0.10389802906654565,-0.3942945316527258
PSAP,-0.4972304550954369,-0.4804357416543929,-0.43620191778211037
CHST3,0.01886239617934028,-0.3793473491780936,-0.20424456923528567
ASCC1,-0.4607426006170883,-0.1591904780160399,-0.2521807585883629
ANAPC16,-0.8440206010150426,-0.5516586699935998,-1.1930944802498686
DDIT4,1.575319920377158,1.3514943164671962,1.815762305287322
DNAJB12,-0.6810012833087278,-1.2360453887448344,-0.8451716043954178
MICU1,-0.3363064261302142,-0.35334300662631796,0.12425386605277558
MCU,0.4880930053346368,0.4096677567724249,0.47276705561516147
P4HA1,1.0098111697880157,0.7870397727058601,0.8189853777038181
NUDT13,-0.9224203049332722,-0.19111580712958093,-0.9059636106453048
ECD,-0.5041287758434586,-0.2649345325468922,-0.1451977965755233
FAM149B1,0.08805194819433375,0.04602430816292376,0.039565420146136086
DNAJC9,1.0333453619174442,0.8455927421670494,0.5783588419300649
MRPS16,-0.23587293191065933,-0.7682941626052973,-0.34034343434285574
CFAP70,0.6794474696394914,0.5015080305255495,0.4124513987184742
ANXA7,-0.49153019447033935,-0.3503787253352506,-0.7447653736406146
MSS51,-0.6306036053299059,-0.20815316694433508,-0.06438788608098636
PPP3CB,-0.5667144850836934,-0.7646389963027609,-0.2974300395595648
USP54,0.04865419326109681,0.34200718928234514,-0.21289709152373257
ENSG00000268584,0.4295637361247593,-0.8082799567472954,-0.670775591828196
MYOZ1,0.488234745128402,0.018635149634764824,0.0331900747185649
SYNPO2L,1.3615255025810988,1.3414195811462974,1.0632927042771598
AGAP5,-0.3825158260850045,-0.46554726095051885,-0.29269858077540073
ENSG00000272140,0.0795111763296425,-1.0328224428360429,-0.4602315435640741
ENSG00000290737,-0.26321629980519035,-0.5317190139311984,0.024075972035042536
GLUD1P3,-0.3220827292155271,-0.3317353519959738,-0.495234264445454
SEC24C,-0.43823786814002114,-0.5981666670034826,-0.2537391929669112
FUT11,0.6782888594283314,-0.5631389372227922,0.17519041959061346
CHCHD1,-0.5544853325637007,-0.5505891840886328,-0.45759934184878753
ZSWIM8,-0.3087769488055727,-0.4622571345649824,-0.3370286286718737
NDST2,-0.8502475825439966,-0.514161727391958,-0.834414808854941
CAMK2G,0.0691910214230128,0.20437655191042828,-0.1904878194093413
VCL,-0.21395519534320337,0.16468428077291355,0.1406465983816077
AP3M1,-0.6963998542037295,-0.2800514444363386,-0.39805532193825494
ADK,0.16757919641439747,-0.11374042946642154,0.2789125617980801
KAT6B,-0.016145524554989545,0.05843749628290237,0.016812106415180397
SAMD8,0.11727099750192593,-0.39786497655786235,0.018874982174580165
VDAC2,-0.43953815543613584,-0.7639732959545071,-0.6689566299675107
COMTD1,-0.09531133079472912,-0.5007304355130877,0.5727211014653015
ZNF503,1.0288850784564545,1.0123823861746573,0.4990649643841429
ZNF503-AS2,-0.1444826991475559,-0.23221246603338486,-0.12551382596319988
LRMDA,1.812782006221056,1.161224398715266,1.3450935048446802
KCNMA1,0.8320926145033063,2.227848213241632,2.2477376129084803
DLG5,-0.22653306021310726,-0.26999349383282484,-0.19258143026845428
POLR3A,-0.484643353913178,-0.7017254574223522,-0.14868445736910024
RPS24,-0.22512727926468296,-0.30140681152837345,-0.23796861923986334
ZMIZ1,-0.5998547281918505,-0.3759742849942392,-0.26176831356200475
PPIF,0.19572463686472474,-0.07114718012876863,-0.0610316406006071
ZCCHC24,-0.10695237536414122,-0.44292187120943183,-0.9548670581819962
NUTM2B-AS1,-0.3269904784180184,-0.3741392999542903,-0.04997054073274398
ENSG00000272447,-1.2052869345924044,-0.47231129498111807,-0.980096337932725
NUTM2E,-0.4867449490794442,-0.1625604395663878,-0.3052396892077062
ENSG00000283913,-0.12120242620720491,-0.12829093916444032,0.2402796596568742
TMEM254,-0.6731403133497339,-0.09209263437768553,-0.133180375304466
ANXA11,-0.5637829503767051,-0.49433289518484713,-0.44633328413027223
PRXL2A,-0.24779021811135843,-0.6844916049798152,-0.6523863070083246
TSPAN14,-0.2416151675666143,-0.8390617298184289,-0.3245508491438969
NRG3,2.770249994022585,2.485542554950399,2.4287887480845463
GHITM,-0.8385224878115167,-0.6213803235799489,-0.3636536665022376
CCSER2,-0.24858365660034562,-0.1665071159400782,-0.2812266678495803
GRID1,1.5555585454378793,2.3352667182006,1.5561073358665354
WAPL,-0.29952701667786746,-0.6081640684117852,-0.6842836406482213
LDB3,-0.15850578848241526,0.3078406341965448,0.07968097683312432
BMPR1A,0.021629016332809586,-0.1894851300627422,0.0319275264051128
GLUD1,-0.12472824431428366,-0.5705354985353956,-0.3680946905652646
SHLD2,0.2799542449945917,-0.06979091959712495,-0.19968801432401764
NUTM2A-AS1,-0.1762424568805514,-0.6924137022283148,-0.9503656232709474
LINC00863,-0.6116366686392389,0.2786852733228997,-0.14963863908276306
MINPP1,-0.48330194845245356,-0.8558877070059729,-0.33588413484774193
PAPSS2,0.6647368387209305,0.593107159043555,0.2167731227694176
ATAD1,-0.6454481257384366,-0.9512353065135671,-0.7495031490974604
CFL1P1,0.1088466886363122,-0.3640275873354355,0.006371741568482667
PTEN,0.6137524904797047,0.4359522276887588,0.19488441940259094
RNLS,1.8113074353912566,1.9037631933397563,1.5371152970053572
STAMBPL1,0.2720631365537862,0.9594919099257311,0.18345016344627751
ACTA2,1.5754371121414774,2.06373805869036,1.8818805275442028
FAS,0.9765052289783931,-0.1789172292184525,-0.40765395581015434
LIPA,0.5056720775575663,0.9762941242969099,0.6585908925462185
IFIT1,0.501521922517572,-0.03550993898507926,0.497078824908634
IFIT5,-0.7904798019268355,0.04368985329688962,-0.007946667047054544
SLC16A12,1.0778872198262661,0.9006735995285807,0.5207215892106092
PANK1,0.2812752899906137,0.3874476280158951,-0.3612798539355993
ENSG00000235100,0.4143167518949937,0.8727454509179147,0.12754956522048735
KIF20B,2.341607154392154,2.1692090447523142,2.2654333665487556
RPP30,-0.021781572250219487,-0.25479095744859853,-0.3620717971319287
ANKRD1,2.5713387555363525,2.4032563893113412,3.7808324331853242
PCGF5,0.6365040373293027,0.5852548025926971,0.8410146258406533
ENSG00000289228,0.8792627323609318,1.8303447945838869,1.7075039449288312
HECTD2,1.0096777194037756,0.43882635571138096,0.6054789013050588
PPP1R3C,0.6938627488791305,0.9290121020194809,0.5182049650019493
TNKS2,-0.41513984606920923,-0.6650181862334178,-0.6846808399653952
FGFBP3,-0.683369201357589,0.03224993765806158,-0.6863387591410337
BTAF1,-0.32494067261645304,-0.7826139603651576,-0.6605391836841327
CPEB3,0.6966206605380272,0.5014621205379974,0.26260493646670824
MARCHF5,-0.38774426443763593,-0.43697762092672937,-0.7438439122586189
IDE,-0.20850150004527987,-0.04696754328308112,-0.3690126517451802
KIF11,2.495943646209941,2.5180765316064324,2.2996368581883466
EXOC6,-0.09231429443253698,-0.06906633358375203,0.015048071651868578
MYOF,2.1449338972388716,1.7731262202765379,1.2734751042330466
CEP55,2.629817584971221,2.4610942161551,2.2852603192329575
RBP4,-0.38491667927535295,1.345393129024167,-0.566691728719487
FRA10AC1,-0.28520383866164073,-0.21995049810188055,-0.0033084687002898306
SLC35G1,0.39440959301168377,0.3095818554558818,0.14313413205499265
PLCE1,1.1225587470357112,0.8559936869150703,1.0722116723718784
NOC3L,0.046517069754283734,-0.11120530038405362,-0.24253019012184396
TBC1D12,0.34441542278831255,0.5583936260341282,0.0198384996865251
HELLS,1.5019833252207953,1.4805214684756898,1.7271169218893014
ENSG00000288526,0.21495591474186065,-0.33920257929133507,-0.28707066507048756
PDLIM1,1.0179094028261204,1.1182389890183622,1.0556655916940585
SORBS1,1.0441264204237726,1.1699020041433243,1.3480932364831943
ALDH18A1,0.04224839877328175,-0.31380925220676653,0.1404085289813786
TCTN3,-0.16761738751861438,-0.024261473323878804,-0.5037522967304292
ENTPD1-AS1,0.21192761771210303,0.41710517165584454,1.257718265001003
CCNJ,0.027854929556191718,-0.12357545128289618,-0.07390737688569256
ZNF518A,-0.03744997579591924,-0.08167928130310649,0.18417954166682188
TM9SF3,-1.018171616663924,-0.4184141109555455,-0.4578908164791606
LCOR,-0.28222853795871566,-0.40949043030667914,-0.20596264892552438
SLIT1,1.184868385799195,1.1451422093688386,0.6811765785782278
ARHGAP19,0.09657820013923417,0.32365944574528177,0.49765718235730816
FRAT1,-1.130689068626765,-0.6954817757567078,-0.8623660993287317
FRAT2,-0.30700896576088965,-0.5782984240260518,-0.16887439272965563
RRP12,-0.30490650102620626,-0.44849911323426983,-0.2798235806602669
PGAM1,-0.2414677101676475,-0.356735285814814,-0.3293115331745824
EXOSC1,-0.7157168690120805,-1.0132890796572909,-1.0338316327411796
ZDHHC16,-1.6311447524127978,-0.15195736298739965,-0.4424012347575435
MMS19,-0.7225984934940612,-0.5170587862626911,-0.12964453722382535
UBTD1,-0.37299629809671225,-0.021371449215912754,-0.6274464740598233
MORN4,-0.5000047063476529,-0.25081355130606653,-0.5080436423938082
PI4K2A,-0.41311985754181885,-0.8516485672961132,-0.52210997746948
AVPI1,-0.9976026557629041,-0.34777781126495805,-1.1302858943952145
MARVELD1,-0.30451867039248276,-0.23100585034708485,0.09155324077775977
ZFYVE27,-0.6187142757186415,-1.0209672400306786,-0.7000676465004219
SFRP5,1.5185839582135827,2.1833319317925337,1.3620071917394867
R3HCC1L,-0.1677082871729176,0.14712455086449686,0.1416250250511518
PYROXD2,-0.01888333937585424,-0.39906955150448564,-0.9022226827126225
HPS1,-0.02749171457884008,-0.19188035588397057,0.14755508277402646
HPSE2,3.745395854795966,3.037054826554101,2.9685910048714916
CNNM1,0.4500686133334532,-0.13501808845281363,0.5089202291804327
GOT1,-0.017956050998947152,-0.3212745095706992,0.03549985071361662
GOT1-DT,-0.7853676685829143,-0.21959022701477338,-0.6471158540183205
SLC25A28,-0.6345978080551157,-0.48674346573626787,-0.3141563564180565
ENTPD7,0.13940085709805317,0.15409050671512153,0.14449232076971077
CUTC,-0.8421163845212867,-0.6768156466136972,-0.318295978027038
COX15,-0.6441238078146122,-0.41873510591893753,-1.167136323679813
DNMBP,0.06597757418018803,0.001595103210824781,0.0719053359598334
ERLIN1,-0.3062794895680767,0.018148711145084224,-0.5049596724541239
CHUK,-0.005149779593239144,-0.37320932348007935,-0.4727261882449198
CWF19L1,-1.6868691074143278,0.03591060179745759,-0.3007863354714964
BLOC1S2,-0.28697057733110404,-0.114457367771518,-0.5700096097746048
SCD,0.06943608201508406,0.3524635229514139,0.0033889665224045348
OLMALINC,0.43191202103717075,0.09032584771088627,0.3018032194285567
SEC31B,-0.469197432477376,0.30074884981468136,0.351268359537304
NDUFB8,-0.6803208001927173,-0.6281160682182438,-0.6892356583419145
HIF1AN,-1.1148549588586292,-0.5977559710155234,-0.6390848820361371
SLF2,0.16583982581064663,-0.07689124199483643,-0.0014913087500119384
MRPL43,-1.1151321370321092,-0.7275649989590923,-1.165835559620369
SEMA4G,-0.635754435665298,-1.2098310255796818,-0.2726333254733965
TWNK,-0.6534766735587497,-0.6116182925789708,-0.5012224836109951
LZTS2,-0.6678875891807757,-1.0462477016634892,-0.25183991316463056
BTRC,-0.3279813513960548,-0.11011142873123343,-0.2098721770129082
DPCD,-0.8555624089564837,-0.6654513510819022,-0.5904324681667639
POLL,-0.37915977986958177,-0.09270792855581796,-0.8544826903780809
FBXW4,-0.10861908226745604,0.184573187515852,0.08229807763293807
FGF8,0.6379239729667923,1.061986053381645,-0.18856352663463133
NPM3,0.015497195078630408,0.134079608655469,-0.41324002394322795
OGA,-0.45124696680785453,-0.6346380383645105,-0.08099025866491878
KCNIP2,1.5172012312468226,1.4301890815377867,1.6708650696561627
ARMH3,0.19506940026660405,-0.1558925192762395,-0.36069028095349515
HPS6,-0.45675315315725845,-0.45838708535836764,-0.7282205624430631
LDB1,-0.7699913924327184,-0.7344866258742719,-0.2164961602708075
PPRC1,-0.1828160354662032,-0.4011275364442071,-0.1791004627438397
NOLC1,0.002920383001452387,-0.3126563191331329,-0.13924681524568425
GBF1,-0.3952989221753747,0.015566553343457872,0.3858327564307978
NFKB2,-0.8039994954172763,-0.4240400454749959,-0.5475174462803878
PSD,0.5896286301088267,-0.1475421443603367,0.014423103863890655
FBXL15,-0.6350894306698152,-0.4002913961591866,-0.8123009790023091
CUEDC2,-0.6839572568820919,-0.6480136889106837,-0.6904144681016683
C10orf95-AS1,-0.06484550756681529,0.5012331090789282,-0.16706443665725962
ACTR1A,-0.4198112842195806,-0.6295430338746115,-0.3047776716257395
SUFU,0.26136805536578217,0.18403293198091217,-0.4153892017809681
TRIM8,-0.4935520611976329,-0.31755132796175894,-0.47930798292052046
ARL3,-0.4105078205337697,-0.5783132203115003,-0.6413343854254806
SFXN2,-0.2560648138674147,0.019742511845994036,-0.1789215756117528
WBP1L,-0.2461275052686424,-0.8228303308835727,-0.7042041289925542
BORCS7,-0.7138448523848666,-0.45381007525666567,-0.2597399262722498
AS3MT,-0.47546224574402635,-0.28399003774385884,-0.47135143988518285
CNNM2,1.4973913474578566,0.583523925799728,0.5025886520559659
NT5C2,0.2532938372429355,0.16325739033913667,-0.15550758238283893
PCGF6,-0.297438598371226,0.09602211482684095,-0.35770218593896885
TAF5,0.24184035013452385,-0.039604038915602095,-0.5729756080050948
ATP5MK,-0.2797806900149559,-0.08782949213699706,-0.40852111795599205
PDCD11,-0.37854942528104374,-0.49114868252532423,-0.5251107523109829
SH3PXD2A,0.3892613635429783,0.5475063423199416,0.2081080189390078
STN1,-0.09442368612837981,0.10980135406890672,-0.0472736995779108
SLK,-0.6187936641983782,-0.28007410697304636,-0.33000357000060637
SFR1,0.14992982180217848,-0.25743067936606323,-0.33804488357718304
CFAP43,0.7064702784663801,0.021883357856023012,0.9774745244056398
GSTO1,-0.08853305359008701,0.7904560659446815,-0.3452019925504466
GSTO2,-0.34324227576334465,0.5835148171635396,0.4273779896092372
ITPRIP,-0.14603746493471798,0.10453825177397742,0.3063833664581744
CFAP58,1.1322968945878387,1.1674222730439006,1.1041580507238535
SORCS3,1.5365615132525576,1.3845388859325531,1.317192616176687
SORCS1,1.5096906404848998,1.5046945752731595,1.6686583704413316
XPNPEP1,-0.743436305352791,-0.8528897603916512,-0.622268073310881
ADD3-AS1,0.7343707024283574,1.0075269274132737,1.0723417856220934
ADD3,0.03534061752814915,0.19547224592394846,0.16917394716287507
MXI1,0.24044016340129915,0.0007411075050888425,0.4069972165882731
SMNDC1,-0.3822371230477763,-0.5609074651491355,-0.4738279435993497
DUSP5-DT,0.8837091957787847,-0.0348825132947823,-1.1425740592527198
DUSP5,0.037796846934874465,0.2939935383353891,0.36658089262974863
SMC3,0.09802455515249156,-0.24915176573270514,-0.17711159386004385
RBM20,0.5955590869980227,0.787270287515625,0.7319287797178227
PDCD4-AS1,-0.6693168785772592,-0.9268360090762792,-0.5379351628029952
PDCD4,0.8805144689036553,0.2741086468542911,0.448581447725612
BBIP1,-0.34218457684931286,-0.4483073035908233,-0.07085791188518088
SHOC2,-0.4111020980963999,-0.13747497838455658,-0.707436314759871
ENSG00000287231,1.5849106113966833,1.3444908073157578,1.4475704196042898
GPAM,0.030951984866856557,0.4350177221299383,-0.33877560076210494
ZDHHC6,-0.8494305507192054,-0.7727733699457673,-0.5887684269916883
VTI1A,0.2902092808751356,0.2962721143719378,0.1319279608395085
TCF7L2,0.5424914011712474,0.08196608692852088,0.3696967207364566
CASP7,0.3399661578410508,0.07852155979322355,0.2498433906491897
DCLRE1A,-0.17394373690994774,-0.19455676448489712,-0.1860756754468937
NHLRC2,-0.20613914520104262,-0.32019093698719553,-0.5881603707404999
CCDC186,-0.11148924290150579,-0.40254701614063754,0.05594479652798867
AFAP1L2,1.4799634807727955,1.0456781820800032,1.864880053772584
ABLIM1,0.1991801686016999,0.6031110831181579,0.6244017198523809
FHIP2A,-0.3567729442621755,-0.05613138306673807,0.0687141331275108
TRUB1,-0.2614847377321148,-0.2985433255160323,-0.2864446726850787
ATRNL1,1.5186998285245252,1.6240748532434495,1.604959664542104
GFRA1,1.679043306091451,1.9646874650548192,1.6160624538176585
C10orf82,-0.02413361036460775,-0.27419007452320804,0.06578840108426226
HSPA12A,0.2584505612937918,0.6137296620971355,0.3715950774013095
ENO4,-0.12522282362970216,0.5200324184272134,0.5194219437946969
SHTN1,0.16550455143172016,0.24016145087711394,0.05366423947934954
PDZD8,0.19911294571887336,-0.18117703315202857,-0.22723614384692686
RAB11FIP2,-0.6713592654926258,-0.3282231828094666,-0.2795682918012332
CASC2,1.3344263768560438,1.3540744305021342,1.7263592378750339
FAM204A,-0.9891828784389213,-0.4321421213181438,-0.7988669716818819
CACUL1,-0.31655073578969345,-0.4541766893018852,-0.6738238603426153
LINC03036,-0.5719437702620133,-0.2181312521198216,0.36149278527504686
EIF3A,-0.4833480876011756,-0.5195337666339874,-0.36547881362682233
DENND10,-0.307399657968432,-0.18526161287656612,-0.44434323809823084
SFXN4,-0.5228527315356607,-0.49940611443718913,-0.41344018059772475
PRDX3,-0.5369829351316326,-0.2946598236782733,-0.5347434835764632
GRK5,1.2107055909948023,1.7214664406506301,1.8740250196780188
TIAL1,-0.7738848456289595,-0.9113125952200605,-0.8000470565261679
BAG3,0.058781364337441744,-0.4005549680706224,-0.012892790839636308
INPP5F,0.16548493365599623,0.16892486893798161,0.23765777027253776
MCMBP,-0.5244711816765886,-0.43250750371047536,-0.3357309236638955
SEC23IP,-0.4094560308642414,-0.44503567681851314,-0.672269567971405
WDR11-DT,0.8819072361327471,0.6355996633113143,1.1922787168448465
WDR11,-0.8414824519525652,-0.3936539868926552,-0.660971966804734
FGFR2,1.5873538301812076,0.7557903823761478,1.1842330203223845
ATE1,-0.43328824083681283,0.011053673113263425,0.1388478147087398
NSMCE4A,-0.022375096183658613,-0.4051265688854642,-0.29845462241032195
TACC2,0.1198795488547298,0.33680284920973597,0.019984216038643796
PLEKHA1,-0.5923082541054435,-0.051617181847181184,-0.6322954933162813
HTRA1,0.151914958084383,0.28378616786044114,0.25919499179589783
C10orf88,-0.05563975965350209,-0.40329705448014513,0.09506329723242854
PSTK,-0.4707784094841685,-0.05221929373907134,-0.30083979893508334
IKZF5,-0.8030997674467352,-0.3262034933432538,-0.08444724912767755
ACADSB,0.501512890136933,-0.057177278770492244,0.38001366275118903
BUB3,0.8259614231913589,0.4027471873683943,0.22636022956119817
LINC02641,1.0125888138278185,1.1792096286012672,0.6724534484069693
OAT,0.7301936414581361,-0.2866866575610807,-0.3181549188737271
LHPP,-0.4046968977005961,-0.2795847756572023,-0.2856809198187023
FAM53B,-0.38851727318069607,0.1035951024730792,-0.10156106199874414
EEF1AKMT2,0.06739152798356336,-0.5964767198228316,-0.968705614180994
ABRAXAS2,-0.23946866536526557,-0.32356127598957946,-1.0323944005242005
ENSG00000249456,-0.2702738487541332,-0.15069867110313595,-0.3526477643900669
ZRANB1,-0.6485921671803823,-0.9058927466654403,-0.6978317898831214
CTBP2,0.1432018500649476,0.21148649312893048,-0.14182721113165897
EDRF1,-0.5319859670929398,-0.24827926539379783,-0.021644781770646642
UROS,-0.6698476384172167,-0.37027259690449194,-0.5651095891249049
BCCIP,-0.9197503083258276,-0.5023136729961734,-0.7465645780176544
DHX32,-0.2735938506746756,-0.10579707688959776,-0.3790037880110048
FANK1,0.8609334621767317,0.5896982795957193,0.4661400551510723
ADAM12,3.230618680266158,0.9584645658056951,3.1456643884414177
DOCK1,0.018766281540003194,-0.4646491088130631,0.013876017319670801
INSYN2A,-0.13258810156279208,-0.6355647000514183,-0.10758972742447523
PTPRE,1.0967362877260314,1.1036749921909177,0.41462069747218416
MKI67,3.332791965429582,3.4017394768945195,3.3909344326429434
MGMT,0.8899982768311681,0.26329197470654014,0.27349987016451044
LINC02666,0.5807101153471592,0.2691386094875981,0.18275646607258975
C10orf143,-0.49818033599118294,0.1925513779616282,-0.3140907811440421
GLRX3,-0.9531356396125616,-0.7552969042495796,-0.4602032005050739
LINC02646,1.0171718213892902,0.9605161983075838,0.09930626771317465
TCERG1L,0.9543332220406775,1.1086548810275794,0.5504405350448778
PPP2R2D,-0.5605861220198811,-0.8136977552439326,-0.6275668078616548
BNIP3,0.962015539790709,0.9937161127804863,1.0653048077867542
DPYSL4,-0.3000948592394756,-1.304453141231189,-0.3679918389216255
STK32C,-0.4308269163936131,0.067773598285278,-0.333094004683872
LRRC27,0.01313644755181906,0.0797061565657096,-0.3579510073820558
PWWP2B,-0.9812880160225924,-0.7573335952333728,-0.3564507741170645
ENSG00000226900,0.05445599374004562,-0.030247481157310616,-0.270173133671598
INPP5A,-0.07089165717642848,-0.09494222858956654,-0.4662256964150444
CFAP46,0.35152579991206784,-0.11224620098367663,0.00892228450805983
KNDC1,0.09695984424986648,-0.015544692593888248,0.41333982397391006
TUBGCP2,-0.9816596982193886,-0.8177830221345914,-0.5165985721800156
ZNF511,-0.40925951949057193,-0.6629309340258374,-0.2760742215914718
FUOM,-0.35671811549678273,0.5250268644079519,0.2650958128725129
ECHS1,-0.57744032609558,-0.922371065218389,-1.0225694519368709
PAOX,-0.08198950310317699,-0.8052736776742009,-1.2464977957231085
MTG1,-0.5740208866390654,-0.763612444240664,-0.7225138543396028
SCART1,0.8648526325016128,0.11756962147284601,0.9421039709911946
BET1L,-0.5143900041328564,-0.3979231639817265,-0.7587167080987349
RIC8A,-0.5499021083124198,-0.5688395316897932,-0.6595415698828759
SIRT3,-0.7529904996574182,-0.6844565893418633,-0.13680038214548768
PSMD13,-0.8765793677201259,-1.052783746883076,-1.0560413861629456
PGGHG,-0.6021367963878105,-0.4511626383220459,-1.32807596970218
IFITM2,0.21962489140717173,-0.08733528859778512,0.20531249173023625
IFITM1,0.8540374175166221,0.27452375790070954,0.6736751380428032
IFITM3,0.22833350846336123,-0.2168339865343257,0.4809964047292184
B4GALNT4,-0.3480531105481433,-0.1561716163398366,-0.9867734610061625
SIGIRR,0.24114310209230894,-0.5795685872698186,-0.0019164508597207474
PTDSS2,-0.5655488567063996,-0.9518993840719467,-0.6454585038745612
RNH1,-0.4179481957184485,-0.9133190658341768,-0.5288378771555281
HRAS,0.02322025286087017,-0.45989255785846334,-0.2588502078215847
RASSF7,-0.5500965965557435,-1.156860155442665,-0.21256526981410678
MIR210HG,-0.3057654544853072,0.3394679612552878,-0.12927282793395636
PHRF1,-0.8263828705182696,-0.7890969965517094,-0.5799894573036823
SCT,1.0545675590565793,1.462926029266743,1.3399921264898573
DEAF1,-1.1512453264025986,-0.49962965610186677,-1.1874484794393076
TMEM80,-0.6683996557218599,-0.7025241767821733,-0.5174341087542801
TALDO1,-0.5371486699506391,-0.7361675293574379,-0.1746875560085641
GATD1,-3.6333648313067535,-0.6434572474119199,-0.4073196729790531
GATD1-DT,-0.29269451493797755,-0.4487371613052852,-0.948328532585851
SLC25A22,-0.8276463033358326,-0.8251725487757042,-0.9068482715348303
PIDD1,-0.7203496128470448,-0.6680415336381708,-0.3867661717768555
RPLP2,-0.3088131092301527,-0.17377892341638554,-0.1552028559082697
PNPLA2,-0.9971922261053372,-1.0441145250572994,-1.4365213604596718
CRACR2B,-0.42251460937073665,-0.6757387138764024,-0.8909956763634562
CD151,-0.17499995690187825,-0.4864487062523537,-0.05681228418237438
POLR2L,-0.32363878407463176,-0.2866026192519619,0.16644504328782256
TSPAN4,-0.13121981783377384,-0.9256814349029625,-0.5867145736369146
CHID1,-0.819364049552906,-0.5025874579270528,-0.3535488725833246
AP2A2,-0.7505968402559908,-0.2741204104445174,-0.5382332996073665
TOLLIP,-1.1430093950784013,-0.7226785955302049,-0.6779222851755584
MOB2,-1.320767537882375,-0.8128883524011208,-0.4237193258907794
CTSD,-1.045655984579163,-0.7065207982822557,-0.843718959961972
MRPL23,-0.26515411042341336,-0.7288510378526176,-0.1126739049843728
H19,3.074528676633225,1.5411889143822108,3.3144531938872994
IGF2,3.27257301573432,1.109136203105951,3.5843280880466075
TSPAN32,-0.018713938752327373,0.03349010947466985,-0.38052269858453863
CD81,-0.6655004010334906,-0.6426670438032397,-0.6980129840827303
TSSC4,-0.8409991591947978,-0.9607609743955018,-1.1836562072313868
KCNQ1,0.193364126179656,0.23736567807159398,0.0003432220279257163
KCNQ1OT1,0.818486595447041,0.7407982108364131,0.7229954394513136
CDKN1C,0.8739685937267793,0.5065172752403377,1.6146530305951359
SLC22A18,-0.6293764245303493,-0.5504768121857317,-0.6195367643750558
NAP1L4,-0.5127358267232475,-1.04497367039626,-0.9250711262159115
CARS1,-0.24619085389123893,-0.13709635849831867,0.5346700507007611
OSBPL5,0.06402072017317555,0.17699679071158064,-0.38818135736432063
ZNF195,-0.7723370274807202,-0.38893709856667164,-0.4785469466222878
ENSG00000290960,-0.1402974858252328,-0.157950687189139,0.27644157929611524
ENSG00000254757,0.458535548825644,0.39758286557106365,-0.26848030094529923
ENSG00000255367,1.7184432228350097,1.7758970059586723,1.9035922966704213
ART5,1.378131873329501,2.023345485286285,0.07831449108019234
NUP98,-0.3526759859583742,0.07962208516249088,-0.25438782221974415
PGAP2,-0.13689539038723808,-0.1735316343195912,-0.12218642502367776
RHOG,-0.9312473670646106,-0.2642862974913917,-1.0794825092606573
STIM1,0.7261861565653334,0.42548160428120246,1.1254921465276482
RRM1,1.2295609960947438,1.3297089456919409,1.1518196401008503
TRIM68,-0.5936146075721673,-0.6426157881262213,-0.5577267992652927
HBG2,-0.7533079513240359,-0.3274174963832514,-0.22231636207943592
HBE1,0.5381585598249146,-1.7858719533788374,0.18926471838672398
TRIM6,-0.4675022414226788,-0.4436486879008931,-0.2400270859228862
TRIM5,0.4601978892231208,0.07970194673109895,0.5899422537958507
FHIP1B,-0.5673641099109298,-0.3071150661091231,-0.3430700673718477
CCKBR,-0.6632238386328453,-0.539039043165662,-0.33265287408797306
CAVIN3,0.18345609820335435,0.5648881530268568,0.5883308661462792
ENSG00000282556,1.2383093431100392,1.1474488595125827,1.2747728983904274
SMPD1,-0.7386308373792296,-0.8152095277955773,-1.3430546780244548
APBB1,-0.8351550396706813,-0.6842898358628098,-0.5678850572783709
TRIM3,-0.4521276955349726,-0.3119553611021075,-1.0887983166587993
ARFIP2,-0.9751191906796564,-0.6698132512162864,-0.6508447483774163
TIMM10B,-1.0981502686223727,-0.6993522320469623,-0.36661299790371515
DNHD1,0.0451196889363671,0.3196637016706098,0.2130990202020726
RRP8,-0.2950656593949361,-0.27921643255633205,-0.5245656935622769
ILK,-0.21682154488960853,-0.8543498365801909,-0.7800933284815805
TAF10,-0.47038132283251954,-0.6944327299561941,-0.3524309438077609
TPP1,-0.17967409304734264,-0.48966232985925373,-0.33671612067564993
DCHS1,-0.6925729254904346,-1.080265622737933,-0.6249309340829967
MRPL17,-0.30262839070662295,-0.5410900473371036,-0.8012126484375024
ENSG00000283415,1.4845132739203066,1.105631787546951,1.1571288440315612
ZNF215,0.06522147734073513,-0.04245018091391723,1.1327409838392661
ZNF214,0.016491182750197488,-0.12473199973878829,0.1705333165273722
SYT9,1.03291593725843,1.5232508462175538,1.6182655049194423
SYT9-AS1,0.06406325281930945,0.1273285352886013,0.3955190000173978
PPFIBP2,0.1802800347545209,0.1736246350744715,-0.6706397933667283
EIF3F,-0.5356921073052233,-0.5315695143003013,-0.37507413069971557
TUB,-0.1802418471586513,0.003979389454283176,-0.41081701459133774
RIC3,0.07339373402301073,0.19507042087786522,0.057749735898188055
STK33,0.36929521453636477,0.3691390992007762,0.49699674246953046
TRIM66,0.3423242399132355,0.46945075348322257,0.10943423293963044
RPL27A,-0.20802551296443816,0.09018498850642583,-0.07574490777833101
DENND2B,0.1348039901172662,-0.1434904022439696,0.32216810085682823
AKIP1,-0.3581243139299381,-0.409924611454553,-0.4880771453417766
TMEM9B,-1.0738613041018041,-0.37667719639970443,-0.8985793685398916
TMEM9B-AS1,-0.18467767209822122,0.058592615424604484,-0.017747743532428494
SCUBE2,0.6262046953117703,0.8694653036648071,0.14535360496372718
DENND5A,-0.23781085512771227,-0.31346649045088526,-0.009881784083226788
TMEM41B,0.13974578952732838,-0.09513861286031759,-0.3582991409748643
IPO7,-0.2620349564278044,-0.4670107033546458,-0.4330005651478857
ZNF143,0.12290254333871779,-0.1783715420700034,0.18731443942648685
WEE1,-0.1515150150724232,-0.17744819568336823,0.13714244816675958
SWAP70,0.036388315542669754,0.004149328530772279,-0.09974344651155681
SBF2-AS1,1.7173197606966681,0.3143976235271139,1.4005515585288428
SBF2,-0.08379479381766691,-0.15042374077862777,0.17128779306473169
ENSG00000255476,-0.026802388201794314,0.5863117670041369,-0.018629464691763135
ADM,0.8643033276237803,0.9146416719383269,0.7253374576011177
AMPD3,0.5364933849550795,1.2846187293244498,1.2631459047864766
RNF141,-0.5089609220941753,-0.4417485162278042,-0.5151491700449959
IRAG1,0.5428957432447739,0.9881601765378604,0.4885734920376485
CTR9,-0.5176165351870524,-0.8098277602587807,-0.44585418654364883
EIF4G2,-0.639993628941113,-0.6928003368659503,-0.5892084046270405
ZBED5,-0.7771107556894918,-0.740117108881531,-0.6829360420572891
ZBED5-AS1,0.20648738905231662,-0.6147082438348123,-0.3660254570478187
GALNT18,1.7926238925575717,2.7903832287747505,1.7943625479100476
USP47,-0.515792275410643,-0.5976269640996819,-0.4804249862723963
DKK3,-0.05687411257319757,1.0457615838918635,0.5038463147084685
MICAL2,0.6144464765018363,0.45673630785017133,0.5535340790481093
PARVA,-0.09891580750287328,0.061477298683353505,0.1447538432382096
TEAD1,0.18032488719234152,0.07192792092065407,-0.12090961703828995
BMAL1,0.1425557233733485,0.3525718507106248,-0.01694011098551231
BTBD10,-0.5091570916878432,-0.20806285016086085,-0.45328355147774957
FAR1,-0.15697552669427858,-0.3562189407439683,-0.5247158869151747
SPON1,2.4517570282322083,2.662271925477608,2.4969839592085563
RRAS2,0.06535028229843938,-0.2893486328999834,-0.007737428906580156
COPB1,-0.5899824386313633,-0.4575404431553381,-0.7495547035322474
PSMA1,-0.6249279824443691,-0.8696286812917684,-0.5323403351363751
PDE3B,1.0129839973174803,0.8119522711427115,0.9970665897246853
CYP2R1,-0.003041186723230329,-0.25836259181311044,-0.3749863867889296
SOX6,2.2328193683513327,2.1832303891717295,2.757272760872894
C11orf58,-0.7293819991405925,-0.982036339586184,-1.0697667434356362
PLEKHA7,0.7737353477515718,0.9849734567401534,0.7775165243125102
ENSG00000290957,0.4745116032460892,-0.18131182300562193,0.945924413193083
RPS13,-0.21189097024858053,-0.1610100706763369,-0.14216014800374308
PIK3C2A,-0.8250148240809878,-0.20578696361573984,-0.4769886863166484
NUCB2,0.10156774271835188,0.01048475112756364,-0.4672298543744091
NCR3LG1,-0.2585150592358297,0.17476670459473087,0.16500083405553667
SERGEF,0.2640929682616394,0.09211828569459966,0.19498894858519825
SAAL1,0.0732389190989232,-0.1391133054776326,-0.3742190934740072
HPS5,-0.36674851594500163,-0.27555250799333203,0.3533530506863088
GTF2H1,-0.5987524754104,-0.4279757043467782,-0.1945753917745989
LDHA,0.909906858002234,0.9333671293701258,0.5262103698390366
TSG101,-0.8838274682423622,-0.8959309576862005,-1.0189466888947578
UEVLD,0.2527135911014824,-0.0316478646153797,-0.04037812254698638
MISFA,0.09086323660047672,-0.17651715661287065,-1.3425516458905733
SPTY2D1,-0.7945351891244812,-0.6715214494350228,-0.20379476286798595
ZDHHC13,-0.08648038268295725,0.4297290958926467,0.025025638622054158
CSRP3,1.6789646041661221,2.4640963258733493,2.0734660012328554
E2F8,0.7188019955291055,0.987056886754651,0.8501123298846522
NAV2,1.0458876757350062,1.536489076986948,0.9084066734495481
NAV2-AS2,0.7951111200190261,0.6587538966668447,-0.35868524650708616
HTATIP2,-0.4865648110993313,0.10238363120038586,-0.2351126879395266
PRMT3,0.37267772849370223,0.5904301447149081,0.3520433087283266
NELL1,3.6302269595586445,2.89885082293123,4.107143013539467
ANO5,0.716382515630542,1.1267317010659461,0.7962753068454731
FANCF,-0.4015379478568342,-0.262641151386692,-0.08858319604951602
GAS2,0.684857011212646,1.0124691276749616,1.068303644838732
SVIP,-0.007625165796952148,0.1931738335993742,-0.14355540182974733
LUZP2,1.7259805173729745,1.9232189662516674,2.486277741938423
SLC5A12,1.8146494132335214,3.040289953156865,3.5761385612034964
FIBIN,1.6932280761142735,3.480345696825026,0.9205972851254742
BBOX1-AS1,2.2337022128909965,1.9280322430368244,1.921786651772937
CCDC34,1.0944529909916803,0.8423276709932742,0.6831041146681223
LGR4,0.898657145812564,1.1113664187477799,1.4276223152887368
LIN7C,-0.043872834280680464,-0.6671241462899219,-1.3588837770241078
BDNF-AS,0.811342794196289,1.3194011688913,0.6235425027288919
KIF18A,2.7485572711156543,2.9034187903651514,2.4132155551176915
METTL15,0.4385975535120678,0.15128638683797035,-0.060187302788861474
KCNA4,0.573920895315247,0.1126858849511336,0.47734776243246557
ARL14EP,-0.6087314338315295,-0.5664596964071507,-0.5732441013840273
MPPED2,0.9255459316593145,1.1370538311662148,0.8100968039025354
DCDC1,1.2735108666818782,1.3837413564363672,1.001478348816704
DNAJC24,-0.21286222182924422,-0.724914306686383,-0.3073115977566588
IMMP1L,-0.37554914900693254,-0.30636107687964653,-0.72068161982342
ELP4,0.546082143309583,0.5580540206813467,0.6570480841780153
ENSG00000228061,-0.28158529952873573,-0.03383704136156491,-1.0261444979872394
RCN1,-0.02703082913645007,0.21048979551372685,0.1868602333086571
EIF3M,-0.590892991616837,-0.527402448144617,-0.4035568236450118
QSER1,-0.4588755956825779,-0.2566466923228176,-0.307095149642521
TCP11L1,-0.26060820352149244,0.003984106461341929,-0.5289764141750838
CSTF3,-0.31310568476187234,-0.728429954631082,-0.2868740099669261
HIPK3,-0.584366024838566,-0.37221930915241686,-0.4038925848702703
KIAA1549L,0.8089107824421758,0.7574730104214673,0.9201416306649258
CD59,-0.4912612380201935,-0.3988168696827472,-0.2999890212243166
FBXO3,-0.3587324722836805,-0.6619527997433216,-0.3481353040174682
LMO2,2.4587263518145086,2.4346285238759577,1.9469373341875347
CAPRIN1,-0.8545544600065895,-0.8730491407566596,-0.436099642087921
NAT10,-0.22040120414282072,-0.3246357747786668,-0.10768093613806333
ABTB2,1.2456874699638476,1.160210449021072,1.244672942513919
APIP,-0.3931596624798317,-0.1510603325997195,-0.5398514790336791
PDHX,-0.6481511241065229,-0.6517029329464492,-0.8997877023751252
CD44,1.1251043249258323,0.4725454491409841,2.6348694894505265
FJX1,0.658696446695572,1.1101173146981829,0.8103305633877297
TRIM44,-0.9096942107338393,-0.3476263216448849,-0.6510539722307201
LDLRAD3,0.4603490458654064,1.0733242983143612,0.6488627879221198
COMMD9,-0.6973748205844892,-0.31563421113282786,-1.2885141033927994
TRAF6,-0.1900095192157601,-0.08565428128021683,-0.17717240156060043
IFTAP,-1.1799293386798695,-0.5186332355093519,-1.2484976429226577
LRRC4C,2.4538788417240482,2.567311022439025,1.8217751210403428
LINC02745,2.144902845003063,2.16664999387714,1.7132817827662556
LINC02740,1.662339253009673,1.8113116605377826,1.764071061084998
API5,-0.5410748618696104,-0.8067748255805434,-1.011521124822778
TTC17,-0.500490311102741,-0.4335084143594727,-0.5764135259911783
ENSG00000283341,-0.4621933020087283,-1.1731453235441762,-1.0877360728782612
HSD17B12,-0.05584019252706801,-0.3351094098145708,-0.22996356875145102
ALKBH3,-0.31265204469384494,0.3138335528316603,-0.19109686578758203
C11orf96,2.0962312135070817,0.7694255333184117,2.010507221428476
EXT2,-0.06716106008443751,-0.14253773387962101,0.12291194203862338
CD82,0.2792054045831307,-0.49336182769919995,0.8228905658127168
TSPAN18,0.3091505252932265,0.15278318379925085,-0.038659922158956334
TP53I11,-0.18694533647006042,-0.012465028497043564,0.37493695006207167
PRDM11,-0.5526923761697979,-0.5230573029857339,-0.2132272859791122
SLC35C1,-0.6151584230256368,-0.7377135618095281,-0.7084348720267712
CRY2,-0.2558679953786794,-0.03685344947350087,-0.4617396992145011
PEX16,-0.6641970448158291,-0.7885197910154248,-1.4708167696172012
PHF21A,-0.045571480116105796,-0.054150712430448784,0.10861445437619818
CREB3L1,0.2635832305160122,0.5319373656086093,-0.04385958306282589
DGKZ,-0.5815567415637766,-0.6796442214208724,-1.0923368986940432
MDK,-0.0530159419252208,0.3184171669607565,0.21255306095076773
AMBRA1,-0.5018743312613373,-0.15919429124761925,-0.24276953279156294
ATG13,-0.021744115430909313,-0.2795102627378583,-0.7024559640084966
ARHGAP1,-0.3978922308010554,-0.19949223156084636,-0.00583229271647665
ZNF408,-0.95793861266786,-1.1354506663121953,-1.0602684592622111
CKAP5,1.125173990032721,0.8683888480399381,0.5695475199647291
LRP4,-0.08743435050429228,-0.45674047836939735,0.3196077966280306
CSTPP1,-0.04984121617496847,0.07370947646473518,0.34707870335791563
ARFGAP2,-0.6531070284712649,-1.0254874258285867,-0.7276154376139985
PACSIN3,-0.24720130551357752,-0.521835671060895,-0.417555866623335
DDB2,1.0067648722336102,0.8652456752148261,0.39163274887594207
ACP2,-1.7281194427078042,-0.531330736732567,-0.30958072343902643
NR1H3,-0.7124397672890623,-0.9647193046448379,-0.5715168585999316
MADD,-0.4199930170107216,-0.6833790501976651,-0.5124796300208415
MYBPC3,0.05987797165999006,0.40951589840277697,0.008085377244132285
SLC39A13,-0.5201679536147203,-0.3063554038549014,-0.4592912867534053
PSMC3,-0.052022489141304404,-0.10290983091579875,-0.15309645932621047
CELF1,-0.7000144879550838,-0.6431853972261941,-0.7033477722373682
NDUFS3,-0.09578336686296758,-0.39062149626077414,-0.583201295401512
PTPMT1,-0.5670573982992018,-0.8867140928655033,-0.5227903900088222
KBTBD4,-0.9401845226411006,-0.4388117399969182,-1.578827143830729
C1QTNF4,-0.14319972370278578,-0.06763810800892862,0.32864626797382007
MTCH2,-0.3909800843636511,-0.702694247992639,-0.637930093788249
FNBP4,-0.6316018451814074,-0.7556987218228208,-0.9162199755320621
NUP160,0.07195640177195993,-0.2610547436221005,-0.10670157817290617
PTPRJ,0.04378338105632193,0.06566366497925097,0.5321153398164746
TNKS1BP1,-0.7089592884704317,0.171650766012064,-0.3705137270729892
SSRP1,0.035101726298464093,-0.2773801447397481,-0.08564639324393038
SLC43A1,-0.3817003306695561,-0.5515895248566842,-0.1474482793762846
TIMM10,0.08423017856276971,-0.3765620718626544,-0.40083440229019385
UBE2L6,0.7997556017334979,0.7513986055149219,0.09301015100249536
SERPING1,-0.07310984491033784,0.32618417654808596,0.23554712623940333
MIR130AHG,-0.13450493604691974,-0.0775673753930271,-0.11040226655619988
CLP1,0.01290012973718292,-0.4899468480788798,-0.26060246405863197
ZDHHC5,-0.3334738221195152,-0.5615643198696922,-0.07861889017527801
MED19,-0.38838900488040196,-0.06431605249159486,-0.6885221406463558
TMX2,-0.4923700810147196,-0.6772909208340927,-0.562399986903138
SELENOH,-0.5937652536072164,-0.4939557528370031,-0.6149246047990466
CTNND1,-0.7240752670811155,-0.3298912542939725,-0.25197811075935306
LPXN,0.47253963678871364,0.73663170704609,-0.006707797350426181
ZFP91,-0.7846179899932437,-0.39547966933363193,-0.48937910765703657
FAM111B,1.9821201392046,1.7055133866294483,1.9363275350999452
FAM111A,-0.47281197471498615,0.1818483385713173,-0.10191253594350871
ENSG00000255139,-1.423704776728023,-0.0830272713473583,0.12362742206085647
OSBP,-0.6008356394325424,-0.47459534216172017,-0.4216317030379742
PATL1,-0.5949012639937762,-0.2609281161094969,-0.17363759767862777
STX3,-0.09756202913535363,-0.45552994485112563,-0.2937854002616227
MRPL16,-0.2187692770218242,-0.38967987193127135,-0.3563320586628045
CCDC86,-0.35745758706990566,-1.147346071201948,-0.5190309486559491
PRPF19,-0.7861768215683327,-0.6382144649863122,-0.5182285445821614
TMEM109,-0.7349378012519133,-1.1177137071670415,-0.49608907456353535
TMEM132A,-0.6566020873338232,0.00809538274398482,-0.26286136191633247
VPS37C,0.13865464975028635,-0.28265884913397343,-0.29093509323105593
VWCE,0.10192615908467326,-0.9532683124956556,0.015585659717704266
DDB1,-1.462687110153265,-1.1945336650428295,-0.8795580547032529
TKFC,-0.46984170594036817,-0.48378765888541514,-0.7024416415129515
CYB561A3,-0.6529598953712679,-0.8331531176952822,-0.36338553751588165
TMEM138,0.13965227954999185,-0.3570718158753899,-0.31005542359202914
TMEM216,-0.06005845729992389,-1.3493387412925593,-0.6186044603766838
CPSF7,-0.82379393019405,-0.556078221267601,-0.6824472016815691
SDHAF2,-0.38753680287953435,-1.2203860795311456,-0.8210292424139213
SYT7,-0.6579372723592236,-0.48523691363490695,-0.1786582901748197
MYRF,0.39288732477616506,0.174731891397176,0.793656125446489
TMEM258,-0.476559825627671,-0.5143703300942377,-0.592850899836879
FEN1,1.431194548006534,0.8292410039718304,1.4450199928967535
FADS2,0.0031117760176718754,0.2010921707081686,0.1465634185375357
FADS1,0.6336128268668625,0.2774882348406677,0.20505907569744156
FADS3,-0.41837922710309183,-0.3547368731288855,-0.38999578892784825
FTH1,-0.42824640626201754,-0.38172745644751055,-0.1954860046448897
INCENP,1.460177254862316,0.9562683567227097,0.5691498745947605
ASRGL1,0.24988287122059205,0.18394373324520435,0.45654127511221176
AHNAK,0.6214853861774721,0.2846028232062672,1.4080162851204534
EEF1G,-0.5733102895384156,-0.45521068180224233,-0.44783873074242747
TUT1,-0.6835860610417407,-0.39901341018058295,-0.6740793933031881
MTA2,-0.5593236612104953,-0.5618664244446308,-0.5078662992113792
B3GAT3,-0.2688226721282696,-0.13149326071098605,-0.585529968112386
GANAB,-0.8554223165070667,-0.7130449056460968,-0.288979903718186
INTS5,-0.9741059213913239,-0.6226327482076216,-1.0099508419879584
C11orf98,-0.49911712199573083,-0.4749327853153567,-1.0155880625812124
CSKMT,-0.7646838235346572,-0.15587622364679637,-0.19615372556985017
UQCC3,-1.2277938460376596,-0.7495885835969283,-0.693535299892833
UBXN1,-0.5040395199654419,-0.6984344879505855,-0.5921561730056658
BSCL2,-0.2988370727901497,-0.41617621172240854,-0.5774749263854275
HNRNPUL2,-0.11345894363998708,-0.139858130580599,0.0994548468061147
TTC9C,-0.08189039612889812,-0.3735520177245349,-0.335953308172705
ZBTB3,-0.25083526821701696,-0.8822056326851139,-0.4762454670271197
POLR2G,-0.8113564281984225,-0.43377957672740663,-0.21992476256869506
TAF6L,-0.7024011370747907,-0.9427024850021404,-0.6546722490571212
TMEM223,-0.533083639202701,-0.06969447897073519,-0.043593235579042024
TMEM179B,-0.04169804796408274,-1.1683010162210827,-0.4181087406422534
NXF1,-0.14791857603213282,-0.6472072424313922,-0.36242471000421267
STX5,-1.4654826036608846,-0.7253692276098036,-0.8096191555787939
WDR74,-0.15469401629133372,-1.0102202007503003,-1.06629791100276
SNHG1,0.04004853393416852,-0.45439188209063275,-0.11328102918403367
SLC3A2,0.12636972086162862,0.630276646409655,0.6704208591155911
PLAAT3,-0.15615679073309613,-0.009313954440646179,0.45797999833284925
ATL3,0.1140503170157246,-0.1477559675117064,-0.30446662317908135
RTN3,-0.8081440956007633,-0.5891536952040433,-0.6687811897997129
ZFTA,-0.42657786744202403,-0.9759987288334458,-0.23627851940086228
SPINDOC,-0.16984254690417094,-0.3279422246751765,-0.29823663923189164
MARK2,-1.1848598416370315,-0.6395086087875264,-0.2622897400982112
RCOR2,-0.3454234167420438,-0.2794798762636326,-0.5401100765473145
NAA40,-0.5940493488226294,-0.787246559344009,-0.7488641022115807
COX8A,0.2331413364483197,-0.22702356460861503,-0.2082535646904234
OTUB1,-0.7838969547050532,-0.4881884118604276,-0.7316665274171257
MACROD1,-0.35478690147777314,-0.7126084079066217,-0.19386637102327595
STIP1,-0.16071324018827582,-0.30635338175486027,-0.1705775599487218
TRPT1,-0.36004864998893643,-1.2000596828250494,-0.6702850409947202
NUDT22,-0.7788793379314782,-0.48857217478452253,-0.12582296194834797
DNAJC4,-0.3678450014930413,-0.4694638071796327,-0.4134295059355928
VEGFB,-0.4793272789230194,-0.47550261890862794,-0.3223612611283961
FKBP2,-1.4460248052788884,-0.6116561594049905,-0.4241714092848241
PPP1R14B,0.2660173018431777,0.043706035202116945,0.10124984632449602
PLCB3,-0.8367287504219902,-0.9322155186928535,-1.1968201155165303
BAD,-0.6746076263144154,-0.6125891010384771,-0.43444219685453694
GPR137,-0.9702312286312491,-0.5662833135152355,-0.4237372009897129
ESRRA,-0.37742957959967777,-0.47074813937909005,-0.2498770436148803
TRMT112,-0.6568391324343209,-0.7040822679059531,-0.4076047926210861
PRDX5,-0.4059032267645292,-0.6787647382073949,-0.5910293900098226
RPS6KA4,-0.5922297369088305,-1.257641320279916,-0.5786849046208785
RASGRP2,0.44545134034061457,-0.2504983643328949,-0.5155648651137028
PYGM,-0.2736083416380488,-0.2646916614822529,-0.5050071567101142
SF1,-1.0194132844482695,-1.3161847486144183,-1.1480451911976353
MAP4K2,-0.8222421813721007,-0.8043582558301487,-0.13033130158410347
MEN1,-1.2012880298752577,-0.675378754729195,-0.9534799101266351
EHD1,-0.9895790793085055,-0.6787448615019045,-0.7882594134654646
ATG2A,-0.12090153156398029,-0.9283135382536152,-0.2204284963383003
PPP2R5B,-0.0721827954767988,-0.9081749125663627,-0.24789144678967295
ARL2,-0.5870385338527591,-0.7706231138890907,-0.3354052368359071
SNX15,-0.38771451160223336,-0.35096540448918745,-0.3070128602219846
SAC3D1,-0.16893669284375432,-0.7598480631077464,-0.3055937273605238
CDCA5,1.173767495317847,1.6947133721655803,0.7810974502900693
ZFPL1,-0.6376003094297856,-0.7900496655348803,-0.9244811843651028
VPS51,-0.936746312102173,-1.0428957075081264,-0.27204619169305033
TM7SF2,-0.3982017697662421,-0.09737787021938972,-0.030010319531857687
ZNHIT2,-0.6399183223242703,-0.5902823204412506,-0.395885503616011
FAU,-0.4002006675320971,-0.35824030928154477,-0.5202718705564903
SYVN1,-0.6656522371720043,-0.8683444202581079,-1.4052835902715302
MRPL49,-1.0207464647232314,-0.8425921264353775,-1.0705445060644188
CAPN1-AS1,-0.4406799495691338,-0.5402680901630815,-1.1158422149330605
CAPN1,-0.859621783215662,-0.7554718954179087,-0.7398850455806638
POLA2,0.5364423099132196,0.9861882108692619,0.5120986961189402
DPF2,-0.5245968788864629,-0.6413973004726827,-0.3161836041902966
FRMD8,-0.6843760043732133,-0.21321031308420407,-1.564423083042108
NEAT1,1.430382613636677,1.1121196006244034,1.1024789416624436
ENSG00000291174,0.04901486500369504,0.5091481972225935,0.4150239251977403
MALAT1,-1.706177696365442,-2.3374827659857287,-1.6765934474111344
TALAM1,0.6482212831002414,0.3810048189814949,0.5013983563747431
SCYL1,-0.5637904423426753,-0.9484908883625991,-0.7844442050472828
LTBP3,-0.11011676827322602,-0.7433715046950944,-0.6610755710982126
ZNRD2,-1.3662914130800665,-0.7196453255889352,-0.2578954077236375
FAM89B,-0.36126142872183914,-0.34648590889391073,-0.6263234018036492
EHBP1L1,0.2547016801165079,-0.26718442172903784,-0.11688103710362444
MAP3K11,-0.23317434886516966,-0.5570405032364398,-0.9570866780890058
PCNX3,-0.6650484931880349,-0.9385878133364579,-0.5883429709775605
SIPA1,-1.232270057974425,-0.8207770491662068,-0.8007532605177055
RELA,-0.5600985626197357,-0.7223709250969748,-0.838810298156158
RELA-DT,-0.8658908042324569,-1.0772306312907851,-0.08337004420340938
KAT5,-1.7464964183374434,-0.4848021740510974,-0.2246134098155253
RNASEH2C,-0.32970937594088673,-0.4997048414417122,-0.7144335400015471
AP5B1,-0.4180996435593726,-0.14316573536283533,-1.4177436472189129
CFL1,-0.10854441082735994,-0.2631090155684781,0.09879871604437433
SNX32,0.33627573175986925,0.5265448035454909,0.16187255118412117
MUS81,-0.31276978261166377,-0.10196013440644687,-0.87081075810244
EFEMP2,-0.23790016266196543,-0.5390305568202898,-0.4633566428624754
FIBP,-0.3690027328773873,-0.4969814605697352,-0.12975928069632306
CCDC85B,-0.22294422773281405,-0.6833897255523844,-0.1960560178966731
C11orf68,-0.9530762610377401,-1.0093534631059349,-0.9314494648896101
DRAP1,-0.36513388408960523,-0.5019417893026024,-0.9772293816604467
SART1,-1.2881328557538119,-0.9066752569191614,-0.7347984758516155
EIF1AD,-0.6776024597101653,-0.5888026631497459,-0.9159198488868547
BANF1,0.09973184031399993,-0.40094581677066543,-0.3523408735630156
GAL3ST3,0.3307607568430235,-0.8117610162560317,-0.7706605354175657
SF3B2,-0.4623088309722689,-0.5155836001749422,-0.7833223537054366
PACS1,0.12962940828482775,-0.054333727687879516,-0.18356280199930805
KLC2,-0.5856794700531792,-0.8372854242596475,-0.5847938388649964
RAB1B,-0.5985529150317567,-0.9119424487176779,-0.9028908055550318
YIF1A,-0.5942320370900553,-0.15329681299622072,0.02426057710362522
CD248,0.2728253513187581,-0.663723323352162,0.585936533837426
BRMS1,-0.2446158359243426,-0.5161386809439819,-0.6230254019689774
B4GAT1,-1.3165121206305699,-0.566082674081631,-1.0212160208027683
B4GAT1-DT,-0.15710290453642278,-0.6016712457128115,-0.7165508119189533
SLC29A2,-0.1573621666366734,-0.14242672610183155,-0.17061038775388224
ENSG00000254510,-0.24540017928998026,-0.26457921204928064,-0.3923288580744639
MRPL11,-0.5539668507298963,-0.6427055090428481,-0.5400267724915935
DPP3,-0.805517190608235,-0.8713759001583661,-0.2675006109589973
BBS1,-0.14860652734259008,-0.5437368132577944,-0.685245717918292
ZDHHC24,-0.5647375063278659,-0.9471407484508951,-0.2749184599940264
ACTN3,0.7776253617287024,0.7808973628846765,0.14538647095468704
CCS,-0.3931024188919885,-0.20941610980983685,-0.1698027497727956
RBM14,-1.0985493265424573,-0.6523487892707819,-0.27968026249878974
RBM4,-0.8973851639813191,-1.230132014330561,-1.3159620658788356
RBM4B,-0.42445604726876957,-0.3608800591590331,-0.7432931996333281
SPTBN2,0.8124402210801023,0.12460075554940173,2.624039045751978
C11orf80,0.15840546884036757,0.09575401519335712,0.6655078395037357
RCE1,-0.8358871832554051,-0.3830785351056143,-0.929239024016713
PC,-0.6019702766133683,-0.46403673230640413,-0.323096373738224
LRFN4,-0.6785276838812635,-0.6082307496691187,-0.7093755386393745
RHOD,-0.1263273846085866,-0.31209246411753,-0.0943464501171754
KDM2A,-0.13030517061590888,-0.3743735811404783,-0.3787675295249037
GRK2,-0.43351163542145693,-1.3622936667148515,-0.5396911053944039
ANKRD13D,-0.3673173864054355,-0.8556688323216372,-0.5512242339050529
RAD9A,-0.008074081234362067,0.13393224862112513,-0.22242487593086577
POLD4,-0.6844348410765234,-0.6003895659201924,-0.845627668298775
PPP1CA,-0.6164464713304695,-0.0940666635816747,-0.23507062594093142
RPS6KB2,-0.9252584932329846,-0.23474937541278956,-0.45232508471540095
CORO1B,-0.5845210031266852,-0.47649308651405775,-0.9995523719557013
TMEM134,-0.3418722983182043,-1.238747688676554,-0.4718679381380292
AIP,-0.23534042145287154,-0.6122271728613988,-0.7361036900342981
PITPNM1,-0.6106808110189662,-0.9538149925752392,-1.1168520109686
CDK2AP2,-0.40259311451506363,-0.6548443378790054,0.05453365220948572
GSTP1,0.08753865524749214,0.10225463342799647,0.03610955861442733
NDUFV1,-0.7507904336081489,-0.5795830354339452,-1.0308317777817386
NUDT8,0.2687456933199072,0.787793164525887,0.651505293394461
FAM86C2P,-1.1973232339542612,-0.42318009232451453,-0.6627478296472448
NDUFS8,-0.5815366438270858,-0.40800365332211186,-0.3782407024589354
CHKA,-0.21239216023043278,-0.411665604951125,-0.09639443312039825
KMT5B,-0.7547399258575815,-0.5953683709967486,-0.21736498168704443
C11orf24,-0.41163025784694085,-0.4286042326829005,-0.35085308408136123
LRP5,-0.369141649504769,-0.2891424821006474,0.29551827950195886
PPP6R3,-0.4505319512775472,-0.5913471334302578,-0.22154150858873584
TESMIN,-0.22147985013940635,0.30404231549339406,-0.10034099076037248
CPT1A,0.1913390504865404,0.5585691026084944,0.13608531640792876
MRPL21,-0.29927271365892955,-0.6656398638790044,-0.446326287673152
IGHMBP2,-0.8265492334653395,-0.6026196918690658,-0.3644248636012222
TPCN2,0.4373930708667863,0.4079899737014081,0.08777769438793107
CCND1,1.0126627883769608,1.4061036169221062,0.8546801494508394
LTO1,-0.7920612593343499,-1.3170064542219215,0.07435009257941506
FADD,-1.0405659736745356,-0.39802526173062003,-0.6159295495262286
PPFIA1,-0.6713388664784432,-0.26847480243114674,-0.4709958101944736
ENSG00000254604,0.20903843742680195,-0.4534224231872591,-0.5078644744014156
CTTN-DT,0.18666524015091204,-0.8679502148571281,0.30097163640660435
CTTN,-0.9018194859555315,-0.6295660637262978,-0.3743011904100371
SHANK2,1.1090859034926623,1.9602093881375673,1.9365730683479754
DHCR7,-0.39530083242068764,-0.24540898455254379,0.17980120562846474
ENSG00000254682,0.14200729329839484,-0.8547249056513984,-0.534989325369537
NADSYN1,0.21350886123382296,-0.035097432801507046,-0.05905465083551319
ALG1L9P,0.014336958363902126,-0.17274726880476976,0.3965565988198989
ENSG00000291247,0.31258753466613604,0.31195231225191833,1.4068540814520283
ENSG00000291186,-0.4694959383789161,-0.6559296261657258,-0.8028776734388785
XNDC1N,0.3402846445338703,0.12258745593275229,0.353937908083548
RNF121,-0.42210470031661634,-0.4221594463375063,-0.2513135698210896
IL18BP,-0.7715104976185039,-0.6589499221386818,-0.5514027660799884
NUMA1,-0.5352573390563009,-0.7942781730667754,-0.48619782889160845
LAMTOR1,-0.6972225808189839,-0.5053436637924946,-0.6732480404148441
ANAPC15,-0.29855170343059007,-0.4230375811092131,-0.040727002329962424
INPPL1,-0.41449120656972843,0.013546320885062324,-0.5324238785473306
CLPB,-0.29141134378414785,-0.22814680660001238,-0.21183776312646432
ARAP1,-0.6456293020562995,-0.5094631626384434,-0.3741275664220077
STARD10,-0.47264964581208696,-0.6448336371963315,-0.29333594654150374
ENSG00000285693,0.09134845053872101,0.19990463753594404,0.22204565018992645
ATG16L2,-0.2817384377567187,-0.7400490289945161,-0.36262268052905006
FCHSD2,0.32054958503161396,0.39039105138268226,0.4115052668724566
ARHGEF17,-0.6809133861801513,-0.3039421017311384,-0.6440633336620998
RELT,0.039197728091604496,-0.5580364127524184,0.012915836491242129
FAM168A,-0.2241367563804175,-0.5084232532586022,0.18068207518791718
RAB6A,-0.1991421025651263,-0.39276721779686957,-0.4133054856691772
MRPL48,-0.40007901896602516,-0.3565078184195158,-0.8575880942301666
COA4,-0.4565903761871546,-0.649129265035768,-0.2590054309320244
PAAF1,-0.24064947754101598,-0.2451499555129289,-0.1249983175554732
UCP2,-0.5399444266381331,-0.37519135698362405,-0.652215817800709
C2CD3,0.3797025153596251,-0.6316802337445572,0.3152768787663333
PPME1,0.1456400610879206,0.16817070423922323,0.030476438564029668
PGM2L1,0.20771324048430628,0.2383095509701861,0.22383715363834605
LIPT2,-0.8970048429810191,-0.9020605012724766,-0.7880306685424117
LIPT2-AS1,-0.22147409466485257,-0.40539271948770766,0.12890192311682833
POLD3,0.5895935369804057,0.20138469770731862,0.42851025973668305
RNF169,-0.18103784528285166,-0.4541472900032311,-0.017378221582966133
XRRA1,0.04953553362218694,-0.1510293873254654,-0.01345646989662436
SPCS2,-0.3635104997103156,-0.9359782905728836,-0.7363600942674964
NEU3,-0.13813889770998594,-0.8450398008100883,0.2914731453858934
ARRB1,-0.06387750163161954,-0.3226976871911944,-0.36718708857507565
RPS3,-0.09183340736534445,0.09838117910019593,0.07156627057272588
SERPINH1,-0.16316919167934427,-0.5124901524556941,-0.18282014940950125
MAP6,-0.1324807699677351,0.6744268725486755,0.5065793663563519
DGAT2,-0.5518419916698072,-0.32894395251135583,-0.0317690620913567
UVRAG,0.17131094350680345,0.0989299778895862,-0.0012643027928511351
WNT11,1.2697390180580364,1.2565874739475156,0.031103299102703267
THAP12,-0.2953959876877406,-0.26335428791261256,-0.8103210310147908
GVQW3,-0.08257636839491773,-0.3436722841734295,0.2747703008184245
EMSY-DT,-0.20456974487869672,-0.31116563772155115,0.28118059567113823
EMSY,0.002804418761208128,0.024937090604773057,-0.5144818292653958
TSKU,-0.835342741925615,-0.8780500998755976,-0.9489982283500354
ACER3,0.2939776296164283,0.19462199440135206,0.14752599265633742
CAPN5,-0.6741413206311648,-0.9999133735845369,-0.8914768162496963
PAK1,0.09113726708896402,0.07783802038916215,-0.05650361271267098
CLNS1A,-0.7203585247718182,-0.3655577712924866,-0.45690064898445476
AQP11,-0.4044522316918205,0.03289279163312024,0.11994732201782911
RSF1,-0.5048070887638474,-0.6729412408074643,-0.8720798834755713
AAMDC,-0.14495386920821926,-0.6868093275974515,-0.3757648404863261
ENSG00000254459,0.685093483582957,0.3256100861684317,-0.18290389638952223
INTS4,-0.46731057612891297,-0.19530693791004697,-0.08691490503467134
NDUFC2,-0.45417633065588703,-0.7584582939047948,-0.26690254187137086
ALG8,-0.009693768145695015,-0.653242634172699,-0.4497067502716766
KCTD21-AS1,-0.37267697325135885,0.26882823156731217,-0.5485364652284944
KCTD21,-0.18944649711756156,-0.4274458922360261,-0.325833364848922
USP35,-0.17968400796227615,-0.08351572334662904,-0.8360777567729123
GAB2,1.151941883561392,1.0976698395960973,0.9443176617197828
ENSG00000254420,0.34026498394887733,-0.14803828627602658,0.053782159834888495
NARS2,0.04853187922359933,0.1818440455780533,-0.06332164882525153
TENM4,1.8380079611833011,1.9497408148313369,1.3996482938361545
PRCP,-0.2917357577821776,-0.41937252969792393,-0.7995525770240768
DDIAS,1.2437145907792484,0.8361842694411301,1.3396361546360431
RAB30,0.14329555110929695,0.34470845196085165,0.0696728670905707
RAB30-DT,-0.0871148846421051,-0.04577975902801507,0.07833566356697128
PCF11,-0.2978214031274859,-0.39483875098060744,-0.2467106882339146
ANKRD42-DT,-0.60629271446847,-0.0007877395012840508,0.15274387700167927
ANKRD42,-0.3423296786410397,-0.052498697127752854,0.09501790249794347
CCDC90B,-0.35040608928550304,-0.8750988758851577,-0.7873834417549048
CCDC90B-AS1,1.1483746122595484,1.182135665355755,1.2591370903058205
DLG2,1.3628417548282332,1.6305449623166322,1.4559776398007909
ENSG00000254787,0.042167308192762945,-0.24084323999577611,0.1474348364821302
TMEM126B,-0.841702447283879,-0.5810980517925906,-0.4270261002263887
TMEM126A,-0.533988740924304,-0.7364712876409493,-0.5514162183191118
CREBZF,-0.9144792119277909,-1.3798769075082973,-1.3301060442074544
SYTL2,0.7634435463980794,0.715505490864217,0.6509794879882804
PICALM,-0.2029160115991538,0.1167764156919696,-0.026314429030410435
EED,-0.3162745721071616,-0.22077191737769647,-0.7703359672757949
HIKESHI,-0.2852838689127211,-0.5947705421990078,-0.42473315677761647
ME3,0.8401480450531764,0.9978216615470537,0.1897020988669169
PRSS23,2.6182157193619986,2.289594727609817,1.7202765357420482
PRSS23-AS1,0.5319580106909356,0.9296256204153437,0.9020551522794129
FZD4,-0.09276910421827016,0.07013488750813225,0.5446431752611574
FZD4-DT,0.21630201262083298,-0.25477408554736053,0.22843257124647912
TMEM135,0.5379782085742875,0.2774048518333422,1.1594884034101973
ENSG00000285835,1.9298948829838523,1.6869409043032917,1.945268061020517
RAB38,0.4006764077220417,0.7194328043660753,0.8720532725246776
CTSC,0.22262173449604458,0.1213105623372002,0.04708606312908616
ENSG00000288018,1.5070029033081234,0.5564867380232208,0.9118711793805723
NOX4,1.9043493081473954,1.6179626978138302,3.0476366162498216
NAALAD2,0.456854073514343,0.8385284271737454,1.0699803467664992
CHORDC1,-0.47489438210989826,-0.33246310020199127,-0.24810937655339055
DISC1FP1,2.934800594736082,2.7528653863790638,2.2620437013762285
FAT3,2.5159406232646973,2.014651165074042,1.6483001352713451
SLC36A4,-0.22705997870614064,-0.3074650245713038,-0.13198124039742257
DEUP1,0.568816561660924,0.7872957347064116,0.8656932640397272
SMCO4,0.05243278483832361,0.29407599288058245,0.14996222148239016
CEP295,0.3454041740758597,-0.07322673438766009,0.08258525153639688
TAF1D,-0.4424013417888873,-0.5138541501451429,-0.29343279898489877
C11orf54,-0.9093168937330383,-0.8817470100144007,-0.8461628649455761
MED17,-0.47591940481723327,-0.7577017695476336,-0.2268922148199266
PANX1,-0.059914295923096744,-0.3193686974215489,-0.25587375925190514
MRE11,0.7098110417642012,0.08438053185651388,0.10643885132973442
ANKRD49,-0.16774286990537846,-0.08291337082357586,0.14031052831340682
PIWIL4,0.9030158825205525,0.9652934243405227,0.3517633335862414
AMOTL1,0.5038588605509631,1.0983098612196684,1.1687919935822784
CWC15,-0.7164960901200388,-0.6522568771766686,-0.5524919201327237
KDM4D,0.08728651196352288,0.4519375261800853,0.5641839647389871
SRSF8,-0.5293709875408297,-0.750194579180107,-0.675128910441483
ENDOD1,-0.2538165756263809,0.21706675189832927,1.9414458797926208
LNCRNA-IUR,0.29734549956549117,-0.6027346520687473,0.43633035989501673
SESN3,0.8206644341428557,0.37532203314309953,0.4561192105863938
FAM76B,-0.40828545447402226,-0.2530385694594202,0.26528036111499637
CEP57,-0.6081026147016537,-0.42943244933928437,-0.38683947315690403
MTMR2,-0.2568020386351862,-0.3491984886954995,0.42798480806730416
MAML2,2.0259798832480698,2.0472631199122233,1.8249073267456062
CCDC82,0.030906613041462777,-0.2769453078935378,-0.29730141255158676
JRKL,-0.015269525369838229,-0.0745995079833364,-0.34254143639936885
CNTN5,3.9531074494549507,2.4368817592614533,3.3951048794138927
ARHGAP42,0.43464056382416777,0.5526370979635615,0.23922430443941073
CEP126,0.5309627900760674,0.6592628653114048,0.47750070058063093
YAP1,0.29196348136028766,-0.014320074313065609,0.017123726716146582
BIRC2,-0.8740851577566211,-0.6679247724864227,-0.7484402282716935
TMEM123,-0.872288194822989,-0.8512493004206156,-1.0672627978783673
DCUN1D5,-0.4060134213228643,-0.520381045073659,-0.4477823121978339
DYNC2H1,0.49032937518446573,0.4373696843747404,0.26428249515896945
ENSG00000254987,1.4413731788432145,1.9188339369381637,1.9958868285518818
PDGFD,1.3230879452468631,1.4643192340716134,1.3144358891245957
GRIA4,2.767330446883232,3.2339579271777374,3.044466213041641
MSANTD4,-0.6442570917381332,-0.6141398586492244,-0.05576205500237919
KBTBD3,-0.1305941493007339,-0.24091379284670822,-0.16856967655140304
AASDHPPT,-0.5637666649626495,-0.7960062853215568,-0.8496615346518475
GUCY1A2,1.8705612984908022,2.7881752442378804,1.9503710783529442
CWF19L2,-0.2557514990589063,0.069577288385016,-0.011693034578993164
ALKBH8,0.32758269197771733,-0.1439385873710322,0.2432144174982653
SLC35F2,0.11397610983172515,0.4095640999397183,0.8219491306525839
CUL5,-0.8197351711508034,-0.9235941870706874,-0.9379549442472452
ENSG00000255467,-0.9902573910018333,-0.9976172855914882,-0.3076484962408834
ACAT1,-0.19142539956733634,-0.1693099461783874,-0.3056415808642612
NPAT,-0.24166711184367531,-0.22778022276229137,-0.19308520011169256
ATM,-0.35347658517819275,-0.3563058438703663,-0.32351263508308037
C11orf65,0.3649170593118179,0.8614387428594199,0.8504677095555984
POGLUT3,0.19783947658702414,0.2751971479215704,0.10489091608111781
EXPH5,1.8000861542313729,0.7968847011070537,1.1312618243024701
DDX10,0.11011958107379978,-0.07701382957045408,-0.05142650674789452
RDX,-0.6134376025089309,-0.5308572801196227,-0.6184709270804163
ZC3H12C,0.3304037211087482,0.01020723989991987,0.11331173969104569
FDX1,-0.6785541916502885,-0.7465501785088159,-0.6165138597356618
SIK2,0.310518681458337,0.4759141110522407,-0.03672993311891309
PPP2R1B,-0.6170770014635246,-0.6053191485848649,-0.16767748160677695
ALG9,0.02885984570056264,-0.2562246075744241,-0.22990626073653433
CFAP68,0.13490218241527077,-0.2697591113444169,-0.062023650099455145
CRYAB,1.5114125579286437,1.4518050961658133,1.6023339186876484
HSPB2,0.6474783481009858,1.028095390050769,0.9807926858279216
DIXDC1,0.5686746101311755,0.45707215508371485,0.140915103502472
DLAT,0.11304887116440901,0.06180444752030917,-0.4575730366465828
PIH1D2,-0.09067358373315672,-0.8261104644493429,0.003837444781033977
NKAPD1,-0.6791751929427045,-0.33268119506129773,-0.32284475605925067
TIMM8B,-0.24141844008678956,-0.41670245957587687,-0.3058360800729254
SDHD,-0.5173489252919089,-0.21823626212033173,-0.32670758485581786
BCO2,0.7333742154820726,0.6210031644029179,0.2527275101992466
PTS,-0.5741241753239912,-0.7509685783777087,-0.4637356730318806
LINC02762,0.5525346099773571,-0.2279599449702233,0.1847024395937318
NCAM1,0.7337735438497255,0.9384520159066979,1.002612253804152
TTC12,0.21123411619235447,0.25600340010987566,0.4169555447031073
ZW10,-0.3306676139215127,0.03525025313710722,-0.23766473881667244
USP28,-0.02310764498733066,-0.30175374178530134,-0.5226104605065913
ZBTB16,1.2202925521458177,1.3320357315786922,1.064302830808895
C11orf71,-0.1301688821224687,-0.21390687714017179,-0.7180189996411954
RBM7,-0.5403059153552442,-1.0309411242199822,-0.34009198930262124
REXO2,-0.03972522532714251,-0.472448105861961,0.0365899226744056
CADM1,0.6199191715651473,0.8361188654654015,0.5629807699755354
ENSG00000255580,-0.15180126515317133,0.0008461123118977829,-0.6510511032225388
BUD13,-0.34165438946789095,-0.3998461197695135,-1.4057753955636372
ZPR1,-0.47310006306897634,-0.6765789521292014,-0.1722827761763099
APOC3,-1.109525783365342,1.8996100793560764,-0.725321525789294
APOA1,0.042155511255721374,1.6953750607532214,0.27369577402899736
SIK3,-0.38742417204235835,-0.1920312426075697,-0.11349924123780404
PAFAH1B2,-0.7094962337549262,-0.6060949742125495,-0.7822770990594137
SIDT2,-0.7690792509114672,-0.6859320147143926,-0.426499326484059
TAGLN,2.025148537564874,2.4385750860136,3.0267426955098458
PCSK7,-0.07588337090088969,-0.08372408947407102,-0.7014340342375434
RNF214,-0.35624123907575717,-0.8399238066763708,-0.47339584585552436
BACE1,-0.43296293672001335,-0.3761515362852989,0.10456237758332769
BACE1-AS,-0.829035817163188,-0.5770885354892634,-0.3373292000707729
CEP164,0.2598144410228755,-0.04174329578168216,-0.38951982551325065
DSCAML1,0.9273171976413153,0.9962690957393078,0.6225775959416566
FXYD6,0.14451031245875962,0.38098289929208207,0.002324935366367219
UBE4A,-0.37138876545267513,-0.5438067874662237,-0.6220585480561595
ATP5MG,-0.4183255776650618,-0.512036074911638,-0.6944143516200043
KMT2A,-0.623894960287675,-0.5716013366533552,-0.3867792506568293
TTC36-AS1,0.1669500310718703,-0.4387728932791894,-0.26549956023408683
TMEM25,-0.8500881350576748,0.02230274078338814,-0.8666724671774695
IFT46,-0.3018492362778211,-0.5208851421539293,-0.231469110188641
ARCN1,-0.37441207996761255,-0.49624493995296604,-0.13409277795864583
PHLDB1,-0.5582943917576877,-0.7468911477029003,-0.5908484355302831
DDX6,-0.6653094754878205,-0.69016034305821,-0.27599974244819947
BCL9L,-0.11871649011082046,-0.2442899554082629,-0.22327841074170612
CENATAC-DT,0.17276682274470903,-0.7879604341223008,-0.7867258842103482
CENATAC,-0.48294335779532105,-0.14055680108933188,-0.16752419588945594
RPS25,-0.34106521361951175,-0.15765074205478946,-0.23657730726904627
TRAPPC4,-1.0260041092074914,-0.7246668068229134,-0.6498970025647034
SLC37A4,-0.6306609023421004,-0.046312536819119336,-0.7746509060449931
HYOU1,-0.2067620913122638,-0.16188943554611507,-0.391443327950725
VPS11,-0.23742166372122503,-1.0734465572456884,-1.1517708612883375
HMBS,-0.504600282994783,-0.26200210157626463,-0.09952318571979293
H2AX,1.9912187681948694,1.5118354780837038,1.7424464235851609
DPAGT1,-0.7752784229016356,-0.5504439646020353,-0.618951533455494
C2CD2L,-0.5417861377491278,-0.35079246221257426,-0.8936499211736226
HINFP,-0.7741715109700175,-0.5538069527764655,-0.38670611997285675
CBL,0.20454753512028034,-0.23794782211142615,-0.38247815607108393
MCAM,0.2655177357257585,0.6310292511955318,0.6244505487191141
RNF26,0.15028238890473491,-0.6574251436686289,-1.1023619818620567
USP2,-0.6397085199300783,-0.3420500805517755,-0.8463758468233777
USP2-AS1,0.8810823391380928,1.5856472795300895,1.0086489103866931
NECTIN1,0.6685883423927911,0.11354728977560316,-0.1398209896364193
OAF,-0.7729468221327345,-0.9765024212798075,-0.0031814594612029133
TLCD5,-0.6864975588418433,0.09527164496945766,-0.3523777141041933
ARHGEF12,0.01005539215156047,-0.21176551901207213,-0.25198895720923525
GRIK4,0.9643414981092667,1.2151536744074107,0.9853742585636844
TBCEL,-0.2583821763519651,-0.24169399116740206,-0.14543053494744035
TECTA,-0.13725901561175385,-0.052616484813775385,0.14320142491260063
SC5D,1.0953173276548966,1.1725559040753737,1.4136444141133957
SORL1,0.4290455347485498,0.1988065808058331,0.7359125649568056
MIR100HG,1.886905865681518,1.953149223432023,1.4075670159263378
JHY,0.6174087133597155,0.8879292077448327,0.6564634758129095
HSPA8,0.3872469124643594,-0.2488572091353376,0.11580801574072898
ENSG00000288061,-0.8135017990370557,-0.4731654905275419,-0.49089164883498887
CLMP,1.614969225659685,2.4010609227758763,2.134566400080004
GRAMD1B,1.456499471061207,1.5742442712573528,1.5713087233951804
ZNF202,-0.9818826503584362,-0.34214621305178033,-0.5117316666496237
VWA5A,-0.3111867950980773,-0.27647490805804864,-0.783428994742671
TBRG1,-0.543607035157308,-0.8495394190219123,-0.4299345139514194
SIAE,-0.1921283616649987,-0.5781684124104204,-0.3624750856525764
SPA17,0.6957581737211064,0.3096719609606282,0.3477446171447766
MSANTD2,-0.29001456475053894,-0.49779950618489727,-0.20822080199842222
ENSG00000279342,-0.2842622462464561,-0.6322984580614809,-1.3311894851107127
MSANTD2-AS1,-0.22464920917817113,-0.37621518329452647,0.011013898925909878
CCDC15,1.0446255185777744,0.4866383404476018,0.7351008664589216
TMEM218,-0.12554613306230072,-0.4798507865505463,-0.47738592701854554
PKNOX2,0.9024805943011635,0.7431967831462528,0.6476463445480078
FEZ1,1.2740844907243947,0.28639147373177926,0.6381545323719847
EI24,-1.0732927832571875,-0.36849326261114257,-0.841198340170429
STT3A,-0.6893384028179669,-0.19830840772459263,-1.164738712913941
ENSG00000288907,-1.2709425348561254,-0.6353621378588237,-0.22436707665242758
CHEK1,1.3242977015281276,1.3290321951475903,1.1074704463561922
HYLS1,0.3112858069766596,-0.023425658473630803,-0.3385937477633298
PUS3,-0.13143967145523663,-0.29505154756629176,-0.3248191502345215
DDX25,0.15296152871524873,0.0666455893235459,-0.46833428374022656
CDON,0.3352889704591711,1.0369348405798107,0.39018990630858846
RPUSD4,-0.0868007889809839,-0.11945600035098994,-0.6240356936505016
FAM118B,-0.445809864151343,-0.46884452000923815,-0.48394771058313063
SRPRA,-0.6751897859880708,-1.3886125657502149,-0.7644120089681046
FOXRED1,-0.48092029306281253,-0.18233642768034028,-1.0822656106134687
TIRAP,-0.17914829189648884,-0.417788872443655,-0.6105829837442798
DCPS,-1.0111730852461136,-0.4492969542460195,-0.4342547599597815
ST3GAL4,0.2715320603679458,-0.2766742367162606,-0.3740293984071315
ETS1,0.5037583273576304,0.9068873448891566,0.34257804088633387
KCNJ5,-0.38482904879862195,0.0607619249687267,-0.23673803667321633
ARHGAP32,0.6138937669898894,0.7855265580238574,0.6218904604925903
NFRKB,-0.9637694542749955,-0.4979789113710779,-0.3847265251848952
PRDM10,0.09255211165247343,0.14055421399883625,0.8000782322584854
APLP2,-0.18156835484368727,-0.16402310101526038,0.00018029403162601467
ZBTB44,-0.2935051272683431,-0.31926889975212797,-0.39527515606506824
ADAMTS8,0.45717693870649256,-0.07905791617665513,-0.5068125969563583
ADAMTS15,0.04387907278561447,0.8765537525044634,0.9081379059720726
SNX19,-0.10724928452768981,-0.28754472268883896,-0.41551975141472747
NTM,3.7711343072521153,2.4867888119486814,2.198571043055704
OPCML,2.5633822204240246,3.503188357213311,3.3459429626318062
JAM3,0.09956498599999722,-0.19525136312494948,0.24715703682183937
NCAPD3,0.3972555610778521,0.5006417719659311,0.22455093099705087
VPS26B,-0.24065852255804998,-0.4905359452612572,-0.13165071340685944
THYN1,-0.303386510931034,-0.39010727833164793,-0.795807203156091
ACAD8,-0.2975035950625937,-0.6277621787982355,-0.3814948404173286
ENSG00000261799,-0.2836176816214291,-0.8960664047686819,0.06001568811065988
ENSG00000290285,-0.3812161243400602,-0.36166663518773484,-0.3276230856784288
KDM5A,-0.3434283780822476,-0.5509777476979778,-0.5041830993418372
CCDC77,0.6710213211599658,-0.3000237292283039,0.10810592726056356
B4GALNT3,0.8389329158886625,0.7928132923412788,0.7294315708753382
WNK1,-0.45664567673426154,-0.4251555113765555,-0.2796109627021331
RAD52,-0.47457475728664633,-0.13432463084493665,-0.5276244522367116
ERC1,-0.15239360795035498,-0.1857539803297748,-0.03917699853341363
WNT5B,0.9271038498739053,1.1670029257316656,1.2103731755629674
FBXL14,-0.6211600339504669,-0.882879251796183,-0.4812125986503588
ADIPOR2,-0.5594766796865366,-0.43550985318664454,-0.3699573567894348
DCP1B,0.4352279921895103,0.011705617294524054,0.29782087723249623
CACNA1C,0.6109809200126842,1.0276188811183093,0.7917431413630905
FKBP4,-0.5338727709691363,-0.4373713927112206,0.10286939506623946
ITFG2-AS1,0.3591342435375857,-0.5875659114248677,-0.09941158180523146
ITFG2,-0.5269717240069057,-0.1033616063800196,-0.29056175802137224
FOXM1,1.2164110756831938,1.170016881380306,1.1956073425551068
RHNO1,0.11719915276454526,-0.0613406989838588,-0.2665115205887077
TULP3,0.016849864231350146,-0.2608339924254786,-0.35494111444697657
TEAD4,0.3084684463305756,-0.010768068779704308,-0.16073915010805348
TSPAN9,-0.29358757802571844,0.3524667989998527,-0.2063036595888122
PARP11,-0.3281371229036161,0.26960754556307265,-0.12442090436565673
CCND2-AS1,0.3992019826993598,0.17509574300655828,0.21394049245287755
CCND2,1.4777858793646992,1.9256774694187797,1.500886434748054
TIGAR,0.5509476640876834,0.23187067042121973,0.5776556496933303
C12orf4,-0.10048402943058227,-0.28599070342317395,-0.05826701194003544
RAD51AP1,1.8940636949477074,1.8544697906866006,2.125539539955362
DYRK4,-1.303199405970954,-0.2152352352301535,-0.29344819238376013
NDUFA9,-0.37583099346537446,-0.434597043190049,-0.5237275777305683
GALNT8,0.5956817763265896,0.5667694636506653,0.776774249433437
KCNA5,-0.7944510634646882,0.6363548896679134,1.144991895860425
NTF3,0.6714194499310935,0.5577515551801682,-0.26504584138062265
ANO2,0.3047455655794628,0.604566969877645,0.38123663433744065
CD9,0.4419952405211092,-0.4697356571814239,0.8755475260270131
TNFRSF1A,-0.12856363803991394,-0.45278791002146684,-0.15109681300981853
CD27-AS1,-0.5313612950563105,-0.3275210806423523,-0.441091018114399
MRPL51,-0.2741997003693832,-0.9476718932131512,-0.17217311666789578
NCAPD2,1.5176041927786983,1.0453217360165077,1.3519989839552338
GAPDH,-0.08641983496203848,-0.23387846876655874,-0.16028722826629327
ENSG00000269968,-0.6687152173593525,-0.7107236823738106,-0.39362985742248924
IFFO1,-0.3771311746962453,-0.8732547409593714,-0.11803292497157966
NOP2,-0.3198098295203274,0.053509849403763375,-0.10162129896067995
CHD4,-0.5853726681287946,-0.5818749582054892,-0.515429611907031
ING4,-0.8843180823086918,-0.9299959965440756,-0.2678827904395682
ZNF384,-0.1349631870198919,-0.5161410909146547,-0.06734717784716791
COPS7A,-1.053147572603045,-0.6268583584765893,-0.6111115590285188
MLF2,-0.49944744019322945,-0.6621218672653378,-0.7641077943039356
PTMS,0.2822047269361399,-0.0005060832506238285,0.19490055055617012
GPR162,-0.380842230756052,-1.3277806120776638,-0.1858540478687907
P3H3,-0.1879682525358852,-0.5687204994120343,-0.5697167866008712
CDCA3,2.672865807994615,2.1386003310216744,2.520264282499461
USP5,-0.3807612083960485,-0.7706171446621859,-0.49090725292294485
TPI1,0.13821200696074962,-0.00764288266778481,-0.12202435309264459
SPSB2,-0.9433384898506105,-0.25822935493972926,-0.7044782902839124
LRRC23,-0.5566374194594594,-0.3306295794010232,0.02409678739194384
ENO2,0.13961362296242893,0.502046542420654,0.7245691703775171
ATN1,-0.2889752134078413,-1.1199141553655672,-0.30560509411380465
C12orf57,-0.008589788408944152,-0.03262592218683485,-0.09704743349882962
PTPN6,-0.5411869084630929,-0.34527439395691323,0.05572580632368583
PHB2,-0.4855912105936789,-0.483081324164644,-0.5504554992156444
EMG1,-0.218506124809533,-0.46554015737939736,-0.11850715019317098
LPCAT3,-0.5726012317006025,-0.01961186687439918,-0.4213953680958689
C1S,0.2212788852270223,-0.7119135341557907,-0.5359566966003193
C1RL,-0.10876432831159737,0.20030174923286018,0.5219630351429103
CLSTN3,-0.25129946851912516,0.1673141282786438,-0.765365626095182
PEX5,-0.3608610356463551,-0.844527733640767,-0.008841958369604478
SLC2A3,1.8699741618821193,0.514407251105073,0.7721787156308507
FOXJ2,-0.4221444118932496,-0.2722201800170687,0.18391756775965007
NECAP1,-0.4150718898964812,-0.385619169987013,-0.07625337054428626
FAM66C,0.15837373341089037,0.13067815061786794,0.03009713337326393
ENSG00000290940,-0.20573981745350517,-0.12564136642149393,0.011633264728370556
ENSG00000286895,0.5192811617036631,0.35538625498362114,0.11559828264850587
LINC00937,1.6365594639685597,1.145614346820789,1.3751936654797348
RIMKLB,-0.29440196750695335,-0.5114823813472212,-0.21039374656016469
A2ML1-AS1,-0.5133781089674123,-0.5751666199102701,-1.6230419000987304
PHC1,-0.8724977566193104,-0.9992108981187683,-0.3774347079032019
M6PR,-0.511743287083803,-0.8703157216155049,-0.9911127632359182
KLRG1,0.1782067915702861,0.2303214185641024,0.29159947227847377
A2M-AS1,-0.225323452592697,-0.9640808813804574,-0.7299178691098405
A2M,2.9542912826350936,3.642912995247336,1.9560085309090702
PZP,-0.36533283243810644,-1.134516297124005,-0.41890147558036617
LINC00987,0.9808523438290742,0.0924478345507679,0.206349551038862
ENSG00000284634,1.071562995971476,0.6677191053440126,0.7425124610740568
ENSG00000291107,0.06632674895606522,-0.9349168929003149,-1.2084779652236648
ENSG00000257027,-0.44155848833207395,-1.2293760097579955,0.034762549648188854
CLEC2D,1.0181969662994739,0.6614566461600333,0.5342377190529177
GABARAPL1,0.4526515090619157,-0.1311981186636366,0.3457017223313486
KLRD1,1.405277678923973,0.5366359257257506,1.2203604863419422
ENSG00000290537,-0.07936518458489411,-0.7027567402147596,-0.7866050392971964
MAGOHB,0.08315096436557207,-0.23034768677787198,-0.16970460301796209
YBX3,-0.12767322100800624,-0.015682558602989633,0.15268476210044207
PRH1,-0.5407903775216242,-0.34924235758122174,-0.354193449383999
TAS2R14,-0.3610149493836658,-0.761528177964621,-0.4044822154881444
TAS2R20,-0.6278292888124853,-0.44019019261834924,-0.9160048883358521
SMIM10L1,-0.28681043182720245,-0.5454404510407826,-0.605210948071594
ENSG00000275119,1.2104314534700507,1.2067247375742447,1.1166929573774595
ETV6,0.1975124754900541,0.29787769303522893,0.20277149570223324
BCL2L14,-0.550222691409857,-0.7329688030143586,0.04842716783586811
LRP6,-0.23871678899815052,-0.49786461862920456,-0.30919334729415127
MANSC1,-1.3727164470294113,-0.7894898957216014,-0.9833050890975237
BORCS5,0.4209678241835632,0.1271455395158689,0.12861370989746845
DUSP16,0.5302783013574235,0.6985940723258467,0.5372342458069781
CREBL2,0.35865114052659314,-0.6662821833409537,-0.4761401615106244
GPR19,1.0823228346251277,0.1499331882295713,0.5848778829834664
CDKN1B,0.1934918119114286,-0.058031894330902424,-0.059151669879000196
APOLD1,2.560161170077027,2.8693700004214016,2.5078699494946832
HEBP1,0.11415301336395704,-0.9654626695922631,-0.2510884657438481
FAM234B,0.24334669073921233,0.44987581650323344,0.1748969790360384
ATF7IP,0.01895027183199713,0.1443762958007468,-0.062235017472520644
PLBD1,-0.23628075472147708,0.029131561107920596,-0.2511475602801205
H2AJ,0.15921367951032647,-0.05187447410004251,0.08702433198180877
WBP11,-0.19001202340525933,-0.4431138151289638,-0.5343237442143048
RERG,1.6651675640421963,1.6066472394639106,1.5749974953558734
EPS8,1.021870143844918,1.870881085759887,2.264122000840306
STRAP,-0.6667458370530817,-1.055700224998752,-0.937872990774931
DERA,0.4709750522567014,0.3345218091971276,0.6230111586596259
MGST1,0.687343244729334,0.6002224275476387,0.7700457365776181
LMO3,1.864546825334017,2.0442613920537624,1.667765840530837
PLEKHA5,0.818951136502589,0.9887787422650832,0.28201113667746824
ENSG00000253284,-0.7394745706066317,-0.35994727163836515,-0.4538849575473948
AEBP2,0.42847520920205895,0.15732440984464446,0.34649135809116055
ENSG00000255910,1.482533124794788,1.541386351775028,1.7149155725789669
LINC02398,1.1153129422875274,1.1981636466609622,1.2061377496583212
ENSG00000287075,0.4833631915859762,0.59817136777923,-1.3584304394993438
PDE3A,2.7594890242738828,2.7862912620608675,2.234136866293362
PYROXD1,0.27586809686481933,-0.13199229356543893,0.22518028211034744
RECQL,0.14805906985705866,-0.2558498159702758,0.17810754395641484
GOLT1B,0.30506616104558393,-0.6402925954552252,-0.085917444507956
LDHB,-0.2058834579655127,-0.3469467271300389,-0.46319136846384984
KCNJ8,-0.34620513697739236,0.3145810717648842,1.0409677302998617
CMAS,-0.34552073183420967,-0.5824046744088811,-0.30034520832883166
ST8SIA1,1.0706625403324246,1.3731711080850992,1.3053982385490812
C2CD5-AS1,-0.3880389025862634,-1.0979749081304782,-0.38751794211817625
C2CD5,-0.3094885690269571,-0.09757023585386554,-0.12718270294370626
ETNK1,-0.46886913180927786,-0.7171520672890885,-0.6630652619993108
LINC02955,1.8499345202110753,1.6540850490812424,2.5684466112337745
SOX5,0.9664357956204874,0.98968836265297,0.9263685037171926
BCAT1,0.656257895674262,1.4372649125871853,1.1277226281130908
DNAI7,0.28537038737771786,1.1474830979288022,0.4439639821124218
ETFRF1,-0.7050836452518396,-0.33008975297761717,-0.6219914257230066
KRAS,-0.4799788871837833,-0.5247897132803025,-0.21690008087093207
RASSF8-AS1,-0.23673147759610197,-0.05678411744210977,-0.25600408661526686
RASSF8,0.7657367281650097,0.7429518459690883,0.6567251323239917
SSPN,-0.10798335406273905,0.14266314015312176,0.10583721936651362
ITPR2,1.0175197887121215,1.4138476735310803,1.1499684061720608
INTS13,-0.3805057925909808,-0.050819765188158825,-0.20110880091822736
FGFR1OP2,-0.2779814331402796,-0.5334862381252597,-0.648227111303033
TM7SF3,0.21910054644874313,-0.4265783235055274,-0.16871222586680903
MED21,-0.5190727676873693,-0.23440579749458834,-0.25561100405626297
ENSG00000275764,-0.4923478021092614,-0.03720360789304779,-0.4481308090078784
STK38L,0.3461949615413893,0.4836313699194719,0.07339592417937613
BMAL2,0.8218221873969221,0.5480485880246988,0.2892375180079085
PPFIBP1,0.4261486662109419,0.021032767800509306,0.09605168015188785
MRPS35,-0.5275450150825698,-0.8187880818545317,-0.6265587744384185
KLHL42,-0.3637212674866,0.1848187866891209,-0.12567276166875269
CCDC91,0.17566262180479691,0.4280854862193948,0.6695043547174109
ENSG00000247934,-0.0035497027849515795,-0.5080998208499068,-0.23425074036757107
ENSG00000257176,-0.2090775552365009,0.2810213862037152,0.38890951518749617
ERGIC2,-0.44477388796731177,-0.7965858311765892,-1.0393368628728687
TMTC1,1.77777322727761,1.6952632328950301,1.9039171481068635
IPO8,-0.6175309204271925,-0.769404337251764,-0.6805723934467736
CAPRIN2,0.023667359772751584,-0.2220594003591003,-0.5279026685218504
TSPAN11,0.2263838531588576,-0.05646325619262533,0.43185166732754615
DDX11-AS1,0.1977270849355505,0.4135522618641296,0.26960963603294635
DDX11,0.17028134933005754,-0.06532713385285402,0.18443278461119308
SINHCAF,-0.3290423161001747,-0.0818149925703047,-0.4167547672610468
DENND5B,-0.0891389660808421,-0.035300871118064285,0.026705470069003867
ETFBKMT,-0.4337873051171607,-1.551009666469362,0.29783320051238954
AMN1,0.6554418534060851,0.5064831605943318,0.48084988347635615
RESF1,0.28114877305194946,0.6515282978999543,0.39049850546763665
BICD1,0.3020412410049609,0.5488829797961792,0.4404079443672799
ENSG00000274964,0.03549451773439561,0.03355447520475608,-0.7827001600564181
ENSG00000276115,-0.39451131864263184,-0.6221401089761079,0.13977608293306085
FGD4,0.8429339781536846,0.80881493328285,0.7277405516035316
DNM1L,-0.42313557491557674,-0.6920232238087571,-0.8126579556283069
YARS2,-1.0628621633934152,-0.9321123317735243,-0.4551251534081259
PKP2,-0.028567484099504326,0.3432763237840692,0.14624630332155064
SYT10,1.168705093492111,1.6014057563266633,2.327774496359254
ALG10,-0.03714683088550427,-0.4268412120907428,-0.05036914152511685
ALG10B,-0.4861951981071684,-0.20554800710052132,-0.4365482492985784
CPNE8,0.9617600707681255,1.7893955477546406,1.7436758120531266
KIF21A,0.5762001922171649,0.5756001802665054,0.8453753994536691
SLC2A13,1.0306950583610544,0.9138066267822644,1.0977052157865224
LRRK2,1.3730594926005288,2.2998437012350834,1.2897381618625978
CNTN1,1.258419313149382,2.7597505492629075,2.1949060418687125
PDZRN4,3.0875912467616615,1.7786746784023109,4.331219210733515
GXYLT1,0.17150045708597977,-0.3202552612926511,-0.16656712955370517
YAF2,-0.5116051581163674,-0.12672605364935308,-0.47819922170418405
PPHLN1,-1.0118420537686141,-0.6264112620462541,-0.6157351325912188
ZCRB1,-0.5949317031491433,-0.21849368660970114,-0.15863059214198927
PRICKLE1,0.4161239218156183,0.6356693050911204,0.7904845580786405
ADAMTS20,1.426276572844909,0.7968635139455956,2.5582353391652646
PUS7L,-0.19517245820863852,0.4361534469360749,0.3214673356329988
IRAK4,0.024032588857895776,-0.08897840793650147,-0.16714824828923366
TWF1,-0.46825016971273214,-0.4697285975909615,-0.5823156032691371
TMEM117,0.7160018813327013,0.6857816114491655,0.6223249506759564
NELL2,2.8177746357364057,0.7889794364635385,2.827570081792132
ANO6,0.19947894091476223,0.1530221771924652,0.2790964613921431
LINC00938,-0.28010753555009416,-0.13547853576091023,-0.06166169921299058
ARID2,-0.16721343919216736,-0.2771089063781567,-0.2905314034828379
SCAF11,-0.7979347020739311,-0.7013092550108446,-0.774597419802209
SLC38A1,0.3090986793639665,0.5642773057284423,0.10030272315890443
SLC38A2,-0.03371341030635479,-0.059681513880136046,-0.253665235456193
SLC38A4-AS1,1.107887684365057,1.1975827860499422,1.163129587603553
ENSG00000257496,0.9247704847350917,0.45099937126186873,-0.30410670742353574
RPAP3,-0.8218164011069469,-0.4489426243621004,-0.7331644314616348
SLC48A1,-0.54088316392723,-0.3623709932649355,-0.2949538895371085
HDAC7,-0.4183394154041835,-0.3355539873753131,-0.0563728229384708
TMEM106C,0.025103693605572526,-0.04862593277216116,-0.42643271074744143
COL2A1,1.156157785416493,0.9771060680248668,1.4783742807147462
SENP1,-0.615658802893833,-0.24530731274520087,-0.30081885074113407
PFKM,-0.8219320339544858,-0.709024275264607,-0.8341759048624517
ASB8,-0.9972812881812878,-0.2635387264799683,-0.19073161774268146
ZNF641,-0.14509982737924076,-0.1497495093784558,-0.4616084475168804
ENSG00000257735,0.11794553386318533,1.1727865055861315,0.8443392880991745
KANSL2,0.06192575625138375,-1.0883399918405274,-1.231870429187797
CCNT1,-0.299083714481057,-0.8137807400128985,-0.8023955241335479
ADCY6,-0.287717007943236,0.08718616703738395,0.2485133599988139
CACNB3,-0.2941385391385402,0.1950058590831958,-0.2134817859521938
DDX23,-0.6943923108149193,-0.40007287695142685,0.018935924907612593
CCDC65,-0.6661518410909366,-1.6604745068958522,-0.3966077785092672
FKBP11,-0.8958558205320521,-0.9352731849777776,-0.028359831762777798
ARF3,-0.4464383903449587,-1.1662482470301576,-0.5294385844346152
PRKAG1,-0.3036772753508466,-0.7427069400587669,-0.40474204948370834
KMT2D,-0.16359618915764076,-0.6898314906452151,-0.6254790248612673
LMBR1L,-0.5489385465187729,-0.23546962993241743,-0.3650794535781295
TUBA1B,2.1856545344415608,2.010005804298517,2.072802810468632
TUBA1B-AS1,-0.12316113443850801,0.15217626835386971,0.5003062385252406
TUBA1A,0.6052294752389038,0.9664165183787787,0.8089679591904327
TUBA1C,2.3532731016267725,1.7009050693006635,1.45992761445142
TROAP,1.9385156686434115,1.7555319720393605,1.6295680872726983
SPATS2,-0.36762987034624933,-0.28622149738621866,0.11392610073471933
MCRS1,-0.9664773513449418,-0.40655171236316073,-1.1278350389884402
PRPF40B,0.18558126057848048,0.06717856542379508,0.13092468341890393
FMNL3,0.3618153015176518,0.48711170520775937,0.07496703122324526
TMBIM6,-0.3807409606056602,-0.23285701289860586,-0.7577530278903382
NCKAP5L,-0.1291432454994777,-0.4167173912843971,-0.9250856376262959
BCDIN3D,-0.6250294207532433,-0.19462691588539016,0.03900550089963773
RACGAP1,1.9187546135341726,2.1167301570984556,1.5171181801316571
ASIC1,-0.7519480057404665,-0.8055764889665511,-1.1069085550939413
SMARCD1,-0.8049010709335889,-0.6985472403805382,-0.6329659061892164
COX14,-0.7127758335650114,-0.45763050184234894,-0.22838067013352512
ENSG00000272368,0.05816987979455482,-0.015728599579919258,-0.1167169742894636
CERS5,-0.662485028669419,-0.16206314028377375,-0.15434053253932942
LIMA1,0.9138745392468371,1.3127517935377035,0.934636747205353
LARP4,-0.5902755792419256,-0.5727770671330995,-0.5798016244138998
DIP2B,-0.18426588557458604,0.28617826854878103,-0.08078343400638133
ATF1,-0.05871623499002967,-0.1846020058411142,-0.21105814726325528
METTL7A,-0.4332218925990042,0.06385227134560274,1.4294974309178627
SLC11A2,-0.08762216312593556,-0.46736330809081744,-0.6009512654058325
LETMD1,-0.08882381353134858,0.015637018055045426,-0.7173710266528559
CSRNP2,0.36706517762601726,-0.20607046541060822,-0.7735688207169424
TFCP2,0.051234705180697,0.12398193691474195,0.4127957267612104
POU6F1,-0.06136252667905844,-0.9971369529811476,-0.9041988382281724
DAZAP2,-0.3418211611979202,-0.8990953502618737,-0.6906356602923084
SMAGP,-0.25276379855254655,0.7704555867159789,-0.9299911580455138
SLC4A8,0.7794707618829583,1.6731232704512884,1.1693931583371153
SCN8A,0.6035444848539768,0.302719409657886,0.3681573911909126
FIGNL2,-0.13614075924153474,0.1908003161058857,-0.7392228326268118
ACVR1B,-0.346563594457237,-0.3682928551484856,-0.2709607172662274
NR4A1,1.0646449831697957,1.4639729658494858,1.2782346654370222
ATG101,-0.382284890348597,-0.9456532997001332,-1.1065280064902652
KRT8,1.2375769050842962,1.4383839055495962,1.1591200885626698
KRT18,1.5911749720922401,1.7707195945641985,1.5887693270040266
EIF4B,-0.3451180682885884,-0.35578885641889363,-0.27050278815564255
TNS2-AS1,-0.34066816854201676,-0.5737030452772629,-0.6445822146712921
SPRYD3,-1.217571468320891,-0.5641718960046695,-0.8541310959683273
IGFBP6,-0.00012510900106481134,1.0297780111592694,0.8341229435545437
CSAD,-0.3772523850929375,0.30083218095413866,-0.12296479056048422
ZNF740,-0.7307867466621332,-0.7206454514294336,-0.7554650762897026
RARG,-0.30410926507989444,-0.4606431963513274,-0.25165352935434265
MFSD5,-0.7570267748728874,-0.7819521913245673,-1.3040751739174503
ESPL1,0.4314870867792279,1.3737185119041087,0.7639269134934068
PFDN5,-0.7398718266100737,-0.6221674193783073,-0.8206632564684925
MYG1,-0.6364472451711372,-0.7152329155518835,-0.32688684998622364
AAAS,-0.7897754570692754,-0.19621625536449372,-0.8988936184158761
SP1,-1.0521921934846716,-0.17815791831293745,-0.7262503329856784
AMHR2,0.0948199767337456,-0.23035507262112992,-0.4753206484541225
PRR13,-0.6522026305251708,0.0032548961244245654,-0.29835059065673875
PCBP2,-0.8090777105826668,-0.7530839858569465,-0.8390212347769861
MAP3K12,-1.624713393858645,-0.5504793077678585,-0.686211039699213
TARBP2,-0.5701372052561383,-0.18488656933503836,-0.8194318421258018
ATF7,-0.5122355591155348,-0.016538690664852085,-0.3201563503027316
ENSG00000285692,-0.7033546919209108,-0.7787189974212012,-0.672523835022954
ATP5MC2,-0.6611972443669066,-0.4000852899326547,-0.5540941847558685
CALCOCO1,-0.5388051452100235,-0.5058551561244613,0.03563941206045829
SMUG1,-0.6403724304538372,-0.9066467947520493,-0.26165364580760914
LINC02381,1.7908401382414532,0.9244227003860281,1.0267352552122198
CBX5,0.21764692047496223,0.21938050308419937,0.10742834031096399
ENSG00000289154,0.1501362606801812,-0.6278123932026887,-0.2806426493449656
HNRNPA1,0.01927311308993747,0.4075906413692039,0.06223182992496835
COPZ1,-0.34269521403946607,-0.693473933597339,-0.7312830054180246
ZNF385A,-0.268803420401401,-0.45870073749389917,-0.7447849080121891
ITGA5,0.20988607351441144,0.4510863996535938,0.25736163824644004
PDE1B,0.04022729146941015,-0.24671175224081307,0.01210619413802754
PPP1R1A,0.6981504179248326,1.1990909927240025,0.6364089519990621
ITGA7,0.738778287389092,-0.20453162191419955,-0.3299698976307291
BLOC1S1,-1.1810936200382827,-0.3225860186175318,-0.14283888723160135
RDH5,-0.39088941716866554,-0.1957877319607456,-0.31366519183445973
CD63,-0.17363851922030088,-0.4081549314836721,-0.13282633645814107
CD63-AS1,-0.9707543683576638,0.03556482340343329,0.3678477702129683
GDF11,-0.17103378385869303,-0.11592814877814205,-0.5091052078613708
SARNP,-0.5989584929648615,-0.7124235882379892,-0.8839414807295184
ORMDL2,-0.31537943760770654,-0.5843300414705084,-0.7319641046396441
DNAJC14,-0.8863197067164242,-0.7650933547179726,-0.04790634157556188
PYM1,-0.7191521657456796,-0.3548408101131457,-0.3311176591555913
DGKA,-0.05088215797168515,-0.08540565045474582,-0.32509728227276474
PMEL,0.9068154800442052,0.8633914617474616,2.5446411124288417
CDK2,-0.23066546156651316,-0.5801976760455895,0.030931816198322165
RAB5B,-0.8981284241212215,-1.000625115867571,-1.1293912864123818
SUOX,-0.6354582188252672,-0.6959041305170643,-0.7438773815044506
IKZF4,-0.2689838362428603,0.09369761538254186,0.14943160924405424
RPS26,-0.22636862463786042,-0.22702898945842695,-0.20610752981262687
ERBB3,0.22909996027183507,-0.12736621594394396,0.020478495414291538
PA2G4,-0.09280973736123958,-0.2619085112110256,-0.20917746017964942
RPL41,-0.32956938828239585,-0.32360864963971453,-0.2546050061740886
ESYT1,0.208868739713207,0.4702211796677993,0.1742674185834865
ZC3H10,-0.14209790346854587,0.29228932308699035,-0.20611041322504423
MYL6B,-0.6339313647370056,-0.4964399403543603,-1.038331924268313
MYL6,-0.11066064645197214,-0.16188807174985165,0.09408579590105497
SMARCC2,-0.8035246704160244,-0.34140357572120555,-0.21394767778472362
RNF41,-0.20591850429308775,-0.17858657521951565,-0.4527522661017897
NABP2,0.034358029521691015,-0.4384785950027209,-0.32692483409287826
ANKRD52,-0.8740288042805204,-1.134855402977749,-0.3034341385335501
COQ10A,-0.9644790540429149,-0.35009425672192057,0.012554597194615281
CS,-0.9038751599720243,-0.3626505440956578,-0.7345751200299375
CNPY2-AS1,-0.3622381470228042,-0.5335551062154912,-0.06151220016772638
CNPY2,-0.21702255936633105,-0.6364225241420981,-0.6749350526571867
PAN2,-0.1368262217773548,-0.3142356128137251,-0.7086019615827794
STAT2,-0.9840459867598561,-0.4654988205177553,-0.6605235018514151
TIMELESS,0.6416430881474433,0.6939930665542172,1.0292084984117906
SPRYD4,-0.462566174657347,-0.4248158763028265,-0.32250706254015066
RBMS2,-0.36370682824007255,-0.3304271130538971,-0.3133890999888998
BAZ2A,-0.7423248308627137,-0.24437681937114422,-0.4496710232702199
ATP5F1B,-0.17836297660838693,-0.5361218352136419,-0.5229215874153325
PTGES3,-0.27542786574545985,-0.5666045509767664,-0.37440550393581873
NACA,-0.42913766970923645,-0.16220373016025746,-0.2868962434993474
PRIM1,0.5662630877022963,1.2003809944495174,0.7007686011040519
ZBTB39,-0.8384314885683892,-0.8541711226776806,-0.15542715923492165
TAC3,1.9099214824276274,-0.4729070573755934,0.9120892126861334
NEMP1,0.6255230148894347,0.5125826932299091,0.686103736523247
NAB2,-0.5911202696335387,0.11478989687283922,-0.09925494895306392
STAT6,-0.19107331914057119,0.07314836174385063,-0.5714263679873604
LRP1,-0.20045002008578552,-0.22995472743647477,-0.36363616665818554
SHMT2,-1.2230186867575341,0.7544707334259328,0.5953283366823747
STAC3,-0.86386947494994,-0.1282022367962057,-0.5613647225458999
R3HDM2,-0.30903618289144674,-0.5536434861546377,-0.17379967036607274
MARS1,-0.3134962899720115,-0.19331818285240837,0.25995194190013754
DDIT3,0.16668552242301254,0.46350752993034305,-0.08205154345271025
MBD6,-0.8398686574843772,-0.6705101763847062,-0.43784502915254825
DCTN2,-0.5567492756335639,-0.5139264883459801,-0.36583085491970385
PIP4K2C,-0.5695127846803949,-0.5139583614910634,-0.037129231259189724
DTX3,-0.29537211399662056,-0.39918857838594235,-0.34541470612392194
ARHGEF25,-0.8995301878363442,-0.33993821926567236,-0.7719346250125838
OS9,-0.13475107735505892,-0.5257917057542798,-0.6522171202380099
TSPAN31,-0.35689796310010286,-0.5406543737188941,-0.33056691906156754
CDK4,-0.0807815804492655,-0.2028201442679674,-0.18347257819170082
MARCHF9,-0.5606960826530029,-0.7598574336438553,-0.5009027884501727
METTL1,-0.6369261598321678,-0.48845733789614704,-0.3454294576630374
TSFM,-0.31577349058734683,-0.356097409200789,-0.19290388333652686
AVIL,0.37574472867719066,0.19141819476701719,-0.14728767145827246
CTDSP2,-0.8314041345686577,-0.5733435458726462,-0.7905302440408484
ATP23,0.4333963729038324,-0.23127990451837374,-0.13505307116677662
GIHCG,-0.5582093285960782,-0.4008980701044891,-0.0877681147666181
LRIG3,0.4198085679776505,0.700745142196844,0.9936609104776757
LRIG3-DT,0.5285587344393683,1.3751410784477685,1.1028090176998226
SLC16A7,0.4261931386587711,0.9226103929422357,0.8944701943716566
TAFA2,1.6674925740534832,1.683224880412343,1.7724158763607178
USP15,-0.2887498992633155,-0.21892154109356818,-0.07745403426353197
MON2,-0.4737359843266944,-0.4090962257985425,-0.44620258313356587
MIRLET7IHG,0.01529041516494791,-0.2969699514456003,-0.3727181551342013
PPM1H,1.2911793081590837,1.3984876519204263,0.9012985915887627
DPY19L2,0.12219002133730689,0.3965397468126782,0.4699516719120993
RXYLT1,-0.05578382694965351,0.5133665652198437,-0.05700454657877787
SRGAP1,1.407707949184804,0.5200848468052435,0.921505224432689
KICS2,-0.8819888606707416,-0.6299804907051864,-0.9682238897187858
XPOT,-0.1389267632636652,-0.0016062632156028612,0.38466383258669273
TBK1,0.11796036345885592,-0.044219688594768804,-0.09532781521269135
RASSF3,0.4073239322548297,0.5544073350510388,0.18832385322345147
GNS,-0.10619141601728896,-0.8663156265843028,-0.33018739543976494
TBC1D30,0.34336683278929664,1.17460592325574,0.30468195113600766
LEMD3,-0.6215706816070289,-0.35407959959763247,-0.5095153068864741
MSRB3,-0.22639821219696188,0.13158898621969337,0.12141979375827468
ENSG00000250280,-0.06253913236372811,-0.21125404879927961,-0.3612082721207841
HMGA2,1.0301334218396825,1.3698625013261534,1.4709938753341696
HMGA2-AS1,0.03246796107368508,-0.710118583829221,-0.47083555115249004
LLPH,-0.5355088330549052,-0.729228969841266,-0.7974714499727718
TMBIM4,0.28845462555576507,0.41499116191991087,-0.34927599703869916
HELB,0.038332200183066996,0.25786629904638053,0.6640835719907017
GRIP1,1.36511760415857,0.9077952963714075,1.424488765901323
CAND1,-0.763761284449636,-0.7790377563659234,-0.6648323320335621
DYRK2,-0.2663918427878933,-0.2208072661463732,-0.29554204016035973
MDM1,-0.4563745833505273,-0.24242288421713817,0.34003000624619156
RAP1B,-0.5974724991474822,-0.6995062069747604,-0.49205859613566005
NUP107,0.24364029429370862,0.01962042231732752,0.3769900776116906
SLC35E3,-0.16489747994693002,-0.15377790644830472,0.08869740074749904
MDM2,1.011259100468628,0.06843156173793823,0.8155930237096136
CPM,0.9593560264096652,1.019376144276162,1.4791432244895653
CPSF6,-0.7929616563239605,-1.1356257110790011,-0.7488972908517368
YEATS4,0.2579865295854162,0.27225717353691087,-0.1276351610446085
FRS2,-0.2755609832960993,-0.16317103132279345,-0.3473404480979205
CCT2,-0.1856907976437832,-0.6355551318468002,-0.1502913875271936
LRRC10,1.8368636434853016,0.7607114199751059,0.7010098060152998
ENSG00000247131,-0.41248804791344185,0.12908277107557006,0.22423443184667138
RAB3IP,0.526690290898447,0.7026627951125056,0.4894934745911677
MYRFL,1.1500740128530929,1.016918121320554,1.4537045971762765
PRANCR,1.3454291246306234,1.26832430882774,1.6558715428688338
CNOT2,-0.6951843060885459,-0.528545741329296,-1.0848602240838545
ENSG00000289283,-0.32493452775175063,-1.2448964175897501,-0.7708620232986547
KCNMB4,0.19095401237220244,0.26858635265767106,0.35019697029132857
ZFC3H1,-0.5048865797747055,-0.7932574379827386,-0.4804008427748627
THAP2,-0.24817710670332008,-0.3314738649976335,-0.04235966491396679
TMEM19,0.15142994093190149,-0.39022134520795143,0.10667026551138296
RAB21,-0.4534171790080918,-0.2274148611434512,-0.715284250797648
TBC1D15,-0.403363833887454,-0.3239129919120955,-0.35385783724378683
LINC02444,2.4459464588569695,2.8601912087936903,2.158464207155564
ATXN7L3B,-0.5426442293878716,-0.3687190002807376,-0.38698553774427674
CAPS2,0.4324198980604094,0.42408720769738656,0.7043165524484607
GLIPR1L2,-0.5635926678344595,0.5203802355561606,0.23152869746374452
GLIPR1,-1.1555171826896604,0.24691386011718205,-0.2794385345253971
KRR1,-0.8406854153750523,-0.37490610233604466,-1.1455262849431485
PHLDA1,2.4061734378516952,1.7462398077190073,0.32245141200061767
NAP1L1,-0.592895735479278,-0.4811910930390368,-0.6111949221290178
BBS10,-0.724341942911245,-0.4744344910511026,-0.4565554675852006
OSBPL8,0.5315202419323802,-0.1607647598210953,-0.23796861742913217
ENSG00000257526,0.8595588111571252,0.44858775440147264,0.7339134189741897
ZDHHC17,-0.5064723255618803,-0.3027152188626303,-0.3553834776131026
CSRP2,1.0501406110944451,1.0968215459126078,1.260517154082681
E2F7,1.495750000288357,1.8036329541329224,1.689970298683889
NAV3,2.328827851276305,2.3347799000250014,2.9130857794027065
SYT1,2.8049758463556422,2.174870569457621,1.2563591712025115
ENSG00000257894,0.5154799539532391,1.1211731540530714,0.6851366899738274
PAWR,-0.10225991837935666,-0.4062215057047247,-0.3479544510666486
PPP1R12A-AS2,1.0669423610212547,0.28415897070918916,0.9650257360559316
PPP1R12A,-0.6288947911299373,-0.7334727939508241,-0.6879266756248797
PPP1R12A-AS1,1.5676713472813866,0.03413398466150488,0.4434782533525343
OTOGL,1.470794811494713,1.6328113660152788,1.3537035944181
PTPRQ,2.1364159243037584,1.416577069467312,1.7082533219853495
LIN7A,0.8719166945247316,0.942523113102215,1.240930789623583
ACSS3,0.33571947508570676,0.7444413140154219,0.4429262603469795
PPFIA2,2.447740421715462,2.588551640799402,2.672286130350379
CCDC59,-0.5656232427905579,-0.5594488972854103,-0.4475843918951626
METTL25,0.4286895622730426,0.12707876180191136,0.45932598050503876
TMTC2,1.1496454382257468,1.551598933342408,1.3545620421726596
ENSG00000288941,1.9292689052696232,1.5735046274965647,1.7778951937144534
ENSG00000289309,3.18355755967065,3.9074118257700867,3.504420941489652
LRRIQ1,0.8898787722895847,1.0889959196315395,1.3350902403796674
MGAT4C,2.1522713001671114,2.7578116913391,2.0324052662021543
C12orf29,-0.46536410292083025,-0.2120650057723843,-0.3393342322044824
CEP290,0.10249383167736777,0.03239248344998552,0.09255690975175307
TMTC3,-0.10455495407684623,-0.23927293353478168,-0.2349306783471512
KITLG,1.8594225829206117,1.428168452459044,2.026395423038302
LINC02458,0.6605803115154849,1.709521987753842,2.169652045994983
DUSP6,1.4305629679581455,1.3361852036478261,1.3047836005541136
ENSG00000286608,0.005279071376058567,0.7257310579181536,0.905306629649182
POC1B,0.3949808857756097,0.1229042461169172,0.17291081386812468
GALNT4,0.09184339080626822,-0.024065194710278327,-0.473858323819261
POC1B-AS1,0.47488307619905606,0.2492980819064634,0.3170973248720977
ENSG00000258302,0.12753927161003992,0.5003221257354511,0.6980287506543023
ATP2B1,1.2243568424019138,1.1827830839885713,1.1829726721088818
ATP2B1-AS1,-0.0144226048572485,0.2507118685730348,0.18081761139078265
ENSG00000258216,0.9996782673912711,1.5274244995022848,0.7031860162816201
LUM,4.5734068840688415,3.547774641189992,3.939011278247193
DCN,4.554210094219034,3.21799203190405,4.146248357087426
LINC01619,1.6451289772822726,1.191009585356067,1.3060390817903453
BTG1,0.20087960131428767,0.26945495365496086,0.6321292435487038
BTG1-DT,0.6686792645143456,0.37297799880204957,0.760218065501647
EEA1,0.07854202674140955,-0.2680738389419162,-0.37253061728099723
ENSG00000257322,1.4643777422055102,1.2741321706569089,1.405470590103434
ENSG00000257252,0.7878156940984836,1.0311782905786515,0.8281513544568782
NUDT4,0.537515855489719,0.5259166189438034,0.9920045581413817
UBE2N,-0.6330246929028148,-0.8448472231622333,-0.4001866337538793
MRPL42,-0.6285159899118113,-1.126290865061673,-0.8033789372569303
SOCS2-AS1,-0.1875819366733858,0.6508548902141413,0.4615500308378664
SOCS2,0.15959512975436854,0.42657332469725867,0.2995606895954985
CRADD,0.8973220430982174,0.7910113951490452,1.0621646508719103
PLXNC1,2.1130058105261185,-0.09478866163309269,1.2799555307685182
CEP83,0.011624458723595325,0.15911341964812925,0.20279052748921692
NDUFA12,-0.30100024102034345,-0.9738562395983728,-0.7759561684107013
NR2C1,-0.6871241814841156,-0.7414304151934239,-0.8064230037296767
FGD6,0.27398156749774216,0.44678104874803637,0.612523348158529
VEZT,-0.3256349461846391,-0.4477280640921749,-1.1046905566590404
METAP2,-0.8935307228753082,-0.6450301883716135,-0.9642032583959264
USP44,-0.17762516590767424,0.31738626165436656,0.10745268359262278
SNRPF,-0.10424292697304693,-0.47081478746219224,0.15276026968979642
LTA4H,-0.3242632124467697,-0.49145747783610355,-0.21956179777284038
ELK3,0.1743502002862555,0.4527335598957655,0.11759440142781935
CDK17,-0.12375732360314723,-0.2988620701983074,-0.22452592808053148
NEDD1,0.058743180566413214,-0.11249634426771138,-0.30468014874842453
LINC02453,-0.33895766784869247,-0.2647897282972309,-0.7712154428177413
TMPO,0.8521017788037105,0.9312979355624691,0.6919362706324214
SLC25A3,-0.35194029548444655,-0.6793920748202852,-0.44517866356043356
IKBIP,0.4928488727450144,-0.019394186448135287,0.28690368549575146
APAF1,0.14338305725712538,-0.3129597399277771,-0.0075231706547321245
ANKS1B,1.5866524142296328,1.5316103018884846,1.6796215813508226
BLTP3B,-0.4988999699392203,-0.4571309115348967,-0.33999531965236685
GOLGA2P5,-0.35409086371300796,-0.4618314190836337,-0.3219938990492573
ENSG00000290576,-0.26357097349955433,0.1665068961499685,-0.6140165823512085
ACTR6,-0.20266157759618514,-0.39608692570315185,-0.3348130261440083
DEPDC4,-0.12406136685436671,0.3339817533496791,-0.272095020799771
SCYL2,-0.2953255355549409,-0.5795311593867893,-0.38287020515693365
GAS2L3,2.6324992186931198,2.407959593318978,2.2802236710162767
UTP20,0.07439318326504114,0.15748429706609102,0.35850551111611045
ARL1,-0.25939805360135887,-0.7797872289730776,-0.7450022449966056
CHPT1,0.276134034233312,0.20022963054204365,0.16078084225927475
GNPTAB,0.0766609664995421,0.23983829787270491,-0.08099843906567372
WASHC3,-0.3514533923384385,-0.37400376926400014,-0.6975506067192399
NUP37,-0.6961616519656886,-0.08029092244542117,-0.008584867211002484
PARPBP,1.6417606006569088,2.206549207021986,1.5676870113423398
HELLPAR,0.6031422958938819,0.35615644677580244,1.4925535707507471
NT5DC3,0.7447956557499076,-0.15280390805421368,0.01303838738126117
HSP90B1,0.4745386174603112,0.22566662659548706,0.4578106113775906
UQCC6,-0.5929020940775266,-0.6416541760096628,-0.1826575394605534
TDG,-0.1560522574394305,-0.30946493088201876,-0.2219366709111199
ENSG00000288744,-0.5487949842363307,-0.4472448070620025,-0.2967430511325162
GLT8D2,0.24401350680578923,0.6754091457890823,-0.6634466214039457
HCFC2,-0.1568764812228096,-0.33017105278391773,0.08788197515159271
NFYB,0.0649883653983424,-0.03186717494624604,0.39804709951201295
TXNRD1,-0.6091367097660303,-0.4801911770629416,-0.4590297433422776
CHST11,1.0433973365270397,0.9769872881926212,0.7412246951676663
SLC41A2,0.969380570733005,1.2095448418663857,0.7244490778685843
NOPCHAP1,-0.20903432654444382,0.9977117841355145,-0.19852997580895965
ALDH1L2,0.6062068424866709,1.5270341244902035,0.19795521513472636
WASHC4,-0.014862847222559592,-0.6046559737795754,-0.23274918178214327
APPL2,-0.31796987978665575,-0.0392018071473217,0.02049227796172566
C12orf75,1.1269184810755206,0.7846509601425778,0.4702028246717802
NUAK1,0.9478354198678964,0.7137779412445617,0.4769597782787933
CKAP4,-0.44621305565367214,-0.8420853831736538,-0.5193650269915723
TCP11L2,0.19949557661526998,-0.3377212586112144,-0.048862208928930784
POLR3B,-0.4408672508330477,0.018481956779730524,-0.2587134632309187
ENSG00000257545,1.5478551605887247,1.856912258744888,1.043879982952781
RIC8B,0.4574801016952534,0.28852672381829336,0.11618824502957645
TMEM263-DT,-0.41076258114302183,-0.23526296673220767,-0.343534580178492
TMEM263,-0.2423754749984752,-0.014555900023989208,-0.12290484800040606
MTERF2,-0.4444596335245912,-0.2275062233739576,-0.5945365881518468
CRY1,0.7704783830570889,0.2136186772984665,0.5614326912626098
ABTB3,1.492405125728876,1.4289365568315908,1.2286028532316848
PWP1,-0.483763551646355,-1.0846527860243498,-0.6142591315907532
PRDM4,-0.06169315364622467,-0.48007888596023557,-0.154510003535556
SART3,-0.4581116483280496,-1.1502124876763702,-0.771777502253709
ISCU,-0.39043180879164646,-0.877728933075371,-0.4716485448502858
CORO1C,-0.2108344652331482,-0.0619144068705175,-0.11296467011203502
SSH1,-0.13675884840666436,-0.33709359066124384,-0.6400864483455209
USP30,-0.4662972321142575,0.07418814574753785,-0.3102348382487285
ALKBH2,0.19283617685291074,-0.4021378242404517,-0.08870924570503996
UNG,0.02779915343246127,-0.32740459414583256,-0.282992793146363
ACACB,0.11993933064597688,0.25042206981509807,0.15933077848357866
KCTD10,-0.023978347680927267,0.058049352060692117,0.06897442760836371
UBE3B,-0.7270260495121761,-0.21366004299871832,-0.9433072246308356
MMAB,-0.011677422587027373,-0.22816403349705186,-0.17240463344069928
MVK,-0.29379285293977375,-0.23222491976450507,-0.2862896688866669
FAM222A,-0.11635344041164684,0.2279467489404681,0.41518725997885036
GLTP,-0.1970620407514332,-0.5247828342883913,-0.864138020159519
TCHP,-0.4768870213629874,-0.9609970360619791,-0.7957126854444816
GIT2,-0.5133098936527958,-0.027557784963608622,-0.4450430281149238
ANKRD13A,-0.35212466049518915,-0.2695191187410693,-0.3181359060731311
C12orf76,-0.443716462765444,-0.4686184476028998,0.14841457271254657
IFT81,-0.6788555382919342,-0.5848448853019157,-0.7293484855581625
ATP2A2,-0.15953611167251933,0.4597823472907478,0.48701385850523593
ANAPC7,-0.4720975988499952,-0.5417841608162705,-0.9981001898366558
ARPC3,-0.74920876482701,-0.47160467108377446,-0.2758334985684315
GPN3,-0.15954932468686073,-0.19542992214361374,-0.2540718063505238
FAM216A,-0.3318805992362677,0.18175041552077784,0.31427901531107943
VPS29,-0.38409006945888535,-0.5433586647028115,-0.6665566743030026
RAD9B,-0.3705618351561703,0.4484525018498466,-0.40357938634683777
PPTC7,0.12384339030289475,-0.2821709246968922,-0.772993894790762
TCTN1,-0.46210424732289107,-0.24151750353268397,-0.920941233785591
PPP1CC,-0.4096119033547332,-0.3858359232801867,-0.21531744454310342
MYL2,0.5812912226065166,-0.09639171765962828,3.497182787696598
LINC01405,1.0786937912390222,1.656533184919443,1.2986290980559296
CUX2,1.4663358534639848,1.5948338023140316,1.4023513489816786
PHETA1,-0.13234875882930913,-1.2890875083948963,-0.3160762997074756
SH2B3,-0.2632528031893991,-0.8584848663202074,0.058873764699725925
ATXN2,-0.7161838229747026,-0.6260460647531757,-0.37783830551320463
BRAP,-0.4077838675710553,-0.6278702408186021,-0.10468460885136825
ACAD10,-0.3072276429218767,-0.6316812056982287,-0.08343721726424745
ALDH2,-0.6794574983797119,-0.5088810478192193,-0.25883672941472113
MAPKAPK5-AS1,-0.747038501857503,-0.64378941484172,-0.5955702669408858
MAPKAPK5,-0.38719014946719105,-0.4217942663922471,-1.1481446562354733
TMEM116,-0.19091040025242026,0.2816191992862471,-0.15409496755019347
ERP29,-0.3920842545139323,-0.8893635849919123,-0.3709601210774807
NAA25,-0.5583043311054502,-0.5441235912367971,-0.7181241902512951
TRAFD1,-0.8847709647269681,-0.9140278808464259,-0.2370289253735649
HECTD4,-0.21578677667132953,-0.2955495929936802,-0.4096206459920886
RPL6,-0.4320016374316146,-0.1892829706442978,-0.23093243037193475
PTPN11,-0.4401565499301121,-0.4793881130982954,-0.08324570334644936
DDX54,-0.302475931104663,-0.5171783375104405,-0.739382794475688
RITA1,-0.893101255590885,-0.8549177553547302,-0.6028704296233053
TPCN1,-0.10191566004934671,0.10652222249731483,-0.16063612842595273
PLBD2,-0.634502126639248,-0.5693278961503517,-0.29104448125311677
RBM19,-0.014652801911143572,-0.6013970538000457,-0.29335781353728757
TBX5,0.7482832671404083,1.1811824354204177,0.6014487140597211
TBX5-AS1,0.13400176469358982,0.8338929425350406,0.09992856605273556
ENSG00000289101,0.8739611153919071,1.1170862300333262,0.8443047686836778
TBX3,0.6412816596276443,1.6821363379914729,1.2520440998613083
MED13L,-0.042301231400674814,-0.17013364730981814,-0.2503439038865949
LINC00173,-0.4463725590739571,-0.08273415905901514,0.063218688093162
MAP1LC3B2,-0.7511924146885782,0.16039183242447655,-0.5479012891764299
SPRING1,-0.651087814721393,-0.35496040281493885,-1.4842422916436675
RNFT2,0.618571218887105,-0.10126712373048719,-0.549228596342605
FBXW8,-0.07830568309137223,-0.3562466600441531,-0.3846817739762151
TESC,1.3890036498551872,0.6640059789640169,0.26159626097572897
FBXO21,-0.6044660850154813,-0.47081950596398764,-0.4158393022535983
RFC5,0.07584440274125018,-0.09224203550466474,0.3923543046305582
WSB2,-0.44415750470356846,-0.0076896069773510906,-0.5377700964877192
VSIG10,0.10139585404947474,0.10557580006634379,0.08579436176755095
PEBP1,-0.23837113472391278,-0.5916679414934798,-0.3931622447698082
TAOK3,0.6076087200769251,0.38254157281198786,0.3305216511342124
SUDS3,-0.8969126766828346,-0.7354529785106543,-0.5930737922232652
SRRM4,1.422104251899917,2.730323570098463,1.311861275642734
HSPB8,0.8674604703579795,0.6338979741676525,-0.2699944899204923
CCDC60,1.2536758803039199,1.6314545369055153,1.031315975776014
PRKAB1,-0.5933631112542058,-0.8425547567722695,-0.59767707398953
CIT,2.239240672899861,2.8119712507731194,2.069994593077759
RAB35,-0.4806850217009496,-0.6967559052102814,-0.22568900250507448
RAB35-AS1,0.030647485125285714,-0.15499863524356525,-0.32925070085342156
GCN1,-0.6472048209595158,-0.6803030338017493,-0.08432367508515524
RPLP0,-0.1552407455530371,-0.04900427695049108,0.11628613132133837
PXN-AS1,-0.2709492095614295,-0.38470543049482936,-0.4238566843546039
PXN,-0.45778597315587527,-0.43463319238783527,-0.8149567973036902
SIRT4,-0.9105000827944316,-0.5318154952791866,-0.013646486843615678
MSI1,-0.601118188322019,-0.6348434829961035,-0.3881074817495786
COX6A1,-0.1886493829252594,-0.15835665173510807,-0.3041402210761958
TRIAP1,-0.038604697435857774,-0.11250850485899024,-0.24689080154564635
GATC,-0.07637846906751024,-0.5164202650138031,-0.7221050923707361
SRSF9,-0.025496110609491737,0.26016923822233196,-0.3013510261284935
DYNLL1,0.5503183385036506,0.0975808925522799,0.0022916143973325796
NRAV,-0.7373828465197967,-0.8393454739330757,-1.0155223832153837
COQ5,-1.0009076663360155,-0.8705884116986163,-0.6861545569856097
RNF10,-0.9069132714076177,-0.7630401261729354,-0.652101905618256
POP5,-0.6396224748877621,-0.6494783533513983,-0.2888240573443533
MLEC,-0.29749332543500634,-0.5922348944294598,-0.5042897469395555
UNC119B,-0.4062418050213488,-0.7781733838824004,-0.7214631854415821
ACADS,-0.52352453163261,-0.1815494603771839,-1.180735579482235
SPPL3,-0.13239873483279394,-0.31090964016496153,-0.05988451520363113
HNF1A-AS1,-0.7464026074584106,-0.3689774644061643,-0.7570224631843026
C12orf43,-0.36363523446910045,-0.11162012197155488,-0.5682963593275474
P2RX4,-0.34227759538534386,-0.10660704845621535,-0.39480710047677897
CAMKK2,-0.25202360562067844,-0.7487197269230883,-0.15740904457923935
ANAPC5,-0.6900872427154674,-0.3010230649677261,-0.6436018806237237
RNF34,-0.15396022316249966,-0.42512594182736757,-0.39126695023384167
KDM2B,0.051335916337262075,-0.13447740956654286,0.11208989998464246
KDM2B-DT,0.2110156834407384,0.12207619848345165,-0.37772311918160645
ORAI1,-0.6476228358814994,-0.504557137434457,-1.0959971131888047
TMEM120B,-0.055090683116205276,0.018220219671235275,0.08775415817166278
RHOF,-0.4072907847857436,-0.3731382269212524,-0.2830671812290291
LINC01089,-1.275246068453793,-0.4066621296384696,-0.1873629498630223
SETD1B,-0.4691578247909191,-0.5749024517941344,-0.19478248029387052
PSMD9,-0.7019031846928279,-0.7076350101662889,-0.9789656544055775
CFAP251,-0.18603630515427125,0.7122184909646272,0.2706136917885793
BCL7A,-0.11621437485693423,-0.23575146130635363,0.282614163212358
LINC02985,-0.9870984729375393,0.08488871877206697,-0.8235648089018781
MLXIP,-0.09341801900111693,0.10928231678272844,-0.2314771104499513
VPS33A,-0.3325725456778876,-0.9070675322472468,-0.2962914895400246
CLIP1,-0.3423298266965276,-0.35185116662750454,-0.1279715560084967
ZCCHC8,-0.45275620365349306,-0.23878692657598674,-0.28682163910345077
RSRC2,-0.8325429539705205,-0.8144530020907581,-0.7165177878266107
KNTC1,1.2857472952521292,1.161245592390479,1.1941200815392214
DENR,-1.1159686944566403,-1.0420133783408687,-0.40060183475444333
CCDC62,-1.2743112338424893,-0.8787613964269809,0.20243105809899833
HIP1R,-0.6048262814738088,-0.916728724056931,-0.5056360622242337
VPS37B,-0.016997325147183818,0.0720345345364493,-0.33976284761078895
ABCB9,0.09603170386810336,0.14916142585832043,-0.07124944080011983
OGFOD2,-0.7365624993013533,-0.5431072380346116,-1.0131050512192843
ARL6IP4,-0.3426339221474847,-0.4474745513669199,-0.27481019294899417
PITPNM2,0.03192930154463976,0.4082191868005687,0.2903302663888461
MPHOSPH9,0.11353880661832952,-0.12940827375813768,-0.4655176280066335
MTRFR,0.1602466869747018,-0.12361220041563573,-0.0925001583289991
CDK2AP1,0.02620302796628952,0.16064166020975895,0.22472604892693937
SBNO1,-0.3667260630659576,-0.4971286136564394,-0.3817108255857775
SBNO1-AS1,0.11336286825985546,-0.18692923235437325,-0.0846044973058682
KMT5A,0.7212644858268576,-0.2550938008752617,-0.09036391414193186
RILPL2,-0.6489601147842271,-0.23809371817665337,-0.23373220461526148
SNRNP35,-1.0904254194654293,-0.13138099811084913,-0.5256960722736963
RILPL1,-0.3914106377652971,-0.5792873986297806,-0.705981960329126
TMED2,-1.0595664470093027,-0.4607970785798195,-1.1752790252094556
DDX55,-0.7612526913727784,-0.7340918977591855,-0.058537870633330186
EIF2B1,-0.7117921406495249,-0.6914801331092839,-0.6442693695222594
GTF2H3,-0.4988500439041382,-0.08977158846412792,-0.4971029783046035
TCTN2,-0.2041870961182078,-0.8261471312020667,-0.4308618695578766
ATP6V0A2,-0.0626935649724238,-0.3374931871914697,-0.08055330416155825
DNAH10,0.8611555162649224,-0.31601565644984925,0.5166612312246208
CCDC92,-0.3433802833356481,-0.5381395192303202,-0.4273220609349479
ZNF664,-0.39928432941940534,-0.33242470717032907,-0.544768967038479
RFLNA,0.8111492852771462,0.528086930602381,0.4775260762543319
NCOR2,-0.7572819703014346,-0.48899716436235957,-0.33784155573158964
SCARB1,-0.511080416043228,0.027996604492646144,-0.2122248243787617
UBC,-0.21225639027114346,-0.2394305462340647,-0.09025966237843615
DHX37,-0.46866484824597515,-0.38699051835547854,-0.07993525732728202
BRI3BP,0.9430398885519011,0.28296894718700466,0.8638907563422117
AACS,-0.17768727901123432,-0.4767569338642695,-0.6787117938353154
TMEM132B,2.0793701962038327,2.148410869832947,1.611387727060201
TMEM132C,2.3629069921480017,2.3915248899619037,2.0746198663577715
SLC15A4,-0.20355767095659869,-0.2998534238761365,-0.4316810515382165
GLT1D1,1.1590319034577306,0.5729861658930844,0.17547187664341737
RIMBP2,1.2070633161588624,0.43893799555583607,0.4152745683900782
STX2,-0.4715149933934449,-0.26653942774283484,-0.17894879811743888
RAN,0.3408410227007437,-0.10869121309854535,0.2101781645804194
ADGRD1,-0.24990665623488792,0.22587000644130478,0.1190723311783123
SFSWAP,-0.5096242220106184,-0.6205455223116694,-0.9677114279708512
ULK1,-0.49210125521823755,0.08948201736971124,-0.4197107291552308
PUS1,-0.9363349640840788,-0.37599569357611173,-0.30472041033583247
EP400,-0.767538571095038,-0.438977018889684,-0.3930737391651818
ENSG00000291171,-0.0914784418203496,-0.03481577065770122,0.0165851363614778
DDX51,-0.6933003307922548,-0.5580234811194239,-0.30018260623534937
NOC4L,-0.4638767171872971,-0.9678457940916161,-0.5766595359900643
FBRSL1,-0.5480800968041387,-0.4555123328023144,-0.630579566038321
POLE,0.5832977693528889,0.32213957131564536,0.7214324015527573
PXMP2,-0.4309090339981232,-0.19742938673753946,0.13716274005763288
PGAM5,-0.505048196622262,-0.6653775529069854,-0.19802346128759754
ANKLE2,-0.6426512790756399,-0.5170367919656657,-0.366835489485819
GOLGA3,-0.37655125584136323,-0.4031283403396095,-0.3267284403213679
CHFR,-0.3658835587128913,-0.04869759737027479,-0.4075147874077593
ZNF605,-0.28911356971640595,-0.3096133279802196,-0.5016634983617223
ENSG00000289516,-0.18731875620955657,-0.05616007704512425,-0.6686039950105283
ZNF26,-0.5059852819284139,-0.27569654345484557,-0.5030414400779472
ZNF84,-0.30178636854419244,-0.31807924672218846,-0.28526234094161035
ZNF140,-0.49221512871055134,-0.6837599141783101,-0.10150649985908802
ZNF891,-0.5618273694277393,-0.05930182609971266,-0.16917884410441886
ZNF10,0.07742386827740678,0.028003119255565426,-0.07757366180274514
ZNF268,-0.6244770505928159,-0.9529602603101708,-1.0515621861744258
MPHOSPH8,-0.4318397298591741,-0.9161605616774439,-0.5690860281915384
PSPC1,-0.35256244429810485,-0.4208973057487278,-0.1609989556488891
ZMYM5,-0.5695417866247857,-0.23176353158887147,-0.11854732874240165
ENSG00000275964,-0.10522654217759704,-0.42405778036831165,-0.1152758539947847
ZMYM2,-0.43160506023106393,-0.34452418140652347,-0.5050219360655143
GJA3,0.4574547586438235,0.6068023650859793,0.3714906468823607
CRYL1,-0.43661586648866907,-0.15658833017482723,0.22747196962162158
IFT88,0.21881010174847038,0.3277764200279591,0.27309851870974816
ENSG00000278291,-0.5191930979055677,0.8831427700478116,-0.041728454659011725
IL17D,-0.03991603773197024,0.3972224333146706,1.1969823464469762
EEF1AKMT1,0.2563840396862851,0.5033601696331083,-0.08137806664748837
XPO4,0.5186074912222267,0.6523165902031245,0.37905744924745116
LATS2,0.01914880568966384,-0.13537258178163472,0.4440755280119006
SAP18,-0.634420698525595,-0.8894572253666837,-0.944771855221294
SKA3,1.1782412846823043,1.7805074417084512,1.285916549384151
MRPL57,-0.5557458270621289,-0.4564642702013763,-0.43232874195792087
ENSG00000291046,-0.07442771543100685,0.13291068963823705,-0.12083759100347537
ZDHHC20,-0.3208095660444634,-0.1563517786850746,-0.2163856948355374
MICU2,-0.27855334784972285,-0.30665106992763924,-0.21485212208588328
ENSG00000289860,0.5998209067505798,-0.4852806337448286,0.006211264590955822
FGF9,0.6290763419430334,1.100696911653884,1.174243636021675
LINC00621,0.5768707723305084,0.22449435588319844,0.09977008123078679
SACS,0.2839750239212507,0.20165241739421083,0.44362871522967495
LINC00327,0.48342331546506406,-0.6654556077671144,0.6758137702735354
TNFRSF19,1.4733237111209725,1.9332113996864315,2.0977928633396026
MIPEP,0.47535232059346555,0.34134982752854975,0.020015966198016672
SPATA13,1.6225193310866857,1.589169438763875,1.4588455216455571
PARP4,-0.0828100507440226,-0.25960700118497826,0.13499576442529454
CENPJ,1.0858268818904655,0.8137037052106955,0.9356095712836563
ENSG00000291041,0.6951711195259769,0.3199028282330651,0.1843000680826563
MTMR6,-0.5425882424855004,-0.4125481494781944,-0.43176283442427993
NUP58,-0.2885614455527375,-0.6437654572804944,-0.12927134123205167
ATP8A2,1.8045041835231643,2.139724200855728,1.7166348865550667
SHISA2,0.9028043373178852,0.33117858378084014,1.5870147619780077
RNF6,-0.28257967408722356,-0.3968663112008954,-0.2189387868932507
CDK8,0.15999233036029278,0.34376477960346463,0.06212436709357762
WASF3,0.014376287372392934,0.06299680886462865,-0.0975501539145576
USP12,-0.40350252458682684,-0.5717499974548054,-0.5876983661322085
LINC02340,0.2563304835413795,0.4868036702566308,0.36315601687291377
RPL21,-0.4110110424810625,-0.13054082397708916,-0.19081732749527625
GTF3A,-0.04928493102731937,-0.1840850298864823,-0.35493755097212804
MTIF3,-0.7843243777598339,-0.5083238308973357,-0.10106250546684942
LNX2,0.16572282219756576,0.21388885658237558,0.4679780722668099
POLR1D,-0.6289904645944553,-0.23463544963015076,-0.35917761628077116
PAN3,-0.0678373791543692,-0.1641949013766748,0.10055125470561774
FLT1,1.714029058195056,1.38911477792389,1.5516121781527374
POMP,-0.4031466504478906,-0.6021583044974791,-0.7060211515792041
SLC46A3,0.3313480009631959,-0.3165510040953379,0.33760442119312734
MTUS2,0.9165488037283415,1.2060109803088626,1.0408891790227166
SLC7A1,0.45885469366248444,0.7747624336738497,0.6883692357993141
UBL3,-0.23097112689215749,-0.045874198453461204,0.11429723605454709
KATNAL1,0.12559803025974853,0.1793979167659003,0.27097897974475765
HMGB1,0.9100789594420196,0.37043067273664754,0.7205731649675863
USPL1,-0.606244449369928,-0.24671730745862772,0.09502144682236495
HSPH1,0.3209238343969608,-0.031018126800272897,0.10413667600508346
B3GLCT,1.191990093660582,1.3970164594231775,1.1200469069000967
FRY,1.5954621970909955,1.3323023348129688,1.943868915687677
BRCA2,2.1594614043974154,2.318947029016197,1.8583695663631588
N4BP2L1,0.20691030024538296,0.38542902135952417,-0.7201480841988825
N4BP2L2,-0.8830754985286013,-0.5710188044359158,-0.6433172255456795
N4BP2L2-IT2,-1.0070278229513043,-0.6906105843675084,-0.7548140993612442
PDS5B,0.14757502234284206,0.13026270662567893,0.14026597699574941
STARD13,1.7941626093972474,2.2287823333374703,1.6849663450447387
STARD13-AS,0.08454482262318307,0.37887356851670256,-0.05770601529336262
ENSG00000230490,0.9422444850878052,1.1389577626506906,0.20581628887683218
RFC3,1.9895405044703338,1.6587312690901257,1.7130046869238065
ENSG00000276672,0.08036726973864462,0.244500226491958,-0.1853235275460783
NBEA,0.279527714437247,0.5851210252838754,0.027537811105016696
SOHLH2,0.3241498010724975,1.0570519521861357,0.38960076178608816
CCDC169,0.18587263554729463,0.2552567893113001,0.08463027959533069
SPART,-0.38017337551299596,0.11602457811664742,-0.13641714616720785
SPART-AS1,0.8219545755693575,0.2840314298805175,0.24248386213189468
RFXAP,-0.16477185642056474,-0.06787255241707514,-1.0370293069466108
SMAD9,0.5491834360919405,0.3695801447603309,0.7783639008733765
SMAD9-IT1,-0.8934887016622355,-0.839042957159414,-0.8264221865610999
ALG5,-0.7161179547526899,-0.13887569827789645,-0.41533397172446124
EXOSC8,0.18316792563168605,0.14687896699506445,0.06962945207626345
SUPT20H,-0.7190992876112148,-0.7299517143163747,-1.4974082022940998
POSTN,3.521460026409912,2.6524542725373124,2.81509226551751
TRPC4,1.4107337918557086,1.6377306486592076,1.2492738486266148
LINC00571,1.3156642397728788,1.2276782648480093,1.256630046237003
UFM1,-0.7909853165616134,-0.0847697547784812,-0.8107954153154502
FREM2,1.9289665916019345,2.2628135033642316,1.9701178779523154
PROSER1,-0.5790668500093296,-1.36037818918847,-0.6823774648458923
NHLRC3,-0.43139223965505036,-0.21635558139782066,-0.5229920010913922
LHFPL6,1.9933148831648921,2.04614311199067,2.173607142086997
COG6,0.13762953164151526,0.02340289592311614,-0.21356672031038573
LINC00598,1.324027148006337,1.6810020471274676,1.1438361215108372
FOXO1,0.5939362273286405,0.41695605005283914,0.716842784785026
MRPS31,-0.5240783650248986,-0.5477939506308439,-0.6813108139730204
SLC25A15,-0.30999873465907163,-0.7026416972497813,-0.37500554184092405
ENSG00000290476,0.36261895258208554,0.36996862640556216,-0.0879382822191666
ELF1,0.42782257999082773,0.14961358758652202,0.5849152823009227
WBP4,-0.47999517460934626,-0.1412680683920335,-0.13675284215013414
KBTBD6,-0.747781114764944,-0.17953989772493978,-0.26531656170381274
ENSG00000278390,0.7584011233502146,0.31278025207168986,0.4678509603975413
KBTBD7,-0.6556060195359059,-0.6835728092671438,0.10433132372322614
MTRF1,-0.28931740204504663,-0.25218874960082616,0.23445813034788546
NAA16,0.018530756448608746,0.042060940296696714,-0.31029225390859233
VWA8,-0.17186937021184082,0.015168597912065688,0.1937990914043794
DGKH,0.7444842382269065,0.831436473499739,0.6693366150468876
AKAP11,-0.1561733110443413,-0.0699315322662067,-0.29964818798099907
EPSTI1,1.5868989799807522,1.816891356542996,1.310112743976937
DNAJC15,1.3390377917813794,0.9632114268061757,0.8314412647571351
ENOX1,1.4015757112328693,1.5688092269482503,1.8778948564904496
CCDC122,0.7343522802543347,0.7926921334718812,0.30876074871025944
LACC1,-0.04549037194584922,0.702231879471455,-0.04903952025782138
SMIM2-AS1,0.7977627966180022,-0.10881150063805838,1.2907584833095243
SERP2,0.1662841102496131,-0.39596260238066355,-0.7997833571284225
TSC22D1,0.11074199160819734,-0.04575544697350861,0.2367070100951416
NUFIP1,-0.30413706879942376,-0.0829989166606424,0.04692281062233041
GPALPP1,-0.8308795128450052,-0.5165709861251315,-0.4615425795749743
GTF2F2,-0.31069788791326397,-0.7403637031143226,-0.31643731526520824
TPT1,-0.6237139607542107,-0.5606414947111933,-0.46201065722381957
TPT1-AS1,-0.6201903925762622,-0.2101130963854736,0.04059836993504722
SLC25A30,0.15854813569361076,0.5591356147202937,-1.1174741278192712
COG3,-0.194561141117557,-0.7064368304179176,-0.30099077867366836
ZC3H13,-0.6392879311563604,-0.46468963920041156,-0.7621692126521397
LCP1,1.471134351951644,1.0529512831830559,0.8783215486909342
LRRC63,1.4010107422538205,1.2318699352653972,1.1949304235753324
LRCH1,0.12800450443259595,0.40870085677556744,0.3170562781850101
ESD,-0.179426058381825,-0.42913346157413207,-0.2672669454400917
SUCLA2,-0.2200096603091382,-0.9076392873190714,-0.467375561236139
NUDT15,-0.42897294715415063,-0.002437800451186674,0.24919007548337294
MED4,-0.6787682108292225,-0.9783298004820757,-0.5999682758161421
ITM2B,-0.5246117062852704,-0.3119752219134,-0.844409037161185
RB1,-0.22352594403404424,-0.26056631361704413,0.21792340299671767
LPAR6,-0.32345030628098215,0.36501803475387723,-0.08643289358282401
RCBTB2,-0.13318755037796842,0.3828365610780047,0.08456054563920999
FNDC3A,-0.46234372265714907,-0.37720083722081205,-0.14602256630843155
CDADC1,-0.14807497490718896,0.15167426464847372,-0.2832576587742394
CAB39L,0.0028727645599353328,0.2270571254720366,0.39670490025650545
SETDB2,-0.22544267182962224,0.05083638494949483,-0.19012135153299425
PHF11,-0.04502487091319201,-0.1743670767071386,-0.25214549726259605
RCBTB1,-0.28076669385285064,-0.28984025976198075,0.08768421735740961
EBPL,-0.5303438662982387,-0.3314247074203892,-0.853429118369732
KPNA3,0.06348666425605386,-0.6376994223438288,-0.29894457755310094
SPRYD7,-0.43230316066835434,-0.41244060677464484,-0.8385039992546801
DLEU2,1.9271071549389482,1.9268872684294003,1.5838957567938508
TRIM13,-0.42199775069660456,-0.27565230791474354,-0.48198852964497974
DLEU1,1.9062089024576458,1.437592934695175,1.1988277608611604
DLEU7,1.4981401663765261,1.352024127245194,0.6820919790351638
RNASEH2B,0.9214048392953132,0.8006172739551474,0.7645854489977816
INTS6,0.49723497721295123,0.6235768424436863,0.74296797719267
INTS6-AS1,0.2586027343244162,0.11684939081178666,-0.1333257762037476
WDFY2,0.7213373389336118,0.1377301365125874,0.28054488481453527
DHRS12,-0.6670209356956426,-0.411096335805425,-0.18882539502554252
ATP7B,1.8435192485854657,0.75142941651956,1.3647230337044363
ALG11,-0.3071591572656835,-0.26490748761831645,-0.3827539690046144
NEK5,-0.034492895952222866,0.22681024524299434,-0.37900975386282093
NEK3,-0.3151719763673384,-0.15125344648544467,0.08349297603458802
MRPS31P5,-0.4717895270295678,-0.33999754561728684,-0.17067187692096655
THSD1,-1.1084674128996532,0.4325389836252853,0.16880035023767798
VPS36,-0.5302246849414658,-0.8329721042519402,-0.9137514231650635
CKAP2-DT,-0.048801589997712176,-0.9484184406584042,-1.231810803705482
CKAP2,2.0309172574583094,1.8469873497517248,1.7773472397883516
ENSG00000290856,-0.490000731955437,-0.2621920509650799,-0.4925129790649798
HNRNPA1L2,-0.42300479575720823,-0.3196141372762895,-0.6180386691753164
SUGT1,-0.8118370623107083,-0.6415544677159808,-0.5540221102719657
ENSG00000288765,0.41728567343668393,1.7119751839249524,0.8211364811221067
PCDH17,1.5051042018075123,1.7708103567693776,1.79235875129298
DIAPH3,2.218662518984111,2.661397832562887,2.92171797572529
TDRD3,0.3442434323927656,0.35244204712272875,0.19825728026211917
LINC00378,1.9317844390505492,2.0346414885558524,1.4120201907076222
PCDH20,0.8964100035355216,1.7977450416813596,1.673035540201365
PCDH9,2.251562152634307,2.9542615245766655,2.2229316140883206
DACH1,1.9847622371312088,2.6134113355565844,2.1493365429431215
MZT1,0.7256705965592225,0.7535663636290869,0.5378199209749326
BORA,1.5622135234833934,0.412790444738306,1.0621616050713065
DIS3,-0.46282117259403316,-0.34611033481026254,-0.12442282706980021
PIBF1,-0.3422729685427192,-0.13616147210385776,0.07591074788268067
KLF12,1.1100905120265345,0.6687692761767075,0.23916847025164145
TBC1D4,0.7182834882676445,0.8769860256359471,0.7531729101205044
COMMD6,-0.6340240682598405,-0.38965200282011025,-0.5944345155214706
UCHL3,-0.43635587089124434,-0.25527209656401334,-0.1433307353650264
LMO7,0.1202231645804055,-0.18856936950512454,0.3482883874518734
KCTD12,0.8231085487030185,1.0634419604208993,1.2933235276852315
CLN5,-0.11573903922555569,-0.367497955771114,-0.38619956463358557
FBXL3,-0.19413564509695647,-0.44931659267114205,-0.5276412505565666
MYCBP2-AS1,0.8184871982638421,0.42081949273489266,0.3542393820200864
MYCBP2,0.15851438658522815,0.0044883405901216845,0.030793193877610023
SLAIN1,0.46250132771054453,0.33156185707460745,0.09544799482512537
OBI1,0.12379713085642044,-0.16114515650899364,0.033476610237052194
RBM26,-0.382574835708283,-0.39430814847989737,-0.5998756489782905
RBM26-AS1,-0.23998964637934608,0.2813319485054216,0.06382502610493992
NDFIP2,-0.6621983857426308,0.2456352606305927,-0.39149533934049435
SPRY2,0.40510995447964504,0.9227524620007372,0.4985723276818987
MIR17HG,0.2041767096029438,0.45082036044985685,0.3578033219585776
GPC5,2.9848853588158306,2.936673894899343,2.6963054212264232
GPC6,1.027149581979785,0.9375640487898451,1.3926959838399053
TGDS,-0.584260154943138,-0.08866661950472124,-0.699302968560751
GPR180,-0.27047000609571725,-0.485307369649366,0.2142467930995907
ABCC4,0.5034570534059526,0.875011470828035,0.5157753318568864
DZIP1,0.2538560843632069,0.34420755409180975,0.45974747984192277
DNAJC3-DT,0.42035764338820414,0.34719779595603123,-0.08632013428449886
DNAJC3,-0.40934084279647104,-0.3671773594953862,-0.033924847181740644
UGGT2,0.14052790293532175,-0.16208213381687386,-0.1971001070693248
HS6ST3,1.110604763993102,1.8421736216689268,2.17575438956532
MBNL2,0.16483117071445355,0.6477017142296512,0.35697164498605005
ENSG00000286416,0.7508264526899352,0.7903934732813376,0.43381800111025015
RAP2A,-0.10585473047470015,-0.13803391005155768,-0.1502073973826264
IPO5,-0.23369139257188112,-0.21701238173859852,-0.29045241375841974
FARP1,0.34830382168631496,1.6084221324988448,0.1979294875715673
STK24,-0.42963975339121063,-0.22207944342862618,-0.5404957623173594
DOCK9,1.0304857356397363,1.0724425615795248,0.7559099281425432
UBAC2,-0.4432934635836538,-0.1711339860359154,-0.18371738708874477
GPR183,0.21156244641312227,0.30607274133537743,0.8679182572730895
TM9SF2,-0.6362509547840781,-0.8018557411013951,-0.7591886785637777
CLYBL,0.404783023264649,0.7709696984160921,0.23270055402959142
PCCA-DT,0.21556982646669806,0.20055534331320146,0.22853800337707492
PCCA,-0.05206581961869357,-0.11611539422682433,-0.2814602220161077
TMTC4,-0.13998612473096014,0.017505665236178816,-0.23076085653968909
FGF14,1.9054655123376634,2.3105184207135565,1.8632688944529434
FGF14-AS2,0.16664921605343958,-0.24233907519706938,0.18287303365304547
TPP2,-0.2326969310384718,-0.2503968715455152,-0.7628445114627205
TEX30,0.10160492863739991,-0.12742844718388116,-0.44850561056492216
POGLUT2,-0.07545448721781867,-0.15485300292373338,-0.5443513536538446
BIVM,-0.3707822922047015,0.1714907161863835,-0.13552200046677146
ERCC5,-0.22922119434134908,-0.5922830334038879,-0.09453952226160209
EFNB2,2.29535488561352,2.10024831133698,2.516428644087899
ARGLU1,-1.0992790836827737,-1.1094346288635748,-1.01443346996696
NALF1,1.9954050627943651,2.039922460534701,2.3281079636860547
LIG4,-0.5833661955696314,-0.18145444677082875,-0.5951062169333632
ABHD13,-0.6266759484708615,-0.7140850314200335,-0.7503085070800459
TNFSF13B,0.8285252436187277,0.06156163841417234,0.8321778505770432
ENSG00000289901,0.01120055077969091,0.4565753618637736,-0.0036173567511781834
IRS2,0.5117584343582138,1.2879163293588292,0.7671538528105835
ENSG00000275741,-0.9660343377797389,-0.6873677584721669,0.08064652472551616
COL4A1,0.14937536333115634,0.6746802148545683,0.38961142775585245
COL4A2,0.14432876574948145,0.780780527108579,0.2021599070159041
RAB20,-0.22116579351691706,0.6864817336874545,-0.640207724873946
NAXD,-0.5448892903071894,-0.8047688053654696,-0.9138410832829287
CARS2,-0.6369644266847239,-0.13487978881873633,-0.5722811356130214
ING1,-0.39335923971461645,-0.18915215009726788,-0.28601146704164643
ANKRD10,-0.5759367016050732,-0.4246473533690356,-1.5586928665965836
ANKRD10-IT1,-0.505419751781254,-0.386317393357345,-0.585372456603352
ARHGEF7,-0.21628990581992372,-0.3289226728023635,-0.16452671380839234
TUBGCP3,0.026585398279330347,-0.2997240228910201,-0.005133616263432117
ATP11A,-0.06503456385694047,-0.1458048269092593,0.1039698294205032
MCF2L,0.2388484834364383,0.2425310212941909,0.7194045178192745
PCID2,-1.1369978602848327,-0.3465724140198816,-0.5252105176622734
CUL4A,-0.15405451664735642,-0.5430119534981904,-0.024041272604048168
LAMP1,-0.9324936326659312,-0.6424212245853766,-0.49625083153446414
GRTP1,0.037091290639462995,0.17731666234017143,-0.35378856161071687
ADPRHL1,0.4010152930685287,1.16775784020761,1.0282722967108882
DCUN1D2,-0.3557474603657518,-0.34548808998539465,-0.06570641964716376
TMCO3,-0.6845735543863825,-0.12246422993011667,-0.32743684395488165
TFDP1,-0.3018833403157686,-0.3378827184728905,-0.39119878718927836
GAS6,-0.06265087712000297,-0.2311396442038039,0.046063500216742874
RASA3,-0.28517708120676494,0.49204636834268817,0.01999513453147367
CDC16,-0.7583536184133095,-1.2746418788645215,-0.8956762886450882
UPF3A,-0.5729867682801953,-1.069351363335418,-0.7707969452368673
CHAMP1,-0.387176265890453,-0.8040405018709329,-0.1091252575922752
TTC5,-0.7107384911325063,-0.27638304276105435,-0.21440817483827598
CCNB1IP1,-0.5119246235070776,-0.40075360076572153,-0.044731952130334235
PARP2,-0.20997894343622298,-0.11634133298818133,0.057445248861817684
TEP1,0.002802654694150345,-0.18057255517757298,-0.17034916968172104
OSGEP,-0.4664546690235874,-0.9083592179961997,-0.7273437637437431
APEX1,-0.3769346218727882,-0.30178532866550617,-0.1366155207903858
PIP4P1,-0.17904726409668117,-0.5978784385330407,-0.27444635297159087
PNP,-0.18304799782534784,-0.006421550463262104,-0.3629266271489086
METTL17,-0.8428099990653521,-0.592992164324663,-0.7467409599963446
NDRG2,-0.9167516581563149,-0.3733287401771045,-0.5395766483177482
ARHGEF40,0.17216823404354284,-0.5716588549987874,-0.17353802415573585
ZNF219,-0.486735256311352,-0.9168795057687298,-0.5356465703845217
LINC00641,-0.6731624891426192,-0.40617142762804553,-0.2979280901221201
HNRNPC,-0.820803082212727,-0.9520199419517574,-0.88434507911823
SUPT16H,-0.20342125818507387,-0.08214884806820066,-0.15419767923190622
CHD8,-0.5270593316022741,-0.5128860526317709,-0.6342969940831261
RAB2B,-0.5789984981530267,-0.6614987119288749,-0.7790478031396654
TOX4,-0.7481758367216571,-0.8778447404059868,-0.538864780539182
METTL3,-0.3005651684215139,-0.8920050753148914,-0.7071214818164187
SALL2,-0.60927364998426,-0.6275232143952003,-0.6074320545373517
DAD1,-0.4909203341484983,-0.5114768170944437,-0.4779364038564396
ABHD4,-0.8794563610077262,-0.29417131726836837,-0.5629508307881927
OXA1L,-0.10274906415664725,-0.39093827457760705,-0.06317362080525515
MRPL52,-0.6231298593673315,-0.5436120357639709,-0.569735660928071
MMP14,-0.327738296557989,0.49439097861981907,0.12822353266008682
LRP10,-0.020441318777294226,-0.5329470620155057,-0.36447555434456547
RBM23,-0.4135965167408599,-0.68131126669552,-1.002447406493225
PRMT5,-0.4582510714738141,-0.7918914702709934,-0.6710854410640223
HAUS4,0.021973075097221823,-0.34303836049743813,0.35703484902974486
AJUBA,-0.19758811636276624,-0.23627165534061234,-0.47716376545309913
AJUBA-DT,0.2751024814493839,0.29461789670822475,0.08865744199998465
C14orf93,-0.740883269549439,0.3951752755708959,-0.052700818301410414
PSMB5,-0.24526872871815536,-0.8245270948979062,-0.4933802523168431
ACIN1,-0.7375659663971064,-0.8893207005465092,-0.8511821546322551
C14orf119,-0.5613494173138244,-1.233595765824301,-0.8632111900972035
SLC7A8,0.8478676417406278,0.18786701704678785,0.837217959559986
HOMEZ,-0.34438045579718585,-0.16976295136890232,-0.13936594961393925
PPP1R3E,-0.4424352932274261,-0.1387574588932843,-0.816371091595613
BCL2L2,-0.84190187469326,-0.5977822699322104,-0.12226465945360586
PABPN1,-0.9078384416194147,-0.9862385442935491,-1.1341943782762378
SLC22A17,-0.556709484102914,-0.14652934725490147,0.5241989427246594
EFS,-0.6817128043288784,-0.1390908888457431,0.20166480315160834
MYH6,0.2421847622116929,0.019500063443736348,0.3559115230990138
ENSG00000289973,0.3491476527833263,0.3440931080422231,0.3991728170270648
MYH7,2.5196583815010403,3.8420499632025304,3.2646005325073446
NGDN,-0.34871408155708744,-1.0048123391473922,-0.15016501912434427
ZFHX2,0.038093060403738895,-0.5822316250259583,-0.6960681167469502
AP1G2,-0.31532624360135486,-0.715220856951838,-0.3321815778536106
DHRS4-AS1,-0.523633512553822,-0.2314880761122495,-0.5327023707356525
DHRS4,-0.4596718983339301,-0.7584923784546228,-0.4216351667698853
DHRS4L2,-0.31416114912823545,-0.4111941693204955,-1.5888368932970423
ENSG00000286931,-0.26124600987782287,-0.27193956982733525,0.3732920499918358
PCK2,-0.520230381714029,1.1452518630078572,0.27992845921697557
DCAF11,-0.8364896442753071,-1.2869508601162067,-0.3827587320788907
FITM1,0.6610436768467842,1.0752734640525965,0.1622992563903516
PSME1,-0.45020022417652333,-0.21717149748717543,-0.29434600072026734
EMC9,0.11768829497700743,-0.036135372829690524,-0.3606312944768533
PSME2,-0.3970889478918026,-0.3995804706556321,-0.39788041343076225
RNF31,-1.2542810574001493,-1.1446505566160745,-0.6148152739858547
IRF9,0.005651349370836444,-0.47823214739866765,-0.32495429585039665
REC8,-0.435767276522025,-0.5368669390560576,0.08743654323754767
IPO4,-0.9300804518361083,-0.233110336100232,-0.5909798870637317
TM9SF1,-0.4030019763837203,-0.6954389837563681,-0.23197572629355181
CHMP4A,-0.5191716791116613,-0.7647247349442701,-1.074003573364454
MDP1,-0.4913823167345796,-1.1050738083116833,-0.5075381275173605
NEDD8,-0.5561796680062691,-0.6040027838637556,-0.5342686605481076
GMPR2,-1.0432514760684306,-1.0244044202789766,-0.8751027515793091
TINF2,-0.17156482722634792,-0.47708166043488376,-0.9250504794929667
RABGGTA,-0.386150897291543,-0.8406419286863738,-0.9436812178041336
ENSG00000288044,-0.7320569204847054,-0.7746905932203418,-1.7947019919268392
DHRS1,-1.0968945740794496,-0.5961508475054487,-1.1706970734639874
NOP9,-0.7119362543581467,-0.29089824744227505,-0.8269831560536858
NFATC4,-0.8330906720011093,-0.5258107044155623,-0.704499093729698
NYNRIN,-0.6652887342553342,-0.6450547094793785,-0.5110479950572184
KHNYN,-0.6320479675433007,-0.8590355659178144,-0.028721764790127193
SDR39U1,-0.6273577015410581,-1.388757765780607,-0.39301167941658116
STXBP6,2.2423007707865352,1.9957066507277794,2.239350744369492
NOVA1,0.4169822337095717,0.21801119643508923,0.18147077377255266
PRKD1,1.0286148160477389,1.5647140313426142,1.0034467064391457
G2E3,1.542467264287172,0.7586922938163418,1.0481379124291585
SCFD1,-0.11975890921027602,-0.42772536792423926,-0.5351853384617904
STRN3,-0.42977257851757494,-0.46874439680160757,-0.7634674050172983
AP4S1,-0.3054218191512063,0.04329574319638504,-0.2001395355200266
HECTD1,-0.515734313677804,-0.6013237810113772,-0.7099678540156873
HEATR5A,-0.30677008625536223,0.2856105658514316,0.16380097787700615
DTD2,-1.1383163050314593,-0.28384252981827984,0.07957896023488327
NUBPL,0.2015362083251339,0.14643615379968358,0.17560155987244744
ARHGAP5-AS1,-0.16156394371499871,-0.07026373199708406,-0.12406646114743586
ARHGAP5,-0.32661147039238964,-0.5323738087842004,-0.46348985784783636
AKAP6,1.4657564228703883,1.438746072652549,1.7535761266701329
NPAS3,1.4556794720931485,2.0130728274691343,1.7994878910050822
EGLN3,0.5816460785014321,0.7956501699667057,0.695440638109659
SPTSSA,-0.3992460507358615,-0.716713465349823,-0.3903344520910749
EAPP,-0.8414909511535457,-0.8326603972821793,-0.9426634396221978
SNX6,-0.5492629867973093,-0.5383570936978579,-0.7132625943774897
CFL2,-0.38194929295740465,-0.05869609909116496,0.01596059423941295
BAZ1A,0.1895286701039183,-0.042796102090207476,0.18222493812335472
BAZ1A-AS1,-0.028401905495687944,-0.09056825687354574,0.23343278897764824
SRP54,-0.5741966997525516,-1.2768382490707353,-0.7019230056217438
FAM177A1,-0.2003019529940602,-0.6063103336571841,-0.3658196087660919
PPP2R3C,0.008366615495518287,-0.0417239878837848,0.19153814546811876
PRORP,0.05911346863883444,-0.20328534122426942,-0.15787566997139993
PSMA6,-0.6295728665411282,-0.7640788515592796,-0.7436952088746268
NFKBIA,0.359646478295648,0.46624112983177207,0.002274014559720395
RALGAPA1,-0.4802402003347481,-0.20814951576544158,-0.20364024022839539
BRMS1L,-0.17461663571554814,-0.23778962717484123,0.2926290034855903
MBIP,-0.4043789605092059,-0.628754507893607,-0.8293653453680143
ENSG00000283098,1.3190030690218997,1.1326795823036804,1.2721793132844148
SLC25A21,1.0100654218360958,1.2021414121780758,1.4715816149914538
SLC25A21-AS1,0.08038816277435856,-0.42005075148261994,-0.10332637820425106
MIPOL1,0.6285782369330128,0.4503375885514415,0.37652550685831093
SEC23A,-0.5309570021994183,-0.3807004832952999,-0.1682077060864486
GEMIN2,-0.5248019327619708,-0.6627743805791191,-0.9101232924182199
TRAPPC6B,-0.7962027912352312,-0.7735884354612601,-0.2879717464018192
PNN,-0.69052202831314,-0.999266399830379,-0.5882391601100602
MIA2,-0.2939281255884154,-0.31973866844963084,-0.31878461507226064
FBXO33,0.23862633375963682,0.38319420938232085,-0.03130009137066382
ENSG00000258526,1.0121702084146058,1.1840659854760425,1.2442650196582719
LINC02315,2.709373020099701,1.6119572335676882,0.267403605440224
LRFN5-DT,1.049747661568155,0.13265681751658323,-0.028030381709037044
LRFN5,2.945569045971979,2.8325488281937794,2.095602672649651
C14orf28,-0.3097889421522346,0.09568351908901108,-0.3166644788761915
KLHL28,-0.40415146347503134,-0.2550874992666827,-0.437123192036605
TOGARAM1,-0.12357495095451297,-0.32217141341085304,-0.040906615686722624
PRPF39,-0.6511432990656765,-0.3440601030290615,-0.9700577259349323
FKBP3,-0.18551933743414756,-0.3722158354981638,-0.05060633853851476
FANCM,0.7815763800220913,0.51401810336354,0.41289813091976413
MIS18BP1,1.9780315951331566,1.541657706333389,1.6543734309005913
MDGA2,2.694039854035431,2.3538922087592518,2.211583375755655
LINC00648,0.46408343989372014,0.8288238855331221,0.39715559986600724
RPS29,-0.19041349832123977,-0.15352646234751613,-0.13745263464178945
LRR1,0.25678450333773384,0.2683152311179527,0.2590921709182367
RPL36AL,-0.49266916298359226,-0.6301946456614189,-0.7177501306038893
MGAT2,-0.543582661204333,-0.8696280687361693,-0.6033393581504997
DNAAF2,0.028229530872291502,-0.45008466057588586,-0.33241810779968967
POLE2,0.7901492440715963,0.4817543864742326,0.9062984590623984
KLHDC1,0.6065581935394171,0.6302234185380833,0.48893096032661626
KLHDC2,-0.9552370037963485,-0.8360832009030332,-0.5407341327008234
NEMF,-0.8147382494665791,-0.9206525421813865,-0.865343211981248
ENSG00000282885,1.9133232598114844,-1.1083413435724339,-0.6290438444437002
ARF6,-0.25172813721528803,-0.37438465727265674,-0.7664905035979963
LINC01588,-0.28364939612882983,-0.3938588091502418,-0.05784601743293645
VCPKMT,-0.3391123816409198,0.0964697954787007,-0.04716165334094315
SOS2,-0.3208330891088131,-0.2499384750671965,-0.27368588868448646
L2HGDH,-0.2603778882474437,0.15266928554643747,0.1303432584760885
DMAC2L,-0.442577204226236,-0.5575349018118879,-0.1089156001044565
CDKL1,0.5529253161433729,0.7117655417025867,0.5908846166482533
MAP4K5,-0.8612446398246583,-0.7626875245414092,-0.46252048521193967
ATL1,0.41663259486733034,0.5828544244291898,0.5915870545608755
SAV1,-0.35162705815823614,-0.5585046966374883,-0.0333867095548612
NIN,-0.11503856983679482,0.233318310595763,0.2943051562121255
PYGL,0.7856262303361382,0.49649532971518084,0.2670885907153071
TRIM9,1.1060226309633308,2.063588172591807,1.066137441606898
TMX1,-1.301796622491338,-0.3304010409292104,-0.3671939303848326
FRMD6-AS2,-0.5591193948984134,0.787210281754607,-0.40477537530650315
FRMD6,2.3376486091970783,1.524535778324136,0.5161037540804684
GNG2,0.5942613874897056,2.160279430844774,1.3013709817826715
RTRAF,-0.8018689040242677,-0.8118428812662479,-0.6454638237073843
NID2,0.026877456319141433,0.5984564359425484,0.1260177139450284
TXNDC16,0.7029556428141782,0.5210400089739409,0.29471155248048225
GPR137C,0.9463601841202482,0.9498348265313261,1.2567828898191173
ERO1A,-0.3499880145828129,-0.22456252090889703,0.2500585142710961
PSMC6,-0.8819992553182701,-0.634541327260198,-0.9764796628993899
STYX,-0.6100422261847279,-0.8845584924804406,-0.42678456417255717
GNPNAT1,-0.4011182834078397,-0.22433633580298468,0.12227087168832193
ENSG00000285664,0.3175834867428832,-0.4851367299891365,-0.21251895557779574
FERMT2,-0.22163362031605516,-0.023198538743660232,0.07133577995848486
DDHD1,0.333680339127671,-0.19403873295705054,0.06406172556789255
ENSG00000237356,1.5375675951985812,1.4670577367825501,1.5949891876363118
BMP4,2.032327578223974,2.1331753923169146,2.891491532057106
CDKN3,2.265477553848708,2.3305383731814295,1.9308720678853177
CNIH1,-0.5014593097625699,-1.1722791824726961,-0.6203051902272138
GMFB,-0.4476271200002344,-0.40189545605901245,-0.8261354240188226
CGRRF1,-0.5955199175212017,-0.36247553123062554,-0.8031480492840686
SAMD4A,0.795864494469498,1.1411647743913527,0.5178585670911033
SAMD4A-AS1,-0.35837222132239077,-0.6011527925467206,-0.24527782939677673
GCH1,0.00883571706721047,0.33994474611165515,0.19085382600853149
WDHD1,1.4663161611033395,1.0123899147307434,1.3706622731527318
SOCS4,-0.6024286039900381,-0.12432871379736461,-0.93914054040199
MAPK1IP1L,-0.6132605019866554,-0.49565870626303266,-0.9638122359000149
LGALS3,1.9339570505531967,2.2844434677663763,1.8229620456344051
DLGAP5,3.3070241244182768,3.228115870095106,3.162560985305145
FBXO34,-0.43536004701654113,-0.4402648997299643,-0.3890272867059749
ATG14,-0.2169533377434512,-0.4792752878517134,-0.14177289649989439
KTN1-AS1,0.2815081299387537,0.44167444310525633,0.28269413154945155
KTN1,-0.7084239374984982,-0.8059888124662145,-0.6690114650624714
PELI2,1.5993088515034835,1.5159846541373199,0.8864966671788715
TMEM260,-0.1673906226572335,-0.17321037859526806,0.5080313428723641
ENSG00000286257,1.52348950046078,1.304401788473612,0.1364533191016228
LINC03059,0.8035449996466183,1.273015633025313,0.604999354208374
EXOC5,-0.4831617971994683,-0.5603666856839737,-1.0718009603502487
AP5M1,-0.5491146121752521,-0.4857910129571543,-0.5680569781616782
NAA30,-0.7400914699875543,-0.7109831339333326,-0.4298709364285643
ENSG00000259969,0.12427370349632477,0.22140071050994697,0.8498241415069535
ARMH4,0.9679697079638457,0.5912023269050906,1.8537557046260744
ACTR10,-0.8438257069138828,-0.4653077439200999,-1.1297377836615787
PSMA3,-0.5385859173510853,-0.7924607511452031,-0.500628302240905
PSMA3-AS1,-0.5927750967489871,-0.4654488570077966,-1.4708017952507042
ARID4A,0.006015996987780954,-0.0827563323690726,0.1572418775086817
TIMM9,-0.8348114106094044,-0.4475013446158229,-0.6422217964386476
KIAA0586,0.9158958309358206,0.5236871091176596,-0.14349203639203983
DACT1,0.7107530494062145,0.7266892458413919,0.5073212861971043
LINC01500,1.7596232989823015,1.8409287667469023,1.4514105492241391
DAAM1,0.46618358092449336,0.22299649840849506,0.3640158327946387
GPR135,0.3366580631657179,0.06896048647751844,0.4669669264519847
L3HYPDH,-0.15055677608416215,-0.4649148788993998,-0.010550689608692267
JKAMP,-0.5850870720417802,-0.9388739663006973,-0.5984617815518476
RTN1,1.365115238948544,1.157494340746016,1.1975831121287044
LRRC9,-0.3437363324637701,0.07582769111456504,0.3936932052273967
PCNX4-DT,1.8218035755626687,2.126258922569164,1.8111470914808194
PCNX4,-0.23566637472333693,-0.20263894737251684,0.08546354809416463
DHRS7,-0.5687488569028645,-0.4375694996724953,-0.1688659852637677
PPM1A,-1.1527602716807799,-0.5916681025867766,-0.4197114098042824
C14orf39,0.6764949900068835,0.6591224866256233,0.6085477364345735
SIX4,0.3694605483143363,0.24082772105522918,-0.14217089108230846
MNAT1,-0.3303485809850137,0.08000956214583613,-0.4353762056009884
TRMT5,-0.21503351366651197,-0.1397604715029423,-0.03893383342359514
SLC38A6,0.6063071814997478,0.31965822552307444,0.2567682464349374
PRKCH,0.9722792309990531,1.1490193567063116,0.8450827500517698
LINC03033,0.9843865999034485,0.9114649417032297,0.5810064405999498
HIF1A,-0.5785516676646375,-0.6702867624768132,-0.4272964846492649
HIF1A-AS3,-0.531338258894298,2.9591706729365725,3.188036701592825
ENSG00000288928,-0.20163604380262962,-0.30412635943855904,-0.4058136373348695
SNAPC1,-0.5219796949527088,-0.35883196016586894,-0.08408469670862932
SYT16,0.9428793838625609,0.12258944698353245,1.176422358698943
KCNH5,1.9454809542843847,2.777908518706802,1.430178205518665
PPP2R5E,0.2553551006578977,-0.4397389818992181,-0.14669159445274355
WDR89,0.0531454335771891,-0.509554252396157,-0.5477501137702346
ENSG00000274015,-0.08723310599717139,0.25582341271482884,-0.0021076140447746877
SGPP1,-0.29957970766461983,0.5152784662375715,0.020809572761805933
SYNE2,1.1307742330714365,1.0979896313835624,1.2236570154230009
ESR2,0.33704309510456903,0.9979751744326854,0.38259779606541855
MTHFD1,0.1764846056431572,-0.020612488419583727,0.014503213081376068
ENSG00000258824,0.36432177972054086,-0.16351484175737235,-0.03945575804071309
ZBTB25,-0.4036827472804702,-0.31033643466564703,-0.18852658064819747
AKAP5,-0.25136222280355724,0.009785089768300247,-0.03688871299685209
ZBTB1,-0.4392413751540616,-0.36160741533316804,-0.243622306810817
PLEKHG3,-0.2875285479773418,0.0065520178795778995,-0.0034496047709815566
SPTB,0.543913825735217,0.7980960916891142,0.20868669531065018
CHURC1,-0.5207202290447306,-0.8397519547400627,-0.558359344477438
RAB15,0.0850591781417478,0.2095276649774505,-0.2779475635470198
FNTB,-0.15913490126417076,-0.23273231060732874,-0.007689160786608136
MAX,-0.05605473429121941,-0.20319078059544898,-0.29124191728068993
FUT8,1.109986905353015,0.9461325443297355,1.1923325397501152
ENSG00000258561,1.4730451073928386,1.765183549836049,1.6588045405163747
GPHN,0.44636736575008124,0.32302553117713023,-0.09330729082996214
PALS1,-0.164248554103473,-0.3386431288456642,0.021011821203217155
ATP6V1D,-1.0057996064160797,-0.4482871199170794,-0.459821900679394
EIF2S1,-0.24248754429246588,-0.6025908643819023,-0.15632010640721813
PLEKHH1,-0.07961848442164056,-0.34638926384431196,-0.4080709238157141
PIGH,-0.5824307221274836,-0.44939731388005905,-0.15583484082722882
ARG2,0.7222312126735347,1.6744617522989493,1.7788691179433123
VTI1B,-0.3505700150453812,-0.5706526915806799,-0.5420772925343513
RDH11,-0.1302338285013782,-0.4772606672533719,-0.21187812571642084
ZFYVE26,-0.33675451270487505,-0.3712139836796915,-0.08950862502797464
RAD51B,0.9912935235470819,0.7047422176491835,0.8921262605796727
ZFP36L1,0.7793492227903372,0.35379540777989504,0.4997239030497482
ACTN1,0.31574565787288117,0.6240216689561606,0.062076543485446195
DCAF5,-0.5102596130790751,-0.3486073984766982,-0.09699784633713197
GALNT16-AS1,-0.4009889119254524,-0.19675813990001953,-0.36162501363950744
EXD2,-0.31693829411259605,-0.38589283817790226,-0.18580358170704156
GALNT16,0.9337296742853632,0.010849977181532461,0.2289544806303318
ERH,-0.31638713271101787,-0.3975821832093125,-0.3123103238223486
SLC39A9,-0.31597459036968084,-0.5855711742358665,-0.046265692000609655
SUSD6,0.3699715692336873,0.061994059237584054,-0.6026039278137388
SRSF5,-0.942805274334134,-1.2981837216771162,-1.2833086300158065
SMOC1,2.5017425354551364,1.981460162066945,1.6531097202285459
COX16,-0.9534375452251815,-0.8197709137329134,-0.4759804491763973
SYNJ2BP,-0.37972645800879334,-0.7593419860325135,-0.7300851119586405
ENSG00000257759,0.9702305081212045,0.33419324309135945,-0.29686068160281565
MED6,-0.7719981479790476,-0.9175367838559616,-0.5986538125985312
MAP3K9,0.11939858074369883,0.49941133769987545,-0.3224341915726327
MAP3K9-DT,-0.26964415492551547,0.24849888492006053,-0.570837537004099
PCNX1,-0.1690094053094136,-0.16379086465677165,-0.2584210924659907
SIPA1L1,1.0070021607733324,0.9712231266448085,0.9238252194170437
RGS6,2.358291320143934,2.1792916883254883,1.3607197417314971
DPF3,0.19179432602039262,0.27188703824698385,0.020847940218928267
DCAF4,-1.1280339665571866,-0.36316484716826375,-0.5212935641044395
ZFYVE1,-0.012489415843642566,-0.10380844212729201,-0.22025953466802053
RBM25,-0.61810475554417,-0.981937869994443,-0.9569035779671679
PSEN1,-0.2764704541687912,-0.28322358699795197,-0.3872141213132245
NUMB,0.04937779934068229,0.04901553751112788,-0.2359892068522917
RIOX1,-0.5058016578081705,-1.2726867339912005,-0.5868896564049669
ENSG00000258695,-0.9251842522882292,-1.2337568295140855,0.07524495413402824
ENSG00000258603,0.8453297321798487,0.4673462226094535,-0.08239069383169093
DNAL1,-1.1084975735461455,0.00028267415143539814,-0.8653549521327193
PNMA1,-0.7022884421593396,-0.6909131194614168,-0.7141093761379373
MIDEAS,-0.26952153004029356,-0.016363175324297374,-0.08923954309791776
MIDEAS-AS1,0.03728672121824774,0.09954938793303478,-0.6933860030267276
PTGR2,-0.15423274221560843,-0.4054617472218886,-0.679931822789971
ZNF410,-0.9515456265511588,-0.21202984438099645,-0.45379996117979704
ENSG00000258891,0.30197669329243837,-0.32104382477184495,-0.09776166048524364
FAM161B,0.10877352584279273,-0.16479552081356627,-0.3134325217335743
COQ6,-0.12291853806867432,-0.6989310082888487,-0.5602116459926344
ENTPD5,0.27994993934911255,-0.35507122004267094,0.007961049491967753
BBOF1,-0.002890389237354133,0.3506910890981772,-0.13824806922612262
ALDH6A1,-0.350392504877437,-0.0994662880637947,-0.8274232257195884
LIN52,0.3607171764571007,0.38064028231686464,-0.05243038632961123
ABCD4,-0.8519067099465083,-0.6518504743741432,-0.9485376977494155
NPC2,-0.006304940942914756,0.05955750414173971,0.10932943817018176
ISCA2,-0.6970981572441488,-1.180083534890148,-0.857323784581869
LTBP2,0.17314530075384832,-0.10206033232381988,0.05908570479717302
AREL1,-0.2746289610306079,-0.281169914674237,0.08782489669028937
FCF1,-0.2875860278145197,-0.22696581599743482,-0.26148359992147624
YLPM1,-0.4754943825058718,0.046625960362533206,-0.45828939990332174
DLST,-0.6907096208646272,-0.5610551922821365,-0.19566899969470697
PGF,-0.11288088588544905,0.06589073851988297,-0.19374442761938226
EIF2B2,-0.8399038722683904,-0.5376157027235493,-0.12138233772488854
MLH3,0.16035441203258569,-0.1299844155987699,-0.1185929353582083
ACYP1,-0.04303895397545071,0.025833963317250446,0.10505455051139022
ZC2HC1C,0.27014270453691225,-0.519105105884158,-0.4043728928837567
NEK9,0.1364936430358803,-0.05117936708930416,-0.1361906816789649
TMED10,-0.9823077392657674,-1.2731639754325421,-1.1936837819641646
FOS,1.677480469742946,2.016541941456939,2.2812929472813224
JDP2,-0.04001955640709196,0.5613485731786731,0.7043847495446941
FLVCR2,0.7226917941771377,0.646502017916962,0.7129336632727358
TTLL5,0.3373657754896406,0.45765631545389246,0.23849525922689804
ERG28,-0.6184457975576764,-0.36352208697995175,-0.37692423156926574
IFT43,-0.1821857752614626,-0.33719893064620626,-0.3593759001294358
TGFB3,-0.1333088462304382,-0.17151933879571504,-0.6126792200697012
GPATCH2L,-0.2667312613451713,-0.5372044882620095,-0.2676790096249989
ESRRB,0.6022446480040387,0.8535473038751675,0.9655506878365259
ENSG00000259124,0.5211228375970158,1.457695651599753,1.6173419369023563
VASH1-DT,-0.15499922486437262,0.40305194561964086,0.47041895071755846
VASH1,-0.49491254369159415,0.5023127277800192,0.5153978884159827
ANGEL1,-0.13006733527322117,0.13013912040185,0.27611060494823647
IRF2BPL,-1.088734825296111,-0.45577347250926437,-0.15683517015757434
CIPC,-0.6282915221553013,-0.4568444270692212,-0.9741832930515315
POMT2,-0.6262652669554213,-0.3744322456164255,-1.0610691721511856
GSTZ1,-0.5571912234771369,-0.8695160591698254,-0.21102395140542998
TMED8,0.07783127251306972,0.05542877518487905,0.45787454856597165
SAMD15,0.5833381304324057,-0.1888217439805899,0.1474347210734805
VIPAS39,-0.9682149828364217,-0.516478307375241,-0.7755651745250951
AHSA1,-0.4670737579050871,-0.764374508377081,-0.7694680154296982
SPTLC2,0.0009788790311553105,-0.4158328793009716,-0.1729741719013234
ALKBH1,-0.16315111126251836,-0.2766412525761553,0.0068129544624752625
SLIRP,-0.4606962848270726,-0.2904611600981895,-0.543941687406086
SNW1,-0.6109342958463949,-0.23775582243007426,-0.7796802307928878
ADCK1,-0.7447998700279932,0.2444506915700053,0.15364997766846503
NRXN3,2.4061790202116633,4.670629893326003,2.303361559204827
DIO2,1.4683991293442276,2.076623506152469,1.6972037467706436
CEP128,2.072048897947603,2.2034284051753374,1.6842876097666313
ENSG00000284959,0.6805903659665269,1.1099836894143777,1.029224326221179
GTF2A1,-0.4152090285559994,-0.4839730248844773,-0.602524246187521
STON2,0.5720393683203149,0.8263097513183909,0.7946843757712507
SEL1L,-0.5712883640094617,-0.5596819245343204,-0.10425385083616587
LINC02301,0.8732691380921445,1.4820132551840004,1.217192628816722
FLRT2,1.7946141329063963,2.280124368728764,1.9151549924653644
GALC,0.22841297684821177,-0.42889387568543574,-0.17581453710813835
SPATA7,0.3445979816371932,-0.06390912420870624,0.1745831088555647
PTPN21,0.08669432224945343,-0.07813055329961577,0.24510078157792492
ZC3H14,-0.5927655086587968,-1.0530928684980374,-0.49746458070043786
EML5,0.8563624291557409,0.6122848762820254,0.7613846395395535
TTC8,-0.10017315974059568,-0.20279556569677834,0.1051396923057694
FOXN3,0.022635254349722838,0.033463194312893914,-0.15943566053270786
EFCAB11,1.1084879485395405,0.7599948429018895,0.5679716980176508
TDP1,-0.3512718339720777,-0.11882790452715847,0.04362371386417498
PSMC1,-0.731316194217257,-0.6866323544136286,-0.5159443395495984
NRDE2,-0.11508745692661289,-0.22184588553831833,-0.18586291774681746
CALM1,0.4264165118751571,0.46140525749895284,0.6239511617276143
TTC7B,0.2861179598628994,0.25133899538515786,0.3291376979218405
RPS6KA5,1.1943535070127673,0.7502669882386285,1.1703707959126177
DGLUCY,0.09493506556174233,0.2526512226627346,0.028591160703989205
PPP4R3A,-0.9480564380125003,-0.5985044625419426,-0.7476848899459371
TRIP11,-0.18022872851175722,-0.3822387960363472,-0.07055916720234733
ATXN3,-0.48600982100673573,-0.9321605001228548,-0.4454441275340423
NDUFB1,0.01852565983016774,-0.1747290289979553,-0.43201853896751535
CPSF2,-0.3854895137370206,-0.44677645464680177,-0.42944296503539897
RIN3,0.4011449732679217,0.14611417037158592,0.9484546698256509
LGMN,0.6432891359114733,0.26238754972120043,-0.7365503728508997
GOLGA5,-0.09098006748705248,-0.4574511943915667,-1.0910368458161557
ITPK1,0.17187535004492452,-0.6411308538205275,-0.026798439588212403
MOAP1,-0.41031954013870836,-0.32868956049189535,-0.4983426780342946
LYSET,-0.028265975098996435,-0.5247161110407461,-0.4195268145987399
GON7,-0.05674759057866648,-0.18097900129912511,-0.2001106344388823
UBR7,-0.16731021430076967,0.13864334644837586,-0.20277187153030246
BTBD7,-0.5754875270217816,-0.4918809648718571,-0.40868893937545175
UNC79,1.2976831910012905,1.106478633510914,1.1509037653852268
ASB2,0.5807856523860764,0.49704481849439114,0.20595252933997799
DDX24,-0.6282512866533523,-0.8506830059162915,-0.9207101131629294
IFI27L1,-0.2173419744263256,-0.14367778056620045,-0.061888741466351135
IFI27,0.18590958756212214,0.29054357942595027,-0.3491436010406553
IFI27L2,-0.7379186810009841,-0.4771853947583295,-0.5100978272138583
SERPINA1,-0.5499146128680791,0.5569178374310688,-0.6281748666790391
DICER1,-0.32369633268076475,-0.5524257039680549,-0.4031376204839461
DICER1-AS1,-0.16411342499726095,-0.1891744382257699,-0.06821166727434046
CLMN,1.2141603662940632,0.7964674765113458,0.871224209373505
SNHG10,-0.10491873409647919,-0.3893726264381635,-0.5627167922830942
GLRX5,-0.23400915191738036,-0.47599025731959094,-0.4459341921443745
C14orf132,0.34938525799275044,0.3236729082209954,-0.38708289995922845
ATG2B,-0.34804875568733706,-0.3491527715046309,-0.3523876830690611
GSKIP,-0.2903344687488634,0.04538165359426916,-0.48064631262676016
PAPOLA,-1.0316899478453756,-0.9775157964147461,-0.7868532825116041
VRK1,0.9532047957129705,0.9543294887541228,1.2425841215366802
BCL11B,0.016806859720361524,-0.43533056822630195,0.18730755658897277
SETD3,-0.5779910060545282,-0.7992930104478582,-0.3817647175762318
CCNK,-1.023191254022084,-1.2080853295575018,-0.7483133423276698
CCDC85C,-0.5905924336307429,-1.0239790783324452,-0.6535695168401291
CYP46A1,0.25994027086766636,0.692759381269493,0.1855059727364718
EML1,0.5876420127309494,0.7321652273814684,0.30758429403714155
EVL,-0.0858473273183051,0.04088993493435912,-0.07650660518364201
YY1,-0.8821528887274006,-0.6505083843559093,-0.6941692381782403
SLC25A29,-0.1905737903933869,-0.2287529273119304,-0.1597583382858758
WARS1,0.09347626264631617,0.23423937170019818,0.41993804379990257
WDR25,-0.13567786008799848,0.010435978488295965,0.32042545252845406
DLK1,2.0612824356541886,1.350153431842692,3.7579355583488514
PPP2R5C,-1.1312694766657962,-0.6339688629090644,-0.5403879407984711
DYNC1H1,-0.31131118938125013,-0.278437621953536,-0.44611357905555243
HSP90AA1,0.09560368381186275,-0.43328174775067835,-0.02597935300948959
WDR20,-0.2179286289327322,-0.37572716232372017,-0.47635074816406947
MOK,-0.0842196288573795,0.0037511233939612047,0.27200106529429396
ZNF839,-0.4485111104873702,-0.27067177091513983,-0.2908216184042267
CINP,-0.6259005901173326,-0.5421658972856384,-0.006223180004575132
TECPR2,-0.48609224449623056,-0.23608418679758708,-0.14083302370723422
ANKRD9,-0.4099145235401487,-0.8260743814391489,-0.2676346936787546
RCOR1,-0.3927353600901497,-0.2360905663712849,-0.7404364190923012
TRAF3,0.06275916474541533,-0.23305596394529007,0.22704801251998324
CDC42BPB,-0.7559262272565698,-0.9658155433495246,-0.8454428182277951
EIF5,-0.6234630981255015,-0.46952124904975884,-0.3094766177874498
MARK3,-0.544285230384329,-0.6615859754326472,-0.9990215876179711
CKB,0.8611165795524123,0.5182354175559247,0.9821369716199229
BAG5,0.21138648320172138,-0.1923428109340968,-0.20261343753140787
KLC1,-1.2546375891670287,-0.42358392299220776,-0.8231177789887596
COA8,-0.6401881334603593,-0.5048999704040361,-0.8759528296521459
KLC1-AS1,-1.2920889996017522,-0.716472813423394,-0.6664206851703973
XRCC3,-0.5323681599435054,-0.398044846581115,0.08039081343461517
ZFYVE21,-0.6104864660648275,-0.46072927597734287,-1.0683054410579587
PPP1R13B,-0.015197574000271857,-0.06119939366364237,0.03617955741609434
ATP5MJ,-0.5163577473587077,-0.5690855280226401,-0.334241850981762
KIF26A,0.05741544938581815,-0.24806053278169318,-0.24160164210807628
INF2,-0.21415810395285456,-0.3483483681331983,-0.021342339371606997
ADSS1,-0.375272679455506,-0.3087476412112124,-0.017206969606934974
SIVA1,-0.36297451187450136,-0.908708895861139,-0.14337263349038307
AKT1,-0.4794282427912933,-0.5137166858841659,-1.4181572004638525
CEP170B,-0.5702059810958637,-0.7732570379376149,-0.4343192461826995
AHNAK2,0.9958707161098062,1.4833338799973568,1.4533489261989523
CLBA1,-0.5095851300850179,-0.4417033566227851,0.18254310617428965
CDCA4,-0.00942816965332587,0.8368517901560645,0.7830706358314146
JAG2,-0.867722675119829,-0.4242851127895549,-0.744156269034395
NUDT14,-1.379312353521712,-1.5242822280841146,-1.723878015680942
BRF1,-0.461394788407663,-0.3262771603236452,-0.43411329435691565
BTBD6,-0.48293760493602633,-0.5784232343645074,-0.9717886862363336
PACS2,-0.8455231059293986,-0.6813212491820587,-0.688931814392042
TEX22,0.22632894530064013,0.12721851375354729,-0.39038219345277975
MTA1-DT,-0.535280393088648,-1.5107205090447309,-0.040842282702040995
MTA1,-0.38882068793343555,-0.6315118414944472,-0.4912016659903528
CRIP2,0.15505480190754994,0.12718151200931876,-0.41744360512327827
CRIP1,1.2662087061229457,1.0257254477328175,0.34056433001574854
TEDC1,-0.2312102737022741,-0.47156679743448393,-0.12296465338443234
TMEM121,-0.9853624900313775,-0.5978773338106507,-0.5040381076150241
HERC2P3,0.43671882239988946,-0.422840728206932,0.6711402973068203
ENSG00000291003,-0.8411991902731443,-0.5840106935002183,-0.1983211490082333
ENSG00000290399,-0.4180240001473727,-0.48580367624917287,-0.6695674364945036
ENSG00000290368,-0.22636413368418576,-0.7496585505539741,-0.23643425710754332
ENSG00000274253,-0.03183173343915154,0.062119285391634804,0.004912646959127094
NIPA1,-0.28173131624266995,-0.1956244308339202,0.20288337917396498
NIPA2,-0.5833607875415048,-0.8510627658613998,-0.7439876669153378
CYFIP1,-0.21363188176471934,-0.058296361095177274,-0.06200571586863999
TUBGCP5,-0.20019636845978542,-0.042807504196478156,-0.35055689937596307
HERC2P7,-0.7469469209649908,-0.6277055684538659,-1.0612139310328814
NDN,-0.6854380012570971,-0.24017562865937944,-0.6987919610389781
PWRN4,1.3273035845659358,1.7112518047634104,1.330044461885695
PWRN1,1.4370380248327592,1.7745239676882392,0.9693829883753295
SNRPN,-0.21444026479981557,-0.4178324309757464,-0.11790968913674503
SNURF,-1.110103525761783,-0.15087922699999365,-0.69289468199905
SNHG14,-0.309300292972786,-0.442332735077013,-0.012847992986817021
UBE3A,-0.7307125726750314,-0.789839116045485,-0.9247554792443538
LINC02250,0.254325483253897,-0.4206904742620843,0.14955170279428381
LINC02248,1.0877247949651014,2.499671108217669,1.5765428565249806
GABRB3,2.5524854733369935,2.2596159239232314,2.3203113640874733
OCA2,0.6806816049198865,1.0545730630613726,0.784166021139086
HERC2,-0.46238103302995626,-0.19786597252882387,-0.6546185055215759
ENSG00000291259,-0.9357035247655325,-1.3454827040857644,-0.39055665337178874
HERC2P9,-0.9590850875362875,-1.2331501159322826,-0.21566254683391864
ENSG00000290879,0.28024127075972777,-0.6948967285650873,-0.3340432189432149
ENSG00000291058,-0.4192017030269923,-1.109174843914115,0.17233547693491855
ENSG00000291258,0.6118604824773257,0.4099460579689911,-0.009686933457015075
APBA2,0.8227893765624578,0.43957096497115694,0.06592701743214847
ENTREP2,1.2480638087578981,1.4496787725924989,1.2719146811064697
NSMCE3,-0.733388614252366,-0.8592141728106135,-0.10705198242118281
TJP1,-0.44701791067178936,-0.42190600551563046,-0.619493105271612
LINC02249,-0.3718035674754106,-0.9004513061836477,-0.016195483560576165
LINC02256,-0.7684544538097704,-0.5542810079166216,-0.6646043225914583
ENSG00000290876,0.20400449493305564,-1.1906689302570648,-0.2588849919499232
ARHGAP11B,1.6218529073957768,1.176218897773765,0.5241891090108161
ENSG00000290886,2.7989146871476045,2.0906908620447915,2.1994430522976174
FAN1,-0.19850383112943254,-0.5374889741730654,-0.5409909279463819
MTMR10,-0.3061867292878659,-0.49111803221010325,-0.0706432579543623
KLF13,-0.2463534959924125,0.33108823602509574,-0.3679547592935215
OTUD7A,0.7885201681949249,1.0093569828334061,0.9763056314820524
CHRNA7,1.6944565438952672,1.4732470726100608,1.525879827694805
ARHGAP11A,2.3870000477791713,2.299139638957733,2.4029037598150893
SCG5,1.1983169332351054,-0.08706169874788468,0.4627152677515838
RYR3,1.7027458900720447,1.8832203345216918,2.0803892512365962
AVEN,0.07155375485996619,0.10078379861479543,0.2820653664839093
EMC7,-0.6770392256491107,-0.6834018436872924,-0.68683106196616
PGBD4,-0.26929187517317743,-0.02897979464043487,-0.4095862852110095
KATNBL1,-0.3877277634743983,-0.37566386055252116,-0.30462823671374295
EMC4,-0.6569336050817364,-0.4660375304713825,-0.8949587497847915
SLC12A6,0.9573625430657984,0.3642630330030378,0.560407939311645
NOP10,-0.4198632325170841,-0.43524323966885703,-0.562746816990675
LPCAT4,-0.5398543917158634,-0.2707229378743285,-0.5455304982947807
GOLGA8A,0.19137277736247066,0.039535863258809166,-0.17860012028082295
GOLGA8B,-0.3705054584285286,-0.46874810710578535,-0.2832249472572456
GJD2-DT,-0.17841357133077546,-0.08187756680768388,-0.24915761839343636
ACTC1,0.44484081084760696,0.2719952223523023,0.7468160075303256
AQR,-0.5405459675178541,-0.9348554122572921,-0.8837350973627842
ZNF770,-0.49979246562381263,-0.7770181004922422,0.2377055213319324
ENSG00000259336,1.4241186757710587,1.0396313961621786,1.1648207611204136
DPH6,1.6956289368163624,1.191918178907013,1.1867400767502403
DPH6-DT,1.7576250522607886,1.9092129594329563,1.2733654059766586
CDIN1,1.143478147696861,0.7595457624724099,0.8149460917080624
ENSG00000259280,0.12764809951412198,0.8491896068640372,0.9078262282318725
MEIS2,0.44359356627564495,0.4500433776972486,0.9237476064162546
ENSG00000259460,-0.3964084907459054,-0.853270844444534,-0.5316230807188873
ENSG00000288808,-0.4654650613319084,-0.6347083264034268,-1.0518128042789527
SPRED1,0.6608863738249013,0.5247820220314807,0.37932020729683563
FAM98B,-0.6188696932068645,-0.06304911333888802,-0.12385792025601815
RASGRP1,-0.04896994414471576,0.08924970875134258,-0.1417550971611518
ENSG00000259345,2.6851505414783468,1.9005012201396454,2.2685432766247366
THBS1,2.3350063811365978,1.7742328532045981,2.2423821721433015
GPR176,0.9084143989120967,0.9323718312933345,0.7561600291251588
EIF2AK4,-0.383135997744155,-0.3823641039781087,-0.5973584277283628
SRP14,-0.45105980458812656,-0.43384168879648394,-0.7744232711330952
SRP14-DT,-0.6112363515683654,-0.7846724767874065,-0.45047896910172364
BMF,-0.08183240860517318,-0.46022626001933997,0.04429784623195943
BUB1B,2.5300786243437194,2.2895153257500205,2.2502866594980553
PLCB2,-0.1343500021780493,-0.06766868800977117,-0.30286571335839696
ANKRD63,0.5719884055822747,0.09336156142996901,-0.006143798499589813
INAFM2,0.067302715290051,0.00652566533148056,-0.22780289257942243
KNSTRN,1.9679245494080746,1.6205304643909813,1.4580179549370236
IVD,-0.6733261773156477,-0.46257853397492715,-0.6455635222854923
BAHD1,-0.4778120593506863,-0.021483713912953572,0.07331844261799954
CHST14,-0.96799997217677,-1.3443477251535434,-0.9443559142862128
CCDC32,-0.07826289069596015,-0.11198227908955259,-0.45610887367916675
RPUSD2,-0.7808537470744454,-0.8537059674034708,-0.783453151716099
KNL1,2.7311326588515854,2.5545257953946603,2.6430029154253454
RAD51-AS1,0.09919719698996948,-0.29403531758612894,-0.48938593231827093
RAD51,1.08855356955468,0.5241810115706542,0.5975529736626868
RMDN3,-0.41072167178523245,-0.5339534420579106,-1.2522176874365343
GCHFR,-0.012779153363577963,-0.28555963827231423,-0.25573008747306153
DNAJC17,-0.744705342740545,-0.3635900814594741,-0.382705814914214
ZFYVE19,-0.5978884366474233,-0.5790829295711113,-0.7750550764854083
VPS18,-0.38171835814230803,-0.9275446057010157,0.24059891513050494
INO80,-0.3889263421892082,-0.23820838318631837,0.09500108209875441
CHP1,-1.0666757654698387,-0.48814525691413735,-0.5322299901056518
OIP5-AS1,-0.587524773821194,-0.7947286653841843,-0.6088561415820202
OIP5,1.0013447392514472,0.9674735267800187,0.1733365580962279
NUSAP1,3.120306321324783,3.0504564361938478,2.9225384157035528
NDUFAF1,-0.16484511835281881,-0.36332798459930166,-0.576341405205092
RTF1,-1.038787825515584,-0.4274724313843877,-0.8323485557232075
RPAP1,-0.24722038855212605,-1.4141787880174554,-0.4031755947268465
TYRO3,-0.52400845986023,-0.035712293716176874,-0.06066614908658967
MGA,-0.7681462664329821,-0.27990500571049276,-0.40930536516146887
MAPKBP1,0.24703221630734967,0.021557835628755136,0.055872841796219354
JMJD7,-1.365142551667681,-0.6400487646233408,-0.29567755912070837
PLA2G4B,-1.0195517850966347,-1.2625569531851681,-1.0110364936463547
EHD4,-0.20551654452758325,-0.08180485498621341,-0.10193423775334415
VPS39,-0.14786352229522493,-0.288637665149075,-1.0287521410729177
TMEM87A,0.5407189083135896,0.04347990017844684,-0.031714128677911936
GANC,0.15167150677860877,0.37063638058482345,0.6731876880507528
CAPN3,1.431793660227381,0.8778846450402787,0.18266400619857484
ZNF106,-0.4163293874263622,-0.5055113688473262,-0.2007853402794204
SNAP23,-0.02544457881044698,-0.08380930763653542,-0.10949504558938017
ENSG00000261684,0.8105811375107522,0.5493063257245261,0.42408012205850915
LRRC57,-0.9597023647062422,-0.005477957436465177,-0.8182365588814804
HAUS2,-0.19987213550365016,-0.6655105783222552,-0.5799778679162378
STARD9,0.8551785453924481,0.406921828495264,0.27568429487248025
CDAN1,-0.36505553135099694,-0.33539199324152946,-0.7861268583788465
TTBK2,0.031759000171717816,-0.027095824702136853,-0.16284286619671212
UBR1,-0.5980041913548818,-0.18235719987443483,-0.6213184993445964
ENSG00000285080,-0.1549357783203682,-0.24039208748382984,-0.17043427535974587
TMEM62,0.3538764033097337,0.3130001494482428,0.3074233448005152
CCNDBP1,-0.6114564851415416,-0.16280992379398646,-0.9729618014050311
LCMT2,-0.21062999954386896,-1.1058446985010804,-0.8138998875771897
ADAL,-0.15486115757075675,-0.1370477829211261,-0.11556187427869705
ZSCAN29,-0.3364023962117777,-0.36273846572195717,-0.410548194372339
TUBGCP4,-0.5992978538926829,-0.08690685855441772,-0.003371562016578582
TP53BP1,-0.18380837096919572,-0.6468895126830992,-0.42711459401329677
MAP1A,0.2791749446046196,0.494138250006344,0.19562848644790526
PPIP5K1,0.53233396392082,-0.40814534737051394,0.5119036994644013
CATSPER2,0.3445464441720106,0.1530786116861194,-0.5268771628442117
CATSPER2P1,-0.20523110469123654,-0.16013068202820332,0.30106502265831386
PDIA3,-0.1879811764728103,-0.3209869889754131,-0.21841015140685013
SERF2,-0.5539393381123645,-0.3984391971477273,-0.35960615713255
MFAP1,-0.49179274553103625,-0.3894870032301618,-0.2701206151532497
WDR76,0.7579216679006676,1.6656092687545367,1.6143851994689662
FRMD5,2.1072294994289074,1.4779145034932277,1.863806646417288
GOLM2,-0.23093998288709017,-0.5029021433602915,-0.2255804780608734
CTDSPL2,-0.8456883360547316,-0.33910598315245016,-0.4933343336220375
EIF3J-DT,-0.06904804819636468,-0.028290340300216613,-0.3802247293989041
EIF3J,-0.5554714862163941,-0.6082284121648519,-0.435055210455488
SPG11,-0.23235122171788092,-0.2504393368098014,-0.5311075501046609
B2M,0.06892441960312111,-0.3601173908528387,0.1016401500060162
TRIM69,-0.3732776476029507,0.23968711785554933,-0.04334147104892242
SORD2P,-0.218790518684667,0.10787755299137917,-0.8022123450037704
SORD,0.11394471928324644,0.5820714304934888,0.4325328187546234
SHF,0.35203901108344476,-0.5216398349889602,-0.23233062938944118
SLC28A2-AS1,0.6466966433286068,0.4128202851679177,0.2622533275624548
GATM,0.7111715764110365,1.2181479900202454,1.044654504226859
SPATA5L1,-0.33546682419495605,-0.5019674325636565,0.2735785446470942
SLC30A4,-0.23133490235135312,-0.07074421757420878,-0.7599998138108965
BLOC1S6,-0.547630613160436,-0.6539966184543857,-0.2878327434485719
ENSG00000259200,1.3429415493253956,1.3040020622322892,0.821369621291499
SEMA6D,1.4837424990915942,2.0853586119937226,1.7498357940695577
MYEF2,0.2705413089830913,0.2821027506712923,-0.28003103441673005
DUT,1.1058118618645736,0.7924607408199513,1.498044323756762
FBN1,1.2926458859782564,1.5166871216518807,0.674796690340635
CEP152,1.538667235828612,1.3641782812634524,1.1545774277535301
EID1,-0.5711003719988668,-0.790472026357218,-0.7417700132484022
SECISBP2L,-0.17879928515170462,-0.23924751551819054,-0.881900366510397
COPS2,-0.6574543254164774,-0.5515431062202936,-0.9240265377140098
GALK2,0.11731178235785929,0.1325174453961608,0.3312667969547079
FAM227B,0.6810227472938628,0.46982763168059455,0.28689777486020773
FGF7,1.2685212271670103,1.4491765097716858,1.417794181439561
DTWD1,-0.3481531067707166,-0.23104869450820337,-0.26926849111776013
GABPB1,0.7296702309728005,0.3705276301410408,0.31566080532765994
GABPB1-IT1,-0.4508822635617058,-0.23755395880451147,-0.2866782376157283
GABPB1-AS1,-0.22179073325915516,-0.1293274898953065,0.1130754155719415
USP8,-0.6161752876639035,-0.5196397932023303,-0.3846220114337094
TRPM7,0.10362903349593816,-0.16810141052211588,0.04157613118509921
SPPL2A,-0.7677153659638307,-0.4995109680174963,-0.2700257185773474
ENSG00000273674,-0.00844208785263238,-0.1070528830316065,-0.08278242499866909
AP4E1,-0.5194135599277664,-0.29456450608562434,-0.08514515817223865
MIR4713HG,1.0410044386493134,1.875948385713201,1.9538631186025732
DMXL2,-0.06624924223363142,-0.08350902807938003,-0.048415610306022885
TMOD2,0.3529200617108011,0.3047769624402008,0.4174606050943482
TMOD3,-0.3496432149103015,-0.2793200979644155,-0.42837688315494665
LEO1,-0.27919323708356814,-0.17699880621616165,-0.192631311153793
MAPK6,-0.4581041862101358,-0.7008558369062712,-0.39646164260757644
GNB5,0.2606537005080867,0.10576432107554375,-0.05582378639919488
MYO5C,0.5817011395376461,0.01669190204287227,0.10571052633197545
MYO5A,0.3237790422086669,0.15561430188484585,0.3459986481079582
ARPP19,-0.6182811971947686,-0.757481419855278,-0.7618722640909681
ATOSA,0.24559665883561266,0.2552783693305223,0.25273707371461285
RSL24D1,-0.5106269916593006,-0.49442702090303214,-0.8060462574314435
RAB27A,0.19286651606747537,0.15842354905559125,0.11650255461876559
PIGBOS1,-0.3433788444493402,-0.5809323506337485,-0.055910805255422205
PIGB,0.012612966361782328,0.35819543239856344,-0.047399323736030376
CCPG1,-0.4714897520120687,-0.08233678356624456,-0.08551957566516676
PIERCE2,-0.17641960126046288,-0.8136284991970761,-0.7574638912079337
DNAAF4,0.15073280823654403,0.1687195674555078,0.17766415520112125
PYGO1,0.06222474457898744,0.311489344909102,0.1706453874535931
PRTG,0.6306959116754669,1.4297250803745065,0.4879759886820949
NEDD4,0.3440948914622126,0.3251651274558008,0.1626474547591598
RFX7,0.18004957089326729,0.08916313661021025,0.4306291551332783
TEX9,0.5484871964268088,0.5833418612674386,0.4568866110312299
MNS1,0.5411638812982531,-0.2973882820222257,0.4115517514904959
ZNF280D,0.5488916980008511,1.0656773262323114,0.5946838359038296
TCF12-DT,0.23093300962242583,0.3638444226072472,0.32359029972834114
TCF12,-0.2916402885455583,-0.264194888778615,-0.32394380862185207
CGNL1,0.8082318762082608,1.1189390710569693,0.9251693690379489
MYZAP,-0.2681949158725559,0.6957026522442256,-0.006295057730625328
GCOM1,0.19329979901120362,0.5343240628057373,0.1754113697743947
POLR2M,-0.6705517109562501,-0.9155580921805431,-0.8011107886183666
ALDH1A2,1.8802319479928435,1.1714383868879814,1.674185775242261
ADAM10,-0.2835888135125267,-0.3382111496543239,-0.1677956541447969
MINDY2,-0.8897413019507816,-0.4325847402297143,-0.34075522340372905
RNF111,-0.858879687686219,-0.6180342051521527,-0.32899793068596145
SLTM,-0.5535230339335584,-0.5954184860598168,-0.4586285026042667
CCNB2,2.43033648549423,2.5067128414101596,2.0982660724224758
MYO1E,0.5624098310156675,0.855624486991509,0.6266999400296278
FAM81A,0.4061768074175233,0.699258070622065,0.7902250182585036
GTF2A2,-0.4734417344778982,-0.8679108228848981,-0.4673106812018552
BNIP2,-0.8117569054049731,-0.8176725107514855,-0.7672434252671181
ANXA2,1.2616240234289862,0.975302350046622,2.185584027509055
ICE2,-0.10911675736939229,-0.5820290805225135,-0.2179968909737546
RORA-AS1,0.553761541288452,0.4196458369414913,0.4033966279239749
RORA,1.1775218088034194,1.5421093577081066,1.1790567526288953
ENSG00000259481,-0.7798958590173832,-0.25651322709184043,-0.7034038403384137
VPS13C,-0.22769949760644798,-0.6835626434476225,-0.4258052029387152
TLN2,0.382456187182477,0.6858426840411944,0.6323567365396521
TPM1,-0.9539635039544586,-0.8693719563681146,-0.6733277886520633
LACTB,-0.1334963432260921,0.08136033252952392,-0.2918700666863571
RPS27L,1.076084384597607,0.6141206048059473,0.5310244165034774
RAB8B,0.10773852351971049,0.21340825732612603,0.6014262348734611
APH1B,0.05068808388646676,0.0444430997085589,0.21571297866758238
USP3,-0.24291113779151638,-0.23234945107716592,-0.04582004627442158
USP3-AS1,-0.13399796156245006,0.09531789500164943,0.19550056559133114
FBXL22,0.7928629720292192,1.0682910705157767,0.9283232704544808
HERC1,-0.5914270500019292,-0.2579950784288699,-0.2731365471820091
ENSG00000259589,0.012250491375592434,-0.6939578894140368,-0.06419417252564942
DAPK2,1.2317095071957382,0.42533355577675985,0.41263495085529917
CIAO2A,-0.561292162668483,-0.40816883229373246,-0.649546864521799
SNX1,-0.8340395754711167,-0.2851083697000974,-0.26107745610982036
PPIB,-0.07558402383787306,-0.5588887749887093,0.017147220258049566
CSNK1G1,0.170606527079297,-0.17596639789976007,-0.09468945096746138
PCLAF,2.2821391416193855,2.548408483135354,2.3761001621278304
TRIP4,-0.23702904905206884,-0.8531132524186695,-0.008318479612302832
ZNF609,0.2088551233402356,-0.019694185618657614,0.22410570634038157
OAZ2,-0.7285971671543052,-1.1424388509509598,-1.1119311221005752
ENSG00000259635,-0.7507812159831104,-0.8897239416283682,-0.7101750541382543
RBPMS2,-0.8204541957140706,-0.4942567609554515,-0.4798174688206665
PIF1,2.168947337941866,2.6570960756930297,2.0831349814044238
PLEKHO2,-1.2853456013699436,-1.2420103575478016,-0.4234161317540242
ANKDD1A,-0.4831703222682968,0.3122604248798417,0.05555089170524861
SPG21,-0.6796968443789488,-0.8058211767769663,-0.3872411907022411
MTFMT,-0.34267901580617993,-0.05717527270694229,-0.3543487626168406
UBAP1L,-0.2972494028036259,-0.7500293750198743,0.22498988523005528
PDCD7,-0.6250343996072161,-0.3590687099721315,-0.2084473768440027
CLPX,-0.5784146766477428,-0.39868707539241294,-0.6527417429639719
PARP16,-0.2136428137192752,0.5135432561586057,0.08308466090516471
IGDCC3,0.3262564702109358,1.0983110256459696,0.9086616346695031
IGDCC4,0.0964975077573768,0.5179728870330678,0.20910725429380156
DPP8,-0.3082689190753385,-0.5433416245365841,-0.29504629128200227
HACD3,-0.018444364334786863,-0.31545215448991115,-0.3664214894237041
INTS14,-0.6152057618454592,-0.11927575292035189,-0.7809859102837287
DENND4A,0.017556317216936165,-0.06610404792046864,0.14753889139525345
RAB11A,-0.8338495834389548,-0.9040978173652157,-0.9416718658149711
DIS3L,-0.09568703120777397,-0.8080850151428862,-0.1681214647242477
TIPIN,0.36381862355088396,-0.31269101632907953,0.26185740224143567
MAP2K1,0.10544395592278734,-0.288688268517582,-0.08553112758104932
SNAPC5,-0.9444504664132047,-0.6981954811454543,-0.5258834339503338
RPL4,-0.42449777942353967,-0.288349440525959,-0.2054771165162972
ZWILCH,0.5602277161894911,0.6966500008376926,0.2925084023407009
SMAD6,0.8545899411516018,0.7908825179363781,0.5159870877815997
ENSG00000274995,-0.36127389720479286,-0.43986153672909006,-0.5725508990117874
ENSG00000259437,0.4297821447305097,-0.020034207999007236,0.06258634716059683
SMAD3,0.5034390984183545,0.24686898855504327,0.37506632353999686
AAGAB,-0.29338169605142284,0.21486546048469882,0.27475340546507354
IQCH,1.1265107131541576,1.0013858719028903,1.075215859865267
IQCH-AS1,0.33737025302060536,0.13413697844073275,0.907446176341125
C15orf61,-0.5860533144115506,-0.6340440473010781,-0.4924702151715756
MAP2K5,0.4414668614894594,-0.008490908851072721,0.23417714891134273
PIAS1,-0.1469862734688583,-0.20864777269925477,-0.19578657234582403
CALML4,-0.0663429584287983,-0.3787568769885184,-0.9209698242906441
CLN6,-0.12086127298233508,-0.8237565720462889,0.4148635190319397
FEM1B,-0.39291995840871863,-0.4764104593665514,-0.5512805212869233
CORO2B,0.4760982656482681,-0.32980985182229366,0.7924843150010581
ANP32A,-0.708567954267842,-0.7387433519054376,-0.7599855732978043
SPESP1,0.4652329818356442,0.3209136141774706,0.04738750911388216
GLCE,0.315467127356083,0.6725922222438854,0.3677397921904984
KIF23-AS1,0.7036715857987589,1.7070283953648548,0.6528000053598859
KIF23,2.3488710555762964,2.4507989099226215,2.534773297227918
RPLP1,-0.34770682020863936,-0.38543709723174047,-0.1351442575175738
DRAIC,1.0384954084628326,-0.7680743018869087,0.4542736568124681
TLE3,-0.3254444827057021,-0.22051269583999653,-0.6702490511317194
UACA,1.045529219446923,0.552564065341965,0.13609290683938377
LARP6,-0.4299826482788482,-0.08668598984254673,-0.63759252753162
LRRC49,0.9679198516065455,1.4463079716508425,0.9756602344386742
THAP10,-0.35610138575497535,-0.36225069954630845,-0.3006939628204961
THSD4,1.5436247348355572,1.4109623473273984,1.079922549326497
MYO9A,0.24821007492047548,0.14673140366900134,0.052563950910300854
SENP8,-0.05368599840120322,0.17709473338706874,-0.22350747831927364
PKM,-0.21566794473748271,-0.2214420487816789,-0.08040017099425253
PARP6,-0.6657353134830722,-0.4508307514438065,-0.5091893208240315
HEXA,-0.600252598529945,-0.20843178290956033,-0.4839037061108087
ARIH1,-0.43907339945491236,-0.45742953135830783,-0.40507259264031953
BBS4,-1.1193945095953346,-0.00905410080076404,-0.652722935818023
ADPGK,-0.8852439992989645,-0.46251283472058796,-0.6897158980692489
NEO1,-0.04442441375206125,0.10184115252124218,0.2437325953804291
HCN4,0.4181980505473071,0.58576228284047,0.24634928035794704
REC114,1.2582607642529595,0.9375770543558986,1.21381559239272
NPTN,-0.27347632772469055,-0.2293787097395565,-0.04825051745733687
NPTN-IT1,-0.6525399369589913,-0.5048744108664956,-0.40589210843957346
CD276,-0.6650226678015159,-0.563311092891187,-0.49367916240068854
LOXL1-AS1,-1.3407304609331305,-0.28334285947527604,0.5521530804822525
LOXL1,0.6742918602895323,-0.1429333024786424,0.5623223847655225
PML,0.20162067541058087,-0.33051549108603595,-0.4527891934709913
STRA6,-0.0037665727804565095,0.10571417802699298,-0.05104833957577531
CCDC33,0.13167518490622496,-0.30229395628272476,0.3177890209323735
CYP11A1,-0.1290615906109025,0.3488740486006669,0.014754029384214124
UBL7,-0.8926271624806077,-0.6040988972415137,-1.5431646462932989
UBL7-DT,0.3484599274330229,0.3015828017278465,-0.0699121361479271
ARID3B,0.1917379871938109,0.09050466056590172,-0.1581486329168556
CLK3,-0.8221334943069536,-0.702230381863167,-1.3776490649233075
EDC3,-1.284127200467875,-0.34504568875773245,-0.5426357133269732
CSK,-0.027055557082821445,-1.0465781778602299,-0.4641831659156104
ULK3,-0.7055384033868216,-0.970199307715678,-0.29434879653047835
SCAMP2,-0.5560743251982281,-0.18136201022341322,-0.9619446809157246
MPI,-0.44017440507863986,0.012605500318237272,-0.42202634743441797
FAM219B,-0.4466329826642656,-0.5316152147879761,-0.7404544414253529
COX5A,-0.10105568374760664,-0.31747857356760173,-0.30239570625732165
RPP25,-0.49268695571527127,0.24090888140763764,0.1482615056580236
SCAMP5,-0.13549837690490568,-0.10069001076610468,-0.19413189271487494
PPCDC,0.5086837551151611,0.20798584845679363,0.27643003639725805
C15orf39,-0.5760507798071401,-0.01478144403900214,-0.54669702821095
COMMD4,-0.41841569489620767,-0.2810386997440127,-0.3641689692388433
NEIL1,-0.30800446776165197,0.04498930672637155,-0.3089685179224695
MAN2C1,-0.3914832331111527,-0.9172923384166154,-0.7252415149632725
SIN3A,-0.31558198678394683,-0.3336436950072681,-0.5211425943716533
PTPN9,0.30922820846624427,-0.2805509749669781,-0.1037768811109352
SNUPN,-0.4186945966635776,-0.16274975617134396,-0.23023375075849375
IMP3,-0.5529356946503832,-0.6177677167071779,-0.5668589979696641
SNX33,-1.0347614175947477,-0.9324585353065871,-0.5396614799108336
UBE2Q2,-0.20267091242910945,-0.3154079209669867,-0.4643873923124851
FBXO22,0.18012658052589706,-0.33532552933702325,-0.16754674369754952
ETFA,-0.5399342514363781,-0.5881217419531205,-0.6068090046766094
SCAPER,0.42683352595860663,0.039410423530576104,0.07199459197780558
RCN2,-0.41079254346215416,-0.2728855809410043,-0.30576916602385046
TSPAN3,-1.2594008359850122,-1.4653693261369867,-0.5627580310046768
PEAK1,0.46117873150719996,0.3485482782332739,0.35433467958574383
HMG20A,-0.7144310559196043,-0.305534530586872,-0.12285030014752968
LINGO1,-0.13360422525633103,0.6716999184170653,-0.7475745273001593
TBC1D2B,-0.09281957692219582,0.12255540436318312,-0.05340516345400559
CIB2,0.14284567860736527,-0.12666433763794777,-0.05254245646954565
IDH3A,-0.1156811640723987,-0.0292848265747772,-0.03524967445619604
SKIC8,-0.17251305153673607,-0.34322380849673095,-0.45818299911785587
IREB2,-0.6854954707105811,-0.45163225774635046,-0.400314127949521
HYKK,-0.4585527469537852,-0.19674107676016211,-0.2788392577380919
PSMA4,-0.38948148759755347,-0.6778232761564524,-0.6166760658948115
CHRNA5,-0.06624674855863338,0.36602321012312444,-0.6108639652993944
CHRNA3,0.05155286284950841,0.9891710711822269,0.6394787189811098
ADAMTS7,-0.4794156444705671,-0.8413016495830732,-0.641138914604298
MORF4L1,-1.0514318320527174,-1.0980446513342024,-1.2122211638139753
CTSH,0.7343575890492069,-0.0956954124587242,-0.18305969951859075
TMED3,0.2460694056537989,-0.0049544452756969,-0.03279625916868414
MTHFS,-0.4044191880866243,-0.1584150460541523,-0.3303023906965414
ENSG00000286813,-0.643968579888643,-0.5249883128238153,-0.7644822776920996
ST20,-0.1796609889398759,-0.5116453261053877,-0.516798993885569
ST20-AS1,-0.33935818713422705,-0.42242118195268213,-0.740155751492285
ZFAND6,-1.1144258257833144,-0.9028037756684241,-0.9985947000548379
FAH,-0.8692002811428345,-0.42049701399507106,-0.14925032736030627
ARNT2-DT,-0.07689270953009598,0.45332849081609444,0.6721654653196794
ARNT2,0.47402008529861556,0.8192873800859175,0.2816434071232976
ABHD17C,-0.240215914805173,-0.2950608038505571,-0.07053314135987426
CEMIP,0.3803318159551274,-0.7494618316426481,-0.16419992742121536
ENSG00000259649,-0.12860652813120063,-0.7759353025055518,-0.4449057119243421
MESD,-0.12383895252545327,-0.6041477273368229,-0.30238489543297226
TLNRD1,0.26193336162050335,-0.03889531795798363,0.05642550445969623
TMC3-AS1,0.8269357708274327,0.5867716672279251,0.7712375383999408
ENSG00000259692,2.3502352031805884,1.6837878622006173,0.5976084513876181
EFL1,0.04602818372571713,-0.13282926224401595,-0.17297778627387922
SAXO2,0.5932782472358049,0.2833430007456847,0.09767324114832479
GOLGA6L10,-0.7850018190099171,-0.35083362756752484,-0.5664091290062743
UBE2Q2P2,-0.24628013197791884,-0.3683368539166593,-0.5746682096679514
GOLGA6L9,-0.8286514607346938,-0.4576468277057693,-0.2844867578292458
ENSG00000290948,-0.2816823626214386,-0.12164996246109888,-0.4625995531619225
RPS17,-0.19878815811727607,-0.010014347793996198,-0.013470504864617592
SNHG21,-0.3762244893960442,-0.19978241396804464,-0.23327921800002827
FSD2,0.39915203472317634,0.3422105752652697,-0.11096690291466513
WHAMM,-0.26556822968261434,-0.31525225948448116,-0.10551369705756389
HOMER2,0.5291399474876677,0.6102951216606272,0.39389742981801845
RAMAC,-0.40699932522294086,-0.3962408415051825,-0.39931568351939
C15orf40,-0.4772270298473878,-0.7697256742976464,-0.37618069696749146
BTBD1,-0.7473776374407137,-0.8887006310109129,-0.4911812769283763
HDGFL3,-0.6733332915938918,-0.8817379893889523,-0.5882848785986567
ENSG00000259986,0.8237872836884534,0.5068916174201128,0.27711352658104
BNC1,0.6811870546189027,1.3345745473529433,2.1018438466938676
SH3GL3,1.2189436233409552,0.8302639331642645,0.9170479880159519
ADAMTSL3,1.1001191795871605,1.211313020154691,1.095989116972497
ENSG00000290689,-0.14927871349797076,-0.8175278583102994,-0.680576819998013
UBE2Q2P1,-0.6242068232334431,0.20014914788097124,0.0002994265400779088
ZSCAN2,-0.03987572310391845,-0.3634383898791498,-0.7834993631868095
ENSG00000291159,0.13863562530385207,-0.42808654637494575,0.26241716016317085
WDR73,-0.8796346502670253,-0.5382800041632477,-0.4560737470911854
SEC11A,-0.7585060218811819,-0.503885908381058,-0.6119996884525172
ENSG00000285667,0.21295900940323884,0.5372793459199591,-0.06463769287637074
ZNF592,-0.18463230122748803,-0.375021299522146,-0.299917038978915
ALPK3,-0.18797303467644963,-0.17832888404383246,-0.32841611135975407
PDE8A,0.5492509965562782,0.9772460727967598,0.5029910053596787
AKAP13,0.2973736501080318,0.691619574913954,0.07664977315999263
AKAP13-AS1,-0.5992532395326579,-0.41353158877645774,0.007158827753219235
KLHL25,-0.48017611275762556,-0.22194192667233645,-0.5337024667961785
NTRK3,2.6590858204205823,2.4145692340350458,0.984556037268998
MRPL46,-0.6604199268134252,-0.7827315845795049,-0.8588198222435715
MRPS11,-0.3372662853572166,-0.23037199173417017,-0.151310540564701
DET1,-0.06342074310781594,-0.22433625293565382,0.04652169258345756
AEN,0.18659207909023226,0.14016406912513443,0.17853459287300663
MFGE8,0.44647398960833234,0.011482221095249611,-0.29360048762947955
ABHD2,0.0005549706144095167,0.0559172076076315,0.24695521599786122
FANCI,1.8310737936247818,1.983413160553937,1.9515184601222337
POLG,-0.5438720142515052,-0.4524917369281561,-0.2758138674618884
TICRR,1.2003538408832597,1.7185138095154535,1.0669567598341168
KIF7,-0.011934017300337284,-0.1904537270336739,-0.243020133795877
PEX11A,-0.8076436807091838,-0.054678007602696234,-0.3279352809808316
MESP1,-0.8693837418396306,-1.4082213626960929,0.006640240226474229
AP3S2,-0.2916249608238033,-0.33423500449848115,-0.029670266230891026
ARPIN,-0.5891316396517609,-0.46875734229642774,-0.665580002372394
ZNF710,0.30700312389453904,0.04033160612841156,0.19076641080060944
ZNF710-AS1,-0.6182684852941129,-0.1040120173279178,-0.6759813447282426
IDH2,-0.18262331342098292,-0.3899061769026914,-0.2039845400645142
SEMA4B,-0.34327635628842046,-0.6434531604515072,-0.18175289005015216
CIB1,-0.2383493913180495,-0.4317983891239657,-0.6567615752791447
NGRN,-0.5668337893734402,-1.3247179745316053,-0.7602525289794039
IQGAP1,0.2684390121795417,0.4210404027447368,0.7684444415857392
CRTC3,-0.510060518472649,0.272198610281194,0.10485565569498338
CRTC3-AS1,0.8737929355261258,1.051504424621342,0.2494878519114323
BLM,1.7049887352261628,1.5683860079629781,1.658359773393503
FURIN,-0.4585384226552415,-0.36875421952036186,-0.3243543857980989
MAN2A2,-0.4746484115582951,-0.24864655418686973,-0.0967958825229261
HDDC3,-0.5987570422930838,-0.6736114423955576,-0.6103584407263086
UNC45A,-0.35542016586361314,-0.17385714370458416,-0.6151657300894087
RCCD1,0.046901795107572815,-0.22765512367231722,-0.31791030809158366
PRC1,2.910419480614088,2.502663938435152,2.952365455224289
VPS33B,-0.3528444453635906,-0.3711429505369956,0.31716406693479005
SLCO3A1,0.6741595669727793,1.0182427691998193,0.7422121861231012
ST8SIA2,0.6697765891965872,0.8140473424492393,-0.040081547452700796
FAM174B,0.331133927209212,1.1322445717637137,0.355311163939188
CHASERR,-0.4991706609616991,-0.976964256492483,-1.000513048223226
CHD2,-0.19023934089578634,-0.21355182362341202,-0.15404878681953352
ENSG00000289017,-0.6554846591285042,-0.028295378084845217,0.0007796505167157855
NR2F2-AS1,1.7110084397329217,2.3013931975699045,2.770535618321457
NR2F2,1.1291675324769734,1.9921187497725974,2.3749957846791183
LINC02253,2.415457679571187,1.7953237720382411,1.3761564324469404
ARRDC4,0.5915925346563853,0.7825946483679118,0.5392920735982861
IGF1R,-0.06770920874917503,0.06673104385195922,0.07513693321207515
SYNM,0.8731667951941304,0.5777895034070788,-0.11233861593249375
TTC23,-0.039688933799276065,-0.19226766021743197,-0.1695539352392714
LRRC28,0.3392453823810655,0.13875792552591912,0.435735315806518
MEF2A,-0.1840339010754874,-0.2958860191513661,-0.12058157905455502
LYSMD4,-0.2771008065105463,0.07699221976526265,-0.7512282823129866
ENSG00000259363,0.7791489474910839,1.0645901463487988,1.0809147524952714
ADAMTS17,2.3484506615906717,3.0743935852600046,1.9655424763084888
LINS1,-0.27250506481957254,-0.23502314039095748,-0.17384945377101954
ASB7,0.0767120091900288,0.27942661081931425,-0.13340946677758225
CHSY1,-0.08310528163044847,-0.07679467329064243,-0.06831331357693315
SELENOS,-0.30851339445428394,-0.2345191398170279,-0.10258052642647185
SNRPA1,-0.28703912495696565,-0.03761840013115859,-0.09125401943710898
PCSK6,0.7867566460804839,0.42549618048006005,0.4979632351071892
TM2D3,-0.5861831623308902,-0.6005852700262758,-0.8669314180523244
TARS3,-0.018240309734412763,-0.10602129754299482,-0.4281906462673035
ENSG00000290823,-1.1601028081040994,-0.47368712941035435,-1.0340386031918918
POLR3K,-0.3239966892170934,-1.0594496374805047,0.0732844670944814
SNRNP25,-0.06593937592421639,-0.5381770034008042,-0.30725724069893084
RHBDF1,-0.5852549252503714,-0.5791198260530271,-0.7437250952407908
MPG,-0.48543866467084845,-0.8313844515205169,-0.9181744784848611
NPRL3,-0.3910927551002957,-0.6263768482331002,-0.16585228662010468
HBZ,-0.7465219309619897,-0.7591691240726384,-0.27081084399086214
LUC7L,-0.8452143541896967,-0.8830578812567113,-0.5763800930897744
FAM234A,-0.43254588432397867,-0.21012695147420155,-1.2195837832615588
AXIN1,-1.0307451244169314,-0.5556205662936513,-0.3893246086054986
MRPL28,-0.5401544058919363,-0.3728794147129299,-0.8327297664795985
PGAP6,-0.41411572809226976,-0.4920505406830528,-0.4193793065044212
NME4,-0.05902764309658435,-0.11466287584978117,0.10076212787400259
DECR2,-0.5580293309210625,-0.003803973381273751,-0.7796324671532879
RAB11FIP3,-0.15993861763519843,-0.2383889998830391,-0.2675219798490219
CAPN15,-0.14196188178856414,-0.5803239286520032,-0.035487847701570936
PIGQ,-1.0009755656724586,-0.9317690424155742,-0.841405646093019
RAB40C,-0.46098487882953887,-0.1701470312419993,-1.1725995621370764
WFIKKN1,-0.15253944316170734,-0.6381318993027421,-0.06914677375156941
METTL26,-0.41704878642421755,-0.5371990802772082,0.17579048675349546
MCRIP2,-0.46629151331910984,-0.7680308227925643,-0.6305639335068528
WDR90,-0.09912375210469553,-0.4172867402971611,-0.20125879213471978
RHOT2,-0.8071490201236244,-1.0251943472012002,-0.4721023604500445
STUB1,-0.699170509283995,-0.6875075607983411,-0.5859534610649603
JMJD8,-1.108808892179674,-0.3325873339633638,-0.455289362838375
WDR24,-0.9907522336074237,-0.6290897768490353,-1.0773550251403208
METRN,-0.611707961895469,-0.4636686019574939,-0.5328953801337307
ANTKMT,-0.4266883483016102,-0.9185056884400816,-0.4734672767908137
HAGHL,-0.45005260365132926,-0.3315439768065361,0.03265067864176522
CIAO3,-0.9586705149663004,-0.6759931733879229,-0.5029984612354319
RPUSD1,-0.8105587954329678,-0.8143443960115563,-0.47995493899077246
LMF1,-0.40192419179300043,-0.18087714594836155,-0.37212677779489667
CEROX1,-0.3897525249318541,-0.6570718533132123,-0.2237340058953983
CACNA1H,-0.30673019306006205,-1.3608449777766651,-0.5645252683571833
UBE2I,-0.8315870519202485,-0.4787932588171558,-0.49119182445144827
TSR3,-0.4937659313904455,-0.6887063472834996,-1.1702455929105753
GNPTG,-0.7097176625825803,-0.38999702847161183,-0.40421987530130465
UNKL,-0.054595312231164414,-0.6790346280362627,-0.8214403627422051
UQCC4,-0.41829742887354376,-0.7550372249218213,-0.42812135883159635
CLCN7,-0.8372569590937502,-0.4675079602657561,-1.0899667693026416
TELO2,-0.577205159618206,-0.734987094014766,-0.5475181693947312
IFT140,-0.2697364078956746,-0.5212365594921521,-0.7088840449855596
CRAMP1,-0.19494201898234925,-0.6937594980983235,-0.44564239134110306
JPT2,-0.3412827001565866,-0.4162468564804556,-0.47321276746075114
MAPK8IP3,-0.6791258594235324,-0.4420047328220349,-0.31783250336411234
NME3,-0.5960322836451971,-0.4157953476598877,-0.23374530922471234
MRPS34,-0.16959837330749747,-0.7186191591346258,-0.008300724824934514
SPSB3,-0.49781994649462286,-0.4036408151947485,-0.6428900068642278
NUBP2,-0.28943866069848667,-0.7672433017239193,-0.4129136915339303
HAGH,-0.6831891138830386,-0.23904082929730566,-0.4914852057281501
FAHD1,0.15633268082777,-0.7549153341538641,-0.05165542527448249
MSRB1,-0.798406969959288,-0.2672017331788972,-1.4367311434379815
NDUFB10,-0.8740684623496762,-0.9534199099025003,-0.9149708485113592
RPS2,-0.20424876255422925,-0.037429303988835386,0.06978441927970637
SNHG9,-0.6510242987236837,-0.4447834307986832,-1.2266198318334531
TBL3,-0.77906335192095,-1.7967374153071596,-1.265860382112848
GFER,-0.47699957885602723,-0.7566181360824764,-0.08450065936599313
SYNGR3,-0.2650494650454646,-0.2501614580203722,-0.41060329498744963
ZNF598,-0.6126003704376615,-0.9563112084525756,-0.29050492707715847
NPW,0.9004327525780802,1.9629375056735512,0.9780101693892824
NHERF2,-0.733222687375445,-0.3664748586891485,-0.9065600865289839
NTHL1,-0.3081804161538706,-0.39598831511485244,-0.31585482699317424
TSC2,-0.18938289244785628,-0.23306106022305426,-1.293016774489633
PKD1,0.056939349076319735,-0.4536100958140672,-0.6630478908104928
SNHG19,-0.4729833799268696,-0.41783190627365135,0.15377976037974497
TRAF7,-0.49277950160065137,-1.2970075665336047,-0.6714942791165158
CASKIN1,-0.34588901272141476,-0.5368348598752385,-0.628518911690538
MLST8,-0.778356081677245,-1.1121073324592956,-0.2895074223615666
PGP,0.24121303677026168,0.06543061132807883,-0.1323174176147255
E4F1,-0.5593963946914114,-1.3314084506742319,-0.29800850294604325
ECI1,-0.3599772800274365,-0.3815169761021231,-0.5091962896751205
RNPS1,-0.9175535037457507,-0.5141702137449045,-0.857065474073309
ABCA3,-0.5021412094493627,0.461337344348479,0.18100597194720794
CCNF,1.7164986355295753,0.29399344298967384,1.3912318836494002
TEDC2,-0.43943034186813884,-0.68925445656118,-0.946691940414393
TBC1D24,-0.3068332864265387,-0.7522135373865417,-0.4151716566185223
ENSG00000260293,-0.8608016120870126,-0.3045574394995008,-0.6774240093296876
ATP6V0C,-0.6917328978831989,-0.9216352944303914,-0.5275767296860607
AMDHD2,-0.7085900816051875,-0.30161503699028813,-0.5303111353464091
PDPK1,-0.5542588429153347,-0.4709661400828509,-1.027919605349723
ENSG00000261613,-0.7235463733269114,-0.433340213363838,-0.8919744941992143
ENSG00000261140,-0.7197234880045755,-1.209484295752521,-1.113673003928998
ENSG00000291228,-0.1686321085539539,-0.38728442476802266,-0.5299215869376681
ERVK13-1,-0.37687360347453236,-1.0524920484428684,-0.2067386903918944
KCTD5,-0.44573867005513185,-0.7213607416867482,0.10375567484524943
SRRM2-AS1,-0.9956320999088747,-0.2651816485451022,-0.7009282432718251
SRRM2,-1.2526762414388664,-1.089281118188488,-0.8880089472645487
ELOB,-0.6085820016666722,-0.6356823517209591,-0.5923694576088784
FLYWCH2,-1.228901969656551,-0.7830130284512293,-0.5272951632838031
FLYWCH1,0.017703311296070678,-0.8647261810292584,-0.08620910450131807
PKMYT1,0.1789724374062907,0.7612402420131978,0.3989358399429115
ENSG00000272079,-0.09419061247740144,-0.9113421052665629,0.05368703602249528
CLDN6,0.29440366947269675,0.2602254517185613,0.2911364674285828
TNFRSF12A,0.4769504853675954,0.8452054711716244,1.0568037934633487
HCFC1R1,-0.29762205001875225,0.22428198478450762,-0.12404407779016682
THOC6,-0.8112451497406497,-0.33574934562147263,-0.550523115795162
MMP25-AS1,-0.321177470466175,-0.8965233756363525,-0.6388210944465698
ZNF213-AS1,-0.47599696838622313,-0.09882779143130453,-0.5650149438242096
ZNF205,0.15807001599418766,-1.7185973937763315,-0.7132178832194036
ZNF200,-0.22386635643851707,-0.044554012193970004,-0.15285225321770562
ZNF263,-0.8512945362497462,-0.46033095952950026,-0.8785073934555996
TIGD7,0.08281656970464724,-0.15305326301857036,-0.0484608874886057
ZNF75A,-0.15621248938646207,-0.054925135531998855,-0.1895322468152436
ZSCAN32,-0.45147411573233853,0.03307655395849461,-0.6107594690790243
ZNF174,-0.7989410588410237,-0.7400602898875874,-0.45448760359724355
NAA60,-0.9410823341619299,-0.8033111264740747,-0.9916311870330716
CLUAP1,-0.43652379815346976,-0.46725653099635883,-0.3750842345152492
SLX4,0.5347392090068297,-0.08694249017695554,-0.296532049715669
DNASE1,-0.5548631306694212,-0.8659789281403611,-0.13567907645697735
TRAP1,-0.7944246556297436,-0.17445073886262102,-0.28963242808396217
CREBBP,-0.2294851041585239,-0.6247152721701674,-0.438327541886327
ADCY9,0.3809035375905267,0.5193295796963432,0.5445276005802917
SRL,0.0032359679203217335,0.492748803727519,0.25202198337941445
LINC01569,-0.6448023725175246,-0.4789432211976709,-0.47421735030548373
TFAP4,-0.688330633508933,-0.07426095797687535,0.11264662012320409
GLIS2,-0.33478360639209725,-0.4357719945683662,-1.2684025232711775
PAM16,-0.7330350504157863,-0.554085052939172,-0.5062816154548742
CORO7,-0.6749917723804907,-0.8424134957451913,-0.2774637898316889
VASN,-0.09044391108136192,-0.3107042457862441,0.06698120538266758
DNAJA3,-0.7050946092168431,-0.18688845382331815,-0.44762805735426164
NMRAL1,-0.2667575621898806,-0.19559446376086248,-0.5481203575334953
HMOX2,-0.47510322826333956,-0.7587892814331703,-0.7633495240487811
CDIP1,-0.6674909491646375,-0.926999207717369,-0.45097373359217835
UBALD1,-0.9428224688209818,-0.37705796832592503,-0.1837570190577971
MGRN1,-0.2209632301771691,-0.7589529861180253,-0.5150916657875442
NUDT16L1,-0.5298231755325844,-0.24519901970496963,-0.11441557251013994
ANKS3,-0.22128530928344148,-0.07707753536552174,-0.6279486996869501
ZNF500,-0.30074144821542254,-0.1136379567218313,-0.12045038342340672
ROGDI,-0.35921592862432306,-0.07542542934652735,-0.6906477242824103
GLYR1,-0.5200467617492174,-0.6258014282634505,-0.8193302446482953
UBN1,-0.7638652794055752,-0.6307692737432831,-0.6062668100896146
PPL,-0.8926583155725893,-0.6174136481587631,-0.09502638596400816
NAGPA,0.21626501423842726,-1.3239861759440503,-1.3817672928962814
ALG1,-0.40508698809369303,-0.5680486329180248,0.28588808442560776
EEF2KMT,-0.7031773994184114,-0.657750651502088,-0.43154562074446184
RBFOX1,3.119645768493715,2.845895560583477,2.0536165773224653
METTL22,-0.503321573613384,-0.394087073886329,-0.2529657626169701
ABAT,0.10891921314757971,0.4257464887236821,0.3986647574433206
TMEM186,-0.22761346998927218,-0.7606601634862997,-0.5939117513520776
PMM2,0.5399338627145802,-0.1489462221605216,0.10649566181349358
CARHSP1,-0.3176585428115572,0.6771698453011403,-0.7598172791403215
USP7,-1.0653359688861812,-0.4829843633800159,-0.54892328433991
HAPSTR1,-0.2932941778709725,-0.6460563291554067,-0.5627694884679322
GRIN2A,2.5769776335669334,2.2735749997494317,1.3318619611509526
ENSG00000285543,1.2763761147942994,1.007387957986026,0.8226936146286974
ATF7IP2,0.9691161064755569,1.195332728915922,1.0539013195587046
LINC01290,0.09684003430508535,0.009911502787154703,-0.26593467724102376
EMP2,0.5364595442966511,0.5858531577980628,1.0363091159426467
NUBP1,-0.40264481534032365,-0.8648357707465486,-0.44634444605822315
DEXI,-1.6980635066957355,-0.9564187674366096,-0.7001586537181161
CLEC16A,0.12682629800960762,0.03367089485744747,-0.06833828149365222
RMI2,1.452689572194867,0.47460247686357,1.1295008437756238
LITAF,0.2764719352915889,0.5999121194777004,0.33735586809137175
SNN,-0.32595972508348936,-0.7183138009223882,-0.8033336302083072
TXNDC11,-0.015984452960520205,0.13775111892698885,0.11230019553288179
ZC3H7A,-0.42537432749053394,-0.3036667886047795,-0.2960995790276932
RSL1D1,-0.11383202422481277,-0.12538810193418112,-0.2348025347628564
RSL1D1-DT,0.16147839876789055,0.1604061702003925,-0.11661891888985916
GSPT1,-0.5144109153263123,-0.5448176342918742,-0.7689261551756239
SNX29,-0.05785824047769947,0.1822092709538588,-0.05216310592624397
CPPED1,-0.008801545873204518,0.21732799162453278,0.36397522827665796
ERCC4,-0.4998028292076739,-0.49663272350325727,-0.1927147267810696
MRTFB,-0.006576008154212322,0.08542736080792321,0.12229970028728587
PARN,-0.4072984340457601,-0.4602871698110355,-0.35878057035496264
BFAR,-1.129509228289269,-0.2865524619886415,-0.45571003201298055
NOMO1,-0.7167986471246302,-0.6496854203247543,-0.6275988109730405
PDXDC1,-0.5321929344678119,-0.6840730315777037,-0.590187888370739
NTAN1,-0.5278313427180202,0.059294509706813235,-0.5150567892334657
RRN3,-0.4325445356553139,-0.5019187343686405,-0.7106716228912227
ENSG00000290396,-0.5665073220499509,-1.439888629472943,-0.8114690296145675
ENSG00000291272,-0.7240914029950893,-0.8625748573202401,-0.8368461670406759
BMERB1,-0.0681205651647972,0.24808425029687337,0.3354199309849867
MARF1,-0.6875958716118511,-0.10696405726535828,-0.1359551486521795
NDE1,1.3136030402353853,0.9609415235278043,0.6919815403318665
MYH11,3.4057051438729786,2.904606289157474,2.2376442290945455
CEP20,-0.9990264325051008,-0.4596505370179678,-0.5241460849397973
ABCC1,-0.16773673886824983,0.21020807845098588,-0.012701859602746191
NOMO3,-0.5521069124025823,-1.2412325840259477,-0.5131712079496573
XYLT1,1.0595894009840023,0.6167837567166679,0.7561847296094192
ENSG00000290383,-0.7362900479241965,-0.7392846917425473,-0.4250699659020185
NOMO2,-0.8061330447983401,-0.7869901437958937,-0.1527942416950161
RPS15A,-0.21314034935438816,-0.021784952639677585,-0.06783961250243212
ARL6IP1,2.6076966160349038,1.6157681001731277,2.3551718502213888
SMG1,-0.4695495056000176,-0.4718404852113025,-0.8765065182285383
TMC7,-0.6938369888642164,-0.35317390366796525,0.08226681881747656
COQ7,-0.6016074292012447,-1.830433167063564,-0.3944541564629774
ITPRIPL2,0.20945639699879956,0.08798183128260113,-0.14006679273359177
GDE1,-0.43891356982535257,-0.6537665086080828,-0.7166978630992596
CCP110,0.52701413190319,-0.18844594277172885,-0.07559271298600839
VPS35L,-0.23111961422334198,-0.4477854401362506,-0.5148809974506285
KNOP1,0.14183377435631073,0.12027576213613152,-0.0881425769437811
IQCK,0.5469852013226628,0.20189118270568324,0.093783669139814
GPRC5B,-0.4496741489163654,-0.08144242605041536,-0.2927594869026251
THUMPD1,-0.1699155528871152,-0.6434150516060874,-0.5427607952050799
ERI2,0.4070044499515006,0.4639114115319458,0.029481972394091206
REXO5,0.28736980742947077,0.15351336413339206,0.41044281940333244
DCUN1D3,-0.26127078919032337,-1.5006659562239761,-0.5190746272285018
LYRM1,-1.1475168429554685,-0.43397378466556086,-0.5713411082890225
LDAF1,-0.028551366763043286,-0.14971567249598294,-0.03298300767347937
ENSG00000291073,-0.6632042813619811,0.10629581175613004,-0.17486771524813344
METTL9,-0.7915583986321408,-0.4836166157009529,-0.8512336319264514
ENSG00000261596,-0.649459839721338,-1.089817127512898,-1.14362042154168
ENSG00000291066,0.06788549790337586,-0.1462439589745692,-0.5350045670338409
NPIPB4,-0.3772544251557086,-1.6650993510224055,-0.5693459716378478
UQCRC2,-1.0797107421873413,-0.6919388231274687,-1.1996481112686688
MOSMO,-0.3409879569864422,-0.16425037454813202,-0.19219348665258099
EEF2K,-0.26696626205746204,-0.283720472388552,-0.3187765323310749
POLR3E,-0.3939011838967801,-0.4968474007766624,-0.07865473484037006
CDR2,0.36232463705101026,0.3866219750058945,0.30030186516395224
RRN3P3,-0.7306105805807235,-0.32113020378275076,-0.04075216172390485
ENSG00000291060,-0.8842501721242045,-0.042258843019940394,-0.8217914865624927
NPIPB5,-1.2807394964285415,-0.4465361989080172,-0.14398322150027093
USP31,0.09048438744613913,0.3861478767304866,0.13393657833259445
COG7,-0.25595323029338607,0.3568922200871362,0.028021503794185696
ENSG00000260136,-0.28644638471086736,-0.24486649295682034,-0.7993241338807096
GGA2,-0.3058761773873436,-1.0438926900011793,-0.6725157873842562
EARS2,-0.5160704096129862,-0.485870003894778,-0.10658070717485658
UBFD1,-0.5742094524428687,-0.3798445640308224,-0.7946871577495003
NDUFAB1,-0.2232503853865496,-0.42432504805276144,-0.3396919570742974
PALB2,-0.30382415048326555,-0.4198230908967311,0.1417640745595462
DCTN5,-0.5235497916167944,-0.554014605612231,-0.8744183881604536
PLK1,2.5689426160682345,1.5935344046372428,2.3518188725793827
RBBP6,-0.4351014369078428,-0.6747363917344663,-0.33996732936615354
TNRC6A,-0.8055284494971566,-0.4352965092538384,-0.440382458131527
ARHGAP17,-0.24000685298880597,-0.5156393976551108,-0.40080484325801174
LCMT1,-0.5609294415060582,-0.4619733069797505,-0.745097589411376
ZKSCAN2,-0.03995258678794756,-0.21936216037242673,-0.1683860917317652
ZKSCAN2-DT,-0.32436199862510046,-0.5890483854902264,-0.5404559206759458
HS3ST4,1.8449709664174456,2.093665254731029,1.2935450174261476
KDM8,-0.7299978435435044,-1.009652349854818,-0.15637173059160497
NSMCE1,-0.16624785469333508,0.09998251096944692,-0.29619415162043344
IL4R,-0.12674163588258122,0.6270742140363125,0.2285117349141857
GTF3C1,-0.9460322098713441,-0.6143498539959715,-0.5913263852329358
KATNIP,-0.08618375943425964,-0.025759815627928607,-0.6081215404696642
XPO6,-0.09269721675861221,-0.4631056300003777,-0.2609896916969561
SBK1,0.0308062407043615,0.12176032772684303,-0.10741693573991289
CLN3,-1.0614665364345548,-0.8570261153694645,-0.6409692123930028
SGF29,-0.42357536922585476,-0.31086484944200876,-0.13056719881420165
SULT1A1,0.5279289019415004,-0.32729339670738616,-0.33648692425494536
EIF3C,-1.1314125691123742,-1.4524421088495707,-0.889638186554432
ATXN2L,-0.6067068970140993,-0.30897183492736957,-0.2775215882485255
TUFM,-0.826436484938732,-0.9049996400609821,-0.5448942742678079
SH2B1,-0.7278816693699817,-0.5798069611432092,-0.29404618877728694
ATP2A1-AS1,-0.25080787623105044,-0.18640735697578137,0.01239123047760409
RABEP2,-0.39842145259859774,-0.09868411149593474,-0.6974215664365921
NFATC2IP,-0.5813220466819081,-0.2683889814332901,-0.49781960827001737
SPNS1,-0.8707828673232605,-0.5913679028444606,-0.9825380592075456
QPRT,-0.33045917338255043,-0.20362712942501562,-0.27334625103711824
KIF22,1.1840970006826659,0.9280443759184428,0.6310952318593266
MAZ,-0.06131180803672015,-0.44330041462620073,-0.24990167735535349
MVP-DT,-1.1539402283920275,-0.44449705853415017,-0.5678526109128937
PRRT2,-0.06687852045063637,-0.386174204563087,-0.2179368339726367
PAGR1,-0.6260806715435159,-0.4961808715489618,-0.697794332044456
MVP,-0.7973945330659937,-0.7646803309552901,-0.5571395822214348
CDIPT,-0.4956031416970567,-0.5510801009344811,-0.5359919346298341
SEZ6L2,1.3321047306000473,0.3213912862694741,0.5005322239914314
ASPHD1,-0.3577839740854074,0.06661841695198233,-0.13621606620428392
KCTD13,-0.1914200585332999,-0.016919454842735604,-0.00902442772772366
TMEM219,-0.9275674053924163,-1.0641065140734511,-0.4343057667487394
TAOK2,-0.6771293191222975,-0.15970326670587906,-0.2352354788769837
HIRIP3,0.4026508684571368,0.05522620731682438,0.03556433343498714
INO80E,-0.22358370410586664,-0.4268580434986013,-0.596076184940287
ALDOA,-0.6572087337980541,-0.7259000451088298,-0.4366677180646868
PPP4C,-0.7388334112912744,-0.679640283899925,-0.42001493727918054
YPEL3,-0.537728826543642,-0.2245553687772564,-0.48226483999704334
MAPK3,-0.6872137609440153,-0.3457021240463653,-0.647081066296181
BOLA2B,-0.4927467760234414,-0.7363206969402043,-0.6161084897863808
NPIPB13,-0.5705846915269319,-1.0411745666058607,-0.558659127892355
ENSG00000291047,-0.47491894007326246,-0.5248527637011442,-0.8104921055472012
SMG1P5,-0.732835854812496,-0.2825778440549059,-0.43322781503903224
CD2BP2,-0.7174001908603351,-0.5446571507348601,-0.10362541344888858
TBC1D10B,-0.8972118068986603,-0.40882812818436776,-0.8593241540518655
ZNF48,-0.45278493313225343,-0.5784179668437835,-0.14724549052624877
SEPTIN1,-0.6255325934629178,-0.12343521863363444,-0.524093660536863
ZNF771,-0.22553826609591,-0.6981261823714,-0.42246111543977705
DCTPP1,0.08638147352812454,-0.41787077923809685,-0.1100704488632936
SEPHS2,-0.5997198058644813,-0.3331463205447953,-0.42534180295231755
ZNF768,-0.9759454785555093,-0.8971375950593591,-0.17613336185876352
ZNF747,-1.35934086865241,-0.470419716049637,-0.048791989625499375
ZNF764,0.0828262800087919,-0.9685333408805761,-0.35234923870451945
ZNF688,-0.6206944427906614,-0.2875829721756524,-0.6221039768559996
ZNF785,-0.25711869240157625,0.03587856698257497,-0.4340102477378629
ENSG00000260167,-0.1368625641965657,-0.07037586346011084,-0.49564284236603834
ZNF689,-0.6894317023572079,-0.20626897978112882,-0.4602428630975481
PRR14,-0.13139382247803155,-0.9203347433334272,-1.3148156280481942
FBRS,-0.8506294675611416,-0.33831341729820613,-0.7140645567902943
ENSG00000261840,0.19229655719512811,0.07600864517068466,-1.1727780604516482
SRCAP,-1.020920840942395,-0.24973543390812838,-0.8284510383498649
TMEM265,-1.5044041503380434,-0.11484828440135435,-0.6345896788931676
PHKG2,-0.8002720264052314,-0.6363713249821892,-0.33839628567632124
RNF40,-0.7810337909782312,-0.7766533067419275,-0.2234063241341033
ZNF629,-0.5721832751608319,-1.1970670790277964,-0.4507163570356489
BCL7C,-0.36049156442314967,-0.18008288853130597,-0.5154065458167416
MIR762HG,-0.5352455719234329,-0.9343288719148718,-0.1606071187197422
CTF1,-0.8606533150285857,-1.0401538595738344,-0.943411459466173
FBXL19,-0.48599992330260017,-0.05426451786052059,-0.0726598293095684
ORAI3,-0.31206996304359785,-0.44473699200142397,-0.5892361598160817
SETD1A,-1.0059491275122383,-1.5655838214601303,-1.4954327996630639
STX1B,-0.27113932505419674,-0.9616828250186984,-0.47111182739739016
STX4,-0.27669419106704396,-0.39597848064378377,-0.231872302607421
ZNF646,-0.6153310649478455,-0.5832631284872569,-0.08904037352055734
VKORC1,-0.5312917835594675,-0.6242363757572634,-0.4711877525862711
BCKDK,-0.7792433884286751,-0.4312801298735423,-0.27389056132670936
KAT8,-0.95291685394524,-0.9964874736216593,-0.5167943323204548
ENSG00000278133,-0.31079888572051567,-0.8990289412743415,-0.8246393907655047
FUS,-0.6660493948528199,-0.8021895918536117,-0.7899049251897878
COX6A2,0.8177923258640297,0.7339800186563785,1.1748498638226295
ENSG00000261474,-0.5595245053056067,-0.3184415656809385,-0.0429339175612355
ENSG00000260267,0.06407519574592875,-0.31679358846211153,-1.0713412939838491
TGFB1I1,0.40992521752537664,-0.02133285802371529,0.2286569551978879
RUSF1,-0.8266638073059127,-0.11005375549166634,-0.3202070537830792
ENSG00000290927,-0.711459398457368,-0.839181076033114,-1.252878264115811
KRBOX5,-0.19209635929578178,-0.011347169057035684,-0.5461914416668529
ZNF267,0.1357502016588831,0.2433881003942843,-0.3407033804107407
SHCBP1,1.4589338900669375,1.3708708027300922,1.2744287523947833
VPS35,-0.9502470005484192,-0.9698139901901257,-0.6248205964661793
ORC6,1.524978346427723,1.472703550715618,1.5578914934581327
MYLK3,0.07221989367034351,0.31682642482032,0.13177779047261848
C16orf87,-0.19450667075874503,-0.32201166084810856,-0.3499845619093236
GPT2,-0.3762509814176092,0.640770263104816,-0.23503919342497073
DNAJA2,-0.7204583524963759,-0.6251404246653286,-0.529358814236197
NETO2,1.0304595230267743,0.9629345150604891,0.5260870752482383
ITFG1,-0.04475108899386976,-0.07017367908914098,-0.09681999578855385
PHKB,-0.493908785709948,-0.3103733310540058,-0.17999447118890546
LINC02133,0.988904705235793,1.265861669704286,1.300811936774533
LONP2,-0.47162230631871793,-0.7726934124156095,-0.6475806792553237
SIAH1,-0.80130231638217,-0.6166763309540394,-0.5713056773050837
N4BP1,-0.5656552819945233,-0.7219339412288974,-0.4010880816049536
ZNF423,0.6697597639271464,0.612438858531668,1.4900669848061767
CNEP1R1,-0.33706340035357835,-1.4664721201830062,-0.07922023637169671
HEATR3,-0.02396567083324898,-0.4757942883392375,-0.05424715216716078
TENT4B,-0.14056638641035235,-0.4344171874075116,-0.4194266085661375
ADCY7,0.09513309643232408,-0.09100257884565366,-0.4179677512087175
BRD7,-0.6698649352537274,-0.45545544056469467,-0.6638492671366691
NKD1,0.2667020280456746,-0.35357843333388667,0.7748378327118636
CYLD,-0.732696474920079,-0.06646295405287007,0.03992786186544702
SALL1,0.12880828976019038,0.5138409889641196,0.9508805544444741
ENSG00000285367,1.2104987950028097,1.2748263315035118,0.850724162820832
HNRNPA1L3,-0.24228653017596713,-0.34206719109403144,-0.32882890816746974
CHD9,-0.09018739436280049,-0.3894936543763094,-0.6932800581022533
RBL2,-0.33526640349448306,-0.2687266917394133,-0.05810589470630842
AKTIP,-0.6786822134907879,-1.0497367382315446,-0.35625073820847325
RPGRIP1L,-0.10695865579539186,0.061127551153297974,0.29999756328532
FTO,-0.09773954258419341,-0.018338517488054158,-0.16211565924299975
IRX3,0.7553547852394188,0.688065744102019,1.0833751326006045
CRNDE,0.32658319415623177,0.5289320495161576,0.8328679646873667
IRX5,0.7058153644798466,0.7968501674884685,0.8944365062855902
MMP2,0.9399613200807905,1.3808040351476762,1.0589018135206132
LPCAT2,0.8395276468018267,1.0021857884170764,0.6246003575611708
GNAO1-DT,1.1072236205987274,1.4501461960250772,1.479211138721972
GNAO1,0.9180033969529084,1.4724110100441692,1.8956174199511118
AMFR,-0.37568391349141805,-0.42863322662126185,-0.32939305303879246
NUDT21,-0.46933458756484475,-0.5982295917666073,-0.4537665372698357
OGFOD1,-0.31836142922537286,0.1602398594981587,-0.15743747805802144
BBS2,-0.5966446940329888,-0.44805647982369123,-0.24132476731049482
MT1E,0.49006006642509803,0.16373892942588247,-0.6675819783777115
NUP93,-0.4587654866829069,-0.1351152945010199,-0.5298842804157858
HERPUD1,0.06622748398757501,0.3137778061086891,0.47457325992528965
CPNE2,0.2917189384602388,-0.41028312615086904,0.04931961305621606
PSME3IP1,-0.24825242791161628,-0.5694594412989992,-0.8111893848354725
RSPRY1,-0.39325426933449853,-0.3798266144129165,-0.5100603406817896
ARL2BP,-0.897814493727072,-0.6922721666446705,-0.5743516851875335
CIAPIN1,-0.5544633683863651,-0.4755409451648411,-1.1668902552795046
COQ9,-0.04734590971869684,-0.6028506161130132,-0.21788280760871
POLR2C,-0.3713495380679391,-0.7713361860776686,-0.5828676725145527
DOK4,0.5865504762281546,0.6629832254000476,0.8462048849259922
CCDC102A,-0.22256711008947502,-0.7123222365410484,-1.0279401318303272
KATNB1,-0.6161499858334061,-0.7931983427713227,0.1277376347962615
KIFC3,0.4213932197817733,0.5786831848590239,-0.3764987939600921
ZNF319,-1.0417124506465676,-0.9077396873041472,-0.17571953587630776
USB1,-0.8050032572186545,-0.32719302111546616,-0.4493648567783914
MMP15,-0.029218124350933287,0.09969307455537547,-0.6351554474285058
CFAP20,-0.39858187834770226,-0.825792619825453,-0.7708508586514817
ENSG00000260927,-0.31795265345630946,0.008999337382167752,-0.5786956983579437
CSNK2A2,-0.7077606327649626,-0.6788582334393461,-1.0420857106116834
CCDC113,-0.4291065135389048,0.43789310360931205,-0.19600939294233302
GINS3,-0.24343484907986485,0.13628434498197708,-0.04887514950788942
NDRG4,0.16763619014735542,0.012636874619779824,-0.5549031172589416
SETD6,-0.4349971829075869,-0.25702306809474257,-0.24503480333379105
CNOT1,-0.7849626226612187,-0.6397045515877906,-0.5461155278436608
SLC38A7,-0.7090163032134988,-0.41542597241098644,-0.002083951184317782
GOT2,-0.5484270627677823,-0.6692417771545925,-0.3312697476856031
ENSG00000245768,1.6585982685103708,1.9968749202620835,1.8890770705328315
CDH8,1.486195014955765,2.004384367257231,1.074591665152969
ENSG00000261502,0.7374757982679512,1.3763152969047923,0.7409210052093833
ENSG00000260658,2.234299809205993,2.0296726897287627,1.5966459266397592
CDH11,2.0337471322662566,1.7368801239332932,1.6754369577767676
TK2,-1.0216586782694215,-0.9565430943830543,-0.4763391695687637
CKLF,-0.5354403923682794,-0.4461400637487536,0.025001727492409094
ENSG00000289353,-0.3832519103222402,-0.5958997090851987,0.07482162109706542
CMTM3,-0.15536529003948377,-0.4352298086270778,-0.4774481457817003
CMTM4,-0.04351300477560114,-0.12348977316461429,-0.12000795294649438
DYNC1LI2,-0.4412868984465134,-0.6502961056461914,-0.3107981814984804
NAE1,-0.530278395456058,-0.3332122952777468,-0.4477568881567677
PDP2,-1.1114309514701617,-0.6982734275325626,-0.5420198187406662
RRAD,1.1133902911439648,1.1059300182251945,0.6367544024215626
CIAO2B,-0.38362827425961404,-0.524258972101009,-0.7806888383683805
CES2,-0.798305370342355,-0.43000928272795136,-0.9244948917437021
CES4A,-0.062418271606567544,-0.4237999591237412,0.06324200155739836
CBFB,-0.13989413687296445,-0.20939599607358522,-0.2979837497333158
PHAF1,0.04080987068698503,-0.5363912756943598,-0.3758260011482727
B3GNT9,-0.14659685315440998,-0.8501911506632496,-0.20678872647450322
NOL3,-0.23154442478967857,-0.3145324363062408,-0.5001540882798247
MATCAP1,-0.3584299256047636,-1.0857693150762522,-0.707950660994598
E2F4,-0.6869513429056902,-1.4674044765052692,-0.17805791839607105
TMEM208,-0.3658032341142991,-0.36108526195159735,-0.6898606533078926
FHOD1,-0.6524933284344775,0.03618498704879515,-0.7902180462227761
SLC9A5,-0.8109939860926474,-0.6029087948045272,0.3831617068842057
ZDHHC1,-0.7276295386855587,0.04521198993822391,0.54428537456457
ATP6V0D1,-0.8267074696467773,-1.2213926380540059,-0.5280456673959221
ATP6V0D1-DT,0.008822572911270648,0.043552413123030924,-0.3554716336009953
RIPOR1,-0.5463957183995626,-0.8858108509578707,-0.07671850195086806
ENSG00000261386,-0.23865733663382477,0.0717573266617997,-0.4441360015679195
CTCF,-0.016172551861867435,0.07714189420543245,-0.21368210699527887
ACD,-1.068539906779133,-0.4702890354410201,-1.0249829299023787
ENKD1,-0.18461505756235397,-1.0121171472934414,-0.11612247291527568
C16orf86,-0.8870149381520029,-0.820019784952553,-0.5359569109200812
GFOD2,0.6384642534161316,0.6048422968582798,0.12479564468137377
RANBP10,0.22867439227511702,0.07579150719567447,-0.14848375012888224
CENPT,-0.6636124922217839,-1.106116798425738,-0.2640035269296667
THAP11,-0.9147412914553463,-0.42725363316941406,-0.7592683257155919
NUTF2,-0.2629859064143681,-0.6752069010318351,-0.11077562138364176
EDC4,-1.8728677791948947,-0.6135430443713865,-0.8704461076129313
PSKH1,-0.2174016445525489,-0.7569192864969345,-0.5742909157095326
PSMB10,-0.14796278775434152,-0.017768297429025692,-0.04764083790894707
SLC12A4,-0.5352194991277806,0.1125994910139597,-0.3060960645981261
DUS2,-0.35991395391252473,-0.9073652394213525,-1.4658225437543564
DDX28,-1.0258194457103151,0.0494558453691595,0.011997743383435828
NFATC3,0.05367441471385348,0.028189598622336744,-0.32547629289591734
PLA2G15,-0.5384146614246603,-0.4606433817905363,-0.4429900515328206
SLC7A6,-0.5084276794657931,0.11040634575751791,0.10332904382116231
SLC7A6OS,-0.101987590007429,-0.3043985715528202,-0.37930816949008767
PRMT7,-0.519557093494683,-0.29427589057168996,-0.4536331834190115
ZFP90,0.009167009854127984,-0.3534771665386956,-0.5700154597677526
CDH3,0.41667219934394245,0.656082864122979,0.6800423290204485
CDH3-AS1,-0.10103022182958915,0.0033372558375965927,-0.14433929682012808
CDH1,0.6040060851281588,2.1759037014768907,2.558762421341548
TANGO6,0.34433056490983216,0.3123087515172003,0.37011740587897185
UTP4,-0.5678202950845623,-0.8197217539648314,-0.48673067887378
SNTB2,-0.07106573639791593,0.3230115327936644,-0.18971593808728923
VPS4A,-0.3825270700127205,-0.5875509938858023,-0.7022340382282266
COG8,0.04863274456740285,-0.7769311838182986,-0.6954409371035908
NIP7,-0.11275869495992193,-0.26389490973731355,-0.6511052138581874
TERF2,-0.24516385021894752,-0.6413214219028838,-0.9816136378229849
CYB5B,-0.23321974199491174,-0.26808494959578155,-0.6849320788163274
NFAT5,-0.06393613735553313,-0.380414405593239,-0.25988092275825275
NQO1,-0.1645425801690905,0.10926578098974812,-0.06779907727403517
NOB1,-0.2078281013885857,0.12668048347290656,-0.7538186140624283
WWP2,-0.16179521033691555,0.034532271187263354,0.09162752418969684
ENSG00000290459,-0.9642671993881322,-1.2852799523232719,-0.9084853131163335
ENSG00000290709,-0.6668472348164549,0.19409552644430755,-0.4241462365381849
PDPR,-0.7386621791337227,-0.5746642569861785,0.011335947482312139
EXOSC6,-0.011233101224902928,-0.5381341958247852,-1.0592832427540593
AARS1,-1.174722901779095,-0.29212614215042265,-0.2256795749338778
DDX19B,-1.3392764199136025,-0.3948850445387179,-0.9613248426352784
DDX19A-DT,-1.094447359704212,0.10798822612995813,-0.12475268674747395
DDX19A,-0.8543770928153621,-0.4879263093665358,-0.8026285860443849
ST3GAL2,-0.036331318107624376,-0.3283403396510352,-0.13549758859438296
COG4,-0.18995095625142608,-0.4791020151673493,-0.2083530837717795
SF3B3,-1.2684085942122465,-0.737338142127534,-0.657414537573004
MTSS2,-0.2184934976634239,-0.3452017037253477,-0.5625085768964873
VAC14,-0.11148986869820382,-0.586641921155639,-0.06561115473299851
HYDIN,0.1520028348681031,0.2709187734521059,0.3562736715945612
CMTR2,-0.39969393748491916,0.019649897567685357,-0.22569000577504642
ZNF23,-0.1771059590027519,-0.26067031509170496,-0.3814203094299771
ZNF19,0.6926515311282415,0.14569338684467675,0.08571356481241206
PHLPP2,-0.012803387573658377,0.5635425486076109,0.2911389889872425
AP1G1,-1.0320642557389235,-0.6273434264619587,-0.34848560157028885
ATXN1L,-0.31511703361350385,-0.08187481394968539,-0.5985663685528451
IST1,-0.9756693417971399,-0.9526717846925727,-0.6704800450239219
ZNF821,0.09620497565019198,0.2604093586168866,-0.02270183849838501
DHODH,-0.6443386641661456,-0.6475566088101806,-0.8105184490594476
TXNL4B,2.9015473424839016,1.1571496662805387,-0.29813002275536254
DHX38,-0.5426120223859635,-0.2513454346525919,-0.3001337498925664
PMFBP1,0.8619629716108683,0.5638137201612103,0.951142007663737
LINC01572,1.5807623774613866,1.28646017483565,1.4251709823621361
ZFHX3-AS1,0.7471818152336488,0.5752550256724831,0.2949023658508416
ZFHX3,0.19365853590581844,0.2760469149815492,0.01214343427975345
PSMD7-DT,0.9469820441625281,0.2272168956441725,1.6561867726980317
PSMD7,-0.3693911244216146,-0.4965111395483923,-0.5082618077313158
ENSG00000259972,-0.2549590725838051,-0.4286741522799602,-0.8461226435287408
GLG1,-0.6138213155435501,-1.0581858528906167,-0.5672613659175774
RFWD3,0.21314074011985443,-0.061335060405678384,0.2693817839276846
WDR59,-0.2787717034939448,-0.5100371464867628,-0.5293648445738377
ZNRF1,0.09408251722705777,-0.348573026530648,-0.08879558640072102
ZFP1,-0.21914489645972063,0.015930794399910214,-0.4025770135717047
BCAR1,-0.1492791260078264,-0.30355124567820724,-0.7270676698335272
CFDP1,-0.4276838178561491,-0.36102019458230933,-0.517129548999641
TMEM170A,-0.8674059166574004,-0.7299882376918241,-0.9277949191298873
TMEM231,-0.4870924258514542,-0.5179729810969675,-1.4423873070282696
GABARAPL2,-0.6596688993487021,-0.6188666674018003,-0.45643424035792185
ADAT1,-0.3230249712512361,0.14952895092352145,-0.21842611365529052
KARS1,-1.3034551486355603,-0.8159992144306862,-0.3859329430002384
TERF2IP,-0.12709174662096598,-0.19270894802124872,-0.2920832160203339
CNTNAP4,3.289139150968918,3.3997022201388454,3.7192740462305096
MON1B,-0.23627422821426694,-0.41682528080472636,0.17527939630862827
SYCE1L,-1.2086428156530111,-0.5853967571168822,-0.6419648010541401
ADAMTS18,1.7861152855533007,3.0026160274871856,1.7714508668372382
NUDT7,-0.3128131036611173,-0.14992768126881015,0.1550162497375887
VAT1L,2.30733448694264,2.1938153117757224,2.466543402231359
WWOX,0.7781965861118216,0.8787854565541765,0.8230574320566751
ENSG00000260816,-0.44237630994754445,-0.6914328045907504,-0.6340603123546487
MAF,1.8585703990994702,1.3032290583097073,2.715048864739355
DYNLRB2,-0.7129089322165036,-0.3076941994999487,-0.24936889706238935
CDYL2,0.6734360581196945,0.46772280565615526,1.1191277831823037
CMC2,0.218679003694529,-0.20929953068079143,-0.11031054308852009
CENPN,0.8000477610406057,1.222191175873789,0.9641591943200147
ATMIN,-0.6052086930056433,-0.49966754741362246,-0.6825440560878312
C16orf46,-0.29444748783137703,-0.21065443097504405,-0.6407824142196716
GCSH,-0.4707193448301225,-0.17485263599889225,-0.19036264720268292
GAN,0.4422808791716691,0.31223468154636785,-0.12031765571322235
CMIP,-0.39981226564383127,-0.08332872422114335,-0.4478100119360207
PLCG2,0.519105007277389,-0.3778335521289975,-0.3239774454528224
HSD17B2-AS1,-0.19757371451979105,0.696026445138248,0.27295622412459863
MPHOSPH6,-0.5017046401348219,-0.34640372285858595,-1.0276299172422974
CDH13,1.9529302194325382,2.1450602732649386,2.104608222735088
HSBP1,-0.5473537230234484,-0.7877074724679716,-0.8460157527891141
MLYCD,0.08072192727344427,-0.20681922644767786,-0.13781866962995437
MBTPS1,-0.6601454831357073,-0.8527228122410158,-0.6616165875452645
HSDL1,-0.5386133542030684,-0.17777517482615574,-0.5395894025496125
TAF1C,-0.6955416425491201,-1.4267530105527513,-0.5249325355375873
WFDC1,0.28530013017798683,-0.06172562502980487,-0.2570405935147235
MEAK7,-0.5606129511781147,-0.09439896456641249,-0.5988754384482816
COTL1,0.28255764263523625,1.1080173311416353,0.08222473145505306
KLHL36,-0.6292195668244319,-0.3547462676053286,-0.5827889984832241
USP10,-0.8634603188704945,-0.7236157192265829,-0.5504980286638954
CRISPLD2,1.537139423179255,1.4103413341789803,1.830198398395872
ZDHHC7,-0.5205443597609047,-1.2270208711480812,-0.6668561283141762
KIAA0513,-0.14738152505085367,0.31655934604852826,0.183085538473275
GSE1,-0.3452167172638525,0.1753767804612067,0.07791802128481257
GINS2,1.5164440002537845,1.3384255248343742,1.940817794313002
C16orf74,0.005913601697443459,-0.11076252836664933,-0.29080120749963
EMC8,-0.35710973370643373,-0.9643262703039461,-0.6418304774092042
COX4I1,-0.4386762097452425,-0.3102535985961374,-0.44036997903420894
MTHFSD,-0.6299792637635662,-1.1207500049671957,-0.40694650048224196
C16orf95,0.10827277699238277,-0.1514807195722732,-0.16821582723127193
FBXO31,-1.1628125951782593,-0.40941219772535925,-0.24675414770213422
MAP1LC3B,-0.8572722128540029,-0.41446139602507864,-0.01216287169661004
ZCCHC14,-0.37730304005923904,-0.1028991679251661,-0.08251101758806455
JPH3,-0.8353422056982396,-0.9180057310531176,-0.5179459477221791
KLHDC4,-0.636151195903718,-0.15342358030963504,-0.8424608281145041
SLC7A5,-0.3886954573131974,-0.35441787874838576,0.1358095584864892
BANP,-0.05814659288241226,0.17516014670587765,-0.31772818464828845
ZFPM1,-0.5918184700206445,-0.5563602088977468,-0.5912206287166271
ZC3H18,-0.12211096513978596,-0.7785819564292105,-0.24887498095964486
CYBA,-0.1946908139859254,-0.3847498453044303,-0.7189861781220017
MVD,-0.7284294632265613,0.2658615423480555,-0.028337477704099025
SNAI3-AS1,-0.5104796734364322,-0.03492260900904037,-1.1501407960424075
RNF166,-0.143412210987428,-0.5603874527148491,-0.9381515552782922
CTU2,-0.6336398056110966,-0.4777766315234792,-0.6552924229540905
PIEZO1,-0.06289063250873286,-0.349333144343202,-0.22261557681645883
CDT1,1.007680758637747,0.3686921643124527,1.1190423808336512
APRT,-0.4757787333909286,-0.5194261620698377,-0.14315901160726344
GALNS,-0.4353865956446726,-1.5193230962040687,-0.6869481131952142
TRAPPC2L,-0.4562329435582804,-0.1278620827615704,-0.44245675740051027
CBFA2T3,-1.168565943050055,-0.2856786955622183,0.03138828794354609
ACSF3,-0.6065666260347627,-0.15094041098873132,-0.6290649919977546
ZNF778-DT,-0.10929689818554424,-0.33200646572634085,0.1146921811955189
ZNF778,-0.7882586264377522,-0.4911808773296969,-0.24231207473988908
ANKRD11,-0.9693469541799224,-0.5451192185808685,-0.44032144714708465
SPG7,-0.6074639070658883,-0.8064793606171037,-0.8034189176319018
RPL13,-0.48910968019475826,-0.2364238627099695,-0.167944944248486
CHMP1A,-0.08642329574744066,-0.3705739895547531,-0.7329339759801208
SPATA33,-0.4112956274948019,-0.20885572403926386,-0.30725871951846523
CDK10,-0.39910119146875545,-1.371776975829679,-1.0057805441480028
VPS9D1,-0.3454377514470402,0.2598015911038694,-0.16163251437185622
ZNF276,-0.5206910041198646,-0.14044858672713187,-0.589663666102112
FANCA,0.8405370760900084,1.112084766467298,0.6817375832137387
SPIRE2,-0.7726435164578547,0.15699653646625228,-0.515073898992057
TCF25,-0.7017121327229355,-0.9634763581950487,-1.3258367202556371
DEF8,-0.5752764684500954,-0.15284775300320058,0.023264995495548467
GAS8,0.030121437901232916,0.29798154398811855,0.05504939088278594
RPH3AL,-0.004008689566873564,0.34461630981051533,0.10658011218729861
C17orf97,-0.380644584834851,-0.6367692938462355,0.07517086358382136
RFLNB,0.6511515297841299,1.098620862988323,0.8751911408429329
VPS53,-0.6680550703772816,-0.3252351943000101,-0.3376267365571301
TLCD3A,-0.141109533394129,-0.4005105786492891,-0.7452601237798683
GEMIN4,-0.5146668564502583,-0.807171755617329,-0.8537431457406583
GLOD4,-0.44872617850660745,-0.8605249123581871,-0.609848491338102
MRM3,-0.8633461955617535,-1.0372281447584015,-0.21786925271714358
NXN,-0.1315579477134889,0.2675479523699629,-0.04153999485428271
TIMM22,-0.3175788212381541,-0.6378749336266623,-0.8836838117089663
ABR,-0.21742582183904355,-0.4892839213246561,-0.04482796891771912
YWHAE,-0.7257449160712177,-0.8485250042181924,-0.7769699310290079
CRK,-0.8522292518878736,-0.07527256997999383,-0.10337361807971847
MYO1C,-0.5971150574260626,-0.4889360937034368,0.16986522063914217
INPP5K,-0.1267807426590367,-0.6229148563191025,-0.7980521212544822
PITPNA-AS1,-1.0237641002231364,-1.1670270234484335,-0.22025120199158368
PITPNA,-0.6141952857764679,-0.3879071022402166,-0.49391051289069665
SCARF1,-0.6668515201051372,-0.0671591404196548,-0.31136366096322027
RILP,0.058080992294151125,-0.36148612517330037,-0.038486016355278686
PRPF8,-0.8533845274706344,-0.8209577109478197,-0.5688404986920547
TLCD2,0.1353800009952089,0.27724444588759317,-0.4132508762688616
MIR22HG,0.29183703847579073,0.37323714959277865,0.8673129228416876
WDR81,-0.4357001912605724,-0.8351926669728976,-0.07968622478160721
SERPINF1,1.7044166900111364,0.021839702070369754,0.42556424953824395
SMYD4,-0.048197415198227817,-0.36204749133433717,-0.13916772408579806
RPA1,-0.6579714553115501,-0.4559618842605139,-0.19667100155258774
RTN4RL1,0.6359610245174601,-0.05361771676514595,0.20545016762226
DPH1,-0.5709452139166977,-0.42578297288110184,-0.6538811158672041
SMG6,-0.4957258881239035,-0.726607598468334,-0.2577907523821104
SRR,-0.4447495761653358,-0.509034039519552,-0.6965791864805233
TSR1,-0.46662890649560035,-0.28347371599947385,-0.21695722544632554
SGSM2,-0.7498893715919159,-0.7818399426175802,-0.6647069414858892
MNT,-0.44741259821579515,-0.3342651777848146,-0.36458256886749035
METTL16,-0.361065420389945,-0.26738118415572387,-0.2292926088376675
PAFAH1B1,-1.2056937325105146,-0.9340965763292672,-0.6918864083912055
CLUH,-0.53241974038313,-1.1442571879120145,-0.5661075612644133
ENSG00000262050,-0.8426599483552017,0.3167790279185602,0.37514183900335857
RAP1GAP2,0.44096664246918493,1.3730937053010166,0.6633100049938037
TRPV1,-0.47147923025644906,-0.49398177268913196,-0.13979897030878874
SHPK,0.22266576796052104,-0.47825194120270714,-0.10675397924831036
CTNS,-0.611601811008871,-0.7090690019198576,-0.4809213815158024
TAX1BP3,-0.12970019237619465,-0.04075536093925793,0.23285861271726552
EMC6,-0.7051632374145385,-0.40827538891485554,-0.7378572824501894
ITGAE,-0.35460548309022505,-0.34986765944812603,-0.650399749916243
NCBP3,-0.5365081045201806,-1.0490999929408034,-0.7777385630908924
CAMKK1,0.47231815026917445,0.5355293202454091,-0.2311040815485654
ZZEF1,-0.6242464778486827,-0.7334261576726142,-0.15078916171140477
CYB5D2,0.09160917949294506,-0.09102597078307535,-0.3568364561365378
ANKFY1,-0.45697007717627613,-0.6709835004304557,-0.11651890459976148
UBE2G1,-0.6327202518113496,-0.5109988084404513,-0.016511172694936963
MYBBP1A,-0.6464502728514745,0.03553876400967933,-0.2455234667394173
SMTNL2,-0.1714964371155716,-0.10948974560475119,-0.6828234668161883
PELP1,-1.2266591350394798,-0.38264349996739716,-0.3467910804173933
ARRB2,-0.618110267845765,-1.1397220729816446,-0.45292562441440515
MED11,-0.1362303438030068,-0.5017090201927168,-0.8761860351317311
PSMB6,-0.6692214892686721,-0.5736411312359202,-0.5392986276369597
PLD2,-0.25801735783284485,-1.40650101459725,-0.21891153776994438
MINK1,-0.1716189144351574,-0.08539057715695005,-0.22031970954347463
CHRNE,-0.3835235014564944,-0.7740943523381283,-0.584677363567117
SLC25A11,-0.22849781876773537,-0.48410958032571827,-0.7290186555115206
RNF167,-0.823437933423218,-1.1560898254264238,-0.7671097891226246
PFN1,-0.10868725289611805,-0.2769408977928691,-0.11747426921141729
ENO3,0.5574424061979605,0.38919081046260834,0.251481187436724
SPAG7,-0.6767089267306935,-0.40919785391493596,-0.5719525624115569
CAMTA2,-1.12621825329715,-0.6363616381451322,-0.4379127453844305
KIF1C,-0.3678316412630806,-1.0963887457948331,-0.27613188373659275
ZNF232-AS1,-0.5293998898588796,-0.40797722688322574,0.004875853572009775
ZNF232,-0.4662795631321544,-0.11222751920014669,-0.42590679796736813
ZNF594,-0.20588885496651702,-0.2600242628966392,-0.5409754639983221
ZNF594-DT,-0.03859206092329615,0.30181317822211895,0.11512566014594591
RABEP1,-0.4569232097159705,-0.4254983876295881,-0.7800641123917877
NUP88,-0.481039487582386,-0.6758555747595381,-0.2955541562085635
RPAIN,-0.8433086231531988,-0.5179452196834761,-0.38092215598684476
ENSG00000263272,-0.6385224396707835,-0.6500482562816253,-0.27227003644353337
C1QBP,-0.1669918140271101,0.003722949922629289,0.2093092177622359
DHX33,-0.43759472515846914,-0.21324586721086908,-0.014032282088454218
DERL2,-0.7575162531005333,-0.4953446653892932,-0.7560924450430271
MIS12,-0.3044174156156246,-1.05516647419768,-0.09340873824717023
PIMREG,1.9407660453475977,1.7020099804473467,0.8422365400746975
KIAA0753,-0.4271981116052004,-0.16148290003263457,-0.05611143953341018
TXNDC17,0.6094482085226716,0.9636799794920314,0.35669848293203543
MED31,-0.39259899106279406,-0.4619970014747387,-0.5638279879692584
C17orf100,0.9716260666583273,-0.07627659914574632,-0.567830060925786
ALOX12P2,0.6556250173995366,0.27480980439502284,0.6547967983280785
ALOX12-AS1,0.986273272268889,0.8248139351553831,0.7258614546423878
RNASEK,-0.5657014645941061,-0.4966834377670466,-0.3621198578424227
C17orf49,-0.4913177277066119,-0.49008228905373835,-0.21459383084481945
ASGR1,-0.02963821746439167,-0.857512354559411,-0.569220392982711
DLG4,-1.0022517271825002,-0.7917917498596267,-0.6214964817795874
ACADVL,-0.24490234385958945,-0.8173543570250033,-0.5442845489926106
DVL2,-0.8965203743042416,-1.2021937703523697,-1.2979948715448977
PHF23,-0.3452837239717646,-0.7359012177641091,-0.45956089763148006
GABARAP,-0.37896575475337,-0.3578818519922358,-0.6703124264147533
CTDNEP1,-1.0188350067902938,-0.8967418318922711,-0.8021210501430538
ELP5,-0.6979577671468178,-0.49926739374880214,-0.8614064483154955
SLC2A4,-0.7353659687294929,0.0379835124121079,-0.771451861009961
YBX2,-0.27381583376775254,-0.490156103565198,-0.1923669381473125
EIF5A,0.10309808630264068,-0.22965762394007075,-0.049065210138586265
GPS2,-0.45938403431677355,-0.5713805087707335,-0.2723710904594405
NEURL4,-0.8191650130233833,-0.7182101220344954,-0.39972237809881855
KCTD11,-0.1128937069337326,-0.7783243675106029,-1.0767454267799685
PLSCR3,-0.3824443592397877,-0.7486030517785522,-0.6024609198872354
TMEM256,-0.08932286790969718,-0.23717370072667524,-0.15649102891420347
NLGN2,-0.30746484948418734,-0.09853240597676206,-0.5986158411509983
FGF11,0.07453242456019991,-0.2538562378588018,0.4717171908914927
CHRNB1,-0.6078533265096943,-0.80026302662991,0.06356546773807628
ZBTB4,-1.123084785663444,-0.13835939398585848,-0.4488775720656797
POLR2A,-0.2305593656728924,-0.3418264645336002,-0.3901840521173625
SENP3,-0.447549695026293,-0.22193045984204576,-0.12543111111644833
EIF4A1,-0.1186244061846828,-0.12247019325833722,0.1916173072373795
MPDU1,-1.0644796508890693,-0.5614193955203639,-0.5284300748177168
FXR2,-0.47262312242679627,-1.1239820393592481,-0.687080256483938
SHBG,-0.5842000858307443,-0.8634825123460956,-0.6187493884365054
SAT2,-0.5554837479313903,-0.8497689733416003,-0.5505834152044642
ATP1B2,-0.18033460036236093,-0.3515062450081459,-0.3965112058023657
TP53,0.13055702611443457,-0.19138925712781327,0.2931706673955468
WRAP53,-0.3086889969628465,-0.13912635629206,-0.4663966072734098
EFNB3,-0.5193373764519471,-0.08084440369366067,-0.30819012781161703
KDM6B,-0.4982292470620315,-0.7015412208529456,-0.4444394929005781
TMEM88,0.921818867076947,0.7034534501832255,1.1176538068310116
NAA38,-1.1778198896800198,-0.8100541327260267,-0.4275555719310055
CYB5D1,-0.26866651722579965,-0.44463086365195187,-0.14633879817099432
CHD3,0.5095625767990803,-0.16160581935919544,0.41839289166209426
TRAPPC1,-0.5685890359933231,-0.6209178617550108,-0.37049664951447525
CNTROB,-0.8664291102556163,-0.34230435863136316,-0.670557447159517
PER1,-0.49414991052984547,-0.18359107589887108,-0.44407180997313483
VAMP2,-0.9259962914503141,-0.6520178319115608,-0.9056411525561928
TMEM107,-0.32173603623817115,-0.3917248276820366,0.0708308974193273
BORCS6,-0.9454361902737497,-0.3062049898334073,-0.527653982314213
AURKB,2.1366125812585146,1.8782038974442514,1.6668781876660717
CTC1,-0.4298273218101159,-0.1521819775637568,-1.0744916719271096
PFAS,-1.1311028977840074,-0.12944107324617354,-0.31772775937349346
RANGRF,-0.5715231852538983,-0.8697094713867024,-0.29430003747342687
KRBA2,-0.26336457780838524,-0.4821516806742423,-0.540861576173736
RPL26,-0.3338681887291717,-0.1630562547140358,-0.18525950734653485
NDEL1,-0.382430292670417,-0.34262623009877663,-0.29985294155903125
MYH10,-0.14817044560742687,0.4986955813563192,0.015891842290834197
STX8,-0.1754574627198764,-0.20760278797851933,-0.0072349444058374774
GAS7,0.5382042750403571,0.6966137327098494,0.5890522072214246
SCO1,-0.6291288229835743,-0.49510603205854764,-0.4408937853538717
ADPRM,-0.5197282043570404,-0.10421087668015261,0.026757528383313856
TMEM220,0.042248318620238555,0.04120224979951805,0.34706777513812875
TMEM220-AS1,0.22442633257862712,-0.01122091176105045,0.3687090065410921
SHISA6,0.755702054020233,3.350683821049696,0.37371231708370084
ZNF18,0.25799202203867466,-0.19262208257207541,0.0010040711436616243
MAP2K4,-0.5767690375614548,-0.7336671900066065,-0.724831413885763
LINC00670,0.9212149610571778,0.6897311371816457,1.1240551868427353
MYOCD,0.2513640039418306,0.2037374975338171,0.1213188711414972
MYOCD-AS1,0.044543330430865835,-0.05144509695821496,-0.37797368573529866
ARHGAP44,0.4782127501197948,0.6153169657499654,0.4765798329339184
ELAC2,-0.3721791106139279,-0.6575328864768828,-0.24378349156258497
HS3ST3A1,2.053507513850249,1.7347278268026507,1.808686995703031
COX10-DT,0.8551904168932829,1.0689428652415742,1.2937284762661534
COX10,-0.0734161157365456,-0.14784779121601946,0.3464064657913469
HS3ST3B1,0.7476814207270692,0.39979891756661706,1.6586137761747715
PMP22,1.3981285672690724,0.88000471439614,0.47719334284066767
CDRT4,0.33183270538906834,0.2345140458558745,0.3686130604132529
TVP23C,0.011032598424296955,-0.09063861090963951,0.22140791824250172
TRIM16,-0.18804058843767987,-0.22180965397869554,-0.2450618564732245
ZNF286A,-0.3421651536658281,-0.37086551151551456,-0.3693306348748387
ADORA2B,0.25856892908856827,-0.5598119835897926,-0.0891263137386034
ZSWIM7,-0.27392491635406907,-0.716901492577481,-0.6121231750029246
TTC19,-0.6180229164666676,-0.519861460600417,-0.8375089702283134
NCOR1,-0.9903994638096948,-0.8459991934471169,-0.44016731892061506
PIGL,-0.2971545324654663,0.0841100319947508,0.23433694700415936
CENPV,0.7374816546461176,0.6412004231210523,0.18013402019979805
UBB,0.34123494537793414,0.38357234289286524,-0.13565727349305945
SNHG29,-0.08533769661424803,-0.08642071781619971,0.11427750372858375
LRRC75A,0.032443258230440364,-0.0051187647502964045,0.3349223108907751
ZNF287,-0.938518712579743,-0.3484920820922141,-0.2490709480828563
ZNF624,0.2877986169441336,-0.31610088529194874,0.32493580734794847
CCDC144A,-0.9742802433469784,0.1890688066165112,-0.31756630651464585
MPRIP,-0.752612384476528,-0.7377267789098774,-0.22315139385789712
FLCN,-0.07885931097532858,-0.45559416804544023,-0.6661983058532498
COPS3,-0.5849687579991141,-0.9655700926732322,-0.04489261554855877
NT5M,0.1802956474508122,-0.7116220743116273,-0.5299526247861799
MED9,-0.3125640226384441,-0.15020077347831767,0.1431186879902135
RASD1,0.6605351157508537,1.01552354710633,0.9608078622853284
PEMT,-0.5056237818951494,-0.3666559621622767,-1.1718139285568654
ENSG00000264666,-0.3012197925281015,-0.6210440723473099,-0.1818961952863277
RAI1,-0.2876317639174672,0.02511140271511179,-0.16629227311084094
SREBF1,-0.20674825512636377,-0.5467955738435251,-0.6249929010953004
TOM1L2,-0.04295830113716552,-0.00233385494846059,-0.07659716388202759
ATPAF2,-0.7826423634315596,-0.8343102818202865,-0.23114806283685502
GID4,-0.22943199596696928,-0.6587582223126028,-0.2957643460027839
DRG2,-0.3645148153933597,-0.43622355309506844,-0.37434815738225063
ALKBH5,-1.337530956959153,-0.9309559575798296,-0.7778831077006814
LLGL1,-0.7226808731208152,-0.4816685814873693,-1.2101133814053497
FLII,-0.3327974465245304,-0.3787743411708036,-0.5227129047564462
MIEF2,-0.6130382550201077,-1.1404095015591516,-0.0013724996363925859
TOP3A,0.3024262512907931,-0.42578438176618144,-0.18165787288874924
SMCR8,-0.19674925000773416,-0.2522232296776857,-0.2655498274951995
SHMT1,-0.5614141252749968,-0.5237131255251376,-0.5284286998354019
ZNF286B,-0.461516711961977,-1.015891696197695,0.024811191988675377
FOXO3B,-0.7881617173543881,-0.9350622805342114,-1.1261963871279086
TRIM16L,-0.9752978054424091,-0.4467921194001221,-0.39216636715651637
TVP23B,-0.4275392697811959,-0.2290544925426161,-0.363059418129236
PRPSAP2,-1.37718864389716,-0.7254645618032107,-0.3734815061089165
EPN2,-0.2574895055542222,-0.5438992980268827,-0.1065477786214402
B9D1,-0.24831094025294936,-0.33607729494359256,-0.8119789675816449
MAPK7,-0.8684128723683956,-0.2431454005544716,-0.35893180085802007
ENSG00000235979,-0.7805836449694574,-0.523699252477268,-1.2340903402091925
SLC47A1,-0.3386490550424455,0.7475655515051827,0.4394125300465959
ALDH3A2,-0.3903718327263732,0.23926804867614132,0.4734448209445645
ULK2,0.4169697334347866,0.256272344869945,-0.4041105596261864
AKAP10,-0.5734438000239949,-0.41598875838221255,-0.37679682656703756
SPECC1,0.17914787449409533,1.1013526679647505,0.7809099373236882
ENSG00000291194,-0.44390954967633445,-0.5322308901855096,-0.09260112494155234
CCDC144NL,-0.31635477762277026,-0.6188243818655259,-0.03179370157402065
CCDC144NL-AS1,0.5115332752985715,1.4563210018989423,0.6280101435502807
USP22,-0.6612946833369939,-1.0259107553110383,-0.8105617181309341
DHRS7B,0.5049799344500272,0.19137140243099887,0.454952237832007
TMEM11,-0.4928335616572674,-1.1115410663885363,-0.2976015651692308
NATD1,-0.45602291514505927,-0.2304590646146423,-1.305956081586487
MAP2K3,-0.7654499716258201,-0.3861654596214592,-0.8278335914731692
KCNJ12,-0.6957723055086902,-0.32767629987256797,-0.22464835200974775
LINC02693,-1.2238959653805033,-0.5990862772747931,-0.6618579671619287
UBBP4,-0.6722116509116952,-0.3451515937059249,1.1284541652585816
WSB1,-0.15110709040530773,-0.05179792179190205,0.5388603969764673
KSR1,0.21393628646744747,0.11408576990924144,-0.12436940987965174
LYRM9,-0.23094362992183554,-0.31941268374939114,0.3549337022645496
NLK,-0.11025898466308354,0.2756537281896172,0.41104130436509223
TMEM97,0.9711289560602906,0.4694007089632101,1.045736498545935
IFT20,-0.3148315245308311,-0.0070847009934099005,-0.367600214040575
TNFAIP1,-0.7395845574536288,-0.5868265281298655,0.07415277362988341
POLDIP2,-1.463768163637262,-0.7517956823254579,-0.7009467760395047
TMEM199,-1.3425209834678498,0.23327162306321367,-0.5304924697210219
SARM1,-0.2695113739868091,-0.18868321850352393,-0.049576028232753075
RSKR,-0.11639296375342668,0.029478380406125333,-0.5525813854901714
UNC119,-1.4281725208745115,-0.5058226470187109,-0.07731197399297335
PIGS,-1.3087784374180522,-0.4979575415834639,-0.44703750488153915
ALDOC,-0.36388638527568057,-0.3739576674866357,0.030732613146934498
SPAG5,1.463803681620572,1.2983851606888734,0.8625018576023676
BLTP2,-0.6091912452880237,-0.4245516288273236,-1.2407245089486665
SDF2,-1.1178513082519892,-0.12522936327789577,-0.8039743290183772
SUPT6H,-0.4638442078960274,-0.33729065757306387,-0.6550720826984887
PROCA1,-0.6962580771006941,-0.3924880631813927,-0.7190184120743695
RAB34,-0.3796007761710456,-0.33115248220811466,-0.24582639397945633
RPL23A,-0.09564508176463532,-0.023979659513434778,0.02272120306436246
NEK8,-1.2657484547321616,-0.37097557730213643,-0.10084259896302324
TRAF4,-0.1978327441194878,0.2895459373628598,-1.0567407645533642
FAM222B,-0.11619785962605896,-0.02433164482306789,-0.4362570359218694
ERAL1,-0.9739589175536167,-0.4339997342635514,-0.5112798097805005
FLOT2,-0.765598921041974,-0.6278796719563252,-0.3859858548858206
DHRS13,-0.6241134481378977,-0.25740724900306944,-1.2846069029371847
PHF12,-0.3422586801427556,-0.6245021920751056,-0.13456207519519123
PIPOX,-0.2403104860524934,-0.36094296648067115,0.14613687221847374
MYO18A,-0.28494069834886204,-0.1639196623508355,0.022821956659449024
NUFIP2,-0.4996541987190426,-0.5686991808743472,-0.6392720324650938
TAOK1,-0.34108580410745404,-0.9672088836546315,-0.42728020021246843
ABHD15-AS1,-0.6634870829848226,-0.8546766137236048,-0.19003780965704212
TP53I13,-0.31505697506005953,-1.2292331977817206,-0.4377305726132193
GIT1,-3.775234510128925,-0.6475887050075215,-0.608479042381383
CORO6,-0.19849391457787752,-0.11390064935273611,-0.6199501721039801
SSH2,0.47536010375625887,0.6614651741426947,0.3971195077295668
ENSG00000263657,0.07920217240562613,-0.554761171254782,0.2708521624921297
EFCAB5,0.3306987895356777,1.001626935449945,0.5521340402232937
NSRP1,-0.5343691494581649,-0.2980220533837823,-0.09476045666979617
BLMH,-0.3809832351012333,-0.21302099592139362,-0.3711053969662786
CPD,-0.21478198117804226,-0.2188299632484672,0.1696897201663
GOSR1,-1.2341618678322135,-0.8522260912156412,-1.1829915905578439
ENSG00000214719,-0.4274417335035139,-0.8823892367203889,-0.0720629127993426
ENSG00000290450,-0.9128912297834688,-1.0641036022141712,-0.32361121826670575
ENSG00000290928,-0.29720275386054595,-0.5706945771250888,-0.5902761513537804
CRLF3,-0.32983267209391803,-0.27623320195660744,-0.11011268605071223
ENSG00000266490,-1.3757847791266293,-0.9751660038331593,-0.6428080954811898
ATAD5,1.6093531597218487,1.1586994675976392,1.1891576378803208
TEFM,-0.7327926969443048,-0.48019491930815766,-0.8090073249409464
ENSG00000291063,-0.48110305798494574,-0.36745739000095407,-0.10928201644577482
MIR4733HG,-0.6274516704524267,-0.3938942359357398,-0.8991424550644994
NF1,-0.546963678968293,-0.25634138211388097,-0.40751392863422714
ENSG00000266371,-0.28102919677715127,-0.8509734049004507,-1.2053394321544566
OMG,-0.8046553415470933,-1.2789381141660634,-0.66356690582246
RAB11FIP4,-0.3457970352430913,2.065682031668871,-0.10057542677882482
COPRS,-0.326354897149212,-0.1683972253364985,-0.2765445521924796
UTP6,-0.24272942955515825,-0.6737457565481862,-0.35915951856964407
SUZ12,-0.24769901456005888,-0.4497398322439031,-0.2628987928672189
LRRC37B,-0.2623828898480092,0.01934685743182745,-0.45147561819809223
ENSG00000214708,-0.14926002739261432,-0.23364210225135557,-0.28980757478048963
RHOT1,-0.6290971696468014,-0.7694122171516539,-1.1792632406405232
C17orf75,-0.3340106722590193,-0.05264315013614865,-0.45710524380911727
ZNF207,-1.1526003204331232,-0.9918397718757781,-1.0077516178556891
PSMD11,-0.6341257924341691,-0.7307386471242516,-0.6040997260751517
MYO1D,1.3987237092472107,1.237400886427345,0.9643536970055634
TMEM98,0.22537834567221543,-0.18229584779184552,0.018388231847239814
CCT6B,0.19978693836551284,0.0833756729144639,0.042601247512763535
ZNF830,-0.6879118799906117,-0.11497383232526207,-0.6297594139385616
LIG3,-0.6399052494294111,-0.5379065724006864,-0.6603482728775668
RFFL,-0.21486134023365372,0.21746605275778208,0.036836194886145535
RAD51D,-0.5806859352433521,-0.3189060509931991,-0.32004769518573895
NLE1,-0.6155522535846424,-0.23142192183119542,-0.285816220031883
UNC45B,-0.40696198329491656,-0.03761003564978795,-0.4158529219208446
ENSG00000266947,-0.3667763650001206,-0.259836286499116,-0.4157384428179433
SLFN5,0.444243885603754,0.6184779103744162,0.328995257345099
SNHG30,-0.21249149007425322,-0.7422411364852373,-0.6089227526911464
PEX12,-0.5086327696387585,-0.2021313862137362,-0.1622545636558143
AP2B1,-0.6713278198713226,-0.37221735049501353,-0.4160794966069971
RASL10B,-0.11253155755722233,-0.25667380956444674,-0.4651201645984671
TAF15,-0.34055401558637044,-0.6749943198467462,-0.4525513576135011
ENSG00000270871,-0.4294347780964322,-0.5148113931039832,-1.0643964146704796
ZNHIT3,-0.6770628224934968,-0.4745265888861284,-0.4774547767525412
MYO19,-0.053404349940631646,0.3283501656297397,0.418515965691892
PIGW,0.2565135347109191,-0.4192106709131523,-0.19877199861737793
GGNBP2,-1.107403605734838,-0.8409333527891114,-0.7253036237601798
DHRS11,-1.3844220456626353,-0.8887480792001732,-0.688594276890317
LHX1,2.2648121833746053,0.7680827215609263,3.8981852398512764
AATF,-0.16206987348566668,0.1010909850597983,0.2823043714247894
ACACA,0.3107448351444831,-0.00946529662428117,0.3149385432009914
TADA2A,-0.8265186081496801,-0.3261950452406381,-0.1787914485298395
DUSP14,-0.09862697536964052,-0.7362378000197722,-0.6023391523498525
SYNRG,-0.4955301492223221,-0.7813611659413837,-0.6747364464193737
DDX52,-0.6915773979833341,-0.3682755518780425,-0.6913769960982171
NPEPPSP1,-0.31322256336576615,-0.7949681811473006,-1.0255452351124354
MRPL45,-0.3952942694021608,-0.525813918919866,-0.717708234863867
SOCS7,0.08882125371184565,-0.09153103954695398,-0.45944459481295036
ARHGAP23,-0.037556630314163876,0.0820022239867377,0.17756904778673283
SRCIN1,-0.3324004985640378,-0.5070645709475059,0.9600912460821575
ENSG00000277969,-0.3301432465196221,-0.7955858506897647,0.03223789141198814
MLLT6,-0.4929316631102729,-0.20537437466926178,0.07541596235751051
CISD3,-0.35202700573209006,-0.6827230314795294,-0.032891980187425625
PCGF2,-0.5462598167965959,-0.8773552131119331,-1.0624886702733676
PSMB3,-0.39800512370007735,-0.5750716489467004,-0.38376940486037364
PIP4K2B,-1.0602228072128064,-0.6729428371011394,-0.3020126786189899
CWC25,-0.4043705000641609,-0.5047890857265571,-0.02261519393170629
RPL23,-0.3668896739962193,-0.23293979366241224,-0.29513566690727094
LASP1,-0.2402353514139755,-0.030735945741124513,-0.16193652759383428
CACNB1,0.42431868189341776,0.026440448020224386,-0.3224955403286706
RPL19,-0.253120148971643,-0.09205633828150712,-0.12873434145386584
FBXL20,0.4904057936954053,0.11802841550838404,0.2822343141878996
MED1,-0.3717575065939159,-0.1683680664278988,-0.5878183961209588
CDK12,-0.7584643028651783,-0.6229175229420391,-0.7241714722164794
STARD3,-0.781828114831157,-0.6366895354297563,-0.5732051797909393
TCAP,1.3112348283382431,1.5014062732372722,0.9701624164093694
PNMT,0.21595777820251166,1.9370731817712077,-0.24282131795451534
PGAP3,-0.4815301652671593,-0.8437404884601349,-0.8579315860727945
ERBB2,-0.7376143925003333,-0.5454687749706225,-0.13511165424049665
MIEN1,0.0161395868269914,-0.42483539610763893,-0.149859341827959
GSDMB,-0.5375104943936968,-0.31391256067777823,-0.1582589754665271
ORMDL3,-0.4624139445449842,-0.18681438643492493,-0.686684352639535
PSMD3,-0.5785621931102084,-0.7928183493071685,-0.5704918053273502
MED24,-0.23497041293127907,-0.6707608249957603,-0.8522887163824073
THRA,-0.4301242654789022,-0.5558474869282009,-0.4772194578401958
MSL1,-0.7157913176398552,-0.6570203845626564,-0.8586702811163889
CASC3,-0.7476023429095342,-0.7182665327007847,-0.6415367744603772
WIPF2,-0.6863883791981492,-0.6773288924597055,-0.5363990523740937
CDC6,2.033180148808423,1.6918080288528152,2.005305888116073
RARA,-0.8420083057498111,-0.7712579157273183,-0.20804034652758926
TOP2A,3.838338934842561,3.7095745356526635,3.7198748697982893
IGFBP4,0.4708673077453973,-0.1500543678297106,-0.045588034789187035
SMARCE1,-0.7723256668435603,-0.6778345128111027,-0.44983218212914616
ENSG00000278834,-0.8571627014478373,-0.5258117477870811,-0.6334518496676971
KRT10,-0.7273142033094828,-0.5857221827134679,-0.46441903215389857
KRT10-AS1,-0.670881618357221,-0.5007064652394105,-0.4317764438252532
KRT19,0.7670915374221253,1.2431540129640197,0.9007110464308673
EIF1,-0.4188046779291952,-0.43078611886695484,0.12818957038789955
JUP,-0.5833800169683769,-0.7411558103926303,-0.840223722937651
P3H4,-0.37563684290168814,-0.24580716139390899,-0.5671715339466203
FKBP10,-0.18628678404817484,-0.305206869148634,-0.38322061022399373
NT5C3B,-0.7724669845594718,-0.5072191012188902,-0.08669148240539931
KLHL11,-0.003480411861669769,-0.3018167275325539,-0.19097737739316042
ACLY,-0.7491584664488009,-0.10749816446966069,0.2562685716336582
ODAD4,-0.185295387959993,-0.2735950304885613,-0.08402390475083972
CNP,-0.8221705699009618,-0.4931495627957716,-0.8385655339484508
DNAJC7,-0.5696468471500787,-0.7276317868943813,-0.5299703234601586
NKIRAS2,-0.31147342436781855,-0.6410439346206828,-0.8771477222293953
KAT2A,-0.7681179464009845,-0.21873299649392663,-0.5661294600682929
RAB5C,-1.1569030706484469,-0.2547948608327318,-0.6338313774488037
STAT5B,-0.2640412788800149,0.24937329108517053,-0.374184671863837
STAT3,0.017758236969992687,0.05356335784419388,0.37197721669724976
CAVIN1,0.40378174930731703,0.43342370282171316,0.9298298901573184
ATP6V0A1,-0.2646053675022415,-0.5380494166373389,-0.10728667653683745
NAGLU,-0.03425500892327094,-0.7625326481404038,-0.12258558861338292
HSD17B1-AS1,-0.5212318572579733,-0.7721287544940978,-1.3099342350002772
COASY,-0.8357823594055453,-0.9461518698823247,-0.5421673541132819
MLX,-1.0808685563659814,-0.21900176507807959,-0.15453005349752408
PSMC3IP,0.4209490258071647,0.6995819120801627,0.6169030465910836
RETREG3,-0.46565731908526337,-0.32444291090439487,-0.33156977630131484
TUBG1,0.1911833233214963,-0.17249129902361557,-0.334650038897589
TUBG2,-0.7253141051481649,-0.5260478663798515,-0.6133912277067708
PLEKHH3,-0.33998868160979256,-0.6912771704452609,-0.7925309012462947
ENSG00000267042,-0.9406491883619346,-1.19628725413002,-0.6801194833067861
CNTNAP1,-0.6772514886338287,-0.9815536665396358,0.09173400495666688
EZH1,-0.23886521085849205,0.009676492898474682,-0.3198545279227573
RAMP2-AS1,-0.5555201882482876,-0.3701896517699978,-0.03010678899874722
RAMP2,-0.4492764936949065,0.05192094886580287,-0.09135651832650993
VPS25,-0.6263760670247507,-0.5108425058859679,-0.8162792589652454
COA3,-0.676059787365098,-0.7705856513535565,-0.8184421993840516
BECN1,-1.267076432055788,-0.6956493246046769,-0.7666960440592874
PSME3,-0.9727512169744834,-0.43256470656740476,-0.601556735714535
AARSD1,-0.4798692837195091,-0.743059172267067,-0.7399903112177242
PTGES3L,-0.23869002749152915,-0.25574128107334454,-0.4682716354745864
RUNDC1,0.11567841574103714,-0.47734667651839047,-0.10465381430688221
RPL27,-0.13239379408808816,-0.24875856236572425,-0.07610493201735478
VAT1,-0.5526819487646008,-0.7758105525355425,-0.4234946914543762
RND2,-0.6925429365626385,-0.9527747557628317,-0.4638909793610501
BRCA1,1.5698193657067385,1.7349616142161572,1.5713135108056413
NBR2,0.21196928443323776,-0.35936215193313004,-0.4939082120615588
ENSG00000267002,-0.47176371461265637,-0.17781241478387247,-0.3326402632151079
NBR1,-0.8176429258206249,-0.6432361755229293,-0.5991817862915633
TMEM106A,0.4460988033999165,-0.3336209931901486,-0.5972701289058443
ARL4D,-0.04197861032032083,0.18423895876321336,0.28042105853488414
DHX8,-0.6900095961317271,-0.865844814810643,0.028180246146828136
DUSP3,-0.12816671700959864,-0.4286047361046457,0.10742277590514963
MPP3,-0.07829868173217132,0.4374202474267506,-0.5880676729907178
MPP2,-0.7666294176912913,-0.16088654082596682,-0.7009234367481838
TMEM101,-0.7180953230039115,-0.8378862489767691,-0.7431757999015431
LSM12,-1.1240622321399059,-0.826056293175796,-0.5895418013986812
G6PC3,-0.4563133101999064,-0.8626011078273095,-0.8655968533453056
HDAC5,-0.26627189548589664,-0.9853397636679624,-0.8048006099200969
ASB16-AS1,-0.042985971434148965,-0.3214628876163487,-0.44773829584160657
TMUB2,-0.4034794780389,-0.900799584640037,-1.7944090281531757
ATXN7L3,-0.8116810896555648,-0.08495907380411444,-0.3171734778367253
UBTF,-0.2902162898944134,-0.27861540538394175,-0.22959530870788214
SLC25A39,-0.5940180288625357,-0.11059157492701036,-0.3604020082657336
GRN,-0.7292688211196641,-0.7243852488050457,-0.745743073322867
FAM171A2,-0.8928073780447043,-1.0402494111117981,-1.1784022398851484
GPATCH8,-0.710947543991729,-0.5852174792766506,-0.5183703096982555
FZD2,0.2259446642370264,0.2273117882748857,-0.3649389503748282
CCDC43,-0.3689787046061391,-0.28990064311173214,-0.32486445660422447
DBF4B,0.3729323958068064,0.37372582672304233,0.7037652359264222
ADAM11,-0.1229406844841563,0.14295923341320463,-0.2856760041306111
GJC1,-0.152977085048196,0.20890040183043004,-0.233479764704338
EFTUD2,-0.6666342519479757,-0.9773837813234785,-0.3856447047320835
KIF18B,2.3678488688696184,2.222287970016268,1.8405813981373065
NMT1,-0.9206366158941499,-0.5904237229030258,-0.9605884579376678
DCAKD,-0.4358826899893841,-0.1583653918498769,-0.5948012844240188
PLCD3,-0.8013089635905395,-1.3733613317857838,-0.4618384605659145
ACBD4,-1.404969807320736,-0.6629547930311367,-0.9805526358260437
HEXIM1,1.1036338527604919,-0.3264232123635473,-0.28228324436658886
HEXIM2-AS1,-0.04585779907731083,-0.2656970853860656,0.2443545876597141
HEXIM2,-0.23783668155246934,-0.6935413153587042,-0.5924053350026349
MAP3K14,-0.4460173241341359,-0.3943940850293011,-0.8140256006899662
PLEKHM1,-1.4075494259912276,-0.6700802202565761,-0.5630298408589951
ENSG00000291175,0.2731893357974222,0.17518615792516096,0.2862396905892197
KANSL1,-0.21000477405428697,-0.046346345453468316,-0.21332960087656624
KANSL1-AS1,-0.8214773893972094,-0.9349116393175407,-1.1510327026925466
ARL17B,-0.34261992074741343,-0.4601865976177457,-0.32449281983162953
ARL17A,-0.2646086150764973,-1.123997477716312,-0.36664137791068535
LRRC37A2,-0.9237121657407172,-0.27993964278510225,-0.8470218318811078
NSF,0.08560931002733348,-0.3759300011930656,-0.15279813360295338
WNT3,-0.13171822518656381,-0.9401400463351735,-0.46521093487990944
GOSR2,-0.37684414339758737,-0.3038860764845878,-0.3703874632207516
ENSG00000262879,-0.8246860550185886,-0.29164314969681365,-0.9631219044723345
CDC27,0.31361441183637595,0.3846612848522035,-0.23412805505949666
ENSG00000262265,-0.3476217175449854,-0.7290744126313093,-0.5286220664753607
MYL4,-0.13935747865259182,-0.16196024519496358,0.03782837838894607
ITGB3,0.5209872753904428,0.043552279823519086,0.5149841433045736
EFCAB13-DT,-0.03271308355600413,-0.5876661836080146,-0.9875480756654866
EFCAB13,0.6060074164950393,0.5716827191258567,1.1076492720138305
ENSG00000253347,0.39072722208824123,-0.27795401380295454,0.2488299630858001
MRPL45P2,-0.06194902955273206,-0.827558229044012,-0.7457170178559664
NPEPPS,-0.48957547975507865,-0.9322673358806277,-0.3613012365818697
KPNB1-DT,0.016334684820815633,0.12145869369660993,0.2403974698798698
KPNB1,-0.11451631083541972,-0.30101477703210827,-0.2577154032320941
TBKBP1,-0.3945090003377736,0.11266585640357002,-1.4250294060250575
OSBPL7,-0.007211664171787609,-0.15767919528112273,-0.24003919687295647
MRPL10,-0.8873313193912225,-0.8015856399085806,-0.6236282196086691
SCRN2,-0.6671090211308234,-0.9222358356104507,-0.5526198523982409
SP2-DT,-0.24732162730182602,-0.16256955494746,-0.1763863920365374
SP2,-0.5981886747800615,-0.3848381951798956,-0.7829909013819645
CDK5RAP3,-0.46219324731760375,-0.7252924404161476,0.04988814766556978
COPZ2,-0.4517065803040658,-0.7413578912364329,-0.5057524758206995
NFE2L1,-0.4473376250930841,-0.8887073537685701,-0.814095163448588
CBX1,-0.08400252007441017,0.0012988974552249947,-0.38654314010399216
SNX11,-0.6787651378697673,-0.8336880159560849,-1.2208100328724925
HOXB2,0.7224946033438258,0.7484467053232321,0.8226141490334234
HOXB-AS1,1.1637030823133863,0.16374200684752074,0.11996312817278817
HOXB3,0.8244310748646946,0.026206924570420315,0.16086526377774035
HOXB4,1.2282666539198637,0.9576267974165092,1.3717466768324762
CALCOCO2,0.263461293354677,0.21017827889658497,-0.10361869655305615
ATP5MC1,0.4234425998998717,0.16901957917028204,0.41614927553760955
UBE2Z,-0.7049227476130397,-0.8526052242680002,-0.4909396151160656
SNF8,-0.43143523867745165,-0.7243180416995402,-0.15642845796142527
IGF2BP1,-0.2618566643358377,-0.45673080703190644,-0.23525045473386186
ZNF652,-0.5405153280991861,-0.7480540113626795,-0.4900190063721689
PHB1,-0.32593667469379645,-0.7675319905780179,-0.3475943355764741
NGFR,1.7621591391338356,1.2339480847969568,1.7560465499660474
SPOP,-0.8609844182849749,-0.3048790613013849,-0.7924999326140636
SLC35B1,-1.036696428243161,-0.9948522750624883,-0.881417220980591
FAM117A,-0.040786526074665416,-0.5404260158802785,-0.31422711051579094
KAT7,-0.7528258882515749,-0.16173391906272633,-1.0322894263036453
ITGA3,-0.5449725659754102,-0.5546621895333814,0.1600969237924232
PDK2,-0.48696034882589245,-1.0565898386328563,-0.5425379495138216
PPP1R9B,-0.989430033216216,-1.3799795565876103,-0.5941535945444123
SGCA,-0.7787565676189169,0.0461037279483314,-0.37453541970873866
COL1A1,2.0030288541275922,2.2565444962676047,2.454695113028695
TMEM92,-0.6042691834765073,-0.8107131845241292,-0.4207277965951058
XYLT2,-0.6020934104948631,0.1403195955985268,-0.5039630095617618
MRPL27,-0.44931416827754234,-1.2454372098164228,-0.5162344327725066
EME1,0.07096670922667415,0.7172573064160872,-0.6234630859501031
LRRC59,-0.33684895555743216,-0.23836636955170573,-0.1727972837853997
ACSF2,0.08107147557977604,-0.12578062785246402,-0.055622528627392184
RSAD1,-0.9999804553702063,-0.3117598182442549,-0.23598769585854032
SPATA20,-0.7517635823502928,-0.6549209668928988,0.11332660935777393
CACNA1G,0.054963466776627036,0.34880124915840577,0.35198762590561833
ANKRD40,-1.0439969027817035,-1.0439204387653866,-0.30032485346537646
ENSG00000262967,-0.653285846474713,-0.803006525665122,-0.29381014771480096
LUC7L3,-1.218430406545938,-1.1885882425858014,-1.2758868874355969
TOB1,-0.7815697705440918,-0.18130925058621372,-0.20532003158337633
TOB1-AS1,-0.2538457949928769,-0.23855845679277726,0.021573426225383982
SPAG9,-0.4907058136338769,-0.5498428478071061,-0.25366391346810596
NME1,0.14699446270381597,0.08008143157497481,0.47496899274705845
NME2,0.14526979553869881,-0.1173218335187656,0.31491237046074616
MBTD1,-0.45433220288111903,-0.07003196773634106,-0.10077640910208524
ENSG00000264895,-0.3592145720711883,-0.8180159861874117,-0.10555359182390589
UTP18,-0.4492574079973543,-0.10316993158414789,-0.2575122752874605
ENSG00000285939,2.716727103861011,1.795583021228154,1.687939447221087
TOM1L1,-0.02350570909490555,-0.06672954841025105,-0.09070987911551504
COX11,-1.3132157854377873,-1.4475836229547099,-0.6827316230401762
STXBP4,0.3353331223815595,0.46262291571648007,0.2460888765960867
MMD,1.1161228530879725,0.9473522701113879,0.47654862070579895
PCTP,0.006098191680869928,-0.16615328618420483,0.2025339714062823
ANKFN1,1.2204318717586098,1.3466390673228084,1.5681128436633038
NOG,-0.39085226686502855,-0.5080498394224762,0.09937706274760306
C17orf67,-0.797451134301074,-0.08548133869101092,-0.008042345453848293
DGKE,0.3057348472505942,0.6476599510947096,0.3691305670708331
TRIM25,-0.40296268337365143,-0.28093563119479725,-0.11049752518930232
COIL,-0.1976842296639454,-0.394508552441966,-0.23602484953799413
SCPEP1,-0.7705524911319586,-0.09209439785270845,-0.8074114518138202
AKAP1,-0.9738109023919924,-0.2781818185575275,-0.25379253537323626
MSI2,-0.3960326645056149,-0.37676583656228146,-0.4330348441758857
MRPS23,-0.8024859038391341,-0.45423975686646756,-0.6326420419285376
CUEDC1,-0.021583748901726096,0.3203847599968128,-0.22866162728876918
VEZF1,-0.4795018675701605,-0.5118360643972223,-1.0460838226803943
ENSG00000264112,-0.3862095408164698,-0.36930381159852743,-1.9540856033247707
SRSF1,-0.8922667971458367,-0.6334226603660901,-0.7006173728778897
DYNLL2,-0.20223429157525177,0.05291144297928689,-0.2456158101261928
MKS1,-0.7058790544004339,-0.524655910986997,-0.04049732864804419
TSPOAP1,-0.9559608204706613,-1.0727877370887953,-0.7112736002572682
TSPOAP1-AS1,-0.21347629718048106,-1.1254152132290578,-0.906471830094116
SUPT4H1,-0.5394448786989194,-0.46235829229372527,-0.7159308401196398
RNF43,0.953234085040016,0.34179514177391823,-0.1607148272135923
MTMR4,-0.14555840370166706,-0.27912328411246173,-0.10269448735881068
RAD51C,-0.05518570524433389,-0.2869445112839521,-0.2592375133930638
PPM1E,1.4933541364002423,2.259449145563451,0.4057674372212254
TRIM37,-0.39624076343398335,-0.29151832447330506,-0.3280319201003863
SKA2,0.7299012304382124,0.5807949018147234,0.5490921125500776
PRR11,2.447478811056179,2.4638667778736263,2.4578088572391117
SMG8,-0.57601862971336,-1.2869085207164375,-0.504753678598572
GDPD1,0.13508899535681712,0.01769268239603146,-0.02282426445770016
YPEL2,0.2555258560690952,0.42736340884154345,0.19518825790733976
LINC01476,0.2667491748965815,0.6878931439352379,-0.6221994231650676
DHX40,-0.8299271445682805,-0.4676929778786771,-0.5654793316893071
ENSG00000273702,-0.49655213268068726,-1.3686361617764753,-0.21598983463515967
CLTC,-0.4054664260995367,-0.7875111652138146,-0.5662399775621978
PTRH2,-0.6945284812822337,-0.13559714281312554,-0.055097507953519205
VMP1,-0.12860377244022558,0.17305264162874331,-0.280101548639518
TUBD1,-0.7639977502967028,-0.2151173775121897,-0.7273105213549051
RPS6KB1,-0.24116804486676463,-0.24369555537445825,-0.605324170532974
RNFT1,-0.2648873133790773,-0.24608628987579803,-0.4745941859483515
HEATR6,-0.12576180962852496,-0.6339731064722117,-0.4603641494664216
USP32,-0.32151754999343046,-0.29031691182314384,0.02584615923430525
APPBP2,-0.5702938450739268,-0.5271764405809946,-0.4803462502401388
APPBP2-DT,0.03392480206055028,0.36061990951514394,0.1902958409293624
PPM1D,0.242289134557705,0.11785536709463783,0.5077360380880195
BCAS3,0.6485317924749339,0.28438476478435243,0.7206860234954248
ENSG00000267131,0.397161507765901,0.06002707542851124,-0.4026784206106875
TBX2-AS1,0.13457567469864176,-0.11731293782772317,0.350708015225635
TBX2,1.0980851443540303,0.709271989208318,0.8153810302992781
BRIP1,2.726060541686273,2.9106826854375107,2.661373425595162
INTS2,0.22379297156972558,-0.13635442625782448,-0.5364106061273723
MED13,-0.4906947660226812,-0.24737400015920125,-0.5283059405077815
METTL2A,-0.6062907995574386,-1.0231258381367567,-0.6636695694252452
TLK2,-0.5516888674978411,-0.5265410375142565,-0.46190296669602654
MRC2,0.9826870235238764,0.14651268527222774,0.5525009895319961
ENSG00000283538,0.7892826973595213,1.1729249332604041,0.785223360242103
TANC2,0.6293963737896409,0.633673967091072,0.5461122092434572
ENSG00000233635,-0.6169871864284994,0.06038322128573265,-0.43060693810683054
DCAF7,-0.20844082302051348,-0.751453107214477,-0.5534628078193613
TACO1,-0.7243393166614176,-0.2669560855221249,-0.9267660708360097
MAP3K3,0.06919665065499103,-0.27668778315963743,-0.2096362038806703
STRADA,-0.091613291062874,-0.18351587568789543,-0.47082941533337686
LIMD2,0.059353629239939955,-0.34752086182606945,-0.2094724652486093
CCDC47,-0.23575444774529333,-0.5192712101527838,-0.1725566270233863
DDX42,-0.7776347676882231,-1.0270763994410324,-0.4796886719472724
FTSJ3,-0.31524017503236473,-0.7068147716128799,-0.43884703226274263
PSMC5,-0.8601763340902231,-0.9662182319319825,-0.5570808417650461
SMARCD2,-0.6368802564913665,-1.1287318358728342,-0.4555972114759754
ERN1,0.13944917720632324,0.40036800738942807,-0.19034698011184759
SNHG25,-0.3960581967483527,-0.6779798026156669,-0.24622972914199798
TEX2,0.26052581384871587,0.09206118225183606,-0.365774856838577
POLG2,-0.2115543331420113,-0.35847910328098825,-0.6411761273209038
DDX5,-0.3161175761973425,-0.6478466691148448,-0.5233489761407243
CEP95,-0.2873419245371345,-0.5680354842804219,-0.4082330482019217
SMURF2,-0.14157612928342195,-0.07994598241983303,0.20588124865223983
ENSG00000291117,-0.4515537931615086,-0.7494891006975628,-0.8652343209791198
LRRC37A3,-0.5847441148247087,-0.8908106071691293,-0.07942749875971694
AMZ2P1,-0.14014496715683222,-0.46414797958917486,-0.49673711996326025
GNA13,-0.2546378979327315,-0.5293140699634479,-0.8815815116714312
RGS9,1.1782585540507888,0.07444719793656056,0.8618308991175425
AXIN2,1.3416781451698085,1.0968283326754964,0.8390631122461584
CEP112,0.8931691358855005,0.2885175672593583,0.4791762397205126
PRKCA,1.2889448725747599,1.3850208032705957,0.841240619782031
HELZ,-0.28800056692113435,-0.30405416527091583,-0.37177422407035005
PSMD12,-0.5043232992991697,-1.0577072976210644,-0.6710661841891862
PITPNC1,1.4345461674425941,1.8391458809730281,1.2742684939783615
NOL11,-0.7389771891108659,-0.6859222332331285,-0.3090399518743325
BPTF,-0.5976862025858053,-0.8782546791722083,-0.6459081113781125
C17orf58,-0.6223893818180244,-0.39694302183865915,-0.2442189570405411
KPNA2,2.900994176965561,2.671360162185948,2.621688268920124
ENSG00000291214,-0.9217931968772852,-0.3767316360691986,1.247424368058276
ENSG00000278730,-0.8380961083413823,-0.15535198175785678,0.7433213536186791
AMZ2,-0.08839729914426184,-0.42642988369733464,-0.5324224847610318
ARSG,0.41129477617898397,-0.17960599059935942,-0.03217442856541552
ENSG00000267009,0.4170115726950776,0.1391115443508433,-0.13466579700255824
WIPI1,-0.5273692397961369,0.2659710804088853,-0.0438913833492194
PRKAR1A,-0.4880293774577247,-0.7020780073365529,-0.42908388346359067
FAM20A,0.4227991483404167,0.45182393921997743,1.0212069680796247
LINC01482,1.27556343726431,1.483855103404192,1.5455776863288087
ABCA8,1.2061860611283493,1.8878679875134488,1.0509012893977037
ABCA5,0.040001181353641536,0.46487234329056903,0.04928406986585905
MAP2K6,0.24248776018177406,0.29982386395037613,0.5948086035025568
SOX9,0.960775077358047,2.216409323893256,1.285347568620061
SLC39A11,0.3350378564624172,0.465630254826042,0.6627447843288898
COG1,-0.7428394122636668,-0.4641688187237207,-1.4403835594860936
FAM104A,-0.25394964603408354,-0.2575296501527368,-0.5460694175175435
C17orf80,-0.5711991664399072,-0.5857327764456173,-0.2677950055099032
CDC42EP4,0.2587523269942586,-0.2616491965490653,-1.1044993777310488
SDK2,0.20272326999067752,0.03831625578527214,-0.1547341095708319
RPL38,-0.1942950139538127,-0.053976765869627776,-0.0669862628618247
TTYH2,0.27205192578131593,-0.8490945528341598,-0.6413116071062673
GPRC5C,-0.6799940762583602,-0.18930431576452028,0.14302818887090385
NHERF1,3.179585542179332,1.2072592440379495,3.304583375187274
NAT9,-0.24867070509524683,-0.8817167495610967,0.2275649816570606
TMEM104,-0.35254176839658763,-0.393358146911634,-0.5993478711018271
FDXR,0.08389820173669797,-1.071774838547455,-0.9099806695366938
HID1,0.07163766866849747,-0.6982698234118274,-0.5875360774078578
CDR2L,-1.1580836711837783,-0.9071432714327123,-0.4190608831259582
MRPL58,-0.31132957535815814,0.14614326769205024,-0.4292367181587942
KCTD2,-0.48655362573839156,-0.4593686574590415,-0.9368922030703573
ATP5PD,-0.17314500762628168,-0.39047476921736646,-0.549602939260815
ARMC7,-0.6499452887921643,-0.8467271500247655,-1.0659013172063219
NT5C,-0.6373062576233792,-0.8752873130009569,-0.4844543715597568
JPT1,1.4144782887253982,0.7998054705511599,0.9699137494591739
SUMO2,-0.2325131926151656,-0.32920838226956306,-0.34044807308777786
NUP85,-0.13794110915197424,-0.5152621735645936,-0.5690703063935558
GGA3,-0.12004981374562006,-0.3482664217596963,-0.7492530388421059
MRPS7,-0.30381749786823425,-0.558916069797384,-0.7059464663047663
MIF4GD,-0.19369257819634814,-1.1799596361335034,-0.5347335872927665
SLC25A19,-1.0270387982649112,-0.45868405537299844,-0.35481187248076657
GRB2,-0.6690364053424496,-0.8712178021932608,-0.7683071396469607
TMEM94,-0.2938360495158747,-0.18546132464391366,-0.6766586040603285
CASKIN2,-0.7257975109494232,-1.0024321722317175,-1.2308378614271156
TSEN54,-0.8171805466760098,-0.571549374088054,-0.40027201316271993
LLGL2,-0.49523361960685713,0.05758695818124343,-0.06589126364523427
MYO15B,-0.4903232721649183,-0.5198820316782999,-0.8550262676399889
RECQL5,-0.6405743763427695,-0.5373150187102169,0.08621725150248943
SAP30BP,-1.2590909289533947,-0.5604861527851774,-0.28546445761819333
GALK1,-0.4174954629077696,-0.5888100930947716,-0.33186979689824275
H3-3B,0.2392640113165249,0.45030513577313513,0.33566023206657286
UNK,-0.7327702869368515,-0.5096734082464422,-0.4499210586885133
WBP2,-0.976168089370411,-0.664259600464412,-1.2544390408377204
TRIM65,-0.3478986304468065,-0.8913003572949236,-0.5401050296800349
MRPL38,-1.059103375351178,-0.5250292186225886,-0.782011504523215
FBF1,0.08023328472397402,0.20790760702547917,-1.1030596840087767
ACOX1,-0.42627260276947254,-0.3738699783488428,-0.6167924064991651
TEN1,-0.23016029706907304,-0.40483473375007506,-0.7173315091481811
SRP68,-0.13994550595463548,-0.9470612298941922,-0.4398330651283863
EXOC7,-1.3061294231902316,-0.42521340507824235,-0.5265578767696582
RNF157,0.22563680746906553,0.27308974008442277,0.41774281198102514
UBALD2,0.2511231557095677,-0.4163259578360297,-0.45288542926826747
QRICH2,-0.4969141633224544,-0.23779178652212002,-0.5357934363079444
PRPSAP1,-0.4658611536598514,-0.5366865498736394,-0.35401646240812573
UBE2O,-0.627051049292902,-0.6845956161029357,-0.25733413168020997
SNHG16,-0.350976260444618,-0.3490498876888246,0.02877955896604682
ENSG00000284526,-0.9261948331310599,-0.2840673196047234,-0.47688260224141393
MXRA7,-0.06496576275278804,-0.384974909583928,-0.2284419948788923
JMJD6,-0.6166688474998523,-0.6642676837433753,-0.3437041069300797
METTL23,-0.40365575609218146,-0.6892339822280676,-0.015004531208123907
SRSF2,0.10636046389646835,-0.11788789284948824,0.15345355353288775
MFSD11,-0.10882563181093016,-0.1231059207696461,0.35749559038864126
SNHG20,-0.020838770340304742,-0.8666317097756959,-0.4334187443925472
SEC14L1,-0.5069280114140859,-0.4518499051509792,-0.7210832251416406
SEPTIN9,-0.3818763674431978,-0.43533963644914314,-0.5693287312280013
TNRC6C,-0.24008245810966494,-0.12414901751904854,0.09465406146131985
TMC6,-0.562182701121877,-0.2464976706753923,-0.267338620736112
SYNGR2,-0.5640890133882658,-0.689243529743571,-0.15907481322295075
TK1,1.4611333377888442,1.36791131348377,1.4887750992903968
AFMID,-0.37492372820543457,-0.258459358513619,-0.3938051554435091
BIRC5,2.6484191504104153,2.668581548464921,2.442675338888929
SOCS3,0.32982728801951566,0.5268642243149237,0.06089618084114781
SOCS3-DT,-0.3105603756594242,-0.2639865949008034,0.15095348036194878
PGS1,-0.7295188282761522,-0.7488027229326519,-0.9625928271585239
CYTH1,0.12407158723666362,-0.056569854777212235,0.1324935976469063
USP36,-0.41026672633704214,-0.5946481314027565,-0.3640375516808305
TIMP2,0.12567989654878173,-0.21416581056744374,-0.19991169773118855
LGALS3BP,0.1716813506098304,-0.034350035510975395,-0.1692849053926473
CANT1,-1.0527219682203217,-0.7408381517007498,-0.2658078698882066
C1QTNF1-AS1,0.14153251877741724,0.7079962725466052,0.11562341167369902
ENGASE,-0.8177923386203183,-0.3934373784635347,-0.06732843893250623
CBX2,-0.36800504154251,-0.04074452474245054,-0.6419227990438188
CBX8,-0.2497902128837381,0.032764869266131216,-0.7711014812456405
CBX4,-0.33872634264229257,-0.4406909496588903,-0.031073345380406188
TBC1D16,-0.7538714955465409,-0.23056146114310389,-0.03014384348685799
CCDC40,-0.4844224955519358,-0.24210059427423403,0.08194763126008195
GAA,-0.7588711043680121,-0.9043330676607688,-0.5888109224030735
EIF4A3,-0.5608209126085058,-0.7956810433671286,-0.5742644877256211
SGSH,-0.7259902801222573,-0.5156366521239768,-0.8852856915232223
SLC26A11,-0.12749978484844604,-0.7531159028465879,-0.8213321148700494
RNF213,-0.09019947315813676,-0.052311428997619244,0.14287654133607583
RNF213-AS1,0.8092807636037699,0.28053908509494363,0.1856530644915999
ENDOV,-0.49294015893606513,-0.5572814405669746,-0.7813736759238594
RPTOR,-0.36645418944668157,-0.44768652386982316,-0.13908727669661752
CHMP6,-1.2307937032373886,-0.46376318762732893,-0.35508970182340965
BAIAP2-DT,0.15340205291796857,-0.602720059149032,-0.04542753165817362
BAIAP2,-1.05706797274037,0.18104177054708606,-0.33326748031372583
AATK,-0.782554804028603,0.000726026378195949,-0.5996293935389225
PVALEF,-0.19834219623987795,0.2844391901606897,-0.07462333935710673
CEP131,-0.29129483791388117,-0.47413434266636756,-1.1497009293144487
TEPSIN,-0.29559650822119826,-0.6259740263015807,-1.178788587122746
NDUFAF8,-0.0020572275838332777,-0.3987088845702509,-0.0350404453844923
SLC38A10,-0.24784866862917804,-0.6754794609675904,-0.5110634755145043
RENO1,-0.06416391272115972,-1.1244086666002993,-0.7246134725127185
BAHCC1,-0.220886483330851,-0.3704613318153171,-0.3898628275237428
ACTG1,1.3891447126926142,1.3207896530179681,1.463245046732279
ENSG00000289182,-0.8953149163671483,-0.8231719709642746,-1.126782436576189
FAAP100,-0.5547996592130211,-0.7834748228836617,-0.7701668058889588
NPLOC4,-0.733023354413092,-0.5704648958470243,-0.8768639630698978
TSPAN10,-0.5976845141256781,-0.12482192940495201,0.03281349967171818
OXLD1,-0.7556623288752391,-0.2925886730742775,-1.0851233164429424
CCDC137,-0.0194410801797211,-0.20692720804309062,-0.29897169553867897
ARL16,-0.27255395959082657,-0.6390100735303826,-0.28871726763692607
HGS,-0.7027180926796852,-0.9604246203361306,-0.5998586567662549
ENSG00000262049,-0.7728542694526368,-1.0791081405887262,-1.0074301516894053
MRPL12,-0.13649743700150915,-0.3976986502026527,-0.07956049334124772
SLC25A10,-0.49241393903090724,-1.2583014021340375,-0.39744732738386546
MCRIP1,-0.698366630966536,-0.9471551029884857,-0.7063001802628754
P4HB,-0.4508772708342512,-0.5091493139398153,-0.2588682756037599
ARHGDIA,-0.6941349952696712,-1.1379921481680277,-0.5458295565521779
ALYREF,0.3242858659012952,-0.18152747956829174,0.23833765938171322
ANAPC11,0.0872876351205783,-0.550192669223879,-0.33477834847686333
PCYT2,-0.2001483421519765,-0.259412472322488,-0.3923108614781725
SIRT7,-1.3532779467550284,-1.152615483409953,-0.5246079685056486
MAFG,-0.5563883419570779,-0.11573840558048328,-0.5012306265557704
MILIP,-0.8821912759692586,-0.21938188128944344,-0.4940241043873215
PYCR1,-0.115420497371737,0.0007058429653881654,-0.3089201965111527
MYADML2,-1.2231921393135892,-0.9498341863142592,0.13390784130861993
ASPSCR1,-0.3421682670458175,-0.5746842510001501,-0.7336866453207734
CENPX,-0.15828873190628914,-0.34200548024811894,-1.0816509497810998
LRRC45,-0.9477650579845083,-0.7402321091317638,-0.705969867754412
RAC3,-0.126928929727729,-0.09443716832289444,-0.5010954244291135
DCXR,-0.5598221240154223,-0.17262276857733386,-0.4723597878775117
RFNG,-1.0234062913317814,-0.41854509051749383,-0.9512130215552618
GPS1,-0.6625045944782252,-1.228700584585873,-0.9702369372340947
DUS1L,-1.2627437457350617,-0.7594986483931727,-0.37427048622434356
FASN,-0.10877103291996809,-0.36972972201600385,-0.5426539040790211
CCDC57,-0.18741844614379127,-0.28800033447742035,-0.16008548205050133
SLC16A3,-0.17297073465971377,-0.2735672091056322,0.7012217238628756
CSNK1D,-0.5760530800087446,-0.37121359649650293,-0.4600689712656774
OGFOD3,-1.3574665909983175,-0.27095068700425895,-1.3285946784899636
HEXD,-0.5357652410990248,-0.034775913712433486,0.1534600989808226
CYBC1,-0.6361487774618196,-0.4468544800202815,-0.720558706111575
NARF,-0.8911543292583985,-0.4897992933490264,-0.6383711820699745
FOXK2,-0.3232082368118441,-0.5205546276906219,-0.051710165095578
ENSG00000261845,-1.2652168009977771,-0.30759789075283805,-0.9405511816047856
WDR45B,-1.025543156190178,-0.4298880338173846,-0.32342151117559576
RAB40B,-0.48552566863573793,-0.2737894894919534,-0.08183574634033526
FN3KRP,-0.34827453433364747,-0.8116007744162488,-0.5462364212660483
FN3K,-0.7143328211208733,-0.3130435602241946,0.10342071755506049
TBCD,-0.035875060332728026,0.04462782840035106,-0.08386828294806745
B3GNTL1,-0.0322503644420458,-0.19366964084610316,-0.11016035464438546
METRNL,-0.1491108943880626,-0.38998821047608695,-0.05788469039681136
USP14,-0.6379701156760227,-0.5570144779669164,-0.717682129951605
THOC1,-0.3657128990628422,0.028225634364659476,-0.05254401805301616
COLEC12,2.2441774056279336,1.7643152561755997,2.117230854343063
TYMSOS,0.8166017264789075,-0.4453788038884348,0.5696829074012975
TYMS,2.15324608346101,2.521641581208069,2.2573785145863994
ENOSF1,0.04540353872242508,-0.1298771592934323,-0.37610581916534963
YES1,-0.2205699482228205,0.0032167865259325797,-0.4354472444094064
ENSG00000273355,-1.2216513914669171,-0.23941631424829168,-0.6191396452399971
ENSG00000263551,2.37531070032286,1.8415786818876363,1.8614802760107771
METTL4,-0.21477874643087702,0.047419656740352346,-0.3049465332865893
NDC80,2.9524588006665837,2.77077058577137,2.53397960119975
SMCHD1,-0.2014353908026827,-0.31850674825642145,-0.4455565563433162
ENSG00000266049,0.1539143922933625,-0.8842091634880589,0.03576017685415417
EMILIN2,-0.16496326647804335,0.15804354461606707,0.47140181781330526
LPIN2,-0.036708584208866996,-0.03347920375323103,-0.6376337895658183
MYOM1,0.06914406501332405,0.020623547471011253,0.16940260550607533
ENSG00000265399,-0.17010200834535996,-0.3509199478957185,-0.5267906695977551
MYL12A,-0.22910847954728913,-0.09598878247341962,-0.027118806076273913
MYL12B,-0.548888973345271,-0.5527845260518092,0.18824445804366272
TGIF1,0.3228691842839665,0.13186258910826607,0.0415762316965208
DLGAP1,3.1966541402221793,2.3847368338291837,2.1742290561429947
DLGAP1-AS1,-0.717489050554704,-0.7953749936761767,-0.17404934292066446
ENSG00000266268,1.6511957537498247,1.54942452270582,0.6042749340996565
LINC00526,-0.49543868416581194,-0.42452577933653396,-0.7928993095598535
LINC00667,-0.8725734148499029,-0.44778054671114725,-0.16631921652194498
ZBTB14,-0.4982728213912289,-0.3298622644759952,-0.4439836818338706
LINC02974,-0.27919228414276276,-0.4055267770027556,-0.39189812939326174
EPB41L3,0.7732775839013986,0.6876201371751858,0.3698620349391995
ENSG00000264000,-0.6801261344847802,-0.7558541776625098,-0.2646407752572237
TMEM200C,-0.061581117585166836,0.10522235048648201,0.06915734731899902
ENSG00000266846,-0.2969945113079185,-0.31337505397896953,0.05800074744897895
L3MBTL4,1.53224783306014,1.5600117582824744,1.4484644034072394
ARHGAP28,1.096593389135549,0.8078564899401215,0.8889334765335271
LAMA1,1.568190870723992,1.8066301826315865,1.1376812702930081
PTPRM,0.4863188281178204,1.1967828080744436,0.7355275728359524
RAB12,-0.025181552490646932,-0.5870759809591064,-0.6969339777729395
MTCL1,0.2197351612444755,0.1979488204368814,0.18409767121428897
NDUFV2,-0.4707722289260694,-0.5977389646793441,-0.6387326709407618
NDUFV2-AS1,0.21604520977123434,-0.03389781721278594,0.07904721968066405
ANKRD12,0.02184753911470597,-0.16489191403661252,-0.3436963638344537
TWSG1,0.035259369598861647,0.2757904189584614,-0.11100310974954304
RALBP1,-0.9652968093682688,-0.4602778503021163,-0.46516013975987747
PPP4R1,-0.6450909780642605,-0.4016391196845603,-0.4324232153872849
RAB31,0.4589652165360966,0.6695813264148782,0.6910069965253847
VAPA,-0.9219730730057094,-1.2569845078285091,-1.204373401076893
APCDD1,0.9193361654388923,1.1747932555798783,0.8143621029699659
NAPG,-0.5719896151804065,-0.9372658182377763,-0.33201367777069635
GNAL,0.4245361576968243,0.8880277373484695,1.1501328169242662
CHMP1B,-0.41364805382671216,-1.036980698966424,-0.9687189657405213
MPPE1,-0.034887406584047605,-0.06357763989250031,-0.2261800182614237
IMPA2,0.06515699158950736,-0.06548392648492296,-0.33672530566137837
TUBB6,0.6146846540534945,0.262812808161268,0.8201834951247059
AFG3L2,-0.6655889735996398,-0.7241946307219678,-0.6548722219975076
PRELID3A,-0.6676309381606025,-0.579246948071976,-0.7141487973265974
SPIRE1,-0.5155725971552272,0.09011808937440331,-0.0007808032962870416
PSMG2,-0.4026905920035375,-0.6318471272258073,-0.6820433703234025
CEP76,-0.6177118928311492,-0.6167583970214955,-0.18018993002180392
PTPN2,-0.3636503906801351,-0.6984899242547797,-0.6015072922183471
SEH1L,-0.35915993468556456,-0.7911340301534295,-0.06325598196845302
CEP192,0.48601293230673903,0.010512848229431822,0.3339349794436082
LDLRAD4,1.131922929289125,1.287544227296248,1.1643208467754533
FAM210A,-0.43262053495762126,-0.2948627321653739,-0.10713689916276788
RNMT,-0.8293545344604746,-0.6672792336473918,-0.3857735087721252
ZNF519,1.2004606334804073,0.8913528282221855,0.931067850106853
ROCK1,-0.781436538800218,-0.8777118094519629,-0.7254008859109042
GREB1L,1.6108775173529324,1.5654129628197708,1.1602487930506697
ESCO1,-0.40351130260115303,-0.48076566913027113,-0.5154765343682826
SNRPD1,0.22367797975709527,0.09655829756053796,0.41634344524329586
ABHD3,0.8971638470575486,0.7794139014603232,0.6654575662358759
MIB1,-0.20550010819789577,-0.5797327451597277,-0.40801972561121497
MIR133A1HG,0.9488989184439767,0.6697756391031895,1.3125156021838436
LINC01900,0.6391052098445761,1.232986911177779,0.8110113844054042
GATA6-AS1,0.06488525732136101,0.1981890619723252,-0.10000996822365239
GATA6,-0.2196342759522523,-0.09795188104427764,-0.2984900903414918
ENSG00000265943,0.41509746236501505,-0.06270662581796672,0.12505712049313894
RBBP8,0.31712172257740084,0.28796408434176257,0.6774554426498156
CABLES1,0.4790346623885,0.292936813120086,0.43714672979507796
TMEM241,0.771742090199144,0.5321679783917794,0.8172034327704693
RIOK3,-0.5308029265562126,-0.9973816794441817,-0.4955427164949526
RMC1,-0.5456247861707162,-0.3388517841483641,-0.3904335241519803
NPC1,-0.002167691912649833,0.1631936274028761,-0.05247998742466108
TTC39C,0.4536064158152015,0.666331589471767,0.5130677349192609
OSBPL1A,0.1267692328744765,0.029906720620022836,0.24510778689700538
IMPACT,-0.279050292155123,-0.19360824931191092,0.017287479762465797
ZNF521,0.284284699087948,0.36619246955922335,0.13554094011018938
ENSG00000285595,0.032819290803484315,-0.1522310337518107,-0.4169294962503259
SS18,-0.5130635930655211,-0.41057505943670947,-0.5261589588644143
TAF4B,0.6333396298680825,0.5748527196891935,0.2783645058875344
KCTD1,0.4925158390429835,0.3566480700067345,0.5001686642649794
CHST9,0.9587605116511284,1.857511315774662,1.8149855030794555
ENSG00000227279,0.2077396561016869,-0.42855359625182027,-0.38350153476618937
CDH2,-0.05149910660521332,-0.12289793612311323,-0.20357247771082676
DSC2,0.15147706785521817,0.06462090161850052,0.2960546342927159
DSG2,0.2160478712896285,-0.02844055751071648,-0.03585707357349571
TTR,-0.22740168253222848,-0.40226612816168833,0.450267601333234
B4GALT6,0.21272422557304435,0.3041466935528235,0.0935179316028965
TRAPPC8,-0.2028120696363516,-0.6100597848392901,-0.7156138597159867
RNF125,0.22671073872761477,0.33166860534464243,0.5954842969324439
RNF138,-0.1687196642948195,-0.4846427933513162,-0.11436814002307469
GAREM1,0.9730177008224956,0.8135448583056365,0.6508828701645086
ENSG00000285095,0.5168097605207755,-0.2096671952981986,-0.8494764694696144
KLHL14,1.9965814402068105,1.9784635115976812,2.1783863045988134
ENSG00000228835,0.16516896217678576,0.5746030593562956,0.03976403642186089
CCDC178,2.2391490172718775,1.9249025976406529,2.8455504834081786
ASXL3,0.9728623519389074,0.86496984357996,0.7776573480589057
NOL4,1.6154334323488584,0.6410720026966281,1.0702987788211011
DTNA,1.4439901809543159,1.4571731545572817,1.2274101113211024
MAPRE2,0.6638366037030465,0.6273001558956715,0.4713758115757472
ZNF397,-0.19276915375093037,0.04733073765445536,-0.4527918545053637
ZSCAN30,-0.46024503566454206,-0.33177304835347954,0.04195724213265002
ZNF24,-0.9325425782355765,-1.1107759051191515,-0.9492636989976013
ZNF396,0.03425880192946443,-0.3439021931240376,0.40910815706739706
INO80C,-0.6526997948042776,-0.5833767279575285,-0.5552139727103658
GALNT1,-0.08503087454439757,0.004081740460666237,-0.023971977977929278
C18orf21,-0.36336842921421564,-0.7860813946607514,-0.4976846537918185
RPRD1A,-0.2571929999929026,-1.0101203198878501,-1.0232801717476434
SLC39A6,-0.31473018258422775,0.007094410442473382,0.31780400822636773
ELP2,-0.7176904643606541,-1.2419984528684012,-0.6352832799461189
MOCOS,0.5875319412420978,0.0010196396862021274,-0.024298708573510974
FHOD3,0.01777901533621843,0.3490819434653342,0.1470539484715462
TPGS2,-0.5360539486805287,-0.19881463523445214,-0.281768619560328
KIAA1328,0.3864062013235135,0.5560464983419564,0.6738213199103171
CELF4,-0.22871448430288407,2.0230691471560647,0.09245052153400836
MIR924HG,2.5092183457727018,3.1109283401107817,2.609889779688217
ENSG00000286328,-0.24761039898855228,0.12723768571165914,0.26142194403079705
KC6,2.286692587162232,2.105543102937382,1.5110676539408594
PIK3C3,-0.3154707414757993,-0.22051063458220457,0.11854143613161122
LINC00907,1.4527766968468292,1.2301091515572722,1.5325330152188172
SETBP1,0.8846162829859202,0.6715205554597397,0.7487627505975604
EPG5,-0.15420951434644792,-0.010234717318692034,-0.0613429231678886
PSTPIP2,0.22725726986814002,0.8012166501008338,0.10903870058245238
ATP5F1A,-0.6543101507003755,-0.640008888243397,-0.5772209465417609
HAUS1,0.16878229144539608,-0.08076789486342761,-0.1520989131686292
C18orf25,-0.6357681563730219,-0.7389548830831778,-0.09861995574154032
RNF165,0.6451941960984051,0.9715214022075322,0.2608226981737616
PIAS2,-0.41318113951646745,-0.15145507991323368,-0.21374596904041002
KATNAL2,-0.24707573543878786,0.6041321555473864,0.5622955127122005
ENSG00000266957,0.5799502946149495,-0.5676822617897449,0.16502053259850766
HDHD2,-0.800950056654731,-0.4654321324271109,-0.6488249982203342
IER3IP1,-0.5141162780532511,-0.5417482159135929,-0.5290877007079331
SMAD2,-0.08904992573104661,0.6444610718329287,-0.015435432712536067
ZBTB7C,1.4521920547687799,1.400657919514476,0.7531067861749925
CTIF,0.07862492782409086,0.39885525200595146,0.5179309036542321
SMAD7,-0.1672632322112762,-0.39529121270258827,0.08901722933019224
DYM,-0.08182926663879192,-0.17927386725106234,-0.1497828190753552
C18orf32,-0.18159063292697303,-0.5490309508978727,-0.33136436021740684
RPL17,-0.33260426876495147,-0.12701635627076693,-0.21023276969197544
ACAA2,-0.22302025157420863,-0.23175479375204588,-0.13439726992734086
SNHG22,0.29426626981154064,-0.22685379146459536,0.5784882123215666
MYO5B,0.6455504856663444,0.5614481187353881,0.9874235517173311
CFAP53,-0.057550279849010684,0.262463193976913,0.24072845151770045
MBD1,-0.4214477657238689,-0.24557111655478892,-0.40064328895712725
CXXC1,-0.7276996609738546,-0.5085115129832475,-0.2995065463631335
SKA1,1.2753602135978852,1.5331598635985841,1.4423531176400708
MAPK4,1.291325556679734,1.166266565679912,1.28690950931788
ME2,-0.23596413757782037,-0.28239093203518806,0.04966656484102209
ELAC1,-0.5110794060974904,-0.2661120083008263,-0.3498568187750309
SMAD4,-0.5784753654442198,-1.3744243924785629,-0.5018930324136832
MEX3C,-0.8957973418221599,-0.2534785718766592,0.19417241097957577
DCC,2.8299978126445033,4.4986127851764195,3.4899675752673893
MBD2,-0.34370939683317303,-0.4337326186471025,-0.33265448847580714
POLI,-0.1397523247062615,-0.3651829201839263,-0.29633219003775935
C18orf54,0.6286084718325462,0.47840216269765534,0.802874932946974
CCDC68,0.22454778411801618,0.8165376599457623,0.6886618686655233
TCF4,0.5873130772838131,0.8186787782935702,0.7896044912301363
ENSG00000267284,1.6578349269463644,1.6808275964192596,1.9315678991144836
ENSG00000267327,2.4783887751206457,2.1686071484797864,1.625284505647052
LINC01905,1.4872497363269552,1.3170866245921857,1.3869245642946417
TXNL1,-0.62880818796026,-0.9012684523524008,-0.7712887779004517
WDR7,0.28760630546336685,0.05550038807878359,0.2730977697032024
FECH,-0.591521393617036,-0.2694849880322927,0.008719804148267233
NARS1,-0.8206842228672251,-0.7017695965144952,-0.49076072664168535
ATP8B1-AS1,0.10421772680458821,-1.0165213483482525,0.10952683469702859
ENSG00000267787,1.0334739781418065,1.065295762385265,0.6260865195371571
ATP8B1,0.12099134765238863,0.20621091224836255,0.3170715274633195
NEDD4L,0.8112368401441968,0.33945633633613076,0.6464047539222761
ALPK2,-0.4181873114454468,-0.026936680815193664,-0.22218957058206
MALT1,0.1907477690002394,0.11603715560810107,0.2983998105650088
ENSG00000267476,-0.3067775284277268,-0.19609739955182096,-0.9718201668927335
ZNF532,-0.21555524743041946,0.16840150429817763,-0.09084208929866475
SEC11C,-0.1945717789704844,0.3497319539710731,-0.042474401573393536
LMAN1,-0.32441765931201877,-0.37944384834118594,-0.31333957968513815
CCBE1,2.53532448590256,1.926495500363096,2.1888405509215154
RNF152,1.1992867673234926,1.5621516092784127,1.0530389311638118
PIGN,0.23142218807481632,-0.02596860259756891,0.2134424046526036
RELCH,-0.10863001506173477,0.0349082814601296,0.23289791609378344
ZCCHC2,0.013434292309313008,0.31409259131215,0.2307341803693746
PHLPP1,0.8067755771924184,0.9595425035939691,0.5654110217390098
BCL2,1.515936058625229,1.8244804532447176,1.3958607660685658
KDSR,-0.7393864002362491,-0.3092034506341115,-0.4905281471333183
KDSR-DT,0.3193157427287225,-0.10168695741437968,-0.360123967059998
VPS4B,-0.506521327982835,-0.45938601590261635,-0.6589538594520654
CDH7,0.5258772429013447,2.0089015074316166,1.4146729035077499
DSEL,0.739205761970247,1.1702937138331748,0.1789125727171665
TMX3,-0.10489172805453247,-0.6241124004415363,-0.47452590434524566
CCDC102B,0.7844294840479761,0.8661184438101194,0.9934224831736352
DOK6,2.1478341949519795,1.7969273892151527,1.263059252382206
RTTN,0.773436018369697,0.6889839439743106,0.4698710432946562
SOCS6,-0.2722127737191258,-0.7801707426356793,-0.656318475970707
LINC01909,0.11528963128209915,0.3703723198696309,-0.45016289876231147
NETO1,1.17017277879674,1.9123821105945922,1.9532601265569625
FBXO15,0.6083823848606933,0.786626697148872,0.5827658148766908
TIMM21,-0.5890747224752637,-0.4624805918959325,-0.14953453669414787
CYB5A,0.17306781102508487,0.5368870513169348,0.07968360591999975
CNDP2,-0.3282369551450799,-1.1677890670534872,-0.2682185539718667
ZNF407-AS1,-0.3151232701548459,-0.627965677000546,-0.5612242900743141
ZNF407,0.8770477364856434,0.8105621630843912,0.8920547130152556
PTGR3,-0.24741168445322972,-0.49377905250319637,0.22945978883169002
TSHZ1,-0.46526798315042583,0.264772859653089,0.6608611651275353
ZNF516,0.28455642264300357,-0.2728593421711487,0.23641800895269333
LINC00683,0.8681365200572237,0.8488610812494919,0.9676981769474969
ZNF236-DT,-1.2048262666422822,-0.389882275590832,-0.9803812402912797
ZNF236,0.0677727421077989,-0.0333663421319414,-0.1131365807352722
ENSG00000264015,1.7470907562724243,1.1722001777016438,0.8272776713349331
SALL3,0.15757418680864538,-0.4958718775719006,0.29356976345176383
ATP9B,-0.16317381706658193,-0.14332669965091333,-0.21102690090200585
NFATC1,0.8331977496942606,0.30366188467673544,0.44385157198897934
CTDP1,-0.9332930240575159,-0.5794942979099068,-0.25932047848649736
SLC66A2,-0.17047340930165336,-0.7962386193777355,-0.3565214972600543
TXNL4A,-0.317522378451546,-0.9924061012421036,-0.6549194074972249
RBFA,-0.4829157187655398,-0.37688369184678544,-0.7817541228244381
RBFADN,0.16525466818278642,0.02239130541198271,0.4389085907009864
ADNP2,-0.05923445865011695,0.031627135799123296,-0.12054042462378689
PARD6G-AS1,0.2595318662882598,-0.6016652181758353,-0.42007462822989433
PARD6G,0.045468506308019095,-0.15396753675808134,-0.08772464378183638
ENSG00000282393,0.07237953810140145,-0.6528093381589172,-1.0327468586266093
MIER2,-0.932491949722781,-0.725838487489554,-0.06484872052581633
SHC2,-0.6232317947030347,-0.1790893322749092,-0.18089894122091013
TPGS1,-0.3880743762540071,-0.8739676827167103,-0.8563092927425515
CDC34,-0.4734515679149923,-0.7568989974764655,-0.7733783048211399
BSG,-0.7259206465085448,-0.5159130326227022,-0.42704746597321736
POLRMT,-0.5311424945307159,-1.194591368233862,-0.2682902652087513
RNF126,-0.23337158813157544,-0.7677975804498196,-0.7351976016620014
FSTL3,-0.7757029044432109,-0.8970187823172857,-0.1591358309188848
PALM,-0.7693209379927382,-0.46466342744160016,-0.2619996728284306
PTBP1,-0.2986115425288424,0.12654787050047395,-0.44015678206164205
PLPPR3,-0.5627665622804301,-0.4904721921864628,-0.6309198576754511
CFD,-0.05053484311874007,0.05248266697155311,0.14341619152972018
MED16,-1.0307843156239151,-0.5455692577178191,-0.3512071509821659
R3HDM4,-1.1407608950079648,-0.29499168847092255,-0.2905326143622666
ARID3A,-0.4494408591930537,-0.2664304850732151,-0.10517796635951622
WDR18,-0.1905319588940664,-0.19505255449517028,-0.027748246425304112
TMEM259,-0.8713895942783161,-0.2941853278155513,-1.1201920261527647
CNN2,0.037419268326701054,0.27562284851479296,0.038978745437432745
ABCA7,-0.0753960172097337,-0.11768826882529022,0.09896315798116716
ARHGAP45,-0.02763463252874131,-0.6715036125380712,-0.748606519791835
POLR2E,-0.37570446614696,-0.896489735799971,-0.5131406487071147
GPX4,-0.42720463092087607,-0.6000933570148952,-0.4615345185196241
SBNO2,-0.3532233854747915,-0.0800790084742644,-0.5961870656051893
STK11,-0.7002225407572666,-0.8825714165554821,-0.5493703800206972
CBARP,-1.3859255472689327,-0.5745899836089237,-0.23720798467747525
ATP5F1D,-0.41201470466180007,-0.6709207391762675,-0.5127328232235264
MIDN,-0.14170109765964514,-1.1905165618231166,-0.6562041515209779
CIRBP,-0.7498731906247791,-0.7392520363918927,-0.9709576572628258
FAM174C,-0.4787769922718894,-0.3592777016133795,-0.3311398927900022
EFNA2,-0.8950670495975857,-1.0176714988124367,-0.45759761037436425
PWWP3A,-0.44110860887821,-0.6480733093940216,-0.43872871685203657
NDUFS7,-0.2699402199489995,-0.24270496136234598,-0.41948925761739275
GAMT,0.17157763836407375,-0.19021423957202901,0.11104143634173985
DAZAP1,-0.22870512994790465,-0.22674473004434148,-0.4487216980336762
RPS15,-0.08426659872681524,-0.07997109949035772,0.08457570071593064
C19orf25,-0.4033311897071492,-0.7209760674293761,-0.22664735059156982
REEP6,0.3081551630944509,0.11069869212285956,-0.2486696519072033
MEX3D,-0.37543196341116664,-0.3097225494972271,-0.7167893950364927
MBD3,-0.48622897186738,-0.8453611700937316,-0.36693410370915913
UQCR11,-0.2756356870572744,-0.524125277769219,-0.2815982308425937
TCF3,-0.23939634514551145,-0.29694647743516706,-0.8406786879492572
REXO1,-0.8975769544438421,-0.8566105402005242,-0.28877115840341366
KLF16,-0.5994577341583991,-0.9991763302022888,-0.6859373575383713
ENSG00000261526,-0.03524910737762714,0.06548387217760875,-0.8372587634601558
ABHD17A,-0.8559916359900939,-1.0049696014846567,-0.761620611504167
SCAMP4,-0.30123948059858924,-0.40769820787702926,-0.35292515884694003
CSNK1G2,-0.7443010707093336,-1.1463273410656853,-1.1159914045802743
BTBD2,-0.7239112142316806,-0.6001321182103715,-0.18419185594272142
MKNK2,-0.854286562300434,-0.7592536648745316,-0.5974108959317661
MOB3A,-0.06011066194870906,-0.617091776051737,-0.6815439371587679
AP3D1,-1.0817001328207354,-0.5492537389851259,-0.6533193775533306
DOT1L,-0.3023385059783124,-0.4886824037411727,-0.5603140284196364
PLEKHJ1,-0.3022148193708852,-0.5265754420700334,-0.5571893902832378
SF3A2,-0.6452378808437161,-0.9515153636451394,-0.5645101028018615
OAZ1,-0.4308907236131496,-0.6238951472464294,-0.6013845101834717
LSM7,-0.4550542305506972,-0.5109436275548624,-0.45738670456300307
SPPL2B,-0.4948678970185156,-0.8964016829565828,-1.2033738298589363
TIMM13,-0.42716041219538425,-0.5517362101960757,-0.3650280421755347
LMNB2,0.5255669939160903,0.8653913148374813,-0.03709357365191224
GADD45B,0.5679714782846865,1.0098685925429827,0.9457109899617748
GNG7,-0.13755267849905908,-0.066267365310555,-0.11736237487839672
SLC39A3,-0.2266350124419781,-1.1573908917301168,-0.5785588986175938
SGTA,-0.574680276181482,-0.9881850169165887,-1.0129548957923866
THOP1,-0.4030394671721887,-0.960074705648033,-1.2887971536960947
ZNF554,-1.133179092844209,-0.41665091652579284,-0.10574504826060857
ZNF555,0.3146374668318969,-0.2728468551781162,-0.025838898993931967
ENSG00000253392,0.365528627688434,-0.01041659094245168,0.04877299110344774
ZNF77,-0.5608042694325875,-1.0361281035912029,-0.6262496978105146
TLE6,-0.28650597264180894,-1.0873713854122933,-0.37054663071806715
TLE2,-0.46435568938622035,0.230010488469631,-0.45737106209774225
TLE5,-0.703048996622968,-0.630969434826124,-0.5482819278266718
GNA11,-0.4036840401800034,-0.6984134454073683,-0.3886079386554577
NCLN,-0.7182121351082387,-1.2638850694200237,-0.6479656189652586
CELF5,0.053064097458797484,0.09822296395070748,0.033546050818181086
NFIC,-0.2840048400351982,-0.9868073821738008,-0.4921988225791516
DOHH,-0.15841768136159123,-0.7209423676656534,-0.5952651798515943
FZR1,-0.22019264286659285,-0.9799144063457845,-0.8240229896987615
MFSD12,-0.7722846953140277,-0.5588244323933296,-0.2139616419225341
HMG20B,-0.652235648733953,-0.8395695961471645,-0.45179876704553124
CACTIN,-0.7938918730495814,-0.4956064083072888,-0.5391704308139503
PIP5K1C,-1.2020272253585063,-1.000197805380406,-0.4941080731057461
APBA3,0.06930697421721281,-0.5775577831215132,-0.6559420941002863
MRPL54,-0.913719020986303,-0.5332295881524978,-0.9790637245222342
ZFR2,-0.4265503948677925,-0.13783351843227715,-0.480818028097012
NMRK2,0.41562812016306344,-0.1114494975742417,2.0657243491010533
DAPK3,-0.25674300539513345,-0.28136392990932535,-0.12274011101706601
EEF2,-0.18447472046508653,-0.18846812575130298,-0.3108986567833512
PIAS4,-0.5750835133115686,-0.5385553324439307,-0.4752202843574019
ZBTB7A,-0.4530165880201409,-0.202293746391316,-0.04907932878677807
MAP2K2,-0.28071795085709544,-0.5046639504329206,-1.0940405409594973
SIRT6,-0.696146211436929,-0.3972264245389852,-0.7658759129552983
YJU2,-0.33196574382522215,-0.49878682176421674,-0.9180320324957094
SHD,0.22727839550875473,0.1109055742568401,0.17817705381614604
FSD1,-0.04532511100874357,-0.6277598349842286,-0.44567935629730476
STAP2,-0.47698929523556544,-0.18390561820668339,-0.022568538666256147
MPND,-0.4796895713825221,-0.9554661799446187,-0.08592706438375335
SH3GL1,-0.3912127583633768,-0.8302202344967711,-0.695025208928147
CHAF1A,1.3609399023140618,1.0827613252796233,1.7659347423552312
UBXN6,-1.3742930080087987,-0.2978455866194807,-0.588137927946196
HDGFL2,-0.7512311236540086,-0.672453285690974,-0.7238674722956837
PLIN5,0.39689751708408844,0.18503491122551105,0.2528465777955092
SEMA6B,-0.4348719056741536,-0.29350127985075497,-0.2357578410842542
TNFAIP8L1,0.9343255921428336,-0.3679597988621808,-0.2483903293828078
MYDGF,-0.3394631109827806,-0.4470033378220677,-0.9114415932868418
DPP9,-0.6875668781546409,-0.7568108334934003,-0.3540651412436695
FEM1A,-0.8617264105502578,-0.802712972928397,-0.9256437655920209
ENSG00000269604,-0.4196036960380951,-0.2139560089178048,-0.9843097370038656
PLIN3,-0.20973711801889647,-0.4633558418344776,-0.18205001661664616
UHRF1,0.6350845375360983,1.3955212762920794,1.2493817267364982
KDM4B,-0.2809927780492743,-0.729090058196352,-0.2851074545648622
PTPRS,-0.24080067647865994,0.05369253253455862,-0.12381915284336736
TINCR,-0.7034135438985452,-0.40152877024087624,-0.29305748232889434
SAFB2,-0.2322780422680992,-0.6179604091778472,-0.7561791754432187
SAFB,-0.2565768500532357,-0.6270338929308715,-1.0920487483618366
RPL36,-0.25203324286063017,0.15975881037992315,0.0066074973329861
MICOS13,-0.9186437119746707,-0.2968812107906018,-0.6201167282817472
HSD11B1L,-0.4971226600867489,-0.26219800852283376,-0.8334629769655209
LONP1,-0.6438602697835485,-0.5568161595594532,-0.8731577149892439
DUS3L,-1.074403634467167,-0.5346566695438035,-0.948140912462037
NRTN,0.05458612234762941,-0.4331484678343997,-0.08771002781658051
NDUFA11,-0.5522809130761743,-0.6533638461725176,-0.5568118268508861
VMAC,-1.1701452739935654,-0.48543884581398444,-0.80608226997035
RANBP3,-0.23932732981950272,-1.1971799920550978,-0.8279622261682533
RFX2,-0.3089582041623657,0.20748681483197373,0.5203010391256271
MLLT1,-0.5293853199948195,-0.4558771404725554,-0.24497892023134688
CLPP,-0.4828055561229441,-0.9588710798838278,-0.17951833957296165
ALKBH7,-0.708371414916737,-0.5618626677720862,-0.6588979027376531
GTF2F1,-0.7379610264183114,-0.5431466938037524,-0.5676809235602
KHSRP,-0.7968598556602409,-0.7402444771659128,-0.7473928053642815
SLC25A23,-0.2532765664646633,-0.26350127868885664,-0.3378103009442981
GPR108,-0.11283058730418112,-0.651447598832913,-0.6360581077236133
TRIP10,-0.31093144790691335,0.0752073452115382,-0.2884824853789496
ZNF557,-0.6295838058234011,-0.2977160170096696,-0.4924018573916449
INSR,-0.11464658969287106,-0.3461908168394387,-0.3508670999789026
ARHGEF18,-0.20464781403429913,-0.5349895236760922,-0.0931745060981903
ZNF358,-0.3687220848790886,-0.7048331405640731,-1.1115436072459133
MCOLN1,-0.04388516932073823,-1.035113898193881,-0.5123731864811667
PNPLA6,-0.4838884225314395,-0.9794727840660898,-0.40326454885012814
XAB2,-1.491289951420928,-0.5645722841190625,-0.5326719761190368
PET100,-0.7443687729051867,-0.6698318210030898,-0.6976057400312605
STXBP2,-0.2314060172844776,-0.05558196666521913,-0.11938504998062532
TRAPPC5,-0.6386876647277867,-0.4425144282087069,-0.696855383211112
EVI5L,-0.39643161527479975,-0.18304565245953694,-0.19915146518600932
PRR36,-0.9819791689012121,-0.46415437119618014,-0.7340994279991087
MAP2K7,-0.9313312419883566,-0.8561548510187293,-1.3401304120211535
SNAPC2,-0.5241115960586136,-0.21622102122145742,-0.5613111631534338
CTXN1,-0.0735302831608351,-0.273403234020936,-0.14684883815624158
TIMM44,-0.6972442807718621,-0.6053785755996374,-0.9124452331008257
ELAVL1,-0.40725711149290694,-0.49888103023368663,-0.6307674641892086
FBN3,-0.017931993854947537,0.22812811977135541,0.39906321622792973
CERS4,-0.34977747660967046,-0.4521491929159041,-0.5288551369948813
CD320,-0.3740214838088286,0.12186620873855249,-0.4343470262403955
NDUFA7,-0.23831105801482264,-0.40653088720823044,-0.23135311802635888
RPS28,-0.125039327558925,-0.047077416604466335,-0.02807463566463572
ANGPTL4,0.6152148106549191,0.7624546777031399,0.829363260440182
RAB11B-AS1,-0.15382738643970129,-0.28501205150378794,-0.41061331881885726
RAB11B,-1.0838247872973064,-0.9130130058531415,-0.6517184013292621
MARCHF2,-0.5680346915097125,-0.39528514640024426,-0.41029983639277745
HNRNPM,-0.09003304962756789,-0.3712067992243249,-0.17460563652433334
ZNF414,-0.8607460676481865,-1.1801486107736814,-1.0391391146071598
ADAMTS10,-0.0806559213516138,-0.20177418712492917,-0.019231794389668298
ZNF317,-0.8760601897390856,-0.9008712183620879,-0.4394436617633666
ZNF699,-0.48949617940780143,0.11206734003246761,-0.2225174974251018
ZNF559,-0.33105280492894806,-0.10759040591777592,-0.36844890990747453
ZNF177,-0.17595038488250478,-0.024867737486594915,0.07246389533031562
ZNF266,-0.6655690037701022,-0.6100208155727742,-0.4107254171233379
ENSG00000287275,0.4345780100144197,0.10967083770175992,-0.49072668062903096
ZNF426,-0.05960321682646002,-0.461549875946517,-0.033846384558199064
ZNF121,-0.6521858789887958,-0.5971872672231662,0.12264837201050219
ZNF561,-0.22508449897055624,-0.160894032220515,-0.15063393169398862
ZNF561-AS1,0.33071215510988594,0.1710700096287959,0.06770132107507003
ZNF562,-0.26472696989773326,0.16073760548250254,-0.2490536200963298
ZNF846,-0.010668131879342034,0.25543628819506026,0.19208485097770028
FBXL12,-0.8365402538959863,-0.7385667371816034,-0.7567824292649838
UBL5,-0.8260399376890462,-0.4736868920918944,-0.8292916189393688
PIN1,-0.6671023016538413,-0.5050934020203783,-0.4987437600401564
OLFM2,0.22944608565260435,0.2079072533450201,0.08291404185746752
PPAN,-0.689677878944675,-0.6135696359502986,0.06741200675125834
P2RY11,-0.015285228834809325,-1.0655364058438899,-0.38017872321812624
EIF3G,-0.7644833688013293,-0.639026794578136,-0.7758915986644013
DNMT1,0.2914303006689103,0.49637030589537895,0.5784596259599688
S1PR2,-0.9689132216257548,-0.8926078335410068,-0.5022254738659413
MRPL4,-0.06461364392259128,-0.6175905926978197,-0.6967175982994434
ICAM4,0.43824092009290894,0.5762415886400234,-0.28125891141437975
FDX2,-0.020515668995557203,-0.28524107810839183,-0.400415806520769
RAVER1,-0.27554111916681734,-0.18017427982303857,-0.7732287026850031
ICAM3,-0.12790777199656495,0.1887249338946759,0.052889396955578094
TYK2,-0.3456197093553684,-0.6356747347230752,-0.19277499221533395
CDC37,-0.8933349743473578,-1.054647277967284,-0.7387997424857566
KEAP1,-0.7199817565780045,-0.683998972985048,-0.1347359984326282
ATG4D,-0.9184524936044021,-0.526732422200528,-0.44214764811817275
KRI1,-0.38335418525708315,-0.31336966543000594,-0.8254897254210576
CDKN2D,-0.1547180191799704,-0.40104536685408837,0.2743010565631572
SLC44A2,-0.7497380177136179,-0.5097446618160575,-0.46627743322700965
ILF3-DT,-0.06473162737966827,-0.002732898155510855,0.0707918604127471
ILF3,-0.1360408898050771,-0.21464563128477473,-0.2655750817698994
QTRT1,-0.9746626833788312,-0.4960046240139242,-0.43500068041222667
DNM2,-0.868892384215318,-0.5121108863736267,-0.2922540135723822
TMED1,-0.5861947510648059,-0.38418198681102933,-0.3430341022593915
CARM1,-0.7174528138796035,-0.6883838796100897,-0.39134774030747005
YIPF2,-0.7067653337685975,-0.355162440149325,-0.051852561169287284
TIMM29,-0.9500588808593378,-0.1201821598968849,-1.0343934152646987
SMARCA4,-0.3946926228719611,-0.26923387995294945,-0.41834794806310427
LDLR,0.8404895098934588,1.5955131655792165,1.6670873185683597
SPC24,0.8773569957059095,0.5635120272470573,1.0362467751461573
KANK2,0.07852356794517955,-0.18092036958300647,0.04325563511421383
DOCK6,-0.12319907599601981,0.013695647690678247,-0.29399104498341794
ENSG00000267082,0.3669180436212578,-0.7652089634591235,-0.11414852073450277
RAB3D,-0.6519975765746366,-0.6615217018694395,-1.2941337444807104
TMEM205,-0.8478547068217779,-0.5212892686474575,-0.5569984151020789
CCDC159,-1.0607818928039094,-0.26342687848969604,-0.7531064274612191
PLPPR2,-0.6671389376764728,-0.2148192168208496,-0.39131561716090246
SWSAP1,0.13547758643182214,-0.8828218001895962,-0.788979038535004
EPOR,-0.7560925624800312,-0.01395786279983824,-0.2645077072637747
RGL3,0.5740516088951964,0.22156876330528166,-0.005191011872938113
PRKCSH,-0.5624873249489077,-0.5714631068353775,-0.5060406470185052
ZNF653,-1.0075907543210612,-1.04969461467417,-0.7332060325655689
ECSIT,-0.6710459457254175,-0.5198511597670789,-0.3680660119323634
CNN1,0.48138619709963487,0.41236308152494056,1.5702385533226249
ELOF1,-0.6016631574581481,-0.6138206874518595,-0.9243285748436882
ZNF627,-0.6623375187049517,-0.7976677221712016,-0.1090763501438623
ENSG00000197332,0.015429471410076522,-0.08066688939483772,0.3154459858218281
ZNF823,-0.12255691393566794,0.16255218889231665,-0.9064859319139523
ZNF441,0.012313673479407929,-0.47020016135891046,0.03413844855329268
ZNF491,-0.25786135938163207,-0.5910867004166356,-0.7274901843884507
ZNF440,-0.2840626388241177,-0.3585594687812766,-0.09549379798213306
ZNF69,0.23224568988033303,0.186946011643112,-0.017436003797641323
ZNF700,-0.7592204516227775,-0.470475869282744,-0.5990361983660115
ZNF763,-0.5032034337958748,-0.28309029737431857,-0.2929521226329115
ZNF433-AS1,0.6461311701185543,-0.3993363441425864,0.20535630883070155
ZNF433,-0.5336312948782512,-0.3488007955970893,-0.2580329570177966
ZNF844,-0.058347876463731255,-0.05290005856161528,-0.12694537752541635
ZNF20,-0.5830367421373913,-0.7799612947358199,-0.6208252143217514
ZNF625,-0.3358615954745722,-0.2521509072093195,-0.2695125090337634
ZNF136,-0.2271366048628245,-0.47396932146683207,0.08580983658379192
ENSG00000291101,0.049835627794504185,0.17849442750352643,-0.2667323246625451
ZNF44,-0.11621509534699118,-0.3666203841300551,-0.29914084804068614
ZNF563,-1.279614954864691,-0.4746323708035405,-0.7334194177173643
ZNF442,-0.3836177416662742,-0.23858026926478004,-0.21754363764323517
ZNF443,-0.5612473559894013,-0.8079687228199433,-0.1851508745701729
ZNF709,-0.0032107335700217923,-0.12362619391791446,0.09712507726437634
ZNF564,-0.8313069264320845,-0.2651479702347999,-0.3732498685763907
ZNF490,-0.9405035040641465,-0.6452289397352509,-0.38442494343969363
ZNF791,-0.3936004539679026,-0.267874588501222,-0.5120129974249927
MAN2B1,-0.07542444690388093,-0.5405442619822695,-0.22816294014203822
WDR83,-0.5243097616468617,-0.09859736371474886,-0.35709316467735525
WDR83OS,-0.5419337817128849,-0.5207920228063828,-0.43917916108390287
DHPS,-0.5612218477916323,-0.6224428845770157,-0.7738671413960105
FBXW9,-0.7466098882133743,-0.4317470141965778,-0.639834709016519
TNPO2,-0.6110223891162576,-0.4189462229038127,-0.46861537345725784
TRIR,-1.0157969456506564,-0.6218707547148697,-0.44949139297730406
GET3,-1.0210047958850765,-0.32136208956025664,-0.349909364487079
HOOK2,-0.34427404569747816,0.05558917721099017,-0.1896304383347385
JUNB,0.9394912551796749,0.5870425523989518,0.04199655307262165
PRDX2,-0.21761273204228365,-0.2112546031251092,-0.15486246872702839
MAST1,0.49779813114880517,0.582633266080613,-0.41630495096629616
DNASE2,-0.4663244717759021,-0.17107542082405303,0.05301623834872866
GCDH,-0.5562107056478034,-0.9546076910364256,-1.0280957513380962
SYCE2,0.5229692454458679,0.6529288495959413,-0.482277172208974
FARSA,-0.5362745540871217,-1.1548170661929014,-0.7831722801431447
CALR,0.3796955738447991,0.36420919540465485,0.6336061933838941
RAD23A,-0.38678782478778123,-0.5630956094818309,-0.7911597688357297
GADD45GIP1,-0.32067564814587607,-0.4430742912759697,-0.2749480279333696
TRMT1,-0.43890739565171444,-0.20037385534547164,-0.5883029484654934
NACC1,0.13203302792071275,-1.7345700297455835,-0.24749179078104788
STX10,-0.4441708067065626,-0.637444327724392,-0.7829644744817124
IER2,0.7915811210690471,0.8089773686345617,1.4052309012628328
CACNA1A,1.1342293527281129,1.1194566884573192,0.6227584113925708
YJU2B,-0.44737558481860523,-0.9453995782806929,-0.5202036114531268
MRI1,0.11977315714759136,-0.6967116823739232,0.04875776590841593
C19orf53,-0.6428324284909799,-0.565363483903603,-0.49270228152004597
ZSWIM4,-0.67060968483149,-0.26567772255796035,-0.6435822179740783
BRME1,-0.7653324654269404,-0.51544012166039,-0.32595863129419556
CC2D1A,-0.23058892140940304,-0.40146370841713974,-0.6169636605922123
DCAF15,-0.7001288891880364,-0.05811083318404546,-0.6869387866641112
RFX1,-0.4149185761676009,-0.45831978815745705,-0.2861547790009098
SAMD1,-0.11262774713213734,-0.021602683662518257,-0.01564659289214989
PRKACA,-0.5659882090682871,-0.5246339899891481,-1.042757725389329
ASF1B,1.187292033480059,0.9821969208950279,1.1356489694394654
ADGRL1,-0.28324365933564616,-0.20701573054753553,-1.1870051108574522
DDX39A,0.739498645844435,0.4165369412133373,-0.09925923243588038
PKN1,-0.7356183725987151,-1.0407099678268779,-0.6956028745508682
GIPC1,-0.6496212814404528,-0.30169998122045183,-0.747471555841706
DNAJB1,0.19799636735725915,-0.3437163272421238,0.1292007454465036
TECR,-0.44994294233855575,-0.9091911586458856,-0.6225672865430313
NDUFB7,-0.4230762289763632,-0.4687636719586621,-0.7823032939889174
ZNF333,-0.3069550736762032,-0.6593488438909995,-0.22493004475072814
SYDE1,-0.5847311256527021,0.1979643353099548,-0.535508866446488
ILVBL,-0.8858362712993149,-1.0244805345334065,-0.6823264826432087
NOTCH3,-0.5859596368643915,-0.48989835310521807,0.07380121996812868
BRD4,-0.8619501192772674,-1.0899652369188821,-0.8755472891047376
AKAP8,-0.35502841108165845,-0.6291025052274328,-0.7209761464291553
AKAP8L,-0.6921760166474833,-0.8355121310774329,-0.38997974238293404
WIZ,-0.4375352585415904,-1.714943176012099,-0.9452741175523016
TPM4,0.5591529468090819,1.0341205579787953,0.6885572838152534
RAB8A,-0.23216087585664263,-0.6965674386438607,-0.4374933882521894
FAM32A,-0.7494728754810218,-0.6584563882118352,-1.0914547637057161
AP1M1,-1.2369995639711782,-0.5115949099132707,-0.8699882469421177
KLF2,0.046446095484604585,0.17170660384210026,0.4098290076156167
EPS15L1,-0.6625006239768217,-0.4090311411476187,-0.5778687745560944
C19orf44,-0.8424754192850124,-0.3247965999943006,-0.8642231762147433
CHERP,-1.4487943069014513,-0.27703153688508314,-0.7064508331859045
SLC35E1,-0.4853162382712065,-0.1033430904425501,-0.5344743572439691
MED26,-0.9294112216084685,-0.9424029480010283,-0.680856461559962
SMIM7,-1.1859925481016909,-0.7129985356922255,-0.3595296899405369
TMEM38A,0.4428059721904702,0.2221784753879455,-0.1258974575374338
SIN3B,0.40669011183264914,-0.8980730015438176,0.6446623915121776
CPAMD8,0.8464707916543013,-0.0018227817323150362,-0.2032757206854576
HAUS8,0.32726523799227175,-0.2000903327470169,0.46844098701457426
MYO9B,-0.5738743395046592,-0.45463229411513606,-0.6532736617176234
USE1,-0.8302281766583093,-0.5869229330939589,-0.19405637224075534
OCEL1,-0.44342576645044585,-0.2315064662329362,-0.5388703210812338
NR2F6,-0.5859123373657199,-0.7622343029573955,-0.534727525037635
BABAM1,-0.5338412222968572,-1.5349654698797686,-0.47746873428439685
ABHD8,-0.3017563666942919,-0.4792217381147275,-0.6437228499798985
MRPL34,-0.21275314066371107,-0.3511513166954571,-0.43042636487758296
DDA1,-0.5412092202980041,-1.1484224474683202,-0.8234533598247609
ANO8,-0.9156626236724926,-0.9534285640769937,-0.5708954658676753
GTPBP3,-0.6543837180827018,-0.3813720543939994,-0.6080259629838913
BST2,1.9466060675853356,1.5943919307398815,2.069611591174713
MVB12A,-0.49760465265383397,-0.3367502402703302,-0.4547504529040261
SLC27A1,-0.32121627129442837,-0.10736844591720993,-1.2028609968950796
PGLS-DT,0.2683506483788243,-0.16277692361820328,-0.23794479797697576
PGLS,-0.6170736373928278,-0.36972307062318427,-0.6219602816112335
COLGALT1,-0.3285440520228598,-0.8363017680962486,-0.6999517094313177
MAP1S,-0.9734554301947823,-0.19367415402588145,-0.6668462476066813
RPL18A,-0.04960629331847249,0.24164596639890584,0.2215928278832759
CCDC124,-0.613474447899275,-0.3284159559542133,-0.8483697295968646
KCNN1,-0.09843408360590539,0.3819397363903611,-0.011668453278023383
MAST3,-0.11806485063642218,0.06343867992726256,-1.093191931490452
PIK3R2,-0.3358307196544956,-0.3397063477659046,-0.4902579077543799
MPV17L2,-0.24771908212206384,-0.27736633889877993,-0.30210443848732993
ENSG00000268650,-0.027357971248253714,-0.3914340071840421,-0.8956617325945935
JUND,0.5833990377017138,0.013475807986356655,0.5781881347951199
LSM4,0.5095145437689864,-0.10811781182518494,0.3676337950929423
PGPEP1,-0.17198701687097898,0.1261778151567797,-0.20016062525030878
SSBP4,-0.4426481801977609,-0.4065469814052101,-0.0946015548361316
ISYNA1,-0.10138293657535509,0.09038523472644036,-0.09717624083288001
ELL,-0.7498730092648174,-1.1573070606234417,-0.6900942035432465
FKBP8,-1.3995181320885592,-0.5873827462832324,-1.3137651398772725
KXD1,-1.3119557553320504,-0.2984870422961272,-1.3960791702339748
UBA52,-0.4090022225348164,-0.24387048904065275,-0.3846576404840683
REX1BD,-0.7769262797910841,-0.6050764604484123,-0.6468568073140304
CRTC1,-0.40343112390902647,-0.3829080408272389,-0.40620516593489236
UPF1,-0.2753107650184283,-0.3842970674854165,-0.5571714189269096
CERS1,-1.0820093307726921,0.06692890219950343,-0.5253209504024775
COPE,-0.9935998993610903,-0.5469133466210111,-0.4916724408912501
DDX49,-0.6532109231366262,-0.8038087844679112,-0.32386432179577085
HOMER3,-0.2584362130134146,-0.4418370439812555,-0.30213444756332913
SUGP2,-0.40343845092632347,-0.5829216431665287,-0.6741116286758421
ARMC6,-0.9114308971928188,-1.251765337343599,-0.603319842420543
SLC25A42,-0.5296315912273926,-0.2905406724513356,-0.08071442881275818
TMEM161A,-0.6160911979785874,-1.0134318108037377,-0.4615947774151508
MEF2B,-0.7170953184413129,-0.4516757574800075,-0.9044005669905211
BORCS8,-0.2797205482177745,-0.2217669670095113,-0.5240317465823382
RFXANK,-0.5813177509964547,-0.8630500251524148,-0.19730505844981752
NR2C2AP,-0.3028126602581018,-0.8511866218211246,-0.32050825293801566
SUGP1,-0.49185165764311384,-0.9544315522749329,-0.48825153721527315
MAU2,-0.4226387541112295,-0.4245775662512194,-0.47150072415228206
GATAD2A,-1.265731017487223,-0.5859301703579759,-0.16519779819692457
NDUFA13,-0.483492204691025,-0.4926792153822106,-0.6975728293039616
YJEFN3,-0.14381946416077793,-0.5106217083662338,-0.5895773644215332
PBX4,-0.03625678332332778,0.2167582327329996,-0.20554933048229532
LPAR2,-0.7411071459914353,-0.14214518599602147,-0.5057968182002206
ATP13A1,-1.0069880926090526,-0.1796000813516052,-0.11338949100208141
ZNF101,-0.6701526796958995,0.014645008723512425,-0.09871270264135751
ZNF14,-0.3111710407507467,-0.4228336960582659,-0.6176765587783173
LINC00663,-0.2691318117305848,0.1268956869018077,-0.5337403646307024
ENSG00000291177,-0.08221168129305312,0.2636680012426851,-0.1901797351273195
ZNF506,-0.11225133551704763,-0.37799718224007967,-0.41436553568603784
ZNF253,-0.04628481028595388,-0.5526636381506727,-0.4326872510283692
ZNF93,0.7930415246572338,0.6289116751755692,0.9371925575326684
ZNF682,0.14589755958625258,-0.0859771596769505,0.0947225605913893
ZNF90,0.7192146324347917,0.3974348123408759,0.24657727122656678
ENSG00000267383,1.097190005435813,1.2977158046587824,1.0552822653333784
ZNF486,0.2155523391536143,0.3068808518302539,-0.15567980841572296
ENSG00000291130,0.4275536299574618,0.8367387243308286,1.332714866892161
ZNF737,-0.1808169710199721,-0.07916174643196072,-0.3841611758752777
ZNF626,-0.3752659751626659,-0.45514288903271094,-0.6179634024473196
ZNF66,0.5825068872329773,0.21540455229471075,0.26248287359682726
ZNF85,0.30565504210543537,0.2920746156524885,0.10516946189809313
ZNF430,0.05480857347506074,0.2658653889109672,0.30671363259244083
ZNF714,0.16475458380887895,0.02498215748367729,0.027592907630520313
ZNF431,-0.6772124216535502,-0.28959099570006325,-0.4626152979116577
ZNF708,-0.36059583109062027,0.02332221395344191,-0.7709969820316509
ZNF738,-0.2275007842881571,-0.43782754066506163,-0.14100384877871266
ZNF493,-0.413899202581014,-0.1047743146119125,-0.33131653290703517
ENSG00000268119,0.5589357585141386,0.9687836201664588,1.051358472955613
ZNF429,-0.5094747194977104,-0.2443859961786927,-0.20617201054361095
ZNF100,-0.11426036481982746,0.06427771202437416,0.30010080116964494
ZNF43,0.20418245055489587,0.3255889139708153,-0.15825079635135003
ZNF730,1.263520044295447,1.1630652076179508,0.7290466338536348
ZNF724,0.7807752976535198,0.6618210854145978,0.5911761878272905
ENSG00000284428,-0.240654503507578,-0.12743222099680554,0.17413545793178278
ZNF91,-0.3857486272179926,-0.23056014445774767,-0.2319321720128365
LINC01224,0.6872491985811493,0.07603677293705154,0.44987422177492326
ZNF675,-0.20886721076415785,0.2873812513437421,-0.21336304760203012
ZNF681,0.10559121765854226,0.20890519972298438,-0.42422788747012063
RPSA2,-0.20390233912475964,-0.11356841995595707,-0.07988794121762056
ENSG00000268362,-0.7596747907373036,-0.7865614246492109,-0.02636720145234148
ZNF254,-0.17861189804153096,-0.27079657003652713,-0.5386290769059235
LINC00662,0.7263575419246918,0.35657049020977993,0.2760752128003539
LINC02987,-0.15450051181133165,-0.08453455722522918,0.3375906083832696
UQCRFS1,-0.3338347813005385,-0.45913036927964523,-0.6091791199884149
POP4,-0.711030761962018,0.05433861563624014,-0.1433064452800963
C19orf12,-0.6780209877154705,-0.4569669203674565,-0.6678719374110641
CCNE1,0.1323476711996073,0.2817007459607445,0.5758768432615611
URI1,-0.3932960064026325,-0.36500653640575825,-0.7631606828846174
TSHZ3,2.217997997169963,1.8598256632678662,1.5773622354458183
ZNF507,-0.12109159178755036,-0.3189561421704212,-0.04041468456570028
DPY19L3,0.1290810503045065,0.13972538766330084,0.01669163955703818
PDCD5,-0.2833703361965583,-0.4203289624971767,0.06615220048832175
ANKRD27,-0.7875582103037608,-0.0874425462301112,-0.7933303935499261
NUDT19,-0.7134624298310364,-0.7272027492041246,-0.7306672853844347
CEP89,0.04325535158570302,0.1436916541723257,0.00601066131729764
RHPN2,-0.08830031071822836,0.49911948077759755,0.015564089692361468
GPATCH1,0.0590860213718968,-0.6578351743265712,-0.22464088827810616
CEBPG,-0.7052660704094009,-0.40598485171168264,0.14641100189259154
PEPD,-0.36162130423453936,-0.6065285911790675,-0.6605861695130137
KCTD15,-0.0851688493445906,-0.30300514171629084,-0.4941207514925878
LSM14A,-0.8955725136045452,-0.8763085409758418,-0.6477508679203936
GARRE1,-0.4529594511285104,-0.36702827352374356,-0.48777174595251077
GPI,-0.5443314364480082,-0.4559074081887147,-0.016685342902558648
PDCD2L,-0.6772778498158871,-0.5341176799678492,-0.29503930739415557
UBA2,-0.8581116137704647,-0.18674432371788183,-0.12910042912046302
WTIP,-0.6907085675528676,-0.023301271058159035,-0.2569917581466541
SCGB2B2,0.8188063061408961,0.9036419209602293,0.9287717880532645
ZNF302,-0.6699488641610715,-0.3225250142642971,-0.6991029083640896
ENSG00000274104,-0.24798869082746572,-1.0355854465438945,-0.7099996703779112
ZNF181,0.019654093255983496,-0.7976798312611457,-0.601194673557881
ZNF599,-1.0883155148055792,-0.851830423551462,-0.10108455175072707
ZNF30,0.30430878128546013,-0.061008508030354874,-0.21648504095807658
GRAMD1A,-0.306028369128569,-0.21103922383719717,-0.36206064521968534
HPN,0.18841215218238364,-0.06277308318421856,0.4208052611496527
LGI4,0.17485366239112926,-0.3993237445182167,-0.7582656776501757
FXYD1,0.6036595258822857,0.32883027423005734,0.17413236521425196
FXYD5,-1.231563186435249,-0.46348579904292464,0.4697814870972827
LSR,-0.7035948079468035,-0.44033654517623333,-0.3184962800570795
USF2,-0.48067734280284924,-0.7622294281171449,-0.7581520446471224
HAMP,0.7849051677560652,2.0197574140382137,1.2987446562087221
DMKN,0.2122634191701813,0.05220071543920205,0.24594183846159717
TMEM147-AS1,-0.7955396538321367,-0.4870585874681233,-0.8054536142291759
TMEM147,-0.5752896872027051,-0.5975061606893989,-0.3000568659175577
HAUS5,-0.505298936065941,-0.31560109008987064,-0.03285092808776109
RBM42,-0.8914894530938504,-0.8027457109616911,-0.4246178334023832
COX6B1,-0.41344408298910557,-0.419878133762225,-0.4146968535845516
KMT2B,-1.0133873739546786,-0.6670538361900783,-0.683654121751129
U2AF1L4,-1.001593212996461,-0.11359497636743049,-0.11388413068550561
PSENEN,-0.5939060152533315,-0.9990106255381049,-0.31338780818983025
LIN37,-0.7168381126994561,-0.1290301084713441,-1.0056752479464777
PROSER3,-0.6095467348734936,-1.1901244470010894,-1.2456922617900972
APLP1,-0.5975517107319313,0.4921000241777768,-0.25281950480179555
LRFN3,-0.9776485469048275,-0.5349129599969267,-1.1300342314874143
SDHAF1,-0.464436815700406,-0.8757137825333424,-1.3319673898179225
ALKBH6,-0.6111325883237165,-0.9049050790920816,-1.20210197120214
CLIP3,-0.9534659643420476,0.18623081306144584,-0.7797863897017336
THAP8,-0.5100786256708679,-0.7546177481064227,-0.5265022836740343
POLR2I,-0.2669740987779114,-0.8769297095286746,-0.4969888062219887
TBCB,-0.30238020730170234,-0.5681729643721098,-0.16830989757886167
CAPNS1,-0.7694750555435554,-0.29184352574900174,-0.5203798536336955
ZNF565,-0.28914630948991166,-0.26894914145380605,-0.8857712302081566
ZNF146,-0.4427190814444799,-0.7852223207042429,-0.44636528436427975
ENSG00000267053,-0.376568836523898,0.4213600934041785,-0.2445712682802501
LINC00665,-0.5830529219911149,-0.09198562809704208,-0.12717421525004727
ZFP14,0.09143323182824752,-0.22254571140027585,-0.17312046811193943
ZFP82,0.22685305646595205,-0.25351829888302996,0.2131365898766902
ZNF566,-0.37866649422533527,-0.46386854384812176,-0.24293633879094045
ZNF260,-0.5958352764084331,-0.28395904063453864,-0.04562517026425182
ZNF529,-0.7878778793800514,-0.3266396691002633,-0.420663912214831
ZNF529-AS1,-0.49480491220834455,-0.023465241085428797,-0.6981596793119778
ZNF382,0.06063237003337452,0.08403471103678586,0.06120309952731518
ZNF461,0.21158163506159863,-0.700337299805021,-0.04145780331991848
ZNF567-DT,-0.9926433628705844,-0.8767626106529569,-0.06738417599633093
ZNF567,0.036112691147628995,-0.3533277527973731,-0.2860256466257666
ZNF850,0.5118822566049522,0.21158243653286837,1.1489762316444327
ZNF790-AS1,0.27705057342907585,-0.05876238515040909,0.05459273366026086
ZNF790,0.13237135990653215,-0.308479992164763,-0.4367920106504641
ZNF345,0.263667202638544,0.16834567792332666,0.2940165514259263
ZNF568,-0.018318270359745977,0.08092213778804698,-0.20133997752362728
ZNF420,0.01563922335544272,-0.9193184353026069,-0.23217631349684353
ZNF585A,-0.7379080786897488,-0.1565827891708587,-0.24086284225143476
ZNF585B,0.01862968491838051,-0.9895742880000569,-0.45166097329830984
ZNF383,-0.4392306888966288,-0.030695987921362185,0.2127368820332478
ZNF875,-0.7753374198577845,-0.5385139923008779,-0.7391256225708709
ZNF527,-0.232352601353142,-0.8726988071916821,-0.5023540186964688
ZNF569,0.10829505545081719,0.027761221975467175,-0.055905957437683916
ZNF570,-0.43777491071785235,-0.027666566273147477,-0.06689363859252138
ZNF793-AS1,-1.3561878970916688,-0.698709546484281,0.10912770458796575
ZNF793,-0.5546433768448543,-0.33527854919607597,-0.23110913373022163
ZNF571-AS1,-0.02177534085270945,-0.18141152484988154,-0.5363923189702539
ZNF540,-0.06237110409536229,0.2982873318110109,0.04201629315025458
ZNF571,-0.3757458069155711,-0.09234964476180357,-0.05093888101822939
ZFP30,-0.20806293684572452,-0.24171566125802005,-0.4109173194747804
ZNF781,-0.08129587392731706,-0.2569241088902458,-0.20318115820444405
ZNF607,-0.031757269103742686,0.038987064202263624,-0.6245270756256609
ZNF573,0.12747376086229417,-0.31854229543035467,-0.6184729300641473
SIPA1L3,0.09562177846590113,-0.11573856269837887,-0.08282762052646936
DPF1,-0.3831576139547792,-0.15493737296472085,-0.3499183190503849
SPINT2,-0.5830975518115836,-0.29967586539191166,0.19562990378036807
PPP1R14A,0.4134410439699891,0.25655280119599044,0.4696321843712354
YIF1B,-1.1012504229742177,-0.5301935699935747,-0.49424091784732493
CATSPERG,-0.3243849892222066,0.007189348254442512,0.22184000963412134
PSMD8,-0.5127562749898401,-0.8262817329216111,-0.6543947882817385
FAM98C,-0.7488904741772551,-0.18224249737546222,-0.4003922399873545
RYR1,0.24873744400399642,1.1876213623669472,1.425724025129945
EIF3K,-0.28457031920205017,-0.42301979956915764,-0.6216460938765458
ACTN4,0.23509087004179813,0.3524804595721243,0.14836791966805052
ECH1,-0.7595994450594681,-0.32720104219890095,-0.5313157728419923
HNRNPL,-0.7321902988947855,-0.7797417011606953,-0.7828878743825101
RINL,0.10522268098913294,-0.3420642967099176,-0.18043851573356315
SIRT2,-0.7759335837326482,-0.9750098229240649,-0.15502443235079258
NFKBIB,-0.10869788453373282,-0.5131401426639322,-0.6772588464607879
SARS2,-1.3636476364066503,-0.8606929701794286,-1.237183605489129
MRPS12,-0.40910529420950326,-1.4905312697176285,-0.21695073486236185
FBXO17,-0.22628877869466993,0.2968951555680626,-0.06583215967827978
FBXO27,-0.38496980750326065,-0.07090308549325283,0.22952941683818293
PAK4,-0.49615402888283455,-0.3774596063799578,-0.2765474886203024
LRFN1,-0.9505058770445345,-0.763955072005377,0.17001897594002463
SAMD4B,-0.6490850477842578,-0.5097161178734133,-0.8087803466482875
PAF1,-0.8608219772905734,-0.20252032296869163,-0.6105929779095689
MED29,-1.090191276721498,-0.6584760894981088,-0.5275804954956697
ZFP36,0.18619740846012442,-0.26664803370326595,0.11855366731000316
PLEKHG2,-0.82560610554955,-0.2328525157308832,-0.3924164768290552
RPS16,-0.22146361349757268,-0.08429038307668967,-0.0828211586872776
SUPT5H,-0.9694446304754187,-0.939307725319388,-0.4763977614152494
TIMM50,-0.5974458231785817,-0.46850184743239603,-0.3898582053965143
DLL3,-0.23590817637925807,-0.5622755494793203,-0.30687504306535013
EID2B,-0.24383934174167976,-0.22380220716949498,-0.24323428213246248
EID2,-0.42658468137745587,-0.3729731876824722,-0.7420206511586436
DYRK1B,-0.5504588350665004,-0.6122951306703756,-0.20710104228935225
FBL,-0.33860524367372946,0.0035076796405064167,-0.1524548481467143
PSMC4,-0.40252660335887563,-0.8634150734551724,-0.20046729851997824
ZNF546,0.05713827898900087,0.007122041351159623,-0.4115385285339101
ZNF780B,-0.09453502689859757,-0.3119855806273968,-0.4321295632851694
ZNF780A,-0.18725641826198827,-0.27234931403165424,-0.6497898844556147
MAP3K10,-0.20078281354560087,-0.43549613715929075,-0.09797339602437208
AKT2,-1.141230843927886,-0.6690621592502239,-0.5380608239598885
C19orf47,-1.0708888323033747,-0.04694351510476128,-0.690259172285611
PLD3,-0.675425331504048,-0.4084398590283271,-0.41880473281482017
SERTAD1,-0.09111185100245227,-0.3644225068081823,-0.0932360405215533
SERTAD3,-1.0527716919831427,-0.8893225900527995,-0.326941469094674
BLVRB,0.02017383066259631,-0.45270507963498124,-0.38180055994924444
SHKBP1,-0.8316277501214309,-0.7987146976003531,-1.0625890919817458
LTBP4,-0.25504877029510803,-0.07758227261169634,-0.4991203539528187
NUMBL,-0.07447795559732388,-0.48019026358350914,-1.0419932246409154
COQ8B,-1.032017129821046,-0.24790906835735885,-0.3831948230927687
ITPKC,-0.582422440688088,-0.2843797133251229,-0.6749679489061898
ACTMAP,-0.4648689117122871,-0.1627824446765516,-0.5876245142973175
SNRPA,-0.5112112931248198,-0.4656243343258595,-0.3685074283010934
RAB4B,-0.20393770163202513,-0.09738688613077785,-0.6257357904635193
EGLN2,-0.37740426916326436,-0.18486023032688337,-0.486987950980204
AXL,0.03346171369551945,-0.27816555483519423,0.0045924864249683875
HNRNPUL1,-1.0353206235925043,-0.49472939544808975,-0.4575516102634793
TGFB1,-0.146016139978034,-0.0702943447865607,-0.4416687060015009
CCDC97,-0.578126009194488,-0.8878353789839366,0.005704307563210137
TMEM91,-0.4617708283122645,-1.0554666874239231,-0.4590848485523509
B9D2,-0.38588153346787385,-0.596232633137074,-1.1403056558129272
EXOSC5,-0.6871656107124906,-0.38205883971501464,0.030044917112661468
BCKDHA,-0.8584133275999761,-0.5591891870211646,-0.48227889625691484
DMAC2,-0.7841541421005545,-0.7998497452342193,-0.7567065211010728
RPS19,-0.00462909569228388,0.16673187843529833,0.15521992884381855
ARHGEF1,-0.852915564749985,-1.2868795959950248,-0.14438012610505527
RABAC1,-0.3122421351585843,-0.6299703355512599,-0.5380052040055538
ATP1A3,0.6096003269050811,0.33653033675879834,0.7854838928284379
GRIK5,0.07700657218828501,-0.26208522823905156,0.06154251923083006
ZNF574,-0.6247284239848306,-0.6832966569923684,-0.6920837260103526
DEDD2,-0.3970034500752852,-0.7714831525185062,-0.488253564438331
ZNF526,-0.40509684215802017,-0.9527792400480841,-0.8384304047318594
GSK3A,-0.5150357242867045,-0.534540350855746,-0.21352975297774185
ERF,-1.1982406277658413,-0.9036395278292702,-0.2891120431090606
CIC,-0.5745180332982542,-0.49876085333614034,-0.4889116303944157
PAFAH1B3,-0.4794835330308658,-0.2895211115908438,-0.8026737966594979
MEGF8,-1.0543984337003174,0.011351816842491797,-0.8355060081617189
LIPE-AS1,0.5290783527526592,0.6607046833451022,0.5501393791193151
PHLDB3,-0.2335717304810033,-0.28203804689384165,-0.6061610576726332
ETHE1,-0.5794407318658692,-0.6179286068655118,-0.333524556410552
XRCC1,-0.6567582233576096,-0.006209572467685789,-1.1288732005039535
PINLYP,-0.2751921154426285,-0.16685624641996807,-0.6166317906592695
IRGQ,-0.5982249469035601,-1.0252184460497666,-0.6673364590225539
ZNF576,-0.2968757257557754,-1.018939306863924,-0.31408641328944137
ZNF428,-0.7528392930801928,-0.4909738696939811,-0.8496572649157663
CADM4,-0.358239378344674,-0.2621729129493922,-0.6694435904171776
SMG9,-0.46312050572905145,-0.3765251267870156,0.12033850304874952
ZNF404,-0.8606616360954007,-1.3157517116055537,-0.8095292049067879
ZNF45,-0.7282409084123742,0.02800987771963291,-0.3971589628498257
ZNF221,-1.3071158691122022,-0.4940839578406795,-0.5757823030373999
ZNF155,-0.18990644109557667,-0.09397216440737216,0.03120224056780436
ZNF222,-0.2026292283113556,0.2489404749450585,-0.7114668735210152
ZNF223,-0.786745194410674,0.3218166582721373,-0.45892131513892315
ZNF284,-0.25229553467565674,-0.7188530549583271,-0.3537332471047882
ZNF224,-0.49256418871991775,-0.5452448258625218,-0.8556499563108346
ZNF225,-0.12479436515267034,-0.43308765620272993,-0.2682931249694782
ZNF234,-0.6233024919845818,-0.560577236195016,-0.518996665103849
ZNF226,-0.44017434650296033,-0.5353060052469729,-0.8973421979129448
ZNF227,-0.7681906916257013,-0.7346075297970422,-0.34981667285605406
ZNF235,0.5572280534659058,0.5896529331674287,0.47927444740775726
ZNF233,-0.47099608642456303,-0.015712994946362382,0.0269753967105295
ZNF112,-0.25951470933115317,-0.11553145933700654,-0.05644105107640131
ZNF285,-0.7525761529380866,-0.36100959583925624,-0.2846442808504434
ZNF180,-0.3502597178172095,-0.426862774617625,-0.6418226428629872
CEACAM16-AS1,-0.7273665555531785,-0.19670577814913418,-0.7215586792870212
PVR,0.4142726351426909,-0.3820775781694934,-0.20039528549347815
CEACAM19,-0.9716487555572861,-0.43503052515876556,-0.575348971309179
BCAM,-0.6765565651938807,-0.46420111505993944,-0.06260542298613461
NECTIN2,0.07979175012065558,-0.05210278868975134,-0.143262579964535
TOMM40,-0.15034252511582835,-0.6169052279658906,-0.2100239149928527
APOE,1.6103401094890408,1.2780770353252038,1.9182406494060054
APOC1,0.03698280321782466,-0.3413955031287835,1.8441351695827493
CLPTM1,-0.4426351784827922,-0.8805214299953726,-0.5418850322045685
CLASRP,-0.4842088828133733,-0.42078658535678676,-0.2857849056691215
GEMIN7-AS1,0.22632437170026518,0.3963275016476154,-0.3927733476297455
GEMIN7,-0.9051402377432537,-0.5407347747104296,-1.2444135464085306
MARK4,-0.46722731661645867,-0.2667264730780871,-0.12766972448895691
PPP1R37,-0.6706832844900353,-0.45447214305022154,-0.5893780422186091
TRAPPC6A,-0.5304154257589958,-0.6363527762610133,-0.39423547473547776
CKM,1.465248361122459,1.719542933529162,1.1549274958960858
ERCC2,-0.4436467711148921,-0.8979919465880144,-0.686799213455899
PPP1R13L,-0.6772880138551577,-0.23809372478765306,-0.3651676909317168
POLR1G,0.06048384487648305,0.45166760235456843,-0.06492877670537214
ERCC1,-0.6041738842978148,-1.0245129407990383,-0.46312598133788185
FOSB,0.7468758748741458,1.6893402117540148,0.8463842236492526
RTN2,-0.20250580761204162,-0.3653174654870099,-0.3458674157070191
VASP,-0.0733536979948966,-0.3907481000811934,-0.16944016984760424
OPA3,-0.5322089147856595,-0.2359229451416382,-0.9080718859347563
EML2,0.03068315359444183,-0.013633033892151796,-0.3318717366706103
GIPR,-0.32908337285512695,-0.15758324217145162,-0.42618700068581455
SNRPD2,-0.38986458810365926,-0.5078058822765925,-0.257352309713113
QPCTL,-0.2984584206445539,-0.3355823885980272,-0.5212853722492988
FBXO46,-0.5148172938557707,-0.9182379624939614,-1.0335618004498173
SIX5,-0.38915114428363395,-0.7288937482507833,-1.247910318714382
ENSG00000259605,-0.35483198769300733,-0.4273919871142766,-0.5549528007657473
DMPK,-0.6423294160919184,-0.13245268011051436,-0.33620022186145343
DMWD,-1.015715349041404,-0.6868569009716659,-0.6574653882621391
SYMPK,-1.4523573576341064,-0.6383168831003303,-0.8725309297989483
IRF2BP1,-0.5529882803522242,-1.6323767295377678,-0.8677907947283039
MYPOP,-0.928486616912739,-1.035531790320011,-0.5165342009770981
HIF3A,-0.25202072721958046,0.21621238327565706,-0.2901335987243599
PPP5C,-0.6377146040232412,-0.5894147048522846,-0.6522591602050021
CCDC8,-0.47921616143414886,-0.6667606012152838,-0.5601833619414373
PNMA8A,-0.6239719233401998,-0.3532142115910765,-0.08097732272990393
PPP5D1P,0.5796464025746104,0.20617387114157273,0.2763187717982624
CALM3,-0.05671505785604937,-0.17351540502294688,-0.2796750228509702
GNG8,-0.9161884835130963,-0.6633022165516386,0.5992680291683499
DACT3,-0.7082701187895211,-0.5572942583120195,-0.1288409136895155
DACT3-AS1,0.11061447157127083,0.23158038691795113,-0.16252935189357137
PRKD2,-0.33560316962750747,-0.8172940703025517,-0.20159944240890582
STRN4,-0.6870866482425733,-1.3618327562116619,-0.22621496626359777
FKRP,-0.22934774613091594,-0.8721351827998376,-0.6537327735965376
SLC1A5,-0.1568456805856009,0.29704724124814064,-0.06511428139419101
AP2S1,-0.44854892413933817,-0.5357190015573999,-0.7893629665384198
ARHGAP35,-0.5282623405499471,-0.38774722237338466,-0.4608464558766841
NPAS1,-0.603806702473566,-0.7516285294145355,-0.4082706495550745
TMEM160,-0.6241245158355612,-1.0700839485957445,-0.15683729890549356
ZC3H4,-0.02365628411452646,-0.5950155942981716,-0.25358038954485096
SAE1,-0.06059442341783244,0.09049805830969862,-0.21525385605976413
BBC3,0.3706412153790168,-0.1933601715583926,0.17115303246289676
CCDC9,-0.3688299977557712,0.04651202259794462,-0.5879517295900564
DHX34,-0.005865164785092291,-0.5735438087978615,0.017042004205137577
ENSG00000288827,-0.04177144150930094,-0.39468947075426547,-0.07838458154447994
MEIS3,-0.36519919404073414,-0.16652075588521603,0.009415668238848094
KPTN,-0.41511006890658203,-0.3877453742856929,-1.482331112506909
NAPA-AS1,-0.04150926478088485,-0.8437388108731341,-0.9693764173336881
NAPA,-0.641539402239026,-0.662599261758963,-0.5408773036770141
BICRA,-0.8138030272920211,-0.9502906378571048,-0.6479871804670482
NOP53,-0.5305869223244174,-0.14575376850035576,-0.3293126965065163
SELENOW,-0.4915655909883547,-0.34451747322815146,-0.3247283826540404
SULT2A1,-0.6448791803115305,-0.6902558710167845,-0.3105784187580092
PLA2G4C,0.2191888931075034,-0.3682487607658409,-0.29307681951671677
LIG1,1.068196231888745,0.9894095889978729,0.689349924493559
ZSWIM9,-0.8043379675254378,-0.6608640878961687,-0.2678429092248323
CARD8,0.23470095697569698,-0.7303430018367862,-0.3785800989798673
ZNF114,-0.30215914855408244,0.3053500343006342,0.2798885142992837
EMP3,0.35301767665010425,0.12597598153354284,0.8126413755338255
TMEM143,-0.7946554651110773,-0.23802623396683134,0.12574141711198558
KDELR1,-0.16477759320589414,-0.3949242170491126,-0.42215565212985595
GRWD1,-0.34074284812993477,-0.2249415553046213,-0.950214092102069
CYTH2,-1.5057276407393267,-0.482825446767027,-0.12212569658617417
RPL18,-0.2949450188141008,-0.004367623350658481,-0.04869924054460379
SPHK2,-0.7908271457064053,-0.5988069428984701,-0.08834830119559453
DBP,-0.717103717490236,-0.7501673655003067,-0.41924985196366304
CA11,0.11341163987799169,-0.6828710469610684,-0.1883743355848431
MAMSTR,-1.204843001818091,-1.3179606263153332,-0.5426324678909501
BCAT2,-1.1701409650480414,-0.8466451086356983,-0.675981050629403
HSD17B14,-0.5840106763091697,-0.4282171431906541,0.042730612082120624
PLEKHA4,0.5492627109135205,-0.18472867376791058,-0.286948899172522
PPP1R15A,0.26540262483122484,0.03465098394242722,0.2274372922390171
NUCB1,-0.6408183765082996,-0.40327227523627585,-0.6762184216879704
BAX,0.6357574811869888,0.39185656431225624,0.4238316237160297
FTL,0.3122720370063554,1.0080825990882651,0.8692906035248099
GYS1,-0.017584288402915114,-0.25741340500697873,-0.20175152397824198
RUVBL2,-0.6032802955034562,-0.613955800096143,-0.6429305945124569
NTF4,-0.2580899348938601,-0.2602803973106234,-0.41125129617529416
SNRNP70,-1.053463393033642,-0.9135527918297086,-0.7419725967165931
LIN7B,0.006315441748160596,-0.5455806304908853,-1.0160039924846238
PPFIA3,-0.3026698483014237,-0.16855393924017642,-0.4569417550634362
HRC,-0.09817931498471921,-0.15905850085953332,-0.12352426786504371
TRPM4,-0.8846691622494127,-0.3670474966649379,-0.30676754163274816
SLC6A16,0.16257618103763602,-0.0895544309586,0.09695899563818601
TEAD2,-0.39953012991920295,-0.534326898794408,-0.6781170827534523
DKKL1,-0.5905866190768982,-0.30547876328160223,-0.11784806524531183
PIH1D1,-0.030171602422594705,-0.9223843669542121,-0.6522739134342216
ALDH16A1,-0.2701013218891469,-1.2698726925645936,-0.14559555124170126
RPL13A,-0.29915957376048397,-0.08169194732559863,-0.09411618789321177
RPS11,-0.24109926708926283,-0.06622445201892907,-0.21745159412179055
FCGRT,-0.708758227913556,-1.097325702453304,-0.13375555577554715
NOSIP,-0.9249640975134312,-0.9163001173065766,-1.1357569044932703
PRR12,-0.22100426744954763,-0.4585889569650163,-1.2272218377735733
RRAS,-0.21651694224397744,-0.1725952038095251,-0.10291438955275471
SCAF1,-0.8874936840964162,-1.8505098617431166,0.03394475341005777
IRF3,-0.22421088123209998,-0.41956211326050047,-0.18551091694951083
BCL2L12,-0.15048946545170594,-0.45920102041185723,-0.8198475258252529
PRMT1,-0.46443908953039786,-0.6439771720715086,-0.46120090622900983
CPT1C,-0.2428254908736491,-0.11793989469155981,0.2509927982624305
AP2A1,-0.3095674513534945,-0.8068110972883318,-0.9826366821596153
FUZ,-0.14607804204838354,-0.14309140257888586,0.06358610569608211
MED25,-0.32261595753637445,-0.5068003626501892,-0.6610152912765699
PTOV1-AS1,0.8692165644057326,-0.29650710095385335,-0.5219948152947717
PTOV1,-0.7280516352764508,-0.869841405933812,-0.61228487616442
PNKP,-0.578579219283622,-0.5803762793613957,-0.41300928382142044
AKT1S1,-0.400160103791329,-1.0571651475582513,-0.6898652746265341
TBC1D17,-0.22909507325085346,-0.40834324360251983,-0.901300863537216
NUP62,0.23028156200679822,-0.35271183730092653,-0.28587759960339915
ATF5,0.020392574173278964,1.109111483879996,2.1042605148383053
VRK3,-0.09618321201663,-0.5454511480066522,-0.6241308031883114
ZNF473,-0.9274476314518906,-0.68162498220741,-0.967778726031586
KCNC3,-0.31018271891048593,-0.6213684096755614,-0.3300859101162174
NR1H2,-1.1256399972414322,-0.38706335291277577,-0.6166229453118249
POLD1,0.26636958242940173,-0.46792014306808827,0.22744432182320645
GARIN5A,-0.3194967716757837,-1.0205604033126043,-0.5831994104843544
EMC10,0.38537198337055395,0.26185568397063014,0.3077964857332702
ENSG00000268518,-0.027581003110874757,0.15730673392964797,-0.05594974093174267
ENSG00000289950,0.9713051204468108,0.40519922655955304,0.8444739103331321
JOSD2,-0.450599510989683,-0.6432068692564421,-0.4536650151542539
LRRC4B,0.10027850479808727,0.05355277358853526,-0.0137524302117384
C19orf81,-0.1951126102905327,-0.5930514409381474,-0.9862252984428856
CLEC11A,-0.3711781196647692,-0.510393570068441,-0.30647537824424725
CTU1,-0.5917200144503276,-0.33416661853614826,-0.5920293961098153
VSIG10L,-0.2817939142113879,-0.37594641882719065,-0.5801034638280208
ETFB,-0.2993804656681505,-0.31586393608723284,-0.2313266736499244
ZNF175,-0.6816064830166048,0.06935933229014417,-0.5120681210910333
SPACA6,-0.7223676370132779,-0.33034930057154105,0.02719031775793117
ZNF577,0.10493527097202109,-0.11493470982840394,0.12961938622583694
ZNF649,-1.258617046093299,-0.11183037656128643,-0.2727238041045012
ZNF613,-0.6759810423490152,-0.19305143811038403,-0.4310528088709979
ZNF350-AS1,-0.39667064300526894,0.09491141740871357,-0.5699719643926217
ZNF350,-0.7308366967995781,-0.1530843366454456,0.03548911902462843
ZNF615,0.15765755710052076,-0.4551577430072307,-0.019486629887911267
ZNF614,-0.6443231570708363,-0.25503143561242686,-0.007492677542170908
ZNF432,0.037753761312121166,-0.7644861626990931,-0.6713942297154923
ZNF841,-0.4237897092737875,-0.6980172911595837,-0.5600700859925212
ZNF616,-0.8381005019195591,-0.33544765318008984,-0.4088580988747275
ZNF836,-0.059177477946143114,-0.5605720515772213,-0.7073479872942556
PPP2R1A,-1.0392831306745371,-0.8360349116315079,-0.9139503263869386
ZNF766,-0.38384695779494393,-0.41149646055634287,-0.018558624027921453
ZNF480,-0.3490235266161647,-0.1396423423717969,0.03285749921158048
ZNF610,-0.03336349191804904,-0.4020298253650232,-0.08225863389626294
ZNF880,-0.6356935503207488,-0.17844922361440038,-0.7436199939607064
ZNF528,-0.6030608922527952,-0.439577824070593,0.0255366137673044
ZNF808,-0.30324994989024395,-0.23558520039769348,-0.5527293201604415
ZNF701,-0.19323394580541725,-0.3851010437873547,-0.17884581887579637
ZNF83,0.6360275074218862,0.7644658303014538,0.427479520246159
ENSG00000290073,0.03703399898508061,0.1197393396639121,0.24054281639798347
ENSG00000269825,-0.10285280110018392,0.2929145066965119,-0.5443650673341871
ZNF611,1.3106316559022737,0.7714249616719754,0.5961360078431177
ZNF600,0.170632603513802,0.2942678165050659,0.1814013681272755
ZNF28,-0.3463522954468025,-0.30145446956347755,-0.6696600474267632
ZNF468,0.06827998232509108,0.30574818010495625,0.9560442761311911
ZNF320,-0.9243797545247432,0.09069126798522117,-0.2562758163944672
ZNF888,-0.06463267187969274,-0.7152335110001786,-0.000581995839045452
ZNF816,-0.5675167227282608,-0.5283920845235492,-0.2207412334362467
ZNF160,-0.2744050573259713,-0.381745836455206,-0.3837544920993388
ZNF415,-0.24721121096517967,-0.27680708872643933,-0.917510542272833
ZNF347,0.11651460597394339,-0.08150587255356716,0.04563502122802626
ZNF665,-0.19423301692729217,-0.29506237536041624,-0.21635988833212855
ENSG00000291131,-0.5484301502718161,-0.2613241341270474,-0.10523025574623192
ZNF845,-0.3563008544603967,-0.46979446964954613,0.05521544572488314
ZNF525,-0.30975237864313593,-0.4183313447528576,0.009362336024040074
ZNF765,-0.07110066420218787,-0.36489805386155183,-0.7076800445345661
ZNF761,0.501924884540589,0.46496917444094527,0.6559261231506177
ZNF813,0.3052467335564764,0.043074908333704004,0.2871980043214358
ZNF331,0.6216444234814736,0.5263937772440529,0.0069169179544168865
MYADM-AS1,-0.44520061723347487,-0.1263035679481561,-0.4091874042849107
MYADM,0.06886304056753548,0.04620990357692993,-0.19040560996278794
CACNG8,0.6388706088558394,0.156483560526727,0.3586929975179665
CACNG6,-0.6536368023208398,-0.38787830150945984,-0.12035951242888389
NDUFA3,-0.5385352088352952,-0.36810161686259946,-0.19091301853116957
TFPT,-1.4349955110670543,-0.752524191214988,-0.4221360916248465
PRPF31,-0.6505228176203238,-0.5507405748629104,-0.8520255701739821
CNOT3,-1.2297152431029197,-0.4485586000103333,-0.5279129212613575
LENG1,-1.0710674306979762,-0.8413199845502106,-0.7675881787955952
MBOAT7,-0.8726503175326847,-0.31665914412716484,-0.8641614391544402
TSEN34,-1.0501443818830438,-0.6479161591708404,-0.5031539076467908
RPS9,-0.33641513258098493,-0.16969939642844875,-0.20861938790447887
LENG8-AS1,-0.6062879659091537,-1.6183670129335752,-1.1094406580932628
LENG8,-0.46982478005160294,-0.48947592705263787,-0.6070870727140553
CDC42EP5,0.5803269084881534,0.5410816016461553,0.061324774835217255
RDH13,-0.08576934812660045,-0.3983529960949781,-0.24160919243731982
PPP1R12C,-0.6213872318882211,-0.8987681842294393,-0.5264877621606309
TNNT1,1.8866153046978518,-0.026726415489271526,1.1402305368651753
TNNI3,2.1960232526602432,2.4894313446301553,1.5231698306759824
PPP6R1,-0.2542232795758359,-0.3666018476358488,-0.5394209633616107
HSPBP1,-0.5108595239515381,-1.2143359671992933,-0.31838288074122906
BRSK1,-0.27710828001207943,-0.42754509558669435,0.06068616296331433
KMT5C,-0.37107724706589457,-0.7177419415915907,-0.4715641337660798
RPL28,-0.0933292789659568,-0.07907109532565387,0.15175242692795796
UBE2S,2.33369878504174,1.5539566037818915,1.672666716979652
ISOC2,-0.03762813679113462,0.018970376800609666,-0.6444178798639442
NAT14,-0.6866193826749231,-0.8886892922621215,-0.49325544636045043
ZNF579,-1.0206486109333355,-0.8080775258143333,-1.5509378789223653
FIZ1,-0.2818732550918916,-0.3696845520208499,-0.54612005835601
ZNF524,-0.435821909944,-0.9852766914914284,-0.30606726320110056
ZNF865,-0.20373661495105472,-1.3521606437062346,-1.169083745155337
ZNF580,-0.9950711868658892,-0.6772942656514295,-0.900006367523293
ZNF581,-0.4730207440101673,-0.39566404982789294,0.08713537593068917
CCDC106,-0.6329179816625655,0.0008614862409785431,-0.9838213740394899
U2AF2,-1.0538022837489507,-0.3906378211148543,-0.7304157995009923
EPN1,-0.2980702861661299,-0.9937058031239836,-1.1555686234854718
ZNF787,-2.671839877376108,-0.9490260749707637,-0.6165975520769463
ZNF444,-0.7967376383545712,-0.5162078276628321,-1.970999554457169
ZSCAN5A,0.4388341750450202,0.30400032125774595,0.319938450016064
ZNF542P,-0.18813544616802244,-0.029567254143756837,-0.8691182585218087
ZNF582,-0.16272717415262145,-0.19174031874619496,-0.15893039733679623
ZNF583,-0.09282318526292245,-0.3847335590795247,-0.49226554489305485
ZFP28,-0.12099770960902842,-1.2557678373479781,-0.459271727313645
ZNF470-DT,0.5224331434610896,0.5565813472900877,0.3596201326945341
ZNF470,-0.005637565702944215,-0.11243917731342282,-0.12079646260395194
ZNF71,-0.5654911926464231,-0.3712176783396188,-0.2682621233107092
ZNF264,-0.3667967920073388,-0.8044527595705234,-1.186470167409798
ZNF805,-0.029494218292502043,-0.9049454750252757,-0.34649836417571217
ZNF460-AS1,-1.1925017692662152,-0.9414297585532126,-0.21879478857080412
ZNF460,-0.6259326008365528,-0.5461575679372253,-0.39874228295177616
ENSG00000288899,-0.7380673867775016,-0.4111956593757818,-1.3012896487997843
ENSG00000268205,-0.10437002639116241,-0.5804556147900968,-0.5413310384736505
ZNF543,-0.9085407707281803,-0.46983611558905736,-0.0015688215732936636
ZNF304,-0.08116958044642782,-0.6949052782849314,-0.7409023211008581
ZNF547,-1.1965866272617198,-0.3256936511498872,-0.48185475228392965
TRAPPC2B,-0.9518280805685535,-1.0218504419967047,-0.5239453868317483
ZNF548,-0.5763469462903964,-0.7238927980893948,-0.4027620433065912
ZNF17,-0.28594332555212887,-0.41667141056971596,-0.5570445644078319
ZNF749,-0.7275491056550223,-0.7369925567989739,-0.39507145145386596
ZNF772,-0.48454885608154546,-0.939728395288828,-0.6010781974213552
ZNF419,-1.0988713131079209,-0.9172772320556142,0.11030931460240011
ZNF773,-0.5277181428302846,0.23606515604493336,-0.5096343943039231
ZNF549,-0.4050302333808915,-0.40803860050982976,-0.582862722451857
ZNF550,-0.3446437765075636,-0.48411410259669907,0.12348739464939135
ZNF416,0.2706389910342786,-0.39289862394446834,-0.17922275119557798
ZIK1,-0.6302796644302547,-0.4296688373737893,-0.7015476833681156
ZNF530,-0.1731857552674292,-0.5697180819130948,-0.13643908922128745
ZNF134,-0.37148694604035976,-0.6168696704577528,-0.4190295213646103
ZNF211,-0.8474977619007404,-0.5873625988400768,-0.6552742253669165
ZNF551,-0.16817214402149722,-0.16011676070210967,-0.27347207473595253
ZNF154,0.05787362747077999,-0.08359993313048615,-0.36459561518227795
ZNF776,-0.7592838483909254,-0.5126373371451187,-0.7788260829858444
ZNF586,-0.38779990531270425,-0.3356935427599161,-0.49773296123400707
ZNF552,-0.4726364482375694,-0.24590381259811872,-0.674216516375708
ZNF587B,-0.11357855892792663,-0.3311132018283977,-0.281202140700529
ZNF814,-0.0043210230378924646,0.21222526097595207,0.054325649152502785
ZNF587,-0.2875496121046446,-0.4938111763597385,-0.45236558288124235
ZNF417,-0.28937095716776545,-0.28756732930126455,-0.2740751262494783
ZNF418,0.07840217238738482,-0.3474776700508499,-0.31057399998596585
ZNF256,-0.3097948004515984,-0.027435525312441228,-0.66870509595541
C19orf18,0.0408909207435074,0.22142767111254363,0.12784792112815788
ZNF606,-0.830252898707741,-0.7188020556610724,-0.33712989649773917
ENSG00000176593,-0.19458946897956864,-0.29421631883870697,-0.09729733013732306
ZNF135,-0.12347809700765205,-0.17091975052710848,0.017577131321441928
ZSCAN18,-0.7085649580768063,-1.2329973671634704,-0.8207227724857519
ZNF329,-0.41873053254999354,-0.9290319652499263,-0.28855404303397597
ZNF274,0.05110164148199205,-0.11989791950916029,-0.12577832541605002
ZNF544,-0.35038014672945295,-0.3599914678709233,-0.5313934934834955
ZNF8-DT,-0.6356992652452149,-0.5030771651913319,-0.9161390434299933
ZNF8,-0.8754508073647713,-0.5499841445053627,-0.7528134337222454
ERVK3-1,-0.3070214898796451,-0.2525204028781403,-0.996097894143336
ENSG00000283103,-0.2618341738638393,-0.48213184982174445,-0.8917451068657166
A1BG,-0.5365052073768837,-0.5807427153406834,-0.15879368099429672
A1BG-AS1,-0.5395481989813398,-0.6654170005110807,-0.5751940556228625
ZNF497,-0.6555599410033821,-0.6381250874985653,-1.2523304268376023
ZNF497-AS1,-1.2905234057222579,-0.29531663626467974,-0.27598188848200417
RPS5,0.012780079539112357,-0.040428786992873014,0.13550128718191698
ZNF584,-0.8636750611399507,-0.37635666618073316,-0.682587807677958
ZNF324,-1.0247898505967612,-0.5732768242817237,-1.0809771536501742
ZNF446,-0.8089520701617161,-0.4232791257045499,-0.29700701504843957
SLC27A5,-0.6107431904889288,-0.9958782637832436,-0.16313215749687512
ZBTB45,0.20304492444252634,-1.0643897751859193,-0.4287090495792257
TRIM28,-0.8505539854241135,-0.40859778769429417,-0.7734135886569149
CHMP2A,-0.5314352057319418,-0.5053622526654777,-0.564750308378656
UBE2M,-0.6283099634394597,-0.8027252606198587,-0.47322810477065147
MZF1-AS1,-0.6392155851382988,-0.38662987477405153,-0.2557111385418373
MZF1,-0.7067824973952881,-0.9229811091375453,-0.6120274588265389
C20orf96,-0.6606234306557647,-0.16441053317911886,-0.3448420137172192
ZCCHC3,-0.6274948353376962,-0.7210249238204298,-0.5020624149190027
NRSN2-AS1,-0.07042381758367706,0.1285373651754433,-0.2896977401732564
SOX12,-1.2158447628055278,-0.4958153756442059,-0.7764508510811226
NRSN2,-0.7462986248395609,0.03431414104750978,-0.2538310684133691
RBCK1,-0.6501435844028159,-0.41818227684144205,-0.6350514999366581
TBC1D20,-0.36756519254079834,-0.2561781893134558,-1.1135547782780009
CSNK2A1,-0.8977581230589919,-0.1158184801632522,-1.2914642884528966
SRXN1,0.6586604491517782,-0.1773764170884214,0.16479945087573347
FAM110A,0.09181545098505944,-0.8600922575925836,-0.3116475559524617
RSPO4,0.37195011047599635,0.6880646385091751,0.6836946430466959
ENSG00000286787,0.9997076523024794,0.535740915706274,0.30173617131347186
PSMF1,-0.7265269376187895,0.026473421981457045,-0.41078572352713744
SDCBP2-AS1,-0.31496632267536745,0.35128927191577125,-0.08753344505055333
FKBP1A,-0.7605823559027307,-0.3619266626254855,-0.3437755945011815
NSFL1C,-0.5411960539140956,-0.4334803416305988,-0.35423845516222485
ENSG00000276649,-0.18612178826279904,-0.11513583626890171,-0.002737445220766687
SIRPA,-0.09967268886351378,0.26181818388444006,0.13827367921392048
PDYN-AS1,0.4760692865162924,-0.4625952411280636,1.0110150759045702
STK35,0.178798896776641,0.004826566422664755,0.04426944305927453
SNRPB,0.6376182751407633,0.3138808357201057,0.2938990721043382
ZNF343,-0.018496271946382585,0.1636073007968157,-0.2024017865213068
NOP56,-0.023406391568471477,0.07916552221516328,-0.33696121474938323
IDH3B,-0.7542872113568286,-0.021604227395840787,-0.9153553269602206
EBF4,0.025364627733779344,0.2368413320205924,-0.036734858676233315
CPXM1,-0.8143044453758819,-0.16421872071034121,-0.26043708019510353
PCED1A,-0.37710482578350485,-0.32838781783084414,-0.5117950715362376
VPS16,-0.3937548899529766,-0.14797959951808798,-0.6504001971814546
PTPRA,-1.0567451156684307,-0.32532712658940716,-0.5975270715634692
MRPS26,-0.3633552990071465,0.10195784581015133,-0.32295789258824215
UBOX5,-0.10657272652066037,-0.4815872839859878,-0.26346609297199924
FASTKD5,-0.6949439486508595,-0.3868508616776403,-0.3650982936491509
DDRGK1,-0.6033779588828843,-0.40149244010905255,-0.478929681368605
ITPA,-0.06863164826407694,-0.07671419379861538,-1.6140492886647628
DNAAF9,0.21023202374252387,0.27028952246293875,0.3010886406332496
ATRN,0.03813788557540228,-0.06862844150133895,0.16660342876193465
ADISSP,0.08350684035173118,-0.19865265759415968,-0.22061110211635443
CENPB,-0.3806855705705096,-0.48655671962020713,-0.45124223247403
CDC25B,0.4483577567332695,0.5572522873497654,0.01570731400218867
AP5S1,-0.6556884232586029,-0.12718417040031946,-0.5912417803600042
MAVS,-0.3399184670698858,-0.7278005495694231,-0.21554915879102413
PANK2-AS1,-0.3640265602530981,0.13685722629482205,-0.3887768597538752
PANK2,-0.2323525360590466,-0.3783333378805444,-0.7938523055143243
RNF24,0.4718021540309891,0.7131157362712592,0.4498247093159797
SMOX,-0.7249937545769214,-0.525212155580661,-0.12689824081233783
PRNP,0.003731609651495652,0.053832614786966194,-0.444302406384299
SLC23A2,0.26566732717482466,0.5873059890727567,-0.27522119899725445
TMEM230,-0.602935720624572,-0.13193242303632496,-1.5924370654795617
PCNA,1.5378993042579268,0.936197982130075,1.7371934321235472
CDS2,-0.22505116597062982,0.05129849404191596,-0.14029746465342896
GPCPD1,-0.13475409637023364,0.054864713122839144,-0.3455020930391477
SHLD1,0.09336044137603149,0.5274546960995217,0.10466689158955227
TRMT6,0.08154406325820317,-0.22239755931173383,-0.06714942723234431
MCM8,0.6057604221894692,0.3493088878010476,0.6366369109223057
CRLS1,-0.10427402229806766,0.07606329428552881,-0.6078924097889917
LRRN4,0.28827834242890304,0.9828249341972217,0.650783109562802
FERMT1,0.12241240967609099,0.4870244317842633,0.18475694012886024
BMP2,2.492603989352027,1.9172762791472806,2.1759569917923436
TMX4,-0.49651550614219175,0.04967417608466819,0.001650889221515711
PLCB1,2.410011228414298,2.281225817072979,1.897873034265018
PLCB4,0.38164516940062754,0.9195855633057127,0.50132767095144
ANKEF1,-0.22589418618998994,-0.05244309182979381,-0.4084913447146228
SNAP25-AS1,-0.2730912349607805,0.1436506060399515,0.3339381241843426
SNAP25,1.3177099834488857,1.4108076035145665,0.8457334847549944
MKKS,-0.6692813958702503,-1.2373634517722572,-0.25798566866228617
SLX4IP,0.07601008811417037,0.268672955198074,0.13242550673114195
JAG1,1.4368967085282343,0.8720701197159927,0.9362804698053465
ENSG00000270792,2.0295621247160547,1.8882484512207185,1.0354904260680335
BTBD3,-0.31283215089636235,-0.305863328909016,-0.196830400534246
SPTLC3,1.1991628246960886,2.003506873575027,1.4885442433596339
TASP1,0.17807110706843324,0.3892933520399424,0.04274801830385752
ESF1,-0.7021125684133622,0.18748402751656806,-0.08135494404024261
NDUFAF5,-0.2261806680387792,-0.22812297654200372,-0.13096730207630716
MACROD2,0.909052493461555,1.1244412817624472,0.9213204393348455
FLRT3,1.075925407468283,0.8718551467380529,1.2061627741539098
KIF16B,0.054895536073672715,0.030349220403049677,0.045142231259461534
SNRPB2,-0.6759027718591354,-0.00655729891152747,-0.7131532018298685
BFSP1,-0.49689250526066425,-0.48178909541224973,-0.568598608448287
DSTN,-0.3836175012291285,0.2531212363483241,-0.44627070935712604
RRBP1,0.73425224736879,0.31195736684249203,0.35204554210192646
SNX5,-0.47407175075978725,0.07256012089536776,-0.23286587579180557
MGME1,0.2043265054151248,0.3133118276211171,0.05389331947107581
KAT14,-0.21563650275805554,-0.14699889349398984,-0.5350369466933423
PET117,-0.8199565668749962,0.0023664233868814725,-0.6664820062283283
ZNF133,-0.8049043249998142,0.24259976808827233,-0.3179533454030868
DZANK1,0.2163825346262733,0.2977052905812804,-0.1059116842433028
POLR3F,-0.7277952976632314,-0.232844682969322,-0.31468968184022833
RBBP9,-0.09044851419411512,0.3144983410234055,-0.2764991360813305
SEC23B,-0.4581129386421346,-0.1808376846017694,-0.5479610722178485
SMIM26,-1.0858704592478752,-0.5529046073789382,-0.46434111558182783
DTD1,-0.4831653914330403,-0.04785893497159678,-0.26933711828581863
SLC24A3,2.443526555142352,2.1458499427017372,2.6682780503155215
RIN2,0.4908847099026871,0.5309700292143233,0.7555197286757255
NAA20,-0.47392782312025616,-0.2507784756476142,-0.5910796843601709
CRNKL1,-0.10595303089583652,0.19462336590504847,-0.47689344085323165
RALGAPA2,0.2990620310023715,0.16678242751334332,0.29444570426606026
KIZ,0.10463677833254083,0.10834551189223161,0.16046977703095772
XRN2,-0.6652935190041056,-0.2127325800378692,-0.611912147155156
NXT1,-0.5202325569755146,-0.16424479038808928,-0.6413958526385386
GZF1,-0.642859848119432,-0.5627868764058198,-0.4718745623984298
NAPB,-0.08253298857717446,-0.2723892618587485,-0.9249273844898269
CST3,-0.3158427169862215,0.059640164653775064,0.5779435006494857
SYNDIG1,1.4137897892987645,1.632017092336632,0.7951005363029218
APMAP,-0.16918833663485341,0.12062263036207106,-0.5627113692579613
ENTPD6,-0.3635647969006008,-0.5286918539715124,-0.12878254346181
PYGB,-0.7377464679326131,0.2131835272665726,-0.36232234871992836
ABHD12,0.14000752709892345,0.2916145489984672,0.0650342613794378
GINS1,0.996829696864733,0.7017745777602612,0.6476517088491285
NINL,0.357914173415434,0.5230364988910132,0.5915638262222842
NANP,0.17232461205303196,-0.22141464117567367,-0.8891675084202184
ZNF337-AS1,0.9993152376332651,0.3436612074654839,0.572905315557172
ZNF337,-0.15666393166991807,-0.4123844826176892,-0.49363738481848074
ENSG00000226465,-0.35859737667114183,-0.5718419418389366,-0.3598610128926012
ENSG00000291100,-0.22895736311626533,-0.20417454440790553,-0.2433469220049496
HM13,-0.5976204919849836,-0.3516810119650095,-0.59601011991791
ID1,1.0293407019057277,1.0480725804564237,0.9179698045093936
BCL2L1,0.00918883030411884,-0.08792187237838789,-0.16692800413636982
TPX2,3.6495380917993785,3.0740649623856804,3.0564145406907706
DUSP15,-0.41509092916949086,-0.10965411601767988,0.05948453637455483
PDRG1,-0.9587544266108061,0.2089614090537921,-0.4050226249732703
TM9SF4,-0.5926148454607159,-0.3713353326761997,-0.2770771515387196
PLAGL2,-0.7086201800529217,-0.19420876455944122,-0.2571626829140072
POFUT1,-0.3537648989586409,-0.09319244375598151,-0.2326658931568985
KIF3B,-0.15286159256318047,-0.33280894292638047,-0.6808208195831115
ASXL1,-0.3812133535718196,-0.0515178983857503,-0.41518250760438496
NOL4L,-0.47200139448553463,0.03324295418556387,-0.19485856215483827
COMMD7,-0.4870676364982813,-0.5195735587775054,-1.2154229947768584
DNMT3B,0.11231585212817667,-0.2128741526573883,-0.20653648634772986
MAPRE1,-0.6327929529156258,-0.3946455118921434,-0.6830785754240196
CDK5RAP1,-0.5436181956414678,-0.5312927146229924,-0.21868053933446777
SNTA1,-0.4966551580488634,-0.31710290976202055,-0.6317765885942386
CBFA2T2,0.2448983301429663,0.20344611247654845,0.21781210586453872
NECAB3,-0.6337595891848977,-0.49289382354743333,-0.6288566273992409
E2F1,0.2378893257889593,0.5618419485324216,1.0456850182689514
PXMP4,-0.6797563012149049,0.08533209179504549,-0.8692370818392057
CHMP4B,-0.5549622000132537,-0.5883065861552126,-0.47806587111279697
RALY,-0.6167272678823502,-0.45663200574132995,-0.31987186669195117
EIF2S2,-0.21616911108727166,0.07034698742208792,0.07290620984423053
ASIP,-0.1380909918438,-0.3414989881128605,-0.8397823260731379
ENSG00000250917,0.6335416177532238,0.6236787931558645,0.25861680110928725
AHCY,0.10835718218000061,0.06149789591590596,-0.6762208414092044
ITCH,-0.6286851963202799,-0.05136151628484601,-0.6232330632712326
DYNLRB1,-0.5976015749937744,-0.591761048258487,-0.47895449909378485
MAP1LC3A,0.19377678029807294,0.32981442046217774,0.11587699844175611
PIGU,0.10614115672412786,0.2965284404087179,-0.3214357922159365
NCOA6,-0.6068941058069762,-0.20486929514263608,-0.5080543256533616
TP53INP2,-0.14661553193805332,-0.5521727549408624,-0.3488135930154748
ENSG00000286803,-1.2372218338047958,-0.24549798330787806,-0.8190241168484782
GGT7,-0.5716389907640967,0.18071196895543543,-0.2846178997771461
ACSS2,0.34017142407769896,-0.0425327271110518,0.13056251512511696
GSS,-0.17570879566585867,-0.39181986726023516,-0.021541174627397887
MYH7B,-0.03052209404026481,0.43386988516721553,0.32469217405135353
TRPC4AP,-0.4063142717308886,-0.19435996703156286,-0.3497723377767521
EDEM2,-0.4302238728116379,-0.2632300804482597,-0.5374591051323421
PROCR,-0.8536626634377917,0.06996145482992597,0.9734811690430192
MMP24OS,-0.09626562317593827,-0.4407107772612057,-0.26073152404177685
MMP24,-0.6009354421887422,-1.2502813923926936,-0.6749210777625656
EIF6,-0.5266434880353614,-0.399761607973467,-0.5184706392624606
UQCC1,-0.6316841629981695,-0.0999418002752144,-0.6475933423560961
CEP250,-0.15179100853857008,0.01820939147185646,-0.4653177470010519
ERGIC3,-0.7132417803191196,-0.6046932773148158,-0.436247695623404
CPNE1,-0.805382024223281,-0.01198048222667936,-0.9650024339815707
RBM12,-0.5477705058916449,-0.05647857168253263,-0.9104727912281056
NFS1,-0.8125257117313325,-0.14362325181589952,-1.568049333337374
ROMO1,-0.5635881569224956,-0.3732302342459554,-0.49152012418710805
RBM39,-1.1326213303232713,-0.7204206628898895,-0.8743170153696589
PHF20,-0.34543128330054174,-0.443798325791235,-0.5848816474682259
SCAND1,-0.553365674672321,-0.2521769774951288,-0.6513555467712672
CNBD2,0.20554326258670128,-0.17113560315914364,-0.8437512274135202
NORAD,-0.013154550378615642,0.07168597464531958,-0.05978695362690798
EPB41L1,-0.3791512234883747,-0.21000919182621305,-0.1970899390342638
AAR2,-0.7343693984780124,-0.48766749155858946,0.12990273442025926
DLGAP4,-0.35234956870123924,-0.3022906875008787,-0.3062902069012204
DLGAP4-AS1,0.4198858221862807,0.34713272217754115,0.4751617136396078
MYL9,0.47338760193854773,0.4839094789689807,0.6772982845682556
TGIF2,-0.7490545208863431,-0.35406181794953184,-0.7264715938034669
RAB5IF,-0.38812446567515485,-0.3223242061312525,-0.5284060292265806
NDRG3,-0.39722154065326976,0.30532156490662027,-0.09188990824934609
DSN1,0.8745881970985465,0.6956881016667431,1.3447832598894394
SOGA1,0.32564064507157653,-0.48286635798548255,-0.12648010918411146
SAMHD1,-0.23799223456160945,0.07389602593385541,-0.3163200582241359
RBL1,0.8911896713086663,1.236206541092173,0.9628920515018677
MROH8,0.12153988145805872,0.3739203182662934,0.055942523540551216
RPN2,-0.3238790027670362,-0.47357952044293233,-0.5932929545376275
MANBAL,-0.7079648689205591,-0.7448467692285945,-1.1611890180828297
SRC,-0.4824942225474658,-0.7857128848778316,-0.1594813861736455
BLCAP,-0.7388023492776483,-0.08221166383777855,-0.8160437270793182
CTNNBL1,-0.6521620904355636,0.18543634138437784,-0.7418110857682692
VSTM2L,0.5443120029370938,0.43803218497652097,0.1300713134944403
TTI1,-0.42479198657485284,-0.07997951383706337,-0.5591453037170416
RPRD1B,-0.5771780169002589,-0.47498480112027147,-0.7084490155918388
TGM2,0.8043392846480871,0.09484193484888684,0.4739199114442662
SNHG17,-0.46300743216100676,-1.1237388581343701,0.2763610303465213
SNHG11,-0.5916589919019052,-1.015929027601775,-0.973009191523623
RALGAPB,-0.1843907088894135,-0.3737676497612021,-0.4009097157081207
ACTR5,-1.619603271188545,-0.2606094167128851,-0.6927819015581171
FAM83D,2.1516451697525305,2.222302652428933,1.9105174134421254
DHX35,0.1951424624300379,-0.22353062385030498,-0.17574890591073
MAFB,0.9975209144151727,1.1391625647477746,0.5108323417359982
TOP1,-0.46218899239046257,-0.7894641613428277,-0.5758305188810233
PLCG1-AS1,-0.29244080702240177,-0.18576223203502806,-0.5973185924158139
PLCG1,-0.06442057237062573,-0.47208755187386225,-0.7998612114862773
ZHX3,0.6772286901402965,0.44784598558307914,0.5729624474700188
LPIN3,-0.3945164186085854,-0.7210459947256211,-0.6532931273413461
CHD6,-0.47281875455573547,-0.32470330019027577,-0.36890142574575435
PTPRT,4.227365490469246,3.630431219653829,1.640256588280831
SRSF6,-0.7885240274473553,-0.7663508285048586,-0.8606613735039694
L3MBTL1,-0.2076412292776055,0.03210937023889214,-0.2905556570106463
IFT52,-0.16101276499780331,-0.5893592947678242,-0.4050511823102596
MYBL2,1.2528372563550114,1.5730102451873194,1.4981001485358547
JPH2,-0.17092254825962172,0.38494955572672745,-0.10339812954313739
OSER1,-0.5397128045687118,-0.7138764850338823,-0.5298958225903901
OSER1-DT,-0.1506814103975245,-0.1436405871192506,-0.47522644287938226
GDAP1L1,-0.04656171969749322,-0.7217156888407779,0.07663028934340944
FITM2,-0.426070615593428,0.13749754211408313,-0.04514344322054601
TTPAL,-0.5454536557113451,0.018818464318954415,-0.3712266371373509
SERINC3,-0.525992923239322,-0.5068508956999516,-0.2599572189734865
PKIG,-0.261536789239571,-0.25516862459841505,0.1239603860541755
ADA,-1.264006094364305,-0.11026013022289412,-1.0025755338978364
YWHAB,-0.7331455124700454,-0.46688505233906946,-0.7479876189312016
PABPC1L,-0.11683337417478158,-0.4151109750841612,-0.6321252470967059
TOMM34,-0.731045439188815,-0.28104894755088955,-0.5919164791858194
STK4,-0.2955283282808985,-0.21476863089355555,-0.2484488138064868
SDC4,-0.2442214791847342,-0.19351493866562208,-0.13087623034198975
SYS1,-0.6507463206345606,0.16862471355851832,-0.34330912137927433
DBNDD2,-0.35736493241486766,-0.5532789677449159,-0.08015902788475775
PIGT,-1.2929755518284303,-0.4304187283829962,-0.5708172115069523
WFDC2,-0.628285904260739,-0.1604433580808902,0.017145468101844617
DNTTIP1,-0.845943371367639,-0.4826284087590053,-0.4694185575694973
UBE2C,3.549153446117323,3.3605741471305492,3.355436289084338
TNNC2,0.9212051207413054,1.0443066040102238,-0.559012468604653
SNX21,-0.14014195292249104,-0.5210849052868979,-0.8481140755704573
ACOT8,-0.9240670102714929,-0.4767761688882394,-0.4122235823633175
ZSWIM3,0.34942966375007595,0.3526971485890833,-0.26308727765682244
NEURL2,-0.46658248111141276,-0.11542095531849844,-0.2766250391526874
CTSA,-0.4497695443867258,-0.9246294890229159,-0.3367659418303362
PLTP,0.5621438700856736,-0.1776007227435628,0.5634893625956678
PCIF1,-0.8302977786005314,-0.5650465598614325,-0.4790241868094575
ZNF335,0.3294503485715871,-0.06861608069244343,-0.7225262192123019
SLC12A5,-1.0434346800975192,-0.34231798406614894,-0.5037433712239762
NCOA5,-0.42678995802650727,-0.5712543506863667,0.1364364486161093
SLC35C2,-0.18922716124250982,-0.37971620644612963,-0.8211839892013018
ELMO2,0.025338742837046607,-0.03002022646618481,-0.20047233504193684
ZNF334,-0.6656736015937844,-0.2495025857917952,-0.06763346841529133
SLC13A3,0.17590355610390768,0.962752841348017,0.8491372889778644
TP53RK,-0.9671231417685924,-0.6993075841124998,-0.48710408499036356
SLC2A10,0.39117132192626863,0.07417919334813301,-1.006059210024958
EYA2,0.8723998219314488,1.3671130181123807,0.9729773413085959
ZMYND8,0.09475688080458862,-0.32669532561887493,-0.1167757724162151
NCOA3,-0.42648154792298953,-0.23883534174050783,-0.008864515786243032
SULF2,0.5717713674079619,1.0935032230272128,0.7349095595837446
PREX1,0.0811238074449961,0.1291520197705296,-0.12297532023498897
ARFGEF2,-0.2801311941834861,-0.008268044106060269,-0.4837625847964766
CSE1L,0.5690812812969348,0.1485362209892251,0.08410942564178105
STAU1,-0.7051104459739292,-0.38603110309760774,-0.5568531128842267
DDX27,-0.8578222626087033,-0.6950690726493782,-0.09854219764939744
ZNFX1,-0.38898420010562873,-0.31164676739622976,-0.3280076551030931
ZFAS1,-0.19223678322112644,0.22635768662941305,0.12266041412428666
PTGIS,0.8952522038355433,1.2259731815246795,1.431452654019612
B4GALT5,-0.1398393416880737,-0.3185387735838354,-0.33685431119664605
SLC9A8,-0.016219555262321033,-0.07809946027521517,0.11389550946753951
SPATA2,-0.975724475826798,-0.3952018586462103,-1.1887427633587322
RNF114,-0.6655875729217441,-0.6967575411278979,-0.6221619654630075
UBE2V1,-0.8137032133185685,-0.4000528114543513,-1.1121448302237695
PEDS1,-0.7513160276968591,-0.6770429105894067,-0.565768604838425
CEBPB,-0.07935270526974492,-0.018968006441326717,0.5138102511584499
PTPN1,-0.26859913953204995,-0.201173121730907,-0.5328049286607381
RIPOR3,0.8254998735384795,0.15539535929262988,-0.3246897737797525
PARD6B,-0.14208372684338147,-0.21203031062658792,-0.3319045584410887
BCAS4,-0.9335776692544115,-0.24368124140113429,-0.41992424310040377
ADNP,-0.5141434934116873,-0.4554842228895985,-0.41460191636211613
DPM1,-0.36111676592701153,-0.15567739255372362,-1.2979834108546058
MOCS3,-0.6649973047906563,-0.7471442624890763,-0.3130157013763508
KCNG1,1.1083909399186354,2.545399426448256,0.9230093591349444
NFATC2,0.4007836205965667,0.35182118953436975,0.2060296638172155
ATP9A,0.16139437990185707,0.1508393500714291,0.0651967306403983
SALL4,0.12880607587679557,-0.47059758229379506,-0.5298138650718691
ZFP64,0.14357666666070645,0.09908379903815155,0.17738137126604406
TSHZ2,1.0138543484476497,1.056975855928414,1.1568922769117052
ENSG00000271774,0.15511322728730553,0.03460733074956571,0.6249758145164108
ZNF217,0.4508307273494161,0.2394531953388678,-0.32151699068250034
PFDN4,-0.49146312952309396,-0.6517121649146382,-0.3957506447468795
FAM210B,-0.27321308559524843,0.01311765374309823,-0.07311453554006415
AURKA,2.5314405365351966,1.91431433546553,1.8880641052798524
CSTF1,-0.2807717700859947,-0.09867128575434589,-0.8048592631266729
RTF2,-0.7803307337766796,-0.4545753886761723,-0.7638780313736788
BMP7,0.5564663729029995,0.8000554959828392,0.6081919920226824
RAE1,-0.9050856613409941,-0.7338795526391593,-0.688703489694106
RBM38,-0.03406984050169367,-0.33441331643263444,-0.22268417446100486
HMGB1P1,0.5309328563352517,0.13849761463875163,0.518545555708446
PMEPA1,0.5975444309497532,1.041982946800914,0.6292726860124347
ENSG00000291067,0.013333935318325343,0.40934331532245244,-0.16164704157274554
RAB22A,-0.06483924408248148,0.001469843536469247,-0.13458787581524592
VAPB,-0.39841977888139024,-0.579280077937522,-0.9023486478189611
APCDD1L-DT,0.6004508217914122,0.9651385555967947,0.6926902878481194
STX16,-0.3616351287262453,-0.7372400371510928,-0.9896417826256467
NPEPL1,-0.6969392395656229,-0.2736639743281373,-0.9105653173828437
GNAS-AS1,0.36499755715013293,-0.21988902857636106,-0.0017110797665935858
GNAS,-0.9345917411590321,-0.8112181433633658,-0.8004223843501652
ENSG00000225806,-0.43407664757160447,-0.35183195823531926,0.5441347317900167
NELFCD,-0.5083084761762037,-0.4097112172753583,-0.6890222769515261
CTSZ,-0.4576676016137781,-0.5942874089223267,-0.29064243391174577
ATP5F1E,-0.4277775210026178,-0.2624834773491643,-0.3996562777896387
PRELID3B,-0.414660944453594,0.14935658933701743,-0.24623074095155673
PHACTR3,0.3792349512528758,1.3366721507526478,0.860471244098008
FAM217B,0.026580816679491092,0.16420602561166217,-0.24576447293067014
PPP1R3D,-0.7322608047073446,-0.427572360592876,-0.8387993290660098
CDH4,1.513080642410312,1.7662540556420154,1.7195017730465842
TAF4,-0.17818186047202647,0.15896654321665687,0.04991672582099573
LSM14B,-0.7730817885323447,0.059417895981510954,-0.38563583806758933
PSMA7,-0.21619262508031764,-0.34800402745884185,-0.36522835576334245
SS18L1,-0.6631289989904302,-0.10168135035394951,-0.33947059050814943
MTG2,-0.5097987765876972,0.02269847898424972,-0.69748648277562
OSBPL2,-1.2894981350381407,-0.2935808646073781,-0.43806961049643434
ADRM1,-0.34642890733939785,-0.5849564466058261,-0.4258704793975348
LAMA5,0.15938054832248835,-0.3111940434183964,0.15782393158405483
RPS21,-0.00632743897028121,0.192002635371642,-0.07202755363230652
CABLES2,-0.8102087114425061,-0.5578922045577493,-0.4585601032931983
GATA5,-0.08048267704822726,0.20408923427481793,-0.5852164329898528
CRMA,0.3396618730388888,0.6593846345637644,-0.029571105344118137
MIR1-1HG,0.30009872411449834,0.40549958088328353,-0.3477339509733745
MRGBP,-0.360667664803536,-0.5129566557767228,-0.7655720901080301
OGFR,-0.9695820801269549,-0.5135562255510243,-1.5430764261725791
TCFL5,0.17223434956658323,-0.687943238755146,0.017624260145655653
DIDO1,-0.590190689255195,-0.5431442330870588,-0.2943864335247568
GID8,-0.5788527776053911,-0.7108692707646647,-1.142835253694006
YTHDF1,-0.7653732492683254,-0.7713659987045993,-0.2959897607064619
ARFGAP1,-0.8961196460892573,-0.6173412621071428,-0.42945220041125504
KCNQ2,0.03347474851281613,1.020625200761458,0.13354663546161308
EEF1A2,0.21238828480274913,0.41764268980869096,0.00571971870277826
PPDPF,-0.4164586783017476,0.18356593645818725,0.055696806315467084
GMEB2,-0.24900929792445584,-0.3283270524133428,-0.17717526272373268
MHENCR,0.03612542780130567,-0.6483163706116137,-0.6965981104796413
RTEL1,-0.03565746743188212,-0.9109251340951054,-1.2280762496419833
ARFRP1,-0.699845997233794,-0.4120288165023958,-0.7650197755048609
ZGPAT,-0.7098716267747065,-0.7674106819351216,-1.0833562117031228
SLC2A4RG,-0.2359416004960017,-0.20239856402412568,-0.3746839217038058
ZBTB46,-0.11487765057089663,-0.463485504396182,-0.36515360688174064
TPD52L2,-0.4045961420638129,-0.7323495438335392,-0.9897000547092674
DNAJC5,0.22786795278937083,0.08895104917638003,-0.420676878180668
UCKL1,-0.31073022764826425,-0.6928960686813426,-0.8175100457971709
ZNF512B,-0.43734841885343917,-0.19406639795193567,-0.7773257843868393
SAMD10,-0.5214924593492754,-1.34270670053591,-0.5070676075711374
PRPF6,-0.7653276470335868,-0.6763340992696385,-0.6198473248129837
TCEA2,-0.9038311803000562,-0.7577204201967049,-0.9686436267119625
RGS19,-0.058537765444157175,-0.37519455674757307,-0.2403165790305159
PCMTD2,-0.36327794168973077,-0.21154133791876004,-0.3388203859555859
ENSG00000278903,-0.6294136003253072,-0.3091214935401538,-0.41118026292916815
ENSG00000280145,-0.027288045387344063,0.249036798649211,-0.24538612345718389
ENSG00000280441,-0.923820770707863,-1.3538764825974567,-0.35477720531517315
ENSG00000224905,1.774969471334309,1.5721451081533289,1.118561525858727
RBM11,0.4589374934892448,0.3465962627355168,0.10588145721041194
HSPA13,0.12938942903044642,-0.38117433345014007,-0.31196662004403575
LINC02246,1.0841333199070071,1.1850915252363947,0.8272780074171563
NRIP1,0.5874141992370561,0.659481955851863,0.08751794454149579
USP25,-0.1302305188304231,0.15851715955547627,0.14881477237743104
MIR99AHG,0.7603142242924861,0.9725459308706768,1.0647866916219062
CXADR,-0.3367666461495383,-0.045469407371260914,0.16062158319743963
BTG3,0.45509999490825953,-0.1673329796180987,0.5937045476722815
C21orf91,-0.13012516811151542,-0.17383414339636974,0.12567923024121438
CHODL,2.1559204436050905,1.8065915058377797,1.8781570390792126
NCAM2,2.004743175880492,1.9131859818910293,2.024303285620892
ENSG00000222042,1.5705828580164116,1.5896123148698926,1.3525620348029257
LINC00158,0.9112320086631057,1.0728550730834883,0.7473436160875444
ENSG00000229962,-0.1336702007972192,-0.38610030007801294,-0.4150717545955232
MRPL39,-0.7803699382108178,-0.8757526712709414,-0.6615454170403225
ATP5PF,-0.32550946916803264,-0.5913943369119606,-0.6261648060454412
GABPA,-0.37500893138701136,0.10061048047389679,-0.0745771304975484
APP,-0.3841385287416515,-0.2445430644365701,-0.09306504504848685
ENSG00000233783,-0.30549143480343943,-0.2818307808057768,0.1014383908433488
CYYR1,0.8296634580485643,0.7511004578164453,0.9798626489101352
ADAMTS1,1.2877269169602634,1.419451303367616,1.5775189866729065
LINC01697,1.9111589912764302,1.213187808839134,2.2014811668185494
LINC01695,1.3183099526972626,1.5483936809411318,2.753897373784394
ENSG00000232855,1.3767637595977682,1.5471668569048056,1.191402379902783
N6AMT1,-0.6625105534192494,-1.1406214054755779,-0.6586128296642749
LTN1,-0.24268290811145476,-0.7606365148800194,-0.6066612380101973
RWDD2B,-0.045422610135673856,0.22537397564222766,-0.44048232365969403
USP16,-0.22069181606801536,-0.35047553212398347,-0.11780839245669844
CCT8,-0.6918699902817309,-0.5920260917132225,-0.44700069927691644
BACH1,-0.19463206077255188,0.0680243469964452,-0.19312119340083808
GRIK1,3.1909654071186395,0.2630269552513908,0.05032556223541808
TIAM1,1.5094389260148944,1.3456350766063174,1.1258788024220578
SOD1,-0.3551697063969535,-0.5995860034914956,-0.15958978326815657
SCAF4,-0.2800137021633659,-0.4287447199787095,-0.5782695727095444
HUNK,0.6320856313407042,1.6677104085260162,0.46238996182436054
LINC00159,0.6841166079332233,0.9262727066057579,0.5240762283215119
MIS18A,0.3791952357612587,-0.05049522604579343,0.41714021449724825
URB1,0.00041348200874574416,-0.022067293556094773,-0.3175495612091055
EVA1C,0.6307367090458662,0.42735793826422613,1.0417606942902218
TCP10L,0.5735709668110154,0.47855808290481505,0.5170492773939266
CFAP298,-0.307226894897699,-0.373951113993094,-0.25494986596279645
SYNJ1,0.635012859545192,0.27572548495637506,0.16573445002135398
PAXBP1-AS1,-0.5240738312879002,0.6806464361703135,0.10971673231067308
PAXBP1,-0.3828031924453051,-0.6423133883457554,-0.7143583693536186
C21orf62-AS1,0.1641477497009447,0.09480779221106071,0.7326802504254458
IFNAR2,0.3396532894078525,0.20854594455940395,0.1705348222750409
IL10RB,-0.4023058242819744,-0.21839651939643195,-0.10237823339888413
IFNAR1,-0.2707718176194441,-0.6981838226405515,-0.5405169423011316
IFNGR2,-0.6650845618799649,-0.5715473373420927,-0.8414802972033826
TMEM50B,-0.3444844713436445,-0.8951503378486905,-0.6056838346141298
DNAJC28,-0.011764017353240012,-0.3568460945748093,-0.26326399695638614
GART,-0.6496435336191766,-0.14510895351588,-0.3307989749530869
SON,-1.1092758137617302,-0.7469021908148434,-1.0978882196479596
DONSON,0.2146926218806833,-0.025421974128128935,0.02700330347726511
CRYZL1,-0.8395762886594085,-0.22610769383211957,-0.26199671924051054
ITSN1,0.17190436445283191,0.10357195145536487,-0.5205480951670154
ATP5PO,-0.22956683159309677,-0.45082209270072227,-0.5201660762102591
LINC00649,1.1946862399880054,0.8691651949664703,0.21155396713490757
MRPS6,-0.2670123392181516,0.048279955962222176,-0.20667600724307894
SLC5A3,0.5406374038424921,0.6991536074314411,0.6474539466890121
LINC00310,0.236921938275401,0.4361928098085172,0.8336351192508077
ENSG00000214955,0.7074781471460662,0.7533894729784194,0.4476777393448756
SMIM11,0.028775358897682637,-0.11117610318981626,-0.5517607833328668
RCAN1,-0.15122897705335703,0.3787851109274704,-0.40024597424074315
RUNX1,3.0675388217920485,1.897474992661973,1.5821189911002733
SETD4,-0.727017541269305,-0.7664174522278095,-0.4212202599942145
CBR1,0.2834802964492304,-0.12007520756376522,0.27841671490336845
DOP1B,0.3217263241581278,0.516729500277215,-0.13727887679601022
MORC3,-0.40772068927686084,-0.5045782746863666,-0.41330324853141315
CHAF1B,-0.5634939676467995,-0.46950018035805735,0.46400800375827345
HLCS,0.7692308654983151,0.5392527832849261,0.24316413066521045
PIGP,-0.03713497062058829,-0.4587884119225407,-0.509158911421224
TTC3,-0.3248711023837671,-0.473091146508331,-0.5064590223149777
VPS26C,-0.6094077340584149,-0.36115383288036534,-0.18410218624060093
DYRK1A,-0.11078665714954643,0.05208286746036346,-0.07017108551638536
ETS2,0.14153216430104373,0.6943502311160508,0.39565619951292064
LINC02940,0.21876642442972738,0.10403789599116216,0.22620487356600805
PSMG1,0.05118880026665089,-0.7867208857377577,-0.1492530305247896
BRWD1,-0.42890695640757676,-0.13321741297553663,-0.0625755909854213
HMGN1,-0.6657546879643946,-0.6997058407117542,-0.6007787887264655
GET1,-0.39698562387127717,-0.7584382930283411,-0.67300893119614
LCA5L,0.12233538725541489,-0.010764564490820321,0.4286265778954679
SH3BGR,1.5245242674498733,1.1894314773234669,0.5296866021093792
B3GALT5,0.06796628840300653,-0.017183493572371637,0.5881178080437621
B3GALT5-AS1,0.33080277543303543,-0.05128079964406847,-0.23198855326749176
ENSG00000225330,-0.042059879823749965,0.7947306492266614,0.24104765489029842
IGSF5,-0.18853059317668658,0.29971248800791983,0.5412951882432964
DSCAM,2.9535512630346865,2.0252503133280833,2.054222018768975
BACE2,0.09169419731841089,0.8029276138756815,-0.0795230754367964
PRDM15,0.31111763400452125,0.11704548855760068,-0.36317104568128405
C2CD2,-0.5100880919510686,0.029165828366952726,-0.17496921448111635
ZBTB21,-0.01835277759883519,-0.25549983822731903,0.3013295831693981
ABCG1,0.3060856815478026,0.49401528829074337,0.2707469706116611
SLC37A1,0.43414800302916845,0.25241748917571266,0.24587870895839714
PDE9A,0.7469499387465425,0.34217395873867673,0.21067370272468372
ENSG00000225218,-1.2419610232754827,-0.5705867248359624,-0.5951399662904961
WDR4,-0.31426218296850905,-0.43027463615092293,-0.2846617060631118
NDUFV3,-0.614245961421009,-0.666847427687376,-0.8372956014986066
PKNOX1,0.1663833967169026,-0.27835064976053653,0.024000349137477197
CBS,-0.3045564863608732,0.12953867851231854,0.06297008013200052
U2AF1,-0.33401425170982085,-0.466834053045961,-0.6747180089138106
SIK1,-0.14930085450945535,0.12306906133282769,0.16871913944102337
HSF2BP,-0.16768397097231974,0.6900644766590638,-0.24373745448083992
RRP1B,0.08781308714242542,-0.13641895596213166,-0.18748317346329915
PDXK,-0.4945717229974882,-0.5343028195305238,-0.6457638555845122
CSTB,-0.8094042724599895,-0.45055416567522144,-0.41735215460055386
RRP1,-1.2899716104602383,-0.6076627745104766,-0.17689097337038712
AGPAT3,-0.16497005315295254,0.13133212147883094,-0.03407764139075203
TRAPPC10,-0.7557808338691743,-0.2124119585887492,-0.6017756759086196
PWP2,-0.8450126072044952,-0.33050114947310055,-0.3743900558347271
GATD3,-0.5462861235413891,-0.3615081190717859,-0.677275537412264
PFKL,-0.33315596066766057,-0.5026325198999189,-0.9603682899826467
CFAP410,-0.70314668898828,-1.5125937090291295,-0.9564659530177232
TSPEAR,1.148551659319832,1.4930746332167573,0.2696657450317446
UBE2G2,-0.38607793234762866,-0.8946049444404842,-0.31074166111433854
SUMO3,-0.06635555935086046,-0.5738820580238979,-0.19339462825434237
PTTG1IP,-0.6633618748660624,-0.4796747103885792,-0.6458300889363998
SLX9,-0.2920364118278869,-0.8177145443194718,-0.4851090041125837
ENSG00000276529,-1.1235159584360055,-1.0264832226142033,0.47871944045431286
ADARB1,0.475357316144926,0.24619496740069738,0.0885622735089342
POFUT2,-0.1891876373248174,-0.869141702736698,-0.032696286279108526
LINC00205,-0.10275355589474702,-0.5862958831779075,-0.29659914894133627
COL18A1,-0.256312223436204,-0.07475707713595274,-0.0124631388188767
SLC19A1,-0.25568104369271444,-0.5780255541074624,-0.3956444516328439
PCBP3,0.7390357682821608,1.097993058811852,0.9506170589482608
COL6A1,-0.0021427012843595206,0.6499525359724565,0.5853029159207459
COL6A2,0.445802583036997,1.0880284707859822,0.7510828308793692
SPATC1L,-0.44957749212933257,-0.463205412143335,-0.19113573050482557
LSS,0.1801140134867189,-0.14203950763259243,-1.0551463734025468
MCM3AP-AS1,-0.34200809384321934,0.056000660453900473,-0.20799007089923904
MCM3AP,-0.9043884186885975,-0.5053368699358707,-0.6035459226571723
YBEY,-0.8010330635922287,-1.267237762865662,-0.43278512959454923
C21orf58,1.8516852475611465,1.9502912598619169,1.6041215478462547
PCNT,0.37364613808097863,0.058129683225846565,0.17568592394162513
ENSG00000289421,0.12263154123886714,0.13036770416255553,0.15630853321628274
DIP2A,-0.41296480267369867,-0.09661029815833541,-0.0356775143104357
PRMT2,-0.6126614324894389,-0.5123305497151093,-0.8152255260552295
IL17RA,-0.42589771958682826,-0.23217605896470064,-0.16597218620466236
HDHD5,-0.7111967306688527,-0.42881947526558417,-0.5131992131649917
CECR2,-0.032698759398396546,-0.19778990836844906,0.06777973217640823
ENSG00000286195,-0.35469357256168627,-0.4958598647074552,-1.18855068105146
ATP6V1E1,-1.1067673826177788,-0.700479724992217,-0.7629873551876472
BCL2L13,0.02871685595852466,-0.6239581012540897,-0.5945157079880765
BID,0.12597173730075903,-0.14534817971729547,-0.08685995881391051
MICAL3,0.08757043508272482,0.20067506300244986,0.26461881464825154
PEX26,-0.6164710035223351,-0.539112464874318,-0.4346459490074181
USP18,1.2940499775635423,1.4581673451372232,1.1509175316016425
ENSG00000288811,0.935135019051657,1.1434129012970473,1.330802046601704
PI4KAP1,-0.7729481989405045,-0.3178837597121245,-0.9002109736090524
DGCR6,0.21008619994433167,0.13200043860477342,-0.6349209220256924
DGCR2,-0.31164560035004735,-0.28949865752393583,-0.0857625254111483
ESS2,-0.4177868835529459,-2.0898128890202834,-0.6922690753529359
SLC25A1,-0.2356376676601393,-0.5519202272609043,-0.6086313024196919
CLTCL1,0.1567786926647195,0.48509594375629206,0.03441244852428941
HIRA,-0.37468060739661274,-0.07717461227977655,-0.7532599547949026
C22orf39,-0.394958261511924,-0.4225918974488216,-0.5385292710587706
MRPL40,-0.7147175902237599,-0.7175968087028579,-0.2694294997922065
UFD1,-0.13554677500461665,-0.5475596328873316,0.19928925071118894
CDC45,0.9481528998488927,0.8821515055858207,1.3610485328215773
SEPTIN5,-0.464202088311783,-0.01659990600568401,-0.25189538704132625
GP1BB,-0.4286075004781508,0.42452018123802654,0.2375984763241697
GNB1L,0.14190138249628256,-1.2655722386794999,-0.3625913302606954
RTL10,-0.6426750391093846,-0.15830729940025628,-0.5731478639649659
TXNRD2,-0.026746189745040335,-0.603771539576293,-1.0278313425582155
COMT,-0.7282246231222373,-0.3060401257041007,-0.413694682275505
ARVCF,-1.12124321841873,-0.732033268825635,-0.4250633100674328
TANGO2,-0.27573235198129004,-0.9743287860279501,-0.3656279651163104
DGCR8,-0.493571375821201,-0.6690231647840151,-0.014892235185918458
TRMT2A,-0.14504816771713178,-0.936525956538219,-0.5204745611763643
RANBP1,0.6510111596929278,0.5512936506938821,0.5948133651023433
ZDHHC8,-1.2356278117669994,-0.6260698936566912,-1.2444799122969918
DGCR6L,-0.46877234181765465,-0.39761699741502815,-0.7284399409638276
ZNF74,-0.5749934306195783,-0.6517891218041747,-0.12233896012254773
SCARF2,-0.6449875856661507,-0.7281547452154911,-0.8329716407811318
KLHL22,-0.02821726151257664,-0.17557373906425866,0.2564104533703926
MED15,-0.9859620820000927,-0.9493614819497865,-0.46007602932097325
PI4KA,0.05557438063408081,-0.12352890391028026,-0.39555827816764116
SNAP29,-0.3245779054691447,-0.37603088379669813,-0.5735981520704527
CRKL,-0.9351784781847989,-0.21908860141034842,-0.3780212623627684
LZTR1,-0.5898949891813778,-0.7638646205190938,-0.31840906925748413
THAP7,-1.0272016584445893,-0.4973703641305889,-0.9270098225440294
TUBA3FP,-0.18526141856326112,-0.8287279024957607,-0.45240678439033744
ENSG00000197210,0.22965358065615868,-0.26426950254949944,-0.5289714136330339
HIC2,-0.6172528723478656,-0.6090081462285789,-0.6520896063168138
TMEM191C,0.3246145566699035,-0.7145739625532563,-0.6165520549710523
UBE2L3,-0.4074270340348179,-0.4810918172795907,-0.8668990039975136
YDJC,-0.3576353349227226,-0.8684700262256442,0.2652379103808896
SDF2L1,0.05890980743815531,-0.3729142859120031,0.10362379547732563
ENSG00000207751,-0.498354748052833,0.09189176469778822,-0.9709497946780381
PPIL2,-0.8471500620753609,-0.9628876373766212,-0.8389635111585925
YPEL1,-0.5598759235885851,-0.09009899839956151,0.3337764071525022
MAPK1,-0.46274171243399204,-0.6625028080148888,-0.5414768364592247
PPM1F,-0.42744212470733695,-0.2883735259105152,-0.34931078428654777
TOP3B,-0.5327944649460471,-0.875318653611771,-0.5759679182349445
ENSG00000274422,-0.16402449473989125,-0.026553792144131515,0.10571602610344759
ZNF280B,-0.27946544103698306,-0.06687183561820474,-0.2266057514702879
BCR,-0.010351683696669048,-0.18929041302216731,-0.43353072965431144
ENSG00000290920,-0.7150829167572113,-0.35607266370483964,0.11711560546529043
PCAT14,0.77770109550519,0.18096581195644748,0.0990188754969666
ENSG00000291299,-0.7999452678250059,-0.3840375923713283,-0.296868281975744
ZNF70,-1.1124778291087942,-0.1962034715805707,-0.5527798705048282
CHCHD10,-0.025644166672915292,-0.06444933078057605,-0.2374981495567816
MMP11,-0.5604180667675571,0.31154279729581097,0.6669555189624816
SMARCB1,-0.03483931687687659,-0.47615839918972824,-0.43371641764614205
DERL3,-0.5156882501028939,0.07729128535142848,1.2982765436766464
SLC2A11,-0.16951640827872436,-0.24852682371751555,0.02836566144733503
MIF,0.13795876904224444,0.2300181790662154,0.029062007991448896
DDT,-0.14971303892808055,-0.19865049867146206,-0.444957109641166
CABIN1,-0.4425333518291019,-0.45742529925966124,-0.511897632414353
SPECC1L,-0.27274293543998235,-0.711902202487213,-0.811762777022949
GUCD1,-0.9822348007239476,-1.0820176087241897,-0.09632392851354514
SNRPD3,-0.3492048112107327,-0.5611704273222601,-0.605720730743915
LRRC75B,-0.9140742165462327,-0.3789696756527298,-1.260402603761051
KIAA1671,0.23715492827835055,-0.07900181659537969,-0.06549449907490508
ENSG00000290796,-0.14325754016184794,-0.29893390309275597,-0.27356795135079187
CRYBB2P1,-0.7132867893223995,-0.3008803865002499,-0.32894550312347093
GRK3,0.15623293408506456,0.16406940540452913,-0.03580137410814643
MYO18B,0.5025415967347868,1.0109574673356043,0.7532929932452923
HPS4,-0.8226933970252155,-0.6087590485042078,-0.23402062534189125
SRRD,-0.5510578406468306,-0.4426371298249201,-0.45539502890621714
TFIP11,-0.043219512977266526,-0.04178413469414718,-0.8654586022356057
TFIP11-DT,-1.2434346478841718,-0.31033272854820027,-0.08242148905707225
TPST2,-0.5601174264843324,0.1129662475325403,-0.5198266652891697
MIATNB,-0.13046281723027423,0.019386645829474226,0.09903792353880554
LINC01422,-0.5153174702781271,0.2646252859565514,-0.2689934542550567
MN1,0.8690213890227446,0.6437597205055816,1.4731401684839796
PITPNB,-0.049532220342037206,-0.06168973998267548,0.10069764571593956
TTC28-AS1,0.3181131824635557,0.2180515214685599,0.0917886267377632
TTC28,0.32126563378064427,0.03301134393486992,0.3017596955734021
CHEK2,0.46682226045806985,0.39140721342973706,0.08991846159380049
HSCB,-0.22822080828913732,-0.8151089864692906,-0.15073833346056636
CCDC117,-0.3832082803139158,-0.3892658141360492,-0.3262658323303321
XBP1,-0.03599760706469015,-0.05403438362514379,0.3118012271997514
ENSG00000226471,-0.13791808483075835,0.8598195576045313,0.2792314223572206
ZNRF3,0.31753153107162296,0.2560828005063093,0.006139808207048895
KREMEN1,0.2816082489026819,-0.4247487493462679,0.3087205725661449
EMID1,-0.7225759514566477,0.09531060499032049,-0.48037107088281056
RHBDD3,-0.20113656676723232,-0.35746117482312195,-0.6311790722623023
EWSR1,-0.88158283168654,-1.1880317491978083,-0.8074055283786095
GAS2L1,-1.4456473393528775,-0.8658309330694678,-0.5417280488995678
AP1B1,-0.18651826486975415,-0.5665382086324762,-0.38418188020061456
THOC5,-0.5470637248100517,-0.3637740726380337,-0.26913826917804323
NIPSNAP1,-0.6166705946225193,-0.23914755214426364,-0.3708660492869314
NF2,-0.1232924565568574,0.11080373282517898,0.0604179210269927
ZMAT5,-0.3034361493919136,-0.3934838825649436,-0.7864555863425373
UQCR10,-0.31521610737340927,-0.4423529717021958,-0.7065900996948926
ASCC2,-0.1723790220190118,-0.1286334663692444,-0.020544849038834884
MTMR3,0.31189845154328216,-0.3330887785944725,0.04004003933938807
CASTOR1,-0.7308472173456444,-0.07818235879661725,-0.602253201036426
TBC1D10A,-0.24604199103802324,-0.6613384141823602,-0.1377737020464096
SF3A1,-0.7356323004756861,-0.825285274551078,-0.7142847948629196
CCDC157,-0.05260154350917648,-1.0448767371554162,-0.06495794385811497
RNF215,-0.4574370056967965,-1.0658811096839003,-0.1535482874853464
MTFP1,0.1630904522628214,0.21195086496558352,0.4490665498838525
SEC14L6,-0.34535901969026384,-0.41170885626946324,0.2595117440989937
PES1,-0.23719358880395447,-0.28470429720320567,-0.7026774557014193
TCN2,-1.2884340270680674,-0.5846488714125258,-0.604929928448751
SLC35E4,0.6024197200814959,-0.025481292023094668,-0.15523615379314043
DUSP18,0.23097736261010118,-0.03400721383155768,-0.295435468000882
OSBP2,0.3987416162291062,0.7799872105769873,0.529266033690444
MORC2-AS1,-0.42309814216726593,-0.5200983215297156,-0.4395299402397335
MORC2,-0.4494246590404884,-0.6317679954081009,-0.6479365010589255
TUG1,-0.8466064623164371,-0.7922091663132846,-0.5012885377073033
SMTN,-0.07440780360410669,0.1962797783113074,-0.5270819949073663
SELENOM,0.1709636546766724,0.15073111505745734,0.7062681140548968
INPP5J,-0.35187362270644934,-0.14966844338353275,-0.7123462908390614
RNF185,-0.46074284369895935,-0.5449817939951487,-0.21038293218017048
LIMK2,-0.057051996278499204,-0.19231747691872061,-0.49310468574286054
PATZ1,-1.168544396720641,-0.13648328849647484,-0.6880115358130041
LINC01521,-0.37994881627862753,-0.10228608674175986,-0.8300599009474432
DRG1,-1.143463421504066,-0.5869612992358917,-0.9301411763930965
EIF4ENIF1,-0.9015969533552273,-0.6093493590111407,-0.7653675055964904
SFI1,-0.12018197000743316,0.020179617244366465,-0.1182493504888136
PISD,-0.870039151135579,-0.6774729987941724,-0.41267498073190373
PRR14L,-0.3919459931063187,-0.49382129899440136,-0.2976133600537132
DEPDC5,-0.04759113498791119,-0.12455759975808796,-0.11091135478601193
YWHAH,0.22726446405069828,-0.35808682702007394,0.13306972582370594
SLC5A4-AS1,1.0851766600024746,0.8280127658931029,0.7482536507463527
RTCB,-1.2585122336950967,-1.1580485490975718,-0.6739494798108757
FBXO7,-0.8603241258804921,-0.9545990880736602,-1.110802542629127
SYN3,0.8421521618817067,0.418249451008382,1.1332954934716355
TIMP3,0.8596659919206218,1.004742735616695,1.0540649559745852
LARGE1,1.5665562962394866,0.7037955708450276,0.8636085098349966
HMGXB4,-0.11677807483157567,0.3550898003477698,-0.09297343142228347
TOM1,-0.3642969193145298,-0.1388815154034511,-0.9172525847242312
MCM5,1.1040497799686122,0.42310499235621174,1.128231463306598
MB,0.7070203426338856,1.3312840222328646,1.0495777447278272
RBFOX2,-0.3201096827055388,-0.18794854258861451,-0.34733244288356246
APOL2,-0.07241532397832269,-0.5403551325315163,-0.5437367490131848
MYH9,-0.16568791781362796,0.14043449210687348,-0.11183165370918143
MYH9-DT,-0.008123978870656851,-0.1766518079838875,0.48016789602911913
TXN2,-0.43752851456800806,-0.5568562559447336,-0.5590942315317308
FOXRED2,-0.35038826036610266,-0.5390245673504559,-0.5241268682498905
EIF3D,-0.2582236069045684,-0.8682243436195661,-0.35134266589737
IFT27,-1.205044165001926,-0.9747700271147934,-0.9883155997161629
TST,-0.6149522270475742,-0.6070851319428598,-0.8955340542718737
MPST,-0.3055450292755921,-0.6722693445587851,-0.5002597978400374
KCTD17,-0.5587924907952733,-1.015093925369083,-0.8410908864423448
C1QTNF6,-0.39316633543089463,-0.31356062639031274,-0.0041544842767358495
CDC42EP1,-0.6554302282852298,-0.3026157146320508,0.10171652187706214
GGA1,-0.3755092424916419,-0.6950645532172288,-1.0538423297516282
SH3BP1,-0.41799354131196514,-0.6007645998217762,-0.09057950451589386
PDXP,-0.6924887572026323,-1.755360044379465,-0.1435424764603504
LGALS1,1.461751246159821,0.4281612694699284,2.368621101798002
NOL12,-0.8597426731018949,-0.33896348277285776,-0.506205219492827
TRIOBP,-0.44528964801490994,-0.5620341012127348,-0.18078827605186737
H1-0,1.399585534886178,1.1795935721641868,1.1788204579376007
GCAT,-0.33779169555232263,-0.4404314997325756,-0.21635207246237448
ANKRD54,-0.14618519970729338,-0.7479692585783263,-0.6871108268072845
EIF3L,-0.7160776460285092,-0.3644634905780357,-0.757263303124958
ENSG00000279738,-0.20672045860174393,-0.5621240869278274,-0.3977820056092335
MICALL1,-0.3998290729674637,-0.6024096812396459,-0.675009469198276
POLR2F,-0.8785191778645647,-0.36660842155620094,-0.28207726221425494
PICK1,-0.5346084189853855,-0.5506465648053478,-0.3697431704327699
PLA2G6,-0.6708988230611297,-1.2243223415350712,-0.18586647543662593
TMEM184B,-0.42493206996634214,-0.23781545418711042,-0.7635692947912034
CSNK1E,-0.9618102930206156,-0.9964705735311163,-0.8412564341456381
ENSG00000291015,-0.19993779674666712,-0.27034340769302295,-0.35565487667706464
KDELR3,0.45985247550557773,0.006523339304276625,0.04519602773426701
DDX17,-1.4849351927338148,-1.1943292632026257,-1.3351185045936909
FAM227A,0.02811791705197912,-0.016668819822708514,0.18000321887240026
CBY1,-0.44341585059979494,-0.4372452461662597,-0.4486045683768581
ENSG00000228274,-1.4749744717954059,-0.24000876238311972,-0.5955932044249651
TOMM22,-0.3198308498738988,-0.5912402117758971,-0.9016177575304027
JOSD1,-0.04658496427209973,-0.6128041549175122,0.07778330332833142
GTPBP1,-0.09547259473288612,-0.34740724961909564,-0.43761548853541754
SUN2,0.4032926488227489,-0.4231872813152435,-0.26422973765723873
ENSG00000225450,-0.7055133512119589,-0.520676728601405,-0.28514718210210793
DNAL4,-1.1178623686355387,-0.1806439149319701,-0.3419032527846646
NPTXR,-0.6293471632347298,-0.6469916635839752,-0.4687549207082214
CBX6,-0.6923511381876929,-0.19598167675591682,-1.008407145903501
APOBEC3C,-0.14660245019256374,-0.2425614080709089,-0.49679227999450143
APOBEC3F,-0.1965406387060575,-0.49194514202888234,-0.6384821666688509
CBX7,0.2480458952195157,-1.2490298813497809,-0.45824438839845877
PDGFB,-0.059117820580830496,0.016611088953098253,-0.6397529735362434
RPL3,-0.3521686415183538,-0.2508603800044736,-0.27745150424593307
SYNGR1,-0.3080461633990446,-0.3799251792697831,-0.8330683143221371
TAB1,-0.7591718071951377,-0.41185814634830115,-0.7034382206112789
MGAT3,-0.2132295102357631,-0.5076952877346733,-0.31526983436208406
MIEF1,-0.7110942434278833,-0.39211159941670104,-0.8433971060971146
ATF4,-0.45719527671373333,-0.06973480831016939,-0.1922600623227239
RPS19BP1,-0.5317416509522452,-0.7204212649160091,-0.7236893931060564
TNRC6B,-0.4951318680019341,-0.5805383643066584,-0.5965906034781127
ADSL,-0.6293120109303773,-0.4671188235336637,-0.7017362776436578
SGSM3,-0.5391894318489712,-0.5184040480492733,-0.3409858159621955
MRTFA,-0.11194894708664191,0.15541962238294013,0.12489301906930796
SLC25A17,-0.8116258637574455,-0.20226130539061415,-0.8420238534935685
ST13,-0.7667834212960862,-0.6190262566946885,-0.7071787879692444
XPNPEP3,-0.4345433018673503,-0.5751614966751077,-0.14855276748957286
RBX1,-0.532356647889447,-0.8198885111024339,-0.6574311167990672
EP300,-0.5364703591822034,-0.5594307433909371,-0.4027900587513251
L3MBTL2,0.01478639716425798,-0.6163365111470328,-0.5669296085686639
RANGAP1,0.5899375512159359,-0.040139408399760164,0.14202832059035939
ZC3H7B,-0.3742615305290472,-0.9728436030828113,-0.5029227148966201
TEF,-0.4197128354678164,-0.042667395085789664,-0.4651318329344427
TOB2,-0.11578176201862075,-0.28121097577528076,-0.1699817188347019
ACO2,-0.6286692991017767,-0.7331792419642866,-0.8575623595206316
PHF5A,-0.532196060412467,-0.9931797549269278,-0.7356447343717427
POLR3H,-0.2753853044009417,-0.43545611621831165,0.31910309602339376
PMM1,-0.824565345826354,-0.6702966843185364,-0.5597683259591157
DESI1,-0.6631606669001755,-0.865253951594415,-0.60275667761465
XRCC6,-0.5769588683727384,-1.003501223735885,-0.7107753346296377
SNU13,-0.45603495217698503,-0.5586372988698259,-0.5412693366871046
CCDC134,0.10676455108536223,-0.07967239560401751,-1.0436236554291156
SREBF2-AS1,-0.08960719425743587,-0.543113200538027,0.2011451167005767
SREBF2,0.03495708876895515,0.2802853640588587,0.05769154358835139
CENPM,1.1175423360593584,1.3576946960949101,1.4056392448798114
NAGA,-0.35262974160945865,-0.5588964898264344,-0.8067274731814678
SMDT1,-0.2239318123219683,-0.5974849473103988,-1.231705857968997
NDUFA6,-0.501719182410927,-0.4841346489198912,-0.4947946690782956
NDUFA6-DT,0.3177327142024318,-0.4464183463788843,-0.40834385878444474
TCF20,-0.2275576378695626,-0.35213389660993505,-0.23903531234521583
RRP7A,-0.8278588408299363,-0.7354784347821983,-0.5790687386799256
SERHL2,-1.2673080390499116,-0.9348356947618335,-1.093562725247203
RRP7BP,-0.7757863151532299,-0.5776726650053341,-0.030135402175275827
POLDIP3,-1.0613200752674778,-0.42002602927448857,-0.6066964256675789
CYB5R3,-0.7317860693654303,-0.7218955683404538,-0.5108707841896241
ARFGAP3,-0.542156579296627,-0.6483171078655979,-0.4437096675759839
PACSIN2,-0.5103730568526785,-0.529321054028145,-0.23710345603088706
TTLL1,-0.4539278760310097,-0.1534696730846897,-0.37660833526590304
BIK,0.5436481738590864,0.4135708911839692,0.2430185700254946
MCAT,-1.0464444885616686,-0.6126984918660021,-0.46624532866192686
TSPO,-0.2111401709351845,0.009541605139609891,0.7708945069038363
TTLL12,-0.21497929560980467,-0.985152847533417,-0.3731164932747965
SCUBE1,0.8970091865609504,0.8946816871084486,2.016267141719677
EFCAB6,0.6174438820671497,0.5474385265118187,0.9780920760379921
SAMM50,-0.8009449480424138,-1.201195097060694,-0.8468103844764876
PARVB,-0.05042777038236319,0.2841760433077454,-0.015422283561225191
RTL6,-0.32730185335048395,-0.4365679395721643,-0.31752427263199934
PRR5,-0.6819987893246696,-1.118250843630065,-0.2649581799698417
ARHGAP8,-0.17688983856374557,-0.5086337126112568,0.25009621911322105
PHF21B,0.28493790509223155,0.13259727201938182,0.4905497363218601
NUP50-DT,0.40589106697058597,0.185504381119852,-0.014614618555952988
NUP50,0.5011267651460648,-0.3036375942409037,0.07263055237784496
KIAA0930,-0.3995152489590198,-0.20955459024716566,-0.47909018719459695
FAM118A,-0.94604795000431,-0.5646809399043881,-0.3769269449991519
FBLN1,1.4287927246938636,0.7526113502993573,1.2318933847077318
ENSG00000280383,-0.5924813952564669,-0.5205303079867285,-0.301808012570195
ATXN10,-0.6514748448465504,-0.6650640749030678,-0.949116041535202
PPARA,-0.045952344249805356,0.1676757414009237,0.08763726726574814
CDPF1,-0.4238652061968083,-0.6051999417165385,-0.41915961613027974
TTC38,-1.7039632105488494,-0.7583145886350914,-0.5546351798831494
GTSE1,2.5208789605041986,2.5409402306671964,2.3181983884170734
TRMU,-0.93201829987035,-0.5985158605439516,-0.7416321937318244
CELSR1,0.12559564825627234,0.35836314610605763,-0.15851783416383478
LINC02925,0.12714978704756771,-0.702839221745549,0.4189016013492868
GRAMD4,-0.39411649678552146,-0.22313137947658396,-0.3523375157253455
CERK,-0.6998382048678806,-0.8229223276715487,-0.6921613819052298
TBC1D22A-DT,-0.459109657033391,-0.05490007853190454,-0.24424005410845595
TBC1D22A,-0.12064670196799204,-0.013323210842067078,0.06858373785620485
TAFA5,1.1950539350414076,1.324173608922731,0.4511201225508969
BRD1,-0.6348650078969129,-0.8349297331629302,-0.5244349674695457
ZBED4,-0.45186625896009147,-0.29398975947800915,-0.5215222376839463
ALG12,-0.41475951605412936,-0.5068196771437705,-0.7772414293522516
CRELD2,-0.3893944440857702,-0.7323812111647321,-0.12992720867181265
PIM3,-0.4551278816030582,-0.5463739065510255,-0.22087291704003673
PANX2,-0.7920200087458404,0.34774718593105197,-0.14031600860517912
TRABD,-0.3710157939372358,-0.6011761402427176,-0.7136917993153133
SELENOO,-0.6440718864255537,-0.5655092944341042,-0.32284233653608757
TUBGCP6,-0.5153042849513234,-0.9867112915918312,-0.30920442423648004
HDAC10,-1.2920355713459557,-0.8736612559491164,-0.8869706237566214
MAPK12,-0.6102604694628475,-0.655690386864581,-0.3480896192541856
PLXNB2,-0.6502091239673967,-0.44751829184278696,-0.22575928051363897
DENND6B,-0.7259592205014265,-0.3097637132086036,0.2943682559836453
PPP6R2,-0.8220264326612502,-0.6568300323611282,-0.19477338552675155
SBF1,-0.2696603486161422,-0.8409691619896158,-0.3590976053812867
LMF2,-0.40469929654546627,-0.4398351030398863,-0.6974938702130586
NCAPH2,-0.21710110494625917,0.06377041770880607,0.21145597410732364
SCO2,-0.4070288494555783,-0.7006040467267418,-0.4291593962649714
TYMP,-0.9924161105864188,-0.9218685429212243,-0.8890262272373768
CPT1B,-0.8151842112835972,-0.4562185858105217,-0.40277340213999574
CHKB,-0.285876668221789,-0.7932203135873266,-1.1479452970773316
CHKB-DT,-0.13248392700314676,0.16868266820411995,0.06600175268160059
ARSA,-0.5591222471363935,-1.253255316685216,-0.11905641001539284
SHANK3,-0.2753543291763449,-0.9460642470791463,-0.30064424390088723
RPL23AP7,-0.3276080743129804,-0.19124966310229755,-0.6943907020386852
RABL2B,-0.3379350851512761,-0.40704003285680196,-0.7038952541667136
PLCXD1,-0.2701241182520456,-0.21450750508206792,-0.4026117509791903
GTPBP6,-0.41279123152914815,-0.7846740022758212,-0.34163145442152393
LINC00685,-0.29766352368358895,0.04986188918826418,-0.6179777455252234
PPP2R3B,-0.9945572868716149,-0.33545487815576885,-0.41534670912970384
CSF2RA,-0.9374800098098781,0.1831295908067574,0.3009924082185193
IL3RA,0.08768379937222198,-0.2815442617610629,-0.2385049190815352
SLC25A6,-0.08237897354436188,-0.07689908993116387,0.029464968526021186
LINC00106,0.019968514726432476,-0.16013118740417562,-0.691444476729547
ASMTL-AS1,-0.058952777515511215,0.07103006641717965,0.17920685378323145
ASMTL,-0.5419441978190527,-0.30996607810660487,-1.7413985890294654
AKAP17A,-0.469795873761825,-0.905939451412884,-0.9151014241221915
DHRSX,-0.03294416356683524,-0.20895677045927738,-0.3204026369587006
ZBED1,-1.3579337608538182,-0.1320207033297826,-0.7572474405548242
ENSG00000289007,0.031841070394396064,-0.24558336499847044,-0.418399970670059
CD99P1,-0.02466935630924998,-0.13701832422709265,-0.2284972238160528
CD99,-0.3625164084248951,-0.4430599677248353,-0.33718648485414354
GYG2,0.16291053509006292,0.12140401333564554,-0.19573691177663485
ARSD,-0.22025274867268152,-0.5290204182872635,-0.2173540529802444
PRKX,0.12023395751915081,-0.0883563970061729,0.5520776304536028
ENSG00000285756,-0.29767044913466734,-0.3945525206368395,-0.287037470491466
NLGN4X,0.9176329658444367,1.1882695215174337,1.290646517018903
PUDP,0.59749375525152,0.8975802016537671,0.11752700187329514
STS,1.9643662501025787,1.7233866137714386,1.5083005573739783
PNPLA4,-0.5418058565522017,-0.2357826369463148,-0.16733477370714667
ENSG00000285679,1.1949634650450989,1.135298047916475,0.6468157497674589
ANOS1,0.8989293665482734,1.4203948518179388,1.1007507945551325
TBL1X,0.2764144659698111,0.3541841249419874,0.3429743507928827
GPR143,0.3110032855815063,-0.15569063507888362,-0.21362097012968204
SHROOM2,0.37631337338557813,-0.12775610258691825,-0.089567093459582
WWC3,-0.18134021481693804,-0.3935245855094713,-0.3560433839637796
CLCN4,-0.3671723604275599,0.04339641670135556,0.16281646295337984
MID1,2.6776166016372756,2.075482838796775,2.2221126377255818
HCCS-DT,2.7071709745086565,2.1203465596054443,2.491062977496213
HCCS,-0.7904953400278991,-0.06181956649384189,-0.11533343709456292
ARHGAP6,1.2889058279358032,1.252569031603528,1.3851681735983767
MSL3,-0.09674972620429759,-0.6939430256119188,-0.06449275331248573
FRMPD4,2.7651456264222674,3.1069038094450434,2.5995498783898547
PRPS2,0.16680161935158108,0.9481782529259313,-0.33104641221150294
TMSB4X,1.650222753253324,1.6080596603060755,2.1813600099829795
TCEANC,0.04314008801170376,-0.062249117467704486,-0.2833344664981823
RAB9A,-0.490653088670932,-0.18667484132372536,-0.3457392164542625
TRAPPC2,-0.4699165390793674,0.17639282790160485,-0.5471415078395268
OFD1,-0.505405299523332,-0.8852227596472915,-0.519560004272673
GPM6B,1.4513085439839557,1.7708365243197832,1.0977717292387652
GEMIN8,-0.15993961126454082,-0.09558756941369136,-0.17906931879677757
FANCB,1.6394411230310908,1.3069246252857702,1.0529692434849096
MOSPD2,0.20998481291232798,0.2239751384034179,0.27150395310197345
PIGA,-0.3361530233664886,-0.6098300599044713,-0.562053542577484
PIR,0.5695455661429918,0.6509629000654087,0.92195097282967
CLTRN,-0.07198346914012892,0.5305267035417636,-0.5739163939163134
CA5BP1,-0.11479577189933107,-0.31678253658656175,-0.49845540275122246
CA5B,0.19600440518064496,0.241408541245395,0.22981990460298357
ZRSR2,-0.35896095228947544,-0.21230354188675096,-0.39878382843636834
AP1S2,0.1581965908709151,0.037242766075820645,-0.0544056216157749
CTPS2,0.16908589260338044,-0.4224683252462569,-0.6371259985318253
SYAP1,-0.22865274028477953,-0.7499012448103777,-0.6425775161636694
TXLNG,-0.16881326697362556,-0.22130651921516176,-0.520962154133084
RBBP7,-0.5229191426541463,-1.189631706456023,-0.7004719746429764
REPS2,0.7541952081006578,0.78197534040601,0.7617487304635943
NHS,1.6148329383232038,1.5079951424545754,0.9400075143900571
SCML1,0.23715436441868218,0.16887410619833076,0.17132801569939451
LINC01456,2.1213056113955524,1.1176117799328615,1.0726276764975573
SCML2,0.0220217755113552,-0.18288351390861027,0.0066771126501344565
CDKL5,0.27071806643864,0.017563972174894398,0.1980585851330013
PHKA2,-0.18037111454039947,0.15399918636801138,0.17145931209506668
ENSG00000286724,0.7281822479573243,0.6846233698216757,0.5083971840287411
ADGRG2,0.9363554881029543,1.3593889785554474,0.949123840371609
PDHA1,-0.06086014493670793,0.03884800434277844,-0.031231155233907532
MAP3K15,0.5701917507658152,-0.26960973928506604,-0.03750814112268233
SH3KBP1,1.5983083739025155,1.1550119742301028,1.246500639284239
BCLAF3,0.39551871880991735,-0.4599928639680933,-0.2960181062973995
EIF1AX,-0.49856878486177075,-0.4621470168871901,-0.43155472858367
RPS6KA3,0.6372501280430676,0.478528354797497,0.48191245412484207
CNKSR2,1.4466914751438225,1.0188775254618392,0.8475531977121413
SMPX,0.48751888359252854,0.0986006775295998,0.4809957938172679
MBTPS2,-0.6445549145331774,-0.024957983201431954,-0.04919847865849297
SMS,0.19656218507354586,0.295439413759869,0.4162965664715799
PHEX,0.8086140062778142,0.668740735072614,1.1122566473787678
ENSG00000289084,2.6667272338057657,3.0466114400147255,3.994646735534154
PTCHD1,1.6213854812492272,1.7592372151208373,1.9008105827673702
PRDX4,-0.5516181052551659,-0.5124458471978883,-0.49077952302369715
ACOT9,-0.007841188600210096,-0.65761513075649,-0.16881963196653513
SAT1,0.12405822443848182,0.28499729338278007,0.6622771377268002
APOO,-0.3418367878308146,-0.5937938085961711,-0.5050304203427949
KLHL15,-0.6673848059924623,-0.3983279099991641,-0.526465816533456
EIF2S3,-0.6498368357930245,-0.5614423648884888,-0.41936916250073614
ZFX,-0.589985228078742,-0.3713169719221519,-0.4781458287290477
PDK3,0.12729064277325358,0.10654610578903964,-0.15620778753321932
PCYT1B,0.6599230774035973,0.49495925630472115,0.8998029929924058
POLA1,0.5196172400040133,0.6153458202713367,0.5264817947091878
IL1RAPL1,2.204233410186731,2.239078296028204,1.9982882549003254
GK,-0.19455247452390984,-0.10964681732911082,0.004477916580977804
TAB3,0.14079783463650128,-0.21253971354472506,-0.03161853851090158
DMD,1.0709050895441585,0.6854826466057151,1.5654240544399691
ENSG00000233928,1.8184008939239789,2.464517707646337,1.963224245573965
TMEM47,0.553222537686306,0.7964441823878303,0.4330641085082299
PRRG1,0.35994509897225413,0.4766166012098125,0.2913456910752785
XK,-0.030744813593372517,-0.2441002475349698,0.4914517888780238
DYNLT3,0.7009403717805931,0.3385245146873182,0.22832912963276192
ENSG00000259977,1.0437115324079542,0.7816378063344834,0.8523001838204891
SYTL5,1.7423292694786348,1.4177904417668792,1.811595635859053
SRPX,0.569612803392765,0.7189585097685125,0.47516375191381854
RPGR,0.4128632814295052,0.47705914400292926,0.37018600944039187
TSPAN7,2.0847986371327423,2.086391378695861,1.3262309718663445
MID1IP1,-0.019076999867579048,-0.27290710781956307,-0.00045522248732867484
BCOR,-0.4381633249607475,0.024414283997746422,-0.05666257132018517
ATP6AP2,-0.4302107220496331,-0.6342022165344937,-0.5334333126086753
CXorf38,0.27297934015989966,-0.5956421996563677,-0.6518182985008031
MED14,-0.3686321973496049,-0.6598723593960899,-0.7873146055279143
USP9X,-0.9380710552515339,-0.5886239945942506,-0.43930579499886585
DDX3X,-0.4996659102454544,-0.4123635013822273,-0.6862568633758244
CASK,0.08273305950680057,0.4181098203501002,-0.13956999562600814
EFHC2,1.0488018495944118,0.6963680511560284,0.3582018820948747
FUNDC1,-0.12944163774699294,-0.6090689322610386,-0.5602107541185646
KDM6A,0.13337526872574304,0.2122728451787737,0.47042036008256716
KRBOX4,-0.4253232039236323,-0.2437671090881892,-0.5724432299947537
ZNF674,-1.1032081525950233,-0.7639756804390211,-0.6092996861849898
ZNF674-AS1,-0.8927295257134737,-1.0815998932139408,-0.7606127670668883
SLC9A7,0.07780262191027985,0.06454553703170152,0.1154596326415386
RP2,-0.4031610016345936,0.1579539752978008,0.1660566924678512
JADE3,0.13165854263380075,0.34413332462311175,0.20267066771230438
RGN,0.5513706157589588,0.40104975028936346,0.3177174378653902
NDUFB11,-0.6121008659129892,-0.7685224277656921,-0.12374268514538046
RBM10,-0.8325101855229846,-0.34783273459062874,-0.7356932512259782
UBA1,-0.4036180052774938,-0.8085679929181815,-1.0430033895001216
CDK16,-0.18019130832751884,-0.8612173877622595,-0.5962469801889512
USP11,-0.4458336455503265,-0.5544864552381911,-1.119803752926817
ZNF41,-0.5639512154660088,-0.013301264771122555,0.0325012167010286
LINC01560,-0.23166067550912567,-0.4986354454397173,-1.066055609163616
ARAF,-0.5717228217865795,-0.4730537483809236,-0.5957156533204895
TIMP1,0.40206298022495096,0.07987378014230026,0.7230933831051515
ELK1,-0.6375822683120305,0.004322708072073968,-0.5695151945439356
UXT,-0.3814880428382352,-0.7616222515095892,-0.7225902023029
ZNF81,0.32619790310387137,0.43107676626302555,0.7926842013938185
ZNF182,-0.16262544797456618,-0.7134498309567867,-0.55271109979509
FTSJ1,-0.8102793443829661,-0.2982434861173679,-0.5990310721505949
PORCN,-0.6068647064680482,-0.9789073568954976,0.02004872321293411
EBP,-0.28221177183182183,-0.16383002917586958,-0.25049813591023096
TBC1D25,-0.5207324151396264,-0.30730821274572767,-0.2698673107732787
RBM3,-0.0841656955328993,0.09872104188883306,0.3152687687793225
WDR13,-1.563832441544335,-0.8935366139982754,-1.933731979327149
ENSG00000232828,0.43940175348205907,-0.3380291063357959,-0.1638440644186936
HDAC6,-0.24954564898972362,-0.23203312799848413,-0.9306266726424717
PCSK1N,-0.10056832288300299,0.4599574993629538,0.763107102187778
PQBP1,-0.5975179583994148,-0.6471496114598524,-0.7762913713669128
TIMM17B,-0.6938227227204301,-0.8656066168220882,-0.4331327020850572
SLC35A2,-0.3224596624557741,-0.8907013055538364,-0.37957745246503194
OTUD5,-0.5190837378831573,-0.3924520538782659,-0.4865981822988203
GRIPAP1,-0.2733908887423908,-0.4943297724538773,-0.617984461723946
TFE3,-0.5879570575465288,-0.5718443106990668,-0.4529307842915387
CCDC120,-0.13558937510640232,-0.9664802589382866,-0.4675648364064849
PRAF2,-0.41123207431188646,-0.9869992969958831,-0.26772872369207684
WDR45,-0.03326528515656688,-1.4829897118379023,-0.2672736580584783
GPKOW,-0.07789384222226656,-0.17503964332223274,-0.7091547089420089
PLP2,0.013347465099038,0.23821844163478548,0.26375307148231286
CCDC22,-0.8207088774321569,-0.6068743565773183,-0.7524446910386118
PPP1R3F,-1.0856280212870146,-0.9769682804320539,-0.8146979263293908
USP27X,0.10099414288322714,-0.31179449854037244,-0.08502983216525091
CLCN5,1.1764727028552997,1.3346476503267475,0.8198320107422781
SHROOM4,1.7164419813474296,2.435096620025476,2.247867858735617
NUDT10,-0.5853408668445398,-1.034132047340151,-0.17154116296532612
NUDT11,0.10984416428143004,0.03347153221025318,-0.16781877083171182
GSPT2,-0.026797996834147884,-0.009164710846949508,-0.2723561619333736
MAGED1,-0.3827812246346553,-0.03717507600763884,-0.3768299054738051
FAM156A,-0.14042713567928908,-0.4928115119939597,-1.3195594412568994
GPR173,0.6090500328981392,0.7079589008279754,0.7111579804650071
TSPYL2,0.1486328384334036,0.06973044769395642,0.37241716854181917
KANTR,0.41941896339809764,0.14009944531389001,0.4255412709959004
KDM5C,-0.8732201721645865,-1.0842392852011997,-0.19845812523329445
IQSEC2,0.11043156764561599,0.0021731302937552845,-0.4598686723657509
SMC1A,0.44990568567277117,0.08233101639243041,0.2860053178451167
HSD17B10,-0.542458525292698,-0.1492505469987435,0.0026606656300635885
HUWE1,-0.7300971793084265,-0.5677927773918049,-0.5988715657212822
PHF8,-0.47351829695498177,-0.09282157447557186,-0.046569896018304774
FAM120C,-0.3805740084790692,-0.642040805861491,-0.10580707524528421
WNK3,0.04404332704874037,0.1854982325135488,0.2267339710585467
TSR2,-1.1803899419604278,-0.3607989699337182,-0.36875774622343016
FGD1,-0.721203913936499,-0.647397839505377,-0.49075112858772135
GNL3L,-0.18064058306603675,-0.37393080366648235,-0.5012293850302428
MAGED2,-0.35993736414813426,-0.30469949689771164,-0.56451063762956
TRO,-0.39750706751264536,-0.730026954862911,-0.6022725532591906
APEX2,-0.6009911108887671,-0.6899098302551288,-0.5788700928587714
FAM104B,-0.45454631314068555,-0.1716175090753609,-0.33819765199209334
RRAGB,-0.3106499801894032,-0.48248987394391213,-0.3009312393610202
UBQLN2,-0.7862103340453359,-0.7473087925701591,-0.38820833698410695
NBDY,-0.6446301218378494,-0.7295215948576939,-0.6891454738410623
SPIN3,0.5034148552943201,-0.1377157920646504,0.5870890419815353
SPIN2B,-0.329267161635947,-0.5705526633001518,-0.6071810233268876
ENSG00000226310,-0.40043206113550056,-0.00020602310905101125,-0.3513565403279202
SPIN2A,-0.8198173633855319,-0.5842134229302723,-0.9194361817298393
FAAH2,1.0674875968874105,0.9250984068103953,0.7572204078600998
ZXDB,-0.5327331973954728,-0.7404838336304955,-0.13440357997863825
LINC01278,0.25745740848123694,0.13783297893812116,-0.025955937051623544
SPIN4,-0.7318144181159525,-0.3003063343678071,-0.5182746662645564
ARHGEF9,0.44817549384048044,0.3479743937938657,0.3067787495676519
AMER1,0.33684266006349267,-0.3596131009117122,-0.06861407395718193
MTMR8,0.137768647660927,0.5270527931736062,0.8382578182885716
ZC4H2,0.06738259773247535,0.16669532878692903,0.49447977950618593
ZC3H12B,1.4705567179864651,1.2400053512679854,1.2630106909534504
LAS1L,-0.4163168989021209,-0.5302815761567885,-0.23737287641288776
MSN,-0.18088681671516588,0.22888282680633762,-0.38344613509501363
HEPH,0.8856404305725435,0.5217091417338366,0.5064600271627312
EDA2R,0.8992813592775625,0.6578715455959276,0.7542219324944738
OPHN1,0.44646698423886383,0.27934472421129886,0.5382158067426239
YIPF6,-1.219375998454339,-0.824425356521953,-1.1194644724418836
EFNB1,0.09139686159042887,-0.41894048745360735,0.27511143388656123
PJA1,-0.15656845513675322,-0.7816995976518051,0.048978696886255335
EDA,3.030916828105429,2.1572566983072505,1.6023032693026096
IGBP1,-0.6100656636264752,-0.6965643406584832,-0.2828333953537196
PDZD11,-0.5160934312675352,-0.6615975807769061,-0.23937101796012425
KIF4A,2.5249324005756115,2.8412643904192834,2.7668874651618722
DLG3,-0.5931878592087863,0.31080683727484976,-0.45964455054783215
SNX12,-0.3596604669540469,-0.7288648164568379,-0.26723761364761245
FOXO4,-0.9791056102167559,-1.4312991143426501,-0.3087601336056664
MED12,-1.2282519541181998,-0.5245356154410636,-0.7213168896228339
NLGN3,0.11281195897462126,0.4027340984966799,-0.36542619964717465
ZMYM3,-0.408182136694439,-1.0828775476814236,-0.8038731179601868
NONO,-0.5056614441143205,-0.5106514734908564,-0.4830243349641813
ITGB1BP2,0.48282231607236875,0.36988899563561267,0.19165960411966415
TAF1,-0.20424464713774176,0.28258718270924277,-0.23158637187677653
OGT,-0.7001797192118815,-0.12038309185338035,-0.5821437958346074
GCNA,0.4601375050038427,0.5819398411140391,0.22851832830243884
NHSL2,1.7303078250281807,1.296796414528675,0.5788138457274528
RTL5,-0.35274298600019094,-0.9698666341391053,0.23904296323419413
PIN4,-0.713906315243733,-0.4868006930402302,-0.35820893214956934
ERCC6L,1.0289914726994596,0.5505138830757055,0.6515036732675235
RPS4X,-0.3748891804112287,-0.22984965269987254,-0.2646829332197083
HDAC8,0.13563316098748496,-0.025840722683110398,0.03133718850471827
PHKA1,0.3926254529501741,0.48106270287365754,0.7229910388066615
NAP1L2,0.03072121304436941,0.2410591289285761,-0.16634649228896237
CHIC1,0.34257406816178465,-0.053202779861805966,-0.1377552259051385
XIST,0.07831450515256584,-0.7483984410679767,-1.176579452533666
FTX,0.16860377988771097,-0.15729479515258046,0.11580821457230438
JPX,-0.3715001419206452,-0.44636643017809524,-0.6358398456311106
ENSG00000271533,-0.9629640863823994,0.037639989008191314,-0.1625685049057282
SLC16A2,0.6478793308258588,0.45521822047078325,0.8149069301459733
RLIM,-0.7879986486334438,-0.710175201940725,-0.3339851142491739
NEXMIF,1.4121778894087136,2.2398512384230287,1.7403823678427166
ABCB7,0.04076259258400226,0.16500816496849785,-0.034972203044624436
UPRT,0.5868806023652091,-0.5197848208494236,0.16315595084584802
ZDHHC15,0.0902321473637642,0.2129177669189239,0.6987062157587047
PBDC1,-0.15566855273035068,-0.7950994249322854,-0.3480665355431683
MAGEE1,-1.197334274023877,-0.37344166910071414,-1.1067700219549472
MIR325HG,2.5189512708965225,2.501198437233345,1.8023737381877964
ATRX,-0.6813205187286789,-0.6387627838114334,-0.6810825866897866
MAGT1,-0.09217192713527562,-0.26751245746799773,-0.36025852212708287
COX7B,0.2413056748365712,-0.15095884462002124,-0.09297750169091042
ATP7A,-0.1906340799696516,-0.37494921169830064,-0.3875460294741623
PGK1,0.3978427636306279,0.4453489791868179,0.4095960420009881
TAF9B,-0.12755343881705278,-0.5250459670994799,-0.0663705990813419
ITM2A,0.29148752585572524,1.0385203758897852,0.6818766240727321
BRWD3,0.20983802376245464,-0.16311964303856635,0.10217204430933069
HMGN5,0.91031334360229,0.7384109137220172,0.9711078244647062
SH3BGRL,-0.4468756878429758,-0.4240839603835873,-0.20349094509454702
RPS6KA6,0.4930741874500058,0.27364121230521476,0.2592005959076893
HDX,1.3409389901694126,1.1931103269840975,0.8321541452932131
APOOL,-0.5333369134755088,-0.7138417022649719,-0.32011460687364485
SATL1,0.5111339787331167,0.30232465601428155,0.4657592379061058
ZNF711,-0.43148405717018085,-0.37049745291548325,-0.0360776130580121
CHM,-0.26697210020786244,-0.5136921382303896,0.11076536640147336
DACH2,3.6529303718995223,1.5466225287945221,2.0266367380865127
KLHL4,1.414765391308773,1.5783830148829878,1.3297180994277866
PABPC5,0.06562358291591869,0.28608491139126,0.14227333155578847
PCDH11X,1.5634995464865646,3.0318763267521014,2.8447751920038513
NAP1L3,0.050202397632546074,-0.1478281660953264,-0.0943436670277294
FAM133A,-0.0467164096754651,0.489714031214529,0.26924817989906563
DIAPH2,1.0758896857021938,0.9048419252639482,0.8366696305424348
LINC03077,1.5934534985677011,2.013716305328227,0.9204554906132286
TSPAN6,-0.6416449859846836,-0.49172700084383436,-0.7334359067638552
CSTF2,-0.8536115888793319,-0.16278469845622826,-0.059570730942354544
TRMT2B,-0.02146613336298486,-0.2347486962461183,-0.4464357774396746
TMEM35A,0.8698896723002462,1.293020729351099,0.6717120752824819
CENPI,1.7941747618341424,2.0098282097435956,1.3722153777977795
TIMM8A,-0.3998009821688306,-0.7304690357012156,-0.2650108384152894
RPL36A,0.006632257164904252,0.11706650787149549,0.13464961187947816
GLA,-0.6226908473576601,-0.3590453277571868,-0.1958730399464272
HNRNPH2,-0.4584703509001109,-0.7170258530775016,-0.6325374214107846
ARMCX4,0.7433222971772544,-0.09600126743211132,-0.036215431007367065
ARMCX1,0.9102046818072793,0.3241719632050071,0.28844721262636946
ARMCX6,-0.6391175264391897,-0.42430773852566256,-0.6214776286306432
ARMCX3,-0.12048511110516098,-0.28065831896651966,-0.16607953625368313
ARMCX2,-0.150894335755666,-0.45903916369377384,-0.48351503276408886
ZMAT1,-0.2741511325741115,0.3130140231276926,0.31814151301552235
BEX5,-0.011843161952672397,-0.3888709587332997,0.12219278614478318
TMSB15A,1.3076001755456303,1.6969439570013805,1.2517921772274292
ARMCX5,-0.054786729587064514,-0.2505068436344651,-0.97002248255097
ARMCX5-GPRASP2,0.37917680299959144,0.5393663843959295,0.3330231937749844
GPRASP1,0.11520848716740774,-0.13394652645238378,-0.7140041874478769
GPRASP2,0.056559561177213204,-0.3977615729590837,-0.05674558012330169
LINC00630,0.011162030214187359,0.27743710237306024,0.43769248916915166
ENSG00000239407,-0.8623539174356836,-1.1810609403014425,-0.5330183778051172
BEX1,1.3127683711392208,0.9752582110726457,0.8430800410363518
BEX4,-0.6478168884776315,-0.7932485045566224,-0.5935240552403549
TCEAL8,-0.5064982877903645,-0.7448377992179758,-0.7452723112151318
BEX2,0.04815747598782145,0.01643020109172612,0.257890712218721
TCEAL7,0.2666349114355882,1.1973835273276485,0.7488301059986142
TCEAL9,-0.19785423613641126,-0.15408883009114765,-0.0639244092827482
BEX3,-0.4421711995741795,-0.3176744900431352,-0.42494289286229575
ENSG00000234405,-0.38691580930548847,-0.052203992667450884,0.2450421523879562
RAB40A,0.033782081644204626,-0.3867746795189717,-0.10249187734650175
TCEAL4,-0.3264171897783719,-0.3415038772873089,-0.8521569506827937
TCEAL3,0.2638048614166557,0.457019019030156,0.3942663771001165
TCEAL1,0.09363557420762807,-0.1536505055257997,0.10196216919698027
MORF4L2,-0.39651850530145083,-0.7511897542790713,-0.9061697245332034
MORF4L2-AS1,-0.11377938674046464,-1.2175123912154078,-0.101797937564271
RAB9B,-0.17874850374951376,-0.19492154151978272,0.48308594986989206
TMSB15B-AS1,0.755309622264484,1.1282884554965982,1.1352869406037875
TMSB15B,-0.8633864657686168,-0.13402619894778664,-0.19414380970093956
SLC25A53,-0.4639814816071102,0.13041908050204043,-0.16189301097861278
FAM199X,-0.6046793277577295,-0.8387178120983982,-0.33570311088546484
IL1RAPL2,3.5198671846308187,3.713130638769236,0.9964108687460359
PWWP3B,-0.1590490718253541,0.015755862973364194,-0.0011079779744029533
RADX,0.5408151322544299,0.7074866967385028,0.08954480769990877
TBC1D8B,0.030118281772448734,-0.30289299332242337,-0.2432984824712463
MORC4,0.4456808527705683,1.3802616591732288,1.1753336626843698
RBM41,-0.47403064620824503,-0.22632399101610198,-0.07266670872886392
NUP62CL,0.2661418691049064,0.34683305115494534,0.5972142597533541
PRPS1,-0.7716980744138908,-0.843394381105103,-0.8831644831435915
TSC22D3,0.16571048151343243,0.057670769727415964,-0.01645728506848702
MID2,0.03830071685698407,0.42465790165311285,-0.041575712971891186
PSMD10,-0.8331575522659592,-0.4707498971140574,-0.6285210162413648
ATG4A,-0.3231574835519631,-0.09610089796510475,-0.2504603751631507
COL4A6,1.0286022628413356,0.845861059311094,1.117441775793509
COL4A5,0.284906814874315,0.06009205306969169,0.33236211338311955
NXT2,-0.780479107261968,-0.5290299128227539,-0.8956246592707764
ACSL4,0.25521673765112846,0.6990639411836135,0.2730294124562285
TMEM164,0.5750154147882078,0.09578529715327377,0.08538672002386957
AMMECR1,0.8896000893031086,0.23687370649422593,0.0868932407166874
PAK3,1.644955103461676,1.6042558756979304,0.8019360800148405
SERTM2,0.1639525484163862,-0.24477581552272548,0.08893269561654184
ALG13,-0.23043467676767904,-0.03244188053647432,-0.09657312094264722
AMOT,0.33955078614221174,0.841973189410659,0.4951542715184658
LRCH2,0.340227540716139,0.08684230497290463,0.34064889331393294
PLS3-AS1,1.0649934232985956,0.5070586495624526,0.6701326176099691
PLS3,0.13917251558772756,0.057746864224650696,0.2655587851291337
DANT2,-0.31207517734463863,-0.3257977811735309,-0.1703356267015579
KLHL13,1.0965981113664256,1.160575093551703,0.964718938792597
WDR44,0.06736730925177181,0.08495700600781565,-0.18019202198834347
DOCK11,0.9629132909969229,1.446300368118848,1.2723376882653668
IL13RA1,-0.3746623098349779,-0.4153281007145075,-0.39043690437612005
PGRMC1,-0.2852118982268336,-0.0350739339957507,-0.5079289123580573
SLC25A43,0.445467539093908,0.4349075741525574,0.41008223209122713
SLC25A5,-0.2112105035629171,-0.1451491520132251,-0.0765372136645368
UBE2A,-0.7158848568579863,-0.8299990433790896,-0.6211258313334334
STEEP1,-0.16229002992319158,-0.4453058229538059,-0.5139718255545915
NKRF,0.18119100081080214,-0.34022997402239247,-0.029703081039315293
SEPTIN6,0.03033380542578708,0.04705099365221348,-0.22781795986605496
RPL39,-0.10298748614017046,-0.03389193367803851,0.04825823838475075
ENSG00000286366,-0.11606657905402075,-1.076336659274606,-1.1012872255530368
UPF3B,-0.44005799734212664,-0.0686591163147554,-0.5165298793744775
RNF113A,-0.428161491591915,-0.8587160451814385,-0.3294548147206875
NDUFA1,-0.4727459114371974,-0.33807880218289205,-0.56485526378545
NKAP,-0.41612554304148475,-0.05849795522311043,0.06403723178693005
RHOXF1P3,0.7019759680691776,0.4064392921381205,-0.5515219475296576
RHOXF1,0.18674481598907633,-0.024445017036313767,0.48305291556834
ZBTB33,-0.4322994428407547,-0.7039638045012176,-0.36445474575553755
LAMP2,-0.8409386311792381,-0.5942861169778376,0.061102403982367444
CUL4B,-0.3202299242415307,0.04692077729632507,-0.33908151349305277
MCTS1,-0.7224598753581368,-0.4416944930987193,-0.4973604439912229
C1GALT1C1,-0.09384712960477516,-0.7063573959615965,-0.502465684501729
GRIA3,1.992426146203801,1.6628512938690356,1.288520960750354
THOC2,-1.1073622621263013,-0.6160228993209494,-0.7704293138402143
XIAP,-0.9201191948272084,-0.3963878347448393,-1.1760610931381557
STAG2-AS1,-0.30287560738318936,-0.7322888641146399,-1.2442368048114396
STAG2,-0.5951200997982902,-0.4746218084908059,-0.43315898745117926
TENM1,3.1385883547069113,3.636813564838107,2.7640737789577052
ENSG00000225689,1.1930405954140255,1.3290720838436556,1.6714046366025244
SMARCA1,-0.25412439713803175,-0.30631740350158765,-0.17322331480468375
OCRL,-0.33867186096779983,-0.16055677526329148,-0.2714774425475319
ZDHHC9,-0.719051439161813,-0.08092450150362042,-0.9150490174314818
UTP14A,0.0747930432499472,-0.0001650952857730556,0.10835390601891252
BCORL1,0.1272166441200575,0.10324561855754064,-0.5121540560530599
AIFM1,-0.5184617037566036,-0.4510664943349277,-0.3862620161377067
ZNF280C,0.10035711000745094,0.20471332282469482,-0.1272967634836348
SLC25A14,-0.41869466584977033,-0.513697481893022,-0.6890267314686298
RBMX2,-0.5682824798295485,-0.6343004167440256,-0.26466624057180965
ENOX2,0.9137608282389564,0.7560790413264371,0.9591473237922942
IGSF1,2.1415108471099167,1.3794198076860624,0.5034080717835144
FIRRE,1.0120422691413395,1.0920162911908307,0.9321899853160004
STK26,0.19581400463085433,0.1555947613730667,0.416409794754312
RAP2C,-0.32202043145317566,-0.28399764455092225,-0.5571834844777506
RAP2C-AS1,0.9496361710180317,1.3496635050275607,0.7839577914265091
MBNL3,1.5895035346571795,1.3682065497434337,0.11891045349383952
HS6ST2,1.4446522104189619,2.002601140230208,1.5059751989980796
GPC4,0.8999122672855898,1.334580634162755,0.631597524146752
GPC3,2.821593884180814,2.5353568307222165,2.650873474489668
CCDC160,0.2046916178154667,0.4712584681773784,0.7268414877834921
PHF6,0.3348185339334861,-0.14473793004895802,0.09712306820550505
HPRT1,-0.12708198949592744,-0.028544554891425426,-0.17213031773049542
MIR503HG,0.3443650048547937,0.7387379733923716,0.5708301297795941
PLAC1,0.6051720434332815,0.7766938470443635,0.5333844085438137
PABIR2,-0.19574486968437915,0.046072341007015204,-0.2404062200160588
PABIR3,-0.17121479088704564,-0.4711846141479762,0.12140372332242684
MOSPD1,-0.39421225470588095,-0.10303453839298976,-0.022465386074635805
SMIM10,0.0162249710967649,-0.10399430198254934,0.39655386608905735
RTL8B,-0.18966495618672854,-0.2594830329972915,-0.49547871955896383
RTL8C,-0.4004754632788732,-0.7376156608094675,-0.6401316475276708
RTL8A,-0.44533674492107167,-0.33258822348535233,-0.6911855113114279
ZNF75D,0.6539353076594985,0.5428655749323532,0.5996540946968167
ZNF449,0.011490883813365911,-0.22572718284473933,-0.5411275444687967
INTS6L,0.6368476946746142,0.6214837644455855,0.9711316805372617
MMGT1,-1.0200553078349088,-0.40385010846381064,-0.2067538915603499
SLC9A6,-0.10617713446577429,-0.06857041919472809,-0.3057540278756327
FHL1,0.12004339669268299,1.1922779929856375,0.47327442984752827
MAP7D3,-0.353077419326329,0.17332282369696733,0.1295190369629466
HTATSF1,-0.30160884450571496,-0.7840870763693069,-0.12966546286738984
ENSG00000232611,0.16635220706087486,-0.22095741525129137,0.12715913051718172
RBMX,-0.7356798066250434,-0.5531123041345758,-0.5391357023650868
ENSG00000291054,0.5856484402953548,0.5803532498464534,0.8374139363222285
FGF13,1.7600256421045017,1.0074144033131596,0.8852980855669159
ATP11C,0.44167214002889205,0.212770728287694,-0.1837645808784387
LINC00632,1.126270929185896,1.4582014366667302,0.7445800777758259
LDOC1,-0.7782024281819632,-0.4822949518879262,-0.4338111907717704
SPANXA2-OT1,1.7837657665710793,2.0946095544594954,2.997540795539191
SLITRK4,0.40181229896463216,1.1178029408070458,0.5310606272181317
FMR1,-0.3773828548231997,0.3597492369032302,-0.3917299352679074
AFF2,1.6126399865394845,1.5914611032407109,1.0328926334137876
IDS,-0.3155338327083932,-0.3403283764275287,-0.5691959098221027
EOLA1-DT,-0.4213352825239269,0.07093754534513151,-0.33458809227452596
EOLA1,-0.35135112936795915,-0.5891235751071271,-0.07805942202378804
TMEM185A,0.8058243830085843,0.21764705684901745,0.16591199065048548
EOLA2,-0.598567946043076,-0.16281120159198537,-1.16146726842247
EOLA2-DT,0.5524556986220084,0.6656003559905095,0.7831125556589277
MTM1,0.35256320994171736,0.313794397577027,0.38441238030688757
MTMR1,0.04336335867281697,-0.43555423581219804,-0.26092242946379335
CD99L2,-0.15156314759635947,-0.26721457466974746,-0.41037529772500747
HMGB3,1.026837295808349,0.941578085043254,1.3960730209849785
VMA21,-0.5229400322337164,-0.8665076263296534,-0.7865653980552487
PRRG3,0.05694548810683732,0.0025590569708207464,-0.22648954873675112
CETN2,-0.8780032130849662,-0.5806339580178276,-0.2137168431900172
NSDHL,-0.5867320035119868,-1.4357903788875674,-0.08330535041525167
ZNF185,-0.31887364210117747,-0.011095473732055425,-0.22695072956361173
ZNF275,-0.09382689033039432,-0.6447203278466382,0.006059426105853221
CCNQ,-0.774078985460541,-0.6584158878716445,-0.2690653195097603
PNCK,1.1371759893895685,0.04106796794331664,0.5213738000445041
SLC6A8,-0.35732440640201796,-0.08854595292475058,-0.5650986673523376
BCAP31,-0.8490999500145868,-0.5297133144510474,-0.5130416296600514
ABCD1,-0.6971824309809804,-0.6350317248941089,-0.450218143660809
IDH3G,-0.6930716462223891,-1.2416602127543541,-0.5895848371417145
SSR4,-0.3982165176288924,-0.25741141237572057,-0.2319903268960495
ARHGAP4,-0.66670703793881,-0.9530750520225197,-0.21865694580007755
NAA10,-0.30795764156821187,-0.5017843079842628,-0.3777137902687038
RENBP,-0.49869701696551516,-0.6692541970735384,-0.262631410519969
HCFC1,-0.8584013118391701,-0.45432424173986524,-0.5036776593461774
TMEM187,-1.0912538861542842,-1.2803016943284007,-0.9715550670918276
IRAK1,-0.3137475830560455,-0.3581056467431161,-0.9716021554221044
MECP2,-0.6248295792143069,-0.7437900532152995,-0.2938060666958507
FLNA,0.418327574352336,0.7971178014265944,0.24684089742074986
EMD,-0.4104910127817298,-0.27053366801433054,-0.33206481647452085
RPL10,-0.040666872880381205,-0.0629089309933572,0.19907648086726934
DNASE1L1,-0.5915493906211999,-0.8928269740481625,-0.21211432497128865
TAFAZZIN,-0.07732852099701044,-0.3608864649848549,-0.24280570791507836
ATP6AP1-DT,-0.2996234014019486,-0.3382716560802343,-0.32416575334045555
ATP6AP1,-0.7270683393671469,-0.5110311908606421,-0.46734644872351444
GDI1,-0.40113494587136594,-0.32269534757014634,-0.25615998471774054
FAM50A,-0.5523832491961508,-0.712014064494948,-0.8244958309546604
PLXNA3,-0.12377551392785333,-0.5501726801506734,-1.1039606937265383
LAGE3,-0.21450522590928506,-0.310062305521054,-0.8426375974159548
UBL4A,-0.7556296563922444,-0.5799001164105634,-0.9637041392865839
SLC10A3,-1.8028120158606917,-0.713846064264839,-0.3023751592631251
FAM3A,-0.9957853386188908,-0.8252479296727877,-1.3555750408923366
G6PD,-0.6985061259727523,-0.3677398069289275,-0.3489666986519246
IKBKG,-1.0960925696665171,-1.1575821227431824,-0.633460200638833
GAB3,0.6151141973292304,0.31114364748139073,-0.22791141492324482
DKC1,-0.1780458017777207,-0.13994785652116445,-0.08934791142858949
MPP1,-0.32982737470977963,-0.44973648566527297,-0.33707348087661515
F8,0.43834170598433525,0.36025997756355105,0.10359385000149499
FUNDC2,-0.43180003118922977,-0.32886854686659467,-0.33927788058304037
CMC4,-0.4177723937918465,-0.33207020247656877,-0.5200366623887619
MTCP1,2.221787004115125,0.9256236521949255,1.1426829495446071
BRCC3,-0.2734961443742101,-0.46369533982152333,-0.006409627606181859
VBP1,-0.48057248817934445,-0.3182508387541212,-0.4901225846627639
RAB39B,-0.20456389304247224,-1.0088962068275826,0.49329172431124135
TMLHE-AS1,1.799198484647878,1.00316947642305,-0.423066786416392
TMLHE,0.6828260787714946,0.6460559583165306,0.7123987651298974
SPRY3,1.4296396033383019,1.360599488156467,0.8796221205863474
VAMP7,-0.42085063158133457,-0.8922664516206744,-0.007876944076727517
WASH6P,-0.42043395945570344,-0.9920565342997918,-1.2350683387178023
MT-ND1,-0.21985750460792275,0.45214213923822827,0.13460604078968783
MT-ND2,0.02730650556298996,0.6104044803936794,0.07208645537819434
MT-CO1,-0.7332245066096519,-0.5632766235759591,-0.6164125210350876
MT-CO2,-0.2249694852918332,0.08430289138731331,0.15355482973413892
MT-ATP8,-0.11363065132650621,0.4389409288274742,0.10773800147105196
MT-ATP6,-0.18244893877761112,0.24444341863156888,0.21157526165675128
MT-CO3,-0.39837148045463694,-0.20298355549255648,-0.13668016528500007
MT-ND3,0.3089452057562223,0.7937604070100974,0.34022135757650146
MT-ND4L,-0.25819835112724127,0.24082457404847094,0.1524907721701752
MT-ND4,-0.27046015574365967,0.19162238259434622,0.008557555799166306
MT-ND5,-0.06599696459404747,0.4188473881970029,0.21436101904492413
MT-ND6,-0.18277672116711588,-0.1848396295721812,0.18246214680291217
MT-CYB,-0.10776346139388342,0.28122829537498717,0.3926612074476576
ENSG00000276256,-0.07994112558111513,-0.3097859410582657,-0.4551783663991244
ENSG00000271254,-0.42392204618722934,-0.5734167662154945,-1.1097293633220353
ENSG00000278817,0.2935457283307379,0.6932048184118713,0.9414198614041567
